dataset,trial_id,block,cue,model,stage,channel,n_samples,MSE,zero_MSE,baseline_MSE,normalized_MSE
A1,2,0,1,M0,encoding,0,205,420.4909178429609,422.81811291075206,511.4531195924576,0.11813601902182375
A1,2,0,1,M0,encoding,1,205,72205.37028395991,72675.77546396322,64021.56250278663,0.9503301554382262
A1,2,0,1,M0,encoding,2,205,112056.7301996154,112730.07936829781,99792.82370737057,1.398731366221621
A1,2,0,1,M0,maintenance,0,362,1010.8103271289931,1006.6197004443605,1705.0775590878281,0.2839849874659203
A1,2,0,1,M0,maintenance,1,362,120823.0561398605,120172.68903493244,104924.17946293092,1.590211271964383
A1,2,0,1,M0,maintenance,2,362,801028.0259400193,799035.9333558244,752711.2323186898,9.998712465632314
A1,2,0,1,M0,retrieval,0,277,542.5220378032895,544.2293924532466,664.8440393473353,0.15242039972341084
A1,2,0,1,M0,retrieval,1,277,89602.36117055832,89719.0375052592,55930.38000276752,1.1793004520851387
A1,2,0,1,M0,retrieval,2,277,1196035.4062239428,1196629.794008048,1054871.7142536282,14.929332979972934
A1,5,0,1,M0,encoding,0,205,112.38763438072704,111.03327415518118,80.5767437958299,0.031575064168158466
A1,5,0,1,M0,encoding,1,205,18224.516552370304,17945.32660479321,22909.492657979023,0.23986176623552333
A1,5,0,1,M0,encoding,2,205,43565.30531136711,43044.30590487275,52348.69422152261,0.5437974043101226
A1,5,0,1,M0,maintenance,0,363,270.99012577381194,270.94345967771807,454.0200394765904,0.07613409302004824
A1,5,0,1,M0,maintenance,1,363,7023.170119523631,7169.044879998665,9894.751035870813,0.09243537322927725
A1,5,0,1,M0,maintenance,2,363,95425.04130603874,96187.64712850118,113452.04596099514,1.1911287984218581
A1,5,0,1,M0,retrieval,0,284,729.4091686114941,730.8266277952056,870.0645656240454,0.20492593718745072
A1,5,0,1,M0,retrieval,1,284,29129.255470430962,29162.178504771855,12744.390103284895,0.3833843628271507
A1,5,0,1,M0,retrieval,2,284,42841.759686498444,42669.510271403815,71054.13902798208,0.5347658543211716
A1,6,0,-1,M0,encoding,0,205,62.13717457583244,61.70509638837528,68.89019765753893,0.01745730555919974
A1,6,0,-1,M0,encoding,1,205,42125.615669531355,42106.31207949606,49614.3106913724,0.5544358089948042
A1,6,0,-1,M0,encoding,2,205,81831.90192966172,81576.55387173094,94612.50060025198,1.0214544702731503
A1,6,0,-1,M0,maintenance,0,362,942.8175239231472,936.4228198451406,1530.1436393708943,0.26488255563676777
A1,6,0,-1,M0,maintenance,1,362,57381.348941173324,57376.304593775836,51285.07932223722,0.7552239680243588
A1,6,0,-1,M0,maintenance,2,362,44367.80590964241,44389.12989779392,41608.480335126515,0.55381449793957
A1,6,0,-1,M0,retrieval,0,278,2096.438438355613,2099.5218125504175,2340.3957700815977,0.5889898704641121
A1,6,0,-1,M0,retrieval,1,278,266740.15620201296,266858.19138793775,205797.4760537393,3.5106975161013416
A1,6,0,-1,M0,retrieval,2,278,190390.91168050835,190559.0350167323,136750.34663734716,2.3765260644020785
A1,7,0,-1,M0,encoding,0,205,67.95232714514495,68.81876553416949,80.84516082971453,0.019091060166950086
A1,7,0,-1,M0,encoding,1,205,3634.1785272892844,3638.1866088842257,2017.652142997295,0.047831199135839136
A1,7,0,-1,M0,encoding,2,205,6348.631503961442,6392.982188654882,3792.8863523157643,0.0792458427205124
A1,7,0,-1,M0,maintenance,0,363,96.31402945765504,95.09881273844437,301.2476829049241,0.027059219434383552
A1,7,0,-1,M0,maintenance,1,363,11714.76526206822,11706.198964109757,7306.319451719135,0.15418374905691395
A1,7,0,-1,M0,maintenance,2,363,44832.739096264275,44694.617444834694,34456.17310292099,0.5596179568676228
A1,7,0,-1,M0,retrieval,0,345,131.31584597256008,131.90239900530185,166.69834473148205,0.03689290450614409
A1,7,0,-1,M0,retrieval,1,345,8892.613215009944,8894.456671547305,1015.513704718482,0.11704002715639775
A1,7,0,-1,M0,retrieval,2,345,7586.750543535926,7661.168074242777,9100.59652895661,0.09470047835626615
A1,8,0,-1,M0,encoding,0,205,73.91961825095349,73.34712600363082,60.84848849677102,0.020767557769325967
A1,8,0,-1,M0,encoding,1,205,343.19273102447494,342.31944686478005,1079.3996686477315,0.004516927205513002
A1,8,0,-1,M0,encoding,2,205,686.0769255394106,681.2573689467138,1836.2824475213783,0.008563852556498767
A1,8,0,-1,M0,maintenance,0,362,176.04768323136582,179.48875708075855,74.60124168407958,0.04946021797963261
A1,8,0,-1,M0,maintenance,1,362,18610.21678804761,18608.32043445226,20426.466680471793,0.24493815547751857
A1,8,0,-1,M0,maintenance,2,362,49119.53972592325,49150.852536212304,56313.102708273036,0.6131273042380246
A1,8,0,-1,M0,retrieval,0,240,1117.265289968692,1114.406635825634,957.5179024691527,0.313893280323972
A1,8,0,-1,M0,retrieval,1,240,205185.14244226197,204972.79083103154,265707.23940921895,2.700541906286523
A1,8,0,-1,M0,retrieval,2,240,561661.7814472459,561169.6265935188,665207.2285327711,7.010859138212408
A1,9,0,1,M0,encoding,0,205,61.51307813294662,60.89160109143923,55.39622149450274,0.017281967005809754
A1,9,0,1,M0,encoding,1,205,2323.5854731920767,2256.8311170498882,4009.3365733915475,0.030581843638895732
A1,9,0,1,M0,encoding,2,205,111.63479178181727,133.6175019023245,225.32030832638188,0.0013934645830615486
A1,9,0,1,M0,maintenance,0,362,473.8127743197339,476.37254875518425,180.55008073158294,0.13311667992012063
A1,9,0,1,M0,maintenance,1,362,5913.35279965757,6052.457410062766,9214.176336233064,0.07782852526286434
A1,9,0,1,M0,maintenance,2,362,253.70458183923415,238.52348518827804,664.9495075209298,0.003166829477716592
A1,9,0,1,M0,retrieval,0,275,1181.312143433197,1180.281295438861,1014.3389706940995,0.3318871060598144
A1,9,0,1,M0,retrieval,1,275,131903.22582001943,131811.41295483964,178778.6713938755,1.7360427985255935
A1,9,0,1,M0,retrieval,2,275,6944.17812836615,6876.294695417146,21794.57677573669,0.08667966434031486
A1,10,0,1,M0,encoding,0,205,114.68676736232553,116.17689838659756,128.83113823778254,0.03222100063461328
A1,10,0,1,M0,encoding,1,205,502.9767683730025,480.5922967269523,1471.5477341447076,0.006619922986198108
A1,10,0,1,M0,encoding,2,205,366.3651784994638,435.6430556349127,129.47419700662198,0.004573098516668497
A1,10,0,1,M0,maintenance,0,362,84.19447177111708,84.31903479888761,191.6371193592785,0.02365425576777792
A1,10,0,1,M0,maintenance,1,362,4863.703930110336,4974.449261361922,8612.84088722734,0.06401358366739171
A1,10,0,1,M0,maintenance,2,362,5494.712303982001,5594.20117988077,9574.381112261788,0.06858692408972215
A1,10,0,1,M0,retrieval,0,371,114.2103117540573,114.408574855226,91.84280468053095,0.03208714145617924
A1,10,0,1,M0,retrieval,1,371,16784.76068603617,16765.445991223052,36962.2332251677,0.2209124358620959
A1,10,0,1,M0,retrieval,2,371,46430.92068240152,46397.00386014159,79273.42001634678,0.5795670193600394
A1,11,0,1,M0,encoding,0,205,155.8620793750799,155.18378224554513,126.15681487165213,0.04378911598921156
A1,11,0,1,M0,encoding,1,205,101335.90200944996,100779.25339389872,111826.2001606457,1.333731315681745
A1,11,0,1,M0,encoding,2,205,61405.32589413716,60821.29146857975,71713.88384156859,0.7664827916019734
A1,11,0,1,M0,maintenance,0,362,68.37698375236742,68.90146990328765,136.70966225137252,0.019210366527443977
A1,11,0,1,M0,maintenance,1,362,114908.38018387351,115586.3811584274,130593.5494483163,1.5123653319946173
A1,11,0,1,M0,maintenance,2,362,104707.81072650496,105565.85784331388,123216.15258195082,1.306999578612208
A1,11,0,1,M0,retrieval,0,276,220.98866312543666,221.05775123397805,281.6884651708205,0.0620862896266976
A1,11,0,1,M0,retrieval,1,276,43832.368747091,43839.08865201524,27441.10483084533,0.5768992201110857
A1,11,0,1,M0,retrieval,2,276,27971.277357611856,27858.145385189928,29131.556667342516,0.3491472839130783
A1,12,0,1,M0,encoding,0,205,121.95429524673766,123.73191074864357,147.26479996768686,0.034262796963529914
A1,12,0,1,M0,encoding,1,205,187.66517292268733,189.78539463921547,718.047628203212,0.00246995302776776
A1,12,0,1,M0,encoding,2,205,6526.04151983192,6377.441160927999,10027.159161862455,0.08146033669546478
A1,12,0,1,M0,maintenance,0,363,125.7755306746684,124.75638819792219,391.3773815907888,0.0353363648387093
A1,12,0,1,M0,maintenance,1,363,248.15772133292853,267.39848182962896,969.1387474765071,0.0032661250120326144
A1,12,0,1,M0,maintenance,2,363,59514.22230862986,60048.00950349264,73510.42954078004,0.7428773740861202
A1,12,0,1,M0,retrieval,0,249,547.2852221547163,548.6845563270845,666.2809146992655,0.153758606122805
A1,12,0,1,M0,retrieval,1,249,7046.915455042136,7057.162386663915,2353.013794223684,0.09274789719121371
A1,12,0,1,M0,retrieval,2,249,101683.87750561204,101449.80016819113,148434.9163717457,1.2692537846925755
A1,13,0,-1,M0,encoding,0,205,99.56928478164993,100.18392112741631,92.41112620304395,0.02797377641661063
A1,13,0,-1,M0,encoding,1,205,788.4552532099046,786.9305720338309,1906.760173072437,0.010377244800384417
A1,13,0,-1,M0,encoding,2,205,392.35763323433326,390.6918125197713,1494.9490692960148,0.004897545443309967
A1,13,0,-1,M0,maintenance,0,362,102.4128577766174,104.83340062829073,69.8628407956147,0.028772672133899065
A1,13,0,-1,M0,maintenance,1,362,6394.28771191711,6399.892366580029,10477.020022615565,0.08415834461183883
A1,13,0,-1,M0,maintenance,2,362,4598.425773175632,4644.245591363102,8911.651896142837,0.057399161591855395
A1,13,0,-1,M0,retrieval,0,267,112.01810126720689,111.32966166259536,78.25456336092157,0.03147124463466664
A1,13,0,-1,M0,retrieval,1,267,15525.290994692548,15487.919897151254,35120.63197392284,0.20433593991951907
A1,13,0,-1,M0,retrieval,2,267,11274.976955206179,11230.711479085066,29781.9680483203,0.14073821262301087
A1,16,0,-1,M0,encoding,0,205,88.222441374377,91.3625242234381,113.0497830702246,0.02478590516489463
A1,16,0,-1,M0,encoding,1,205,27744.42720967374,27757.75037387818,22583.870435904817,0.3651579615065136
A1,16,0,-1,M0,encoding,2,205,7715.895503222058,7768.824925130387,4890.246870507546,0.09631251098992084
A1,16,0,-1,M0,maintenance,0,362,507.28372745086665,507.2047754204073,585.1545350729733,0.14252027221662483
A1,16,0,-1,M0,maintenance,1,362,140408.19962338865,140380.0986785255,123976.54728758772,1.847980913997725
A1,16,0,-1,M0,maintenance,2,362,75720.35015735756,75533.90634625364,61898.82971878245,0.9451679398257491
A1,16,0,-1,M0,retrieval,0,233,176.43792265713844,176.89265823889446,217.19855271829636,0.04956985490701889
A1,16,0,-1,M0,retrieval,1,233,151279.08470889102,151475.91253555796,106392.13479128883,1.9910579437592015
A1,16,0,-1,M0,retrieval,2,233,97879.971958704,98108.57561622423,60719.07958923841,1.221772102930788
A1,17,0,1,M0,encoding,0,205,214.60173080511365,216.24214836989506,264.81135841487145,0.060291894727622614
A1,17,0,1,M0,encoding,1,205,20284.315308751135,20537.77945394752,16037.115515688376,0.26697178401709143
A1,17,0,1,M0,encoding,2,205,45928.24605258822,46442.384811684344,37830.526802789784,0.5732924585150887
A1,17,0,1,M0,maintenance,0,363,775.6815167598261,772.6835123741798,1156.08945906314,0.2179260538821883
A1,17,0,1,M0,maintenance,1,363,40290.813605496005,39910.87285585999,31462.570113128964,0.5302870826070601
A1,17,0,1,M0,maintenance,2,363,101159.14859867132,100355.63733570637,84268.56526205222,1.2627039346336486
A1,17,0,1,M0,retrieval,0,334,184.6871055819854,184.21808174156567,245.91228712722284,0.05188744510830875
A1,17,0,1,M0,retrieval,1,334,10072.223637583784,10110.172367667154,2053.226078998309,0.13256545624612542
A1,17,0,1,M0,retrieval,2,334,27651.719817369696,27741.74093966745,11315.902717559966,0.34515845473652546
A1,2,0,1,M1,encoding,0,205,418.8376065245276,422.81811291075206,511.4531195924576,0.11767152476267216
A1,2,0,1,M1,encoding,1,205,71564.63322436753,72675.77546396322,64021.56250278663,0.941897101954215
A1,2,0,1,M1,encoding,2,205,111088.68289886533,112730.07936829781,99792.82370737057,1.3866478606514228
A1,2,0,1,M1,maintenance,0,362,1013.2404675829772,1006.6197004443605,1705.0775590878281,0.2846677301999853
A1,2,0,1,M1,maintenance,1,362,121513.49640483662,120172.68903493244,104924.17946293092,1.5992984936177745
A1,2,0,1,M1,maintenance,2,362,803103.6430716513,799035.9333558244,752711.2323186898,10.024621045876524
A1,2,0,1,M1,retrieval,0,277,541.3374634299563,544.2293924532466,664.8440393473353,0.1520875961008766
A1,2,0,1,M1,retrieval,1,277,89447.01629233579,89719.0375052592,55930.38000276752,1.1772558822465353
A1,2,0,1,M1,retrieval,2,277,1195285.7982266648,1196629.794008048,1054871.7142536282,14.919976110320432
A1,5,0,1,M1,encoding,0,205,113.14633742070465,111.03327415518118,80.5767437958299,0.03178822015550416
A1,5,0,1,M1,encoding,1,205,18557.866350374647,17945.32660479321,22909.492657979023,0.24424914579063017
A1,5,0,1,M1,encoding,2,205,44217.11843802173,43044.30590487275,52348.69422152261,0.5519335641243764
A1,5,0,1,M1,maintenance,0,363,271.22440103762113,270.94345967771807,454.0200394765904,0.07619991215156167
A1,5,0,1,M1,maintenance,1,363,6893.2526344946655,7169.044879998665,9894.751035870813,0.0907254657354693
A1,5,0,1,M1,maintenance,2,363,94662.264917421,96187.64712850118,113452.04596099514,1.1816075562950146
A1,5,0,1,M1,retrieval,0,284,728.4166598635259,730.8266277952056,870.0645656240454,0.20464709398928896
A1,5,0,1,M1,retrieval,1,284,29069.175161198535,29162.178504771855,12744.390103284895,0.38259361652411134
A1,5,0,1,M1,retrieval,2,284,43038.193621346836,42669.510271403815,71054.13902798208,0.5372178115179711
A1,6,0,-1,M1,encoding,0,205,62.8477433455101,61.70509638837528,68.89019765753893,0.017656938326826615
A1,6,0,-1,M1,encoding,1,205,42125.19907965518,42106.31207949606,49614.3106913724,0.5544303260519121
A1,6,0,-1,M1,encoding,2,205,82118.70228822286,81576.55387173094,94612.50060025198,1.0250344128312496
A1,6,0,-1,M1,maintenance,0,362,947.7676571224096,936.4228198451406,1530.1436393708943,0.2662732849128922
A1,6,0,-1,M1,maintenance,1,362,57385.35101547114,57376.304593775836,51285.07932223722,0.7552766412794719
A1,6,0,-1,M1,maintenance,2,362,44378.29120962317,44389.12989779392,41608.480335126515,0.553945379127529
A1,6,0,-1,M1,retrieval,0,278,2094.3773917812427,2099.5218125504175,2340.3957700815977,0.5884108238617177
A1,6,0,-1,M1,retrieval,1,278,266500.24717240466,266858.19138793775,205797.4760537393,3.5075399561511325
A1,6,0,-1,M1,retrieval,2,278,190111.0601817006,190559.0350167323,136750.34663734716,2.3730328599460027
A1,7,0,-1,M1,encoding,0,205,66.86621958181635,68.81876553416949,80.84516082971453,0.018785920582915002
A1,7,0,-1,M1,encoding,1,205,3631.906360857936,3638.1866088842257,2017.652142997295,0.047801294043331596
A1,7,0,-1,M1,encoding,2,205,6274.320746710575,6392.982188654882,3792.8863523157643,0.07831826981320636
A1,7,0,-1,M1,maintenance,0,363,97.3579891694593,95.09881273844437,301.2476829049241,0.0273525176701799
A1,7,0,-1,M1,maintenance,1,363,11713.851034486377,11706.198964109757,7306.319451719135,0.15417171646104824
A1,7,0,-1,M1,maintenance,2,363,44980.59335739054,44694.617444834694,34456.17310292099,0.5614635255567898
A1,7,0,-1,M1,retrieval,0,345,131.0374869543101,131.90239900530185,166.69834473148205,0.03681470013863107
A1,7,0,-1,M1,retrieval,1,345,8884.985966501697,8894.456671547305,1015.513704718482,0.116939641212362
A1,7,0,-1,M1,retrieval,2,345,7524.385313862438,7661.168074242777,9100.59652895661,0.09392201370938123
A1,8,0,-1,M1,encoding,0,205,75.37866393444384,73.34712600363082,60.84848849677102,0.02117747351614573
A1,8,0,-1,M1,encoding,1,205,344.33783309191546,342.31944686478005,1079.3996686477315,0.004531998453281192
A1,8,0,-1,M1,encoding,2,205,707.6996001322547,681.2573689467138,1836.2824475213783,0.00883375435642402
A1,8,0,-1,M1,maintenance,0,362,173.7808673852097,179.48875708075855,74.60124168407958,0.048823360942876134
A1,8,0,-1,M1,maintenance,1,362,18609.29822628167,18608.32043445226,20426.466680471793,0.24492606583733845
A1,8,0,-1,M1,maintenance,2,362,49077.139278854724,49150.852536212304,56313.102708273036,0.612598047002418
A1,8,0,-1,M1,retrieval,0,240,1119.6279347226596,1114.406635825634,957.5179024691527,0.3145570602862797
A1,8,0,-1,M1,retrieval,1,240,205556.12649290505,204972.79083103154,265707.23940921895,2.7054246086274465
A1,8,0,-1,M1,retrieval,2,240,562430.6610808804,561169.6265935188,665207.2285327711,7.020456563181865
A1,9,0,1,M1,encoding,0,205,61.996606762346964,60.89160109143923,55.39622149450274,0.017417813334318973
A1,9,0,1,M1,encoding,1,205,2438.004695407842,2256.8311170498882,4009.3365733915475,0.032087770923885844
A1,9,0,1,M1,encoding,2,205,97.3438630607081,133.6175019023245,225.32030832638188,0.0012150802038364491
A1,9,0,1,M1,maintenance,0,362,472.31611044657177,476.37254875518425,180.55008073158294,0.1326961954238177
A1,9,0,1,M1,maintenance,1,362,5775.713086388553,6052.457410062766,9214.176336233064,0.07601698175036642
A1,9,0,1,M1,maintenance,2,362,272.04244969649625,238.52348518827804,664.9495075209298,0.003395729169112975
A1,9,0,1,M1,retrieval,0,275,1182.3384521777825,1180.281295438861,1014.3389706940995,0.3321754452943325
A1,9,0,1,M1,retrieval,1,275,132075.4169754967,131811.41295483964,178778.6713938755,1.738309090449674
A1,9,0,1,M1,retrieval,2,275,7036.625272337809,6876.294695417146,21794.57677573669,0.08783362198088156
A1,10,0,1,M1,encoding,0,205,114.10136852503003,116.17689838659756,128.83113823778254,0.03205653409028729
A1,10,0,1,M1,encoding,1,205,549.0264995442254,480.5922967269523,1471.5477341447076,0.007226005996502379
A1,10,0,1,M1,encoding,2,205,315.06640673645876,435.6430556349127,129.47419700662198,0.00393276927463422
A1,10,0,1,M1,maintenance,0,362,84.17625644455019,84.31903479888761,191.6371193592785,0.023649138210954494
A1,10,0,1,M1,maintenance,1,362,4741.4114267888235,4974.449261361922,8612.84088722734,0.06240403228314683
A1,10,0,1,M1,maintenance,2,362,5381.197384503623,5594.20117988077,9574.381112261788,0.06716999109403607
A1,10,0,1,M1,retrieval,0,371,114.24384444685809,114.408574855226,91.84280468053095,0.032096562394103155
A1,10,0,1,M1,retrieval,1,371,16802.50508525441,16765.445991223052,36962.2332251677,0.22114597856952767
A1,10,0,1,M1,retrieval,2,371,46460.90370842886,46397.00386014159,79273.42001634678,0.5799412779956784
A1,11,0,1,M1,encoding,0,205,156.73758359348452,155.18378224554513,126.15681487165213,0.04403508701643303
A1,11,0,1,M1,encoding,1,205,102091.42237025496,100779.25339389872,111826.2001606457,1.3436750882723008
A1,11,0,1,M1,encoding,2,205,62158.77449142188,60821.29146857975,71713.88384156859,0.7758876009693401
A1,11,0,1,M1,maintenance,0,362,68.17387589108007,68.90146990328765,136.70966225137252,0.019153303810637602
A1,11,0,1,M1,maintenance,1,362,114213.92678399112,115586.3811584274,130593.5494483163,1.5032252915120403
A1,11,0,1,M1,maintenance,2,362,103870.11269186373,105565.85784331388,123216.15258195082,1.2965431382503696
A1,11,0,1,M1,retrieval,0,276,220.6791250604493,221.05775123397805,281.6884651708205,0.06199932557306025
A1,11,0,1,M1,retrieval,1,276,43780.45785733203,43839.08865201524,27441.10483084533,0.576215995529042
A1,11,0,1,M1,retrieval,2,276,28066.405532370733,27858.145385189928,29131.556667342516,0.35033470711924913
A1,12,0,1,M1,encoding,0,205,121.26087122160021,123.73191074864357,147.26479996768686,0.03406798097500856
A1,12,0,1,M1,encoding,1,205,208.45046001049917,189.78539463921547,718.047628203212,0.0027435183461271394
A1,12,0,1,M1,encoding,2,205,6764.133842868875,6377.441160927999,10027.159161862455,0.08443228848894574
A1,12,0,1,M1,maintenance,0,363,126.41467811799353,124.75638819792219,391.3773815907888,0.035515931938302644
A1,12,0,1,M1,maintenance,1,363,233.45875123504257,267.39848182962896,969.1387474765071,0.0030726646851487434
A1,12,0,1,M1,maintenance,2,363,58957.14929490684,60048.00950349264,73510.42954078004,0.7359237935543491
A1,12,0,1,M1,retrieval,0,249,546.0118805637942,548.6845563270845,666.2809146992655,0.15340086354140012
A1,12,0,1,M1,retrieval,1,249,7010.167017402012,7057.162386663915,2353.013794223684,0.09226423304937341
A1,12,0,1,M1,retrieval,2,249,101974.50739711322,101449.80016819113,148434.9163717457,1.2728815288225368
A1,13,0,-1,M1,encoding,0,205,100.60784329195603,100.18392112741631,92.41112620304395,0.028265557196462388
A1,13,0,-1,M1,encoding,1,205,789.9004003961682,786.9305720338309,1906.760173072437,0.010396265088553456
A1,13,0,-1,M1,encoding,2,205,407.0566838980646,390.6918125197713,1494.9490692960148,0.005081024143611293
A1,13,0,-1,M1,maintenance,0,362,100.76668434762522,104.83340062829073,69.8628407956147,0.028310183249434573
A1,13,0,-1,M1,maintenance,1,362,6394.593063384065,6399.892366580029,10477.020022615565,0.08416236349167998
A1,13,0,-1,M1,maintenance,2,362,4549.692163443403,4644.245591363102,8911.651896142837,0.05679085160101197
A1,13,0,-1,M1,retrieval,0,267,112.5119713557703,111.32966166259536,78.25456336092157,0.03160999637388642
A1,13,0,-1,M1,retrieval,1,267,15596.323232439065,15487.919897151254,35120.63197392284,0.20527082990447865
A1,13,0,-1,M1,retrieval,2,267,11351.929121260568,11230.711479085066,29781.9680483203,0.14169875652043876
A1,16,0,-1,M1,encoding,0,205,87.13383734682115,91.3625242234381,113.0497830702246,0.02448006420460402
A1,16,0,-1,M1,encoding,1,205,27740.935709530342,27757.75037387818,22583.870435904817,0.3651120081672961
A1,16,0,-1,M1,encoding,2,205,7634.026132414346,7768.824925130387,4890.246870507546,0.09529058881998438
A1,16,0,-1,M1,maintenance,0,362,507.63306206757454,507.2047754204073,585.1545350729733,0.14261841702587805
A1,16,0,-1,M1,maintenance,1,362,140406.441474241,140380.0986785255,123976.54728758772,1.8479577741378204
A1,16,0,-1,M1,maintenance,2,362,75921.98311634504,75533.90634625364,61898.82971878245,0.9476847930633676
A1,16,0,-1,M1,retrieval,0,233,175.61115834203414,176.89265823889446,217.19855271829636,0.04933757725080515
A1,16,0,-1,M1,retrieval,1,233,150964.4370762864,151475.91253555796,106392.13479128883,1.9869167125401737
A1,16,0,-1,M1,retrieval,2,233,97556.54945450467,98108.57561622423,60719.07958923841,1.2177350299200038
A1,17,0,1,M1,encoding,0,205,213.3299902901688,216.24214836989506,264.81135841487145,0.05993460196507009
A1,17,0,1,M1,encoding,1,205,19945.21962714817,20537.77945394752,16037.115515688376,0.26250878008069634
A1,17,0,1,M1,encoding,2,205,45282.78691101488,46442.384811684344,37830.526802789784,0.5652356113687832
A1,17,0,1,M1,maintenance,0,363,777.2810171463569,772.6835123741798,1156.08945906314,0.21837543007575255
A1,17,0,1,M1,maintenance,1,363,40696.16009276653,39910.87285585999,31462.570113128964,0.5356220457647758
A1,17,0,1,M1,maintenance,2,363,101966.66848698832,100355.63733570637,84268.56526205222,1.2727836807999402
A1,17,0,1,M1,retrieval,0,334,184.95102874552785,184.21808174156567,245.91228712722284,0.05196159375348874
A1,17,0,1,M1,retrieval,1,334,10032.637478121194,10110.172367667154,2053.226078998309,0.13204444346096364
A1,17,0,1,M1,retrieval,2,334,27562.36072146357,27741.74093966745,11315.902717559966,0.3440430431938323
A1,2,0,1,M2,encoding,0,205,414.91189662169324,422.81811291075206,511.4531195924576,0.11656860500846095
A1,2,0,1,M2,encoding,1,205,71082.69667706554,72675.77546396322,64021.56250278663,0.9355540995970814
A1,2,0,1,M2,encoding,2,205,110464.40317910706,112730.07936829781,99792.82370737057,1.3788553824685736
A1,2,0,1,M2,maintenance,0,362,1018.5714915581603,1006.6197004443605,1705.0775590878281,0.28616546992042613
A1,2,0,1,M2,maintenance,1,362,121973.10865908886,120172.68903493244,104924.17946293092,1.605347675047177
A1,2,0,1,M2,maintenance,2,362,804396.6118529879,799035.9333558244,752711.2323186898,10.040760335205949
A1,2,0,1,M2,retrieval,0,277,539.8908847053588,544.2293924532466,664.8440393473353,0.15168118291934518
A1,2,0,1,M2,retrieval,1,277,88801.32974963392,89719.0375052592,55930.38000276752,1.1687576861971685
A1,2,0,1,M2,retrieval,2,277,1192513.7657103057,1196629.794008048,1054871.7142536282,14.885374629249991
A1,5,0,1,M2,encoding,0,205,114.51487501494377,111.03327415518118,80.5767437958299,0.03217270784930375
A1,5,0,1,M2,encoding,1,205,18798.91684453975,17945.32660479321,22909.492657979023,0.2474217291135534
A1,5,0,1,M2,encoding,2,205,44614.68154313111,43044.30590487275,52348.69422152261,0.5568960860914046
A1,5,0,1,M2,maintenance,0,363,273.5091340925728,270.94345967771807,454.0200394765904,0.07684180298959484
A1,5,0,1,M2,maintenance,1,363,6854.349306676675,7169.044879998665,9894.751035870813,0.09021344003119078
A1,5,0,1,M2,maintenance,2,363,94238.207001279,96187.64712850118,113452.04596099514,1.1763143168140324
A1,5,0,1,M2,retrieval,0,284,726.2390466833788,730.8266277952056,870.0645656240454,0.20403529824970038
A1,5,0,1,M2,retrieval,1,284,28693.97106782376,29162.178504771855,12744.390103284895,0.3776553721390242
A1,5,0,1,M2,retrieval,2,284,43486.819106474264,42669.510271403815,71054.13902798208,0.5428177120024515
A1,6,0,-1,M2,encoding,0,205,63.879641569353446,61.70509638837528,68.89019765753893,0.017946847913520875
A1,6,0,-1,M2,encoding,1,205,41700.63820650634,42106.31207949606,49614.3106913724,0.548842472974145
A1,6,0,-1,M2,encoding,2,205,81858.11163722673,81576.55387173094,94612.50060025198,1.0217816290257333
A1,6,0,-1,M2,maintenance,0,362,959.5162375572957,936.4228198451406,1530.1436393708943,0.26957402331850383
A1,6,0,-1,M2,maintenance,1,362,56844.20849404312,57376.304593775836,51285.07932223722,0.7481544001708055
A1,6,0,-1,M2,maintenance,2,362,44149.84951081375,44389.12989779392,41608.480335126515,0.5510938898068206
A1,6,0,-1,M2,retrieval,0,278,2094.1374419362373,2099.5218125504175,2340.3957700815977,0.5883434104688213
A1,6,0,-1,M2,retrieval,1,278,264671.82054507604,266858.19138793775,205797.4760537393,3.4834751400007105
A1,6,0,-1,M2,retrieval,2,278,188571.00158504097,190559.0350167323,136750.34663734716,2.3538093089720467
A1,7,0,-1,M2,encoding,0,205,65.35478943874362,68.81876553416949,80.84516082971453,0.01836128753483837
A1,7,0,-1,M2,encoding,1,205,3778.819764765741,3638.1866088842257,2017.652142997295,0.04973489312914195
A1,7,0,-1,M2,encoding,2,205,6363.440779095316,6392.982188654882,3792.8863523157643,0.07943069728126796
A1,7,0,-1,M2,maintenance,0,363,100.46587934639851,95.09881273844437,301.2476829049241,0.02822567273127863
A1,7,0,-1,M2,maintenance,1,363,11545.884830279683,11706.198964109757,7306.319451719135,0.1519610311848095
A1,7,0,-1,M2,maintenance,2,363,44801.4921037289,44694.617444834694,34456.17310292099,0.559227920959191
A1,7,0,-1,M2,retrieval,0,345,131.32125998204992,131.90239900530185,166.69834473148205,0.03689442556046638
A1,7,0,-1,M2,retrieval,1,345,8666.609060160146,8894.456671547305,1015.513704718482,0.11406547605634192
A1,7,0,-1,M2,retrieval,2,345,7438.379443925155,7661.168074242777,9100.59652895661,0.09284845830805764
A1,8,0,-1,M2,encoding,0,205,78.62318489185877,73.34712600363082,60.84848849677102,0.022089014701168492
A1,8,0,-1,M2,encoding,1,205,301.69664866428224,342.31944686478005,1079.3996686477315,0.0039707769919713415
A1,8,0,-1,M2,encoding,2,205,677.6433105399339,681.2573689467138,1836.2824475213783,0.00845858121929848
A1,8,0,-1,M2,maintenance,0,362,170.94930568038876,179.48875708075855,74.60124168407958,0.04802783977172181
A1,8,0,-1,M2,maintenance,1,362,18742.709221513294,18608.32043445226,20426.466680471793,0.2466819531257359
A1,8,0,-1,M2,maintenance,2,362,49252.95376265533,49150.852536212304,56313.102708273036,0.6147926249870681
A1,8,0,-1,M2,retrieval,0,240,1120.6369549615008,1114.406635825634,957.5179024691527,0.3148405423522911
A1,8,0,-1,M2,retrieval,1,240,207436.16436525632,204972.79083103154,265707.23940921895,2.7301687055891413
A1,8,0,-1,M2,retrieval,2,240,565475.0157020075,561169.6265935188,665207.2285327711,7.058457264174003
A1,9,0,1,M2,encoding,0,205,62.856832022293275,60.89160109143923,55.39622149450274,0.01765949177102191
A1,9,0,1,M2,encoding,1,205,2529.7554552128004,2256.8311170498882,4009.3365733915475,0.0332953475000341
A1,9,0,1,M2,encoding,2,205,90.99548282049683,133.6175019023245,225.32030832638188,0.0011358374974780984
A1,9,0,1,M2,maintenance,0,362,468.7163899566759,476.37254875518425,180.55008073158294,0.13168486169406898
A1,9,0,1,M2,maintenance,1,362,5709.211891636315,6052.457410062766,9214.176336233064,0.07514172703597073
A1,9,0,1,M2,maintenance,2,362,283.597365987273,238.52348518827804,664.9495075209298,0.00353996168260131
A1,9,0,1,M2,retrieval,0,275,1185.5016857378773,1180.281295438861,1014.3389706940995,0.33306414895990233
A1,9,0,1,M2,retrieval,1,275,132972.80200497003,131811.41295483964,178778.6713938755,1.7501200132549106
A1,9,0,1,M2,retrieval,2,275,7294.2922649623015,6876.294695417146,21794.57677573669,0.09104991165827846
A1,10,0,1,M2,encoding,0,205,113.63145916580642,116.17689838659756,128.83113823778254,0.03192451406644338
A1,10,0,1,M2,encoding,1,205,588.852459385347,480.5922967269523,1471.5477341447076,0.007750174911604489
A1,10,0,1,M2,encoding,2,205,292.09438078115363,435.6430556349127,129.47419700662198,0.0036460243982479133
A1,10,0,1,M2,maintenance,0,362,84.83000174294935,84.31903479888761,191.6371193592785,0.023832806546535416
A1,10,0,1,M2,maintenance,1,362,4647.660060556564,4974.449261361922,8612.84088722734,0.0611701247483794
A1,10,0,1,M2,maintenance,2,362,5284.93046537177,5594.20117988077,9574.381112261788,0.0659683536816345
A1,10,0,1,M2,retrieval,0,371,115.14001155878398,114.408574855226,91.84280468053095,0.032348338616819926
A1,10,0,1,M2,retrieval,1,371,16952.839184520773,16765.445991223052,36962.2332251677,0.22312459909818946
A1,10,0,1,M2,retrieval,2,371,46748.75735908921,46397.00386014159,79273.42001634678,0.5835343681147886
A1,11,0,1,M2,encoding,0,205,159.16512353004148,155.18378224554513,126.15681487165213,0.04471709914071971
A1,11,0,1,M2,encoding,1,205,102662.72745131847,100779.25339389872,111826.2001606457,1.351194313564749
A1,11,0,1,M2,encoding,2,205,62626.71974286056,60821.29146857975,71713.88384156859,0.7817286575457348
A1,11,0,1,M2,maintenance,0,362,68.59126026963638,68.90146990328765,136.70966225137252,0.019270567054128045
A1,11,0,1,M2,maintenance,1,362,113809.40850761533,115586.3811584274,130593.5494483163,1.4979012288425466
A1,11,0,1,M2,maintenance,2,362,103452.8805939071,105565.85784331388,123216.15258195082,1.2913351010234508
A1,11,0,1,M2,retrieval,0,276,218.4448699108279,221.05775123397805,281.6884651708205,0.06137161639396722
A1,11,0,1,M2,retrieval,1,276,43321.90054555992,43839.08865201524,27441.10483084533,0.5701806987130303
A1,11,0,1,M2,retrieval,2,276,27953.29636851556,27858.145385189928,29131.556667342516,0.34892283890741116
A1,12,0,1,M2,encoding,0,205,120.56268842797073,123.73191074864357,147.26479996768686,0.033871828020714013
A1,12,0,1,M2,encoding,1,205,230.0289310383667,189.78539463921547,718.047628203212,0.003027523145844759
A1,12,0,1,M2,encoding,2,205,6922.501746421644,6377.441160927999,10027.159161862455,0.08640909214640943
A1,12,0,1,M2,maintenance,0,363,128.33112780514415,124.75638819792219,391.3773815907888,0.03605435435621595
A1,12,0,1,M2,maintenance,1,363,233.59076857832608,267.39848182962896,969.1387474765071,0.003074402229902961
A1,12,0,1,M2,maintenance,2,363,58598.91370414352,60048.00950349264,73510.42954078004,0.7314521714000617
A1,12,0,1,M2,retrieval,0,249,543.1960474244736,548.6845563270845,666.2809146992655,0.15260976127689588
A1,12,0,1,M2,retrieval,1,249,6795.885190601983,7057.162386663915,2353.013794223684,0.08944396523591833
A1,12,0,1,M2,retrieval,2,249,102831.93147931063,101449.80016819113,148434.9163717457,1.283584196621132
A1,13,0,-1,M2,encoding,0,205,103.29882878519757,100.18392112741631,92.41112620304395,0.029021583783309532
A1,13,0,-1,M2,encoding,1,205,723.3123863089537,786.9305720338309,1906.760173072437,0.00951986770247312
A1,13,0,-1,M2,encoding,2,205,385.52240188184413,390.6918125197713,1494.9490692960148,0.004812225690796424
A1,13,0,-1,M2,maintenance,0,362,98.71622794352194,104.83340062829073,69.8628407956147,0.027734111932600492
A1,13,0,-1,M2,maintenance,1,362,6539.950489428381,6399.892366580029,10477.020022615565,0.08607548359263015
A1,13,0,-1,M2,maintenance,2,362,4605.624047702208,4644.245591363102,8911.651896142837,0.05748901297646263
A1,13,0,-1,M2,retrieval,0,267,112.63917609501279,111.32966166259536,78.25456336092157,0.03164573427179847
A1,13,0,-1,M2,retrieval,1,267,16066.504886978833,15487.919897151254,35120.63197392284,0.21145912037492084
A1,13,0,-1,M2,retrieval,2,267,11750.232914337596,11230.711479085066,29781.9680483203,0.1466705240141845
A1,16,0,-1,M2,encoding,0,205,86.41367130551865,91.3625242234381,113.0497830702246,0.024277735104154926
A1,16,0,-1,M2,encoding,1,205,28134.791833941756,27757.75037387818,22583.870435904817,0.3702957410456155
A1,16,0,-1,M2,encoding,2,205,7730.662481236014,7768.824925130387,4890.246870507546,0.09649683758320649
A1,16,0,-1,M2,maintenance,0,362,508.7806026807027,507.2047754204073,585.1545350729733,0.14294081609313075
A1,16,0,-1,M2,maintenance,1,362,139743.07427566833,140380.0986785255,123976.54728758772,1.83922687433836
A1,16,0,-1,M2,maintenance,2,362,75687.16334661674,75533.90634625364,61898.82971878245,0.9447536904268475
A1,16,0,-1,M2,retrieval,0,233,173.17855338102936,176.89265823889446,217.19855271829636,0.04865414211879318
A1,16,0,-1,M2,retrieval,1,233,149398.22976393512,151475.91253555796,106392.13479128883,1.9663030929057637
A1,16,0,-1,M2,retrieval,2,233,96344.42069111505,98108.57561622423,60719.07958923841,1.2026048140174674
A1,17,0,1,M2,encoding,0,205,210.58186670103666,216.24214836989506,264.81135841487145,0.05916252255306889
A1,17,0,1,M2,encoding,1,205,19692.423520974586,20537.77945394752,16037.115515688376,0.259181607019616
A1,17,0,1,M2,encoding,2,205,44886.78359812788,46442.384811684344,37830.526802789784,0.5602925592747589
A1,17,0,1,M2,maintenance,0,363,778.5010144053264,772.6835123741798,1156.08945906314,0.21871818568182258
A1,17,0,1,M2,maintenance,1,363,40962.90661061836,39910.87285585999,31462.570113128964,0.5391328270096584
A1,17,0,1,M2,maintenance,2,363,102404.51357375695,100355.63733570637,84268.56526205222,1.2782490165751175
A1,17,0,1,M2,retrieval,0,334,184.09401307695995,184.21808174156567,245.91228712722284,0.051720817044580744
A1,17,0,1,M2,retrieval,1,334,9883.347740677493,10110.172367667154,2053.226078998309,0.13007956828849015
A1,17,0,1,M2,retrieval,2,334,27268.433649954157,27741.74093966745,11315.902717559966,0.3403741425078181
A1,2,0,1,M3,encoding,0,205,441.00293099707727,422.81811291075206,511.4531195924576,0.12389882500246462
A1,2,0,1,M3,encoding,1,205,72169.26684838638,72675.77546396322,64021.56250278663,0.9498549804837109
A1,2,0,1,M3,encoding,2,205,113419.3484315878,112730.07936829781,99792.82370737057,1.4157400443960602
A1,2,0,1,M3,maintenance,0,362,1018.5238739169242,1006.6197004443605,1705.0775590878281,0.28615209184653173
A1,2,0,1,M3,maintenance,1,362,120852.17540087452,120172.68903493244,104924.17946293092,1.5905945247852864
A1,2,0,1,M3,maintenance,2,362,801961.8795800614,799035.9333558244,752711.2323186898,10.010369153949563
A1,2,0,1,M3,retrieval,0,277,499.59980934250484,544.2293924532466,664.8440393473353,0.1403614919498164
A1,2,0,1,M3,retrieval,1,277,89518.33179329635,89719.0375052592,55930.38000276752,1.1781945003970484
A1,2,0,1,M3,retrieval,2,277,1189525.350302712,1196629.794008048,1054871.7142536282,14.848072181119878
A1,5,0,1,M3,encoding,0,205,104.7578765704933,111.03327415518118,80.5767437958299,0.029431500120626997
A1,5,0,1,M3,encoding,1,205,18243.38681323307,17945.32660479321,22909.492657979023,0.24011012695811712
A1,5,0,1,M3,encoding,2,205,42705.89437310614,43044.30590487275,52348.69422152261,0.5330699358780326
A1,5,0,1,M3,maintenance,0,363,267.55231580116737,270.94345967771807,454.0200394765904,0.07516824770190172
A1,5,0,1,M3,maintenance,1,363,7024.794614957009,7169.044879998665,9894.751035870813,0.09245675400735011
A1,5,0,1,M3,maintenance,2,363,94978.40746384028,96187.64712850118,113452.04596099514,1.185553758322203
A1,5,0,1,M3,retrieval,0,284,677.1135710813863,730.8266277952056,870.0645656240454,0.19023360153305321
A1,5,0,1,M3,retrieval,1,284,29072.758784524027,29162.178504771855,12744.390103284895,0.3826407823415367
A1,5,0,1,M3,retrieval,2,284,43825.250592010394,42669.510271403815,71054.13902798208,0.5470421323767845
A1,6,0,-1,M3,encoding,0,205,62.09090581349253,61.70509638837528,68.89019765753893,0.01744430644993017
A1,6,0,-1,M3,encoding,1,205,40508.17412154404,42106.31207949606,49614.3106913724,0.533147870553853
A1,6,0,-1,M3,encoding,2,205,80824.36661268576,81576.55387173094,94612.50060025198,1.0088780614495134
A1,6,0,-1,M3,maintenance,0,362,944.2508108756497,936.4228198451406,1530.1436393708943,0.26528523452351566
A1,6,0,-1,M3,maintenance,1,362,56830.10520340472,57376.304593775836,51285.07932223722,0.7479687798723168
A1,6,0,-1,M3,maintenance,2,362,44017.836494242845,44389.12989779392,41608.480335126515,0.5494460570822863
A1,6,0,-1,M3,retrieval,0,278,2138.422079550196,2099.5218125504175,2340.3957700815977,0.6007850841638785
A1,6,0,-1,M3,retrieval,1,278,254255.03728715508,266858.19138793775,205797.4760537393,3.3463747662510106
A1,6,0,-1,M3,retrieval,2,278,182079.87508169338,190559.0350167323,136750.34663734716,2.2727847937450627
A1,7,0,-1,M3,encoding,0,205,68.05997912659421,68.81876553416949,80.84516082971453,0.01912130475961208
A1,7,0,-1,M3,encoding,1,205,4112.144211040875,3638.1866088842257,2017.652142997295,0.054121939017754715
A1,7,0,-1,M3,encoding,2,205,6618.443470623176,6392.982188654882,3792.8863523157643,0.0826137302189199
A1,7,0,-1,M3,maintenance,0,363,96.61801942346709,95.09881273844437,301.2476829049241,0.027144624761489877
A1,7,0,-1,M3,maintenance,1,363,11939.29180619233,11706.198964109757,7306.319451719135,0.15713885260029772
A1,7,0,-1,M3,maintenance,2,363,44867.39386828382,44694.617444834694,34456.17310292099,0.5600505298735159
A1,7,0,-1,M3,retrieval,0,345,136.4169820386304,131.90239900530185,166.69834473148205,0.038326057712937615
A1,7,0,-1,M3,retrieval,1,345,6776.163974820075,8894.456671547305,1015.513704718482,0.08918440467988564
A1,7,0,-1,M3,retrieval,2,345,7599.077372661237,7661.168074242777,9100.59652895661,0.09485434615620027
A1,8,0,-1,M3,encoding,0,205,73.65818712774423,73.34712600363082,60.84848849677102,0.020694109257517967
A1,8,0,-1,M3,encoding,1,205,242.6407905776371,342.31944686478005,1079.3996686477315,0.0031935139909742166
A1,8,0,-1,M3,encoding,2,205,620.3427133844065,681.2573689467138,1836.2824475213783,0.007743335089932659
A1,8,0,-1,M3,maintenance,0,362,175.3762290245568,179.48875708075855,74.60124168407958,0.04927157436432033
A1,8,0,-1,M3,maintenance,1,362,19038.055250069225,18608.32043445226,20426.466680471793,0.25056914650376044
A1,8,0,-1,M3,maintenance,2,362,49357.397795125915,49150.852536212304,56313.102708273036,0.6160963319930735
A1,8,0,-1,M3,retrieval,0,240,1087.3235361717504,1114.406635825634,957.5179024691527,0.30548120899019054
A1,8,0,-1,M3,retrieval,1,240,216253.6950882656,204972.79083103154,265707.23940921895,2.846220535385522
A1,8,0,-1,M3,retrieval,2,240,576092.7088123643,561169.6265935188,665207.2285327711,7.190991029561547
A1,9,0,1,M3,encoding,0,205,58.21204376449679,60.89160109143923,55.39622149450274,0.016354548499499653
A1,9,0,1,M3,encoding,1,205,2329.6134747993956,2256.8311170498882,4009.3365733915475,0.030661181113129803
A1,9,0,1,M3,encoding,2,205,144.83725660933322,133.6175019023245,225.32030832638188,0.001807909381757594
A1,9,0,1,M3,maintenance,0,362,470.4884685392136,476.37254875518425,180.55008073158294,0.13218272336063894
A1,9,0,1,M3,maintenance,1,362,5911.478646064686,6052.457410062766,9214.176336233064,0.07780385861177956
A1,9,0,1,M3,maintenance,2,362,267.33860752524913,238.52348518827804,664.9495075209298,0.003337014163107009
A1,9,0,1,M3,retrieval,0,275,1252.5967801549014,1180.281295438861,1014.3389706940995,0.3519143714355298
A1,9,0,1,M3,retrieval,1,275,132023.57212111738,131811.41295483964,178778.6713938755,1.7376267349915249
A1,9,0,1,M3,retrieval,2,275,7431.486595757554,6876.294695417146,21794.57677573669,0.0927624193622714
A1,10,0,1,M3,encoding,0,205,117.97609308743131,116.17689838659756,128.83113823778254,0.03314512962275754
A1,10,0,1,M3,encoding,1,205,505.758704932402,480.5922967269523,1471.5477341447076,0.006656537412417604
A1,10,0,1,M3,encoding,2,205,437.0304875986497,435.6430556349127,129.47419700662198,0.005455167662936669
A1,10,0,1,M3,maintenance,0,362,83.06604416791974,84.31903479888761,191.6371193592785,0.023337226459559046
A1,10,0,1,M3,maintenance,1,362,4856.329658408758,4974.449261361922,8612.84088722734,0.06391652727470451
A1,10,0,1,M3,maintenance,2,362,5507.856675405902,5594.20117988077,9574.381112261788,0.06875099673905902
A1,10,0,1,M3,retrieval,0,371,128.48800376310794,114.408574855226,91.84280468053095,0.036098428319214115
A1,10,0,1,M3,retrieval,1,371,16825.869217133608,16765.445991223052,36962.2332251677,0.22145348532412387
A1,10,0,1,M3,retrieval,2,371,47780.37231975902,46397.00386014159,79273.42001634678,0.5964113474874858
A1,11,0,1,M3,encoding,0,205,146.00773522633955,155.18378224554513,126.15681487165213,0.041020559194275115
A1,11,0,1,M3,encoding,1,205,101379.01549839602,100779.25339389872,111826.2001606457,1.3342987533735742
A1,11,0,1,M3,encoding,2,205,60386.75485277428,60821.29146857975,71713.88384156859,0.7537686310000947
A1,11,0,1,M3,maintenance,0,362,65.29277232811326,68.90146990328765,136.70966225137252,0.018343863960986424
A1,11,0,1,M3,maintenance,1,362,114888.93731037513,115586.3811584274,130593.5494483163,1.5121094348373665
A1,11,0,1,M3,maintenance,2,362,104099.26088133245,105565.85784331388,123216.15258195082,1.299403446235011
A1,11,0,1,M3,retrieval,0,276,196.1577073477455,221.05775123397805,281.6884651708205,0.05511008600467569
A1,11,0,1,M3,retrieval,1,276,43762.01290554955,43839.08865201524,27441.10483084533,0.5759732325070456
A1,11,0,1,M3,retrieval,2,276,27662.651895948246,27858.145385189928,29131.556667342516,0.3452949127714742
A1,12,0,1,M3,encoding,0,205,126.90188412256421,123.73191074864357,147.26479996768686,0.03565281141745707
A1,12,0,1,M3,encoding,1,205,188.6769014818521,189.78539463921547,718.047628203212,0.0024832688816316924
A1,12,0,1,M3,encoding,2,205,6205.772854150765,6377.441160927999,10027.159161862455,0.07746263100203453
A1,12,0,1,M3,maintenance,0,363,126.43099867796502,124.75638819792219,391.3773815907888,0.03552051716452616
A1,12,0,1,M3,maintenance,1,363,248.98971301214806,267.39848182962896,969.1387474765071,0.0032770752610061546
A1,12,0,1,M3,maintenance,2,363,59301.69201773777,60048.00950349264,73510.42954078004,0.7402244965337108
A1,12,0,1,M3,retrieval,0,249,501.37323310948875,548.6845563270845,666.2809146992655,0.14085973154306353
A1,12,0,1,M3,retrieval,1,249,7020.18169178674,7057.162386663915,2353.013794223684,0.09239604107178609
A1,12,0,1,M3,retrieval,2,249,103536.08983563365,101449.80016819113,148434.9163717457,1.2923737479316297
A1,13,0,-1,M3,encoding,0,205,99.3748206685212,100.18392112741631,92.41112620304395,0.027919142142259393
A1,13,0,-1,M3,encoding,1,205,603.7450907310196,786.9305720338309,1906.760173072437,0.007946184108786895
A1,13,0,-1,M3,encoding,2,205,344.0264554307804,390.6918125197713,1494.9490692960148,0.00429425874879516
A1,13,0,-1,M3,maintenance,0,362,101.93139124516857,104.83340062829073,69.8628407956147,0.02863740514737439
A1,13,0,-1,M3,maintenance,1,362,6316.940266939513,6399.892366580029,10477.020022615565,0.0831403370991118
A1,13,0,-1,M3,maintenance,2,362,4584.523847041169,4644.245591363102,8911.651896142837,0.057225632879206616
A1,13,0,-1,M3,retrieval,0,267,104.87037548494042,111.32966166259536,78.25456336092157,0.029463106448690483
A1,13,0,-1,M3,retrieval,1,267,18710.042833358573,15487.919897151254,35120.63197392284,0.246252014831526
A1,13,0,-1,M3,retrieval,2,267,13424.76329105378,11230.711479085066,29781.9680483203,0.16757259885994755
A1,16,0,-1,M3,encoding,0,205,88.29947717406897,91.3625242234381,113.0497830702246,0.024807548207137868
A1,16,0,-1,M3,encoding,1,205,29087.39146733594,27757.75037387818,22583.870435904817,0.38283337022906416
A1,16,0,-1,M3,encoding,2,205,8015.327044003598,7768.824925130387,4890.246870507546,0.10005012038991962
A1,16,0,-1,M3,maintenance,0,362,507.37390692723005,507.2047754204073,585.1545350729733,0.14254560794656093
A1,16,0,-1,M3,maintenance,1,362,140980.27749224074,140380.0986785255,123976.54728758772,1.8555103103278165
A1,16,0,-1,M3,maintenance,2,362,75788.51467357186,75533.90634625364,61898.82971878245,0.9460187931990576
A1,16,0,-1,M3,retrieval,0,233,185.726939020363,176.89265823889446,217.19855271829636,0.05217958407646021
A1,16,0,-1,M3,retrieval,1,233,142391.69068799354,151475.91253555796,106392.13479128883,1.8740866089664416
A1,16,0,-1,M3,retrieval,2,233,92241.52996376423,98108.57561622423,60719.07958923841,1.1513910944818142
A1,17,0,1,M3,encoding,0,205,226.71937592659188,216.24214836989506,264.81135841487145,0.06369632106318805
A1,17,0,1,M3,encoding,1,205,20265.247527109434,20537.77945394752,16037.115515688376,0.26672082362702404
A1,17,0,1,M3,encoding,2,205,46815.39180052821,46442.384811684344,37830.526802789784,0.5843661225586793
A1,17,0,1,M3,maintenance,0,363,787.5761858353147,772.6835123741798,1156.08945906314,0.22126783557718563
A1,17,0,1,M3,maintenance,1,363,40306.83151354222,39910.87285585999,31462.570113128964,0.5304979021206708
A1,17,0,1,M3,maintenance,2,363,101672.57261607642,100355.63733570637,84268.56526205222,1.269112673100644
A1,17,0,1,M3,retrieval,0,334,162.4503330950036,184.21808174156567,245.91228712722284,0.0456400717025242
A1,17,0,1,M3,retrieval,1,334,10048.473338945485,10110.172367667154,2053.226078998309,0.13225286696214453
A1,17,0,1,M3,retrieval,2,334,26769.972370005,27741.74093966745,11315.902717559966,0.33415217417204857
A1,2,0,1,M2_no_feedback,encoding,0,205,414.9083902496932,422.81811291075206,511.4531195924576,0.11656761990078865
A1,2,0,1,M2_no_feedback,encoding,1,205,71125.36935535831,72675.77546396322,64021.56250278663,0.9361157355645371
A1,2,0,1,M2_no_feedback,encoding,2,205,110495.12882508124,112730.07936829781,99792.82370737057,1.3792389107465712
A1,2,0,1,M2_no_feedback,maintenance,0,362,1018.6203876742142,1006.6197004443605,1705.0775590878281,0.28617920717907097
A1,2,0,1,M2_no_feedback,maintenance,1,362,121938.72968836485,120172.68903493244,104924.17946293092,1.604895196617062
A1,2,0,1,M2_no_feedback,maintenance,2,362,804339.1172203977,799035.9333558244,752711.2323186898,10.040042667058307
A1,2,0,1,M2_no_feedback,retrieval,0,277,540.2347373911712,544.2293924532466,664.8440393473353,0.15177778759190325
A1,2,0,1,M2_no_feedback,retrieval,1,277,89012.92632962018,89719.0375052592,55930.38000276752,1.1715426121653856
A1,2,0,1,M2_no_feedback,retrieval,2,277,1193383.692760755,1196629.794008048,1054871.7142536282,14.896233363478805
A1,5,0,1,M2_no_feedback,encoding,0,205,114.55719049697605,111.03327415518118,80.5767437958299,0.032184596292973176
A1,5,0,1,M2_no_feedback,encoding,1,205,18778.971518589784,17945.32660479321,22909.492657979023,0.24715921893410617
A1,5,0,1,M2_no_feedback,encoding,2,205,44597.17187936369,43044.30590487275,52348.69422152261,0.5566775243336249
A1,5,0,1,M2_no_feedback,maintenance,0,363,273.3647736947208,270.94345967771807,454.0200394765904,0.07680124524629298
A1,5,0,1,M2_no_feedback,maintenance,1,363,6852.764541908561,7169.044879998665,9894.751035870813,0.09019258216781452
A1,5,0,1,M2_no_feedback,maintenance,2,363,94253.85866351702,96187.64712850118,113452.04596099514,1.176509686345758
A1,5,0,1,M2_no_feedback,retrieval,0,284,726.8119678580364,730.8266277952056,870.0645656240454,0.20419625922154377
A1,5,0,1,M2_no_feedback,retrieval,1,284,28821.263862887015,29162.178504771855,12744.390103284895,0.37933073480585755
A1,5,0,1,M2_no_feedback,retrieval,2,284,43356.44349491808,42669.510271403815,71054.13902798208,0.5411903179409873
A1,6,0,-1,M2_no_feedback,encoding,0,205,63.9233007834599,61.70509638837528,68.89019765753893,0.017959113875826594
A1,6,0,-1,M2_no_feedback,encoding,1,205,41662.76617576288,42106.31207949606,49614.3106913724,0.5483440206745216
A1,6,0,-1,M2_no_feedback,encoding,2,205,81817.4049966938,81576.55387173094,94612.50060025198,1.0212735144767415
A1,6,0,-1,M2_no_feedback,maintenance,0,362,959.3810234109843,936.4228198451406,1530.1436393708943,0.2695360351949015
A1,6,0,-1,M2_no_feedback,maintenance,1,362,56855.76086477722,57376.304593775836,51285.07932223722,0.7483064465661394
A1,6,0,-1,M2_no_feedback,maintenance,2,362,44161.676724519035,44389.12989779392,41608.480335126515,0.5512415212320384
A1,6,0,-1,M2_no_feedback,retrieval,0,278,2094.962027072502,2099.5218125504175,2340.3957700815977,0.5885750758894269
A1,6,0,-1,M2_no_feedback,retrieval,1,278,265101.1624330405,266858.19138793775,205797.4760537393,3.4891259183503105
A1,6,0,-1,M2_no_feedback,retrieval,2,278,188951.6153988643,190559.0350167323,136750.34663734716,2.3585602639469383
A1,7,0,-1,M2_no_feedback,encoding,0,205,65.31329032776209,68.81876553416949,80.84516082971453,0.01834962844885988
A1,7,0,-1,M2_no_feedback,encoding,1,205,3787.2474215879515,3638.1866088842257,2017.652142997295,0.049845813638050546
A1,7,0,-1,M2_no_feedback,encoding,2,205,6372.091862660531,6392.982188654882,3792.8863523157643,0.07953868313729745
A1,7,0,-1,M2_no_feedback,maintenance,0,363,100.39095555949439,95.09881273844437,301.2476829049241,0.028204623054485855
A1,7,0,-1,M2_no_feedback,maintenance,1,363,11529.194944085208,11706.198964109757,7306.319451719135,0.15174136743848332
A1,7,0,-1,M2_no_feedback,maintenance,2,363,44782.871705205915,44694.617444834694,34456.17310292099,0.5589954946210385
A1,7,0,-1,M2_no_feedback,retrieval,0,345,131.35871152643745,131.90239900530185,166.69834473148205,0.036904947491315364
A1,7,0,-1,M2_no_feedback,retrieval,1,345,8726.30978265753,8894.456671547305,1015.513704718482,0.11485122643290799
A1,7,0,-1,M2_no_feedback,retrieval,2,345,7436.155812620536,7661.168074242777,9100.59652895661,0.09282070216304841
A1,8,0,-1,M2_no_feedback,encoding,0,205,78.61167868132591,73.34712600363082,60.84848849677102,0.022085782056065578
A1,8,0,-1,M2_no_feedback,encoding,1,205,299.7465362152057,342.31944686478005,1079.3996686477315,0.0039451106092692695
A1,8,0,-1,M2_no_feedback,encoding,2,205,675.5749019838388,681.2573689467138,1836.2824475213783,0.008432762619019702
A1,8,0,-1,M2_no_feedback,maintenance,0,362,170.81663201317298,179.48875708075855,74.60124168407958,0.047990565390257645
A1,8,0,-1,M2_no_feedback,maintenance,1,362,18729.18803026801,18608.32043445226,20426.466680471793,0.2465039941217545
A1,8,0,-1,M2_no_feedback,maintenance,2,362,49250.98132831384,49150.852536212304,56313.102708273036,0.6147680043705614
A1,8,0,-1,M2_no_feedback,retrieval,0,240,1120.1557559810526,1114.406635825634,957.5179024691527,0.3147053505336447
A1,8,0,-1,M2_no_feedback,retrieval,1,240,207023.50826875374,204972.79083103154,265707.23940921895,2.7247375370930915
A1,8,0,-1,M2_no_feedback,retrieval,2,240,564772.7912322964,561169.6265935188,665207.2285327711,7.049691852313745
A1,9,0,1,M2_no_feedback,encoding,0,205,62.88469994977939,60.89160109143923,55.39622149450274,0.01766732120531382
A1,9,0,1,M2_no_feedback,encoding,1,205,2521.253950866204,2256.8311170498882,4009.3365733915475,0.033183455047777616
A1,9,0,1,M2_no_feedback,encoding,2,205,91.29316679886377,133.6175019023245,225.32030832638188,0.001139553293191767
A1,9,0,1,M2_no_feedback,maintenance,0,362,468.7137591316852,476.37254875518425,180.55008073158294,0.1316841225694459
A1,9,0,1,M2_no_feedback,maintenance,1,362,5711.894369222086,6052.457410062766,9214.176336233064,0.07517703243404596
A1,9,0,1,M2_no_feedback,maintenance,2,362,283.1522042308454,238.52348518827804,664.9495075209298,0.003534405017592002
A1,9,0,1,M2_no_feedback,retrieval,0,275,1184.6151117204358,1180.281295438861,1014.3389706940995,0.3328150678964492
A1,9,0,1,M2_no_feedback,retrieval,1,275,132678.05605700257,131811.41295483964,178778.6713938755,1.7462407178306898
A1,9,0,1,M2_no_feedback,retrieval,2,275,7219.151174851316,6876.294695417146,21794.57677573669,0.09011197424529936
A1,10,0,1,M2_no_feedback,encoding,0,205,113.55179313188373,116.17689838659756,128.83113823778254,0.03190213206554984
A1,10,0,1,M2_no_feedback,encoding,1,205,585.0197090977789,480.5922967269523,1471.5477341447076,0.007699730212516096
A1,10,0,1,M2_no_feedback,encoding,2,205,292.66587349193935,435.6430556349127,129.47419700662198,0.0036531579704904642
A1,10,0,1,M2_no_feedback,maintenance,0,362,84.77182059569134,84.31903479888761,191.6371193592785,0.023816460678342963
A1,10,0,1,M2_no_feedback,maintenance,1,362,4655.943424289597,4974.449261361922,8612.84088722734,0.061279146145444545
A1,10,0,1,M2_no_feedback,maintenance,2,362,5290.937460337823,5594.20117988077,9574.381112261788,0.06604333509739407
A1,10,0,1,M2_no_feedback,retrieval,0,371,114.87909083612541,114.408574855226,91.84280468053095,0.032275033500948944
A1,10,0,1,M2_no_feedback,retrieval,1,371,16886.381251316958,16765.445991223052,36962.2332251677,0.2222499137701687
A1,10,0,1,M2_no_feedback,retrieval,2,371,46620.59802198217,46397.00386014159,79273.42001634678,0.581934638367486
A1,11,0,1,M2_no_feedback,encoding,0,205,159.13909254510753,155.18378224554513,126.15681487165213,0.044709785791487114
A1,11,0,1,M2_no_feedback,encoding,1,205,102612.35441040611,100779.25339389872,111826.2001606457,1.3505313293627168
A1,11,0,1,M2_no_feedback,encoding,2,205,62605.44341327762,60821.29146857975,71713.88384156859,0.7814630789455674
A1,11,0,1,M2_no_feedback,maintenance,0,362,68.51491438754573,68.90146990328765,136.70966225137252,0.019249117842751108
A1,11,0,1,M2_no_feedback,maintenance,1,362,113834.31085934276,115586.3811584274,130593.5494483163,1.4982289808600882
A1,11,0,1,M2_no_feedback,maintenance,2,362,103464.8003571465,105565.85784331388,123216.15258195082,1.2914838876843786
A1,11,0,1,M2_no_feedback,retrieval,0,276,218.94017442433824,221.05775123397805,281.6884651708205,0.06151077113179082
A1,11,0,1,M2_no_feedback,retrieval,1,276,43477.02314012205,43839.08865201524,27441.10483084533,0.5722223429677783
A1,11,0,1,M2_no_feedback,retrieval,2,276,28003.569110141798,27858.145385189928,29131.556667342516,0.3495503608818015
A1,12,0,1,M2_no_feedback,encoding,0,205,120.47988594550893,123.73191074864357,147.26479996768686,0.033848564841348946
A1,12,0,1,M2_no_feedback,encoding,1,205,227.70004670008623,189.78539463921547,718.047628203212,0.0029968715612535874
A1,12,0,1,M2_no_feedback,encoding,2,205,6914.624446240755,6377.441160927999,10027.159161862455,0.08631076492568358
A1,12,0,1,M2_no_feedback,maintenance,0,363,128.30111164002648,124.75638819792219,391.3773815907888,0.036045921379181646
A1,12,0,1,M2_no_feedback,maintenance,1,363,232.7069509519829,267.39848182962896,969.1387474765071,0.0030627698743189
A1,12,0,1,M2_no_feedback,maintenance,2,363,58615.65047819687,60048.00950349264,73510.42954078004,0.731661085677643
A1,12,0,1,M2_no_feedback,retrieval,0,249,543.7350908092039,548.6845563270845,666.2809146992655,0.15276120435651988
A1,12,0,1,M2_no_feedback,retrieval,1,249,6863.499165209599,7057.162386663915,2353.013794223684,0.09033386578965771
A1,12,0,1,M2_no_feedback,retrieval,2,249,102575.36125427377,101449.80016819113,148434.9163717457,1.2803815971810244
A1,13,0,-1,M2_no_feedback,encoding,0,205,103.26433670141567,100.18392112741631,92.41112620304395,0.029011893306552832
A1,13,0,-1,M2_no_feedback,encoding,1,205,720.2143546562091,786.9305720338309,1906.760173072437,0.009479092994296605
A1,13,0,-1,M2_no_feedback,encoding,2,205,384.2230225903471,390.6918125197713,1494.9490692960148,0.00479600638323321
A1,13,0,-1,M2_no_feedback,maintenance,0,362,98.62049425827462,104.83340062829073,69.8628407956147,0.027707215759623868
A1,13,0,-1,M2_no_feedback,maintenance,1,362,6549.172550358651,6399.892366580029,10477.020022615565,0.08619685964212422
A1,13,0,-1,M2_no_feedback,maintenance,2,362,4611.915232833075,4644.245591363102,8911.651896142837,0.057567541753427424
A1,13,0,-1,M2_no_feedback,retrieval,0,267,112.51604747495645,111.32966166259536,78.25456336092157,0.0316111415508053
A1,13,0,-1,M2_no_feedback,retrieval,1,267,15958.29483689638,15487.919897151254,35120.63197392284,0.2100349150379713
A1,13,0,-1,M2_no_feedback,retrieval,2,267,11652.248672635396,11230.711479085066,29781.9680483203,0.14544745037978382
A1,16,0,-1,M2_no_feedback,encoding,0,205,86.31008273496062,91.3625242234381,113.0497830702246,0.024248632118043678
A1,16,0,-1,M2_no_feedback,encoding,1,205,28161.43531160774,27757.75037387818,22583.870435904817,0.3706464088722903
A1,16,0,-1,M2_no_feedback,encoding,2,205,7740.402641837014,7768.824925130387,4890.246870507546,0.0966184176803625
A1,16,0,-1,M2_no_feedback,maintenance,0,362,508.7498449804877,507.2047754204073,585.1545350729733,0.1429321747834057
A1,16,0,-1,M2_no_feedback,maintenance,1,362,139693.43708542653,140380.0986785255,123976.54728758772,1.838573575026515
A1,16,0,-1,M2_no_feedback,maintenance,2,362,75661.30975621844,75533.90634625364,61898.82971878245,0.9444309768535075
A1,16,0,-1,M2_no_feedback,retrieval,0,233,173.53655136864117,176.89265823889446,217.19855271829636,0.048754720883469556
A1,16,0,-1,M2_no_feedback,retrieval,1,233,149724.39790205786,151475.91253555796,106392.13479128883,1.9705959511264493
A1,16,0,-1,M2_no_feedback,retrieval,2,233,96612.07221806214,98108.57561622423,60719.07958923841,1.2059457341504312
A1,17,0,1,M2_no_feedback,encoding,0,205,210.55725386263043,216.24214836989506,264.81135841487145,0.05915560762905329
A1,17,0,1,M2_no_feedback,encoding,1,205,19714.6773474694,20537.77945394752,16037.115515688376,0.2594745005025902
A1,17,0,1,M2_no_feedback,encoding,2,205,44904.821779167905,46442.384811684344,37830.526802789784,0.560517718170305
A1,17,0,1,M2_no_feedback,maintenance,0,363,778.7257417069505,772.6835123741798,1156.08945906314,0.21878132233389475
A1,17,0,1,M2_no_feedback,maintenance,1,363,40943.24692946292,39910.87285585999,31462.570113128964,0.5388740763409083
A1,17,0,1,M2_no_feedback,maintenance,2,363,102389.28150376196,100355.63733570637,84268.56526205222,1.2780588845407759
A1,17,0,1,M2_no_feedback,retrieval,0,334,184.53955071883576,184.21808174156567,245.91228712722284,0.05184598988685182
A1,17,0,1,M2_no_feedback,retrieval,1,334,9935.948068356314,10110.172367667154,2053.226078998309,0.1307718668998335
A1,17,0,1,M2_no_feedback,retrieval,2,334,27367.621959340926,27741.74093966745,11315.902717559966,0.34161224573691124
A1,2,0,1,M2_no_direct_memory,encoding,0,205,418.38393224649616,422.81811291075206,511.4531195924576,0.11754406594997256
A1,2,0,1,M2_no_direct_memory,encoding,1,205,71393.27525860687,72675.77546396322,64021.56250278663,0.9396417760470631
A1,2,0,1,M2_no_direct_memory,encoding,2,205,110864.23941428956,112730.07936829781,99792.82370737057,1.3838462784415813
A1,2,0,1,M2_no_direct_memory,maintenance,0,362,1013.930942132276,1006.6197004443605,1705.0775590878281,0.2848617175396132
A1,2,0,1,M2_no_direct_memory,maintenance,1,362,121694.80489981109,120172.68903493244,104924.17946293092,1.6016847833014056
A1,2,0,1,M2_no_direct_memory,maintenance,2,362,803577.9722239424,799035.9333558244,752711.2323186898,10.030541788540004
A1,2,0,1,M2_no_direct_memory,retrieval,0,277,540.6124196502263,544.2293924532466,664.8440393473353,0.1518838966103068
A1,2,0,1,M2_no_direct_memory,retrieval,1,277,89187.16131173764,89719.0375052592,55930.38000276752,1.1738358038904235
A1,2,0,1,M2_no_direct_memory,retrieval,2,277,1194173.0245433934,1196629.794008048,1054871.7142536282,14.906086079337687
A1,5,0,1,M2_no_direct_memory,encoding,0,205,113.36547114856396,111.03327415518118,80.5767437958299,0.03184978530505722
A1,5,0,1,M2_no_direct_memory,encoding,1,205,18646.8737090816,17945.32660479321,22909.492657979023,0.24542061512459346
A1,5,0,1,M2_no_direct_memory,encoding,2,205,44368.461272441404,43044.30590487275,52348.69422152261,0.553822678407638
A1,5,0,1,M2_no_direct_memory,maintenance,0,363,271.28160086623757,270.94345967771807,454.0200394765904,0.07621598232039228
A1,5,0,1,M2_no_direct_memory,maintenance,1,363,6860.35667287917,7169.044879998665,9894.751035870813,0.0902925059127802
A1,5,0,1,M2_no_direct_memory,maintenance,2,363,94489.17065764102,96187.64712850118,113452.04596099514,1.1794469330996393
A1,5,0,1,M2_no_direct_memory,retrieval,0,284,727.516182618827,730.8266277952056,870.0645656240454,0.20439410684403936
A1,5,0,1,M2_no_direct_memory,retrieval,1,284,28943.762373039735,29162.178504771855,12744.390103284895,0.38094299754665606
A1,5,0,1,M2_no_direct_memory,retrieval,2,284,43252.82917066275,42669.510271403815,71054.13902798208,0.5398969676436192
A1,6,0,-1,M2_no_direct_memory,encoding,0,205,62.812669112647846,61.70509638837528,68.89019765753893,0.017647084296537816
A1,6,0,-1,M2_no_direct_memory,encoding,1,205,42369.20148808545,42106.31207949606,49614.3106913724,0.5576417609606857
A1,6,0,-1,M2_no_direct_memory,encoding,2,205,82447.25009870151,81576.55387173094,94612.50060025198,1.0291354617106996
A1,6,0,-1,M2_no_direct_memory,maintenance,0,362,947.5222552590473,936.4228198451406,1530.1436393708943,0.2662043397871643
A1,6,0,-1,M2_no_direct_memory,maintenance,1,362,57471.76020981195,57376.304593775836,51285.07932223722,0.7564139149028365
A1,6,0,-1,M2_no_direct_memory,maintenance,2,362,44385.476002613264,44389.12989779392,41608.480335126515,0.5540350622308744
A1,6,0,-1,M2_no_direct_memory,retrieval,0,278,2092.168458313487,2099.5218125504175,2340.3957700815977,0.5877902287546857
A1,6,0,-1,M2_no_direct_memory,retrieval,1,278,266139.58926614444,266858.19138793775,205797.4760537393,3.502793161241441
A1,6,0,-1,M2_no_direct_memory,retrieval,2,278,189735.96377678803,190559.0350167323,136750.34663734716,2.3683507752021984
A1,7,0,-1,M2_no_direct_memory,encoding,0,205,66.9152256981061,68.81876553416949,80.84516082971453,0.018799688745889574
A1,7,0,-1,M2_no_direct_memory,encoding,1,205,3566.7156339953126,3638.1866088842257,2017.652142997295,0.046943287037081935
A1,7,0,-1,M2_no_direct_memory,encoding,2,205,6193.8187385082165,6392.982188654882,3792.8863523157643,0.07731341554237509
A1,7,0,-1,M2_no_direct_memory,maintenance,0,363,97.30627120519326,95.09881273844437,301.2476829049241,0.02733798761934874
A1,7,0,-1,M2_no_direct_memory,maintenance,1,363,11816.570422926916,11706.198964109757,7306.319451719135,0.15552365651757472
A1,7,0,-1,M2_no_direct_memory,maintenance,2,363,45150.59764657992,44694.617444834694,34456.17310292099,0.5635855786566598
A1,7,0,-1,M2_no_direct_memory,retrieval,0,345,130.70073732466514,131.90239900530185,166.69834473148205,0.036720091054426814
A1,7,0,-1,M2_no_direct_memory,retrieval,1,345,8836.756400993196,8894.456671547305,1015.513704718482,0.11630486833735058
A1,7,0,-1,M2_no_direct_memory,retrieval,2,345,7504.333807090241,7661.168074242777,9100.59652895661,0.09367172377666308
A1,8,0,-1,M2_no_direct_memory,encoding,0,205,75.31133297074568,73.34712600363082,60.84848849677102,0.02115855702670285
A1,8,0,-1,M2_no_direct_memory,encoding,1,205,363.53085572793344,342.31944686478005,1079.3996686477315,0.004784607201263308
A1,8,0,-1,M2_no_direct_memory,encoding,2,205,731.2233538638104,681.2573689467138,1836.2824475213783,0.009127386092215228
A1,8,0,-1,M2_no_direct_memory,maintenance,0,362,173.8950544792826,179.48875708075855,74.60124168407958,0.04885544156137475
A1,8,0,-1,M2_no_direct_memory,maintenance,1,362,18628.63669735922,18608.32043445226,20426.466680471793,0.24518058890332078
A1,8,0,-1,M2_no_direct_memory,maintenance,2,362,49030.47888950897,49150.852536212304,56313.102708273036,0.612015615674806
A1,8,0,-1,M2_no_direct_memory,retrieval,0,240,1121.253244507472,1114.406635825634,957.5179024691527,0.3150136875747831
A1,8,0,-1,M2_no_direct_memory,retrieval,1,240,205924.79651904525,204972.79083103154,265707.23940921895,2.710276854961333
A1,8,0,-1,M2_no_direct_memory,retrieval,2,240,563162.4969278474,561169.6265935188,665207.2285327711,7.029591594627584
A1,9,0,1,M2_no_direct_memory,encoding,0,205,62.13139016501357,60.89160109143923,55.39622149450274,0.01745568044142066
A1,9,0,1,M2_no_direct_memory,encoding,1,205,2469.8483832190072,2256.8311170498882,4009.3365733915475,0.032506881256930326
A1,9,0,1,M2_no_direct_memory,encoding,2,205,95.10336930835591,133.6175019023245,225.32030832638188,0.0011871135758467154
A1,9,0,1,M2_no_direct_memory,maintenance,0,362,471.8930785080575,476.37254875518425,180.55008073158294,0.1325773455105032
A1,9,0,1,M2_no_direct_memory,maintenance,1,362,5740.275282017879,6052.457410062766,9214.176336233064,0.075550567493317
A1,9,0,1,M2_no_direct_memory,maintenance,2,362,276.69473217830944,238.52348518827804,664.9495075209298,0.003453800589011124
A1,9,0,1,M2_no_direct_memory,retrieval,0,275,1183.5244019383367,1180.281295438861,1014.3389706940995,0.3325086353289485
A1,9,0,1,M2_no_direct_memory,retrieval,1,275,132370.25955927407,131811.41295483964,178778.6713938755,1.7421896577450018
A1,9,0,1,M2_no_direct_memory,retrieval,2,275,7133.544443313006,6876.294695417146,21794.57677573669,0.08904340102931274
A1,10,0,1,M2_no_direct_memory,encoding,0,205,113.92384855023553,116.17689838659756,128.83113823778254,0.03200666023515943
A1,10,0,1,M2_no_direct_memory,encoding,1,205,562.3598796145862,480.5922967269523,1471.5477341447076,0.007401493125852336
A1,10,0,1,M2_no_direct_memory,encoding,2,205,304.60328311277806,435.6430556349127,129.47419700662198,0.0038021648997338814
A1,10,0,1,M2_no_direct_memory,maintenance,0,362,84.16928237330943,84.31903479888761,191.6371193592785,0.02364717886063848
A1,10,0,1,M2_no_direct_memory,maintenance,1,362,4709.469690578131,4974.449261361922,8612.84088722734,0.06198363148721298
A1,10,0,1,M2_no_direct_memory,maintenance,2,362,5355.48926143808,5594.20117988077,9574.381112261788,0.06684909329490872
A1,10,0,1,M2_no_direct_memory,retrieval,0,371,114.44823141410843,114.408574855226,91.84280468053095,0.03215398447297886
A1,10,0,1,M2_no_direct_memory,retrieval,1,371,16866.242715202116,16765.445991223052,36962.2332251677,0.22198486065734546
A1,10,0,1,M2_no_direct_memory,retrieval,2,371,46582.556890403604,46397.00386014159,79273.42001634678,0.5814597956351422
A1,11,0,1,M2_no_direct_memory,encoding,0,205,156.96764199612485,155.18378224554513,126.15681487165213,0.04409972142987023
A1,11,0,1,M2_no_direct_memory,encoding,1,205,102294.76589021666,100779.25339389872,111826.2001606457,1.3463513916853649
A1,11,0,1,M2_no_direct_memory,encoding,2,205,62333.9356201444,60821.29146857975,71713.88384156859,0.7780740235469978
A1,11,0,1,M2_no_direct_memory,maintenance,0,362,68.11229748041407,68.90146990328765,136.70966225137252,0.019136003488597137
A1,11,0,1,M2_no_direct_memory,maintenance,1,362,114033.03913801572,115586.3811584274,130593.5494483163,1.500844540827699
A1,11,0,1,M2_no_direct_memory,maintenance,2,362,103680.4207474019,105565.85784331388,123216.15258195082,1.2941753369396791
A1,11,0,1,M2_no_direct_memory,retrieval,0,276,220.23838726535183,221.05775123397805,281.6884651708205,0.06187550123741853
A1,11,0,1,M2_no_direct_memory,retrieval,1,276,43659.17268993236,43839.08865201524,27441.10483084533,0.574619702185015
A1,11,0,1,M2_no_direct_memory,retrieval,2,276,28090.541174702696,27858.145385189928,29131.556667342516,0.3506359766629302
A1,12,0,1,M2_no_direct_memory,encoding,0,205,121.05048475319252,123.73191074864357,147.26479996768686,0.03400887334918577
A1,12,0,1,M2_no_direct_memory,encoding,1,205,215.19845963116026,189.78539463921547,718.047628203212,0.0028323320659817772
A1,12,0,1,M2_no_direct_memory,encoding,2,205,6820.753271264361,6377.441160927999,10027.159161862455,0.08513903203119642
A1,12,0,1,M2_no_direct_memory,maintenance,0,363,126.59476145331995,124.75638819792219,391.3773815907888,0.03556652596405894
A1,12,0,1,M2_no_direct_memory,maintenance,1,363,230.10757912114133,267.39848182962896,969.1387474765071,0.0030285582716869813
A1,12,0,1,M2_no_direct_memory,maintenance,2,363,58830.39543134539,60048.00950349264,73510.42954078004,0.73434160742026
A1,12,0,1,M2_no_direct_memory,retrieval,0,249,545.2064322578201,548.6845563270845,666.2809146992655,0.1531745745721074
A1,12,0,1,M2_no_direct_memory,retrieval,1,249,6948.0894675624795,7057.162386663915,2353.013794223684,0.09144720008691894
A1,12,0,1,M2_no_direct_memory,retrieval,2,249,102338.0181446367,101449.80016819113,148434.9163717457,1.277418997331693
A1,13,0,-1,M2_no_direct_memory,encoding,0,205,100.56485365073456,100.18392112741631,92.41112620304395,0.028253479349218666
A1,13,0,-1,M2_no_direct_memory,encoding,1,205,819.1223837044768,786.9305720338309,1906.760173072437,0.010780869887758638
A1,13,0,-1,M2_no_direct_memory,encoding,2,205,423.1184652393467,390.6918125197713,1494.9490692960148,0.005281512925672162
A1,13,0,-1,M2_no_direct_memory,maintenance,0,362,100.84880944851281,104.83340062829073,69.8628407956147,0.028333256119903203
A1,13,0,-1,M2_no_direct_memory,maintenance,1,362,6326.187665954308,6399.892366580029,10477.020022615565,0.08326204663551565
A1,13,0,-1,M2_no_direct_memory,maintenance,2,362,4494.247287476993,4644.245591363102,8911.651896142837,0.05609876923369378
A1,13,0,-1,M2_no_direct_memory,retrieval,0,267,112.92270651885956,111.32966166259536,78.25456336092157,0.0317253915345918
A1,13,0,-1,M2_no_direct_memory,retrieval,1,267,15687.825242557901,15487.919897151254,35120.63197392284,0.2064751325644771
A1,13,0,-1,M2_no_direct_memory,retrieval,2,267,11447.462886612293,11230.711479085066,29781.9680483203,0.14289124245049117
A1,16,0,-1,M2_no_direct_memory,encoding,0,205,87.19505255357093,91.3625242234381,113.0497830702246,0.024497262485285363
A1,16,0,-1,M2_no_direct_memory,encoding,1,205,27548.771046608712,27757.75037387818,22583.870435904817,0.3625828351533518
A1,16,0,-1,M2_no_direct_memory,encoding,2,205,7544.623136276136,7768.824925130387,4890.246870507546,0.09417462929921358
A1,16,0,-1,M2_no_direct_memory,maintenance,0,362,507.6171742082335,507.2047754204073,585.1545350729733,0.14261395336596605
A1,16,0,-1,M2_no_direct_memory,maintenance,1,362,140749.89000017208,140380.0986785255,123976.54728758772,1.8524780679850716
A1,16,0,-1,M2_no_direct_memory,maintenance,2,362,76153.33965058294,75533.90634625364,61898.82971878245,0.9505726663811276
A1,16,0,-1,M2_no_direct_memory,retrieval,0,233,175.29630301868443,176.89265823889446,217.19855271829636,0.049249119324866655
A1,16,0,-1,M2_no_direct_memory,retrieval,1,233,150666.60486845777,151475.91253555796,106392.13479128883,1.9829967973420768
A1,16,0,-1,M2_no_direct_memory,retrieval,2,233,97263.21092776474,98108.57561622423,60719.07958923841,1.2140734756560034
A1,17,0,1,M2_no_direct_memory,encoding,0,205,212.9834074147781,216.24214836989506,264.81135841487145,0.05983723025162185
A1,17,0,1,M2_no_direct_memory,encoding,1,205,19854.970501859083,20537.77945394752,16037.115515688376,0.26132096725005993
A1,17,0,1,M2_no_direct_memory,encoding,2,205,45134.60321091834,46442.384811684344,37830.526802789784,0.563385930506968
A1,17,0,1,M2_no_direct_memory,maintenance,0,363,777.7428642705867,772.6835123741798,1156.08945906314,0.21850518503201435
A1,17,0,1,M2_no_direct_memory,maintenance,1,363,40802.78677521929,39910.87285585999,31462.570113128964,0.5370254116267703
A1,17,0,1,M2_no_direct_memory,maintenance,2,363,102150.84473362465,100355.63733570637,84268.56526205222,1.2750826332379088
A1,17,0,1,M2_no_direct_memory,retrieval,0,334,184.6087224088555,184.21808174156567,245.91228712722284,0.0518654235243959
A1,17,0,1,M2_no_direct_memory,retrieval,1,334,9959.822407817259,10110.172367667154,2053.226078998309,0.13108608874568345
A1,17,0,1,M2_no_direct_memory,retrieval,2,334,27418.41169949143,27741.74093966745,11315.902717559966,0.34224622106801544
A1,24,1,-1,M0,encoding,0,205,577.9207375624105,581.6189010889061,619.7145262829813,0.16542799708133737
A1,24,1,-1,M0,encoding,1,205,881.886178226345,879.1415663850044,1293.5401937089525,0.010572823397023126
A1,24,1,-1,M0,encoding,2,205,990.1288120711213,990.9920912657791,1668.8613392435007,0.010613942062231744
A1,24,1,-1,M0,maintenance,0,362,194.79215652892097,194.5003995780334,404.6731742627773,0.05575864336976456
A1,24,1,-1,M0,maintenance,1,362,2018.950888343804,1965.9431800255443,4559.299525154655,0.024204950385607837
A1,24,1,-1,M0,maintenance,2,362,4742.65783017851,4729.213083493294,7773.964735361351,0.05084014808659925
A1,24,1,-1,M0,retrieval,0,257,1020.3005973665448,1021.2712846513849,1283.0071427628407,0.2920578433560918
A1,24,1,-1,M0,retrieval,1,257,812.6448776434132,809.8788972073231,8289.478252398249,0.009742698080493176
A1,24,1,-1,M0,retrieval,2,257,3991.753337721986,3976.850880323282,11369.64132976809,0.04279063303357141
A1,25,1,-1,M0,encoding,0,205,92.42911053075579,92.55100276374678,108.01101468243436,0.02645754276201457
A1,25,1,-1,M0,encoding,1,205,2541.5082234543256,2519.8975568684377,1844.431812041032,0.03046982510000047
A1,25,1,-1,M0,encoding,2,205,3718.093006603533,3729.286665949172,3919.1954464089704,0.039857060286459196
A1,25,1,-1,M0,maintenance,0,362,92.60803050033152,92.8856593234987,185.5624323822271,0.02650875804169048
A1,25,1,-1,M0,maintenance,1,362,46310.19253905206,46514.01892192398,37176.333419528375,0.55520712228678
A1,25,1,-1,M0,maintenance,2,362,238002.2848466166,238081.34448977598,220451.46328437745,2.551327091226298
A1,25,1,-1,M0,retrieval,0,304,78.32155461506383,78.21874805715152,76.55398125229482,0.02241929916361132
A1,25,1,-1,M0,retrieval,1,304,75448.52088264971,75437.07442377246,44723.3049100805,0.904542906504345
A1,25,1,-1,M0,retrieval,2,304,525380.8665473604,525428.4069164852,463971.4486176237,5.631956175958889
A1,26,1,1,M0,encoding,0,205,870.2109146315005,870.1559723198448,847.9693514899518,0.2490951427924173
A1,26,1,1,M0,encoding,1,205,7854.092467325595,7949.504913306489,6078.638743869288,0.09416173498481809
A1,26,1,1,M0,encoding,2,205,4583.599710744579,4717.175117347586,3049.1359849170844,0.04913508340853189
A1,26,1,1,M0,maintenance,0,362,500.8926820354158,500.9268840101591,281.9637488867098,0.14337895797149805
A1,26,1,1,M0,maintenance,1,362,47126.76711803913,46878.12905639097,37233.04971349786,0.5649969330665483
A1,26,1,1,M0,maintenance,2,362,22248.542142870756,21989.483544271436,16699.131850660873,0.23849900578046102
A1,26,1,1,M0,retrieval,0,219,33.75636394906659,33.59386638676226,42.46148829716426,0.009662653221956235
A1,26,1,1,M0,retrieval,1,219,27278.417189280764,27321.79342320867,10467.690828020386,0.3270375413668885
A1,26,1,1,M0,retrieval,2,219,100632.87937008879,100790.0927371962,75220.9818015968,1.0787601958127397
A1,28,1,-1,M0,encoding,0,205,4033.114824900418,4033.4308759614564,3906.98661429671,1.1544664590103482
A1,28,1,-1,M0,encoding,1,205,16528.8291620597,16580.92409071534,19044.51014581892,0.19816207125673982
A1,28,1,-1,M0,encoding,2,205,22139.606762926716,22148.356276804363,25559.80594020859,0.23733124478092543
A1,28,1,-1,M0,maintenance,0,362,1412.6664614346562,1416.4258169855152,1485.6439631087255,0.4043713403412496
A1,28,1,-1,M0,maintenance,1,362,50050.099891379024,49785.95937964479,60575.75179254309,0.6000444050718525
A1,28,1,-1,M0,maintenance,2,362,56311.88266277495,56259.554661126735,65781.3735791718,0.603649800623066
A1,28,1,-1,M0,retrieval,0,214,2605.667632218403,2607.7157254214876,3017.89889232429,0.7458641807450481
A1,28,1,-1,M0,retrieval,1,214,15344.451316263849,15384.066540308691,4837.153015596356,0.18396271298566344
A1,28,1,-1,M0,retrieval,2,214,16155.31143258147,16216.331875620572,8858.073281729803,0.1731810421555664
A1,29,1,-1,M0,encoding,0,205,766.2183085448847,774.0501476305101,885.8021383081236,0.21932758572440403
A1,29,1,-1,M0,encoding,1,205,2666.5908495646777,2589.4277535175434,1523.3535537837386,0.03196942510343901
A1,29,1,-1,M0,encoding,2,205,6130.4291921665845,6108.627603695714,4098.522859011135,0.06571672237894277
A1,29,1,-1,M0,maintenance,0,363,1480.4870259185448,1473.5546063541713,2186.940160994439,0.4237847640415607
A1,29,1,-1,M0,maintenance,1,363,10566.356506959017,10538.535387315329,14065.608425820788,0.12667873026737778
A1,29,1,-1,M0,maintenance,2,363,23289.43261391904,23280.672474465442,27541.488367366324,0.24965710058403093
A1,29,1,-1,M0,retrieval,0,319,2356.526412654525,2357.663740989889,2746.028713715617,0.6745482886787882
A1,29,1,-1,M0,retrieval,1,319,77667.13134810982,77730.40076878159,115581.87702151283,0.9311415506573509
A1,29,1,-1,M0,retrieval,2,319,143099.14023906566,143181.10313859163,175224.7419693764,1.5339882701479437
A1,30,1,-1,M0,encoding,0,205,102.86460896402396,103.41035770757262,115.3456201466685,0.029444671432361964
A1,30,1,-1,M0,encoding,1,205,227.69432983251494,211.65174046840275,75.77990279656024,0.002729798921063074
A1,30,1,-1,M0,encoding,2,205,293.70140006138456,293.34625794995327,679.2571222742124,0.0031484081725963995
A1,30,1,-1,M0,maintenance,0,362,156.8986420993479,158.969908818432,63.22030594211502,0.04491174380894016
A1,30,1,-1,M0,maintenance,1,362,1145.3942854941038,1178.627479700336,207.9585054896603,0.013731989228864497
A1,30,1,-1,M0,maintenance,2,362,2826.5782656530923,2816.967900484668,5218.077381349808,0.03030023728251068
A1,30,1,-1,M0,retrieval,0,240,120.01841164240902,120.04003068797505,76.84839166499175,0.03435489360466681
A1,30,1,-1,M0,retrieval,1,240,967.0792712457709,974.5547259072022,1195.0930079615093,0.011594192763478228
A1,30,1,-1,M0,retrieval,2,240,7339.203797784153,7319.2265020671075,16669.94130018045,0.07867449461413788
A1,31,1,-1,M0,encoding,0,205,65.29071760086232,66.80926977004641,87.67818056024078,0.018689262971027173
A1,31,1,-1,M0,encoding,1,205,19932.541214761142,19784.196897457514,16725.999284386566,0.23896875052674318
A1,31,1,-1,M0,encoding,2,205,52599.38531134178,52559.724009439386,46695.4197486242,0.5638527244104509
A1,31,1,-1,M0,maintenance,0,363,475.2236082692425,473.00817747833963,738.7392767187245,0.13603126617905292
A1,31,1,-1,M0,maintenance,1,363,82910.92002374849,83222.42392810713,70134.31316851509,0.9940086790551925
A1,31,1,-1,M0,maintenance,2,363,313124.22434291407,313233.45689887414,291822.69525377307,3.356616164421056
A1,31,1,-1,M0,retrieval,0,226,116.13984381541985,116.46614211766666,199.57918761431316,0.03324466573869818
A1,31,1,-1,M0,retrieval,1,226,83479.42570613802,83533.1634444207,50997.61792290789,1.0008244227741807
A1,31,1,-1,M0,retrieval,2,226,351413.84068832156,351616.4747398029,301727.9917088696,3.767071616803191
A1,32,1,1,M0,encoding,0,205,143.24748682531322,143.25568689821932,162.79329769277103,0.04100414346160703
A1,32,1,1,M0,encoding,1,205,184.2020050926383,205.68214184885204,282.8155570254514,0.0022083748643605162
A1,32,1,1,M0,encoding,2,205,2043.4111880690098,2134.42856986377,1093.2594223423584,0.02190487509813288
A1,32,1,1,M0,maintenance,0,362,121.17350795922451,121.16189459563081,343.40343023651906,0.03468553629960243
A1,32,1,1,M0,maintenance,1,362,2273.5695661550794,2226.6366430510357,683.422465209686,0.027257541956434348
A1,32,1,1,M0,maintenance,2,362,14014.356017458595,13797.197377093944,9633.679697147032,0.1502305164695174
A1,32,1,1,M0,retrieval,0,313,193.98005627270183,194.21083242763692,288.80060408682937,0.05552618222053808
A1,32,1,1,M0,retrieval,1,313,8860.26348094293,8866.343035672066,2033.5288910318186,0.1062245937718502
A1,32,1,1,M0,retrieval,2,313,23519.972178597724,23560.207046288622,12091.679717665551,0.2521284291149453
A1,33,1,1,M0,encoding,0,205,98.511784505613,98.494737354288,91.53353410218777,0.028198689094301593
A1,33,1,1,M0,encoding,1,205,986.1324180658952,955.0844931768765,1778.5083146820832,0.011822618564290613
A1,33,1,1,M0,encoding,2,205,115.24393672301741,126.2372624760174,296.04039804857143,0.0012353872066837152
A1,33,1,1,M0,maintenance,0,363,135.43537145908547,135.43988106667317,208.53768983024565,0.038767949959615196
A1,33,1,1,M0,maintenance,1,363,4522.627444031838,4600.66422343845,8315.99881501658,0.054221216339333564
A1,33,1,1,M0,maintenance,2,363,241.16969669185218,227.46241622987768,249.3542803426885,0.0025852809822783465
A1,33,1,1,M0,retrieval,0,276,211.97162093756214,212.11015443188785,186.87540097974244,0.06067621113180516
A1,33,1,1,M0,retrieval,1,276,6703.110703457429,6687.138891714503,20911.75890485023,0.08036275817462822
A1,33,1,1,M0,retrieval,2,276,329.94385767440207,335.86649394345693,950.3472369096185,0.0035369185771091253
A1,34,1,-1,M0,encoding,0,205,603.8251986731786,599.9677792767652,515.2255984905764,0.17284306776231115
A1,34,1,-1,M0,encoding,1,205,326.593366972734,321.547148804628,351.37286828955337,0.0039154871421010415
A1,34,1,-1,M0,encoding,2,205,680.2224547300174,675.7445868640593,397.46170803331614,0.00729182065597224
A1,34,1,-1,M0,maintenance,0,362,305.8863334129132,309.01478126542065,105.01902778156101,0.08755900278727718
A1,34,1,-1,M0,maintenance,1,362,5165.686052114418,5234.791091611258,2490.4754393140315,0.061930765785801464
A1,34,1,-1,M0,maintenance,2,362,7861.658496980683,7877.97422781705,4872.646249705483,0.08427508298184043
A1,34,1,-1,M0,retrieval,0,377,262.1746102622892,261.78057820473225,170.13948136098128,0.07504665924293302
A1,34,1,-1,M0,retrieval,1,377,1540.1432903769746,1541.0357643533646,1113.2471683787303,0.01846458581312122
A1,34,1,-1,M0,retrieval,2,377,4996.1918315656585,4996.504706700434,821.6695904259234,0.05355797143313942
A1,35,1,1,M0,encoding,0,205,176.15302469787846,176.13175279623326,159.14771271735918,0.050423250389838165
A1,35,1,1,M0,encoding,1,205,274.9322844625025,267.9878779154635,746.2915797486423,0.0032961288673424493
A1,35,1,1,M0,encoding,2,205,272.8092001513097,249.35441465240768,834.4862683217575,0.0029244488284235416
A1,35,1,1,M0,maintenance,0,362,307.3870019507784,307.4155921049659,104.91146973377893,0.08798856444576537
A1,35,1,1,M0,maintenance,1,362,353.15338100806423,348.1147046915604,414.55368747395596,0.004233911837658442
A1,35,1,1,M0,maintenance,2,362,173.61656256309422,188.35567386031403,707.3034247571783,0.001861127677149293
A1,35,1,1,M0,retrieval,0,243,239.2459335224635,239.2878013470738,167.38845808710795,0.06848339749739789
A1,35,1,1,M0,retrieval,1,243,1627.5623379989192,1638.9435741960663,654.9802455430533,0.01951264187167252
A1,35,1,1,M0,retrieval,2,243,2684.5021738595187,2707.627447005612,182.54952152348977,0.028777215844955555
A1,37,1,-1,M0,encoding,0,205,993.3380573311234,998.7708596535965,1117.937097024677,0.2843399009041592
A1,37,1,-1,M0,encoding,1,205,464.2275810073938,480.42604802107127,906.5155632470388,0.0055655665676604855
A1,37,1,-1,M0,encoding,2,205,862.6665412473833,861.6532705855853,436.377055305825,0.009247577260854295
A1,37,1,-1,M0,maintenance,0,363,1563.2231247132408,1555.863661391564,2376.337451143381,0.44746771261969887
A1,37,1,-1,M0,maintenance,1,363,1240.2202937500026,1264.7828887925577,411.7025171513996,0.014868846414619087
A1,37,1,-1,M0,maintenance,2,363,7449.858184239314,7467.97204662123,4535.770446244243,0.07986068294887601
A1,37,1,-1,M0,retrieval,0,266,1342.322208039267,1343.4512466518765,1635.1237510329718,0.3842355186116744
A1,37,1,-1,M0,retrieval,1,266,6239.904322430974,6231.664221720488,728.3198550708042,0.0748094346461695
A1,37,1,-1,M0,retrieval,2,266,11478.275389138726,11474.18012427558,4613.1135404223105,0.12304434379585336
A1,24,1,-1,M1,encoding,0,205,576.9068223032947,581.6189010889061,619.7145262829813,0.1651377670210125
A1,24,1,-1,M1,encoding,1,205,862.1132901417534,879.1415663850044,1293.5401937089525,0.010335768707961164
A1,24,1,-1,M1,encoding,2,205,986.731673165028,990.9920912657791,1668.8613392435007,0.010577525552493777
A1,24,1,-1,M1,maintenance,0,362,195.49493220175896,194.5003995780334,404.6731742627773,0.05595981070015912
A1,24,1,-1,M1,maintenance,1,362,2075.3311800304195,1965.9431800255443,4559.299525154655,0.024880886670576176
A1,24,1,-1,M1,maintenance,2,362,4757.266360057543,4729.213083493294,7773.964735361351,0.05099674800355966
A1,24,1,-1,M1,retrieval,0,257,1019.201188125186,1021.2712846513849,1283.0071427628407,0.2917431409117085
A1,24,1,-1,M1,retrieval,1,257,823.7492161259526,809.8788972073231,8289.478252398249,0.009875826609565694
A1,24,1,-1,M1,retrieval,2,257,4019.1372201653107,3976.850880323282,11369.64132976809,0.043084181648811115
A1,25,1,-1,M1,encoding,0,205,91.25706084957865,92.55100276374678,108.01101468243436,0.02612204721974565
A1,25,1,-1,M1,encoding,1,205,2601.0344401200946,2519.8975568684377,1844.431812041032,0.031183477487166662
A1,25,1,-1,M1,encoding,2,205,3711.979410360116,3729.286665949172,3919.1954464089704,0.039791524009231034
A1,25,1,-1,M1,maintenance,0,362,92.41059151060074,92.8856593234987,185.5624323822271,0.02645224175062488
A1,25,1,-1,M1,maintenance,1,362,46081.50995895986,46514.01892192398,37176.333419528375,0.5524654753566137
A1,25,1,-1,M1,maintenance,2,362,237914.8290407649,238081.34448977598,220451.46328437745,2.5503895860805046
A1,25,1,-1,M1,retrieval,0,304,78.5253457127603,78.21874805715152,76.55398125229482,0.02247763372564335
A1,25,1,-1,M1,retrieval,1,304,75408.15052499065,75437.07442377246,44723.3049100805,0.904058911321585
A1,25,1,-1,M1,retrieval,2,304,525241.2289223569,525428.4069164852,463971.4486176237,5.630459294297204
A1,26,1,1,M1,encoding,0,205,871.4104702532195,870.1559723198448,847.9693514899518,0.2494385118238274
A1,26,1,1,M1,encoding,1,205,7729.392364662914,7949.504913306489,6078.638743869288,0.09266672100728322
A1,26,1,1,M1,encoding,2,205,4440.0951305436765,4717.175117347586,3049.1359849170844,0.04759674891977866
A1,26,1,1,M1,maintenance,0,362,499.96852053534303,500.9268840101591,281.9637488867098,0.14311441964296953
A1,26,1,1,M1,maintenance,1,362,47425.62891043589,46878.12905639097,37233.04971349786,0.5685799498198936
A1,26,1,1,M1,maintenance,2,362,22545.03524189928,21989.483544271436,16699.131850660873,0.2416773402926723
A1,26,1,1,M1,retrieval,0,219,33.888311985978255,33.59386638676226,42.46148829716426,0.009700422933348107
A1,26,1,1,M1,retrieval,1,219,27201.402616674863,27321.79342320867,10467.690828020386,0.32611422326160067
A1,26,1,1,M1,retrieval,2,219,100435.83365195962,100790.0927371962,75220.9818015968,1.0766479132386582
A1,28,1,-1,M1,encoding,0,205,4046.0474690802894,4033.4308759614564,3906.98661429671,1.1581683878123243
A1,28,1,-1,M1,encoding,1,205,16381.949122631977,16580.92409071534,19044.51014581892,0.1964011447837336
A1,28,1,-1,M1,encoding,2,205,22119.511894527805,22148.356276804363,25559.80594020859,0.23711583263824873
A1,28,1,-1,M1,maintenance,0,362,1410.0082936771828,1416.4258169855152,1485.6439631087255,0.40361044816444386
A1,28,1,-1,M1,maintenance,1,362,50330.85074096389,49785.95937964479,60575.75179254309,0.6034102919907233
A1,28,1,-1,M1,maintenance,2,362,56367.78506520446,56259.554661126735,65781.3735791718,0.6042490608943485
A1,28,1,-1,M1,retrieval,0,214,2603.5512404185993,2607.7157254214876,3017.89889232429,0.7452583702355349
A1,28,1,-1,M1,retrieval,1,214,15254.262821310469,15384.066540308691,4837.153015596356,0.18288145436847641
A1,28,1,-1,M1,retrieval,2,214,16056.480612111474,16216.331875620572,8858.073281729803,0.17212159959653509
A1,29,1,-1,M1,encoding,0,205,757.5595562337121,774.0501476305101,885.8021383081236,0.21684904505444583
A1,29,1,-1,M1,encoding,1,205,2742.9476831544803,2589.4277535175434,1523.3535537837386,0.032884857657699613
A1,29,1,-1,M1,encoding,2,205,6153.772401106014,6108.627603695714,4098.522859011135,0.06596695594876628
A1,29,1,-1,M1,maintenance,0,363,1489.2338676597726,1473.5546063541713,2186.940160994439,0.4262885200343667
A1,29,1,-1,M1,maintenance,1,363,10607.2126473246,10538.535387315329,14065.608425820788,0.12716854943841657
A1,29,1,-1,M1,maintenance,2,363,23300.24632408807,23280.672474465442,27541.488367366324,0.2497730209489498
A1,29,1,-1,M1,retrieval,0,319,2355.401535775602,2357.663740989889,2746.028713715617,0.674226296203093
A1,29,1,-1,M1,retrieval,1,319,77623.91280218105,77730.40076878159,115581.87702151283,0.9306234089006672
A1,29,1,-1,M1,retrieval,2,319,143031.98035519366,143181.10313859163,175224.7419693764,1.5332683323907215
A1,30,1,-1,M1,encoding,0,205,103.44138938644703,103.41035770757262,115.3456201466685,0.029609773017814013
A1,30,1,-1,M1,encoding,1,205,246.7754081777924,211.65174046840275,75.77990279656024,0.0029585595894467465
A1,30,1,-1,M1,encoding,2,205,292.82831099879405,293.34625794995327,679.2571222742124,0.0031390488684204894
A1,30,1,-1,M1,maintenance,0,362,154.61992970680583,158.969908818432,63.22030594211502,0.04425946953926672
A1,30,1,-1,M1,maintenance,1,362,1108.4206763547952,1178.627479700336,207.9585054896603,0.013288717240446809
A1,30,1,-1,M1,maintenance,2,362,2837.055661296703,2816.967900484668,5218.077381349808,0.0304125524368306
A1,30,1,-1,M1,retrieval,0,240,119.95169781308631,120.04003068797505,76.84839166499175,0.03433579698043244
A1,30,1,-1,M1,retrieval,1,240,949.1421922986791,974.5547259072022,1195.0930079615093,0.01137914736119346
A1,30,1,-1,M1,retrieval,2,240,7376.756041772066,7319.2265020671075,16669.94130018045,0.07907704561269004
A1,31,1,-1,M1,encoding,0,205,64.1654939875249,66.80926977004641,87.67818056024078,0.01836717124369418
A1,31,1,-1,M1,encoding,1,205,20136.938277913818,19784.196897457514,16725.999284386566,0.2414192414233458
A1,31,1,-1,M1,encoding,2,205,52650.551762404684,52559.724009439386,46695.4197486242,0.5644012164253188
A1,31,1,-1,M1,maintenance,0,363,477.87226429214894,473.00817747833963,738.7392767187245,0.13678943565169535
A1,31,1,-1,M1,maintenance,1,363,82572.69415926991,83222.42392810713,70134.31316851509,0.9899537313513638
A1,31,1,-1,M1,maintenance,2,363,313005.9184630339,313233.45689887414,291822.69525377307,3.3553479539222195
A1,31,1,-1,M1,retrieval,0,226,115.85162587092712,116.46614211766666,199.57918761431316,0.03316216425677969
A1,31,1,-1,M1,retrieval,1,226,83323.13485783736,83533.1634444207,50997.61792290789,0.9989506712873651
A1,31,1,-1,M1,retrieval,2,226,351083.7274414757,351616.4747398029,301727.9917088696,3.7635328824150167
A1,32,1,1,M1,encoding,0,205,142.8639633394127,143.25568689821932,162.79329769277103,0.04089436106761684
A1,32,1,1,M1,encoding,1,205,165.69120962070502,205.68214184885204,282.8155570254514,0.0019864512462165274
A1,32,1,1,M1,encoding,2,205,1934.0750773231407,2134.42856986377,1093.2594223423584,0.020732818361051442
A1,32,1,1,M1,maintenance,0,362,121.4778559166043,121.16189459563081,343.40343023651906,0.034772654947079054
A1,32,1,1,M1,maintenance,1,362,2332.4445204642234,2226.6366430510357,683.422465209686,0.027963386440436035
A1,32,1,1,M1,maintenance,2,362,14260.63979725385,13797.197377093944,9633.679697147032,0.1528706191892295
A1,32,1,1,M1,retrieval,0,313,193.78636842748247,194.21083242763692,288.80060408682937,0.05547073968281433
A1,32,1,1,M1,retrieval,1,313,8856.68482976478,8866.343035672066,2033.5288910318186,0.10618168976922455
A1,32,1,1,M1,retrieval,2,313,23478.467001868295,23560.207046288622,12091.679717665551,0.251683503630788
A1,33,1,1,M1,encoding,0,205,98.86303062528559,98.494737354288,91.53353410218777,0.02829923219352505
A1,33,1,1,M1,encoding,1,205,1038.913183236965,955.0844931768765,1778.5083146820832,0.012455400574816975
A1,33,1,1,M1,encoding,2,205,125.33834049204138,126.2372624760174,296.04039804857143,0.0013435967804795517
A1,33,1,1,M1,maintenance,0,363,135.30774865611167,135.43988106667317,208.53768983024565,0.03873141833286147
A1,33,1,1,M1,maintenance,1,363,4430.46986684668,4600.66422343845,8315.99881501658,0.053116350640864556
A1,33,1,1,M1,maintenance,2,363,261.68708640430333,227.46241622987768,249.3542803426885,0.0028052224515308782
A1,33,1,1,M1,retrieval,0,276,212.13374417742253,212.11015443188785,186.87540097974244,0.0607226184003236
A1,33,1,1,M1,retrieval,1,276,6730.512549509288,6687.138891714503,20911.75890485023,0.08069127548923383
A1,33,1,1,M1,retrieval,2,276,323.83465787346364,335.86649394345693,950.3472369096185,0.0034714294286839606
A1,34,1,-1,M1,encoding,0,205,609.2031877851239,599.9677792767652,515.2255984905764,0.17438250026453772
A1,34,1,-1,M1,encoding,1,205,343.74988170933864,321.547148804628,351.37286828955337,0.004121174457422577
A1,34,1,-1,M1,encoding,2,205,686.0261560084251,675.7445868640593,397.46170803331614,0.007354034933917214
A1,34,1,-1,M1,maintenance,0,362,302.2662380504538,309.01478126542065,105.01902778156101,0.08652276185295628
A1,34,1,-1,M1,maintenance,1,362,5088.42942625852,5234.791091611258,2490.4754393140315,0.06100454573428972
A1,34,1,-1,M1,maintenance,2,362,7843.8330858421195,7877.97422781705,4872.646249705483,0.08408399887363799
A1,34,1,-1,M1,retrieval,0,377,262.30931123440837,261.78057820473225,170.13948136098128,0.0750852169733868
A1,34,1,-1,M1,retrieval,1,377,1533.864801218251,1541.0357643533646,1113.2471683787303,0.018389313789685245
A1,34,1,-1,M1,retrieval,2,377,4990.993244417894,4996.504706700434,821.6695904259234,0.05350224383273114
A1,35,1,1,M1,encoding,0,205,176.47954305139356,176.13175279623326,159.14771271735918,0.050516715243617505
A1,35,1,1,M1,encoding,1,205,295.78297293651383,267.9878779154635,746.2915797486423,0.003546105170843928
A1,35,1,1,M1,encoding,2,205,313.3937672871661,249.35441465240768,834.4862683217575,0.003359505599774008
A1,35,1,1,M1,maintenance,0,362,306.63674808496137,307.4155921049659,104.91146973377893,0.08777380663166072
A1,35,1,1,M1,maintenance,1,362,363.2865784607208,348.1147046915604,414.55368747395596,0.004355397478049785
A1,35,1,1,M1,maintenance,2,362,161.84156925515566,188.35567386031403,707.3034247571783,0.0017349025888275026
A1,35,1,1,M1,retrieval,0,243,239.57258863896232,239.2878013470738,167.38845808710795,0.06857690149915198
A1,35,1,1,M1,retrieval,1,243,1609.3248275894007,1638.9435741960663,654.9802455430533,0.019293994634056195
A1,35,1,1,M1,retrieval,2,243,2656.8666630675593,2707.627447005612,182.54952152348977,0.028480969834507194
A1,37,1,-1,M1,encoding,0,205,984.1787504850992,998.7708596535965,1117.937097024677,0.2817180780697994
A1,37,1,-1,M1,encoding,1,205,459.19451893543436,480.42604802107127,906.5155632470388,0.005505225814231164
A1,37,1,-1,M1,encoding,2,205,865.6169555794795,861.6532705855853,436.377055305825,0.009279204990901806
A1,37,1,-1,M1,maintenance,0,363,1572.3263675673393,1555.863661391564,2376.337451143381,0.4500734873123501
A1,37,1,-1,M1,maintenance,1,363,1211.195034502829,1264.7828887925577,411.7025171513996,0.01452086620169595
A1,37,1,-1,M1,maintenance,2,363,7430.272723004581,7467.97204662123,4535.770446244243,0.07965073152813842
A1,37,1,-1,M1,retrieval,0,266,1341.3910629159511,1343.4512466518765,1635.1237510329718,0.38396898124291357
A1,37,1,-1,M1,retrieval,1,266,6230.643199301012,6231.664221720488,728.3198550708042,0.074698404196063
A1,37,1,-1,M1,retrieval,2,266,11461.769938876841,11474.18012427558,4613.1135404223105,0.12286740934989553
A1,24,1,-1,M2,encoding,0,205,577.2475556927319,581.6189010889061,619.7145262829813,0.16523530088420463
A1,24,1,-1,M2,encoding,1,205,785.1129731093598,879.1415663850044,1293.5401937089525,0.009412621510966156
A1,24,1,-1,M2,encoding,2,205,934.7235554518803,990.9920912657791,1668.8613392435007,0.010020011074131717
A1,24,1,-1,M2,maintenance,0,362,203.26900486365807,194.5003995780334,404.6731742627773,0.05818511459744983
A1,24,1,-1,M2,maintenance,1,362,2171.772762293017,1965.9431800255443,4559.299525154655,0.026037112771593734
A1,24,1,-1,M2,maintenance,2,362,4860.984417187798,4729.213083493294,7773.964735361351,0.05210858056086603
A1,24,1,-1,M2,retrieval,0,257,1022.9148626329395,1021.2712846513849,1283.0071427628407,0.29280616858263253
A1,24,1,-1,M2,retrieval,1,257,940.177375007573,809.8788972073231,8289.478252398249,0.011271669284832092
A1,24,1,-1,M2,retrieval,2,257,4198.730044153634,3976.850880323282,11369.64132976809,0.04500937340706056
A1,25,1,-1,M2,encoding,0,205,87.76522589429412,92.55100276374678,108.01101468243436,0.02512252042437964
A1,25,1,-1,M2,encoding,1,205,2811.5122278578647,2519.8975568684377,1844.431812041032,0.033706869432398416
A1,25,1,-1,M2,encoding,2,205,3790.4407644845473,3729.286665949172,3919.1954464089704,0.04063261080182619
A1,25,1,-1,M2,maintenance,0,362,94.21551354465565,92.8856593234987,185.5624323822271,0.026968895017370532
A1,25,1,-1,M2,maintenance,1,362,45409.113583018996,46514.01892192398,37176.333419528375,0.5444041990704618
A1,25,1,-1,M2,maintenance,2,362,237084.79907616577,238081.34448977598,220451.46328437745,2.5414918650499017
A1,25,1,-1,M2,retrieval,0,304,79.15984111551559,78.21874805715152,76.55398125229482,0.0226592560430529
A1,25,1,-1,M2,retrieval,1,304,74515.42017251621,75437.07442377246,44723.3049100805,0.893356078472047
A1,25,1,-1,M2,retrieval,2,304,523575.83958808845,525428.4069164852,463971.4486176237,5.612606722299013
A1,26,1,1,M2,encoding,0,205,878.0355959375858,870.1559723198448,847.9693514899518,0.2513349332552499
A1,26,1,1,M2,encoding,1,205,7645.191568797322,7949.504913306489,6078.638743869288,0.09165724816764063
A1,26,1,1,M2,encoding,2,205,4308.781897335907,4717.175117347586,3049.1359849170844,0.046189102730434674
A1,26,1,1,M2,maintenance,0,362,499.1946264353565,500.9268840101591,281.9637488867098,0.14289289488603865
A1,26,1,1,M2,maintenance,1,362,47626.785933801904,46878.12905639097,37233.04971349786,0.5709915962836097
A1,26,1,1,M2,maintenance,2,362,22839.192473988875,21989.483544271436,16699.131850660873,0.24483063487467174
A1,26,1,1,M2,retrieval,0,219,33.68974987252403,33.59386638676226,42.46148829716426,0.009643585151642065
A1,26,1,1,M2,retrieval,1,219,26819.526893652263,27321.79342320867,10467.690828020386,0.32153596284793967
A1,26,1,1,M2,retrieval,2,219,99997.99203183685,100790.0927371962,75220.9818015968,1.0719543566713108
A1,28,1,-1,M2,encoding,0,205,4098.811410460613,4033.4308759614564,3906.98661429671,1.1732719004107477
A1,28,1,-1,M2,encoding,1,205,15865.794578506575,16580.92409071534,19044.51014581892,0.19021303233186995
A1,28,1,-1,M2,encoding,2,205,21808.299883393036,22148.356276804363,25559.80594020859,0.23377971493822383
A1,28,1,-1,M2,maintenance,0,362,1427.857775310868,1416.4258169855152,1485.6439631087255,0.40871980625402404
A1,28,1,-1,M2,maintenance,1,362,50844.2048408878,49785.95937964479,60575.75179254309,0.609564830266342
A1,28,1,-1,M2,maintenance,2,362,56662.738445524825,56259.554661126735,65781.3735791718,0.6074108899933636
A1,28,1,-1,M2,retrieval,0,214,2612.5616923013586,2607.7157254214876,3017.89889232429,0.7478375838039034
A1,28,1,-1,M2,retrieval,1,214,14708.405215872328,15384.066540308691,4837.153015596356,0.1763372356192648
A1,28,1,-1,M2,retrieval,2,214,15674.642423789415,16216.331875620572,8858.073281729803,0.1680283863109623
A1,29,1,-1,M2,encoding,0,205,739.8465183651008,774.0501476305101,885.8021383081236,0.2117787435643322
A1,29,1,-1,M2,encoding,1,205,2887.318945200741,2589.4277535175434,1523.3535537837386,0.034615706711588166
A1,29,1,-1,M2,encoding,2,205,6285.902998138871,6108.627603695714,4098.522859011135,0.06738336408118016
A1,29,1,-1,M2,maintenance,0,363,1511.0120218006305,1473.5546063541713,2186.940160994439,0.43252244829734354
A1,29,1,-1,M2,maintenance,1,363,10921.122666109179,10538.535387315329,14065.608425820788,0.13093197750102722
A1,29,1,-1,M2,maintenance,2,363,23554.835297357593,23280.672474465442,27541.488367366324,0.25250215333962667
A1,29,1,-1,M2,retrieval,0,319,2358.5629189265724,2357.663740989889,2746.028713715617,0.6751312322067352
A1,29,1,-1,M2,retrieval,1,319,78249.59768165361,77730.40076878159,115581.87702151283,0.9381246668817779
A1,29,1,-1,M2,retrieval,2,319,143546.1970009967,143181.10313859163,175224.7419693764,1.5387806108129323
A1,30,1,-1,M2,encoding,0,205,106.71773425150347,103.41035770757262,115.3456201466685,0.030547616451258
A1,30,1,-1,M2,encoding,1,205,293.1771336804962,211.65174046840275,75.77990279656024,0.003514864089018248
A1,30,1,-1,M2,encoding,2,205,264.87240166531063,293.34625794995327,679.2571222742124,0.002839368262881983
A1,30,1,-1,M2,maintenance,0,362,150.913157922918,158.969908818432,63.22030594211502,0.04319841775138212
A1,30,1,-1,M2,maintenance,1,362,1006.8079056993864,1178.627479700336,207.9585054896603,0.012070494406767118
A1,30,1,-1,M2,maintenance,2,362,2918.95713063835,2816.967900484668,5218.077381349808,0.03129051643485376
A1,30,1,-1,M2,retrieval,0,240,118.29440334579458,120.04003068797505,76.84839166499175,0.033861401641281895
A1,30,1,-1,M2,retrieval,1,240,823.6003614321277,974.5547259072022,1195.0930079615093,0.009874042009207409
A1,30,1,-1,M2,retrieval,2,240,7624.770087110601,7319.2265020671075,16669.94130018045,0.08173569636171384
A1,31,1,-1,M2,encoding,0,205,62.91034935789796,66.80926977004641,87.67818056024078,0.018007890033259755
A1,31,1,-1,M2,encoding,1,205,20681.891177786947,19784.196897457514,16725.999284386566,0.24795261377037833
A1,31,1,-1,M2,encoding,2,205,53117.97258002129,52559.724009439386,46695.4197486242,0.5694118548557732
A1,31,1,-1,M2,maintenance,0,363,482.0906190280033,473.00817747833963,738.7392767187245,0.13799692645376335
A1,31,1,-1,M2,maintenance,1,363,81783.13627484106,83222.42392810713,70134.31316851509,0.980487820352982
A1,31,1,-1,M2,maintenance,2,363,312164.48155955994,313233.45689887414,291822.69525377307,3.346327953258048
A1,31,1,-1,M2,retrieval,0,226,117.48140030929973,116.46614211766666,199.57918761431316,0.03362868207403525
A1,31,1,-1,M2,retrieval,1,226,82066.93419482464,83533.1634444207,50997.61792290789,0.9838902382188156
A1,31,1,-1,M2,retrieval,2,226,349330.32541643624,351616.4747398029,301727.9917088696,3.7447368355990065
A1,32,1,1,M2,encoding,0,205,142.65455808433802,143.25568689821932,162.79329769277103,0.04083441947065769
A1,32,1,1,M2,encoding,1,205,155.53267172331383,205.68214184885204,282.8155570254514,0.00186466180239386
A1,32,1,1,M2,encoding,2,205,1835.3065625503534,2134.42856986377,1093.2594223423584,0.01967404370406696
A1,32,1,1,M2,maintenance,0,362,122.95021508546542,121.16189459563081,343.40343023651906,0.035194113137550616
A1,32,1,1,M2,maintenance,1,362,2373.4148680405106,2226.6366430510357,683.422465209686,0.028454574827479286
A1,32,1,1,M2,maintenance,2,362,14490.925348969367,13797.197377093944,9633.679697147032,0.15533922476244255
A1,32,1,1,M2,retrieval,0,313,193.72807596082012,194.21083242763692,288.80060408682937,0.05545405364720753
A1,32,1,1,M2,retrieval,1,313,8743.172629148243,8866.343035672066,2033.5288910318186,0.10482080615390374
A1,32,1,1,M2,retrieval,2,313,23333.03105124347,23560.207046288622,12091.679717665551,0.25012446531690585
A1,33,1,1,M2,encoding,0,205,100.87978184600003,98.494737354288,91.53353410218777,0.028876520900037513
A1,33,1,1,M2,encoding,1,205,1076.250218714763,955.0844931768765,1778.5083146820832,0.012903029636278261
A1,33,1,1,M2,encoding,2,205,142.7061063739154,126.2372624760174,296.04039804857143,0.0015297750419069902
A1,33,1,1,M2,maintenance,0,363,136.13064681027086,135.43988106667317,208.53768983024565,0.03896697034647957
A1,33,1,1,M2,maintenance,1,363,4369.530071928574,4600.66422343845,8315.99881501658,0.05238575104034039
A1,33,1,1,M2,maintenance,2,363,289.6435850942001,227.46241622987768,249.3542803426885,0.003104909374827993
A1,33,1,1,M2,retrieval,0,276,213.79556354106057,212.11015443188785,186.87540097974244,0.06119830897685001
A1,33,1,1,M2,retrieval,1,276,6910.664088696695,6687.138891714503,20911.75890485023,0.0828510898230531
A1,33,1,1,M2,retrieval,2,276,310.6348244051128,335.86649394345693,950.3472369096185,0.0033299303974911186
A1,34,1,-1,M2,encoding,0,205,624.3773620464473,599.9677792767652,515.2255984905764,0.17872606001635027
A1,34,1,-1,M2,encoding,1,205,403.30155013418613,321.547148804628,351.37286828955337,0.0048351319825538875
A1,34,1,-1,M2,encoding,2,205,736.1912960997761,675.7445868640593,397.46170803331614,0.007891793136670221
A1,34,1,-1,M2,maintenance,0,362,294.05648323957286,309.01478126542065,105.01902778156101,0.08417274530809014
A1,34,1,-1,M2,maintenance,1,362,4866.700700804294,5234.791091611258,2490.4754393140315,0.058346267700054716
A1,34,1,-1,M2,maintenance,2,362,7701.740316647735,7877.97422781705,4872.646249705483,0.08256079865836848
A1,34,1,-1,M2,retrieval,0,377,259.53783935996057,261.78057820473225,170.13948136098128,0.07429189184874953
A1,34,1,-1,M2,retrieval,1,377,1434.9045541627856,1541.0357643533646,1113.2471683787303,0.017202891730607836
A1,34,1,-1,M2,retrieval,2,377,4875.847385860324,4996.504706700434,821.6695904259234,0.05226790800032614
A1,35,1,1,M2,encoding,0,205,179.59665310921986,176.13175279623326,159.14771271735918,0.051408978213316865
A1,35,1,1,M2,encoding,1,205,311.77794329233933,267.9878779154635,746.2915797486423,0.0037378668754585545
A1,35,1,1,M2,encoding,2,205,353.30520263689544,249.35441465240768,834.4862683217575,0.00378734656072577
A1,35,1,1,M2,maintenance,0,362,303.5349960333966,307.4155921049659,104.91146973377893,0.08688593984304618
A1,35,1,1,M2,maintenance,1,362,372.1700641786759,348.1147046915604,414.55368747395596,0.004461900480324768
A1,35,1,1,M2,maintenance,2,362,165.2348026108287,188.35567386031403,707.3034247571783,0.0017712772320069184
A1,35,1,1,M2,retrieval,0,243,240.71889531010694,239.2878013470738,167.38845808710795,0.0689050281856043
A1,35,1,1,M2,retrieval,1,243,1519.5658732371853,1638.9435741960663,654.9802455430533,0.01821788572556181
A1,35,1,1,M2,retrieval,2,243,2588.7810140585507,2707.627447005612,182.54952152348977,0.027751108098295903
A1,37,1,-1,M2,encoding,0,205,959.2722459235389,998.7708596535965,1117.937097024677,0.27458866931853243
A1,37,1,-1,M2,encoding,1,205,464.6021099625762,480.42604802107127,906.5155632470388,0.00557005674859084
A1,37,1,-1,M2,encoding,2,205,920.3078839356897,861.6532705855853,436.377055305825,0.009865478552306647
A1,37,1,-1,M2,maintenance,0,363,1597.4702544913387,1555.863661391564,2376.337451143381,0.45727084601974133
A1,37,1,-1,M2,maintenance,1,363,1096.7718722235934,1264.7828887925577,411.7025171513996,0.013149061180621252
A1,37,1,-1,M2,maintenance,2,363,7308.757468237898,7467.97204662123,4535.770446244243,0.07834811730456782
A1,37,1,-1,M2,retrieval,0,266,1349.1327460564646,1343.4512466518765,1635.1237510329718,0.38618501374137576
A1,37,1,-1,M2,retrieval,1,266,5970.014227164881,6231.664221720488,728.3198550708042,0.07157375595621301
A1,37,1,-1,M2,retrieval,2,266,11204.821545239118,11474.18012427558,4613.1135404223105,0.12011298454192579
A1,24,1,-1,M3,encoding,0,205,573.4654801213333,581.6189010889061,619.7145262829813,0.16415269362351753
A1,24,1,-1,M3,encoding,1,205,797.9541156666265,879.1415663850044,1293.5401937089525,0.009566572367466745
A1,24,1,-1,M3,encoding,2,205,922.3514020393657,990.9920912657791,1668.8613392435007,0.009887384573514296
A1,24,1,-1,M3,maintenance,0,362,197.17253365849288,194.5003995780334,404.6731742627773,0.05644001885129551
A1,24,1,-1,M3,maintenance,1,362,1897.6148709476065,1965.9431800255443,4559.299525154655,0.022750268006745494
A1,24,1,-1,M3,maintenance,2,362,4710.062819099634,4729.213083493294,7773.964735361351,0.05049073742922699
A1,24,1,-1,M3,retrieval,0,257,1094.657291548762,1021.2712846513849,1283.0071427628407,0.3133422136661732
A1,24,1,-1,M3,retrieval,1,257,1624.6444293599461,809.8788972073231,8289.478252398249,0.019477659428937612
A1,24,1,-1,M3,retrieval,2,257,5090.925453462366,3976.850880323282,11369.64132976809,0.0545734930116437
A1,25,1,-1,M3,encoding,0,205,90.96869701577009,92.55100276374678,108.01101468243436,0.026039503977468428
A1,25,1,-1,M3,encoding,1,205,2907.5656813080304,2519.8975568684377,1844.431812041032,0.034858442305493315
A1,25,1,-1,M3,encoding,2,205,3772.1304311860067,3729.286665949172,3919.1954464089704,0.04043632844502421
A1,25,1,-1,M3,maintenance,0,362,93.47943002266469,92.8856593234987,185.5624323822271,0.026758193419706554
A1,25,1,-1,M3,maintenance,1,362,46484.55758744628,46514.01892192398,37176.333419528375,0.557297563104203
A1,25,1,-1,M3,maintenance,2,362,237987.03296180465,238081.34448977598,220451.46328437745,2.5511635946996236
A1,25,1,-1,M3,retrieval,0,304,73.05685284649547,78.21874805715152,76.55398125229482,0.020912294807826647
A1,25,1,-1,M3,retrieval,1,304,68960.1713339763,75437.07442377246,44723.3049100805,0.8267548930282207
A1,25,1,-1,M3,retrieval,2,304,513264.59836782713,525428.4069164852,463971.4486176237,5.5020727033236225
A1,26,1,1,M3,encoding,0,205,859.422850483628,870.1559723198448,847.9693514899518,0.24600709329293935
A1,26,1,1,M3,encoding,1,205,8011.492566760347,7949.504913306489,6078.638743869288,0.09604878514512843
A1,26,1,1,M3,encoding,2,205,4676.713924317246,4717.175117347586,3049.1359849170844,0.05013324532037772
A1,26,1,1,M3,maintenance,0,362,489.0299715621314,500.9268840101591,281.9637488867098,0.13998329433459777
A1,26,1,1,M3,maintenance,1,362,47281.39489920324,46878.12905639097,37233.04971349786,0.5668507462488908
A1,26,1,1,M3,maintenance,2,362,22337.409350445225,21989.483544271436,16699.131850660873,0.2394516408123159
A1,26,1,1,M3,retrieval,0,219,36.76788725381091,33.59386638676226,42.46148829716426,0.010524692315014085
A1,26,1,1,M3,retrieval,1,219,26809.0411010848,27321.79342320867,10467.690828020386,0.32141024998869455
A1,26,1,1,M3,retrieval,2,219,100811.46687795215,100790.0927371962,75220.9818015968,1.0806746108245957
A1,28,1,-1,M3,encoding,0,205,4056.1669798484263,4033.4308759614564,3906.98661429671,1.1610650660053874
A1,28,1,-1,M3,encoding,1,205,15642.9614606738,16580.92409071534,19044.51014581892,0.1875415138751544
A1,28,1,-1,M3,encoding,2,205,21649.176808570257,22148.356276804363,25559.80594020859,0.23207395395405422
A1,28,1,-1,M3,maintenance,0,362,1424.025221262856,1416.4258169855152,1485.6439631087255,0.4076227496878541
A1,28,1,-1,M3,maintenance,1,362,49427.237757324256,49785.95937964479,60575.75179254309,0.5925769886334876
A1,28,1,-1,M3,maintenance,2,362,56065.763821772955,56259.554661126735,65781.3735791718,0.6010114660074369
A1,28,1,-1,M3,retrieval,0,214,2720.3308871753097,2607.7157254214876,3017.89889232429,0.7786861775578884
A1,28,1,-1,M3,retrieval,1,214,12672.426210929661,15384.066540308691,4837.153015596356,0.15192813726759424
A1,28,1,-1,M3,retrieval,2,214,14208.164139488512,16216.331875620572,8858.073281729803,0.15230809279427115
A1,29,1,-1,M3,encoding,0,205,751.7780853906047,774.0501476305101,885.8021383081236,0.21519411717317025
A1,29,1,-1,M3,encoding,1,205,3079.5040811974027,2589.4277535175434,1523.3535537837386,0.03691979033665669
A1,29,1,-1,M3,encoding,2,205,6434.428865073757,6108.627603695714,4098.522859011135,0.06897552555266796
A1,29,1,-1,M3,maintenance,0,363,1477.0031131786654,1473.5546063541713,2186.940160994439,0.4227875049554872
A1,29,1,-1,M3,maintenance,1,363,10800.931111233982,10538.535387315329,14065.608425820788,0.12949101594058549
A1,29,1,-1,M3,maintenance,2,363,23463.835326746732,23280.672474465442,27541.488367366324,0.25152665560241
A1,29,1,-1,M3,retrieval,0,319,2469.3642375020145,2357.663740989889,2746.028713715617,0.7068477618526836
A1,29,1,-1,M3,retrieval,1,319,84533.0859540118,77730.40076878159,115581.87702151283,1.0134566240675928
A1,29,1,-1,M3,retrieval,2,319,149161.8001542026,143181.10313859163,175224.7419693764,1.5989785222219899
A1,30,1,-1,M3,encoding,0,205,103.15845953458681,103.41035770757262,115.3456201466685,0.029528785235812684
A1,30,1,-1,M3,encoding,1,205,347.2254545419568,211.65174046840275,75.77990279656024,0.004162842666620128
A1,30,1,-1,M3,encoding,2,205,261.49644422547834,293.34625794995327,679.2571222742124,0.0028031788133537064
A1,30,1,-1,M3,maintenance,0,362,158.1007644846605,158.969908818432,63.22030594211502,0.04525584756837209
A1,30,1,-1,M3,maintenance,1,362,1190.9458601783442,1178.627479700336,207.9585054896603,0.014278101376308965
A1,30,1,-1,M3,maintenance,2,362,2813.78073729304,2816.967900484668,5218.077381349808,0.030163050865049276
A1,30,1,-1,M3,retrieval,0,240,106.36869729787476,120.04003068797505,76.84839166499175,0.03044770571888022
A1,30,1,-1,M3,retrieval,1,240,434.87708534262214,974.5547259072022,1195.0930079615093,0.00521368713589205
A1,30,1,-1,M3,retrieval,2,240,8812.597888893857,7319.2265020671075,16669.94130018045,0.09446892391183785
A1,31,1,-1,M3,encoding,0,205,63.50318048468984,66.80926977004641,87.67818056024078,0.018177586082455538
A1,31,1,-1,M3,encoding,1,205,21111.941617335844,19784.196897457514,16725.999284386566,0.25310843485185547
A1,31,1,-1,M3,encoding,2,205,53484.903065705905,52559.724009439386,46695.4197486242,0.5733452611645709
A1,31,1,-1,M3,maintenance,0,363,473.49924517861166,473.00817747833963,738.7392767187245,0.13553767265699446
A1,31,1,-1,M3,maintenance,1,363,83404.45776020412,83222.42392810713,70134.31316851509,0.999925641420797
A1,31,1,-1,M3,maintenance,2,363,313390.1282433517,313233.45689887414,291822.69525377307,3.359466590101996
A1,31,1,-1,M3,retrieval,0,226,136.48287628124427,116.46614211766666,199.57918761431316,0.039067794926926226
A1,31,1,-1,M3,retrieval,1,226,76971.7535257408,83533.1634444207,50997.61792290789,0.9228047526763454
A1,31,1,-1,M3,retrieval,2,226,342082.93752715795,351616.4747398029,301727.9917088696,3.6670465853795284
A1,32,1,1,M3,encoding,0,205,147.07866452644188,143.25568689821932,162.79329769277103,0.04210080605280181
A1,32,1,1,M3,encoding,1,205,192.4701682176874,205.68214184885204,282.8155570254514,0.0023075008408155943
A1,32,1,1,M3,encoding,2,205,2108.4818086680025,2134.42856986377,1093.2594223423584,0.022602416456965257
A1,32,1,1,M3,maintenance,0,362,122.84652318634075,121.16189459563081,343.40343023651906,0.03516443165690656
A1,32,1,1,M3,maintenance,1,362,2297.3963566464554,2226.6366430510357,683.422465209686,0.027543198375826076
A1,32,1,1,M3,maintenance,2,362,14093.630037161867,13797.197377093944,9633.679697147032,0.15108031484111584
A1,32,1,1,M3,retrieval,0,313,171.53198076376785,194.21083242763692,288.80060408682937,0.04910049106877777
A1,32,1,1,M3,retrieval,1,313,8572.60046810272,8866.343035672066,2033.5288910318186,0.10277583778983441
A1,32,1,1,M3,retrieval,2,313,23585.889549529722,23560.207046288622,12091.679717665551,0.25283504743312496
A1,33,1,1,M3,encoding,0,205,94.79251830517478,98.494737354288,91.53353410218777,0.027134060818898405
A1,33,1,1,M3,encoding,1,205,930.7579925981579,955.0844931768765,1778.5083146820832,0.011158741483963201
A1,33,1,1,M3,encoding,2,205,112.80483517303364,126.2372624760174,296.04039804857143,0.001209240626340018
A1,33,1,1,M3,maintenance,0,363,132.17198217264283,135.43988106667317,208.53768983024565,0.0378338150198829
A1,33,1,1,M3,maintenance,1,363,4473.323783404019,4600.66422343845,8315.99881501658,0.05363012090149248
A1,33,1,1,M3,maintenance,2,363,244.59955479002323,227.46241622987768,249.3542803426885,0.0026220482338640415
A1,33,1,1,M3,retrieval,0,276,229.94964219169873,212.11015443188785,186.87540097974244,0.06582236328426422
A1,33,1,1,M3,retrieval,1,276,6961.168991692787,6687.138891714503,20911.75890485023,0.08345658680582177
A1,33,1,1,M3,retrieval,2,276,336.6565082622912,335.86649394345693,950.3472369096185,0.0036088765724277623
A1,34,1,-1,M3,encoding,0,205,615.3175494000375,599.9677792767652,515.2255984905764,0.17613271708432598
A1,34,1,-1,M3,encoding,1,205,423.1953068490631,321.547148804628,351.37286828955337,0.005073635750548938
A1,34,1,-1,M3,encoding,2,205,768.8459179471741,675.7445868640593,397.46170803331614,0.008241842807103886
A1,34,1,-1,M3,maintenance,0,362,307.40207580431615,309.01478126542065,105.01902778156101,0.08799287928902495
A1,34,1,-1,M3,maintenance,1,362,5234.995873946197,5234.791091611258,2490.4754393140315,0.0627617125950375
A1,34,1,-1,M3,maintenance,2,362,7889.559633153282,7877.97422781705,4872.646249705483,0.08457417643230468
A1,34,1,-1,M3,retrieval,0,377,235.5796107631038,261.78057820473225,170.13948136098128,0.06743392411581829
A1,34,1,-1,M3,retrieval,1,377,923.4174208254937,1541.0357643533646,1113.2471683787303,0.011070736284537532
A1,34,1,-1,M3,retrieval,2,377,3948.416855361162,4996.504706700434,821.6695904259234,0.04232607639472705
A1,35,1,1,M3,encoding,0,205,170.69931550887082,176.13175279623326,159.14771271735918,0.04886214325323161
A1,35,1,1,M3,encoding,1,205,249.76824221793015,267.9878779154635,746.2915797486423,0.0029944403034711064
A1,35,1,1,M3,encoding,2,205,253.27673879244398,249.35441465240768,834.4862683217575,0.0027150655535725416
A1,35,1,1,M3,maintenance,0,362,302.5030316019272,307.4155921049659,104.91146973377893,0.08659054326378997
A1,35,1,1,M3,maintenance,1,362,347.8456197938814,348.1147046915604,414.55368747395596,0.004170277750475003
A1,35,1,1,M3,maintenance,2,362,164.9147932268454,188.35567386031403,707.3034247571783,0.0017678468085917426
A1,35,1,1,M3,retrieval,0,243,267.6866420233591,239.2878013470738,167.38845808710795,0.07662446103272265
A1,35,1,1,M3,retrieval,1,243,1511.8051331899655,1638.9435741960663,654.9802455430533,0.01812484318109821
A1,35,1,1,M3,retrieval,2,243,2713.4984600402,2707.627447005612,182.54952152348977,0.029088049039373832
A1,37,1,-1,M3,encoding,0,205,977.3178584039679,998.7708596535965,1117.937097024677,0.27975416924735436
A1,37,1,-1,M3,encoding,1,205,421.22503218703537,480.42604802107127,906.5155632470388,0.005050014373369464
A1,37,1,-1,M3,encoding,2,205,957.2683492866995,861.6532705855853,436.377055305825,0.010261685826598714
A1,37,1,-1,M3,maintenance,0,363,1561.1057922180714,1555.863661391564,2376.337451143381,0.4468616328390899
A1,37,1,-1,M3,maintenance,1,363,1230.6698894680699,1264.7828887925577,411.7025171513996,0.014754347808862362
A1,37,1,-1,M3,maintenance,2,363,7520.485180837103,7467.97204662123,4535.770446244243,0.0806177873183068
A1,37,1,-1,M3,retrieval,0,266,1418.60643102733,1343.4512466518765,1635.1237510329718,0.406071637992074
A1,37,1,-1,M3,retrieval,1,266,4480.109599560795,6231.664221720488,728.3198550708042,0.053711475205031466
A1,37,1,-1,M3,retrieval,2,266,9764.868090920654,11474.18012427558,4613.1135404223105,0.10467703080528327
A1,24,1,-1,M2_no_feedback,encoding,0,205,576.9981685113742,581.6189010889061,619.7145262829813,0.16516391458634697
A1,24,1,-1,M2_no_feedback,encoding,1,205,782.9848710424724,879.1415663850044,1293.5401937089525,0.009387107960714926
A1,24,1,-1,M2_no_feedback,encoding,2,205,932.7964227315871,990.9920912657791,1668.8613392435007,0.00999935267616364
A1,24,1,-1,M2_no_feedback,maintenance,0,362,202.69509362377875,194.5003995780334,404.6731742627773,0.058020834306494774
A1,24,1,-1,M2_no_feedback,maintenance,1,362,2185.243451168903,1965.9431800255443,4559.299525154655,0.02619861118038774
A1,24,1,-1,M2_no_feedback,maintenance,2,362,4867.557585245379,4729.213083493294,7773.964735361351,0.05217904333710073
A1,24,1,-1,M2_no_feedback,retrieval,0,257,1022.7747538291939,1021.2712846513849,1283.0071427628407,0.2927660628773504
A1,24,1,-1,M2_no_feedback,retrieval,1,257,915.3632781529536,809.8788972073231,8289.478252398249,0.010974176172593766
A1,24,1,-1,M2_no_feedback,retrieval,2,257,4161.981011837815,3976.850880323282,11369.64132976809,0.044615432643911476
A1,25,1,-1,M2_no_feedback,encoding,0,205,87.83575266278947,92.55100276374678,108.01101468243436,0.025142708490483674
A1,25,1,-1,M2_no_feedback,encoding,1,205,2821.8691601479823,2519.8975568684377,1844.431812041032,0.033831037401850624
A1,25,1,-1,M2_no_feedback,encoding,2,205,3786.9320245221734,3729.286665949172,3919.1954464089704,0.04059499795568129
A1,25,1,-1,M2_no_feedback,maintenance,0,362,93.99740392206144,92.8856593234987,185.5624323822271,0.0269064618225312
A1,25,1,-1,M2_no_feedback,maintenance,1,362,45370.71033289488,46514.01892192398,37176.333419528375,0.54394378729459
A1,25,1,-1,M2_no_feedback,maintenance,2,362,237055.41448551256,238081.34448977598,220451.46328437745,2.5411768693251906
A1,25,1,-1,M2_no_feedback,retrieval,0,304,79.06997865426908,78.21874805715152,76.55398125229482,0.02263353319559201
A1,25,1,-1,M2_no_feedback,retrieval,1,304,74716.62355811796,75437.07442377246,44723.3049100805,0.8957682807668249
A1,25,1,-1,M2_no_feedback,retrieval,2,304,523967.5633227471,525428.4069164852,463971.4486176237,5.616805906257078
A1,26,1,1,M2_no_feedback,encoding,0,205,877.9185303130786,870.1559723198448,847.9693514899518,0.25130142358769414
A1,26,1,1,M2_no_feedback,encoding,1,205,7664.129173800773,7949.504913306489,6078.638743869288,0.09188428875202395
A1,26,1,1,M2_no_feedback,encoding,2,205,4313.074109663839,4717.175117347586,3049.1359849170844,0.04623511421137742
A1,26,1,1,M2_no_feedback,maintenance,0,362,498.82131946522145,500.9268840101591,281.9637488867098,0.14278603693761752
A1,26,1,1,M2_no_feedback,maintenance,1,362,47584.77634255715,46878.12905639097,37233.04971349786,0.5704879485338453
A1,26,1,1,M2_no_feedback,maintenance,2,362,22828.528876656426,21989.483544271436,16699.131850660873,0.24471632368315627
A1,26,1,1,M2_no_feedback,retrieval,0,219,33.774109144842726,33.59386638676226,42.46148829716426,0.009667732728546437
A1,26,1,1,M2_no_feedback,retrieval,1,219,26935.87383142443,27321.79342320867,10467.690828020386,0.3229308317734551
A1,26,1,1,M2_no_feedback,retrieval,2,219,100158.94328164829,100790.0927371962,75220.9818015968,1.073679715250432
A1,28,1,-1,M2_no_feedback,encoding,0,205,4096.956712900369,4033.4308759614564,3906.98661429671,1.1727409990558721
A1,28,1,-1,M2_no_feedback,encoding,1,205,15843.381509537221,16580.92409071534,19044.51014581892,0.18994432484347856
A1,28,1,-1,M2_no_feedback,encoding,2,205,21799.016518914894,22148.356276804363,25559.80594020859,0.23368019951001662
A1,28,1,-1,M2_no_feedback,maintenance,0,362,1425.4785550375304,1416.4258169855152,1485.6439631087255,0.40803876191895894
A1,28,1,-1,M2_no_feedback,maintenance,1,362,50908.1238314814,49785.95937964479,60575.75179254309,0.6103311470722377
A1,28,1,-1,M2_no_feedback,maintenance,2,362,56692.358990444176,56259.554661126735,65781.3735791718,0.6077284150908991
A1,28,1,-1,M2_no_feedback,retrieval,0,214,2611.5643393126998,2607.7157254214876,3017.89889232429,0.7475520946415094
A1,28,1,-1,M2_no_feedback,retrieval,1,214,14817.826207113687,15384.066540308691,4837.153015596356,0.17764907023566487
A1,28,1,-1,M2_no_feedback,retrieval,2,214,15754.950551633976,16216.331875620572,8858.073281729803,0.16888927007242518
A1,29,1,-1,M2_no_feedback,encoding,0,205,739.4491629973287,774.0501476305101,885.8021383081236,0.21166500183757345
A1,29,1,-1,M2_no_feedback,encoding,1,205,2905.1033249494326,2589.4277535175434,1523.3535537837386,0.034828921422228806
A1,29,1,-1,M2_no_feedback,encoding,2,205,6297.726084143703,6108.627603695714,4098.522859011135,0.06751010471161346
A1,29,1,-1,M2_no_feedback,maintenance,0,363,1511.0707898336393,1473.5546063541713,2186.940160994439,0.43253927046232427
A1,29,1,-1,M2_no_feedback,maintenance,1,363,10918.469104882597,10538.535387315329,14065.608425820788,0.13090016428644863
A1,29,1,-1,M2_no_feedback,maintenance,2,363,23551.339356474502,23280.672474465442,27541.488367366324,0.2524646776965248
A1,29,1,-1,M2_no_feedback,retrieval,0,319,2359.224312578741,2357.663740989889,2746.028713715617,0.6753205540636081
A1,29,1,-1,M2_no_feedback,retrieval,1,319,78075.61698203023,77730.40076878159,115581.87702151283,0.93603883397383
A1,29,1,-1,M2_no_feedback,retrieval,2,319,143376.45680656296,143181.10313859163,175224.7419693764,1.5369610368672115
A1,30,1,-1,M2_no_feedback,encoding,0,205,106.57100392186055,103.41035770757262,115.3456201466685,0.03050561535497221
A1,30,1,-1,M2_no_feedback,encoding,1,205,297.9250087480008,211.65174046840275,75.77990279656024,0.0035717857710212647
A1,30,1,-1,M2_no_feedback,encoding,2,205,264.6360760074479,293.34625794995327,679.2571222742124,0.002836834908827649
A1,30,1,-1,M2_no_feedback,maintenance,0,362,150.71495015093646,158.969908818432,63.22030594211502,0.04314168139881038
A1,30,1,-1,M2_no_feedback,maintenance,1,362,1000.5278715443651,1178.627479700336,207.9585054896603,0.011995203860563236
A1,30,1,-1,M2_no_feedback,maintenance,2,362,2923.301063307356,2816.967900484668,5218.077381349808,0.0313370823453787
A1,30,1,-1,M2_no_feedback,retrieval,0,240,118.29135582855845,120.04003068797505,76.84839166499175,0.03386052929903896
A1,30,1,-1,M2_no_feedback,retrieval,1,240,846.7350788403616,974.5547259072022,1195.0930079615093,0.01015140125072453
A1,30,1,-1,M2_no_feedback,retrieval,2,240,7574.1756738783015,7319.2265020671075,16669.94130018045,0.08119333645442364
A1,31,1,-1,M2_no_feedback,encoding,0,205,62.78049251207272,66.80926977004641,87.67818056024078,0.017970718918752293
A1,31,1,-1,M2_no_feedback,encoding,1,205,20721.700594310925,19784.196897457514,16725.999284386566,0.24842988389983328
A1,31,1,-1,M2_no_feedback,encoding,2,205,53142.397356231486,52559.724009439386,46695.4197486242,0.5696736825658826
A1,31,1,-1,M2_no_feedback,maintenance,0,363,482.3424491823828,473.00817747833963,738.7392767187245,0.13806901204498026
A1,31,1,-1,M2_no_feedback,maintenance,1,363,81715.7115997322,83222.42392810713,70134.31316851509,0.9796794743326811
A1,31,1,-1,M2_no_feedback,maintenance,2,363,312112.0589893842,313233.45689887414,291822.69525377307,3.3457659959492467
A1,31,1,-1,M2_no_feedback,retrieval,0,226,117.33755267115743,116.46614211766666,199.57918761431316,0.033587506139142985
A1,31,1,-1,M2_no_feedback,retrieval,1,226,82312.38105991183,83533.1634444207,50997.61792290789,0.9868328700708522
A1,31,1,-1,M2_no_feedback,retrieval,2,226,349663.11792858463,351616.4747398029,301727.9917088696,3.748304291065028
A1,32,1,1,M2_no_feedback,encoding,0,205,142.47660120262412,143.25568689821932,162.79329769277103,0.04078347987185915
A1,32,1,1,M2_no_feedback,encoding,1,205,156.82942353178387,205.68214184885204,282.8155570254514,0.0018802083980875351
A1,32,1,1,M2_no_feedback,encoding,2,205,1838.5692423445698,2134.42856986377,1093.2594223423584,0.019709018844554987
A1,32,1,1,M2_no_feedback,maintenance,0,362,122.95258570611462,121.16189459563081,343.40343023651906,0.03519479172027026
A1,32,1,1,M2_no_feedback,maintenance,1,362,2364.140404809548,2226.6366430510357,683.422465209686,0.028343384444565734
A1,32,1,1,M2_no_feedback,maintenance,2,362,14483.677561650526,13797.197377093944,9633.679697147032,0.15526153023043449
A1,32,1,1,M2_no_feedback,retrieval,0,313,193.84125554108485,194.21083242763692,288.80060408682937,0.05548645094679686
A1,32,1,1,M2_no_feedback,retrieval,1,313,8791.066192817085,8866.343035672066,2033.5288910318186,0.10539499611517876
A1,32,1,1,M2_no_feedback,retrieval,2,313,23399.787887860006,23560.207046288622,12091.679717665551,0.25084008250475803
A1,33,1,1,M2_no_feedback,encoding,0,205,100.84106109550858,98.494737354288,91.53353410218777,0.028865437206750603
A1,33,1,1,M2_no_feedback,encoding,1,205,1067.8450605002386,955.0844931768765,1778.5083146820832,0.01280226124278225
A1,33,1,1,M2_no_feedback,encoding,2,205,141.7453724246307,126.2372624760174,296.04039804857143,0.0015194762056842596
A1,33,1,1,M2_no_feedback,maintenance,0,363,135.98725736121548,135.43988106667317,208.53768983024565,0.03892592556677522
A1,33,1,1,M2_no_feedback,maintenance,1,363,4381.966645520106,4600.66422343845,8315.99881501658,0.052534851569970877
A1,33,1,1,M2_no_feedback,maintenance,2,363,288.1467728861596,227.46241622987768,249.3542803426885,0.003088863908964869
A1,33,1,1,M2_no_feedback,retrieval,0,276,213.5328348987048,212.11015443188785,186.87540097974244,0.06112310372765938
A1,33,1,1,M2_no_feedback,retrieval,1,276,6849.753054378584,6687.138891714503,20911.75890485023,0.08212083502977512
A1,33,1,1,M2_no_feedback,retrieval,2,276,316.3432115285374,335.86649394345693,950.3472369096185,0.0033911229306829173
A1,34,1,-1,M2_no_feedback,encoding,0,205,624.2632326460742,599.9677792767652,515.2255984905764,0.17869339083373634
A1,34,1,-1,M2_no_feedback,encoding,1,205,407.07131038902304,321.547148804628,351.37286828955337,0.0048803271680637325
A1,34,1,-1,M2_no_feedback,encoding,2,205,739.2006479160856,675.7445868640593,397.46170803331614,0.007924052662333725
A1,34,1,-1,M2_no_feedback,maintenance,0,362,293.9629763576761,309.01478126542065,105.01902778156101,0.08414597925665765
A1,34,1,-1,M2_no_feedback,maintenance,1,362,4853.682091413414,5234.791091611258,2490.4754393140315,0.05819018921582059
A1,34,1,-1,M2_no_feedback,maintenance,2,362,7694.527739422222,7877.97422781705,4872.646249705483,0.0824834815700688
A1,34,1,-1,M2_no_feedback,retrieval,0,377,259.56222728921483,261.78057820473225,170.13948136098128,0.07429887281694685
A1,34,1,-1,M2_no_feedback,retrieval,1,377,1453.374722447083,1541.0357643533646,1113.2471683787303,0.017424328274466508
A1,34,1,-1,M2_no_feedback,retrieval,2,377,4905.500446585725,4996.504706700434,821.6695904259234,0.05258578165946033
A1,35,1,1,M2_no_feedback,encoding,0,205,179.42341556041472,176.13175279623326,159.14771271735918,0.051359389508749916
A1,35,1,1,M2_no_feedback,encoding,1,205,307.78627856458814,267.9878779154635,746.2915797486423,0.003690011304900098
A1,35,1,1,M2_no_feedback,encoding,2,205,352.1463638353093,249.35441465240768,834.4862683217575,0.0037749240882660766
A1,35,1,1,M2_no_feedback,maintenance,0,362,303.4783394306296,307.4155921049659,104.91146973377893,0.08686972206834458
A1,35,1,1,M2_no_feedback,maintenance,1,362,369.09914257956837,348.1147046915604,414.55368747395596,0.004425083584295431
A1,35,1,1,M2_no_feedback,maintenance,2,362,164.07547167429556,188.35567386031403,707.3034247571783,0.0017588494839792892
A1,35,1,1,M2_no_feedback,retrieval,0,243,240.5423349205407,239.2878013470738,167.38845808710795,0.06885448832829959
A1,35,1,1,M2_no_feedback,retrieval,1,243,1547.1312008509058,1638.9435741960663,654.9802455430533,0.01854836300022225
A1,35,1,1,M2_no_feedback,retrieval,2,243,2614.1301382512665,2707.627447005612,182.54952152348977,0.028022844595840098
A1,37,1,-1,M2_no_feedback,encoding,0,205,959.4389992782181,998.7708596535965,1117.937097024677,0.27463640194288425
A1,37,1,-1,M2_no_feedback,encoding,1,205,464.0801227893711,480.42604802107127,906.5155632470388,0.005563798709476417
A1,37,1,-1,M2_no_feedback,encoding,2,205,921.6429407992013,861.6532705855853,436.377055305825,0.009879790039889211
A1,37,1,-1,M2_no_feedback,maintenance,0,363,1597.2900426923416,1555.863661391564,2376.337451143381,0.4572192609579486
A1,37,1,-1,M2_no_feedback,maintenance,1,363,1093.6926998608785,1264.7828887925577,411.7025171513996,0.01311214536721611
A1,37,1,-1,M2_no_feedback,maintenance,2,363,7299.140911839481,7467.97204662123,4535.770446244243,0.07824503013933579
A1,37,1,-1,M2_no_feedback,retrieval,0,266,1348.5197845416474,1343.4512466518765,1635.1237510329718,0.38600955543179527
A1,37,1,-1,M2_no_feedback,retrieval,1,266,6033.718416751786,6231.664221720488,728.3198550708042,0.07233749753963077
A1,37,1,-1,M2_no_feedback,retrieval,2,266,11268.369085827213,11474.18012427558,4613.1135404223105,0.12079419885038377
A1,24,1,-1,M2_no_direct_memory,encoding,0,205,577.1259016528993,581.6189010889061,619.7145262829813,0.1652004777971646
A1,24,1,-1,M2_no_direct_memory,encoding,1,205,880.5778668733865,879.1415663850044,1293.5401937089525,0.010557138215392349
A1,24,1,-1,M2_no_direct_memory,encoding,2,205,1005.7742510648408,990.9920912657791,1668.8613392435007,0.01078165739481575
A1,24,1,-1,M2_no_direct_memory,maintenance,0,362,195.35329814061075,194.5003995780334,404.6731742627773,0.05591926839473315
A1,24,1,-1,M2_no_direct_memory,maintenance,1,362,2029.3706746478947,1965.9431800255443,4559.299525154655,0.02432987190399408
A1,24,1,-1,M2_no_direct_memory,maintenance,2,362,4713.031511792236,4729.213083493294,7773.964735361351,0.05052256109889069
A1,24,1,-1,M2_no_direct_memory,retrieval,0,257,1018.2957124813865,1021.2712846513849,1283.0071427628407,0.29148395135088484
A1,24,1,-1,M2_no_direct_memory,retrieval,1,257,837.1595893711967,809.8788972073231,8289.478252398249,0.01003660190178684
A1,24,1,-1,M2_no_direct_memory,retrieval,2,257,4046.5864034833517,3976.850880323282,11369.64132976809,0.04337843027367825
A1,25,1,-1,M2_no_direct_memory,encoding,0,205,91.47978219756473,92.55100276374678,108.01101468243436,0.026185800506502578
A1,25,1,-1,M2_no_direct_memory,encoding,1,205,2548.8089868049565,2519.8975568684377,1844.431812041032,0.030557353041219513
A1,25,1,-1,M2_no_direct_memory,encoding,2,205,3707.5423556533856,3729.286665949172,3919.1954464089704,0.039743959852921215
A1,25,1,-1,M2_no_direct_memory,maintenance,0,362,92.44834233995294,92.8856593234987,185.5624323822271,0.026463047807030182
A1,25,1,-1,M2_no_direct_memory,maintenance,1,362,46269.520311611566,46514.01892192398,37176.333419528375,0.5547195080248616
A1,25,1,-1,M2_no_direct_memory,maintenance,2,362,238190.44167489413,238081.34448977598,220451.46328437745,2.5533440870450277
A1,25,1,-1,M2_no_direct_memory,retrieval,0,304,78.50689053212177,78.21874805715152,76.55398125229482,0.02247235098811487
A1,25,1,-1,M2_no_direct_memory,retrieval,1,304,75298.27257174515,75437.07442377246,44723.3049100805,0.9027415982447126
A1,25,1,-1,M2_no_direct_memory,retrieval,2,304,524961.9490324169,525428.4069164852,463971.4486176237,5.627465481234872
A1,26,1,1,M2_no_direct_memory,encoding,0,205,871.6838910450363,870.1559723198448,847.9693514899518,0.2495167776672395
A1,26,1,1,M2_no_direct_memory,encoding,1,205,7679.536463856931,7949.504913306489,6078.638743869288,0.0920690048308246
A1,26,1,1,M2_no_direct_memory,encoding,2,205,4424.277508296922,4717.175117347586,3049.1359849170844,0.047427187824249935
A1,26,1,1,M2_no_direct_memory,maintenance,0,362,499.655181895699,500.9268840101591,281.9637488867098,0.14302472744091577
A1,26,1,1,M2_no_direct_memory,maintenance,1,362,47545.083761433314,46878.12905639097,37233.04971349786,0.5700120791294305
A1,26,1,1,M2_no_direct_memory,maintenance,2,362,22578.620779829358,21989.483544271436,16699.131850660873,0.24203736915899024
A1,26,1,1,M2_no_direct_memory,retrieval,0,219,33.86766195725494,33.59386638676226,42.46148829716426,0.009694511927444808
A1,26,1,1,M2_no_direct_memory,retrieval,1,219,27059.47553208005,27321.79342320867,10467.690828020386,0.32441267714632627
A1,26,1,1,M2_no_direct_memory,retrieval,2,219,100168.68224247113,100790.0927371962,75220.9818015968,1.0737841145615719
A1,28,1,-1,M2_no_direct_memory,encoding,0,205,4043.52767734107,4033.4308759614564,3906.98661429671,1.1574471053363928
A1,28,1,-1,M2_no_direct_memory,encoding,1,205,16511.230553586916,16580.92409071534,19044.51014581892,0.19795108373475556
A1,28,1,-1,M2_no_direct_memory,encoding,2,205,22220.05176629958,22148.356276804363,25559.80594020859,0.23819359581503943
A1,28,1,-1,M2_no_direct_memory,maintenance,0,362,1410.5555256283462,1416.4258169855152,1485.6439631087255,0.40376709159274804
A1,28,1,-1,M2_no_direct_memory,maintenance,1,362,50101.8542019416,49785.95937964479,60575.75179254309,0.6006648810461027
A1,28,1,-1,M2_no_direct_memory,maintenance,2,362,56203.052336788955,56259.554661126735,65781.3735791718,0.6024831657766231
A1,28,1,-1,M2_no_direct_memory,retrieval,0,214,2601.8961118855764,2607.7157254214876,3017.89889232429,0.7447845948882701
A1,28,1,-1,M2_no_direct_memory,retrieval,1,214,15178.299761344022,15384.066540308691,4837.153015596356,0.1819707427170725
A1,28,1,-1,M2_no_direct_memory,retrieval,2,214,15985.690660825752,16216.331875620572,8858.073281729803,0.17136274839215168
A1,29,1,-1,M2_no_direct_memory,encoding,0,205,759.302030142855,774.0501476305101,885.8021383081236,0.21734782274145506
A1,29,1,-1,M2_no_direct_memory,encoding,1,205,2681.366713898687,2589.4277535175434,1523.3535537837386,0.032146571098011736
A1,29,1,-1,M2_no_direct_memory,encoding,2,205,6085.914740112692,6108.627603695714,4098.522859011135,0.0652395381890961
A1,29,1,-1,M2_no_direct_memory,maintenance,0,363,1487.4733680203149,1473.5546063541713,2186.940160994439,0.4257845825386362
A1,29,1,-1,M2_no_direct_memory,maintenance,1,363,10572.582410411746,10538.535387315329,14065.608425820788,0.12675337184734342
A1,29,1,-1,M2_no_direct_memory,maintenance,2,363,23260.093860529312,23280.672474465442,27541.488367366324,0.24934259622372934
A1,29,1,-1,M2_no_direct_memory,retrieval,0,319,2354.365411985404,2357.663740989889,2746.028713715617,0.673929709020457
A1,29,1,-1,M2_no_direct_memory,retrieval,1,319,77713.46707016221,77730.40076878159,115581.87702151283,0.9316970638497888
A1,29,1,-1,M2_no_direct_memory,retrieval,2,319,143135.69249626301,143181.10313859163,175224.7419693764,1.534380101529282
A1,30,1,-1,M2_no_direct_memory,encoding,0,205,103.32695588252061,103.41035770757262,115.3456201466685,0.029577016786512488
A1,30,1,-1,M2_no_direct_memory,encoding,1,205,231.08870825919269,211.65174046840275,75.77990279656024,0.0027704937006548217
A1,30,1,-1,M2_no_direct_memory,encoding,2,205,300.69650753180304,293.34625794995327,679.2571222742124,0.003223394037571685
A1,30,1,-1,M2_no_direct_memory,maintenance,0,362,155.07719819168815,158.969908818432,63.22030594211502,0.04439036120773593
A1,30,1,-1,M2_no_direct_memory,maintenance,1,362,1138.8116249377097,1178.627479700336,207.9585054896603,0.0136530705324798
A1,30,1,-1,M2_no_direct_memory,maintenance,2,362,2805.178612362729,2816.967900484668,5218.077381349808,0.030070838160490748
A1,30,1,-1,M2_no_direct_memory,retrieval,0,240,120.24670814419656,120.04003068797505,76.84839166499175,0.03442024276169946
A1,30,1,-1,M2_no_direct_memory,retrieval,1,240,934.0908768291372,974.5547259072022,1195.0930079615093,0.011198699017312618
A1,30,1,-1,M2_no_direct_memory,retrieval,2,240,7414.536299757482,7319.2265020671075,16669.94130018045,0.07948204086630213
A1,31,1,-1,M2_no_direct_memory,encoding,0,205,64.39027343634004,66.80926977004641,87.67818056024078,0.018431513655353216
A1,31,1,-1,M2_no_direct_memory,encoding,1,205,19965.52920097648,19784.196897457514,16725.999284386566,0.23936423937903434
A1,31,1,-1,M2_no_direct_memory,encoding,2,205,52466.96891434155,52559.724009439386,46695.4197486242,0.562433252571317
A1,31,1,-1,M2_no_direct_memory,maintenance,0,363,477.3357702035657,473.00817747833963,738.7392767187245,0.13663586590284946
A1,31,1,-1,M2_no_direct_memory,maintenance,1,363,82849.48551635319,83222.42392810713,70134.31316851509,0.9932721484084825
A1,31,1,-1,M2_no_direct_memory,maintenance,2,363,313364.627348828,313233.45689887414,291822.69525377307,3.3591932266631086
A1,31,1,-1,M2_no_direct_memory,retrieval,0,226,115.57187974475212,116.46614211766666,199.57918761431316,0.033082087806262275
A1,31,1,-1,M2_no_direct_memory,retrieval,1,226,83178.6093744478,83533.1634444207,50997.61792290789,0.9972179732930269
A1,31,1,-1,M2_no_direct_memory,retrieval,2,226,350817.8046952189,351616.4747398029,301727.9917088696,3.760682254711441
A1,32,1,1,M2_no_direct_memory,encoding,0,205,142.70140835402046,143.25568689821932,162.79329769277103,0.04084783021329511
A1,32,1,1,M2_no_direct_memory,encoding,1,205,159.28667600043585,205.68214184885204,282.8155570254514,0.0019096680914520545
A1,32,1,1,M2_no_direct_memory,encoding,2,205,1921.9154283765363,2134.42856986377,1093.2594223423584,0.02060246985705591
A1,32,1,1,M2_no_direct_memory,maintenance,0,362,121.57604147183024,121.16189459563081,343.40343023651906,0.03480076025406606
A1,32,1,1,M2_no_direct_memory,maintenance,1,362,2356.3254864950436,2226.6366430510357,683.422465209686,0.028249692363613074
A1,32,1,1,M2_no_direct_memory,maintenance,2,362,14288.508279119314,13797.197377093944,9633.679697147032,0.15316936259339695
A1,32,1,1,M2_no_direct_memory,retrieval,0,313,193.64630486137273,194.21083242763692,288.80060408682937,0.05543064692666349
A1,32,1,1,M2_no_direct_memory,retrieval,1,313,8824.239139658126,8866.343035672066,2033.5288910318186,0.10579270243734219
A1,32,1,1,M2_no_direct_memory,retrieval,2,313,23395.995298591344,23560.207046288622,12091.679717665551,0.25079942686250967
A1,33,1,1,M2_no_direct_memory,encoding,0,205,98.94665827264038,98.494737354288,91.53353410218777,0.02832317034508003
A1,33,1,1,M2_no_direct_memory,encoding,1,205,1061.2319050989108,955.0844931768765,1778.5083146820832,0.012722976947505136
A1,33,1,1,M2_no_direct_memory,encoding,2,205,127.09446775406253,126.2372624760174,296.04039804857143,0.0013624220411787217
A1,33,1,1,M2_no_direct_memory,maintenance,0,363,135.26117337111543,135.43988106667317,208.53768983024565,0.038718086303727306
A1,33,1,1,M2_no_direct_memory,maintenance,1,363,4394.046288623334,4600.66422343845,8315.99881501658,0.05267967290449543
A1,33,1,1,M2_no_direct_memory,maintenance,2,363,264.21308239148874,227.46241622987768,249.3542803426885,0.0028323005192838345
A1,33,1,1,M2_no_direct_memory,retrieval,0,276,212.23998950266,212.11015443188785,186.87540097974244,0.060753030791177456
A1,33,1,1,M2_no_direct_memory,retrieval,1,276,6789.29551519442,6687.138891714503,20911.75890485023,0.08139601713309555
A1,33,1,1,M2_no_direct_memory,retrieval,2,276,313.8282457716123,335.86649394345693,950.3472369096185,0.0033641631043380372
A1,34,1,-1,M2_no_direct_memory,encoding,0,205,608.1196553364623,599.9677792767652,515.2255984905764,0.174072342502228
A1,34,1,-1,M2_no_direct_memory,encoding,1,205,328.65429863663695,321.547148804628,351.37286828955337,0.003940195394768754
A1,34,1,-1,M2_no_direct_memory,encoding,2,205,665.7976630926885,675.7445868640593,397.46170803331614,0.0071371903686481926
A1,34,1,-1,M2_no_direct_memory,maintenance,0,362,302.99286930740845,309.01478126542065,105.01902778156101,0.0867307577694235
A1,34,1,-1,M2_no_direct_memory,maintenance,1,362,5151.935162540184,5234.791091611258,2490.4754393140315,0.06176590808578314
A1,34,1,-1,M2_no_direct_memory,maintenance,2,362,7898.957768701601,7877.97422781705,4872.646249705483,0.08467492217870326
A1,34,1,-1,M2_no_direct_memory,retrieval,0,377,262.67009198498243,261.78057820473225,170.13948136098128,0.07518848933077735
A1,34,1,-1,M2_no_direct_memory,retrieval,1,377,1523.5957394363288,1541.0357643533646,1113.2471683787303,0.018266199288796095
A1,34,1,-1,M2_no_direct_memory,retrieval,2,377,4969.179863318305,4996.504706700434,821.6695904259234,0.053268409648380796
A1,35,1,1,M2_no_direct_memory,encoding,0,205,176.51929564736025,176.13175279623326,159.14771271735918,0.0505280942994328
A1,35,1,1,M2_no_direct_memory,encoding,1,205,305.2605123954709,267.9878779154635,746.2915797486423,0.003659730209326109
A1,35,1,1,M2_no_direct_memory,encoding,2,205,318.4348079683094,249.35441465240768,834.4862683217575,0.0034135443400577985
A1,35,1,1,M2_no_direct_memory,maintenance,0,362,306.3963331880037,307.4155921049659,104.91146973377893,0.08770498862204931
A1,35,1,1,M2_no_direct_memory,maintenance,1,362,367.8348092617788,348.1147046915604,414.55368747395596,0.004409925649843114
A1,35,1,1,M2_no_direct_memory,maintenance,2,362,160.73115076619325,188.35567386031403,707.3034247571783,0.0017229991704409348
A1,35,1,1,M2_no_direct_memory,retrieval,0,243,239.72710118646597,239.2878013470738,167.38845808710795,0.06862113023087266
A1,35,1,1,M2_no_direct_memory,retrieval,1,243,1576.3349139411216,1638.9435741960663,654.9802455430533,0.018898482674011872
A1,35,1,1,M2_no_direct_memory,retrieval,2,243,2617.2171717783917,2707.627447005612,182.54952152348977,0.02805593685070796
A1,37,1,-1,M2_no_direct_memory,encoding,0,205,985.9988260611165,998.7708596535965,1117.937097024677,0.2822390689903661
A1,37,1,-1,M2_no_direct_memory,encoding,1,205,462.17090710089974,480.42604802107127,906.5155632470388,0.005540909360715299
A1,37,1,-1,M2_no_direct_memory,encoding,2,205,850.0994927031633,861.6532705855853,436.377055305825,0.00911286153143057
A1,37,1,-1,M2_no_direct_memory,maintenance,0,363,1570.4929647749366,1555.863661391564,2376.337451143381,0.4495486815179261
A1,37,1,-1,M2_no_direct_memory,maintenance,1,363,1235.2510542796476,1264.7828887925577,411.7025171513996,0.014809270822400099
A1,37,1,-1,M2_no_direct_memory,maintenance,2,363,7489.590080231569,7467.97204662123,4535.770446244243,0.08028659929121765
A1,37,1,-1,M2_no_direct_memory,retrieval,0,266,1340.1638331654192,1343.4512466518765,1635.1237510329718,0.38361769057899764
A1,37,1,-1,M2_no_direct_memory,retrieval,1,266,6195.296050168229,6231.664221720488,728.3198550708042,0.07427463163380242
A1,37,1,-1,M2_no_direct_memory,retrieval,2,266,11418.61838909378,11474.18012427558,4613.1135404223105,0.122404835143682
A1,44,2,1,M0,encoding,0,205,182.8722250003129,172.87375548197065,167.11355776193312,0.06319681827276039
A1,44,2,1,M0,encoding,1,205,453.88362091779834,295.3068799840645,209.7406735728802,0.0075138352332596876
A1,44,2,1,M0,encoding,2,205,621.5882499988766,594.3026097134684,325.43276565429335,0.0075960826509688184
A1,44,2,1,M0,maintenance,0,362,783.7722247100364,815.6556218117125,640.4397727560981,0.2708552972008326
A1,44,2,1,M0,maintenance,1,362,943.1704568001817,871.307850387768,7519.653606567401,0.015613754457463262
A1,44,2,1,M0,maintenance,2,362,1201.5369659809594,1179.2300902107022,11277.471667853542,0.01468331182547639
A1,44,2,1,M0,retrieval,0,242,53.75677419862694,54.940705694209804,218.92141915998795,0.01857721745308577
A1,44,2,1,M0,retrieval,1,242,1247.3712695408012,1370.6209477969544,6244.180808475341,0.02064965943269624
A1,44,2,1,M0,retrieval,2,242,954.8318516420419,693.4574028764647,8391.360477384265,0.011668466485432528
A1,45,2,-1,M0,encoding,0,205,209.38244073082197,234.54314550156215,279.79540198954817,0.07235819467035048
A1,45,2,-1,M0,encoding,1,205,11545.63116333324,14205.258884117271,15960.249017825978,0.191132630099877
A1,45,2,-1,M0,encoding,2,205,10578.88188319548,13113.637246352611,14973.594224940045,0.1292786038663613
A1,45,2,-1,M0,maintenance,0,363,834.386754749205,774.7268734657544,1249.7755283446927,0.2883466207566161
A1,45,2,-1,M0,maintenance,1,363,11015.823706657682,10650.867969818131,11400.594684465408,0.1823619105776286
A1,45,2,-1,M0,maintenance,2,363,21461.8080117747,17676.613411203343,46172.63020522858,0.26227276255135146
A1,45,2,-1,M0,retrieval,0,223,122.39340270938895,124.62161069523962,405.17803766948055,0.04229660151396307
A1,45,2,-1,M0,retrieval,1,223,73532.63499668446,77096.29552237026,26819.996745234097,1.2172990567830513
A1,45,2,-1,M0,retrieval,2,223,2180.6712761752356,1601.4462891250657,10017.145696315101,0.026648765076319705
A1,47,2,-1,M0,encoding,0,205,97.87324781739395,131.0901135495806,153.86863579958782,0.03382294854273306
A1,47,2,-1,M0,encoding,1,205,601.3615588600403,147.05783146108612,167.34978494869614,0.009955264875506227
A1,47,2,-1,M0,encoding,2,205,643.9005844355605,76.3750425881826,102.88855886673379,0.007868749221672845
A1,47,2,-1,M0,maintenance,0,362,110.34454518592774,98.99559147487294,340.1608751283926,0.03813276821832041
A1,47,2,-1,M0,maintenance,1,362,3150.4202128338675,3851.0384267460513,1617.477877211173,0.052153762118355276
A1,47,2,-1,M0,maintenance,2,362,3680.830970843546,4504.266415735211,2010.9989576484975,0.04498137839449814
A1,47,2,-1,M0,retrieval,0,313,183.66411460021305,179.06424345585737,69.2849747521464,0.06347047876514456
A1,47,2,-1,M0,retrieval,1,313,19482.64738556408,18752.79799209064,891.7557742567153,0.32252629444264147
A1,47,2,-1,M0,retrieval,2,313,36999.17521117878,35716.4981200526,6590.664307801525,0.4521462445956768
A1,48,2,1,M0,encoding,0,205,379.640164927952,386.8852683645924,419.12509437042735,0.13119570515397572
A1,48,2,1,M0,encoding,1,205,322.6459720351242,333.7236666923901,387.06444077097086,0.005341256130028751
A1,48,2,1,M0,encoding,2,205,301.094041670535,315.6950596681799,520.0353739405787,0.0036795020276650463
A1,48,2,1,M0,maintenance,0,362,491.52768440697093,497.84079757631235,548.9673891269277,0.16986169303427515
A1,48,2,1,M0,maintenance,1,362,1846.2470358909675,1606.319949155314,12702.853638899049,0.030563773152966916
A1,48,2,1,M0,maintenance,2,362,2180.532269199456,2136.949070951877,15900.355992494864,0.026647066349747763
A1,48,2,1,M0,retrieval,0,298,108.75942196761277,106.49012958959979,103.31171058785354,0.037584982768848176
A1,48,2,1,M0,retrieval,1,298,1411.8144227856073,983.1553381702516,21213.811262947445,0.02337194043552389
A1,48,2,1,M0,retrieval,2,298,2316.0479592826932,1553.0261164505582,22800.799484326173,0.028303127870179016
A1,49,2,-1,M0,encoding,0,205,88.83930134350501,90.12291549100664,94.92541127054571,0.030701005483336128
A1,49,2,-1,M0,encoding,1,205,7725.046331346114,5609.769314918862,4629.762531666612,0.1278845999898821
A1,49,2,-1,M0,encoding,2,205,7872.010303409338,5386.300002183158,4302.120796407209,0.0961994389277525
A1,49,2,-1,M0,maintenance,0,363,164.31401524073917,138.5954957643792,572.149178787783,0.05678348891319502
A1,49,2,-1,M0,maintenance,1,363,6632.871357161603,8521.365044595654,505.73250990260675,0.10980414406746332
A1,49,2,-1,M0,maintenance,2,363,1988.5998121932817,3249.6244872244692,4008.0193745730317,0.024301567047235108
A1,49,2,-1,M0,retrieval,0,255,198.92104552355926,200.54391394148706,540.3768674354862,0.06874295516751304
A1,49,2,-1,M0,retrieval,1,255,2245.9346785055905,2505.707251808692,22281.227810222204,0.03718041881491768
A1,49,2,-1,M0,retrieval,2,255,21709.4327333853,21119.13237112077,64276.65498629151,0.26529884589797303
A1,50,2,-1,M0,encoding,0,205,140.69693507018667,117.8493057944677,114.38873034575175,0.04862191968818523
A1,50,2,-1,M0,encoding,1,205,5169.525249892092,3565.8337264177776,2753.8042901181257,0.08557912022319823
A1,50,2,-1,M0,encoding,2,205,7802.181351243165,6066.316953589332,5059.973580368315,0.09534609832473151
A1,50,2,-1,M0,maintenance,0,362,305.58127180931564,355.00374912651125,92.72338021864837,0.10560249978945283
A1,50,2,-1,M0,maintenance,1,362,15114.53717963595,17663.2456295118,3430.233160020526,0.2502142328139445
A1,50,2,-1,M0,maintenance,2,362,94382.60429113463,101689.2076115166,56193.088615160494,1.1533970647135605
A1,50,2,-1,M0,retrieval,0,235,173.32524248263712,172.6696856221409,82.9449104883125,0.05989758068092954
A1,50,2,-1,M0,retrieval,1,235,5968.2814835125755,6511.9457528279445,1371.444138355083,0.09880216343155925
A1,50,2,-1,M0,retrieval,2,235,23360.572663755705,25659.20756016816,3346.6872966255837,0.28547650430678495
A1,51,2,1,M0,encoding,0,205,258.77750192387487,296.8482216116605,338.57048263210703,0.08942809528420205
A1,51,2,1,M0,encoding,1,205,48972.59575038017,50131.98624609536,52817.48778391863,0.8107188681303673
A1,51,2,1,M0,encoding,2,205,53355.07342138035,53569.075400536334,56532.75403480521,0.652022536716303
A1,51,2,1,M0,maintenance,0,362,2962.866509088492,2838.8661438054924,4341.094083293428,1.0239047309726395
A1,51,2,1,M0,maintenance,1,362,419270.4101802995,414399.5952852573,520659.12909717555,6.940829400068885
A1,51,2,1,M0,maintenance,2,362,600857.2028725315,600049.773819011,736173.3414569831,7.342740108838832
A1,51,2,1,M0,retrieval,0,273,881.9095996163286,879.3191947623272,1315.639312628104,0.30476952254428263
A1,51,2,1,M0,retrieval,1,273,181407.93931360194,170686.3297505776,225380.60854707513,3.0031252576405247
A1,51,2,1,M0,retrieval,2,273,189140.63604077807,177579.81543614747,241909.80676822463,2.311382018603407
A1,52,2,1,M0,encoding,0,205,1623.895127964278,1487.819614001276,1378.9137278208568,0.5611842109746507
A1,52,2,1,M0,encoding,1,205,42752.713244139755,40354.96031189357,37946.95496637687,0.7077515651296078
A1,52,2,1,M0,encoding,2,205,37663.159404252714,37376.643656630375,34532.1111551568,0.4602604243755159
A1,52,2,1,M0,maintenance,0,363,17069.082335361738,16875.754327362694,20102.018569470707,5.89871804987769
A1,52,2,1,M0,maintenance,1,363,1024969.4476117311,1019016.2526307546,1170278.5213817956,16.967899244539016
A1,52,2,1,M0,maintenance,2,363,677007.7949050589,676314.4672201934,809093.214765631,8.27333394004515
A1,52,2,1,M0,retrieval,0,289,55500.33585355176,55558.76633068465,60749.29477631922,19.179755914317095
A1,52,2,1,M0,retrieval,1,289,1322543.336757561,1313261.5809447942,1587061.509470289,21.89409853818348
A1,52,2,1,M0,retrieval,2,289,853343.8662668376,843362.4778137052,1060042.026434677,10.428238529077566
A1,53,2,1,M0,encoding,0,205,2018.344374344537,1862.8082066970399,1745.6099174059013,0.697497625115469
A1,53,2,1,M0,encoding,1,205,76250.96468387068,73154.5844938825,69421.07959879744,1.2622997583679512
A1,53,2,1,M0,encoding,2,205,66075.7066193242,65708.42242655871,61605.9582651927,0.8074742865594087
A1,53,2,1,M0,maintenance,0,362,8694.40987366726,8573.055631848136,10811.962507435765,3.004606307896693
A1,53,2,1,M0,maintenance,1,362,532868.480919489,528875.4277429796,636056.8236750183,8.821393375090654
A1,53,2,1,M0,maintenance,2,362,266143.03516298765,265735.6674257278,348433.5695660082,3.252385308250935
A1,53,2,1,M0,retrieval,0,239,23561.718906641676,23586.62549037968,26999.063866904366,8.142437529451772
A1,53,2,1,M0,retrieval,1,239,495331.17244510277,483684.7961409782,650792.5795370268,8.199980444599245
A1,53,2,1,M0,retrieval,2,239,188106.55091551354,178856.25585936088,279495.260029497,2.298745042148879
A1,54,2,-1,M0,encoding,0,205,1336.0674766698626,1201.540784382956,1098.891915366195,0.46171699132061383
A1,54,2,-1,M0,encoding,1,205,12390.29361404399,9067.062670303487,7808.038254307242,0.20511562968362124
A1,54,2,-1,M0,encoding,2,205,94035.61825802471,83429.9690738325,78855.72516525838,1.1491567423036062
A1,54,2,-1,M0,maintenance,0,363,1344.3655166118865,1310.5503011329547,2085.47682833164,0.46458462046569204
A1,54,2,-1,M0,maintenance,1,363,52211.20200387962,49054.0913022781,85239.01961532376,0.8643325097175937
A1,54,2,-1,M0,maintenance,2,363,394775.07432806434,384157.2465051301,483754.768715152,4.8243255774924245
A1,54,2,-1,M0,retrieval,0,273,4299.652370978704,4315.817816985458,5831.429452825293,1.4858699812085707
A1,54,2,-1,M0,retrieval,1,273,100183.83579092385,98157.32232499587,183299.77677198531,1.658497466039379
A1,54,2,-1,M0,retrieval,2,273,417105.2269632275,409432.0382711155,564141.8243202216,5.097209894443003
A1,55,2,1,M0,encoding,0,205,188.41182670355232,212.35511267234662,235.57552456893322,0.06511118882379675
A1,55,2,1,M0,encoding,1,205,1474.9814614451946,1053.2669530917603,788.1807888240437,0.024417641797695403
A1,55,2,1,M0,encoding,2,205,1301.3139933369866,1258.3062884761641,752.5380067825964,0.01590263111998643
A1,55,2,1,M0,maintenance,0,362,560.9096701157978,539.2043478428888,777.1563952602364,0.193838656962157
A1,55,2,1,M0,maintenance,1,362,3250.347282064605,2983.783894194281,15699.148829782855,0.05380800893172129
A1,55,2,1,M0,maintenance,2,362,2562.4279639911724,2613.3502467237304,1861.0725300481622,0.03131400022710513
A1,55,2,1,M0,retrieval,0,250,89.56248735289505,89.85701136475753,153.6943121814661,0.030950923450992207
A1,55,2,1,M0,retrieval,1,250,1018.596100376843,516.8659843722112,17278.891413008074,0.016862391403320895
A1,55,2,1,M0,retrieval,2,250,9496.94842584802,10083.550792364389,645.1263765561771,0.11605689968377005
A1,56,2,-1,M0,encoding,0,205,215.6114098667669,237.7551441550386,277.634997885299,0.07451079619587067
A1,56,2,-1,M0,encoding,1,205,7574.167865450782,5216.763624832774,4260.346492727722,0.12538687616655464
A1,56,2,-1,M0,encoding,2,205,2216.2649703763013,1000.4140423726617,577.6980456711312,0.02708373572289337
A1,56,2,-1,M0,maintenance,0,363,502.48424512652963,448.8506805171944,1160.9643229038077,0.17364805138742168
A1,56,2,-1,M0,maintenance,1,363,6690.069802944246,5865.666462403459,20674.550098920572,0.11075103811122786
A1,56,2,-1,M0,maintenance,2,363,2462.5093527030126,1801.6870713494477,14102.656219369801,0.030092950714479587
A1,56,2,-1,M0,retrieval,0,282,532.1152159897345,535.5447842513861,1100.9709894786236,0.18388789552386284
A1,56,2,-1,M0,retrieval,1,282,3476.680851089763,2473.808509354744,24984.286577439598,0.05755485739030147
A1,56,2,-1,M0,retrieval,2,282,2021.0776221559265,1248.119836743711,21344.858469677325,0.024698460213731028
A1,57,2,-1,M0,encoding,0,205,1906.795576844982,1929.662281686082,2025.4608253792123,0.6589486924707644
A1,57,2,-1,M0,encoding,1,205,451.6545050866134,958.0996047332442,1308.325034883429,0.007476933242750523
A1,57,2,-1,M0,encoding,2,205,625.5865082041896,695.0281638194796,817.9437876830514,0.007644943130212962
A1,57,2,-1,M0,maintenance,0,362,204.1491096220498,233.13609116243376,258.8287931835738,0.07054966483460481
A1,57,2,-1,M0,maintenance,1,362,9703.8520730208,7573.711675725865,26726.522289801902,0.1606428217373565
A1,57,2,-1,M0,maintenance,2,362,8022.215395270757,5810.668731692617,25274.483152812736,0.09803501141867034
A1,57,2,-1,M0,retrieval,0,285,239.9806214509249,245.3878609532034,602.2898304202614,0.08293228631517034
A1,57,2,-1,M0,retrieval,1,285,1308.4868375997646,531.5340469137807,14938.625413591879,0.021661399639698087
A1,57,2,-1,M0,retrieval,2,285,1750.0073293370115,659.8826276401659,16730.18036902197,0.02138586164308797
A1,44,2,1,M1,encoding,0,205,196.4549343606959,172.87375548197065,167.11355776193312,0.06789071870022209
A1,44,2,1,M1,encoding,1,205,657.8961063655128,295.3068799840645,209.7406735728802,0.010891168387697391
A1,44,2,1,M1,encoding,2,205,874.3062709916613,594.3026097134684,325.43276565429335,0.010684408363132674
A1,44,2,1,M1,maintenance,0,362,730.9558130506412,815.6556218117125,640.4397727560981,0.25260304938434547
A1,44,2,1,M1,maintenance,1,362,1234.8057154557146,871.307850387768,7519.653606567401,0.020441642446273514
A1,44,2,1,M1,maintenance,2,362,1616.1517120679546,1179.2300902107022,11277.471667853542,0.019750086944846746
A1,44,2,1,M1,retrieval,0,242,65.5016728267588,54.940705694209804,218.92141915998795,0.02263600890833695
A1,44,2,1,M1,retrieval,1,242,352.7710210542288,1370.6209477969544,6244.180808475341,0.005839962503847024
A1,44,2,1,M1,retrieval,2,242,629.8167737946185,693.4574028764647,8391.360477384265,0.007696638842061608
A1,45,2,-1,M1,encoding,0,205,177.93870322637773,234.54314550156215,279.79540198954817,0.06149189627604079
A1,45,2,-1,M1,encoding,1,205,6972.470286477805,14205.258884117271,15960.249017825978,0.11542604863214793
A1,45,2,-1,M1,encoding,2,205,5384.944162031192,13113.637246352611,14973.594224940045,0.0658063934215534
A1,45,2,-1,M1,maintenance,0,363,811.5525032526488,774.7268734657544,1249.7755283446927,0.280455580757404
A1,45,2,-1,M1,maintenance,1,363,7230.519769038502,10650.867969818131,11400.594684465408,0.1196979394971857
A1,45,2,-1,M1,maintenance,2,363,26222.881380517752,17676.613411203343,46172.63020522858,0.32045517963591524
A1,45,2,-1,M1,retrieval,0,223,144.9690853099348,124.62161069523962,405.17803766948055,0.05009828550773401
A1,45,2,-1,M1,retrieval,1,223,52057.05769780531,77096.29552237026,26819.996745234097,0.8617807214075295
A1,45,2,-1,M1,retrieval,2,223,2319.545369733722,1601.4462891250657,10017.145696315101,0.028345867768898837
A1,47,2,-1,M1,encoding,0,205,90.40808848701091,131.0901135495806,153.86863579958782,0.031243145526837067
A1,47,2,-1,M1,encoding,1,205,2418.723912269149,147.05783146108612,167.34978494869614,0.040040865353956165
A1,47,2,-1,M1,encoding,2,205,2392.301717027506,76.3750425881826,102.88855886673379,0.029234982431904727
A1,47,2,-1,M1,maintenance,0,362,111.45795920816884,98.99559147487294,340.1608751283926,0.03851754083004859
A1,47,2,-1,M1,maintenance,1,362,1193.444316866869,3851.0384267460513,1617.477877211173,0.019756923457328
A1,47,2,-1,M1,maintenance,2,362,1491.9667938477314,4504.266415735211,2010.9989576484975,0.018232492455558497
A1,47,2,-1,M1,retrieval,0,313,160.95111462500964,179.06424345585737,69.2849747521464,0.055621340757119095
A1,47,2,-1,M1,retrieval,1,313,12718.66564980955,18752.79799209064,891.7557742567153,0.21055167817323908
A1,47,2,-1,M1,retrieval,2,313,27188.14678994139,35716.4981200526,6590.664307801525,0.3322511488005776
A1,48,2,1,M1,encoding,0,205,350.2868126626272,386.8852683645924,419.12509437042735,0.12105180020173448
A1,48,2,1,M1,encoding,1,205,524.6183023413846,333.7236666923901,387.06444077097086,0.008684815451535063
A1,48,2,1,M1,encoding,2,205,281.5639925327189,315.6950596681799,520.0353739405787,0.0034408362108182804
A1,48,2,1,M1,maintenance,0,362,448.1539947634711,497.84079757631235,548.9673891269277,0.15487265255962313
A1,48,2,1,M1,maintenance,1,362,2582.4710465799553,1606.319949155314,12702.853638899049,0.04275162408246439
A1,48,2,1,M1,maintenance,2,362,2745.8095625306264,2136.949070951877,15900.355992494864,0.03355500426663611
A1,48,2,1,M1,retrieval,0,298,94.48372926187186,106.49012958959979,103.31171058785354,0.03265160178307554
A1,48,2,1,M1,retrieval,1,298,4046.14534006182,983.1553381702516,21213.811262947445,0.06698208089899776
A1,48,2,1,M1,retrieval,2,298,5440.314789590901,1553.0261164505582,22800.799484326173,0.0664830469190742
A1,49,2,-1,M1,encoding,0,205,76.77047568993414,90.12291549100664,94.92541127054571,0.026530271619333308
A1,49,2,-1,M1,encoding,1,205,13322.216931042598,5609.769314918862,4629.762531666612,0.22054319289861676
A1,49,2,-1,M1,encoding,2,205,13706.821887714188,5386.300002183158,4302.120796407209,0.16750341072466154
A1,49,2,-1,M1,maintenance,0,363,184.11043088789813,138.5954957643792,572.149178787783,0.06362471634455258
A1,49,2,-1,M1,maintenance,1,363,4732.6577464826505,8521.365044595654,505.73250990260675,0.07834697901319727
A1,49,2,-1,M1,maintenance,2,363,3612.203196133759,3249.6244872244692,4008.0193745730317,0.044142716709936775
A1,49,2,-1,M1,retrieval,0,255,223.41043380989183,200.54391394148706,540.3768674354862,0.07720597584295885
A1,49,2,-1,M1,retrieval,1,255,7483.525138534005,2505.707251808692,22281.227810222204,0.12388632738321496
A1,49,2,-1,M1,retrieval,2,255,36089.79374403381,21119.13237112077,64276.65498629151,0.441033201860868
A1,50,2,-1,M1,encoding,0,205,152.55321889078226,117.8493057944677,114.38873034575175,0.05271920353760067
A1,50,2,-1,M1,encoding,1,205,9360.831365194399,3565.8337264177776,2753.8042901181257,0.15496427119836156
A1,50,2,-1,M1,encoding,2,205,14336.463970313676,6066.316953589332,5059.973580368315,0.17519791476324742
A1,50,2,-1,M1,maintenance,0,362,285.03965831870937,355.00374912651125,92.72338021864837,0.09850374756071549
A1,50,2,-1,M1,maintenance,1,362,10920.624808695775,17663.2456295118,3430.233160020526,0.18078593647169533
A1,50,2,-1,M1,maintenance,2,362,82308.5487281327,101689.2076115166,56193.088615160494,1.005846778830392
A1,50,2,-1,M1,retrieval,0,235,154.43904340943126,172.6696856221409,82.9449104883125,0.05337090507072947
A1,50,2,-1,M1,retrieval,1,235,1762.4542146044525,6511.9457528279445,1371.444138355083,0.02917662141657307
A1,50,2,-1,M1,retrieval,2,235,13728.577802220283,25659.20756016816,3346.6872966255837,0.16776927759832913
A1,51,2,1,M1,encoding,0,205,227.17433187176152,296.8482216116605,338.57048263210703,0.07850670033413168
A1,51,2,1,M1,encoding,1,205,44474.78719939121,50131.98624609536,52817.48778391863,0.7362597098674207
A1,51,2,1,M1,encoding,2,205,49759.015581116204,53569.075400536334,56532.75403480521,0.6080771233781961
A1,51,2,1,M1,maintenance,0,362,3063.6388989621787,2838.8661438054924,4341.094083293428,1.058729562407529
A1,51,2,1,M1,maintenance,1,362,427493.6257604698,414399.5952852573,520659.12909717555,7.076960963556531
A1,51,2,1,M1,maintenance,2,362,608645.5520174224,600049.773819011,736173.3414569831,7.437917171499361
A1,51,2,1,M1,retrieval,0,273,933.4082401627244,879.3191947623272,1315.639312628104,0.3225663762102738
A1,51,2,1,M1,retrieval,1,273,187010.6382106552,170686.3297505776,225380.60854707513,3.095875368977211
A1,51,2,1,M1,retrieval,2,273,196423.50991687813,177579.81543614747,241909.80676822463,2.4003819504707438
A1,52,2,1,M1,encoding,0,205,1716.1831729852433,1487.819614001276,1378.9137278208568,0.5930770301817682
A1,52,2,1,M1,encoding,1,205,43702.952703509225,40354.96031189357,37946.95496637687,0.7234823436833839
A1,52,2,1,M1,encoding,2,205,39022.969751829056,37376.643656630375,34532.1111551568,0.4768779067520749
A1,52,2,1,M1,maintenance,0,363,17404.998261479195,16875.754327362694,20102.018569470707,6.01480357209264
A1,52,2,1,M1,maintenance,1,363,1041084.662965148,1019016.2526307546,1170278.5213817956,17.234679245697066
A1,52,2,1,M1,maintenance,2,363,687188.2476159907,676314.4672201934,809093.214765631,8.39774356364511
A1,52,2,1,M1,retrieval,0,289,56144.50921949916,55558.76633068465,60749.29477631922,19.402368764047882
A1,52,2,1,M1,retrieval,1,289,1381138.1350045563,1313261.5809447942,1587061.509470289,22.864108556751116
A1,52,2,1,M1,retrieval,2,289,898532.6790966581,843362.4778137052,1060042.026434677,10.980465758525835
A1,53,2,1,M1,encoding,0,205,2098.568376560581,1862.8082066970399,1745.6099174059013,0.725221363311098
A1,53,2,1,M1,encoding,1,205,79179.53076894017,73154.5844938825,69421.07959879744,1.3107808271239214
A1,53,2,1,M1,encoding,2,205,68717.16797107451,65708.42242655871,61605.9582651927,0.8397541096533482
A1,53,2,1,M1,maintenance,0,362,8939.877981405692,8573.055631848136,10811.962507435765,3.0894349547646214
A1,53,2,1,M1,maintenance,1,362,545051.9031552407,528875.4277429796,636056.8236750183,9.02308434395963
A1,53,2,1,M1,maintenance,2,362,272832.14021138265,265735.6674257278,348433.5695660082,3.334129123081271
A1,53,2,1,M1,retrieval,0,239,24031.85595144792,23586.62549037968,26999.063866904366,8.304907064581352
A1,53,2,1,M1,retrieval,1,239,530438.0649334891,483684.7961409782,650792.5795370268,8.781158952817039
A1,53,2,1,M1,retrieval,2,239,206461.9311622974,178856.25585936088,279495.260029497,2.523055886899858
A1,54,2,-1,M1,encoding,0,205,1394.1134435822723,1201.540784382956,1098.891915366195,0.48177646411602576
A1,54,2,-1,M1,encoding,1,205,16658.324421799614,9067.062670303487,7808.038254307242,0.275770922763166
A1,54,2,-1,M1,encoding,2,205,104522.42652322161,83429.9690738325,78855.72516525838,1.2773101659364408
A1,54,2,-1,M1,maintenance,0,363,1413.9669883974589,1310.5503011329547,2085.47682833164,0.4886374341936485
A1,54,2,-1,M1,maintenance,1,363,64768.237987272645,49054.0913022781,85239.01961532376,1.07220848287243
A1,54,2,-1,M1,maintenance,2,363,428473.94866568275,384157.2465051301,483754.768715152,5.236140689366924
A1,54,2,-1,M1,retrieval,0,273,4457.652424959702,4315.817816985458,5831.429452825293,1.5404714970949025
A1,54,2,-1,M1,retrieval,1,273,126089.86740583798,98157.32232499587,183299.77677198531,2.0873599412009014
A1,54,2,-1,M1,retrieval,2,273,467111.1119532145,409432.0382711155,564141.8243202216,5.708303870912907
A1,55,2,1,M1,encoding,0,205,159.04855962514088,212.35511267234662,235.57552456893322,0.054963857519408015
A1,55,2,1,M1,encoding,1,205,2038.8182490988459,1053.2669530917603,788.1807888240437,0.03375170129143342
A1,55,2,1,M1,encoding,2,205,1724.4535353090375,1258.3062884761641,752.5380067825964,0.02107358300609206
A1,55,2,1,M1,maintenance,0,362,535.3045430089308,539.2043478428888,777.1563952602364,0.18499006027328949
A1,55,2,1,M1,maintenance,1,362,4228.5137972362045,2983.783894194281,15699.148829782855,0.07000110708941469
A1,55,2,1,M1,maintenance,2,362,2234.9953371569795,2613.3502467237304,1861.0725300481622,0.027312629068527317
A1,55,2,1,M1,retrieval,0,250,83.41135315842779,89.85701136475753,153.6943121814661,0.028825220054216418
A1,55,2,1,M1,retrieval,1,250,2933.4818300581464,516.8659843722112,17278.891413008074,0.048562446660329966
A1,55,2,1,M1,retrieval,2,250,4745.521293118053,10083.550792364389,645.1263765561771,0.057992363859069584
A1,56,2,-1,M1,encoding,0,205,200.01609516206327,237.7551441550386,277.634997885299,0.06912138143210336
A1,56,2,-1,M1,encoding,1,205,12216.354379458857,5216.763624832774,4260.346492727722,0.20223614540827062
A1,56,2,-1,M1,encoding,2,205,5211.138260234141,1000.4140423726617,577.6980456711312,0.06368240862087715
A1,56,2,-1,M1,maintenance,0,363,536.9087652936677,448.8506805171944,1160.9643229038077,0.18554444596087794
A1,56,2,-1,M1,maintenance,1,363,12069.695705108914,5865.666462403459,20674.550098920572,0.19980827829915251
A1,56,2,-1,M1,maintenance,2,363,6003.989608614887,1801.6870713494477,14102.656219369801,0.07337140189293966
A1,56,2,-1,M1,retrieval,0,282,581.6525331872075,535.5447842513861,1100.9709894786236,0.2010069568391798
A1,56,2,-1,M1,retrieval,1,282,8273.3917118236,2473.808509354744,24984.286577439598,0.13696220634081302
A1,56,2,-1,M1,retrieval,2,282,6463.91277598717,1248.119836743711,21344.858469677325,0.07899186590985365
A1,57,2,-1,M1,encoding,0,205,1805.7991196456237,1929.662281686082,2025.4608253792123,0.6240464280519356
A1,57,2,-1,M1,encoding,1,205,1139.89122117283,958.0996047332442,1308.325034883429,0.01887037651284402
A1,57,2,-1,M1,encoding,2,205,2312.9041666592407,695.0281638194796,817.9437876830514,0.028264709337323394
A1,57,2,-1,M1,maintenance,0,362,204.9842966011905,233.13609116243376,258.8287931835738,0.07083828799618358
A1,57,2,-1,M1,maintenance,1,362,12877.901323439577,7573.711675725865,26726.522289801902,0.2131877517387353
A1,57,2,-1,M1,maintenance,2,362,11209.264285414854,5810.668731692617,25274.483152812736,0.13698215493732077
A1,57,2,-1,M1,retrieval,0,285,269.9870650515867,245.3878609532034,602.2898304202614,0.09330188598094578
A1,57,2,-1,M1,retrieval,1,285,3437.3335358806594,531.5340469137807,14938.625413591879,0.056903480628226415
A1,57,2,-1,M1,retrieval,2,285,4751.308767027438,659.8826276401659,16730.18036902197,0.05806308934359426
A1,44,2,1,M2,encoding,0,205,183.14608458188465,172.87375548197065,167.11355776193312,0.06329145841950116
A1,44,2,1,M2,encoding,1,205,764.4942812998738,295.3068799840645,209.7406735728802,0.012655852297205644
A1,44,2,1,M2,encoding,2,205,929.8297483670264,594.3026097134684,325.43276565429335,0.011362929752835964
A1,44,2,1,M2,maintenance,0,362,715.8679552110793,815.6556218117125,640.4397727560981,0.24738900110549725
A1,44,2,1,M2,maintenance,1,362,1255.907018287969,871.307850387768,7519.653606567401,0.02079096483946336
A1,44,2,1,M2,maintenance,2,362,1638.9567206118172,1179.2300902107022,11277.471667853542,0.02002877421050137
A1,44,2,1,M2,retrieval,0,242,73.3763433187038,54.940705694209804,218.92141915998795,0.025357330421412354
A1,44,2,1,M2,retrieval,1,242,1471.1105442188093,1370.6209477969544,6244.180808475341,0.024353560537874144
A1,44,2,1,M2,retrieval,2,242,2421.025121943055,693.4574028764647,8391.360477384265,0.029585995112334496
A1,45,2,-1,M2,encoding,0,205,226.20491329543933,234.54314550156215,279.79540198954817,0.07817168953849025
A1,45,2,-1,M2,encoding,1,205,7169.259480438525,14205.258884117271,15960.249017825978,0.11868380350798353
A1,45,2,-1,M2,encoding,2,205,6050.090060503222,13113.637246352611,14973.594224940045,0.07393476975388527
A1,45,2,-1,M2,maintenance,0,363,695.4088825603479,774.7268734657544,1249.7755283446927,0.24031877326562015
A1,45,2,-1,M2,maintenance,1,363,4360.682860673481,10650.867969818131,11400.594684465408,0.07218910533353241
A1,45,2,-1,M2,maintenance,2,363,28002.796501148354,17676.613411203343,46172.63020522858,0.34220652768350723
A1,45,2,-1,M2,retrieval,0,223,198.92957486024088,124.62161069523962,405.17803766948055,0.06874590272797639
A1,45,2,-1,M2,retrieval,1,223,34135.97606484174,77096.29552237026,26819.996745234097,0.5651054320027333
A1,45,2,-1,M2,retrieval,2,223,6839.256044150275,1601.4462891250657,10017.145696315101,0.08357872624297104
A1,47,2,-1,M2,encoding,0,205,97.81890741459793,131.0901135495806,153.86863579958782,0.03380416963543665
A1,47,2,-1,M2,encoding,1,205,2356.171922372142,147.05783146108612,167.34978494869614,0.039005345842041995
A1,47,2,-1,M2,encoding,2,205,2596.564257195199,76.3750425881826,102.88855886673379,0.03173116079051018
A1,47,2,-1,M2,maintenance,0,362,115.83692099954263,98.99559147487294,340.1608751283926,0.04003081848909352
A1,47,2,-1,M2,maintenance,1,362,1205.2176412954013,3851.0384267460513,1617.477877211173,0.019951825445033176
A1,47,2,-1,M2,maintenance,2,362,1408.11436703516,4504.266415735211,2010.9989576484975,0.017207778805398997
A1,47,2,-1,M2,retrieval,0,313,129.61266898919104,179.06424345585737,69.2849747521464,0.0447914290316276
A1,47,2,-1,M2,retrieval,1,313,5589.326859853775,18752.79799209064,891.7557742567153,0.0925287433920865
A1,47,2,-1,M2,retrieval,2,313,15671.249917745643,35716.4981200526,6590.664307801525,0.19150958792962922
A1,48,2,1,M2,encoding,0,205,333.2413715763123,386.8852683645924,419.12509437042735,0.11516125207334023
A1,48,2,1,M2,encoding,1,205,547.2993183967196,333.7236666923901,387.06444077097086,0.009060289272815717
A1,48,2,1,M2,encoding,2,205,294.8495000379742,315.6950596681799,520.0353739405787,0.003603190973911322
A1,48,2,1,M2,maintenance,0,362,428.1639211523034,497.84079757631235,548.9673891269277,0.1479645009840522
A1,48,2,1,M2,maintenance,1,362,2762.3494165695697,1606.319949155314,12702.853638899049,0.045729428021272014
A1,48,2,1,M2,maintenance,2,362,2792.4513622679333,2136.949070951877,15900.355992494864,0.034124987637131225
A1,48,2,1,M2,retrieval,0,298,88.24285334414098,106.49012958959979,103.31171058785354,0.030494885522664703
A1,48,2,1,M2,retrieval,1,298,9028.85400692872,983.1553381702516,21213.811262947445,0.14946853824783748
A1,48,2,1,M2,retrieval,2,298,10694.140450920344,1553.0261164505582,22800.799484326173,0.13068711441441616
A1,49,2,-1,M2,encoding,0,205,138.79747693211016,90.12291549100664,94.92541127054571,0.04796550666117399
A1,49,2,-1,M2,encoding,1,205,13008.755017492189,5609.769314918862,4629.762531666612,0.21535397464580242
A1,49,2,-1,M2,encoding,2,205,13474.856464177674,5386.300002183158,4302.120796407209,0.16466869090916708
A1,49,2,-1,M2,maintenance,0,363,229.33616498775228,138.5954957643792,572.149178787783,0.07925378466892924
A1,49,2,-1,M2,maintenance,1,363,6289.769972913255,8521.365044595654,505.73250990260675,0.10412425796729427
A1,49,2,-1,M2,maintenance,2,363,7780.01687500288,3249.6244872244692,4008.0193745730317,0.09507523864642042
A1,49,2,-1,M2,retrieval,0,255,290.00045867205813,200.54391394148706,540.3768674354862,0.10021809646425998
A1,49,2,-1,M2,retrieval,1,255,16807.424140487474,2505.707251808692,22281.227810222204,0.27823920024205046
A1,49,2,-1,M2,retrieval,2,255,56200.81459810443,21119.13237112077,64276.65498629151,0.6867987493968039
A1,50,2,-1,M2,encoding,0,205,171.94355585224318,117.8493057944677,114.38873034575175,0.05942009866368632
A1,50,2,-1,M2,encoding,1,205,9321.049287704587,3565.8337264177776,2753.8042901181257,0.1543056971460731
A1,50,2,-1,M2,encoding,2,205,13672.715316061467,6066.316953589332,5059.973580368315,0.1670866133717262
A1,50,2,-1,M2,maintenance,0,362,303.42401415081963,355.00374912651125,92.72338021864837,0.10485699663712192
A1,50,2,-1,M2,maintenance,1,362,11321.807940772858,17663.2456295118,3430.233160020526,0.18742733927599745
A1,50,2,-1,M2,maintenance,2,362,79962.49665488239,101689.2076115166,56193.088615160494,0.9771769874501364
A1,50,2,-1,M2,retrieval,0,235,119.10206500363758,172.6696856221409,82.9449104883125,0.04115918400365335
A1,50,2,-1,M2,retrieval,1,235,839.0722992974308,6511.9457528279445,1371.444138355083,0.013890457190247611
A1,50,2,-1,M2,retrieval,2,235,6470.534957094225,25659.20756016816,3346.6872966255837,0.07907279188459491
A1,51,2,1,M2,encoding,0,205,212.24221538075687,296.8482216116605,338.57048263210703,0.07334647300979034
A1,51,2,1,M2,encoding,1,205,45664.45698533342,50131.98624609536,52817.48778391863,0.7559541476959581
A1,51,2,1,M2,encoding,2,205,50906.73328232444,53569.075400536334,56532.75403480521,0.6221027400438484
A1,51,2,1,M2,maintenance,0,362,3101.0011127117727,2838.8661438054924,4341.094083293428,1.0716411624747186
A1,51,2,1,M2,maintenance,1,362,429005.60279206577,414399.5952852573,520659.12909717555,7.101991050055164
A1,51,2,1,M2,maintenance,2,362,609426.6139152822,600049.773819011,736173.3414569831,7.44746209248472
A1,51,2,1,M2,retrieval,0,273,952.4293036186674,879.3191947623272,1315.639312628104,0.329139658131997
A1,51,2,1,M2,retrieval,1,273,188493.39206603158,170686.3297505776,225380.60854707513,3.1204216791927024
A1,51,2,1,M2,retrieval,2,273,201699.94203195433,177579.81543614747,241909.80676822463,2.4648622788045205
A1,52,2,1,M2,encoding,0,205,1721.5472277513534,1487.819614001276,1378.9137278208568,0.5949307353808952
A1,52,2,1,M2,encoding,1,205,44974.8289472732,40354.96031189357,37946.95496637687,0.7445376717285227
A1,52,2,1,M2,encoding,2,205,39582.10304373358,37376.643656630375,34532.1111551568,0.4837107622608829
A1,52,2,1,M2,maintenance,0,363,17648.492459842495,16875.754327362694,20102.018569470707,6.098950077142329
A1,52,2,1,M2,maintenance,1,363,1045554.9681652877,1019016.2526307546,1170278.5213817956,17.308683098597328
A1,52,2,1,M2,maintenance,2,363,688772.6230876583,676314.4672201934,809093.214765631,8.417105330913035
A1,52,2,1,M2,retrieval,0,289,56567.461119748754,55558.76633068465,60749.29477631922,19.54853209955795
A1,52,2,1,M2,retrieval,1,289,1455080.8406598333,1313261.5809447942,1587061.509470289,24.08819614526489
A1,52,2,1,M2,retrieval,2,289,956191.2642137015,843362.4778137052,1060042.026434677,11.685079106811894
A1,53,2,1,M2,encoding,0,205,2113.0644055612847,1862.8082066970399,1745.6099174059013,0.7302308879145887
A1,53,2,1,M2,encoding,1,205,80099.55412271719,73154.5844938825,69421.07959879744,1.3260113919040577
A1,53,2,1,M2,encoding,2,205,68961.96495129835,65708.42242655871,61605.9582651927,0.8427456367526639
A1,53,2,1,M2,maintenance,0,362,9129.256898972579,8573.055631848136,10811.962507435765,3.154880349975109
A1,53,2,1,M2,maintenance,1,362,548596.6978882683,528875.4277429796,636056.8236750183,9.081766795434389
A1,53,2,1,M2,maintenance,2,362,273922.6409909738,265735.6674257278,348433.5695660082,3.347455523721462
A1,53,2,1,M2,retrieval,0,239,24288.29931913338,23586.62549037968,26999.063866904366,8.39352853186456
A1,53,2,1,M2,retrieval,1,239,567742.9158512949,483684.7961409782,650792.5795370268,9.398723655043812
A1,53,2,1,M2,retrieval,2,239,227407.77111203427,178856.25585936088,279495.260029497,2.7790232920952636
A1,54,2,-1,M2,encoding,0,205,1420.6873675691402,1201.540784382956,1098.891915366195,0.49095985675528164
A1,54,2,-1,M2,encoding,1,205,17199.672358076557,9067.062670303487,7808.038254307242,0.2847326896337682
A1,54,2,-1,M2,encoding,2,205,108010.05799734865,83429.9690738325,78855.72516525838,1.319930561244166
A1,54,2,-1,M2,maintenance,0,363,1587.8413844944193,1310.5503011329547,2085.47682833164,0.5487247908844023
A1,54,2,-1,M2,maintenance,1,363,73423.25187511026,49054.0913022781,85239.01961532376,1.215488269358852
A1,54,2,-1,M2,maintenance,2,363,450793.3311283677,384157.2465051301,483754.768715152,5.508893390058169
A1,54,2,-1,M2,retrieval,0,273,4787.1184971747425,4315.817816985458,5831.429452825293,1.6543280846263246
A1,54,2,-1,M2,retrieval,1,273,160121.91537854593,98157.32232499587,183299.77677198531,2.6507448912906253
A1,54,2,-1,M2,retrieval,2,273,531027.2685615455,409432.0382711155,564141.8243202216,6.4893875035749256
A1,55,2,1,M2,encoding,0,205,156.0872044370957,212.35511267234662,235.57552456893322,0.053940475069395886
A1,55,2,1,M2,encoding,1,205,2066.9127372134503,1053.2669530917603,788.1807888240437,0.034216792660514014
A1,55,2,1,M2,encoding,2,205,1731.5719393862553,1258.3062884761641,752.5380067825964,0.0211605730444553
A1,55,2,1,M2,maintenance,0,362,501.9868741368691,539.2043478428888,777.1563952602364,0.17347617037023785
A1,55,2,1,M2,maintenance,1,362,4587.246707173968,2983.783894194281,15699.148829782855,0.07593976593013173
A1,55,2,1,M2,maintenance,2,362,2250.545169126308,2613.3502467237304,1861.0725300481622,0.027502654875559404
A1,55,2,1,M2,retrieval,0,250,80.76264778632566,89.85701136475753,153.6943121814661,0.02790988284508838
A1,55,2,1,M2,retrieval,1,250,6901.607535202522,516.8659843722112,17278.891413008074,0.11425294827619926
A1,55,2,1,M2,retrieval,2,250,1477.7367823877908,10083.550792364389,645.1263765561771,0.018058595437437357
A1,56,2,-1,M2,encoding,0,205,212.44950764638162,237.7551441550386,277.634997885299,0.07341810888363623
A1,56,2,-1,M2,encoding,1,205,12282.319279692545,5216.763624832774,4260.346492727722,0.20332816408594856
A1,56,2,-1,M2,encoding,2,205,5463.47963075741,1000.4140423726617,577.6980456711312,0.06676613149813064
A1,56,2,-1,M2,maintenance,0,363,594.0151927062412,448.8506805171944,1160.9643229038077,0.20527923354490177
A1,56,2,-1,M2,maintenance,1,363,16943.303347623365,5865.666462403459,20674.550098920572,0.28048861821395377
A1,56,2,-1,M2,maintenance,2,363,9836.496925345937,1801.6870713494477,14102.656219369801,0.12020633215165094
A1,56,2,-1,M2,retrieval,0,282,698.1349897052684,535.5447842513861,1100.9709894786236,0.24126085890945875
A1,56,2,-1,M2,retrieval,1,282,16910.117595153937,2473.808509354744,24984.286577439598,0.2799392432978843
A1,56,2,-1,M2,retrieval,2,282,15270.445600020776,1248.119836743711,21344.858469677325,0.18661158233781064
A1,57,2,-1,M2,encoding,0,205,1897.5817619834468,1929.662281686082,2025.4608253792123,0.6557645906564933
A1,57,2,-1,M2,encoding,1,205,1319.698299685897,958.0996047332442,1308.325034883429,0.02184700025394539
A1,57,2,-1,M2,encoding,2,205,2651.4216022770024,695.0281638194796,817.9437876830514,0.032401541749697955
A1,57,2,-1,M2,maintenance,0,362,279.8566631470134,233.13609116243376,258.8287931835738,0.09671261277262123
A1,57,2,-1,M2,maintenance,1,362,14126.774268372821,7573.711675725865,26726.522289801902,0.23386227071901744
A1,57,2,-1,M2,maintenance,2,362,13016.713845732223,5810.668731692617,25274.483152812736,0.15906998598569205
A1,57,2,-1,M2,retrieval,0,285,328.45786773242196,245.3878609532034,602.2898304202614,0.11350817313732973
A1,57,2,-1,M2,retrieval,1,285,8969.960118426608,531.5340469137807,14938.625413591879,0.14849357692723286
A1,57,2,-1,M2,retrieval,2,285,11709.105705066875,659.8826276401659,16730.18036902197,0.14309043760846393
A1,44,2,1,M3,encoding,0,205,181.89692070291292,172.87375548197065,167.11355776193312,0.06285977349494722
A1,44,2,1,M3,encoding,1,205,510.081526041496,295.3068799840645,209.7406735728802,0.008444165785175107
A1,44,2,1,M3,encoding,2,205,1372.9450584593455,594.3026097134684,325.43276565429335,0.016777994338398862
A1,44,2,1,M3,maintenance,0,362,690.3607988159557,815.6556218117125,640.4397727560981,0.23857426104666793
A1,44,2,1,M3,maintenance,1,362,1628.3628504090718,871.307850387768,7519.653606567401,0.026956800364802656
A1,44,2,1,M3,maintenance,2,362,1624.8774817752549,1179.2300902107022,11277.471667853542,0.019856719700356667
A1,44,2,1,M3,retrieval,0,242,47.637423720122754,54.940705694209804,218.92141915998795,0.01646249784415283
A1,44,2,1,M3,retrieval,1,242,181.5743962107243,1370.6209477969544,6244.180808475341,0.003005880875249919
A1,44,2,1,M3,retrieval,2,242,366.026180278335,693.4574028764647,8391.360477384265,0.0044730014085975255
A1,45,2,-1,M3,encoding,0,205,354.5319534365912,234.54314550156215,279.79540198954817,0.12251883211450322
A1,45,2,-1,M3,encoding,1,205,16566.532766708515,14205.258884117271,15960.249017825978,0.27425135400069756
A1,45,2,-1,M3,encoding,2,205,18256.011180146008,13113.637246352611,14973.594224940045,0.22309651091643148
A1,45,2,-1,M3,maintenance,0,363,1099.8413520745132,774.7268734657544,1249.7755283446927,0.38008218063624005
A1,45,2,-1,M3,maintenance,1,363,11899.599012567161,10650.867969818131,11400.594684465408,0.19699240554547887
A1,45,2,-1,M3,maintenance,2,363,49271.59492288623,17676.613411203343,46172.63020522858,0.6021206278914957
A1,45,2,-1,M3,retrieval,0,223,373.9140088432534,124.62161069523962,405.17803766948055,0.1292168653083647
A1,45,2,-1,M3,retrieval,1,223,19495.377219067203,77096.29552237026,26819.996745234097,0.32273703099950574
A1,45,2,-1,M3,retrieval,2,223,18684.35748301005,1601.4462891250657,10017.145696315101,0.22833109171778684
A1,47,2,-1,M3,encoding,0,205,180.70631501094954,131.0901135495806,153.86863579958782,0.06244832505574659
A1,47,2,-1,M3,encoding,1,205,297.62486700217374,147.05783146108612,167.34978494869614,0.004927043208682281
A1,47,2,-1,M3,encoding,2,205,644.8187986915758,76.3750425881826,102.88855886673379,0.007879970204984548
A1,47,2,-1,M3,maintenance,0,362,228.41799026114145,98.99559147487294,340.1608751283926,0.07893648267656725
A1,47,2,-1,M3,maintenance,1,362,1647.9284912891483,3851.0384267460513,1617.477877211173,0.02728070057849345
A1,47,2,-1,M3,maintenance,2,362,3095.8120726298653,4504.266415735211,2010.9989576484975,0.037832189356227446
A1,47,2,-1,M3,retrieval,0,313,71.56114051827925,179.06424345585737,69.2849747521464,0.024730034277853974
A1,47,2,-1,M3,retrieval,1,313,1477.2191146460425,18752.79799209064,891.7557742567153,0.02445468512044485
A1,47,2,-1,M3,retrieval,2,313,5237.972216897317,35716.4981200526,6590.664307801525,0.06401033141006497
A1,48,2,1,M3,encoding,0,205,382.9518147457746,386.8852683645924,419.12509437042735,0.13234014210562103
A1,48,2,1,M3,encoding,1,205,380.1695312900422,333.7236666923901,387.06444077097086,0.00629353227825835
A1,48,2,1,M3,encoding,2,205,350.8528896621737,315.6950596681799,520.0353739405787,0.004287577103025889
A1,48,2,1,M3,maintenance,0,362,443.58348213115306,497.84079757631235,548.9673891269277,0.15329317893404953
A1,48,2,1,M3,maintenance,1,362,3645.778329255229,1606.319949155314,12702.853638899049,0.06035418860812736
A1,48,2,1,M3,maintenance,2,362,2685.421964101465,2136.949070951877,15900.355992494864,0.03281704117167373
A1,48,2,1,M3,retrieval,0,298,130.83385095307702,106.49012958959979,103.31171058785354,0.0452134439912506
A1,48,2,1,M3,retrieval,1,298,6047.165618103061,983.1553381702516,21213.811262947445,0.10010805411039149
A1,48,2,1,M3,retrieval,2,298,5964.483334531992,1553.0261164505582,22800.799484326173,0.0728886177940349
A1,49,2,-1,M3,encoding,0,205,148.0374018535068,90.12291549100664,94.92541127054571,0.051158631566339076
A1,49,2,-1,M3,encoding,1,205,4471.21542309505,5609.769314918862,4629.762531666612,0.07401892122392799
A1,49,2,-1,M3,encoding,2,205,3480.378685781696,5386.300002183158,4302.120796407209,0.04253176303431698
A1,49,2,-1,M3,maintenance,0,363,363.99668414067696,138.5954957643792,572.149178787783,0.12578964519891614
A1,49,2,-1,M3,maintenance,1,363,470.623753651392,8521.365044595654,505.73250990260675,0.007790960455114521
A1,49,2,-1,M3,maintenance,2,363,4096.970654018496,3249.6244872244692,4008.0193745730317,0.050066788917864084
A1,49,2,-1,M3,retrieval,0,255,474.1137362151702,200.54391394148706,540.3768674354862,0.16384379655334919
A1,49,2,-1,M3,retrieval,1,255,32078.337676187966,2505.707251808692,22281.227810222204,0.5310421719302257
A1,49,2,-1,M3,retrieval,2,255,88318.14448694896,21119.13237112077,64276.65498629151,1.0792866903521472
A1,50,2,-1,M3,encoding,0,205,105.26460167619798,117.8493057944677,114.38873034575175,0.03637724593045121
A1,50,2,-1,M3,encoding,1,205,3221.8523358793555,3565.8337264177776,2753.8042901181257,0.05333628816289596
A1,50,2,-1,M3,encoding,2,205,3226.918452014749,6066.316953589332,5059.973580368315,0.03943436715459904
A1,50,2,-1,M3,maintenance,0,362,143.54305455956674,355.00374912651125,92.72338021864837,0.049605479089579324
A1,50,2,-1,M3,maintenance,1,362,3477.8549480036154,17663.2456295118,3430.233160020526,0.0575742940263729
A1,50,2,-1,M3,maintenance,2,362,52800.520342324235,101689.2076115166,56193.088615160494,0.6452456534292279
A1,50,2,-1,M3,retrieval,0,235,109.2373365653187,172.6696856221409,82.9449104883125,0.037750140063681055
A1,50,2,-1,M3,retrieval,1,235,5239.349906787234,6511.9457528279445,1371.444138355083,0.08673503540266227
A1,50,2,-1,M3,retrieval,2,235,5394.452493075737,25659.20756016816,3346.6872966255837,0.06592258942185951
A1,51,2,1,M3,encoding,0,205,281.35774608876824,296.8482216116605,338.57048263210703,0.09723135565925836
A1,51,2,1,M3,encoding,1,205,48513.71218995444,50131.98624609536,52817.48778391863,0.8031222611910855
A1,51,2,1,M3,encoding,2,205,47710.4989029858,53569.075400536334,56532.75403480521,0.5830433457947323
A1,51,2,1,M3,maintenance,0,362,3285.7951072001333,2838.8661438054924,4341.094083293428,1.1355021041106528
A1,51,2,1,M3,maintenance,1,362,442257.7793438899,414399.5952852573,520659.12909717555,7.3213747565901635
A1,51,2,1,M3,maintenance,2,362,605174.9453950092,600049.773819011,736173.3414569831,7.395504827390705
A1,51,2,1,M3,retrieval,0,273,890.8470785386364,879.3191947623272,1315.639312628104,0.30785812843437194
A1,51,2,1,M3,retrieval,1,273,185831.9766083264,170686.3297505776,225380.60854707513,3.07636316658101
A1,51,2,1,M3,retrieval,2,273,193527.5035001013,177579.81543614747,241909.80676822463,2.3649914743804823
A1,52,2,1,M3,encoding,0,205,1560.422661060756,1487.819614001276,1378.9137278208568,0.5392494532156812
A1,52,2,1,M3,encoding,1,205,43551.62153052366,40354.96031189357,37946.95496637687,0.7209771255017493
A1,52,2,1,M3,encoding,2,205,41993.935532024894,37376.643656630375,34532.1111551568,0.5131844193343326
A1,52,2,1,M3,maintenance,0,363,17883.44382219955,16875.754327362694,20102.018569470707,6.1801443566442655
A1,52,2,1,M3,maintenance,1,363,1062977.3356899146,1019016.2526307546,1170278.5213817956,17.59710240460495
A1,52,2,1,M3,maintenance,2,363,687354.0953627597,676314.4672201934,809093.214765631,8.399770296280316
A1,52,2,1,M3,retrieval,0,289,55044.8843154693,55558.76633068465,60749.29477631922,19.022361383331333
A1,52,2,1,M3,retrieval,1,289,1420178.2391416603,1313261.5809447942,1587061.509470289,23.510399580389144
A1,52,2,1,M3,retrieval,2,289,912778.3397641218,843362.4778137052,1060042.026434677,11.154554016867115
A1,53,2,1,M3,encoding,0,205,1957.5293297840515,1862.8082066970399,1745.6099174059013,0.676481216968566
A1,53,2,1,M3,encoding,1,205,77315.02104316038,73154.5844938825,69421.07959879744,1.279914723513505
A1,53,2,1,M3,encoding,2,205,72737.25008746453,65708.42242655871,61605.9582651927,0.8888812867192523
A1,53,2,1,M3,maintenance,0,362,9267.482029488612,8573.055631848136,10811.962507435765,3.202648065678985
A1,53,2,1,M3,maintenance,1,362,560526.9158728084,528875.4277429796,636056.8236750183,9.279266084021721
A1,53,2,1,M3,maintenance,2,362,273410.25239158154,265735.6674257278,348433.5695660082,3.3411939089782545
A1,53,2,1,M3,retrieval,0,239,23332.269541037895,23586.62549037968,26999.063866904366,8.063144625016243
A1,53,2,1,M3,retrieval,1,239,546223.0927983258,483684.7961409782,650792.5795370268,9.042472851496534
A1,53,2,1,M3,retrieval,2,239,208173.12789842734,178856.25585936088,279495.260029497,2.5439674659712685
A1,54,2,-1,M3,encoding,0,205,1043.4377874087845,1201.540784382956,1098.891915366195,0.36059028772516594
A1,54,2,-1,M3,encoding,1,205,9389.571732938046,9067.062670303487,7808.038254307242,0.1554400548085575
A1,54,2,-1,M3,encoding,2,205,80950.06516366816,83429.9690738325,78855.72516525838,0.9892455103288174
A1,54,2,-1,M3,maintenance,0,363,1641.2530371865373,1310.5503011329547,2085.47682833164,0.5671827415591195
A1,54,2,-1,M3,maintenance,1,363,83449.72445512717,49054.0913022781,85239.01961532376,1.3814719256641925
A1,54,2,-1,M3,maintenance,2,363,489311.72851954185,384157.2465051301,483754.768715152,5.97960519995282
A1,54,2,-1,M3,retrieval,0,273,5598.610801591657,4315.817816985458,5831.429452825293,1.9347628619244717
A1,54,2,-1,M3,retrieval,1,273,202944.40793437464,98157.32232499587,183299.77677198531,3.3596516209305998
A1,54,2,-1,M3,retrieval,2,273,618222.4874062863,409432.0382711155,564141.8243202216,7.554951547160308
A1,55,2,1,M3,encoding,0,205,213.5185813913437,212.35511267234662,235.57552456893322,0.07378755842240807
A1,55,2,1,M3,encoding,1,205,1383.7191440461806,1053.2669530917603,788.1807888240437,0.02290683597801188
A1,55,2,1,M3,encoding,2,205,2424.8586110447677,1258.3062884761641,752.5380067825964,0.029632842040438822
A1,55,2,1,M3,maintenance,0,362,557.0400725688722,539.2043478428888,777.1563952602364,0.19250140493844836
A1,55,2,1,M3,maintenance,1,362,5585.099140907162,2983.783894194281,15699.148829782855,0.09245875544338471
A1,55,2,1,M3,maintenance,2,362,2608.021225876531,2613.3502467237304,1861.0725300481622,0.0318711700024493
A1,55,2,1,M3,retrieval,0,250,88.18094606188782,89.85701136475753,153.6943121814661,0.030473491660002898
A1,55,2,1,M3,retrieval,1,250,4086.9201853443446,516.8659843722112,17278.891413008074,0.0676570897668988
A1,55,2,1,M3,retrieval,2,250,3853.535818899025,10083.550792364389,645.1263765561771,0.04709190783268299
A1,56,2,-1,M3,encoding,0,205,313.2040391610402,237.7551441550386,277.634997885299,0.10823676884294983
A1,56,2,-1,M3,encoding,1,205,4720.860106053348,5216.763624832774,4260.346492727722,0.07815167448524853
A1,56,2,-1,M3,encoding,2,205,949.4747682228107,1000.4140423726617,577.6980456711312,0.011603000562579763
A1,56,2,-1,M3,maintenance,0,363,841.0904867553556,448.8506805171944,1160.9643229038077,0.29066329040582756
A1,56,2,-1,M3,maintenance,1,363,19950.81084929637,5865.666462403459,20674.550098920572,0.33027652592621737
A1,56,2,-1,M3,maintenance,2,363,15464.89938424482,1801.6870713494477,14102.656219369801,0.1889878933712997
A1,56,2,-1,M3,retrieval,0,282,992.0786897348032,535.5447842513861,1100.9709894786236,0.3428416571589333
A1,56,2,-1,M3,retrieval,1,282,31635.8570233752,2473.808509354744,24984.286577439598,0.5237171076055483
A1,56,2,-1,M3,retrieval,2,282,33656.71419328581,1248.119836743711,21344.858469677325,0.41129989631029296
A1,57,2,-1,M3,encoding,0,205,2276.8203884171244,1929.662281686082,2025.4608253792123,0.7868215325004468
A1,57,2,-1,M3,encoding,1,205,1450.6205687573224,958.0996047332442,1308.325034883429,0.024014358389006493
A1,57,2,-1,M3,encoding,2,205,1217.4416936669181,695.0281638194796,817.9437876830514,0.014877674614740686
A1,57,2,-1,M3,maintenance,0,362,159.28897006908707,233.13609116243376,258.8287931835738,0.05504693834339271
A1,57,2,-1,M3,maintenance,1,362,25848.466475632365,7573.711675725865,26726.522289801902,0.42790951067501326
A1,57,2,-1,M3,maintenance,2,362,27529.535206435783,5810.668731692617,25274.483152812736,0.33642306586590104
A1,57,2,-1,M3,retrieval,0,285,559.0491345205314,245.3878609532034,602.2898304202614,0.19319569475231976
A1,57,2,-1,M3,retrieval,1,285,20468.78319290479,531.5340469137807,14938.625413591879,0.3388513205781794
A1,57,2,-1,M3,retrieval,2,285,27884.883512216762,659.8826276401659,16730.18036902197,0.340765578937213
A1,44,2,1,M2_no_feedback,encoding,0,205,182.869733080646,172.87375548197065,167.11355776193312,0.06319595711741358
A1,44,2,1,M2_no_feedback,encoding,1,205,767.6040721213417,295.3068799840645,209.7406735728802,0.012707333458378994
A1,44,2,1,M2_no_feedback,encoding,2,205,935.7954121054192,594.3026097134684,325.43276565429335,0.011435832795685955
A1,44,2,1,M2_no_feedback,maintenance,0,362,715.6707626515922,815.6556218117125,640.4397727560981,0.24732085547897234
A1,44,2,1,M2_no_feedback,maintenance,1,362,1273.1198873135718,871.307850387768,7519.653606567401,0.021075915993877196
A1,44,2,1,M2_no_feedback,maintenance,2,362,1664.6049201446979,1179.2300902107022,11277.471667853542,0.020342206524417622
A1,44,2,1,M2_no_feedback,retrieval,0,242,72.44365659700074,54.940705694209804,218.92141915998795,0.02503501338689941
A1,44,2,1,M2_no_feedback,retrieval,1,242,1217.682518150733,1370.6209477969544,6244.180808475341,0.020158175766079013
A1,44,2,1,M2_no_feedback,retrieval,2,242,2103.197492234236,693.4574028764647,8391.360477384265,0.025702001256218212
A1,45,2,-1,M2_no_feedback,encoding,0,205,225.45456226464765,234.54314550156215,279.79540198954817,0.0779123839072844
A1,45,2,-1,M2_no_feedback,encoding,1,205,7128.601598725759,14205.258884117271,15960.249017825978,0.11801073091835063
A1,45,2,-1,M2_no_feedback,encoding,2,205,5986.85312035067,13113.637246352611,14973.594224940045,0.0731619864459736
A1,45,2,-1,M2_no_feedback,maintenance,0,363,694.3464930012804,774.7268734657544,1249.7755283446927,0.2399516336417699
A1,45,2,-1,M2_no_feedback,maintenance,1,363,4322.93012477257,10650.867969818131,11400.594684465408,0.07156412610077093
A1,45,2,-1,M2_no_feedback,maintenance,2,363,28076.84195311274,17676.613411203343,46172.63020522858,0.3431113957743228
A1,45,2,-1,M2_no_feedback,retrieval,0,223,194.55302395308794,124.62161069523962,405.17803766948055,0.06723345822012204
A1,45,2,-1,M2_no_feedback,retrieval,1,223,35261.03844218425,77096.29552237026,26819.996745234097,0.5837303238051674
A1,45,2,-1,M2_no_feedback,retrieval,2,223,6389.419699826804,1601.4462891250657,10017.145696315101,0.07808152765387781
A1,47,2,-1,M2_no_feedback,encoding,0,205,97.62473526508768,131.0901135495806,153.86863579958782,0.033737067799462325
A1,47,2,-1,M2_no_feedback,encoding,1,205,2371.5559135719236,147.05783146108612,167.34978494869614,0.039260020762611585
A1,47,2,-1,M2_no_feedback,encoding,2,205,2606.274104199637,76.3750425881826,102.88855886673379,0.03184981940475218
A1,47,2,-1,M2_no_feedback,maintenance,0,362,116.19136869183464,98.99559147487294,340.1608751283926,0.040153308202317814
A1,47,2,-1,M2_no_feedback,maintenance,1,362,1222.6304143463326,3851.0384267460513,1617.477877211173,0.02024008591892796
A1,47,2,-1,M2_no_feedback,maintenance,2,362,1422.3280843613406,4504.266415735211,2010.9989576484975,0.017381476702016844
A1,47,2,-1,M2_no_feedback,retrieval,0,313,132.5474849322817,179.06424345585737,69.2849747521464,0.045805640073349134
A1,47,2,-1,M2_no_feedback,retrieval,1,313,6773.23136149424,18752.79799209064,891.7557742567153,0.11212773958246003
A1,47,2,-1,M2_no_feedback,retrieval,2,313,17609.611063784476,35716.4981200526,6590.664307801525,0.21519721631186498
A1,48,2,1,M2_no_feedback,encoding,0,205,332.8784908661839,386.8852683645924,419.12509437042735,0.11503584808543203
A1,48,2,1,M2_no_feedback,encoding,1,205,556.2476156897865,333.7236666923901,387.06444077097086,0.009208424231601781
A1,48,2,1,M2_no_feedback,encoding,2,205,302.17809689032566,315.6950596681799,520.0353739405787,0.003692749660720784
A1,48,2,1,M2_no_feedback,maintenance,0,362,427.7731452758129,497.84079757631235,548.9673891269277,0.14782945700975866
A1,48,2,1,M2_no_feedback,maintenance,1,362,2798.950214977203,1606.319949155314,12702.853638899049,0.04633533745700933
A1,48,2,1,M2_no_feedback,maintenance,2,362,2818.617720477636,2136.949070951877,15900.355992494864,0.03444475207868255
A1,48,2,1,M2_no_feedback,retrieval,0,298,89.47840204213449,106.49012958959979,103.31171058785354,0.030921865325278835
A1,48,2,1,M2_no_feedback,retrieval,1,298,8172.943368512684,983.1553381702516,21213.811262947445,0.13529933007406
A1,48,2,1,M2_no_feedback,retrieval,2,298,9804.391925754624,1553.0261164505582,22800.799484326173,0.1198139948923714
A1,49,2,-1,M2_no_feedback,encoding,0,205,138.59446399619674,90.12291549100664,94.92541127054571,0.04789534963422296
A1,49,2,-1,M2_no_feedback,encoding,1,205,13059.045939506532,5609.769314918862,4629.762531666612,0.21618651780076448
A1,49,2,-1,M2_no_feedback,encoding,2,205,13524.778705471244,5386.300002183158,4302.120796407209,0.16527876272276434
A1,49,2,-1,M2_no_feedback,maintenance,0,363,230.3955130647219,138.5954957643792,572.149178787783,0.0796198732201443
A1,49,2,-1,M2_no_feedback,maintenance,1,363,6333.983897436207,8521.365044595654,505.73250990260675,0.1048561992151619
A1,49,2,-1,M2_no_feedback,maintenance,2,363,7867.938406954588,3249.6244872244692,4008.0193745730317,0.09614967855661205
A1,49,2,-1,M2_no_feedback,retrieval,0,255,284.6633523559405,200.54391394148706,540.3768674354862,0.09837370408613084
A1,49,2,-1,M2_no_feedback,retrieval,1,255,15733.215064438215,2505.707251808692,22281.227810222204,0.26045616152568296
A1,49,2,-1,M2_no_feedback,retrieval,2,255,54232.708938163036,21119.13237112077,64276.65498629151,0.6627476299318181
A1,50,2,-1,M2_no_feedback,encoding,0,205,172.16033270773138,117.8493057944677,114.38873034575175,0.05949501221352695
A1,50,2,-1,M2_no_feedback,encoding,1,205,9357.51395806182,3565.8337264177776,2753.8042901181257,0.15490935304435233
A1,50,2,-1,M2_no_feedback,encoding,2,205,13745.563748357277,6066.316953589332,5059.973580368315,0.1679768533540835
A1,50,2,-1,M2_no_feedback,maintenance,0,362,303.39272796516207,355.00374912651125,92.72338021864837,0.10484618478535253
A1,50,2,-1,M2_no_feedback,maintenance,1,362,11331.36610633372,17663.2456295118,3430.233160020526,0.18758557032432505
A1,50,2,-1,M2_no_feedback,maintenance,2,362,79892.42329337267,101689.2076115166,56193.088615160494,0.9763206600571073
A1,50,2,-1,M2_no_feedback,retrieval,0,235,121.0675259109427,172.6696856221409,82.9449104883125,0.04183840620801471
A1,50,2,-1,M2_no_feedback,retrieval,1,235,707.5087759434582,6511.9457528279445,1371.444138355083,0.011712483384561647
A1,50,2,-1,M2_no_feedback,retrieval,2,235,6749.488869405599,25659.20756016816,3346.6872966255837,0.08248173176357772
A1,51,2,1,M2_no_feedback,encoding,0,205,212.0373100845772,296.8482216116605,338.57048263210703,0.07327566202268847
A1,51,2,1,M2_no_feedback,encoding,1,205,45610.96951932841,50131.98624609536,52817.48778391863,0.7550686872208844
A1,51,2,1,M2_no_feedback,encoding,2,205,50862.86466845961,53569.075400536334,56532.75403480521,0.6215666462282053
A1,51,2,1,M2_no_feedback,maintenance,0,362,3101.3934085463484,2838.8661438054924,4341.094083293428,1.0717767317147537
A1,51,2,1,M2_no_feedback,maintenance,1,362,429162.76983891544,414399.5952852573,520659.12909717555,7.1045928784528005
A1,51,2,1,M2_no_feedback,maintenance,2,362,609609.5266085648,600049.773819011,736173.3414569831,7.449697366295138
A1,51,2,1,M2_no_feedback,retrieval,0,273,952.3751246892028,879.3191947623272,1315.639312628104,0.32912093502650874
A1,51,2,1,M2_no_feedback,retrieval,1,273,188857.7466963885,170686.3297505776,225380.60854707513,3.1264534030373325
A1,51,2,1,M2_no_feedback,retrieval,2,273,201579.03821317927,177579.81543614747,241909.80676822463,2.463384780798027
A1,52,2,1,M2_no_feedback,encoding,0,205,1721.2850827644502,1487.819614001276,1378.9137278208568,0.5948401435531948
A1,52,2,1,M2_no_feedback,encoding,1,205,44938.49999628526,40354.96031189357,37946.95496637687,0.7439362626021734
A1,52,2,1,M2_no_feedback,encoding,2,205,39554.32307048386,37376.643656630375,34532.1111551568,0.48337127873163827
A1,52,2,1,M2_no_feedback,maintenance,0,363,17653.049238020252,16875.754327362694,20102.018569470707,6.100524804427508
A1,52,2,1,M2_no_feedback,maintenance,1,363,1046195.8776496993,1019016.2526307546,1170278.5213817956,17.31929306124714
A1,52,2,1,M2_no_feedback,maintenance,2,363,689278.0331970508,676314.4672201934,809093.214765631,8.423281665429633
A1,52,2,1,M2_no_feedback,retrieval,0,289,56491.62662883453,55558.76633068465,60749.29477631922,19.52232528471165
A1,52,2,1,M2_no_feedback,retrieval,1,289,1444641.391399456,1313261.5809447942,1587061.509470289,23.915375849370896
A1,52,2,1,M2_no_feedback,retrieval,2,289,947941.8063011137,843362.4778137052,1060042.026434677,11.584267091575411
A1,53,2,1,M2_no_feedback,encoding,0,205,2112.8799878636155,1862.8082066970399,1745.6099174059013,0.7301671570132676
A1,53,2,1,M2_no_feedback,encoding,1,205,80084.20502673059,73154.5844938825,69421.07959879744,1.3257572946577427
A1,53,2,1,M2_no_feedback,encoding,2,205,68955.71805432622,65708.42242655871,61605.9582651927,0.8426692969156215
A1,53,2,1,M2_no_feedback,maintenance,0,362,9132.908315122213,8573.055631848136,10811.962507435765,3.1561422030686894
A1,53,2,1,M2_no_feedback,maintenance,1,362,549127.9990940262,528875.4277429796,636056.8236750183,9.090562243287794
A1,53,2,1,M2_no_feedback,maintenance,2,362,274290.1705118243,265735.6674257278,348433.5695660082,3.3519468966151043
A1,53,2,1,M2_no_feedback,retrieval,0,239,24252.222169177443,23586.62549037968,26999.063866904366,8.381061022982005
A1,53,2,1,M2_no_feedback,retrieval,1,239,563852.4499051046,483684.7961409782,650792.5795370268,9.334318775129503
A1,53,2,1,M2_no_feedback,retrieval,2,239,225149.00518748182,178856.25585936088,279495.260029497,2.7514201759615156
A1,54,2,-1,M2_no_feedback,encoding,0,205,1421.8632546197368,1201.540784382956,1098.891915366195,0.49136621873969855
A1,54,2,-1,M2_no_feedback,encoding,1,205,17209.47215935851,9067.062670303487,7808.038254307242,0.28489492085066553
A1,54,2,-1,M2_no_feedback,encoding,2,205,108027.02142311887,83429.9690738325,78855.72516525838,1.3201378617911033
A1,54,2,-1,M2_no_feedback,maintenance,0,363,1590.8956892759807,1310.5503011329547,2085.47682833164,0.5497802947709527
A1,54,2,-1,M2_no_feedback,maintenance,1,363,73655.70702881237,49054.0913022781,85239.01961532376,1.2193364578449395
A1,54,2,-1,M2_no_feedback,maintenance,2,363,451275.15938571235,384157.2465051301,483754.768715152,5.514781543938763
A1,54,2,-1,M2_no_feedback,retrieval,0,273,4761.139852454099,4315.817816985458,5831.429452825293,1.6453504080579981
A1,54,2,-1,M2_no_feedback,retrieval,1,273,156530.54878959525,98157.32232499587,183299.77677198531,2.5912914640948097
A1,54,2,-1,M2_no_feedback,retrieval,2,273,525095.4924503294,409432.0382711155,564141.8243202216,6.416898582479776
A1,55,2,1,M2_no_feedback,encoding,0,205,156.06658286396927,212.35511267234662,235.57552456893322,0.05393334868478845
A1,55,2,1,M2_no_feedback,encoding,1,205,2063.346747316684,1053.2669530917603,788.1807888240437,0.03415775933282179
A1,55,2,1,M2_no_feedback,encoding,2,205,1736.9793969923867,1258.3062884761641,752.5380067825964,0.021226654562096367
A1,55,2,1,M2_no_feedback,maintenance,0,362,501.2458687811902,539.2043478428888,777.1563952602364,0.17322009440899278
A1,55,2,1,M2_no_feedback,maintenance,1,362,4644.5161672315635,2983.783894194281,15699.148829782855,0.07688783558265713
A1,55,2,1,M2_no_feedback,maintenance,2,362,2262.0701310635945,2613.3502467237304,1861.0725300481622,0.027643494995083947
A1,55,2,1,M2_no_feedback,retrieval,0,250,80.49161599761379,89.85701136475753,153.6943121814661,0.027816219924448923
A1,55,2,1,M2_no_feedback,retrieval,1,250,6347.242911432868,516.8659843722112,17278.891413008074,0.10507569611246112
A1,55,2,1,M2_no_feedback,retrieval,2,250,1718.3995046652801,10083.550792364389,645.1263765561771,0.020999600080672278
A1,56,2,-1,M2_no_feedback,encoding,0,205,211.99501414314238,237.7551441550386,277.634997885299,0.07326104542946589
A1,56,2,-1,M2_no_feedback,encoding,1,205,12313.8873536452,5216.763624832774,4260.346492727722,0.2038507590758977
A1,56,2,-1,M2_no_feedback,encoding,2,205,5484.936853500458,1000.4140423726617,577.6980456711312,0.0670283482266752
A1,56,2,-1,M2_no_feedback,maintenance,0,363,595.4482661878324,448.8506805171944,1160.9643229038077,0.20577447378374872
A1,56,2,-1,M2_no_feedback,maintenance,1,363,17077.89493337581,5865.666462403459,20674.550098920572,0.28271672020424377
A1,56,2,-1,M2_no_feedback,maintenance,2,363,9929.86399637241,1801.6870713494477,14102.656219369801,0.12134731895183141
A1,56,2,-1,M2_no_feedback,retrieval,0,282,689.4931178034093,535.5447842513861,1100.9709894786236,0.23827440862638632
A1,56,2,-1,M2_no_feedback,retrieval,1,282,16001.645008199517,2473.808509354744,24984.286577439598,0.2648998961663319
A1,56,2,-1,M2_no_feedback,retrieval,2,282,14311.007256062763,1248.119836743711,21344.858469677325,0.1748868224839574
A1,57,2,-1,M2_no_feedback,encoding,0,205,1894.9701652799413,1929.662281686082,2025.4608253792123,0.6548620774275277
A1,57,2,-1,M2_no_feedback,encoding,1,205,1332.978192380113,958.0996047332442,1308.325034883429,0.02206684278850951
A1,57,2,-1,M2_no_feedback,encoding,2,205,2669.10701350172,695.0281638194796,817.9437876830514,0.03261766527741839
A1,57,2,-1,M2_no_feedback,maintenance,0,362,280.6337975171963,233.13609116243376,258.8287931835738,0.09698117416605252
A1,57,2,-1,M2_no_feedback,maintenance,1,362,14190.80348773983,7573.711675725865,26726.522289801902,0.23492224508748016
A1,57,2,-1,M2_no_feedback,maintenance,2,362,13082.767077662224,5810.668731692617,25274.483152812736,0.15987718562163244
A1,57,2,-1,M2_no_feedback,retrieval,0,285,322.54040711446135,245.3878609532034,602.2898304202614,0.1114632224439763
A1,57,2,-1,M2_no_feedback,retrieval,1,285,8346.02681453643,531.5340469137807,14938.625413591879,0.1381646471621661
A1,57,2,-1,M2_no_feedback,retrieval,2,285,10958.352893610063,659.8826276401659,16730.18036902197,0.13391590703089357
A1,44,2,1,M2_no_direct_memory,encoding,0,205,196.44673860696093,172.87375548197065,167.11355776193312,0.06788788641905202
A1,44,2,1,M2_no_direct_memory,encoding,1,205,631.1892594185525,295.3068799840645,209.7406735728802,0.010449048781897197
A1,44,2,1,M2_no_direct_memory,encoding,2,205,842.2177233652664,594.3026097134684,325.43276565429335,0.010292272154122798
A1,44,2,1,M2_no_direct_memory,maintenance,0,362,731.181460940805,815.6556218117125,640.4397727560981,0.25268102857833347
A1,44,2,1,M2_no_direct_memory,maintenance,1,362,1185.3842582278023,871.307850387768,7519.653606567401,0.019623492882190927
A1,44,2,1,M2_no_direct_memory,maintenance,2,362,1546.3635479564282,1179.2300902107022,11277.471667853542,0.018897244789848656
A1,44,2,1,M2_no_direct_memory,retrieval,0,242,70.5762371012484,54.940705694209804,218.92141915998795,0.024389672244952518
A1,44,2,1,M2_no_direct_memory,retrieval,1,242,666.9933071476966,1370.6209477969544,6244.180808475341,0.01104176837547177
A1,44,2,1,M2_no_direct_memory,retrieval,2,242,1133.8599655869634,693.4574028764647,8391.360477384265,0.013856269022522226
A1,45,2,-1,M2_no_direct_memory,encoding,0,205,181.93049619334462,234.54314550156215,279.79540198954817,0.06287137648259188
A1,45,2,-1,M2_no_direct_memory,encoding,1,205,7213.197886757017,14205.258884117271,15960.249017825978,0.11941118367830462
A1,45,2,-1,M2_no_direct_memory,encoding,2,205,5690.335286824549,13113.637246352611,14973.594224940045,0.0695384077007919
A1,45,2,-1,M2_no_direct_memory,maintenance,0,363,814.8774822553313,774.7268734657544,1249.7755283446927,0.28160462399670905
A1,45,2,-1,M2_no_direct_memory,maintenance,1,363,7521.81264924763,10650.867969818131,11400.594684465408,0.1245201595678003
A1,45,2,-1,M2_no_direct_memory,maintenance,2,363,25824.06657363039,17676.613411203343,46172.63020522858,0.31558148674427505
A1,45,2,-1,M2_no_direct_memory,retrieval,0,223,153.08595708392636,124.62161069523962,405.17803766948055,0.05290330672100662
A1,45,2,-1,M2_no_direct_memory,retrieval,1,223,47765.14870187004,77096.29552237026,26819.996745234097,0.790730135871104
A1,45,2,-1,M2_no_direct_memory,retrieval,2,223,2467.2221867587436,1601.4462891250657,10017.145696315101,0.030150543625876648
A1,47,2,-1,M2_no_direct_memory,encoding,0,205,91.0260586862041,131.0901135495806,153.86863579958782,0.03145670310987805
A1,47,2,-1,M2_no_direct_memory,encoding,1,205,2180.233206612509,147.05783146108612,167.34978494869614,0.03609276107263342
A1,47,2,-1,M2_no_direct_memory,encoding,2,205,2162.2053933267593,76.3750425881826,102.88855886673379,0.02642310384102386
A1,47,2,-1,M2_no_direct_memory,maintenance,0,362,111.20977285946074,98.99559147487294,340.1608751283926,0.03843177281592256
A1,47,2,-1,M2_no_direct_memory,maintenance,1,362,1284.7028443471054,3851.0384267460513,1617.477877211173,0.02126766653664388
A1,47,2,-1,M2_no_direct_memory,maintenance,2,362,1599.141915663099,4504.266415735211,2010.9989576484975,0.019542219728296777
A1,47,2,-1,M2_no_direct_memory,retrieval,0,313,150.1683046732462,179.06424345585737,69.2849747521464,0.051895027037306585
A1,47,2,-1,M2_no_direct_memory,retrieval,1,313,9306.148237429456,18752.79799209064,891.7557742567153,0.15405901709107692
A1,47,2,-1,M2_no_direct_memory,retrieval,2,313,22016.785365795346,35716.4981200526,6590.664307801525,0.269054830665677
A1,48,2,1,M2_no_direct_memory,encoding,0,205,350.54149878383754,386.8852683645924,419.12509437042735,0.12113981440136866
A1,48,2,1,M2_no_direct_memory,encoding,1,205,481.5186811271276,333.7236666923901,387.06444077097086,0.007971320984021594
A1,48,2,1,M2_no_direct_memory,encoding,2,205,268.86553442568686,315.6950596681799,520.0353739405787,0.003285655450369454
A1,48,2,1,M2_no_direct_memory,maintenance,0,362,448.54387716856996,497.84079757631235,548.9673891269277,0.15500738776888048
A1,48,2,1,M2_no_direct_memory,maintenance,1,362,2477.2858805860396,1606.319949155314,12702.853638899049,0.04101033188808383
A1,48,2,1,M2_no_direct_memory,maintenance,2,362,2663.2664012950954,2136.949070951877,15900.355992494864,0.03254629041945758
A1,48,2,1,M2_no_direct_memory,retrieval,0,298,88.8048641048321,106.49012958959979,103.31171058785354,0.030689104693512933
A1,48,2,1,M2_no_direct_memory,retrieval,1,298,6052.908922622751,983.1553381702516,21213.811262947445,0.10020313188334157
A1,48,2,1,M2_no_direct_memory,retrieval,2,298,7644.328812537728,1553.0261164505582,22800.799484326173,0.09341707065943389
A1,49,2,-1,M2_no_direct_memory,encoding,0,205,78.23320391475652,90.12291549100664,94.92541127054571,0.027035759917550157
A1,49,2,-1,M2_no_direct_memory,encoding,1,205,12788.907849256988,5609.769314918862,4629.762531666612,0.21171450557820815
A1,49,2,-1,M2_no_direct_memory,encoding,2,205,13158.312394920347,5386.300002183158,4302.120796407209,0.16080038272805688
A1,49,2,-1,M2_no_direct_memory,maintenance,0,363,181.36597181177603,138.5954957643792,572.149178787783,0.0626762886569121
A1,49,2,-1,M2_no_direct_memory,maintenance,1,363,4775.567516390598,8521.365044595654,505.73250990260675,0.07905733057938387
A1,49,2,-1,M2_no_direct_memory,maintenance,2,363,3365.620211342068,3249.6244872244692,4008.0193745730317,0.041129363846841877
A1,49,2,-1,M2_no_direct_memory,retrieval,0,255,230.8579738787681,200.54391394148706,540.3768674354862,0.07977969001038404
A1,49,2,-1,M2_no_direct_memory,retrieval,1,255,10291.381833172221,2505.707251808692,22281.227810222204,0.1703691075272856
A1,49,2,-1,M2_no_direct_memory,retrieval,2,255,41434.49035602616,21119.13237112077,64276.65498629151,0.5063477524642946
A1,50,2,-1,M2_no_direct_memory,encoding,0,205,150.85153714935802,117.8493057944677,114.38873034575175,0.052131137899034306
A1,50,2,-1,M2_no_direct_memory,encoding,1,205,8942.981287559178,3565.8337264177776,2753.8042901181257,0.14804695475233717
A1,50,2,-1,M2_no_direct_memory,encoding,2,205,13711.053067168907,6066.316953589332,5059.973580368315,0.16755511760433497
A1,50,2,-1,M2_no_direct_memory,maintenance,0,362,287.41720438509185,355.00374912651125,92.72338021864837,0.09932537778199177
A1,50,2,-1,M2_no_direct_memory,maintenance,1,362,11155.41262045275,17663.2456295118,3430.233160020526,0.18467274104232997
A1,50,2,-1,M2_no_direct_memory,maintenance,2,362,83131.66120977823,101689.2076115166,56193.088615160494,1.0159055765017362
A1,50,2,-1,M2_no_direct_memory,retrieval,0,235,152.77709424997988,172.6696856221409,82.9449104883125,0.052796570181939
A1,50,2,-1,M2_no_direct_memory,retrieval,1,235,1452.957604967572,6511.9457528279445,1371.444138355083,0.0240530469519083
A1,50,2,-1,M2_no_direct_memory,retrieval,2,235,12629.44835895967,25659.20756016816,3346.6872966255837,0.15433743088125232
A1,51,2,1,M2_no_direct_memory,encoding,0,205,227.14671740066643,296.8482216116605,338.57048263210703,0.078497157350163
A1,51,2,1,M2_no_direct_memory,encoding,1,205,45090.30986333055,50131.98624609536,52817.48778391863,0.7464494053444797
A1,51,2,1,M2_no_direct_memory,encoding,2,205,50327.04071726905,53569.075400536334,56532.75403480521,0.6150186411466749
A1,51,2,1,M2_no_direct_memory,maintenance,0,362,3063.840823686258,2838.8661438054924,4341.094083293428,1.0587993433712177
A1,51,2,1,M2_no_direct_memory,maintenance,1,362,426619.078668674,414399.5952852573,520659.12909717555,7.062483237442087
A1,51,2,1,M2_no_direct_memory,maintenance,2,362,607745.102598493,600049.773819011,736173.3414569831,7.426913282334442
A1,51,2,1,M2_no_direct_memory,retrieval,0,273,932.6462353998256,879.3191947623272,1315.639312628104,0.3223030432928567
A1,51,2,1,M2_no_direct_memory,retrieval,1,273,185285.23415793653,170686.3297505776,225380.60854707513,3.0673120960027176
A1,51,2,1,M2_no_direct_memory,retrieval,2,273,196433.2808927005,177579.81543614747,241909.80676822463,2.40050135610611
A1,52,2,1,M2_no_direct_memory,encoding,0,205,1716.6182784959037,1487.819614001276,1378.9137278208568,0.5932273935509824
A1,52,2,1,M2_no_direct_memory,encoding,1,205,43775.546244450095,40354.96031189357,37946.95496637687,0.7246840964686588
A1,52,2,1,M2_no_direct_memory,encoding,2,205,38990.17519206299,37376.643656630375,34532.1111551568,0.47647714276323566
A1,52,2,1,M2_no_direct_memory,maintenance,0,363,17403.37801786373,16875.754327362694,20102.018569470707,6.014243649768055
A1,52,2,1,M2_no_direct_memory,maintenance,1,363,1039036.9591448088,1019016.2526307546,1170278.5213817956,17.200780447847897
A1,52,2,1,M2_no_direct_memory,maintenance,2,363,685755.8428997564,676314.4672201934,809093.214765631,8.380238946055936
A1,52,2,1,M2_no_direct_memory,retrieval,0,289,56375.595199180585,55558.76633068465,60749.29477631922,19.482227248097526
A1,52,2,1,M2_no_direct_memory,retrieval,1,289,1413253.7542674008,1313261.5809447942,1587061.509470289,23.39576790825438
A1,52,2,1,M2_no_direct_memory,retrieval,2,289,924068.7198437024,843362.4778137052,1060042.026434677,11.292527442596286
A1,53,2,1,M2_no_direct_memory,encoding,0,205,2099.3156107290115,1862.8082066970399,1745.6099174059013,0.7254795918198252
A1,53,2,1,M2_no_direct_memory,encoding,1,205,78996.21325532295,73154.5844938825,69421.07959879744,1.307746089739247
A1,53,2,1,M2_no_direct_memory,encoding,2,205,68486.14447590879,65708.42242655871,61605.9582651927,0.8369309006181105
A1,53,2,1,M2_no_direct_memory,maintenance,0,362,8938.487386284112,8573.055631848136,10811.962507435765,3.088954394159044
A1,53,2,1,M2_no_direct_memory,maintenance,1,362,543453.0233795396,528875.4277429796,636056.8236750183,8.99661562237828
A1,53,2,1,M2_no_direct_memory,maintenance,2,362,271853.7313576223,265735.6674257278,348433.5695660082,3.3221725352281126
A1,53,2,1,M2_no_direct_memory,retrieval,0,239,24150.226067405623,23586.62549037968,26999.063866904366,8.345813302295099
A1,53,2,1,M2_no_direct_memory,retrieval,1,239,544471.8105056335,483684.7961409782,650792.5795370268,9.013481176124758
A1,53,2,1,M2_no_direct_memory,retrieval,2,239,214131.72392728995,178856.25585936088,279495.260029497,2.6167841382926262
A1,54,2,-1,M2_no_direct_memory,encoding,0,205,1386.7163093007446,1201.540784382956,1098.891915366195,0.47922016913504595
A1,54,2,-1,M2_no_direct_memory,encoding,1,205,16290.102193146262,9067.062670303487,7808.038254307242,0.26967517260207774
A1,54,2,-1,M2_no_direct_memory,encoding,2,205,103765.66482443406,83429.9690738325,78855.72516525838,1.2680622041046525
A1,54,2,-1,M2_no_direct_memory,maintenance,0,363,1404.4265529127456,1310.5503011329547,2085.47682833164,0.4853404591195531
A1,54,2,-1,M2_no_direct_memory,maintenance,1,363,63655.80901939764,49054.0913022781,85239.01961532376,1.0537927313711617
A1,54,2,-1,M2_no_direct_memory,maintenance,2,363,425676.85784651444,384157.2465051301,483754.768715152,5.2019590055196065
A1,54,2,-1,M2_no_direct_memory,retrieval,0,273,4511.771779836672,4315.817816985458,5831.429452825293,1.5591740148511835
A1,54,2,-1,M2_no_direct_memory,retrieval,1,273,135354.02296193037,98157.32232499587,183299.77677198531,2.2407237887065867
A1,54,2,-1,M2_no_direct_memory,retrieval,2,273,481370.1611401941,409432.0382711155,564141.8243202216,5.882555742869499
A1,55,2,1,M2_no_direct_memory,encoding,0,205,159.13212171886272,212.35511267234662,235.57552456893322,0.0549927348322499
A1,55,2,1,M2_no_direct_memory,encoding,1,205,1978.6654077978105,1053.2669530917603,788.1807888240437,0.03275589858448743
A1,55,2,1,M2_no_direct_memory,encoding,2,205,1669.0686236174538,1258.3062884761641,752.5380067825964,0.020396754950177808
A1,55,2,1,M2_no_direct_memory,maintenance,0,362,535.8043489269087,539.2043478428888,777.1563952602364,0.18516278275080103
A1,55,2,1,M2_no_direct_memory,maintenance,1,362,4086.949866603237,2983.783894194281,15699.148829782855,0.06765758112653054
A1,55,2,1,M2_no_direct_memory,maintenance,2,362,2254.8927633660633,2613.3502467237304,1861.0725300481622,0.027555784395266562
A1,55,2,1,M2_no_direct_memory,retrieval,0,250,83.85297095954165,89.85701136475753,153.6943121814661,0.028977833934880706
A1,55,2,1,M2_no_direct_memory,retrieval,1,250,4359.601882097484,516.8659843722112,17278.891413008074,0.07217121022884834
A1,55,2,1,M2_no_direct_memory,retrieval,2,250,3053.925971942704,10083.550792364389,645.1263765561771,0.037320322726272566
A1,56,2,-1,M2_no_direct_memory,encoding,0,205,201.82964603764597,237.7551441550386,277.634997885299,0.06974810670496756
A1,56,2,-1,M2_no_direct_memory,encoding,1,205,11781.99545470651,5216.763624832774,4260.346492727722,0.19504553256772478
A1,56,2,-1,M2_no_direct_memory,encoding,2,205,4886.623719808834,1000.4140423726617,577.6980456711312,0.05971669776563454
A1,56,2,-1,M2_no_direct_memory,maintenance,0,363,532.3259887836851,448.8506805171944,1160.9643229038077,0.18396073419554268
A1,56,2,-1,M2_no_direct_memory,maintenance,1,363,11538.294188828255,5865.666462403459,20674.550098920572,0.19101116985103697
A1,56,2,-1,M2_no_direct_memory,maintenance,2,363,5638.793137423841,1801.6870713494477,14102.656219369801,0.06890853989544476
A1,56,2,-1,M2_no_direct_memory,retrieval,0,282,595.2858410818541,535.5447842513861,1100.9709894786236,0.20571834306239165
A1,56,2,-1,M2_no_direct_memory,retrieval,1,282,9811.07000489067,2473.808509354744,24984.286577439598,0.1624177654387661
A1,56,2,-1,M2_no_direct_memory,retrieval,2,282,8122.111386181268,1248.119836743711,21344.858469677325,0.0992557845003012
A1,57,2,-1,M2_no_direct_memory,encoding,0,205,1819.4434702478884,1929.662281686082,2025.4608253792123,0.6287616304040681
A1,57,2,-1,M2_no_direct_memory,encoding,1,205,973.0499746347064,958.0996047332442,1308.325034883429,0.016108396175099782
A1,57,2,-1,M2_no_direct_memory,encoding,2,205,2072.4425832203697,695.0281638194796,817.9437876830514,0.025326162699436012
A1,57,2,-1,M2_no_direct_memory,maintenance,0,362,204.54491019998937,233.13609116243376,258.8287931835738,0.07068644524068485
A1,57,2,-1,M2_no_direct_memory,maintenance,1,362,12592.71442769548,7573.711675725865,26726.522289801902,0.20846661344127285
A1,57,2,-1,M2_no_direct_memory,maintenance,2,362,10914.677036761717,5810.668731692617,25274.483152812736,0.13338216879103376
A1,57,2,-1,M2_no_direct_memory,retrieval,0,285,286.77359960475854,245.3878609532034,602.2898304202614,0.0991029614235637
A1,57,2,-1,M2_no_direct_memory,retrieval,1,285,4183.503715557542,531.5340469137807,14938.625413591879,0.06925598582488182
A1,57,2,-1,M2_no_direct_memory,retrieval,2,285,5724.877618718784,659.8826276401659,16730.18036902197,0.06996053023612986
A1,64,3,1,M0,encoding,0,205,1387.2503859553792,1391.4418155212704,1434.4195020381412,0.5002245249965437
A1,64,3,1,M0,encoding,1,205,1994.8362114015538,1924.6788054985143,2245.1529191670297,0.02626978691873784
A1,64,3,1,M0,encoding,2,205,31578.294423827287,31179.804590867214,38555.11587534333,0.3355044560452191
A1,64,3,1,M0,maintenance,0,362,374.6102148518211,372.79369826513323,457.88665442566315,0.13507959246596513
A1,64,3,1,M0,maintenance,1,362,129810.48739207433,129414.92993306072,124209.24736348123,1.7094605682996886
A1,64,3,1,M0,maintenance,2,362,33210.613666044694,33425.13087565394,34239.02924511251,0.35284707664727
A1,64,3,1,M0,retrieval,0,222,186.85552027099877,188.33870206976863,141.75455427610086,0.06737768092684376
A1,64,3,1,M0,retrieval,1,222,452493.7652024854,452731.72610843304,395576.8609222239,5.958842498440031
A1,64,3,1,M0,retrieval,2,222,269571.94632902497,269813.48425430304,230974.98365853532,2.8640745445050837
A1,65,3,-1,M0,encoding,0,205,537.8133760147781,544.2908092717241,575.1624954699477,0.19392853898433385
A1,65,3,-1,M0,encoding,1,205,316.34303288685976,312.8846735934234,138.17241262326166,0.004165887915843661
A1,65,3,-1,M0,encoding,2,205,75.88488979561606,75.78797804152204,407.4298306556845,0.0008062410949503031
A1,65,3,-1,M0,maintenance,0,363,1085.8430335349688,1078.29682534498,1162.9060089562695,0.3915409367839287
A1,65,3,-1,M0,maintenance,1,363,7982.556214460459,8002.722443231832,6712.532695201631,0.10512143785147628
A1,65,3,-1,M0,maintenance,2,363,7354.1913303520005,7343.01995708226,4848.08764581096,0.07813480768867852
A1,65,3,-1,M0,retrieval,0,297,84.05664990622722,83.97053843909794,143.62881681825058,0.030309739465803773
A1,65,3,-1,M0,retrieval,1,297,30262.82514771399,30269.169856750937,16943.08091764093,0.3985279411139771
A1,65,3,-1,M0,retrieval,2,297,40826.07129720468,40839.88250726144,26575.08447407757,0.43375771532159507
A1,66,3,1,M0,encoding,0,205,676.3017277996024,678.0166266394393,709.8799566052608,0.2438656452850174
A1,66,3,1,M0,encoding,1,205,18546.77395871794,18386.014511512152,20767.323094462903,0.24424050312541695
A1,66,3,1,M0,encoding,2,205,34555.0460779203,34207.92206811091,41354.3726387171,0.36713103571681177
A1,66,3,1,M0,maintenance,0,362,2506.7024789726042,2500.8594510782914,2753.841644998939,0.9038844534097404
A1,66,3,1,M0,maintenance,1,362,85004.99044837207,85487.93722312534,90310.21956892929,1.1194217216155056
A1,66,3,1,M0,maintenance,2,362,102521.09246377219,103251.34620326922,115624.97562924419,1.0892381614589648
A1,66,3,1,M0,retrieval,0,250,1068.4427331455547,1072.0301341248698,833.7560337205564,0.3852666137884462
A1,66,3,1,M0,retrieval,1,250,14007.915321547758,13976.925164261147,25174.158961840905,0.1844687541611448
A1,66,3,1,M0,retrieval,2,250,10917.546226033926,10883.848739160212,19220.85494572546,0.11599376960492935
A1,67,3,-1,M0,encoding,0,205,61.894361123992816,62.75792227066396,66.23386605634937,0.022318305121170612
A1,67,3,-1,M0,encoding,1,205,3593.2098209961714,3581.5581881704074,2658.8670704325305,0.04731859979901106
A1,67,3,-1,M0,encoding,2,205,2518.2741827012314,2524.1933914863093,1319.2431691412953,0.026755473189913174
A1,67,3,-1,M0,maintenance,0,363,1202.8544034661004,1207.4522443361639,1088.7221095472066,0.433733721544039
A1,67,3,-1,M0,maintenance,1,363,55233.29621072098,55292.23797831069,51585.58639044584,0.7273614314709749
A1,67,3,-1,M0,maintenance,2,363,39001.340628842845,38968.857998481704,31980.749274063954,0.4143708142400779
A1,67,3,-1,M0,retrieval,0,280,1422.6252471127386,1420.2883837300355,1738.386538655864,0.5129802418436306
A1,67,3,-1,M0,retrieval,1,280,104209.1552195916,104240.65775129906,77793.58407019672,1.3723193347673237
A1,67,3,-1,M0,retrieval,2,280,60878.95748588013,60922.18679667847,43006.52172463358,0.6468101551579842
A1,68,3,-1,M0,encoding,0,205,1906.337798895466,1889.4328721909937,1841.5416916823617,0.6874007241877338
A1,68,3,-1,M0,encoding,1,205,885.134009981824,894.8218584305878,1342.7759830982402,0.01165623608788094
A1,68,3,-1,M0,encoding,2,205,822.2396726397212,817.1646977570134,1605.95338460937,0.008735907975436311
A1,68,3,-1,M0,maintenance,0,362,6058.493625468249,6083.56587242975,5685.300777405416,2.184614346967586
A1,68,3,-1,M0,maintenance,1,362,3464.9474108656964,3447.877736053306,4361.574070098472,0.04562952569630866
A1,68,3,-1,M0,maintenance,2,362,1349.259438421511,1355.8644920729823,2981.2908206023612,0.01433524394559818
A1,68,3,-1,M0,retrieval,0,239,925.3653424336767,921.9853871149387,1157.136172986904,0.33367475947636077
A1,68,3,-1,M0,retrieval,1,239,404.1054259463776,402.6812617983471,1150.153022279824,0.005321621580580091
A1,68,3,-1,M0,retrieval,2,239,1038.3741927143712,1043.5403202035493,496.0486136859133,0.011032235117649688
A1,69,3,1,M0,encoding,0,205,582.726136926613,581.594266410141,592.266923027902,0.21012349897198856
A1,69,3,1,M0,encoding,1,205,716.0215488301754,695.8225185894363,740.5927592466344,0.009429211987172524
A1,69,3,1,M0,encoding,2,205,649.1674993557914,632.6465153547741,512.9929898658866,0.006897097918919294
A1,69,3,1,M0,maintenance,0,363,336.75164587030844,337.774327311096,312.9854507449373,0.12142828274022735
A1,69,3,1,M0,maintenance,1,363,781.0341148842326,816.1227662311213,1161.711066929106,0.01028535558809529
A1,69,3,1,M0,maintenance,2,363,1120.6451813424553,1182.4434799575363,2604.9813989528893,0.011906325494967231
A1,69,3,1,M0,retrieval,0,273,449.4774976117458,449.7032991510342,315.27812075420405,0.16207576513639016
A1,69,3,1,M0,retrieval,1,273,606.2803114996639,611.1202843228074,750.7929157019137,0.00798404124864573
A1,69,3,1,M0,retrieval,2,273,599.3389176653803,603.6776495190509,895.247772462718,0.0063676927847733595
A1,70,3,1,M0,encoding,0,205,110.90567654140037,110.85896651054523,106.20568520137462,0.03999115078936208
A1,70,3,1,M0,encoding,1,205,8775.945110787245,8917.716883921585,7207.062926296575,0.11556949224866096
A1,70,3,1,M0,encoding,2,205,11397.325688964494,11623.724716482468,7872.011047212553,0.12109119968052992
A1,70,3,1,M0,maintenance,0,362,132.3909516538184,133.18088404440275,117.37095636490936,0.047738462771638276
A1,70,3,1,M0,maintenance,1,362,18240.010478229833,18016.6083273384,15895.185704915559,0.24020076732113704
A1,70,3,1,M0,maintenance,2,362,17288.364402082687,16974.8426112339,12638.451037951858,0.18368070221853622
A1,70,3,1,M0,retrieval,0,255,267.22841600768265,269.36407559384816,181.76225822956528,0.09635910634183198
A1,70,3,1,M0,retrieval,1,255,9826.52572364763,9812.527567502697,17539.947160357682,0.1294044771376754
A1,70,3,1,M0,retrieval,2,255,2171.8199177270462,2163.689961456304,6093.02858216707,0.023074560340262736
A1,71,3,-1,M0,encoding,0,205,1470.8730991779241,1475.233617719094,1511.169375013395,0.5303777925134685
A1,71,3,-1,M0,encoding,1,205,1047.3816036473952,1057.604200175753,1662.715025773954,0.013792857475296965
A1,71,3,-1,M0,encoding,2,205,2131.465370828912,2121.8547142515617,4187.81898203233,0.02264581234886413
A1,71,3,-1,M0,maintenance,0,362,2723.929072825625,2710.0804171435443,2973.1359267541397,0.9822135501804802
A1,71,3,-1,M0,maintenance,1,362,871.9106676026382,866.5086865290759,1121.5977048780542,0.01148209929175237
A1,71,3,-1,M0,maintenance,2,362,3183.8163473177783,3193.9472831851526,5153.580942404295,0.0338265441894396
A1,71,3,-1,M0,retrieval,0,252,6028.743974709607,6034.7018787793795,5425.16589347165,2.173887008146696
A1,71,3,-1,M0,retrieval,1,252,3600.942979752257,3607.97540896825,462.0550502862062,0.047420436948131396
A1,71,3,-1,M0,retrieval,2,252,6627.809530398862,6637.004959442943,2120.1471981214413,0.07041734431324878
A1,72,3,1,M0,encoding,0,205,145.1030671152592,144.50196354902653,134.2010664367086,0.05232228699167707
A1,72,3,1,M0,encoding,1,205,89.74169008823834,84.29356414858215,268.16033559362353,0.0011817988178032294
A1,72,3,1,M0,encoding,2,205,345.2515554095021,308.9124295653561,1375.5810412875505,0.0036681346288616884
A1,72,3,1,M0,maintenance,0,362,1407.1756719900861,1409.172965035942,1288.096613412405,0.5074093251184534
A1,72,3,1,M0,maintenance,1,362,1326.2043610726198,1279.307866211689,902.5311637363932,0.01746464485502845
A1,72,3,1,M0,maintenance,2,362,2249.4176240668853,2196.6019391976574,1290.5780384227185,0.023898999301610206
A1,72,3,1,M0,retrieval,0,197,472.63139436303874,470.2299582605279,650.0291883973758,0.1704247604738527
A1,72,3,1,M0,retrieval,1,197,3065.671800259741,3089.3134705779676,182.92216757101428,0.04037150744272082
A1,72,3,1,M0,retrieval,2,197,12813.872809637904,12876.407818595419,5572.667520054548,0.13614134345350548
A1,73,3,-1,M0,encoding,0,205,6635.020454939349,6612.895035970466,6506.024193320159,2.3925024559489603
A1,73,3,-1,M0,encoding,1,205,67913.04539700558,67844.7298841,62955.31297793776,0.8943397063804255
A1,73,3,-1,M0,encoding,2,205,100949.44762197515,101006.26493696407,89221.51081614029,1.0725401776899135
A1,73,3,-1,M0,maintenance,0,362,24306.570676973366,24351.066083241378,23535.01216385202,8.764634628528412
A1,73,3,-1,M0,maintenance,1,362,214278.84427985112,214406.8102014925,206868.54732765458,2.821815419357247
A1,73,3,-1,M0,maintenance,2,362,336387.41831202206,336284.6352847514,314644.192129845,3.573957360916644
A1,73,3,-1,M0,retrieval,0,289,20930.982569355616,20921.77079087582,22113.688912544196,7.547441269051211
A1,73,3,-1,M0,retrieval,1,289,97026.30474573966,97078.53129722833,72386.89433711466,1.2777291371667538
A1,73,3,-1,M0,retrieval,2,289,182150.5894762795,182244.59104522644,150670.4568760664,1.9352639385882435
A1,74,3,1,M0,encoding,0,205,850.6642326886025,853.5789210660836,887.045624772101,0.3067385066432357
A1,74,3,1,M0,encoding,1,205,39488.14916632333,39171.15513200864,43152.299522874484,0.5200152566339368
A1,74,3,1,M0,encoding,2,205,75107.44302610206,74508.01131418208,85712.53521924239,0.7979810904038545
A1,74,3,1,M0,maintenance,0,362,1714.893385030424,1710.2128863778075,1885.2576131073197,0.61836834765469
A1,74,3,1,M0,maintenance,1,362,60639.5507401409,61072.088736093014,65062.602829363896,0.7985558251282566
A1,74,3,1,M0,maintenance,2,362,88323.71183141014,89033.17117893473,100054.53208307576,0.9383977011605944
A1,74,3,1,M0,retrieval,0,236,204.74184838946326,205.68920707907625,184.26378511704465,0.07382725922761275
A1,74,3,1,M0,retrieval,1,236,2166.470413282106,2165.279615861257,4468.896223190392,0.028530019556184255
A1,74,3,1,M0,retrieval,2,236,7648.640802129595,7676.835719543381,4356.6348331183735,0.08126319418529065
A1,75,3,-1,M0,encoding,0,205,5274.243609466605,5253.687669422213,5161.559960659741,1.9018239468317217
A1,75,3,-1,M0,encoding,1,205,94190.87534345839,94117.28658595709,88361.759473712,1.2403896674923383
A1,75,3,-1,M0,encoding,2,205,63193.93841559074,63236.96989495486,54021.7748052095,0.671405733600358
A1,75,3,-1,M0,maintenance,0,362,25898.523643263838,25943.27550994446,25103.28575455102,9.338672253200661
A1,75,3,-1,M0,maintenance,1,362,406552.4265415841,406732.0333797627,396453.6041626255,5.353845872408506
A1,75,3,-1,M0,maintenance,2,362,467563.07210434193,467445.0501889756,442405.98753838794,4.967636695882901
A1,75,3,-1,M0,retrieval,0,251,21996.78465487649,21982.987909239993,23195.608155699087,7.931755699501227
A1,75,3,-1,M0,retrieval,1,251,37003.24818650268,37060.00087997215,25519.29250043679,0.4872918586522109
A1,75,3,-1,M0,retrieval,2,251,40306.11458458886,40378.080891809,32823.726397756654,0.4282334209537017
A1,76,3,1,M0,encoding,0,205,153.69973048131519,153.023812151993,140.68668218229556,0.05542213247910796
A1,76,3,1,M0,encoding,1,205,3095.5982030854525,2984.453106387942,4206.990280377016,0.040765605073885935
A1,76,3,1,M0,encoding,2,205,2944.9423028072456,2779.219081803821,5288.803962808286,0.031288620345574364
A1,76,3,1,M0,maintenance,0,363,2384.9293021850726,2389.270092450222,2166.858279727281,0.8599746227601622
A1,76,3,1,M0,maintenance,1,363,7863.502338306219,7791.142004802279,6730.068379212231,0.10355362995800299
A1,76,3,1,M0,maintenance,2,363,12354.114851779397,12211.212691721714,9080.562940856562,0.13125663240820631
A1,76,3,1,M0,retrieval,0,225,2706.6438385822585,2701.006367855289,3134.849288908836,0.9759807185472146
A1,76,3,1,M0,retrieval,1,225,41141.773279263405,41212.66105610884,25380.191404353667,0.541791657544617
A1,76,3,1,M0,retrieval,2,225,51491.589444616126,51592.91474750074,35281.82806858605,0.5470738056861105
A1,64,3,1,M1,encoding,0,205,1387.6667417597644,1391.4418155212704,1434.4195020381412,0.5003746575080115
A1,64,3,1,M1,encoding,1,205,2031.139600851816,1924.6788054985143,2245.1529191670297,0.026747862411771083
A1,64,3,1,M1,encoding,2,205,32154.619766446667,31179.804590867214,38555.11587534333,0.34162764047010974
A1,64,3,1,M1,maintenance,0,362,374.42891418275525,372.79369826513323,457.88665442566315,0.13501421779245038
A1,64,3,1,M1,maintenance,1,362,130271.07736773968,129414.92993306072,124209.24736348123,1.7155260289367475
A1,64,3,1,M1,maintenance,2,362,33029.20220688291,33425.13087565394,34239.02924511251,0.3509196656189999
A1,64,3,1,M1,retrieval,0,222,186.13714356336635,188.33870206976863,141.75455427610086,0.06711864358868036
A1,64,3,1,M1,retrieval,1,222,452194.33842675225,452731.72610843304,395576.8609222239,5.954899378924096
A1,64,3,1,M1,retrieval,2,222,269272.6453666016,269813.48425430304,230974.98365853532,2.8608946132129134
A1,65,3,-1,M1,encoding,0,205,534.0951830833093,544.2908092717241,575.1624954699477,0.19258780676193218
A1,65,3,-1,M1,encoding,1,205,328.26834350033107,312.8846735934234,138.17241262326166,0.004322931069043467
A1,65,3,-1,M1,encoding,2,205,75.37886315172648,75.78797804152204,407.4298306556845,0.0008008648009800227
A1,65,3,-1,M1,maintenance,0,363,1089.223338235783,1078.29682534498,1162.9060089562695,0.3927598308858351
A1,65,3,-1,M1,maintenance,1,363,7933.647776018632,8002.722443231832,6712.532695201631,0.10447736780249099
A1,65,3,-1,M1,maintenance,2,363,7357.481961979956,7343.01995708226,4848.08764581096,0.07816976909474958
A1,65,3,-1,M1,retrieval,0,297,84.2083244364167,83.97053843909794,143.62881681825058,0.030364431337282956
A1,65,3,-1,M1,retrieval,1,297,30238.896196063026,30269.169856750937,16943.08091764093,0.3982128232825146
A1,65,3,-1,M1,retrieval,2,297,40790.3427831379,40839.88250726144,26575.08447407757,0.4333781167430147
A1,66,3,1,M1,encoding,0,205,676.4878961847718,678.0166266394393,709.8799566052608,0.24393277519392453
A1,66,3,1,M1,encoding,1,205,18817.452431392503,18386.014511512152,20767.323094462903,0.24780503928132228
A1,66,3,1,M1,encoding,2,205,35129.32224148259,34207.92206811091,41354.3726387171,0.3732324485825529
A1,66,3,1,M1,maintenance,0,362,2506.1174070789107,2500.8594510782914,2753.841644998939,0.9036734840612546
A1,66,3,1,M1,maintenance,1,362,84489.46943131824,85487.93722312534,90310.21956892929,1.1126328799087368
A1,66,3,1,M1,maintenance,2,362,101677.00675730796,103251.34620326922,115624.97562924419,1.0802701496974068
A1,66,3,1,M1,retrieval,0,250,1065.5704596664896,1072.0301341248698,833.7560337205564,0.38423090916635955
A1,66,3,1,M1,retrieval,1,250,14035.546980372868,13976.925164261147,25174.158961840905,0.18483263255145982
A1,66,3,1,M1,retrieval,2,250,10939.738830053559,10883.848739160212,19220.85494572546,0.11622955553560382
A1,67,3,-1,M1,encoding,0,205,61.977722964929235,62.75792227066396,66.23386605634937,0.02234836432151932
A1,67,3,-1,M1,encoding,1,205,3637.133708963066,3581.5581881704074,2658.8670704325305,0.047897028830396114
A1,67,3,-1,M1,encoding,2,205,2513.013628685725,2524.1933914863093,1319.2431691412953,0.02669958228935404
A1,67,3,-1,M1,maintenance,0,363,1199.8882563058964,1207.4522443361639,1088.7221095472066,0.43266416728814955
A1,67,3,-1,M1,maintenance,1,363,55090.17362482814,55292.23797831069,51585.58639044584,0.7254766652865761
A1,67,3,-1,M1,maintenance,2,363,39009.404149099646,38968.857998481704,31980.749274063954,0.41445648533241924
A1,67,3,-1,M1,retrieval,0,280,1424.5919097946035,1420.2883837300355,1738.386538655864,0.5136893949394409
A1,67,3,-1,M1,retrieval,1,280,104135.56436129533,104240.65775129906,77793.58407019672,1.3713502245438576
A1,67,3,-1,M1,retrieval,2,280,60805.494203799164,60922.18679667847,43006.52172463358,0.6460296425006803
A1,68,3,-1,M1,encoding,0,205,1915.9026314966957,1889.4328721909937,1841.5416916823617,0.6908496789640748
A1,68,3,-1,M1,encoding,1,205,862.8657992774167,894.8218584305878,1342.7759830982402,0.01136298837815778
A1,68,3,-1,M1,encoding,2,205,822.8734928384342,817.1646977570134,1605.95338460937,0.008742642015538208
A1,68,3,-1,M1,maintenance,0,362,6045.487213597983,6083.56587242975,5685.300777405416,2.1799244032735126
A1,68,3,-1,M1,maintenance,1,362,3505.196172525425,3447.877736053306,4361.574070098472,0.04615955737835902
A1,68,3,-1,M1,maintenance,2,362,1347.8282619481156,1355.8644920729823,2981.2908206023612,0.014320038371865582
A1,68,3,-1,M1,retrieval,0,239,927.7798451675294,921.9853871149387,1157.136172986904,0.33454539789561966
A1,68,3,-1,M1,retrieval,1,239,403.176291817669,402.6812617983471,1150.153022279824,0.005309385911586014
A1,68,3,-1,M1,retrieval,2,239,1025.8432629069005,1043.5403202035493,496.0486136859133,0.010899099909890526
A1,69,3,1,M1,encoding,0,205,582.6197730592644,581.594266410141,592.266923027902,0.21008514553878005
A1,69,3,1,M1,encoding,1,205,720.5330681170693,695.8225185894363,740.5927592466344,0.00948862370712682
A1,69,3,1,M1,encoding,2,205,662.1134963412193,632.6465153547741,512.9929898658866,0.0070346430193057715
A1,69,3,1,M1,maintenance,0,363,336.8569874720135,337.774327311096,312.9854507449373,0.12146626755768265
A1,69,3,1,M1,maintenance,1,363,741.3712600986258,816.1227662311213,1161.711066929106,0.009763039651653227
A1,69,3,1,M1,maintenance,2,363,1044.4789424212515,1182.4434799575363,2604.9813989528893,0.011097095198508065
A1,69,3,1,M1,retrieval,0,273,449.06364198999074,449.7032991510342,315.27812075420405,0.1619265341584027
A1,69,3,1,M1,retrieval,1,273,600.0888663931676,611.1202843228074,750.7929157019137,0.007902506763389694
A1,69,3,1,M1,retrieval,2,273,590.6641263862642,603.6776495190509,895.247772462718,0.006275527226673755
A1,70,3,1,M1,encoding,0,205,110.88879556483143,110.85896651054523,106.20568520137462,0.03998506372781128
A1,70,3,1,M1,encoding,1,205,8584.98330183187,8917.716883921585,7207.062926296575,0.11305473639943268
A1,70,3,1,M1,encoding,2,205,11074.838747064921,11623.724716482468,7872.011047212553,0.11766492831287607
A1,70,3,1,M1,maintenance,0,362,132.46995383443343,133.18088404440275,117.37095636490936,0.04776694993493045
A1,70,3,1,M1,maintenance,1,362,18474.900976361023,18016.6083273384,15895.185704915559,0.2432940154283625
A1,70,3,1,M1,maintenance,2,362,17639.294396264562,16974.8426112339,12638.451037951858,0.18740916757602882
A1,70,3,1,M1,retrieval,0,255,265.6511822980087,269.36407559384816,181.76225822956528,0.09579037629048881
A1,70,3,1,M1,retrieval,1,255,9858.587677701466,9812.527567502697,17539.947160357682,0.12982669761692012
A1,70,3,1,M1,retrieval,2,255,2190.834325438336,2163.689961456304,6093.02858216707,0.023276579437006124
A1,71,3,-1,M1,encoding,0,205,1466.8465310465272,1475.233617719094,1511.169375013395,0.5289258641872729
A1,71,3,-1,M1,encoding,1,205,1023.0304838133328,1057.604200175753,1662.715025773954,0.01347218015571692
A1,71,3,-1,M1,encoding,2,205,2134.6567974132263,2121.8547142515617,4187.81898203233,0.022679719748225472
A1,71,3,-1,M1,maintenance,0,362,2730.714401328055,2710.0804171435443,2973.1359267541397,0.9846602517719419
A1,71,3,-1,M1,maintenance,1,362,885.466845371626,866.5086865290759,1121.5977048780542,0.011660619161899321
A1,71,3,-1,M1,maintenance,2,362,3181.9374935158944,3193.9472831851526,5153.580942404295,0.033806582255640094
A1,71,3,-1,M1,retrieval,0,252,6023.715244606147,6034.7018787793795,5425.16589347165,2.1720737131908563
A1,71,3,-1,M1,retrieval,1,252,3582.5981571670145,3607.97540896825,462.0550502862062,0.04717885592126716
A1,71,3,-1,M1,retrieval,2,252,6602.896335129116,6637.004959442943,2120.1471981214413,0.07015265338614732
A1,72,3,1,M1,encoding,0,205,145.03608548727522,144.50196354902653,134.2010664367086,0.052298134284003685
A1,72,3,1,M1,encoding,1,205,98.4098619642739,84.29356414858215,268.16033559362353,0.0012959490557310153
A1,72,3,1,M1,encoding,2,205,393.10203218004045,308.9124295653561,1375.5810412875505,0.004176523332980247
A1,72,3,1,M1,maintenance,0,362,1407.380552821593,1409.172965035942,1288.096613412405,0.5074832024931933
A1,72,3,1,M1,maintenance,1,362,1371.445460148338,1279.307866211689,902.5311637363932,0.018060420100081583
A1,72,3,1,M1,maintenance,2,362,2314.0513146075677,2196.6019391976574,1290.5780384227185,0.024585701721190043
A1,72,3,1,M1,retrieval,0,197,474.6192848952437,470.2299582605279,650.0291883973758,0.17114156805760586
A1,72,3,1,M1,retrieval,1,197,3038.7375759251363,3089.3134705779676,182.92216757101428,0.04001681349338929
A1,72,3,1,M1,retrieval,2,197,12742.991668465846,12876.407818595419,5572.667520054548,0.13538826482317734
A1,73,3,-1,M1,encoding,0,205,6650.296227861447,6612.895035970466,6506.024193320159,2.3980107018512666
A1,73,3,-1,M1,encoding,1,205,68115.57173541996,67844.7298841,62955.31297793776,0.8970067542940187
A1,73,3,-1,M1,encoding,2,205,100922.97850917054,101006.26493696407,89221.51081614029,1.0722589558742475
A1,73,3,-1,M1,maintenance,0,362,24283.036153676072,24351.066083241378,23535.01216385202,8.756148384187378
A1,73,3,-1,M1,maintenance,1,362,213976.14026123227,214406.8102014925,206868.54732765458,2.8178291421766377
A1,73,3,-1,M1,maintenance,2,362,336409.9502147691,336284.6352847514,314644.192129845,3.5741967517359625
A1,73,3,-1,M1,retrieval,0,289,20938.051623195937,20921.77079087582,22113.688912544196,7.549990278325419
A1,73,3,-1,M1,retrieval,1,289,96936.75694164474,97078.53129722833,72386.89433711466,1.276549891613074
A1,73,3,-1,M1,retrieval,2,289,182014.64950274222,182244.59104522644,150670.4568760664,1.9338196406073491
A1,74,3,1,M1,encoding,0,205,850.979126324601,853.5789210660836,887.045624772101,0.30685205321066616
A1,74,3,1,M1,encoding,1,205,39907.77060572091,39171.15513200864,43152.299522874484,0.5255412069533184
A1,74,3,1,M1,encoding,2,205,75963.76971147992,74508.01131418208,85712.53521924239,0.80707915678194
A1,74,3,1,M1,maintenance,0,362,1714.4224156715318,1710.2128863778075,1885.2576131073197,0.6181985222026845
A1,74,3,1,M1,maintenance,1,362,60196.468166482744,61072.088736093014,65062.602829363896,0.792720917615109
A1,74,3,1,M1,maintenance,2,362,87540.53899529041,89033.17117893473,100054.53208307576,0.9300768598622918
A1,74,3,1,M1,retrieval,0,236,204.2777614064861,205.68920707907625,184.26378511704465,0.07365991547123892
A1,74,3,1,M1,retrieval,1,236,2157.6944816666005,2165.279615861257,4468.896223190392,0.028414450241653528
A1,74,3,1,M1,retrieval,2,236,7596.031375253694,7676.835719543381,4356.6348331183735,0.08070424388512715
A1,75,3,-1,M1,encoding,0,205,5288.215053623504,5253.687669422213,5161.559960659741,1.9068618686716834
A1,75,3,-1,M1,encoding,1,205,94419.63741338509,94117.28658595709,88361.759473712,1.2434022109772205
A1,75,3,-1,M1,encoding,2,205,63172.25021743038,63236.96989495486,54021.7748052095,0.671175306743583
A1,75,3,-1,M1,maintenance,0,362,25874.697477478756,25943.27550994446,25103.28575455102,9.330080846355154
A1,75,3,-1,M1,maintenance,1,362,406125.3449094954,406732.0333797627,396453.6041626255,5.348221679601223
A1,75,3,-1,M1,maintenance,2,362,467592.6119532955,467445.0501889756,442405.98753838794,4.967950542819084
A1,75,3,-1,M1,retrieval,0,251,22007.540783678654,21982.987909239993,23195.608155699087,7.93563422026095
A1,75,3,-1,M1,retrieval,1,251,36933.459902299874,37060.00087997215,25519.29250043679,0.48637282412448696
A1,75,3,-1,M1,retrieval,2,251,40252.63117860252,40378.080891809,32823.726397756654,0.42766518503848533
A1,76,3,1,M1,encoding,0,205,153.62691475534763,153.023812151993,140.68668218229556,0.05539587607125025
A1,76,3,1,M1,encoding,1,205,3209.3288200224456,2984.453106387942,4206.990280377016,0.04226331153018307
A1,76,3,1,M1,encoding,2,205,3114.488352459267,2779.219081803821,5288.803962808286,0.03308996700475923
A1,76,3,1,M1,maintenance,0,363,2385.36779406855,2389.270092450222,2166.858279727281,0.8601327372550995
A1,76,3,1,M1,maintenance,1,363,7956.195504583354,7791.142004802279,6730.068379212231,0.10477429645333028
A1,76,3,1,M1,maintenance,2,363,12547.646311529406,12211.212691721714,9080.562940856562,0.13331281271546416
A1,76,3,1,M1,retrieval,0,225,2711.3979725256913,2701.006367855289,3134.849288908836,0.9776949976836274
A1,76,3,1,M1,retrieval,1,225,41049.84989797407,41212.66105610884,25380.191404353667,0.540581128266314
A1,76,3,1,M1,retrieval,2,225,51371.728476875745,51592.91474750074,35281.82806858605,0.5458003395437327
A1,64,3,1,M2,encoding,0,205,1392.8159336743247,1391.4418155212704,1434.4195020381412,0.502231389433015
A1,64,3,1,M2,encoding,1,205,2039.250745894058,1924.6788054985143,2245.1529191670297,0.02685467722228475
A1,64,3,1,M2,encoding,2,205,32818.42877882683,31179.804590867214,38555.11587534333,0.3486802975461193
A1,64,3,1,M2,maintenance,0,362,373.49752279833535,372.79369826513323,457.88665442566315,0.13467837012026787
A1,64,3,1,M2,maintenance,1,362,130746.91573562419,129414.92993306072,124209.24736348123,1.7217922940369301
A1,64,3,1,M2,maintenance,2,362,33204.823403378585,33425.13087565394,34239.02924511251,0.3527855578426103
A1,64,3,1,M2,retrieval,0,222,184.38678002203105,188.33870206976863,141.75455427610086,0.06648748516198241
A1,64,3,1,M2,retrieval,1,222,451533.2918426302,452731.72610843304,395576.8609222239,5.946194126428181
A1,64,3,1,M2,retrieval,2,222,269087.0089341335,269813.48425430304,230974.98365853532,2.8589223138397593
A1,65,3,-1,M2,encoding,0,205,533.9133631641791,544.2908092717241,575.1624954699477,0.19252224485356836
A1,65,3,-1,M2,encoding,1,205,382.880264851827,312.8846735934234,138.17241262326166,0.005042109680764526
A1,65,3,-1,M2,encoding,2,205,80.56374425896519,75.78797804152204,407.4298306556845,0.0008559517126477628
A1,65,3,-1,M2,maintenance,0,363,1090.5046869398466,1078.29682534498,1162.9060089562695,0.3932218686357138
A1,65,3,-1,M2,maintenance,1,363,7740.099546296106,8002.722443231832,6712.532695201631,0.10192855165194731
A1,65,3,-1,M2,maintenance,2,363,7276.557971095881,7343.01995708226,4848.08764581096,0.07730998993194323
A1,65,3,-1,M2,retrieval,0,297,85.14789953804666,83.97053843909794,143.62881681825058,0.030703229951916416
A1,65,3,-1,M2,retrieval,1,297,29897.577025764287,30269.169856750937,16943.08091764093,0.3937180272567654
A1,65,3,-1,M2,retrieval,2,297,40498.43636251385,40839.88250726144,26575.08447407757,0.43027674896319934
A1,66,3,1,M2,encoding,0,205,680.8158282961961,678.0166266394393,709.8799566052608,0.24549337146880942
A1,66,3,1,M2,encoding,1,205,19064.31181072782,18386.014511512152,20767.323094462903,0.25105590431824404
A1,66,3,1,M2,encoding,2,205,35843.585402602665,34207.92206811091,41354.3726387171,0.38082115714699993
A1,66,3,1,M2,maintenance,0,362,2502.0894111702664,2500.8594510782914,2753.841644998939,0.9022210408970728
A1,66,3,1,M2,maintenance,1,362,84087.30523813324,85487.93722312534,90310.21956892929,1.107336822216916
A1,66,3,1,M2,maintenance,2,362,100844.27735734529,103251.34620326922,115624.97562924419,1.0714227933260463
A1,66,3,1,M2,retrieval,0,250,1056.5537932277973,1072.0301341248698,833.7560337205564,0.38097961600975977
A1,66,3,1,M2,retrieval,1,250,14087.225187440528,13976.925164261147,25174.158961840905,0.18551317739030448
A1,66,3,1,M2,retrieval,2,250,10876.375629179982,10883.848739160212,19220.85494572546,0.1155563514683717
A1,67,3,-1,M2,encoding,0,205,61.9358171039673,62.75792227066396,66.23386605634937,0.022333253610715795
A1,67,3,-1,M2,encoding,1,205,3830.19478464986,3581.5581881704074,2658.8670704325305,0.050439429701007496
A1,67,3,-1,M2,encoding,2,205,2575.278219600551,2524.1933914863093,1319.2431691412953,0.027361114144918548
A1,67,3,-1,M2,maintenance,0,363,1200.4598597274603,1207.4522443361639,1088.7221095472066,0.4328702800799951
A1,67,3,-1,M2,maintenance,1,363,54544.1159996001,55292.23797831069,51585.58639044584,0.718285690218997
A1,67,3,-1,M2,maintenance,2,363,38815.209342716604,38968.857998481704,31980.749274063954,0.41239325728064746
A1,67,3,-1,M2,retrieval,0,280,1431.7974974628085,1420.2883837300355,1738.386538655864,0.5162876365439415
A1,67,3,-1,M2,retrieval,1,280,103420.07430358433,104240.65775129906,77793.58407019672,1.361928011706976
A1,67,3,-1,M2,retrieval,2,280,60403.307217846916,60922.18679667847,43006.52172463358,0.6417565958269319
A1,68,3,-1,M2,encoding,0,205,1917.1891836937577,1889.4328721909937,1841.5416916823617,0.6913135930261461
A1,68,3,-1,M2,encoding,1,205,819.1305816704677,894.8218584305878,1342.7759830982402,0.010787043926772488
A1,68,3,-1,M2,encoding,2,205,809.7352485554358,817.1646977570134,1605.95338460937,0.008603054378460808
A1,68,3,-1,M2,maintenance,0,362,6043.756094375626,6083.56587242975,5685.300777405416,2.1793001840990343
A1,68,3,-1,M2,maintenance,1,362,3600.5306267775063,3447.877736053306,4361.574070098472,0.0474150067154536
A1,68,3,-1,M2,maintenance,2,362,1377.2322411832706,1355.8644920729823,2981.2908206023612,0.014632441756495874
A1,68,3,-1,M2,retrieval,0,239,933.3206656915698,921.9853871149387,1157.136172986904,0.3365433460258127
A1,68,3,-1,M2,retrieval,1,239,376.5167724733971,402.6812617983471,1150.153022279824,0.004958309523195244
A1,68,3,-1,M2,retrieval,2,239,970.8441152403218,1043.5403202035493,496.0486136859133,0.010314759955579912
A1,69,3,1,M2,encoding,0,205,584.884668047412,581.594266410141,592.266923027902,0.21090183734228096
A1,69,3,1,M2,encoding,1,205,713.7385005232468,695.8225185894363,740.5927592466344,0.00939914676567443
A1,69,3,1,M2,encoding,2,205,652.2273244762392,632.6465153547741,512.9929898658866,0.006929607114914844
A1,69,3,1,M2,maintenance,0,363,338.3441899783493,337.774327311096,312.9854507449373,0.12200253352295982
A1,69,3,1,M2,maintenance,1,363,712.7108189976202,816.1227662311213,1161.711066929106,0.00938561333644138
A1,69,3,1,M2,maintenance,2,363,953.7781769493547,1182.4434799575363,2604.9813989528893,0.010133442425685332
A1,69,3,1,M2,retrieval,0,273,444.6888878655809,449.7032991510342,315.27812075420405,0.1603490544719563
A1,69,3,1,M2,retrieval,1,273,579.504079514324,611.1202843228074,750.7929157019137,0.007631427883838517
A1,69,3,1,M2,retrieval,2,273,568.5206117126035,603.6776495190509,895.247772462718,0.006040262847103269
A1,70,3,1,M2,encoding,0,205,109.54044582887252,110.85896651054523,106.20568520137462,0.03949886627346007
A1,70,3,1,M2,encoding,1,205,8421.970090030612,8917.716883921585,7207.062926296575,0.11090803266782687
A1,70,3,1,M2,encoding,2,205,10695.614340999584,11623.724716482468,7872.011047212553,0.11363584819954295
A1,70,3,1,M2,maintenance,0,362,132.7533539487143,133.18088404440275,117.37095636490936,0.047869140346254405
A1,70,3,1,M2,maintenance,1,362,18654.8319065955,18016.6083273384,15895.185704915559,0.24566350680331053
A1,70,3,1,M2,maintenance,2,362,17928.327641901065,16974.8426112339,12638.451037951858,0.1904800092293098
A1,70,3,1,M2,retrieval,0,255,261.6758555082078,269.36407559384816,181.76225822956528,0.09435692492852386
A1,70,3,1,M2,retrieval,1,255,9970.507576672591,9812.527567502697,17539.947160357682,0.1313005589199854
A1,70,3,1,M2,retrieval,2,255,2241.6379399338866,2163.689961456304,6093.02858216707,0.023816343833958475
A1,71,3,-1,M2,encoding,0,205,1467.0952184211678,1475.233617719094,1511.169375013395,0.5290155376341947
A1,71,3,-1,M2,encoding,1,205,963.8545851162926,1057.604200175753,1662.715025773954,0.012692899009419773
A1,71,3,-1,M2,encoding,2,205,2084.4480751368,2121.8547142515617,4187.81898203233,0.02214627579998717
A1,71,3,-1,M2,maintenance,0,362,2731.4694049308873,2710.0804171435443,2973.1359267541397,0.9849324962942152
A1,71,3,-1,M2,maintenance,1,362,910.4548707743978,866.5086865290759,1121.5977048780542,0.011989683823498591
A1,71,3,-1,M2,maintenance,2,362,3212.1556623397337,3193.9472831851526,5153.580942404295,0.03412763601990784
A1,71,3,-1,M2,retrieval,0,252,6007.339327903525,6034.7018787793795,5425.16589347165,2.1661687696875895
A1,71,3,-1,M2,retrieval,1,252,3443.8452925946563,3607.97540896825,462.0550502862062,0.04535163413441209
A1,71,3,-1,M2,retrieval,2,252,6461.7393903141965,6637.004959442943,2120.1471981214413,0.06865292755068866
A1,72,3,1,M2,encoding,0,205,143.33770814450187,144.50196354902653,134.2010664367086,0.051685721407312646
A1,72,3,1,M2,encoding,1,205,107.30469876184317,84.29356414858215,268.16033559362353,0.001413084220018474
A1,72,3,1,M2,encoding,2,205,450.9520531794505,308.9124295653561,1375.5810412875505,0.004791152469282385
A1,72,3,1,M2,maintenance,0,362,1414.1426682661304,1409.172965035942,1288.096613412405,0.5099215337565767
A1,72,3,1,M2,maintenance,1,362,1400.239417166694,1279.307866211689,902.5311637363932,0.01843960467227664
A1,72,3,1,M2,maintenance,2,362,2410.126748736505,2196.6019391976574,1290.5780384227185,0.025606457808713734
A1,72,3,1,M2,retrieval,0,197,480.5483227200734,470.2299582605279,650.0291883973758,0.1732795023192492
A1,72,3,1,M2,retrieval,1,197,2989.734737751593,3089.3134705779676,182.92216757101428,0.039371500304329066
A1,72,3,1,M2,retrieval,2,197,12727.940880989909,12876.407818595419,5572.667520054548,0.1352283573184403
A1,73,3,-1,M2,encoding,0,205,6651.126109475716,6612.895035970466,6506.024193320159,2.3983099464148316
A1,73,3,-1,M2,encoding,1,205,68892.76538941177,67844.7298841,62955.31297793776,0.9072415352591259
A1,73,3,-1,M2,encoding,2,205,101315.3872274006,101006.26493696407,89221.51081614029,1.0764281130741316
A1,73,3,-1,M2,maintenance,0,362,24281.29937218451,24351.066083241378,23535.01216385202,8.755522123271948
A1,73,3,-1,M2,maintenance,1,362,213007.40482423696,214406.8102014925,206868.54732765458,2.8050719677454508
A1,73,3,-1,M2,maintenance,2,362,335886.6161082504,336284.6352847514,314644.192129845,3.568636574153826
A1,73,3,-1,M2,retrieval,0,289,20964.400107483027,20921.77079087582,22113.688912544196,7.559491200560024
A1,73,3,-1,M2,retrieval,1,289,96240.59590523233,97078.53129722833,72386.89433711466,1.2673822206117378
A1,73,3,-1,M2,retrieval,2,289,181349.28470955233,182244.59104522644,150670.4568760664,1.9267504540954146
A1,74,3,1,M2,encoding,0,205,856.8395339791359,853.5789210660836,887.045624772101,0.3089652403216268
A1,74,3,1,M2,encoding,1,205,40264.75839509077,39171.15513200864,43152.299522874484,0.5302423413651248
A1,74,3,1,M2,encoding,2,205,76968.9857827202,74508.01131418208,85712.53521924239,0.817759102527677
A1,74,3,1,M2,maintenance,0,362,1712.537708095482,1710.2128863778075,1885.2576131073197,0.6175189210567544
A1,74,3,1,M2,maintenance,1,362,59885.89707983223,61072.088736093014,65062.602829363896,0.7886310398483034
A1,74,3,1,M2,maintenance,2,362,86903.26751941441,89033.17117893473,100054.53208307576,0.9233061515714227
A1,74,3,1,M2,retrieval,0,236,203.2220708307982,205.68920707907625,184.26378511704465,0.07327924712029582
A1,74,3,1,M2,retrieval,1,236,2120.7913073815603,2165.279615861257,4468.896223190392,0.02792847624561707
A1,74,3,1,M2,retrieval,2,236,7494.142760184076,7676.835719543381,4356.6348331183735,0.07962172549710618
A1,75,3,-1,M2,encoding,0,205,5289.018893764894,5253.687669422213,5161.559960659741,1.9071517230173525
A1,75,3,-1,M2,encoding,1,205,95335.49744280246,94117.28658595709,88361.759473712,1.255463074762764
A1,75,3,-1,M2,encoding,2,205,63482.60932705514,63236.96989495486,54021.7748052095,0.6744727256242798
A1,75,3,-1,M2,maintenance,0,362,25873.19853124833,25943.27550994446,25103.28575455102,9.329540345755046
A1,75,3,-1,M2,maintenance,1,362,404785.2357689067,406732.0333797627,396453.6041626255,5.330573924176538
A1,75,3,-1,M2,maintenance,2,362,466931.3915322318,467445.0501889756,442405.98753838794,4.960925388302584
A1,75,3,-1,M2,retrieval,0,251,22038.295114652403,21982.987909239993,23195.608155699087,7.946723833757317
A1,75,3,-1,M2,retrieval,1,251,36533.91274006082,37060.00087997215,25519.29250043679,0.4811112298361859
A1,75,3,-1,M2,retrieval,2,251,40110.1447493732,40378.080891809,32823.726397756654,0.42615133405936656
A1,76,3,1,M2,encoding,0,205,151.94609106590028,153.023812151993,140.68668218229556,0.05478979281463779
A1,76,3,1,M2,encoding,1,205,3298.095234531884,2984.453106387942,4206.990280377016,0.04343226704711994
A1,76,3,1,M2,encoding,2,205,3272.4547140420837,2779.219081803821,5288.803962808286,0.03476828495014818
A1,76,3,1,M2,maintenance,0,363,2393.3203197897815,2389.270092450222,2166.858279727281,0.863000315049058
A1,76,3,1,M2,maintenance,1,363,8065.819702307607,7791.142004802279,6730.068379212231,0.10621792590967066
A1,76,3,1,M2,maintenance,2,363,12872.420864608846,12211.212691721714,9080.562940856562,0.13676338887090178
A1,76,3,1,M2,retrieval,0,225,2726.722750308679,2701.006367855289,3134.849288908836,0.9832209141041828
A1,76,3,1,M2,retrieval,1,225,40842.036228273144,41212.66105610884,25380.191404353667,0.5378444520466614
A1,76,3,1,M2,retrieval,2,225,51321.27453320693,51592.91474750074,35281.82806858605,0.5452642902340786
A1,64,3,1,M3,encoding,0,205,1434.5581099703859,1391.4418155212704,1434.4195020381412,0.5172830776656618
A1,64,3,1,M3,encoding,1,205,2003.204899878623,1924.6788054985143,2245.1529191670297,0.026379993291484327
A1,64,3,1,M3,encoding,2,205,32434.23516932793,31179.804590867214,38555.11587534333,0.3445984219944837
A1,64,3,1,M3,maintenance,0,362,383.48773008227835,372.79369826513323,457.88665442566315,0.13828070949881185
A1,64,3,1,M3,maintenance,1,362,129847.3073906827,129414.92993306072,124209.24736348123,1.709945446964043
A1,64,3,1,M3,maintenance,2,362,33709.11165827919,33425.13087565394,34239.02924511251,0.35814338225135206
A1,64,3,1,M3,retrieval,0,222,173.35575328265074,188.33870206976863,141.75455427610086,0.06250983976588435
A1,64,3,1,M3,retrieval,1,222,454105.40705249674,452731.72610843304,395576.8609222239,5.980066039373938
A1,64,3,1,M3,retrieval,2,222,273571.9415030305,269813.48425430304,230974.98365853532,2.906572603045749
A1,65,3,-1,M3,encoding,0,205,540.6282475671472,544.2908092717241,575.1624954699477,0.19494354521497934
A1,65,3,-1,M3,encoding,1,205,485.18025399696364,312.8846735934234,138.17241262326166,0.006389287409578558
A1,65,3,-1,M3,encoding,2,205,97.12433855267685,75.78797804152204,407.4298306556845,0.0010319002013699692
A1,65,3,-1,M3,maintenance,0,363,1087.940972023256,1078.29682534498,1162.9060089562695,0.39229742623558084
A1,65,3,-1,M3,maintenance,1,363,8065.324667765691,8002.722443231832,6712.532695201631,0.10621140685218652
A1,65,3,-1,M3,maintenance,2,363,7351.245742300066,7343.01995708226,4848.08764581096,0.07810351220755363
A1,65,3,-1,M3,retrieval,0,297,87.25219845478955,83.97053843909794,143.62881681825058,0.031462012891705284
A1,65,3,-1,M3,retrieval,1,297,26521.20215508754,30269.169856750937,16943.08091764093,0.3492549039669882
A1,65,3,-1,M3,retrieval,2,297,37599.85439551046,40839.88250726144,26575.08447407757,0.39948068527813324
A1,66,3,1,M3,encoding,0,205,709.8643767080749,678.0166266394393,709.8799566052608,0.25596790186237217
A1,66,3,1,M3,encoding,1,205,18824.30684527572,18386.014511512152,20767.323094462903,0.24789530433222523
A1,66,3,1,M3,encoding,2,205,35437.496708714476,34207.92206811091,41354.3726387171,0.3765066566701703
A1,66,3,1,M3,maintenance,0,362,2534.2178601428977,2500.8594510782914,2753.841644998939,0.9138061435497147
A1,66,3,1,M3,maintenance,1,362,85159.63414120082,85487.93722312534,90310.21956892929,1.121458208037658
A1,66,3,1,M3,maintenance,2,362,103008.43043409634,103251.34620326922,115624.97562924419,1.0944158971038769
A1,66,3,1,M3,retrieval,0,250,992.0592290732601,1072.0301341248698,833.7560337205564,0.35772371134706654
A1,66,3,1,M3,retrieval,1,250,13774.393628769898,13976.925164261147,25174.158961840905,0.18139353170673223
A1,66,3,1,M3,retrieval,2,250,10370.889524245466,10883.848739160212,19220.85494572546,0.11018580046905913
A1,67,3,-1,M3,encoding,0,205,61.979547077922184,62.75792227066396,66.23386605634937,0.02234902207304326
A1,67,3,-1,M3,encoding,1,205,4139.489427072889,3581.5581881704074,2658.8670704325305,0.054512498108890244
A1,67,3,-1,M3,encoding,2,205,2742.1012851156133,2524.1933914863093,1319.2431691412953,0.029133530384384456
A1,67,3,-1,M3,maintenance,0,363,1203.1272568709935,1207.4522443361639,1088.7221095472066,0.43383210894853214
A1,67,3,-1,M3,maintenance,1,363,55558.998861292246,55292.23797831069,51585.58639044584,0.7316505752014087
A1,67,3,-1,M3,maintenance,2,363,39113.79934222356,38968.857998481704,31980.749274063954,0.4155656349277929
A1,67,3,-1,M3,retrieval,0,280,1441.1397718349913,1420.2883837300355,1738.386538655864,0.5196563397049027
A1,67,3,-1,M3,retrieval,1,280,97283.8924230264,104240.65775129906,77793.58407019672,1.28112128202383
A1,67,3,-1,M3,retrieval,2,280,57030.81321295734,60922.18679667847,43006.52172463358,0.6059254406847316
A1,68,3,-1,M3,encoding,0,205,1901.6330760736712,1889.4328721909937,1841.5416916823617,0.6857042620619355
A1,68,3,-1,M3,encoding,1,205,753.251527988875,894.8218584305878,1342.7759830982402,0.009919489641998595
A1,68,3,-1,M3,encoding,2,205,783.081371117739,817.1646977570134,1605.95338460937,0.008319869525877923
A1,68,3,-1,M3,maintenance,0,362,6054.151479776754,6083.56587242975,5685.300777405416,2.183048625459786
A1,68,3,-1,M3,maintenance,1,362,3251.1381285744624,3447.877736053306,4361.574070098472,0.04281389388907737
A1,68,3,-1,M3,maintenance,2,362,1298.4243492702024,1355.8644920729823,2981.2908206023612,0.01379514514530164
A1,68,3,-1,M3,retrieval,0,239,936.9350930461545,921.9853871149387,1157.136172986904,0.33784666172490085
A1,68,3,-1,M3,retrieval,1,239,186.2724185834553,402.6812617983471,1150.153022279824,0.002453001763782551
A1,68,3,-1,M3,retrieval,2,239,620.4505482625151,1043.5403202035493,496.0486136859133,0.006591993883643816
A1,69,3,1,M3,encoding,0,205,596.1286881704139,581.594266410141,592.266923027902,0.21495628539435818
A1,69,3,1,M3,encoding,1,205,704.0257384711734,695.8225185894363,740.5927592466344,0.009271240430286074
A1,69,3,1,M3,encoding,2,205,608.1611069381121,632.6465153547741,512.9929898658866,0.0064614243769027455
A1,69,3,1,M3,maintenance,0,363,332.01727986034155,337.774327311096,312.9854507449373,0.11972113166463802
A1,69,3,1,M3,maintenance,1,363,796.7091969851755,816.1227662311213,1161.711066929106,0.010491779085108194
A1,69,3,1,M3,maintenance,2,363,1151.0039987829778,1182.4434799575363,2604.9813989528893,0.012228873584324245
A1,69,3,1,M3,retrieval,0,273,398.97544149945514,449.7032991510342,315.27812075420405,0.14386537767794905
A1,69,3,1,M3,retrieval,1,273,661.8286012245078,611.1202843228074,750.7929157019137,0.008715550796362785
A1,69,3,1,M3,retrieval,2,273,766.0573151728789,603.6776495190509,895.247772462718,0.00813899697611938
A1,70,3,1,M3,encoding,0,205,104.1267305491212,110.85896651054523,106.20568520137462,0.03754675064841007
A1,70,3,1,M3,encoding,1,205,8577.931318143972,8917.716883921585,7207.062926296575,0.11296186957268435
A1,70,3,1,M3,encoding,2,205,10893.327107401701,11623.724716482468,7872.011047212553,0.11573645291411822
A1,70,3,1,M3,maintenance,0,362,126.678470287508,133.18088404440275,117.37095636490936,0.04567861596464222
A1,70,3,1,M3,maintenance,1,362,18165.642178938775,18016.6083273384,15895.185704915559,0.2392214190595009
A1,70,3,1,M3,maintenance,2,362,17026.54330007862,16974.8426112339,12638.451037951858,0.18089897673235056
A1,70,3,1,M3,retrieval,0,255,235.92155632902302,269.36407559384816,181.76225822956528,0.08507025814943747
A1,70,3,1,M3,retrieval,1,255,9639.97994655201,9812.527567502697,17539.947160357682,0.12694787554458062
A1,70,3,1,M3,retrieval,2,255,1898.200341235708,2163.689961456304,6093.02858216707,0.02016748163797596
A1,71,3,-1,M3,encoding,0,205,1474.6579421251479,1475.233617719094,1511.169375013395,0.5317425578684679
A1,71,3,-1,M3,encoding,1,205,855.2107638641289,1057.604200175753,1662.715025773954,0.011262180027069564
A1,71,3,-1,M3,encoding,2,205,1941.0088878935253,2121.8547142515617,4187.81898203233,0.020622302217192565
A1,71,3,-1,M3,maintenance,0,362,2725.8979721347177,2710.0804171435443,2973.1359267541397,0.9829235097751052
A1,71,3,-1,M3,maintenance,1,362,778.746539085384,866.5086865290759,1121.5977048780542,0.010255230744535328
A1,71,3,-1,M3,maintenance,2,362,3067.2714837374947,3193.9472831851526,5153.580942404295,0.03258831008674964
A1,71,3,-1,M3,retrieval,0,252,5991.270473768996,6034.7018787793795,5425.16589347165,2.1603745489700743
A1,71,3,-1,M3,retrieval,1,252,2405.2574618461563,3607.97540896825,462.0550502862062,0.031674580923618335
A1,71,3,-1,M3,retrieval,2,252,5392.222229487832,6637.004959442943,2120.1471981214413,0.057289813113345134
A1,72,3,1,M3,encoding,0,205,133.6376343237303,144.50196354902653,134.2010664367086,0.048188000398509144
A1,72,3,1,M3,encoding,1,205,98.26766131586118,84.29356414858215,268.16033559362353,0.0012940764304437062
A1,72,3,1,M3,encoding,2,205,424.21618848484303,308.9124295653561,1375.5810412875505,0.004507096540837606
A1,72,3,1,M3,maintenance,0,362,1410.2012895062621,1409.172965035942,1288.096613412405,0.508500323614596
A1,72,3,1,M3,maintenance,1,362,1308.4206551328743,1279.307866211689,902.5311637363932,0.017230453113875735
A1,72,3,1,M3,maintenance,2,362,2260.997825753564,2196.6019391976574,1290.5780384227185,0.024022033472349057
A1,72,3,1,M3,retrieval,0,197,520.3474502132883,470.2299582605279,650.0291883973758,0.18763055231507214
A1,72,3,1,M3,retrieval,1,197,3195.345887060397,3089.3134705779676,182.92216757101428,0.04207917176606984
A1,72,3,1,M3,retrieval,2,197,13666.371220394883,12876.407818595419,5572.667520054548,0.1451987362227813
A1,73,3,-1,M3,encoding,0,205,6624.516445670561,6612.895035970466,6506.024193320159,2.388714846228152
A1,73,3,-1,M3,encoding,1,205,70334.25291029508,67844.7298841,62955.31297793776,0.926224331843222
A1,73,3,-1,M3,encoding,2,205,102474.6850015988,101006.26493696407,89221.51081614029,1.0887451041030496
A1,73,3,-1,M3,maintenance,0,362,24300.81769358949,24351.066083241378,23535.01216385202,8.76256017721836
A1,73,3,-1,M3,maintenance,1,362,215407.64015685706,214406.8102014925,206868.54732765458,2.836680412780873
A1,73,3,-1,M3,maintenance,2,362,336979.81918007985,336284.6352847514,314644.192129845,3.5802513402028873
A1,73,3,-1,M3,retrieval,0,289,21000.973666889506,20921.77079087582,22113.688912544196,7.572679152473218
A1,73,3,-1,M3,retrieval,1,289,90863.62055856807,97078.53129722833,72386.89433711466,1.1965734014130256
A1,73,3,-1,M3,retrieval,2,289,175814.13526173998,182244.59104522644,150670.4568760664,1.867942106827108
A1,74,3,1,M3,encoding,0,205,891.9847077469188,853.5789210660836,887.045624772101,0.32163813487036585
A1,74,3,1,M3,encoding,1,205,39915.561418479396,39171.15513200864,43152.299522874484,0.5256438033418938
A1,74,3,1,M3,encoding,2,205,76431.7945284574,74508.01131418208,85712.53521924239,0.8120516992989041
A1,74,3,1,M3,maintenance,0,362,1741.3272853054011,1710.2128863778075,1885.2576131073197,0.6279000697884345
A1,74,3,1,M3,maintenance,1,362,60823.17824032729,61072.088736093014,65062.602829363896,0.8009739962416271
A1,74,3,1,M3,maintenance,2,362,88927.78361453798,89033.17117893473,100054.53208307576,0.9448156784044082
A1,74,3,1,M3,retrieval,0,236,199.1726407789295,205.68920707907625,184.26378511704465,0.07181907508162833
A1,74,3,1,M3,retrieval,1,236,2175.0722444201824,2165.279615861257,4468.896223190392,0.02864329615995588
A1,74,3,1,M3,retrieval,2,236,8238.183253023337,7676.835719543381,4356.6348331183735,0.08752680413990001
A1,75,3,-1,M3,encoding,0,205,5264.827063230675,5253.687669422213,5161.559960659741,1.8984284621984753
A1,75,3,-1,M3,encoding,1,205,97013.2904579229,94117.28658595709,88361.759473712,1.2775577533880298
A1,75,3,-1,M3,encoding,2,205,64394.26154216734,63236.96989495486,54021.7748052095,0.6841585996119152
A1,75,3,-1,M3,maintenance,0,362,25893.146730623168,25943.27550994446,25103.28575455102,9.33673340813069
A1,75,3,-1,M3,maintenance,1,362,408287.0474912432,406732.0333797627,396453.6041626255,5.376688912088597
A1,75,3,-1,M3,maintenance,2,362,468200.79579196393,467445.0501889756,442405.98753838794,4.97441220870988
A1,75,3,-1,M3,retrieval,0,251,22064.970490888107,21982.987909239993,23195.608155699087,7.956342628995509
A1,75,3,-1,M3,retrieval,1,251,34523.46042439333,37060.00087997215,25519.29250043679,0.4546357960933018
A1,75,3,-1,M3,retrieval,2,251,39325.421508351035,40378.080891809,32823.726397756654,0.4178140204416139
A1,76,3,1,M3,encoding,0,205,140.7853845608205,153.023812151993,140.68668218229556,0.05076538657431476
A1,76,3,1,M3,encoding,1,205,3209.231984929451,2984.453106387942,4206.990280377016,0.042262036319093206
A1,76,3,1,M3,encoding,2,205,3181.772325239613,2779.219081803821,5288.803962808286,0.03380482742075428
A1,76,3,1,M3,maintenance,0,363,2377.403129474202,2389.270092450222,2166.858279727281,0.8572607823406876
A1,76,3,1,M3,maintenance,1,363,7892.486194689709,7791.142004802279,6730.068379212231,0.10393531529483706
A1,76,3,1,M3,maintenance,2,363,12396.117026663553,12211.212691721714,9080.562940856562,0.13170288566837582
A1,76,3,1,M3,retrieval,0,225,2836.6401405251972,2701.006367855289,3134.849288908836,1.0228557016425919
A1,76,3,1,M3,retrieval,1,225,41632.22963757247,41212.66105610884,25380.191404353667,0.5482504254134172
A1,76,3,1,M3,retrieval,2,225,53234.057744304395,51592.91474750074,35281.82806858605,0.5655867079732537
A1,64,3,1,M2_no_feedback,encoding,0,205,1392.8159336743247,1391.4418155212704,1434.4195020381412,0.502231389433015
A1,64,3,1,M2_no_feedback,encoding,1,205,2039.250745894058,1924.6788054985143,2245.1529191670297,0.02685467722228475
A1,64,3,1,M2_no_feedback,encoding,2,205,32818.42877882683,31179.804590867214,38555.11587534333,0.3486802975461193
A1,64,3,1,M2_no_feedback,maintenance,0,362,373.49752279833535,372.79369826513323,457.88665442566315,0.13467837012026787
A1,64,3,1,M2_no_feedback,maintenance,1,362,130746.91573562419,129414.92993306072,124209.24736348123,1.7217922940369301
A1,64,3,1,M2_no_feedback,maintenance,2,362,33204.823403378585,33425.13087565394,34239.02924511251,0.3527855578426103
A1,64,3,1,M2_no_feedback,retrieval,0,222,184.38678002203105,188.33870206976863,141.75455427610086,0.06648748516198241
A1,64,3,1,M2_no_feedback,retrieval,1,222,451533.2918426302,452731.72610843304,395576.8609222239,5.946194126428181
A1,64,3,1,M2_no_feedback,retrieval,2,222,269087.0089341335,269813.48425430304,230974.98365853532,2.8589223138397593
A1,65,3,-1,M2_no_feedback,encoding,0,205,533.9133631641791,544.2908092717241,575.1624954699477,0.19252224485356836
A1,65,3,-1,M2_no_feedback,encoding,1,205,382.880264851827,312.8846735934234,138.17241262326166,0.005042109680764526
A1,65,3,-1,M2_no_feedback,encoding,2,205,80.56374425896519,75.78797804152204,407.4298306556845,0.0008559517126477628
A1,65,3,-1,M2_no_feedback,maintenance,0,363,1090.5046869398466,1078.29682534498,1162.9060089562695,0.3932218686357138
A1,65,3,-1,M2_no_feedback,maintenance,1,363,7740.099546296106,8002.722443231832,6712.532695201631,0.10192855165194731
A1,65,3,-1,M2_no_feedback,maintenance,2,363,7276.557971095881,7343.01995708226,4848.08764581096,0.07730998993194323
A1,65,3,-1,M2_no_feedback,retrieval,0,297,85.14789953804666,83.97053843909794,143.62881681825058,0.030703229951916416
A1,65,3,-1,M2_no_feedback,retrieval,1,297,29897.577025764287,30269.169856750937,16943.08091764093,0.3937180272567654
A1,65,3,-1,M2_no_feedback,retrieval,2,297,40498.43636251385,40839.88250726144,26575.08447407757,0.43027674896319934
A1,66,3,1,M2_no_feedback,encoding,0,205,680.8158282961961,678.0166266394393,709.8799566052608,0.24549337146880942
A1,66,3,1,M2_no_feedback,encoding,1,205,19064.31181072782,18386.014511512152,20767.323094462903,0.25105590431824404
A1,66,3,1,M2_no_feedback,encoding,2,205,35843.585402602665,34207.92206811091,41354.3726387171,0.38082115714699993
A1,66,3,1,M2_no_feedback,maintenance,0,362,2502.0894111702664,2500.8594510782914,2753.841644998939,0.9022210408970728
A1,66,3,1,M2_no_feedback,maintenance,1,362,84087.30523813324,85487.93722312534,90310.21956892929,1.107336822216916
A1,66,3,1,M2_no_feedback,maintenance,2,362,100844.27735734529,103251.34620326922,115624.97562924419,1.0714227933260463
A1,66,3,1,M2_no_feedback,retrieval,0,250,1056.5537932277973,1072.0301341248698,833.7560337205564,0.38097961600975977
A1,66,3,1,M2_no_feedback,retrieval,1,250,14087.225187440528,13976.925164261147,25174.158961840905,0.18551317739030448
A1,66,3,1,M2_no_feedback,retrieval,2,250,10876.375629179982,10883.848739160212,19220.85494572546,0.1155563514683717
A1,67,3,-1,M2_no_feedback,encoding,0,205,61.9358171039673,62.75792227066396,66.23386605634937,0.022333253610715795
A1,67,3,-1,M2_no_feedback,encoding,1,205,3830.19478464986,3581.5581881704074,2658.8670704325305,0.050439429701007496
A1,67,3,-1,M2_no_feedback,encoding,2,205,2575.278219600551,2524.1933914863093,1319.2431691412953,0.027361114144918548
A1,67,3,-1,M2_no_feedback,maintenance,0,363,1200.4598597274603,1207.4522443361639,1088.7221095472066,0.4328702800799951
A1,67,3,-1,M2_no_feedback,maintenance,1,363,54544.1159996001,55292.23797831069,51585.58639044584,0.718285690218997
A1,67,3,-1,M2_no_feedback,maintenance,2,363,38815.209342716604,38968.857998481704,31980.749274063954,0.41239325728064746
A1,67,3,-1,M2_no_feedback,retrieval,0,280,1431.7974974628085,1420.2883837300355,1738.386538655864,0.5162876365439415
A1,67,3,-1,M2_no_feedback,retrieval,1,280,103420.07430358433,104240.65775129906,77793.58407019672,1.361928011706976
A1,67,3,-1,M2_no_feedback,retrieval,2,280,60403.307217846916,60922.18679667847,43006.52172463358,0.6417565958269319
A1,68,3,-1,M2_no_feedback,encoding,0,205,1917.1891836937577,1889.4328721909937,1841.5416916823617,0.6913135930261461
A1,68,3,-1,M2_no_feedback,encoding,1,205,819.1305816704677,894.8218584305878,1342.7759830982402,0.010787043926772488
A1,68,3,-1,M2_no_feedback,encoding,2,205,809.7352485554358,817.1646977570134,1605.95338460937,0.008603054378460808
A1,68,3,-1,M2_no_feedback,maintenance,0,362,6043.756094375626,6083.56587242975,5685.300777405416,2.1793001840990343
A1,68,3,-1,M2_no_feedback,maintenance,1,362,3600.5306267775063,3447.877736053306,4361.574070098472,0.0474150067154536
A1,68,3,-1,M2_no_feedback,maintenance,2,362,1377.2322411832706,1355.8644920729823,2981.2908206023612,0.014632441756495874
A1,68,3,-1,M2_no_feedback,retrieval,0,239,933.3206656915698,921.9853871149387,1157.136172986904,0.3365433460258127
A1,68,3,-1,M2_no_feedback,retrieval,1,239,376.5167724733971,402.6812617983471,1150.153022279824,0.004958309523195244
A1,68,3,-1,M2_no_feedback,retrieval,2,239,970.8441152403218,1043.5403202035493,496.0486136859133,0.010314759955579912
A1,69,3,1,M2_no_feedback,encoding,0,205,584.884668047412,581.594266410141,592.266923027902,0.21090183734228096
A1,69,3,1,M2_no_feedback,encoding,1,205,713.7385005232468,695.8225185894363,740.5927592466344,0.00939914676567443
A1,69,3,1,M2_no_feedback,encoding,2,205,652.2273244762392,632.6465153547741,512.9929898658866,0.006929607114914844
A1,69,3,1,M2_no_feedback,maintenance,0,363,338.3441899783493,337.774327311096,312.9854507449373,0.12200253352295982
A1,69,3,1,M2_no_feedback,maintenance,1,363,712.7108189976202,816.1227662311213,1161.711066929106,0.00938561333644138
A1,69,3,1,M2_no_feedback,maintenance,2,363,953.7781769493547,1182.4434799575363,2604.9813989528893,0.010133442425685332
A1,69,3,1,M2_no_feedback,retrieval,0,273,444.6888878655809,449.7032991510342,315.27812075420405,0.1603490544719563
A1,69,3,1,M2_no_feedback,retrieval,1,273,579.504079514324,611.1202843228074,750.7929157019137,0.007631427883838517
A1,69,3,1,M2_no_feedback,retrieval,2,273,568.5206117126035,603.6776495190509,895.247772462718,0.006040262847103269
A1,70,3,1,M2_no_feedback,encoding,0,205,109.54044582887252,110.85896651054523,106.20568520137462,0.03949886627346007
A1,70,3,1,M2_no_feedback,encoding,1,205,8421.970090030612,8917.716883921585,7207.062926296575,0.11090803266782687
A1,70,3,1,M2_no_feedback,encoding,2,205,10695.614340999584,11623.724716482468,7872.011047212553,0.11363584819954295
A1,70,3,1,M2_no_feedback,maintenance,0,362,132.7533539487143,133.18088404440275,117.37095636490936,0.047869140346254405
A1,70,3,1,M2_no_feedback,maintenance,1,362,18654.8319065955,18016.6083273384,15895.185704915559,0.24566350680331053
A1,70,3,1,M2_no_feedback,maintenance,2,362,17928.327641901065,16974.8426112339,12638.451037951858,0.1904800092293098
A1,70,3,1,M2_no_feedback,retrieval,0,255,261.6758555082078,269.36407559384816,181.76225822956528,0.09435692492852386
A1,70,3,1,M2_no_feedback,retrieval,1,255,9970.507576672591,9812.527567502697,17539.947160357682,0.1313005589199854
A1,70,3,1,M2_no_feedback,retrieval,2,255,2241.6379399338866,2163.689961456304,6093.02858216707,0.023816343833958475
A1,71,3,-1,M2_no_feedback,encoding,0,205,1467.0952184211678,1475.233617719094,1511.169375013395,0.5290155376341947
A1,71,3,-1,M2_no_feedback,encoding,1,205,963.8545851162926,1057.604200175753,1662.715025773954,0.012692899009419773
A1,71,3,-1,M2_no_feedback,encoding,2,205,2084.4480751368,2121.8547142515617,4187.81898203233,0.02214627579998717
A1,71,3,-1,M2_no_feedback,maintenance,0,362,2731.4694049308873,2710.0804171435443,2973.1359267541397,0.9849324962942152
A1,71,3,-1,M2_no_feedback,maintenance,1,362,910.4548707743978,866.5086865290759,1121.5977048780542,0.011989683823498591
A1,71,3,-1,M2_no_feedback,maintenance,2,362,3212.1556623397337,3193.9472831851526,5153.580942404295,0.03412763601990784
A1,71,3,-1,M2_no_feedback,retrieval,0,252,6007.339327903525,6034.7018787793795,5425.16589347165,2.1661687696875895
A1,71,3,-1,M2_no_feedback,retrieval,1,252,3443.8452925946563,3607.97540896825,462.0550502862062,0.04535163413441209
A1,71,3,-1,M2_no_feedback,retrieval,2,252,6461.7393903141965,6637.004959442943,2120.1471981214413,0.06865292755068866
A1,72,3,1,M2_no_feedback,encoding,0,205,143.33770814450187,144.50196354902653,134.2010664367086,0.051685721407312646
A1,72,3,1,M2_no_feedback,encoding,1,205,107.30469876184317,84.29356414858215,268.16033559362353,0.001413084220018474
A1,72,3,1,M2_no_feedback,encoding,2,205,450.9520531794505,308.9124295653561,1375.5810412875505,0.004791152469282385
A1,72,3,1,M2_no_feedback,maintenance,0,362,1414.1426682661304,1409.172965035942,1288.096613412405,0.5099215337565767
A1,72,3,1,M2_no_feedback,maintenance,1,362,1400.239417166694,1279.307866211689,902.5311637363932,0.01843960467227664
A1,72,3,1,M2_no_feedback,maintenance,2,362,2410.126748736505,2196.6019391976574,1290.5780384227185,0.025606457808713734
A1,72,3,1,M2_no_feedback,retrieval,0,197,480.5483227200734,470.2299582605279,650.0291883973758,0.1732795023192492
A1,72,3,1,M2_no_feedback,retrieval,1,197,2989.734737751593,3089.3134705779676,182.92216757101428,0.039371500304329066
A1,72,3,1,M2_no_feedback,retrieval,2,197,12727.940880989909,12876.407818595419,5572.667520054548,0.1352283573184403
A1,73,3,-1,M2_no_feedback,encoding,0,205,6651.126109475716,6612.895035970466,6506.024193320159,2.3983099464148316
A1,73,3,-1,M2_no_feedback,encoding,1,205,68892.76538941177,67844.7298841,62955.31297793776,0.9072415352591259
A1,73,3,-1,M2_no_feedback,encoding,2,205,101315.3872274006,101006.26493696407,89221.51081614029,1.0764281130741316
A1,73,3,-1,M2_no_feedback,maintenance,0,362,24281.29937218451,24351.066083241378,23535.01216385202,8.755522123271948
A1,73,3,-1,M2_no_feedback,maintenance,1,362,213007.40482423696,214406.8102014925,206868.54732765458,2.8050719677454508
A1,73,3,-1,M2_no_feedback,maintenance,2,362,335886.6161082504,336284.6352847514,314644.192129845,3.568636574153826
A1,73,3,-1,M2_no_feedback,retrieval,0,289,20964.400107483027,20921.77079087582,22113.688912544196,7.559491200560024
A1,73,3,-1,M2_no_feedback,retrieval,1,289,96240.59590523233,97078.53129722833,72386.89433711466,1.2673822206117378
A1,73,3,-1,M2_no_feedback,retrieval,2,289,181349.28470955233,182244.59104522644,150670.4568760664,1.9267504540954146
A1,74,3,1,M2_no_feedback,encoding,0,205,856.8395339791359,853.5789210660836,887.045624772101,0.3089652403216268
A1,74,3,1,M2_no_feedback,encoding,1,205,40264.75839509077,39171.15513200864,43152.299522874484,0.5302423413651248
A1,74,3,1,M2_no_feedback,encoding,2,205,76968.9857827202,74508.01131418208,85712.53521924239,0.817759102527677
A1,74,3,1,M2_no_feedback,maintenance,0,362,1712.537708095482,1710.2128863778075,1885.2576131073197,0.6175189210567544
A1,74,3,1,M2_no_feedback,maintenance,1,362,59885.89707983223,61072.088736093014,65062.602829363896,0.7886310398483034
A1,74,3,1,M2_no_feedback,maintenance,2,362,86903.26751941441,89033.17117893473,100054.53208307576,0.9233061515714227
A1,74,3,1,M2_no_feedback,retrieval,0,236,203.2220708307982,205.68920707907625,184.26378511704465,0.07327924712029582
A1,74,3,1,M2_no_feedback,retrieval,1,236,2120.7913073815603,2165.279615861257,4468.896223190392,0.02792847624561707
A1,74,3,1,M2_no_feedback,retrieval,2,236,7494.142760184076,7676.835719543381,4356.6348331183735,0.07962172549710618
A1,75,3,-1,M2_no_feedback,encoding,0,205,5289.018893764894,5253.687669422213,5161.559960659741,1.9071517230173525
A1,75,3,-1,M2_no_feedback,encoding,1,205,95335.49744280246,94117.28658595709,88361.759473712,1.255463074762764
A1,75,3,-1,M2_no_feedback,encoding,2,205,63482.60932705514,63236.96989495486,54021.7748052095,0.6744727256242798
A1,75,3,-1,M2_no_feedback,maintenance,0,362,25873.19853124833,25943.27550994446,25103.28575455102,9.329540345755046
A1,75,3,-1,M2_no_feedback,maintenance,1,362,404785.2357689067,406732.0333797627,396453.6041626255,5.330573924176538
A1,75,3,-1,M2_no_feedback,maintenance,2,362,466931.3915322318,467445.0501889756,442405.98753838794,4.960925388302584
A1,75,3,-1,M2_no_feedback,retrieval,0,251,22038.295114652403,21982.987909239993,23195.608155699087,7.946723833757317
A1,75,3,-1,M2_no_feedback,retrieval,1,251,36533.91274006082,37060.00087997215,25519.29250043679,0.4811112298361859
A1,75,3,-1,M2_no_feedback,retrieval,2,251,40110.1447493732,40378.080891809,32823.726397756654,0.42615133405936656
A1,76,3,1,M2_no_feedback,encoding,0,205,151.94609106590028,153.023812151993,140.68668218229556,0.05478979281463779
A1,76,3,1,M2_no_feedback,encoding,1,205,3298.095234531884,2984.453106387942,4206.990280377016,0.04343226704711994
A1,76,3,1,M2_no_feedback,encoding,2,205,3272.4547140420837,2779.219081803821,5288.803962808286,0.03476828495014818
A1,76,3,1,M2_no_feedback,maintenance,0,363,2393.3203197897815,2389.270092450222,2166.858279727281,0.863000315049058
A1,76,3,1,M2_no_feedback,maintenance,1,363,8065.819702307607,7791.142004802279,6730.068379212231,0.10621792590967066
A1,76,3,1,M2_no_feedback,maintenance,2,363,12872.420864608846,12211.212691721714,9080.562940856562,0.13676338887090178
A1,76,3,1,M2_no_feedback,retrieval,0,225,2726.722750308679,2701.006367855289,3134.849288908836,0.9832209141041828
A1,76,3,1,M2_no_feedback,retrieval,1,225,40842.036228273144,41212.66105610884,25380.191404353667,0.5378444520466614
A1,76,3,1,M2_no_feedback,retrieval,2,225,51321.27453320693,51592.91474750074,35281.82806858605,0.5452642902340786
A1,64,3,1,M2_no_direct_memory,encoding,0,205,1385.148399288922,1391.4418155212704,1434.4195020381412,0.49946657582426535
A1,64,3,1,M2_no_direct_memory,encoding,1,205,2036.8480624248607,1924.6788054985143,2245.1529191670297,0.02682303653799787
A1,64,3,1,M2_no_direct_memory,encoding,2,205,32174.1041887833,31179.804590867214,38555.11587534333,0.3418346532501439
A1,64,3,1,M2_no_direct_memory,maintenance,0,362,375.415445974547,372.79369826513323,457.88665442566315,0.1353699483814912
A1,64,3,1,M2_no_direct_memory,maintenance,1,362,130356.59437565425,129414.92993306072,124209.24736348123,1.716652193362179
A1,64,3,1,M2_no_direct_memory,maintenance,2,362,33024.47130766763,33425.13087565394,34239.02924511251,0.3508694020504068
A1,64,3,1,M2_no_direct_memory,retrieval,0,222,185.85502858282842,188.33870206976863,141.75455427610086,0.06701691657994228
A1,64,3,1,M2_no_direct_memory,retrieval,1,222,451671.67579330184,452731.72610843304,395576.8609222239,5.948016490026925
A1,64,3,1,M2_no_direct_memory,retrieval,2,222,268888.4895569251,269813.48425430304,230974.98365853532,2.856813139266528
A1,65,3,-1,M2_no_direct_memory,encoding,0,205,532.4767120636764,544.2908092717241,575.1624954699477,0.1920042070706198
A1,65,3,-1,M2_no_direct_memory,encoding,1,205,314.68567866465366,312.8846735934234,138.17241262326166,0.004144062393518881
A1,65,3,-1,M2_no_direct_memory,encoding,2,205,74.69033522463761,75.78797804152204,407.4298306556845,0.0007935495171160663
A1,65,3,-1,M2_no_direct_memory,maintenance,0,363,1090.673304941528,1078.29682534498,1162.9060089562695,0.3932826701036035
A1,65,3,-1,M2_no_direct_memory,maintenance,1,363,7986.836452560599,8002.722443231832,6712.532695201631,0.10517780385396283
A1,65,3,-1,M2_no_direct_memory,maintenance,2,363,7390.08834448905,7343.01995708226,4848.08764581096,0.07851619650088147
A1,65,3,-1,M2_no_direct_memory,retrieval,0,297,84.59269023290571,83.97053843909794,143.62881681825058,0.030503028666157523
A1,65,3,-1,M2_no_direct_memory,retrieval,1,297,30177.65019294748,30269.169856750937,16943.08091764093,0.3974062811502464
A1,65,3,-1,M2_no_direct_memory,retrieval,2,297,40719.846577199234,40839.88250726144,26575.08447407757,0.4326291278676415
A1,66,3,1,M2_no_direct_memory,encoding,0,205,674.7484854336598,678.0166266394393,709.8799566052608,0.24330556620154808
A1,66,3,1,M2_no_direct_memory,encoding,1,205,18869.86309731166,18386.014511512152,20767.323094462903,0.2484952297932533
A1,66,3,1,M2_no_direct_memory,encoding,2,205,35149.46456189939,34207.92206811091,41354.3726387171,0.3734464512188014
A1,66,3,1,M2_no_direct_memory,maintenance,0,362,2509.4869476995636,2500.8594510782914,2753.841644998939,0.9048884967752444
A1,66,3,1,M2_no_direct_memory,maintenance,1,362,84395.51132452927,85487.93722312534,90310.21956892929,1.1113955555457005
A1,66,3,1,M2_no_direct_memory,maintenance,2,362,101650.4801863795,103251.34620326922,115624.97562924419,1.0799883174163258
A1,66,3,1,M2_no_direct_memory,retrieval,0,250,1063.5362652414308,1072.0301341248698,833.7560337205564,0.3834974049984549
A1,66,3,1,M2_no_direct_memory,retrieval,1,250,14110.361731147874,13976.925164261147,25174.158961840905,0.18581786008543216
A1,66,3,1,M2_no_direct_memory,retrieval,2,250,11005.639366820156,10883.848739160212,19220.85494572546,0.11692971759769041
A1,67,3,-1,M2_no_direct_memory,encoding,0,205,62.037029012068025,62.75792227066396,66.23386605634937,0.02236974931413476
A1,67,3,-1,M2_no_direct_memory,encoding,1,205,3586.285225616594,3581.5581881704074,2658.8670704325305,0.04722741053541124
A1,67,3,-1,M2_no_direct_memory,encoding,2,205,2487.5101015640294,2524.1933914863093,1319.2431691412953,0.026428619365284827
A1,67,3,-1,M2_no_direct_memory,maintenance,0,363,1198.581739510587,1207.4522443361639,1088.7221095472066,0.43219305425048155
A1,67,3,-1,M2_no_direct_memory,maintenance,1,363,55245.75671593592,55292.23797831069,51585.58639044584,0.7275255225452321
A1,67,3,-1,M2_no_direct_memory,maintenance,2,363,39100.931502653715,38968.857998481704,31980.749274063954,0.4154289202130139
A1,67,3,-1,M2_no_direct_memory,retrieval,0,280,1427.6562590883639,1420.2883837300355,1738.386538655864,0.5147943596130237
A1,67,3,-1,M2_no_direct_memory,retrieval,1,280,104016.9836399015,104240.65775129906,77793.58407019672,1.3697886475753418
A1,67,3,-1,M2_no_direct_memory,retrieval,2,280,60716.89411596294,60922.18679667847,43006.52172463358,0.6450883084350689
A1,68,3,-1,M2_no_direct_memory,encoding,0,205,1920.0758059071609,1889.4328721909937,1841.5416916823617,0.6923544716160266
A1,68,3,-1,M2_no_direct_memory,encoding,1,205,886.6969263168934,894.8218584305878,1342.7759830982402,0.011676817967666075
A1,68,3,-1,M2_no_direct_memory,encoding,2,205,836.5291836129526,817.1646977570134,1605.95338460937,0.00888772727707056
A1,68,3,-1,M2_no_direct_memory,maintenance,0,362,6039.844519352931,6083.56587242975,5685.300777405416,2.1778897207987344
A1,68,3,-1,M2_no_direct_memory,maintenance,1,362,3461.837930212763,3447.877736053306,4361.574070098472,0.04558857727472215
A1,68,3,-1,M2_no_direct_memory,maintenance,2,362,1329.7891186297877,1355.8644920729823,2981.2908206023612,0.01412838099843978
A1,68,3,-1,M2_no_direct_memory,retrieval,0,239,930.2635168045987,921.9853871149387,1157.136172986904,0.3354409777256766
A1,68,3,-1,M2_no_direct_memory,retrieval,1,239,397.0958344526548,402.6812617983471,1150.153022279824,0.005229313012149741
A1,68,3,-1,M2_no_direct_memory,retrieval,2,239,1013.422049001314,1043.5403202035493,496.0486136859133,0.010767130381743026
A1,69,3,1,M2_no_direct_memory,encoding,0,205,582.684452972882,581.594266410141,592.266923027902,0.210108468278059
A1,69,3,1,M2_no_direct_memory,encoding,1,205,721.1011939181492,695.8225185894363,740.5927592466344,0.009496105295666319
A1,69,3,1,M2_no_direct_memory,encoding,2,205,662.4284969577111,632.6465153547741,512.9929898658866,0.007037989752003605
A1,69,3,1,M2_no_direct_memory,maintenance,0,363,336.03809649627766,337.774327311096,312.9854507449373,0.12117098607604924
A1,69,3,1,M2_no_direct_memory,maintenance,1,363,734.1995606343772,816.1227662311213,1161.711066929106,0.00966859630051781
A1,69,3,1,M2_no_direct_memory,maintenance,2,363,1042.0306994203845,1182.4434799575363,2604.9813989528893,0.011071083773532159
A1,69,3,1,M2_no_direct_memory,retrieval,0,273,447.90372393163966,449.7032991510342,315.27812075420405,0.1615082827269036
A1,69,3,1,M2_no_direct_memory,retrieval,1,273,589.5755974905865,611.1202843228074,750.7929157019137,0.007764058638018962
A1,69,3,1,M2_no_direct_memory,retrieval,2,273,583.5307265671986,603.6776495190509,895.247772462718,0.00619973822445827
A1,70,3,1,M2_no_direct_memory,encoding,0,205,111.39134802380636,110.85896651054523,106.20568520137462,0.040166277636721794
A1,70,3,1,M2_no_direct_memory,encoding,1,205,8549.31496238221,8917.716883921585,7207.062926296575,0.11258502381263871
A1,70,3,1,M2_no_direct_memory,encoding,2,205,11064.000294774716,11623.724716482468,7872.011047212553,0.1175497748789638
A1,70,3,1,M2_no_direct_memory,maintenance,0,362,131.9966554757829,133.18088404440275,117.37095636490936,0.047596284675771365
A1,70,3,1,M2_no_direct_memory,maintenance,1,362,18517.776443834366,18016.6083273384,15895.185704915559,0.2438586379212411
A1,70,3,1,M2_no_direct_memory,maintenance,2,362,17650.17173760789,16974.8426112339,12638.451037951858,0.18752473418775364
A1,70,3,1,M2_no_direct_memory,retrieval,0,255,264.68664710085574,269.36407559384816,181.76225822956528,0.09544257738863018
A1,70,3,1,M2_no_direct_memory,retrieval,1,255,9899.108219234262,9812.527567502697,17539.947160357682,0.13036030833935155
A1,70,3,1,M2_no_direct_memory,retrieval,2,255,2207.662525309962,2163.689961456304,6093.02858216707,0.023455371108537636
A1,71,3,-1,M2_no_direct_memory,encoding,0,205,1465.0487723873673,1475.233617719094,1511.169375013395,0.52827761569483
A1,71,3,-1,M2_no_direct_memory,encoding,1,205,1049.3405594652388,1057.604200175753,1662.715025773954,0.01381865475711081
A1,71,3,-1,M2_no_direct_memory,encoding,2,205,2164.308083672905,2121.8547142515617,4187.81898203233,0.022994750653127297
A1,71,3,-1,M2_no_direct_memory,maintenance,0,362,2733.650401431268,2710.0804171435443,2973.1359267541397,0.9857189353894698
A1,71,3,-1,M2_no_direct_memory,maintenance,1,362,870.7052429138013,866.5086865290759,1121.5977048780542,0.011466225181616743
A1,71,3,-1,M2_no_direct_memory,maintenance,2,362,3154.813312378027,3193.9472831851526,5153.580942404295,0.03351840064848321
A1,71,3,-1,M2_no_direct_memory,retrieval,0,252,6016.945702992783,6034.7018787793795,5425.16589347165,2.1696327041471593
A1,71,3,-1,M2_no_direct_memory,retrieval,1,252,3556.646788105404,3607.97540896825,462.0550502862062,0.04683710508899255
A1,71,3,-1,M2_no_direct_memory,retrieval,2,252,6571.914835620948,6637.004959442943,2120.1471981214413,0.06982348959406774
A1,72,3,1,M2_no_direct_memory,encoding,0,205,145.68501110496672,144.50196354902653,134.2010664367086,0.052532128458490264
A1,72,3,1,M2_no_direct_memory,encoding,1,205,100.33363653041758,84.29356414858215,268.16033559362353,0.0013212830393650773
A1,72,3,1,M2_no_direct_memory,encoding,2,205,394.6986606470319,308.9124295653561,1375.5810412875505,0.004193486755961068
A1,72,3,1,M2_no_direct_memory,maintenance,0,362,1405.6609794435676,1409.172965035942,1288.096613412405,0.5068631466006683
A1,72,3,1,M2_no_direct_memory,maintenance,1,362,1379.663448659294,1279.307866211689,902.5311637363932,0.018168641920925595
A1,72,3,1,M2_no_direct_memory,maintenance,2,362,2316.1449126810157,2196.6019391976574,1290.5780384227185,0.02460794521139828
A1,72,3,1,M2_no_direct_memory,retrieval,0,197,475.7942599387649,470.2299582605279,650.0291883973758,0.1715652488429772
A1,72,3,1,M2_no_direct_memory,retrieval,1,197,2993.1502027217916,3089.3134705779676,182.92216757101428,0.03941647820100183
A1,72,3,1,M2_no_direct_memory,retrieval,2,197,12653.016603694567,12876.407818595419,5572.667520054548,0.13443232227737145
A1,73,3,-1,M2_no_direct_memory,encoding,0,205,6657.048166462959,6612.895035970466,6506.024193320159,2.4004453634768392
A1,73,3,-1,M2_no_direct_memory,encoding,1,205,67888.20498260444,67844.7298841,62955.31297793776,0.8940125855924823
A1,73,3,-1,M2_no_direct_memory,encoding,2,205,100732.48703978621,101006.26493696407,89221.51081614029,1.0702350740280884
A1,73,3,-1,M2_no_direct_memory,maintenance,0,362,24272.80365733256,24351.066083241378,23535.01216385202,8.752458678511472
A1,73,3,-1,M2_no_direct_memory,maintenance,1,362,214303.16377687186,214406.8102014925,206868.54732765458,2.822135680239345
A1,73,3,-1,M2_no_direct_memory,maintenance,2,362,336692.3554372302,336284.6352847514,314644.192129845,3.577197173775054
A1,73,3,-1,M2_no_direct_memory,retrieval,0,289,20949.437903094553,20921.77079087582,22113.688912544196,7.554096023410391
A1,73,3,-1,M2_no_direct_memory,retrieval,1,289,96833.43084214971,97078.53129722833,72386.89433711466,1.2751892011456736
A1,73,3,-1,M2_no_direct_memory,retrieval,2,289,181872.09624335196,182244.59104522644,150670.4568760664,1.932305079589351
A1,74,3,1,M2_no_direct_memory,encoding,0,205,848.2687085727337,853.5789210660836,887.045624772101,0.3058747116678586
A1,74,3,1,M2_no_direct_memory,encoding,1,205,39986.80653157599,39171.15513200864,43152.299522874484,0.5265820226951178
A1,74,3,1,M2_no_direct_memory,encoding,2,205,75992.64037875524,74508.01131418208,85712.53521924239,0.8073858939790118
A1,74,3,1,M2_no_direct_memory,maintenance,0,362,1717.1973795044887,1710.2128863778075,1885.2576131073197,0.6191991382264944
A1,74,3,1,M2_no_direct_memory,maintenance,1,362,60116.3551751925,61072.088736093014,65062.602829363896,0.7916659181125989
A1,74,3,1,M2_no_direct_memory,maintenance,2,362,87516.4483109899,89033.17117893473,100054.53208307576,0.929820907725564
A1,74,3,1,M2_no_direct_memory,retrieval,0,236,204.1785347462775,205.68920707907625,184.26378511704465,0.07362413562250193
A1,74,3,1,M2_no_direct_memory,retrieval,1,236,2160.354453298183,2165.279615861257,4468.896223190392,0.028449479126517456
A1,74,3,1,M2_no_direct_memory,retrieval,2,236,7555.105585956025,7676.835719543381,4356.6348331183735,0.08026942671317203
A1,75,3,-1,M2_no_direct_memory,encoding,0,205,5294.386002730751,5253.687669422213,5161.559960659741,1.9090870330091407
A1,75,3,-1,M2_no_direct_memory,encoding,1,205,94160.85652580239,94117.28658595709,88361.759473712,1.2399943528600554
A1,75,3,-1,M2_no_direct_memory,encoding,2,205,63024.21418859835,63236.96989495486,54021.7748052095,0.6696024938911287
A1,75,3,-1,M2_no_direct_memory,maintenance,0,362,25864.332236471066,25943.27550994446,25103.28575455102,9.32634327467232
A1,75,3,-1,M2_no_direct_memory,maintenance,1,362,406587.2812299353,406732.0333797627,396453.6041626255,5.354304870110108
A1,75,3,-1,M2_no_direct_memory,maintenance,2,362,467924.4380308724,467445.0501889756,442405.98753838794,4.9714760380901355
A1,75,3,-1,M2_no_direct_memory,retrieval,0,251,22020.602070095694,21982.987909239993,23195.608155699087,7.940343951005994
A1,75,3,-1,M2_no_direct_memory,retrieval,1,251,36898.883559149726,37060.00087997215,25519.29250043679,0.48591749192137573
A1,75,3,-1,M2_no_direct_memory,retrieval,2,251,40234.75186105009,40378.080891809,32823.726397756654,0.4274752257382971
A1,76,3,1,M2_no_direct_memory,encoding,0,205,154.27946023472688,153.023812151993,140.68668218229556,0.05563117552098609
A1,76,3,1,M2_no_direct_memory,encoding,1,205,3230.182824061435,2984.453106387942,4206.990280377016,0.04253793570202013
A1,76,3,1,M2_no_direct_memory,encoding,2,205,3119.542866258296,2779.219081803821,5288.803962808286,0.03314366882538182
A1,76,3,1,M2_no_direct_memory,maintenance,0,363,2382.384797546988,2389.270092450222,2166.858279727281,0.8590571073376951
A1,76,3,1,M2_no_direct_memory,maintenance,1,363,7973.762684798281,7791.142004802279,6730.068379212231,0.10500563679013164
A1,76,3,1,M2_no_direct_memory,maintenance,2,363,12554.146177933762,12211.212691721714,9080.562940856562,0.1333818707245223
A1,76,3,1,M2_no_direct_memory,retrieval,0,225,2714.7833668629173,2701.006367855289,3134.849288908836,0.9789157270425158
A1,76,3,1,M2_no_direct_memory,retrieval,1,225,40894.167979104255,41212.66105610884,25380.191404353667,0.5385309695553203
A1,76,3,1,M2_no_direct_memory,retrieval,2,225,51204.34233215596,51592.91474750074,35281.82806858605,0.5440219408537976
A1,84,4,1,M0,encoding,0,205,2259.866787297475,2258.376835443185,2349.5894475211953,1.0869518935655729
A1,84,4,1,M0,encoding,1,205,40962.722943380264,40407.15170900736,46321.76620732475,0.691367050158106
A1,84,4,1,M0,encoding,2,205,122323.44814613095,121085.28497524743,131617.68656827052,1.5020842707342559
A1,84,4,1,M0,maintenance,0,362,1674.1759230280768,1676.6099021350528,1676.849841936771,0.805245999421699
A1,84,4,1,M0,maintenance,1,362,22085.78707270057,22452.83173369474,22931.060090567345,0.37276295035314816
A1,84,4,1,M0,maintenance,2,362,101171.65443076893,102312.16216007664,106061.4109430529,1.242348487291448
A1,84,4,1,M0,retrieval,0,240,251.4042332712725,251.97384249356972,111.81293677795676,0.12092053785674753
A1,84,4,1,M0,retrieval,1,240,15701.757192087469,15769.888677944884,9821.186403847956,0.265013572637672
A1,84,4,1,M0,retrieval,2,240,40013.547287849615,40143.78371668849,26784.58192444933,0.4913507664169072
A1,85,4,-1,M0,encoding,0,205,1179.879318986878,1182.9388677015227,1264.854240419462,0.5674989637266744
A1,85,4,-1,M0,encoding,1,205,98819.09369966846,98714.02652705103,107429.12552161941,1.6678643508360342
A1,85,4,-1,M0,encoding,2,205,18584.312358284693,18489.690208441123,22556.50410845137,0.22820811298945243
A1,85,4,-1,M0,maintenance,0,362,1820.2145950844836,1816.9056887386482,1817.1361258308114,0.8754877552710971
A1,85,4,-1,M0,maintenance,1,362,119482.91680439493,119612.39723911145,121075.76595806365,2.016627455394551
A1,85,4,-1,M0,maintenance,2,362,24529.103265623326,24660.755572992686,26640.69581859242,0.30120782849820654
A1,85,4,-1,M0,retrieval,0,240,425.6235404179891,427.06219455559926,299.62281760841677,0.20471663011458668
A1,85,4,-1,M0,retrieval,1,240,6379.6450671744515,6381.58112591811,4341.380512097519,0.10767537102561914
A1,85,4,-1,M0,retrieval,2,240,8241.748140434725,8276.138992649705,3449.8380781588658,0.10120545514962147
A1,86,4,1,M0,encoding,0,205,772.7766456087329,772.9460158482576,791.6702064942572,0.3716905097986626
A1,86,4,1,M0,encoding,1,205,2045.5548777900974,1981.3333871267412,2720.8130438208523,0.034524785955978785
A1,86,4,1,M0,encoding,2,205,2715.985139171839,2578.392565438148,3668.4685213692037,0.033351239021846085
A1,86,4,1,M0,maintenance,0,362,156.70785906185424,156.3192591301818,156.27202476331635,0.07537342692114521
A1,86,4,1,M0,maintenance,1,362,1626.1623062685933,1708.0994412934785,1794.3955624895414,0.027446296436817005
A1,86,4,1,M0,maintenance,2,362,52263.47225696007,52055.64980962393,50171.73560896661,0.6417750709361354
A1,86,4,1,M0,retrieval,0,244,437.3869131562699,436.2188554017365,808.7903068095791,0.21037458320476982
A1,86,4,1,M0,retrieval,1,244,697.7662889090848,706.9691940044681,102.28504175696263,0.011776868972544768
A1,86,4,1,M0,retrieval,2,244,60330.36015315078,60255.94588453491,73609.49184678525,0.7408333104338408
A1,87,4,1,M0,encoding,0,205,52.03787593601427,52.11942980344118,46.446533885064376,0.025029204422010704
A1,87,4,1,M0,encoding,1,205,2774.2588619609664,2670.4769749975103,4264.576527818794,0.0468238199989803
A1,87,4,1,M0,encoding,2,205,9641.710896554867,9359.272465119751,12315.152084303352,0.11839645219435571
A1,87,4,1,M0,maintenance,0,363,791.5647792764842,791.21419538315,791.1744351095892,0.38072723602585196
A1,87,4,1,M0,maintenance,1,363,7618.632420919089,7820.939751033978,8203.94202788824,0.12858694551068542
A1,87,4,1,M0,maintenance,2,363,50586.84026223709,51253.113753333404,54261.46472498994,0.6211866834662648
A1,87,4,1,M0,retrieval,0,299,104.68630620432342,104.48539964313154,72.58958496721132,0.05035207358184705
A1,87,4,1,M0,retrieval,1,299,2131.114069230446,2108.7083556708567,5288.39422844716,0.03596885025516585
A1,87,4,1,M0,retrieval,2,299,46909.70307133037,46788.7699330228,66035.70863508164,0.5760328718340537
A1,89,4,1,M0,encoding,0,205,797.4747320957484,797.7205048217713,829.0300315423963,0.3835698081827112
A1,89,4,1,M0,encoding,1,205,863.8832543230908,914.642944811502,396.5496039514744,0.014580583865186134
A1,89,4,1,M0,encoding,2,205,599.4421463571508,634.5749950737986,378.15380602475943,0.00736091593970275
A1,89,4,1,M0,maintenance,0,363,1796.2936820409875,1797.1555045787736,1797.3279601877261,0.8639822621709756
A1,89,4,1,M0,maintenance,1,363,13077.81832957577,13256.834997819795,13715.33413595337,0.22072684702918566
A1,89,4,1,M0,maintenance,2,363,46434.67482739095,46954.48618735898,49679.47061319006,0.5701997101288382
A1,89,4,1,M0,retrieval,0,252,11006.285768036838,11008.581131526927,9328.170087903596,5.2938090085381155
A1,89,4,1,M0,retrieval,1,252,78615.41458718825,78472.30872727883,94513.1721466591,1.3268675364972142
A1,89,4,1,M0,retrieval,2,252,184303.0322578438,184018.5130763812,220487.06951481584,2.2631694086355076
A1,90,4,1,M0,encoding,0,205,250.590948184929,251.48373192019207,231.5011575574115,0.12052936357621975
A1,90,4,1,M0,encoding,1,205,1658.1375105637517,1701.0753148128117,1064.4257625839973,0.027985972539460446
A1,90,4,1,M0,encoding,2,205,877.0730673612902,902.2077034855099,557.5111889037291,0.010770115449935596
A1,90,4,1,M0,maintenance,0,362,2397.0973002448395,2394.4779952551053,2394.1982299798074,1.1529570965012266
A1,90,4,1,M0,maintenance,1,362,5012.285565854809,4854.790656271916,4557.213016247925,0.0845971370361526
A1,90,4,1,M0,maintenance,2,362,927.1542496129098,857.7516755147857,657.8482382783387,0.011385092850099024
A1,90,4,1,M0,retrieval,0,234,1449.8345515798976,1447.8654294199441,2140.7153731652134,0.6973421708104963
A1,90,4,1,M0,retrieval,1,234,4368.2654095276985,4405.826778388378,1526.4796528652812,0.07372739294375721
A1,90,4,1,M0,retrieval,2,234,261.60327666066746,271.5790444666679,750.1014401770483,0.0032123862840679673
A1,91,4,-1,M0,encoding,0,205,262.38734065982396,263.9955303959482,296.37279273695697,0.12620319851635947
A1,91,4,-1,M0,encoding,1,205,10294.091525176165,10244.971230838913,13141.403401736354,0.17374322751092255
A1,91,4,-1,M0,encoding,2,205,12220.285760390745,12103.809475884327,15606.895921278854,0.15006034658728945
A1,91,4,-1,M0,maintenance,0,363,3448.9885178752897,3450.3853806467014,3450.1476868728955,1.6588962771888314
A1,91,4,-1,M0,maintenance,1,363,173230.69606958792,173129.22906667835,171460.6296089844,2.92378012819143
A1,91,4,-1,M0,maintenance,2,363,90678.13838319674,90526.76291910514,87071.41964465594,1.1134921998123233
A1,91,4,-1,M0,retrieval,0,327,11733.496325081092,11732.320563465251,13632.43141915486,5.643583117544513
A1,91,4,-1,M0,retrieval,1,327,548823.7603079113,548886.092433384,508753.36254031194,9.26302347490986
A1,91,4,-1,M0,retrieval,2,327,326104.3559672116,326178.5337791343,281315.8504067663,4.004434400272149
A1,92,4,1,M0,encoding,0,205,568.7539582709536,569.5980525083152,524.8525713002567,0.27355957235639966
A1,92,4,1,M0,encoding,1,205,53692.66400729176,54223.05960806423,48104.16586370123,0.9062224398793435
A1,92,4,1,M0,encoding,2,205,68016.11710060545,68787.68542495463,61559.25558638578,0.8352114104173097
A1,92,4,1,M0,maintenance,0,362,4119.91272105252,4116.120338306428,4115.717634946231,1.9815977466655221
A1,92,4,1,M0,maintenance,1,362,225588.26389961876,224533.35145396602,222426.666745181,3.8074688730567456
A1,92,4,1,M0,maintenance,2,362,291912.7044834213,290254.92184129223,283107.93540590926,3.5845742453910137
A1,92,4,1,M0,retrieval,0,227,5086.438544666653,5083.083584408498,6356.249641417807,2.4464778360860833
A1,92,4,1,M0,retrieval,1,227,254126.71487128505,254471.3654529615,227391.94177017332,4.289139603091825
A1,92,4,1,M0,retrieval,2,227,308953.86420470994,309416.0884750918,265751.3327518677,3.7938330454032454
A1,93,4,1,M0,encoding,0,205,674.5380484518337,675.6122854966012,676.1249984999423,0.32443965864180574
A1,93,4,1,M0,encoding,1,205,1477.7231056761882,1468.3259805655316,1094.4737298899704,0.024940946087348034
A1,93,4,1,M0,encoding,2,205,1890.9499583586212,1888.1636660707954,1438.1491563999207,0.023220128538257858
A1,93,4,1,M0,maintenance,0,363,1425.8582850871253,1423.8777546394151,1423.6888676447345,0.6858100537797764
A1,93,4,1,M0,maintenance,1,363,1356.1386213601363,1299.3894057704783,1178.003055399852,0.022888848467207578
A1,93,4,1,M0,maintenance,2,363,1353.4183601906668,1282.6770841605608,973.3712290407899,0.01661945000223288
A1,93,4,1,M0,retrieval,0,308,185.37592357403983,185.53068183668023,338.1349760726215,0.08916220738445946
A1,93,4,1,M0,retrieval,1,308,3802.2516444007974,3821.444086600255,1211.8550020599575,0.0641742373177124
A1,93,4,1,M0,retrieval,2,308,3654.4623305004366,3683.716730719541,529.0953246223146,0.04487537318338081
A1,94,4,1,M0,encoding,0,205,68.13873339555539,68.34358741900473,66.60988224985958,0.032773403151798004
A1,94,4,1,M0,encoding,1,205,822.3183402058899,752.7553393954781,1716.2412763509074,0.01387905305867689
A1,94,4,1,M0,encoding,2,205,149.6945290129893,112.06383943971292,465.5269764927156,0.0018381904765860375
A1,94,4,1,M0,maintenance,0,362,461.20942894969335,461.54030269268395,461.5883842957905,0.22183274914477344
A1,94,4,1,M0,maintenance,1,362,1468.2231193987125,1539.572670195929,1631.784191900506,0.024780605733551744
A1,94,4,1,M0,maintenance,2,362,550.1236192129675,536.5515012471982,533.0501296758889,0.006755303647032911
A1,94,4,1,M0,retrieval,0,296,723.3960679021762,723.4837897928704,354.93587030024855,0.3479394140503633
A1,94,4,1,M0,retrieval,1,296,233.0717132492278,236.16735747653593,1122.2217750720813,0.0039337742045894705
A1,94,4,1,M0,retrieval,2,296,544.689767256668,555.6717006614595,466.9113701285868,0.00668857806271726
A1,95,4,-1,M0,encoding,0,205,514.7842753806117,514.4151076550883,529.0647947477444,0.2476012064285815
A1,95,4,-1,M0,encoding,1,205,8023.490095879749,7993.085709054065,10582.204626661256,0.1354201156800199
A1,95,4,-1,M0,encoding,2,205,511.79994085196785,504.4312135744521,737.9908330589917,0.006284703812453632
A1,95,4,-1,M0,maintenance,0,363,309.76627016990767,309.79916359559303,309.8144973952529,0.14899154048216243
A1,95,4,-1,M0,maintenance,1,363,24817.229042024668,24874.69055181754,25552.782720213803,0.41886410870680274
A1,95,4,-1,M0,maintenance,2,363,265.31753277596505,260.933834940652,252.86216196952577,0.0032579959016255287
A1,95,4,-1,M0,retrieval,0,297,152.9195820923786,153.31874568179055,85.35357281097778,0.0735513395094148
A1,95,4,-1,M0,retrieval,1,297,1508.4217903912756,1488.1264185702332,4115.248227922197,0.025459077148228437
A1,95,4,-1,M0,retrieval,2,297,895.9908819612649,882.608379209586,4829.546696546675,0.011002418840478851
A1,96,4,1,M0,encoding,0,205,329.46091555380093,329.79446019340867,329.520755367553,0.15846428118238992
A1,96,4,1,M0,encoding,1,205,1137.4084481787224,1163.3919171457565,702.386711809424,0.01919713014999439
A1,96,4,1,M0,encoding,2,205,1333.318659545466,1396.1879579589863,805.9664189528642,0.016372633511664736
A1,96,4,1,M0,maintenance,0,362,340.4996974011782,340.27784207590355,340.24933799467607,0.16377372017193895
A1,96,4,1,M0,maintenance,1,362,4020.4386155765724,3883.8687404932257,3617.3701406548657,0.06785678749518063
A1,96,4,1,M0,maintenance,2,362,2143.531073604275,2005.8941617229643,1511.3483865423127,0.02632172619631091
A1,96,4,1,M0,retrieval,0,221,300.7873710158922,300.54812193750985,610.7729777545353,0.14467286493347545
A1,96,4,1,M0,retrieval,1,221,5514.605107138741,5567.840144639441,2242.6621504459717,0.09307526433189597
A1,96,4,1,M0,retrieval,2,221,1123.3767769804924,1153.92050175217,154.41255736145396,0.013794629013357438
A1,97,4,1,M0,encoding,0,205,4986.036197881679,4988.813416099454,4836.711292645702,2.3981862635165063
A1,97,4,1,M0,encoding,1,205,76893.08958334968,77345.39127036819,70544.32231541353,1.2977982102475085
A1,97,4,1,M0,encoding,2,205,122399.61849253856,123249.16935192431,114006.40489834246,1.5030196129026563
A1,97,4,1,M0,maintenance,0,363,14337.730863974028,14329.871035389833,14329.154174202622,6.896169189984512
A1,97,4,1,M0,maintenance,1,363,192007.73061026586,190874.28256617594,189206.41121819778,3.2406980977084774
A1,97,4,1,M0,maintenance,2,363,308202.4376784308,306218.46299118607,299440.4196471904,3.7846058205102064
A1,97,4,1,M0,retrieval,0,207,493.07466082070465,492.97012249997584,615.4422110731416,0.23715930481424374
A1,97,4,1,M0,retrieval,1,207,31456.154117272785,31300.789226582543,41616.995899879956,0.5309155963932853
A1,97,4,1,M0,retrieval,2,207,8255.167629123987,8163.868307161749,15084.492431130859,0.10137024124081602
A1,98,4,-1,M0,encoding,0,205,3071.6683839927105,3069.9673769440246,2970.559651097448,1.4774126444767683
A1,98,4,-1,M0,encoding,1,205,68006.0300153373,68078.65578087654,61691.87079002767,1.1478028067044188
A1,98,4,-1,M0,encoding,2,205,119828.48094396577,120054.35632352524,110745.5071900253,1.4714470458426456
A1,98,4,-1,M0,maintenance,0,362,60119.92115737323,60134.737468840074,60133.27396732427,28.916510703344336
A1,98,4,-1,M0,maintenance,1,362,960300.0711545043,960008.3443459499,955736.2364243566,16.207902691879056
A1,98,4,-1,M0,maintenance,2,362,857942.4879917934,857294.3347231051,845087.9950996236,10.535199390942344
A1,98,4,-1,M0,retrieval,0,275,117258.6783644492,117248.09464446577,123123.30330358478,56.39913963143582
A1,98,4,-1,M0,retrieval,1,275,1836541.9753869348,1836945.2061993978,1762843.074795759,30.99707531088332
A1,98,4,-1,M0,retrieval,2,275,1260984.9410845765,1261439.834361359,1171496.7320142556,15.484403639220128
A1,99,4,-1,M0,encoding,0,205,176.7918025942112,176.30433413064475,155.46428968720696,0.08503341244571933
A1,99,4,-1,M0,encoding,1,205,3786.424860492419,3805.5217466820145,2362.1285724667255,0.06390711354961354
A1,99,4,-1,M0,encoding,2,205,1677.0496552083919,1704.3469455425147,819.0977954896262,0.020593516177858904
A1,99,4,-1,M0,maintenance,0,363,4731.593552239223,4734.849106677522,4734.520838570935,2.2758043085094846
A1,99,4,-1,M0,maintenance,1,363,20365.816030849164,20321.3556703771,19711.914122729697,0.34373335417113127
A1,99,4,-1,M0,maintenance,2,363,10438.990258923486,10369.822018411372,9172.291172878127,0.12818673204457937
A1,99,4,-1,M0,retrieval,0,318,3964.2654883271075,3963.178957522784,5093.218562292994,1.9067344603470182
A1,99,4,-1,M0,retrieval,1,318,55409.50790031614,55427.0452626987,43240.12658677778,0.9351992561799313
A1,99,4,-1,M0,retrieval,2,318,22253.6925296517,22276.43562618028,11801.041690878119,0.27326667144482
A1,84,4,1,M1,encoding,0,205,2268.4189358136377,2258.376835443185,2349.5894475211953,1.0910653103722396
A1,84,4,1,M1,encoding,1,205,41501.07201055632,40407.15170900736,46321.76620732475,0.7004532822194695
A1,84,4,1,M1,encoding,2,205,123685.99003678738,121085.28497524743,131617.68656827052,1.5188157541349405
A1,84,4,1,M1,maintenance,0,362,1667.2726648201165,1676.6099021350528,1676.849841936771,0.8019256667263865
A1,84,4,1,M1,maintenance,1,362,21797.98332654367,22452.83173369474,22931.060090567345,0.3679054112857385
A1,84,4,1,M1,maintenance,2,362,100171.72549011593,102312.16216007664,106061.4109430529,1.2300697495974902
A1,84,4,1,M1,retrieval,0,240,250.86654043981193,251.97384249356972,111.81293677795676,0.1206619180811936
A1,84,4,1,M1,retrieval,1,240,15612.636657074649,15769.888677944884,9821.186403847956,0.2635094001370916
A1,84,4,1,M1,retrieval,2,240,39831.42075366978,40143.78371668849,26784.58192444933,0.4891143235564339
A1,85,4,-1,M1,encoding,0,205,1182.543114491444,1182.9388677015227,1264.854240419462,0.5687801974631203
A1,85,4,-1,M1,encoding,1,205,98852.39875302692,98714.02652705103,107429.12552161941,1.6684264720731319
A1,85,4,-1,M1,encoding,2,205,18683.830595147083,18489.690208441123,22556.50410845137,0.22943015815338236
A1,85,4,-1,M1,maintenance,0,362,1817.5710061074585,1816.9056887386482,1817.1361258308114,0.8742162404806955
A1,85,4,-1,M1,maintenance,1,362,119463.32651616419,119612.39723911145,121075.76595806365,2.016296811364744
A1,85,4,-1,M1,maintenance,2,362,24440.031844853067,24660.755572992686,26640.69581859242,0.30011406616450315
A1,85,4,-1,M1,retrieval,0,240,424.80628166895434,427.06219455559926,299.62281760841677,0.20432354457972704
A1,85,4,-1,M1,retrieval,1,240,6348.983036188248,6381.58112591811,4341.380512097519,0.10715785860477524
A1,85,4,-1,M1,retrieval,2,240,8174.923070290122,8276.138992649705,3449.8380781588658,0.10038486933164313
A1,86,4,1,M1,encoding,0,205,772.1027444459701,772.9460158482576,791.6702064942572,0.3713663764696281
A1,86,4,1,M1,encoding,1,205,2137.437692358261,1981.3333871267412,2720.8130438208523,0.036075580090343846
A1,86,4,1,M1,encoding,2,205,2890.5147605186803,2578.392565438148,3668.4685213692037,0.03549439475343659
A1,86,4,1,M1,maintenance,0,362,157.8476618326566,156.3192591301818,156.27202476331635,0.07592164984604446
A1,86,4,1,M1,maintenance,1,362,1568.7483269964484,1708.0994412934785,1794.3955624895414,0.026477265800301752
A1,86,4,1,M1,maintenance,2,362,52544.243050083016,52055.64980962393,50171.73560896661,0.6452228268523007
A1,86,4,1,M1,retrieval,0,244,438.2828184438431,436.2188554017365,808.7903068095791,0.21080549619232145
A1,86,4,1,M1,retrieval,1,244,684.3821097331742,706.9691940044681,102.28504175696263,0.011550971380521231
A1,86,4,1,M1,retrieval,2,244,60513.920963239274,60255.94588453491,73609.49184678525,0.7430873656434995
A1,87,4,1,M1,encoding,0,205,51.36943780166378,52.11942980344118,46.446533885064376,0.024707698703201244
A1,87,4,1,M1,encoding,1,205,2906.4641451195275,2670.4769749975103,4264.576527818794,0.04905517499847557
A1,87,4,1,M1,encoding,2,205,10012.006771915974,9359.272465119751,12315.152084303352,0.12294354123024706
A1,87,4,1,M1,maintenance,0,363,793.7319792423982,791.21419538315,791.1744351095892,0.38176961698384754
A1,87,4,1,M1,maintenance,1,363,7435.073854956178,7820.939751033978,8203.94202788824,0.1254888520451596
A1,87,4,1,M1,maintenance,2,363,49928.836372529724,51253.113753333404,54261.46472498994,0.613106652141194
A1,87,4,1,M1,retrieval,0,299,104.8498566451956,104.48539964313154,72.58958496721132,0.05043073815729846
A1,87,4,1,M1,retrieval,1,299,2151.834863465156,2108.7083556708567,5288.39422844716,0.03631857491596992
A1,87,4,1,M1,retrieval,2,299,47027.10495590358,46788.7699330228,66035.70863508164,0.5774745212221687
A1,89,4,1,M1,encoding,0,205,798.3330857854247,797.7205048217713,829.0300315423963,0.38398265958332745
A1,89,4,1,M1,encoding,1,205,824.5205713028142,914.642944811502,396.5496039514744,0.013916222219021812
A1,89,4,1,M1,encoding,2,205,591.8878822982086,634.5749950737986,378.15380602475943,0.007268152521144155
A1,89,4,1,M1,maintenance,0,363,1793.4472252812755,1797.1555045787736,1797.3279601877261,0.8626131719297664
A1,89,4,1,M1,maintenance,1,363,12901.469621182578,13256.834997819795,13715.33413595337,0.21775044122507156
A1,89,4,1,M1,maintenance,2,363,45900.25401770298,46954.48618735898,49679.47061319006,0.5636372308629954
A1,89,4,1,M1,retrieval,0,252,11003.79474794837,11008.581131526927,9328.170087903596,5.292610876410465
A1,89,4,1,M1,retrieval,1,252,78792.89108808809,78472.30872727883,94513.1721466591,1.3298629771340367
A1,89,4,1,M1,retrieval,2,252,184634.83765769424,184018.5130763812,220487.06951481584,2.2672438496328264
A1,90,4,1,M1,encoding,0,205,248.36844915258797,251.48373192019207,231.5011575574115,0.11946038484471687
A1,90,4,1,M1,encoding,1,205,1582.6262382363457,1701.0753148128117,1064.4257625839973,0.02671149658055399
A1,90,4,1,M1,encoding,2,205,823.713319423533,902.2077034855099,557.5111889037291,0.010114878540885257
A1,90,4,1,M1,maintenance,0,362,2405.959901884493,2394.4779952551053,2394.1982299798074,1.1572198352114398
A1,90,4,1,M1,maintenance,1,362,5149.413496413451,4854.790656271916,4557.213016247925,0.08691157626363405
A1,90,4,1,M1,maintenance,2,362,983.6811803243813,857.7516755147857,657.8482382783387,0.012079221529280407
A1,90,4,1,M1,retrieval,0,234,1451.639800593852,1447.8654294199441,2140.7153731652134,0.6982104604128325
A1,90,4,1,M1,retrieval,1,234,4325.888809102899,4405.826778388378,1526.4796528652812,0.07301216253117165
A1,90,4,1,M1,retrieval,2,234,251.67247568722522,271.5790444666679,750.1014401770483,0.003090439918395053
A1,91,4,-1,M1,encoding,0,205,263.6479023536871,263.9955303959482,296.37279273695697,0.12680950413039055
A1,91,4,-1,M1,encoding,1,205,10297.227321792814,10244.971230838913,13141.403401736354,0.17379615334936702
A1,91,4,-1,M1,encoding,2,205,12293.578560668668,12103.809475884327,15606.895921278854,0.15096035361066915
A1,91,4,-1,M1,maintenance,0,363,3450.6708538217313,3450.3853806467014,3450.1476868728955,1.6597054480005258
A1,91,4,-1,M1,maintenance,1,363,173255.14792692914,173129.22906667835,171460.6296089844,2.9241928255725176
A1,91,4,-1,M1,maintenance,2,363,90808.65106785353,90526.76291910514,87071.41964465594,1.1150948447158586
A1,91,4,-1,M1,retrieval,0,327,11733.683314542282,11732.320563465251,13632.43141915486,5.643673055832053
A1,91,4,-1,M1,retrieval,1,327,548700.9312443038,548886.092433384,508753.36254031194,9.260950371334754
A1,91,4,-1,M1,retrieval,2,327,325977.40467710624,326178.5337791343,281315.8504067663,4.002875487905741
A1,92,4,1,M1,encoding,0,205,564.1102714526664,569.5980525083152,524.8525713002567,0.271326049474151
A1,92,4,1,M1,encoding,1,205,53108.05916408045,54223.05960806423,48104.16586370123,0.8963555048487349
A1,92,4,1,M1,encoding,2,205,67064.65852945548,68787.68542495463,61559.25558638578,0.8235278699707362
A1,92,4,1,M1,maintenance,0,362,4131.9029745279495,4116.120338306428,4115.717634946231,1.9873648249697415
A1,92,4,1,M1,maintenance,1,362,226538.50989620824,224533.35145396602,222426.666745181,3.823507083516893
A1,92,4,1,M1,maintenance,2,362,293511.1627249896,290254.92184129223,283107.93540590926,3.6042026896384067
A1,92,4,1,M1,retrieval,0,227,5089.655531852903,5083.083584408498,6356.249641417807,2.4480251442430623
A1,92,4,1,M1,retrieval,1,227,253752.9466739661,254471.3654529615,227391.94177017332,4.282831159769332
A1,92,4,1,M1,retrieval,2,227,308464.79177634924,309416.0884750918,265751.3327518677,3.787827426586706
A1,93,4,1,M1,encoding,0,205,672.5651633488401,675.6122854966012,676.1249984999423,0.3234907393468544
A1,93,4,1,M1,encoding,1,205,1455.7391362484823,1468.3259805655316,1094.4737298899704,0.024569901610763622
A1,93,4,1,M1,encoding,2,205,1849.5436864556775,1888.1636660707954,1438.1491563999207,0.022711675656347137
A1,93,4,1,M1,maintenance,0,363,1432.6412517595609,1423.8777546394151,1423.6888676447345,0.6890725285902555
A1,93,4,1,M1,maintenance,1,363,1403.9508056463333,1299.3894057704783,1178.003055399852,0.023695820426988045
A1,93,4,1,M1,maintenance,2,363,1418.386685183756,1282.6770841605608,973.3712290407899,0.017417235713370532
A1,93,4,1,M1,retrieval,0,308,185.23087940302787,185.53068183668023,338.1349760726215,0.08909244396423562
A1,93,4,1,M1,retrieval,1,308,3784.0996745808984,3821.444086600255,1211.8550020599575,0.0638678691632738
A1,93,4,1,M1,retrieval,2,308,3629.5838299951183,3683.716730719541,529.0953246223146,0.04456987489294797
A1,94,4,1,M1,encoding,0,205,68.07166662196337,68.34358741900473,66.60988224985958,0.032741145340425694
A1,94,4,1,M1,encoding,1,205,900.5697403684724,752.7553393954781,1716.2412763509074,0.0151997767756018
A1,94,4,1,M1,encoding,2,205,179.00190712140304,112.06383943971292,465.5269764927156,0.0021980736579407653
A1,94,4,1,M1,maintenance,0,362,460.78040159047254,461.54030269268395,461.5883842957905,0.22162639534413453
A1,94,4,1,M1,maintenance,1,362,1407.612346278444,1539.572670195929,1631.784191900506,0.02375761974998119
A1,94,4,1,M1,maintenance,2,362,555.8450254434509,536.5515012471982,533.0501296758889,0.006825560285768468
A1,94,4,1,M1,retrieval,0,296,723.2939946003479,723.4837897928704,354.93587030024855,0.34789031878097465
A1,94,4,1,M1,retrieval,1,296,233.42189567903256,236.16735747653593,1122.2217750720813,0.003939684568357181
A1,94,4,1,M1,retrieval,2,296,531.6970194040165,555.6717006614595,466.9113701285868,0.006529032182684761
A1,95,4,-1,M1,encoding,0,205,515.0003012412011,514.4151076550883,529.0647947477444,0.24770511065848852
A1,95,4,-1,M1,encoding,1,205,8033.200032645757,7993.085709054065,10582.204626661256,0.13558399956899905
A1,95,4,-1,M1,encoding,2,205,516.2911664981909,504.4312135744521,737.9908330589917,0.0063398543130465425
A1,95,4,-1,M1,maintenance,0,363,309.9283277950328,309.79916359559303,309.8144973952529,0.14906948704232545
A1,95,4,-1,M1,maintenance,1,363,24807.361887877832,24874.69055181754,25552.782720213803,0.41869757130973123
A1,95,4,-1,M1,maintenance,2,363,268.2613109281049,260.933834940652,252.86216196952577,0.0032941443500700005
A1,95,4,-1,M1,retrieval,0,297,152.7128747368836,153.31874568179055,85.35357281097778,0.07345191729889683
A1,95,4,-1,M1,retrieval,1,297,1531.7951114289492,1488.1264185702332,4115.248227922197,0.02585357104065231
A1,95,4,-1,M1,retrieval,2,297,916.8226258503487,882.608379209586,4829.546696546675,0.011258224536786368
A1,96,4,1,M1,encoding,0,205,328.77712143830354,329.79446019340867,329.520755367553,0.158135389535844
A1,96,4,1,M1,encoding,1,205,1087.324404576291,1163.3919171457565,702.386711809424,0.018351813847822182
A1,96,4,1,M1,encoding,2,205,1255.8390508327395,1396.1879579589863,805.9664189528642,0.015421214112409414
A1,96,4,1,M1,maintenance,0,362,341.8461465700404,340.27784207590355,340.24933799467607,0.16442133598801753
A1,96,4,1,M1,maintenance,1,362,4141.041572763671,3883.8687404932257,3617.3701406548657,0.06989231894327405
A1,96,4,1,M1,maintenance,2,362,2266.3556417138957,2005.8941617229643,1511.3483865423127,0.02782996402489786
A1,96,4,1,M1,retrieval,0,221,301.2218920458611,300.54812193750985,610.7729777545353,0.14488186108270584
A1,96,4,1,M1,retrieval,1,221,5454.759639095083,5567.840144639441,2242.6621504459717,0.09206519513400926
A1,96,4,1,M1,retrieval,2,221,1089.8939756031616,1153.92050175217,154.41255736145396,0.013383473261527045
A1,97,4,1,M1,encoding,0,205,4971.7118983257515,4988.813416099454,4836.711292645702,2.391296554523996
A1,97,4,1,M1,encoding,1,205,76263.13535867509,77345.39127036819,70544.32231541353,1.2871658703356845
A1,97,4,1,M1,encoding,2,205,121193.71355520652,123249.16935192431,114006.40489834246,1.488211570243466
A1,97,4,1,M1,maintenance,0,363,14361.837332279822,14329.871035389833,14329.154174202622,6.90776393155045
A1,97,4,1,M1,maintenance,1,363,192946.37070421793,190874.28256617594,189206.41121819778,3.25654042425041
A1,97,4,1,M1,maintenance,2,363,309988.5364918207,306218.46299118607,299440.4196471904,3.8065384178513564
A1,97,4,1,M1,retrieval,0,207,493.30744390955937,492.97012249997584,615.4422110731416,0.23727126894444955
A1,97,4,1,M1,retrieval,1,207,31635.80646688195,31300.789226582543,41616.995899879956,0.5339477609096663
A1,97,4,1,M1,retrieval,2,207,8384.962220843394,8163.868307161749,15084.492431130859,0.10296406824293897
A1,98,4,-1,M1,encoding,0,205,3067.8579594590983,3069.9673769440246,2970.559651097448,1.4755799045182107
A1,98,4,-1,M1,encoding,1,205,67976.34127850714,68078.65578087654,61691.87079002767,1.1473017214998649
A1,98,4,-1,M1,encoding,2,205,119582.74357450241,120054.35632352524,110745.5071900253,1.468429486715621
A1,98,4,-1,M1,maintenance,0,362,60133.22282656854,60134.737468840074,60133.27396732427,28.92290854705826
A1,98,4,-1,M1,maintenance,1,362,960359.4036133178,960008.3443459499,955736.2364243566,16.208904102529544
A1,98,4,-1,M1,maintenance,2,362,858434.4183384707,857294.3347231051,845087.9950996236,10.541240103882009
A1,98,4,-1,M1,retrieval,0,275,117266.48974504058,117248.09464446577,123123.30330358478,56.40289675330376
A1,98,4,-1,M1,retrieval,1,275,1835921.8467415844,1836945.2061993978,1762843.074795759,30.986608806670528
A1,98,4,-1,M1,retrieval,2,275,1260339.194267185,1261439.834361359,1171496.7320142556,15.47647411996621
A1,99,4,-1,M1,encoding,0,205,176.0030455716006,176.30433413064475,155.46428968720696,0.08465403568594361
A1,99,4,-1,M1,encoding,1,205,3779.8964697952097,3805.5217466820145,2362.1285724667255,0.06379692765633568
A1,99,4,-1,M1,encoding,2,205,1648.7114296478742,1704.3469455425147,819.0977954896262,0.02024553381208941
A1,99,4,-1,M1,maintenance,0,363,4735.062263219281,4734.849106677522,4734.520838570935,2.2774726909067113
A1,99,4,-1,M1,maintenance,1,363,20373.20410269189,20321.3556703771,19711.914122729697,0.34385804972526524
A1,99,4,-1,M1,maintenance,2,363,10485.382145299414,10369.822018411372,9172.291172878127,0.12875640632919996
A1,99,4,-1,M1,retrieval,0,318,3964.8146889877494,3963.178957522784,5093.218562292994,1.9069986151641907
A1,99,4,-1,M1,retrieval,1,318,55370.736682864794,55427.0452626987,43240.12658677778,0.9345448772638272
A1,99,4,-1,M1,retrieval,2,318,22219.299768488876,22276.43562618028,11801.041690878119,0.27284434174145766
A1,84,4,1,M2,encoding,0,205,2287.683222280211,2258.376835443185,2349.5894475211953,1.1003310568183267
A1,84,4,1,M2,encoding,1,205,41731.52454831082,40407.15170900736,46321.76620732475,0.7043428500943638
A1,84,4,1,M2,encoding,2,205,124696.23937505878,121085.28497524743,131617.68656827052,1.531221222289536
A1,84,4,1,M2,maintenance,0,362,1658.7078496400175,1676.6099021350528,1676.849841936771,0.7978061575011631
A1,84,4,1,M2,maintenance,1,362,21710.160142854475,22452.83173369474,22931.060090567345,0.3664231354241798
A1,84,4,1,M2,maintenance,2,362,99715.56855073149,102312.16216007664,106061.4109430529,1.2244683201575917
A1,84,4,1,M2,retrieval,0,240,246.79522922783545,251.97384249356972,111.81293677795676,0.11870369671344441
A1,84,4,1,M2,retrieval,1,240,15395.890774788115,15769.888677944884,9821.186403847956,0.2598511725950045
A1,84,4,1,M2,retrieval,2,240,39464.67133963544,40143.78371668849,26784.58192444933,0.4846107836834909
A1,85,4,-1,M2,encoding,0,205,1191.9868223246935,1182.9388677015227,1264.854240419462,0.5733224369302117
A1,85,4,-1,M2,encoding,1,205,98200.9042373215,98714.02652705103,107429.12552161941,1.6574305760693429
A1,85,4,-1,M2,encoding,2,205,18587.290183249017,18489.690208441123,22556.50410845137,0.22824467951948166
A1,85,4,-1,M2,maintenance,0,362,1811.9856023181503,1816.9056887386482,1817.1361258308114,0.8715297700837492
A1,85,4,-1,M2,maintenance,1,362,119800.55414774737,119612.39723911145,121075.76595806365,2.02198852461344
A1,85,4,-1,M2,maintenance,2,362,24481.055703728867,24660.755572992686,26640.69581859242,0.30061782316347646
A1,85,4,-1,M2,retrieval,0,240,420.7779144179811,427.06219455559926,299.62281760841677,0.20238597842050257
A1,85,4,-1,M2,retrieval,1,240,6200.072002080327,6381.58112591811,4341.380512097519,0.10464454466982297
A1,85,4,-1,M2,retrieval,2,240,7938.936948076968,8276.138992649705,3449.8380781588658,0.0974870517205463
A1,86,4,1,M2,encoding,0,205,770.4398025184664,772.9460158482576,791.6702064942572,0.3705665338031711
A1,86,4,1,M2,encoding,1,205,2180.8268178929156,1981.3333871267412,2720.8130438208523,0.03680789985754529
A1,86,4,1,M2,encoding,2,205,3031.2117353820963,2578.392565438148,3668.4685213692037,0.03722209877163725
A1,86,4,1,M2,maintenance,0,362,159.79207558938592,156.3192591301818,156.27202476331635,0.07685687497817685
A1,86,4,1,M2,maintenance,1,362,1556.5988791614368,1708.0994412934785,1794.3955624895414,0.02627220794996421
A1,86,4,1,M2,maintenance,2,362,53007.84620961793,52055.64980962393,50171.73560896661,0.6509156929736695
A1,86,4,1,M2,retrieval,0,244,444.347146508939,436.2188554017365,808.7903068095791,0.2137223198345865
A1,86,4,1,M2,retrieval,1,244,647.5927551152339,706.9691940044681,102.28504175696263,0.010930042258827277
A1,86,4,1,M2,retrieval,2,244,61027.7235862588,60255.94588453491,73609.49184678525,0.7493966616124754
A1,87,4,1,M2,encoding,0,205,50.223450785367426,52.11942980344118,46.446533885064376,0.024156501276712886
A1,87,4,1,M2,encoding,1,205,2967.269874158785,2670.4769749975103,4264.576527818794,0.050081451439538634
A1,87,4,1,M2,encoding,2,205,10310.05740500907,9359.272465119751,12315.152084303352,0.12660348684686096
A1,87,4,1,M2,maintenance,0,363,800.7833950372852,791.21419538315,791.1744351095892,0.38516121059177716
A1,87,4,1,M2,maintenance,1,363,7356.967262957755,7820.939751033978,8203.94202788824,0.12417057239410972
A1,87,4,1,M2,maintenance,2,363,49408.58688171753,51253.113753333404,54261.46472498994,0.6067181911482293
A1,87,4,1,M2,retrieval,0,299,103.90980197420997,104.48539964313154,72.58958496721132,0.049978590176529676
A1,87,4,1,M2,retrieval,1,299,2203.5154675187696,2108.7083556708567,5288.39422844716,0.03719083789576067
A1,87,4,1,M2,retrieval,2,299,47242.48264645911,46788.7699330228,66035.70863508164,0.5801192753241298
A1,89,4,1,M2,encoding,0,205,804.908557887575,797.7205048217713,829.0300315423963,0.38714533354831254
A1,89,4,1,M2,encoding,1,205,806.8732236295255,914.642944811502,396.5496039514744,0.013618371055151178
A1,89,4,1,M2,encoding,2,205,583.5587455870291,634.5749950737986,378.15380602475943,0.007165873968403292
A1,89,4,1,M2,maintenance,0,363,1782.2747454570629,1797.1555045787736,1797.3279601877261,0.8572394268183239
A1,89,4,1,M2,maintenance,1,363,12811.169230785727,13256.834997819795,13715.33413595337,0.21622635517681033
A1,89,4,1,M2,maintenance,2,363,45400.41439430176,46954.48618735898,49679.47061319006,0.557499395087603
A1,89,4,1,M2,retrieval,0,252,10973.420232439903,11008.581131526927,9328.170087903596,5.278001326266341
A1,89,4,1,M2,retrieval,1,252,79249.36789579722,78472.30872727883,94513.1721466591,1.3375673727731563
A1,89,4,1,M2,retrieval,2,252,185243.8896506127,184018.5130763812,220487.06951481584,2.2747227707431046
A1,90,4,1,M2,encoding,0,205,246.5363528173352,251.48373192019207,231.5011575574115,0.11857918220392802
A1,90,4,1,M2,encoding,1,205,1546.494645848248,1701.0753148128117,1064.4257625839973,0.02610166914106949
A1,90,4,1,M2,encoding,2,205,768.3084500914828,902.2077034855099,557.5111889037291,0.009434528338147844
A1,90,4,1,M2,maintenance,0,362,2422.6099575296976,2394.4779952551053,2394.1982299798074,1.165228187567983
A1,90,4,1,M2,maintenance,1,362,5207.5465892674365,4854.790656271916,4557.213016247925,0.08789274406780033
A1,90,4,1,M2,maintenance,2,362,1008.0622227434853,857.7516755147857,657.8482382783387,0.012378611228286361
A1,90,4,1,M2,retrieval,0,234,1464.2910887494131,1447.8654294199441,2140.7153731652134,0.7042954835186306
A1,90,4,1,M2,retrieval,1,234,4227.170522258015,4405.826778388378,1526.4796528652812,0.07134599959403128
A1,90,4,1,M2,retrieval,2,234,236.46013273372438,271.5790444666679,750.1014401770483,0.0029036382755557246
A1,91,4,-1,M2,encoding,0,205,267.53140362624913,263.9955303959482,296.37279273695697,0.12867739257656027
A1,91,4,-1,M2,encoding,1,205,10183.671352412179,10244.971230838913,13141.403401736354,0.17187956065392906
A1,91,4,-1,M2,encoding,2,205,12239.915810073222,12103.809475884327,15606.895921278854,0.15030139594707007
A1,91,4,-1,M2,maintenance,0,363,3467.447120667002,3450.3853806467014,3450.1476868728955,1.6677745054852078
A1,91,4,-1,M2,maintenance,1,363,172483.6044258856,173129.22906667835,171460.6296089844,2.9111707480333253
A1,91,4,-1,M2,maintenance,2,363,90604.84857349814,90526.76291910514,87071.41964465594,1.112592229512092
A1,91,4,-1,M2,retrieval,0,327,11752.30225407836,11732.320563465251,13632.43141915486,5.652628402978476
A1,91,4,-1,M2,retrieval,1,327,547407.6791213575,548886.092433384,508753.36254031194,9.239122918443305
A1,91,4,-1,M2,retrieval,2,327,325026.27408562874,326178.5337791343,281315.8504067663,3.991195974921723
A1,92,4,1,M2,encoding,0,205,554.3006344348603,569.5980525083152,524.8525713002567,0.2666078051990331
A1,92,4,1,M2,encoding,1,205,52848.98855534817,54223.05960806423,48104.16586370123,0.8919829224208169
A1,92,4,1,M2,encoding,2,205,66311.96748262849,68787.68542495463,61559.25558638578,0.8142851172581846
A1,92,4,1,M2,maintenance,0,362,4152.547971170166,4116.120338306428,4115.717634946231,1.9972946661086293
A1,92,4,1,M2,maintenance,1,362,226954.87145935855,224533.35145396602,222426.666745181,3.8305344158090433
A1,92,4,1,M2,maintenance,2,362,294708.5031049878,290254.92184129223,283107.93540590926,3.6189055628713613
A1,92,4,1,M2,retrieval,0,227,5113.806717145472,5083.083584408498,6356.249641417807,2.459641393808377
A1,92,4,1,M2,retrieval,1,227,252977.4160305798,254471.3654529615,227391.94177017332,4.269741787415685
A1,92,4,1,M2,retrieval,2,227,307798.86073028645,309416.0884750918,265751.3327518677,3.7796500528710024
A1,93,4,1,M2,encoding,0,205,674.6443487831178,675.6122854966012,676.1249984999423,0.3244907870300034
A1,93,4,1,M2,encoding,1,205,1440.1330061576175,1468.3259805655316,1094.4737298899704,0.024306502028167053
A1,93,4,1,M2,encoding,2,205,1785.4113057112374,1888.1636660707954,1438.1491563999207,0.021924155014794573
A1,93,4,1,M2,maintenance,0,363,1444.265872537581,1423.8777546394151,1423.6888676447345,0.6946637446909888
A1,93,4,1,M2,maintenance,1,363,1425.3245517756563,1299.3894057704783,1178.003055399852,0.024056565581373503
A1,93,4,1,M2,maintenance,2,363,1470.9222252200102,1282.6770841605608,973.3712290407899,0.0180623516706048
A1,93,4,1,M2,retrieval,0,308,185.90182092612187,185.53068183668023,338.1349760726215,0.08941515376425482
A1,93,4,1,M2,retrieval,1,308,3719.169193521798,3821.444086600255,1211.8550020599575,0.06277197533763076
A1,93,4,1,M2,retrieval,2,308,3584.461602427884,3683.716730719541,529.0953246223146,0.04401579152368041
A1,94,4,1,M2,encoding,0,205,68.94501369844835,68.34358741900473,66.60988224985958,0.0331612082679669
A1,94,4,1,M2,encoding,1,205,935.3442556654148,752.7553393954781,1716.2412763509074,0.01578669952716684
A1,94,4,1,M2,encoding,2,205,195.13981296575753,112.06383943971292,465.5269764927156,0.0023962408523648224
A1,94,4,1,M2,maintenance,0,362,460.8415514859561,461.54030269268395,461.5883842957905,0.22165580725242082
A1,94,4,1,M2,maintenance,1,362,1387.539029916919,1539.572670195929,1631.784191900506,0.023418823192463738
A1,94,4,1,M2,maintenance,2,362,551.0599345962605,536.5515012471982,533.0501296758889,0.006766801235034279
A1,94,4,1,M2,retrieval,0,296,717.2092765491943,723.4837897928704,354.93587030024855,0.3449636879526933
A1,94,4,1,M2,retrieval,1,296,242.76858686536966,236.16735747653593,1122.2217750720813,0.004097437614295279
A1,94,4,1,M2,retrieval,2,296,503.9709269379621,555.6717006614595,466.9113701285868,0.006188566572751731
A1,95,4,-1,M2,encoding,0,205,518.666577023447,514.4151076550883,529.0647947477444,0.24946851787622606
A1,95,4,-1,M2,encoding,1,205,7848.844681751212,7993.085709054065,10582.204626661256,0.13247245800217014
A1,95,4,-1,M2,encoding,2,205,518.297864407109,504.4312135744521,737.9908330589917,0.006364495781307805
A1,95,4,-1,M2,maintenance,0,363,310.14560173929164,309.79916359559303,309.8144973952529,0.14917399157615996
A1,95,4,-1,M2,maintenance,1,363,24999.721347521394,24874.69055181754,25552.782720213803,0.4219442058747136
A1,95,4,-1,M2,maintenance,2,363,266.81919535865705,260.933834940652,252.86216196952577,0.003276435732905605
A1,95,4,-1,M2,retrieval,0,297,150.6957604912524,153.31874568179055,85.35357281097778,0.07248172464809512
A1,95,4,-1,M2,retrieval,1,297,1618.2331385143802,1488.1264185702332,4115.248227922197,0.027312468289503258
A1,95,4,-1,M2,retrieval,2,297,987.9262073460726,882.608379209586,4829.546696546675,0.012131348806713814
A1,96,4,1,M2,encoding,0,205,329.66030296016913,329.79446019340867,329.520755367553,0.15856018263999944
A1,96,4,1,M2,encoding,1,205,1062.402856939194,1163.3919171457565,702.386711809424,0.01793118905442038
A1,96,4,1,M2,encoding,2,205,1185.090381383503,1396.1879579589863,805.9664189528642,0.014552448024094753
A1,96,4,1,M2,maintenance,0,362,346.14821374961525,340.27784207590355,340.24933799467607,0.16649054648014447
A1,96,4,1,M2,maintenance,1,362,4193.346853772925,3883.8687404932257,3617.3701406548657,0.07077512519346019
A1,96,4,1,M2,maintenance,2,362,2339.789117144967,2005.8941617229643,1511.3483865423127,0.02873169848433356
A1,96,4,1,M2,retrieval,0,221,305.77674033292016,300.54812193750985,610.7729777545353,0.14707265436235897
A1,96,4,1,M2,retrieval,1,221,5333.53483419798,5567.840144639441,2242.6621504459717,0.09001916816740481
A1,96,4,1,M2,retrieval,2,221,1047.0741954355324,1153.92050175217,154.41255736145396,0.01285766304900543
A1,97,4,1,M2,encoding,0,205,4941.845967628019,4988.813416099454,4836.711292645702,2.376931623764596
A1,97,4,1,M2,encoding,1,205,75968.6612708981,77345.39127036819,70544.32231541353,1.282195749533515
A1,97,4,1,M2,encoding,2,205,120179.79381749519,123249.16935192431,114006.40489834246,1.4757610310141942
A1,97,4,1,M2,maintenance,0,363,14392.91919591449,14329.871035389833,14329.154174202622,6.922713702361346
A1,97,4,1,M2,maintenance,1,363,193276.40037092997,190874.28256617594,189206.41121819778,3.2621106505621404
A1,97,4,1,M2,maintenance,2,363,310916.33337360376,306218.46299118607,299440.4196471904,3.817931401974055
A1,97,4,1,M2,retrieval,0,207,494.4162535198446,492.97012249997584,615.4422110731416,0.23780458476300914
A1,97,4,1,M2,retrieval,1,207,31961.093266696884,31300.789226582543,41616.995899879956,0.5394379373208945
A1,97,4,1,M2,retrieval,2,207,8596.253641696085,8163.868307161749,15084.492431130859,0.10555864454547073
A1,98,4,-1,M2,encoding,0,205,3049.1909467465002,3069.9673769440246,2970.559651097448,1.4666014351105352
A1,98,4,-1,M2,encoding,1,205,68535.22351948159,68078.65578087654,61691.87079002767,1.1567345115724958
A1,98,4,-1,M2,encoding,2,205,119830.51978966704,120054.35632352524,110745.5071900253,1.4714720820732687
A1,98,4,-1,M2,maintenance,0,362,60198.34044500554,60134.737468840074,60133.27396732427,28.954228852778236
A1,98,4,-1,M2,maintenance,1,362,958741.1162015119,960008.3443459499,955736.2364243566,16.18159071821779
A1,98,4,-1,M2,maintenance,2,362,857926.7212753451,857294.3347231051,845087.9950996236,10.535005781809037
A1,98,4,-1,M2,retrieval,0,275,117351.27519587803,117248.09464446577,123123.30330358478,56.44367690320134
A1,98,4,-1,M2,retrieval,1,275,1832727.009535977,1836945.2061993978,1762843.074795759,30.932686483742213
A1,98,4,-1,M2,retrieval,2,275,1257790.4374147423,1261439.834361359,1171496.7320142556,15.445176379132358
A1,99,4,-1,M2,encoding,0,205,172.54173081785245,176.30433413064475,155.46428968720696,0.08298921072946365
A1,99,4,-1,M2,encoding,1,205,3909.482731838669,3805.5217466820145,2362.1285724667255,0.06598407893174864
A1,99,4,-1,M2,encoding,2,205,1677.3190406069205,1704.3469455425147,819.0977954896262,0.020596824125566626
A1,99,4,-1,M2,maintenance,0,363,4755.470588221842,4734.849106677522,4734.520838570935,2.287288697598223
A1,99,4,-1,M2,maintenance,1,363,20180.00915912804,20321.3556703771,19711.914122729697,0.3405973138991381
A1,99,4,-1,M2,maintenance,2,363,10448.454857296954,10369.822018411372,9172.291172878127,0.12830295362401536
A1,99,4,-1,M2,retrieval,0,318,3977.1731023101456,3963.178957522784,5093.218562292994,1.9129427711815945
A1,99,4,-1,M2,retrieval,1,318,54951.7752452318,55427.0452626987,43240.12658677778,0.9274736644036202
A1,99,4,-1,M2,retrieval,2,318,21966.749349942645,22276.43562618028,11801.041690878119,0.2697431210269103
A1,84,4,1,M3,encoding,0,205,2285.731361606265,2258.376835443185,2349.5894475211953,1.0993922498641084
A1,84,4,1,M3,encoding,1,205,40167.99713253306,40407.15170900736,46321.76620732475,0.6779537026057618
A1,84,4,1,M3,encoding,2,205,120419.08814494328,121085.28497524743,131617.68656827052,1.4786994720962856
A1,84,4,1,M3,maintenance,0,362,1681.2020182292783,1676.6099021350528,1676.849841936771,0.8086254143174112
A1,84,4,1,M3,maintenance,1,362,21706.3425765376,22452.83173369474,22931.060090567345,0.3663587027064885
A1,84,4,1,M3,maintenance,2,362,100140.30392807137,102312.16216007664,106061.4109430529,1.22968390506135
A1,84,4,1,M3,retrieval,0,240,233.2525843167048,251.97384249356972,111.81293677795676,0.11218994837536504
A1,84,4,1,M3,retrieval,1,240,15023.001208705278,15769.888677944884,9821.186403847956,0.25355755877216934
A1,84,4,1,M3,retrieval,2,240,38527.626327842285,40143.78371668849,26784.58192444933,0.4731042361284954
A1,85,4,-1,M3,encoding,0,205,1222.4710985171516,1182.9388677015227,1264.854240419462,0.5879847798247649
A1,85,4,-1,M3,encoding,1,205,97809.93835263817,98714.02652705103,107429.12552161941,1.650831870930049
A1,85,4,-1,M3,encoding,2,205,18448.155936682528,18489.690208441123,22556.50410845137,0.226536165195733
A1,85,4,-1,M3,maintenance,0,362,1843.689584627784,1816.9056887386482,1817.1361258308114,0.8867787678559748
A1,85,4,-1,M3,maintenance,1,362,119113.43152931215,119612.39723911145,121075.76595806365,2.010391299046646
A1,85,4,-1,M3,maintenance,2,362,24517.02952028288,24660.755572992686,26640.69581859242,0.30105956761086566
A1,85,4,-1,M3,retrieval,0,240,409.4862152999583,427.06219455559926,299.62281760841677,0.19695489115159978
A1,85,4,-1,M3,retrieval,1,240,5381.158625274771,6381.58112591811,4341.380512097519,0.09082296043481876
A1,85,4,-1,M3,retrieval,2,240,7196.11444261922,8276.138992649705,3449.8380781588658,0.08836548084999211
A1,86,4,1,M3,encoding,0,205,772.0203137288685,772.9460158482576,791.6702064942572,0.3713267289007779
A1,86,4,1,M3,encoding,1,205,1920.4263106053093,1981.3333871267412,2720.8130438208523,0.032412871459849384
A1,86,4,1,M3,encoding,2,205,2491.402060163396,2578.392565438148,3668.4685213692037,0.03059344633725259
A1,86,4,1,M3,maintenance,0,362,156.48767508410356,156.3192591301818,156.27202476331635,0.07526752271790006
A1,86,4,1,M3,maintenance,1,362,1525.1654999999253,1708.0994412934785,1794.3955624895414,0.025741676748280335
A1,86,4,1,M3,maintenance,2,362,52062.49198701476,52055.64980962393,50171.73560896661,0.6393071115482336
A1,86,4,1,M3,retrieval,0,244,467.9065937997126,436.2188554017365,808.7903068095791,0.22505395495042832
A1,86,4,1,M3,retrieval,1,244,572.0049521605023,706.9691940044681,102.28504175696263,0.009654274619332739
A1,86,4,1,M3,retrieval,2,244,61767.866981611616,60255.94588453491,73609.49184678525,0.758485334055057
A1,87,4,1,M3,encoding,0,205,50.57961057669324,52.11942980344118,46.446533885064376,0.024327807196942136
A1,87,4,1,M3,encoding,1,205,2571.7499536810424,2670.4769749975103,4264.576527818794,0.04340588348285191
A1,87,4,1,M3,encoding,2,205,9115.63296901324,9359.272465119751,12315.152084303352,0.1119364202698408
A1,87,4,1,M3,maintenance,0,363,792.2995520345825,791.21419538315,791.1744351095892,0.3810806474062238
A1,87,4,1,M3,maintenance,1,363,7496.3279374472195,7820.939751033978,8203.94202788824,0.12652269577621503
A1,87,4,1,M3,maintenance,2,363,50251.65694465075,51253.113753333404,54261.46472498994,0.6170707629556076
A1,87,4,1,M3,retrieval,0,299,92.81199374825012,104.48539964313154,72.58958496721132,0.04464076064894931
A1,87,4,1,M3,retrieval,1,299,2369.9252520341943,2108.7083556708567,5288.39422844716,0.03999949497641668
A1,87,4,1,M3,retrieval,2,299,48575.299062122875,46788.7699330228,66035.70863508164,0.5964857414766642
A1,89,4,1,M3,encoding,0,205,805.9722848865626,797.7205048217713,829.0300315423963,0.3876569655092253
A1,89,4,1,M3,encoding,1,205,961.5045390204793,914.642944811502,396.5496039514744,0.016228231647956032
A1,89,4,1,M3,encoding,2,205,670.2704131257073,634.5749950737986,378.15380602475943,0.008230659452077595
A1,89,4,1,M3,maintenance,0,363,1791.439074724852,1797.1555045787736,1797.3279601877261,0.8616472906388254
A1,89,4,1,M3,maintenance,1,363,13055.080496880237,13256.834997819795,13715.33413595337,0.22034307888126664
A1,89,4,1,M3,maintenance,2,363,46292.15898090473,46954.48618735898,49679.47061319006,0.5684496710759692
A1,89,4,1,M3,retrieval,0,252,10812.200780452502,11008.581131526927,9328.170087903596,5.200457911051644
A1,89,4,1,M3,retrieval,1,252,80176.99287428764,78472.30872727883,94513.1721466591,1.3532237866770456
A1,89,4,1,M3,retrieval,2,252,187598.23551277464,184018.5130763812,220487.06951481584,2.3036332203831202
A1,90,4,1,M3,encoding,0,205,246.0688965551341,251.48373192019207,231.5011575574115,0.11835434484970228
A1,90,4,1,M3,encoding,1,205,1798.0423266044231,1701.0753148128117,1064.4257625839973,0.030347279918919765
A1,90,4,1,M3,encoding,2,205,1000.182157312541,902.2077034855099,557.5111889037291,0.012281847095852505
A1,90,4,1,M3,maintenance,0,362,2393.3531143008618,2394.4779952551053,2394.1982299798074,1.1511562160136934
A1,90,4,1,M3,maintenance,1,362,5112.45612383416,4854.790656271916,4557.213016247925,0.086287811342121
A1,90,4,1,M3,maintenance,2,362,995.3330004984151,857.7516755147857,657.8482382783387,0.012222301340012454
A1,90,4,1,M3,retrieval,0,234,1512.148225938528,1447.8654294199441,2140.7153731652134,0.7273138340606744
A1,90,4,1,M3,retrieval,1,234,4027.2936455681115,4405.826778388378,1526.4796528652812,0.06797248639221308
A1,90,4,1,M3,retrieval,2,234,170.731729540243,271.5790444666679,750.1014401770483,0.0020965191003387003
A1,91,4,-1,M3,encoding,0,205,280.15922133708744,263.9955303959482,296.37279273695697,0.13475112685574353
A1,91,4,-1,M3,encoding,1,205,10025.25556361774,10244.971230838913,13141.403401736354,0.16920582588418082
A1,91,4,-1,M3,encoding,2,205,12111.769786777997,12103.809475884327,15606.895921278854,0.14872781272270777
A1,91,4,-1,M3,maintenance,0,363,3463.0519540335504,3450.3853806467014,3450.1476868728955,1.6656605159697113
A1,91,4,-1,M3,maintenance,1,363,173093.38934616285,173129.22906667835,171460.6296089844,2.9214626713057528
A1,91,4,-1,M3,maintenance,2,363,90557.8814790739,90526.76291910514,87071.41964465594,1.1120154918968113
A1,91,4,-1,M3,retrieval,0,327,11955.230593545293,11732.320563465251,13632.43141915486,5.750232980417079
A1,91,4,-1,M3,retrieval,1,327,537234.1462574226,548886.092433384,508753.36254031194,9.067414474755434
A1,91,4,-1,M3,retrieval,2,327,319353.74185431807,326178.5337791343,281315.8504067663,3.921539489848594
A1,92,4,1,M3,encoding,0,205,555.553708836171,569.5980525083152,524.8525713002567,0.2672105095712284
A1,92,4,1,M3,encoding,1,205,54622.175104068985,54223.05960806423,48104.16586370123,0.9219106876053639
A1,92,4,1,M3,encoding,2,205,69443.47978892994,68787.68542495463,61559.25558638578,0.8527388679510762
A1,92,4,1,M3,maintenance,0,362,4112.9498662233755,4116.120338306428,4115.717634946231,1.9782487491565979
A1,92,4,1,M3,maintenance,1,362,226155.36131623754,224533.35145396602,222426.666745181,3.8170403185053785
A1,92,4,1,M3,maintenance,2,362,292839.2025127693,290254.92184129223,283107.93540590926,3.5959512801120055
A1,92,4,1,M3,retrieval,0,227,5213.651397428631,5083.083584408498,6356.249641417807,2.507664739656125
A1,92,4,1,M3,retrieval,1,227,251509.20742764664,254471.3654529615,227391.94177017332,4.244961426690405
A1,92,4,1,M3,retrieval,2,227,304961.5567886792,309416.0884750918,265751.3327518677,3.744809066236214
A1,93,4,1,M3,encoding,0,205,675.5530330804078,675.6122854966012,676.1249984999423,0.3249278464722432
A1,93,4,1,M3,encoding,1,205,1573.5163227086568,1468.3259805655316,1094.4737298899704,0.026557739823849277
A1,93,4,1,M3,encoding,2,205,2039.5650134905366,1888.1636660707954,1438.1491563999207,0.025045063496282223
A1,93,4,1,M3,maintenance,0,363,1421.2113294490698,1423.8777546394151,1423.6888676447345,0.6835749586589086
A1,93,4,1,M3,maintenance,1,363,1383.4940556950683,1299.3894057704783,1178.003055399852,0.023350552294076638
A1,93,4,1,M3,maintenance,2,363,1387.4432044558478,1282.6770841605608,973.3712290407899,0.017037261829478432
A1,93,4,1,M3,retrieval,0,308,196.7529364350947,185.53068183668023,338.1349760726215,0.09463432890151223
A1,93,4,1,M3,retrieval,1,308,3466.0481961571213,3821.444086600255,1211.8550020599575,0.05849981019072431
A1,93,4,1,M3,retrieval,2,308,3224.632448070805,3683.716730719541,529.0953246223146,0.03959722974257619
A1,94,4,1,M3,encoding,0,205,68.29407042447417,68.34358741900473,66.60988224985958,0.032848117236129515
A1,94,4,1,M3,encoding,1,205,716.9078133761894,752.7553393954781,1716.2412763509074,0.012099938787133108
A1,94,4,1,M3,encoding,2,205,134.78270334076367,112.06383943971292,465.5269764927156,0.0016550790688416848
A1,94,4,1,M3,maintenance,0,362,461.556658030634,461.54030269268395,461.5883842957905,0.22199975956731294
A1,94,4,1,M3,maintenance,1,362,1395.5685798266486,1539.572670195929,1631.784191900506,0.023554345585417462
A1,94,4,1,M3,maintenance,2,362,570.9682999263623,536.5515012471982,533.0501296758889,0.007011268202501162
A1,94,4,1,M3,retrieval,0,296,674.4965871123906,723.4837897928704,354.93587030024855,0.3244197165453641
A1,94,4,1,M3,retrieval,1,296,271.5342108311937,236.16735747653593,1122.2217750720813,0.004582942560211553
A1,94,4,1,M3,retrieval,2,296,386.04558545037145,555.6717006614595,466.9113701285868,0.004740489337732433
A1,95,4,-1,M3,encoding,0,205,525.2293323685603,514.4151076550883,529.0647947477444,0.2526250753288489
A1,95,4,-1,M3,encoding,1,205,7739.68083473884,7993.085709054065,10582.204626661256,0.13062999535638425
A1,95,4,-1,M3,encoding,2,205,511.79532402535096,504.4312135744521,737.9908330589917,0.0062846471196220674
A1,95,4,-1,M3,maintenance,0,363,307.8567390823447,309.79916359559303,309.8144973952529,0.14807309323424697
A1,95,4,-1,M3,maintenance,1,363,24678.828438493183,24874.69055181754,25552.782720213803,0.4165281893604272
A1,95,4,-1,M3,maintenance,2,363,266.99867139067976,260.933834940652,252.86216196952577,0.0032786396286325556
A1,95,4,-1,M3,retrieval,0,297,139.228935409551,153.31874568179055,85.35357281097778,0.06696640520280787
A1,95,4,-1,M3,retrieval,1,297,2042.0341673881092,1488.1264185702332,4115.248227922197,0.03446536355946359
A1,95,4,-1,M3,retrieval,2,297,1274.3155909150526,882.608379209586,4829.546696546675,0.015648098823851476
A1,96,4,1,M3,encoding,0,205,330.0913290893998,329.79446019340867,329.520755367553,0.1587674978100691
A1,96,4,1,M3,encoding,1,205,1247.1234736235983,1163.3919171457565,702.386711809424,0.021048895561309747
A1,96,4,1,M3,encoding,2,205,1498.4898450308335,1396.1879579589863,805.9664189528642,0.018400871298092338
A1,96,4,1,M3,maintenance,0,362,341.39400257725515,340.27784207590355,340.24933799467607,0.16420386353703736
A1,96,4,1,M3,maintenance,1,362,4100.169215508894,3883.8687404932257,3617.3701406548657,0.06920247708126448
A1,96,4,1,M3,maintenance,2,362,2248.6596442457876,2005.8941617229643,1511.3483865423127,0.0276126640725613
A1,96,4,1,M3,retrieval,0,221,326.1897901040781,300.54812193750985,610.7729777545353,0.15689093357550787
A1,96,4,1,M3,retrieval,1,221,5130.201588580465,5567.840144639441,2242.6621504459717,0.08658731852166802
A1,96,4,1,M3,retrieval,2,221,901.5174903992903,1153.92050175217,154.41255736145396,0.011070283438240583
A1,97,4,1,M3,encoding,0,205,4943.9607367644,4988.813416099454,4836.711292645702,2.3779487865151463
A1,97,4,1,M3,encoding,1,205,77964.44363267654,77345.39127036819,70544.32231541353,1.3158804771364034
A1,97,4,1,M3,encoding,2,205,124271.1201206878,123249.16935192431,114006.40489834246,1.5260009235254428
A1,97,4,1,M3,maintenance,0,363,14312.768429428845,14329.871035389833,14329.154174202622,6.884162745335029
A1,97,4,1,M3,maintenance,1,363,193037.77744414454,190874.28256617594,189206.41121819778,3.2580831832177513
A1,97,4,1,M3,maintenance,2,363,309878.1343225556,306218.46299118607,299440.4196471904,3.805182722239261
A1,97,4,1,M3,retrieval,0,207,487.5808971851398,492.97012249997584,615.4422110731416,0.23451691154573617
A1,97,4,1,M3,retrieval,1,207,32397.59641787986,31300.789226582543,41616.995899879956,0.5468052184568489
A1,97,4,1,M3,retrieval,2,207,8843.319061863423,8163.868307161749,15084.492431130859,0.10859251161756604
A1,98,4,-1,M3,encoding,0,205,3010.8502028337857,3069.9673769440246,2970.559651097448,1.448160284317539
A1,98,4,-1,M3,encoding,1,205,68820.87899151717,68078.65578087654,61691.87079002767,1.1615557921630397
A1,98,4,-1,M3,encoding,2,205,120169.86346129359,120054.35632352524,110745.5071900253,1.4756390901101457
A1,98,4,-1,M3,maintenance,0,362,60086.40815074822,60134.737468840074,60133.27396732427,28.900391600123346
A1,98,4,-1,M3,maintenance,1,362,960395.1161910999,960008.3443459499,955736.2364243566,16.209506857858795
A1,98,4,-1,M3,maintenance,2,362,857731.7630135404,857294.3347231051,845087.9950996236,10.53261177033418
A1,98,4,-1,M3,retrieval,0,275,117939.54761731323,117248.09464446577,123123.30330358478,56.72662447604304
A1,98,4,-1,M3,retrieval,1,275,1815406.5991971237,1836945.2061993978,1762843.074795759,30.640353353934096
A1,98,4,-1,M3,retrieval,2,275,1247808.589530074,1261439.834361359,1171496.7320142556,15.322603177283844
A1,99,4,-1,M3,encoding,0,205,164.58136076949683,176.30433413064475,155.46428968720696,0.07916042783563199
A1,99,4,-1,M3,encoding,1,205,3983.150831613405,3805.5217466820145,2362.1285724667255,0.06722744590475022
A1,99,4,-1,M3,encoding,2,205,1716.085338356513,1704.3469455425147,819.0977954896262,0.021072859153738
A1,99,4,-1,M3,maintenance,0,363,4728.852774798236,4734.849106677522,4734.520838570935,2.274486047961532
A1,99,4,-1,M3,maintenance,1,363,20404.88447977568,20321.3556703771,19711.914122729697,0.344392749747102
A1,99,4,-1,M3,maintenance,2,363,10424.838234654806,10369.822018411372,9172.291172878127,0.12801295070195698
A1,99,4,-1,M3,retrieval,0,318,4091.0218848939603,3963.178957522784,5093.218562292994,1.9677018173807732
A1,99,4,-1,M3,retrieval,1,318,51742.22631944608,55427.0452626987,43240.12658677778,0.8733030377041766
A1,99,4,-1,M3,retrieval,2,318,20524.980263892496,22276.43562618028,11801.041690878119,0.2520387585436056
A1,84,4,1,M2_no_feedback,encoding,0,205,2287.683222280211,2258.376835443185,2349.5894475211953,1.1003310568183267
A1,84,4,1,M2_no_feedback,encoding,1,205,41731.52454831082,40407.15170900736,46321.76620732475,0.7043428500943638
A1,84,4,1,M2_no_feedback,encoding,2,205,124696.23937505878,121085.28497524743,131617.68656827052,1.531221222289536
A1,84,4,1,M2_no_feedback,maintenance,0,362,1658.7078496400175,1676.6099021350528,1676.849841936771,0.7978061575011631
A1,84,4,1,M2_no_feedback,maintenance,1,362,21710.160142854475,22452.83173369474,22931.060090567345,0.3664231354241798
A1,84,4,1,M2_no_feedback,maintenance,2,362,99715.56855073149,102312.16216007664,106061.4109430529,1.2244683201575917
A1,84,4,1,M2_no_feedback,retrieval,0,240,246.79522922783545,251.97384249356972,111.81293677795676,0.11870369671344441
A1,84,4,1,M2_no_feedback,retrieval,1,240,15395.890774788115,15769.888677944884,9821.186403847956,0.2598511725950045
A1,84,4,1,M2_no_feedback,retrieval,2,240,39464.67133963544,40143.78371668849,26784.58192444933,0.4846107836834909
A1,85,4,-1,M2_no_feedback,encoding,0,205,1191.9868223246935,1182.9388677015227,1264.854240419462,0.5733224369302117
A1,85,4,-1,M2_no_feedback,encoding,1,205,98200.9042373215,98714.02652705103,107429.12552161941,1.6574305760693429
A1,85,4,-1,M2_no_feedback,encoding,2,205,18587.290183249017,18489.690208441123,22556.50410845137,0.22824467951948166
A1,85,4,-1,M2_no_feedback,maintenance,0,362,1811.9856023181503,1816.9056887386482,1817.1361258308114,0.8715297700837492
A1,85,4,-1,M2_no_feedback,maintenance,1,362,119800.55414774737,119612.39723911145,121075.76595806365,2.02198852461344
A1,85,4,-1,M2_no_feedback,maintenance,2,362,24481.055703728867,24660.755572992686,26640.69581859242,0.30061782316347646
A1,85,4,-1,M2_no_feedback,retrieval,0,240,420.7779144179811,427.06219455559926,299.62281760841677,0.20238597842050257
A1,85,4,-1,M2_no_feedback,retrieval,1,240,6200.072002080327,6381.58112591811,4341.380512097519,0.10464454466982297
A1,85,4,-1,M2_no_feedback,retrieval,2,240,7938.936948076968,8276.138992649705,3449.8380781588658,0.0974870517205463
A1,86,4,1,M2_no_feedback,encoding,0,205,770.4398025184664,772.9460158482576,791.6702064942572,0.3705665338031711
A1,86,4,1,M2_no_feedback,encoding,1,205,2180.8268178929156,1981.3333871267412,2720.8130438208523,0.03680789985754529
A1,86,4,1,M2_no_feedback,encoding,2,205,3031.2117353820963,2578.392565438148,3668.4685213692037,0.03722209877163725
A1,86,4,1,M2_no_feedback,maintenance,0,362,159.79207558938592,156.3192591301818,156.27202476331635,0.07685687497817685
A1,86,4,1,M2_no_feedback,maintenance,1,362,1556.5988791614368,1708.0994412934785,1794.3955624895414,0.02627220794996421
A1,86,4,1,M2_no_feedback,maintenance,2,362,53007.84620961793,52055.64980962393,50171.73560896661,0.6509156929736695
A1,86,4,1,M2_no_feedback,retrieval,0,244,444.347146508939,436.2188554017365,808.7903068095791,0.2137223198345865
A1,86,4,1,M2_no_feedback,retrieval,1,244,647.5927551152339,706.9691940044681,102.28504175696263,0.010930042258827277
A1,86,4,1,M2_no_feedback,retrieval,2,244,61027.7235862588,60255.94588453491,73609.49184678525,0.7493966616124754
A1,87,4,1,M2_no_feedback,encoding,0,205,50.223450785367426,52.11942980344118,46.446533885064376,0.024156501276712886
A1,87,4,1,M2_no_feedback,encoding,1,205,2967.269874158785,2670.4769749975103,4264.576527818794,0.050081451439538634
A1,87,4,1,M2_no_feedback,encoding,2,205,10310.05740500907,9359.272465119751,12315.152084303352,0.12660348684686096
A1,87,4,1,M2_no_feedback,maintenance,0,363,800.7833950372852,791.21419538315,791.1744351095892,0.38516121059177716
A1,87,4,1,M2_no_feedback,maintenance,1,363,7356.967262957755,7820.939751033978,8203.94202788824,0.12417057239410972
A1,87,4,1,M2_no_feedback,maintenance,2,363,49408.58688171753,51253.113753333404,54261.46472498994,0.6067181911482293
A1,87,4,1,M2_no_feedback,retrieval,0,299,103.90980197420997,104.48539964313154,72.58958496721132,0.049978590176529676
A1,87,4,1,M2_no_feedback,retrieval,1,299,2203.5154675187696,2108.7083556708567,5288.39422844716,0.03719083789576067
A1,87,4,1,M2_no_feedback,retrieval,2,299,47242.48264645911,46788.7699330228,66035.70863508164,0.5801192753241298
A1,89,4,1,M2_no_feedback,encoding,0,205,804.908557887575,797.7205048217713,829.0300315423963,0.38714533354831254
A1,89,4,1,M2_no_feedback,encoding,1,205,806.8732236295255,914.642944811502,396.5496039514744,0.013618371055151178
A1,89,4,1,M2_no_feedback,encoding,2,205,583.5587455870291,634.5749950737986,378.15380602475943,0.007165873968403292
A1,89,4,1,M2_no_feedback,maintenance,0,363,1782.2747454570629,1797.1555045787736,1797.3279601877261,0.8572394268183239
A1,89,4,1,M2_no_feedback,maintenance,1,363,12811.169230785727,13256.834997819795,13715.33413595337,0.21622635517681033
A1,89,4,1,M2_no_feedback,maintenance,2,363,45400.41439430176,46954.48618735898,49679.47061319006,0.557499395087603
A1,89,4,1,M2_no_feedback,retrieval,0,252,10973.420232439903,11008.581131526927,9328.170087903596,5.278001326266341
A1,89,4,1,M2_no_feedback,retrieval,1,252,79249.36789579722,78472.30872727883,94513.1721466591,1.3375673727731563
A1,89,4,1,M2_no_feedback,retrieval,2,252,185243.8896506127,184018.5130763812,220487.06951481584,2.2747227707431046
A1,90,4,1,M2_no_feedback,encoding,0,205,246.5363528173352,251.48373192019207,231.5011575574115,0.11857918220392802
A1,90,4,1,M2_no_feedback,encoding,1,205,1546.494645848248,1701.0753148128117,1064.4257625839973,0.02610166914106949
A1,90,4,1,M2_no_feedback,encoding,2,205,768.3084500914828,902.2077034855099,557.5111889037291,0.009434528338147844
A1,90,4,1,M2_no_feedback,maintenance,0,362,2422.6099575296976,2394.4779952551053,2394.1982299798074,1.165228187567983
A1,90,4,1,M2_no_feedback,maintenance,1,362,5207.5465892674365,4854.790656271916,4557.213016247925,0.08789274406780033
A1,90,4,1,M2_no_feedback,maintenance,2,362,1008.0622227434853,857.7516755147857,657.8482382783387,0.012378611228286361
A1,90,4,1,M2_no_feedback,retrieval,0,234,1464.2910887494131,1447.8654294199441,2140.7153731652134,0.7042954835186306
A1,90,4,1,M2_no_feedback,retrieval,1,234,4227.170522258015,4405.826778388378,1526.4796528652812,0.07134599959403128
A1,90,4,1,M2_no_feedback,retrieval,2,234,236.46013273372438,271.5790444666679,750.1014401770483,0.0029036382755557246
A1,91,4,-1,M2_no_feedback,encoding,0,205,267.53140362624913,263.9955303959482,296.37279273695697,0.12867739257656027
A1,91,4,-1,M2_no_feedback,encoding,1,205,10183.671352412179,10244.971230838913,13141.403401736354,0.17187956065392906
A1,91,4,-1,M2_no_feedback,encoding,2,205,12239.915810073222,12103.809475884327,15606.895921278854,0.15030139594707007
A1,91,4,-1,M2_no_feedback,maintenance,0,363,3467.447120667002,3450.3853806467014,3450.1476868728955,1.6677745054852078
A1,91,4,-1,M2_no_feedback,maintenance,1,363,172483.6044258856,173129.22906667835,171460.6296089844,2.9111707480333253
A1,91,4,-1,M2_no_feedback,maintenance,2,363,90604.84857349814,90526.76291910514,87071.41964465594,1.112592229512092
A1,91,4,-1,M2_no_feedback,retrieval,0,327,11752.30225407836,11732.320563465251,13632.43141915486,5.652628402978476
A1,91,4,-1,M2_no_feedback,retrieval,1,327,547407.6791213575,548886.092433384,508753.36254031194,9.239122918443305
A1,91,4,-1,M2_no_feedback,retrieval,2,327,325026.27408562874,326178.5337791343,281315.8504067663,3.991195974921723
A1,92,4,1,M2_no_feedback,encoding,0,205,554.3006344348603,569.5980525083152,524.8525713002567,0.2666078051990331
A1,92,4,1,M2_no_feedback,encoding,1,205,52848.98855534817,54223.05960806423,48104.16586370123,0.8919829224208169
A1,92,4,1,M2_no_feedback,encoding,2,205,66311.96748262849,68787.68542495463,61559.25558638578,0.8142851172581846
A1,92,4,1,M2_no_feedback,maintenance,0,362,4152.547971170166,4116.120338306428,4115.717634946231,1.9972946661086293
A1,92,4,1,M2_no_feedback,maintenance,1,362,226954.87145935855,224533.35145396602,222426.666745181,3.8305344158090433
A1,92,4,1,M2_no_feedback,maintenance,2,362,294708.5031049878,290254.92184129223,283107.93540590926,3.6189055628713613
A1,92,4,1,M2_no_feedback,retrieval,0,227,5113.806717145472,5083.083584408498,6356.249641417807,2.459641393808377
A1,92,4,1,M2_no_feedback,retrieval,1,227,252977.4160305798,254471.3654529615,227391.94177017332,4.269741787415685
A1,92,4,1,M2_no_feedback,retrieval,2,227,307798.86073028645,309416.0884750918,265751.3327518677,3.7796500528710024
A1,93,4,1,M2_no_feedback,encoding,0,205,674.6443487831178,675.6122854966012,676.1249984999423,0.3244907870300034
A1,93,4,1,M2_no_feedback,encoding,1,205,1440.1330061576175,1468.3259805655316,1094.4737298899704,0.024306502028167053
A1,93,4,1,M2_no_feedback,encoding,2,205,1785.4113057112374,1888.1636660707954,1438.1491563999207,0.021924155014794573
A1,93,4,1,M2_no_feedback,maintenance,0,363,1444.265872537581,1423.8777546394151,1423.6888676447345,0.6946637446909888
A1,93,4,1,M2_no_feedback,maintenance,1,363,1425.3245517756563,1299.3894057704783,1178.003055399852,0.024056565581373503
A1,93,4,1,M2_no_feedback,maintenance,2,363,1470.9222252200102,1282.6770841605608,973.3712290407899,0.0180623516706048
A1,93,4,1,M2_no_feedback,retrieval,0,308,185.90182092612187,185.53068183668023,338.1349760726215,0.08941515376425482
A1,93,4,1,M2_no_feedback,retrieval,1,308,3719.169193521798,3821.444086600255,1211.8550020599575,0.06277197533763076
A1,93,4,1,M2_no_feedback,retrieval,2,308,3584.461602427884,3683.716730719541,529.0953246223146,0.04401579152368041
A1,94,4,1,M2_no_feedback,encoding,0,205,68.94501369844835,68.34358741900473,66.60988224985958,0.0331612082679669
A1,94,4,1,M2_no_feedback,encoding,1,205,935.3442556654148,752.7553393954781,1716.2412763509074,0.01578669952716684
A1,94,4,1,M2_no_feedback,encoding,2,205,195.13981296575753,112.06383943971292,465.5269764927156,0.0023962408523648224
A1,94,4,1,M2_no_feedback,maintenance,0,362,460.8415514859561,461.54030269268395,461.5883842957905,0.22165580725242082
A1,94,4,1,M2_no_feedback,maintenance,1,362,1387.539029916919,1539.572670195929,1631.784191900506,0.023418823192463738
A1,94,4,1,M2_no_feedback,maintenance,2,362,551.0599345962605,536.5515012471982,533.0501296758889,0.006766801235034279
A1,94,4,1,M2_no_feedback,retrieval,0,296,717.2092765491943,723.4837897928704,354.93587030024855,0.3449636879526933
A1,94,4,1,M2_no_feedback,retrieval,1,296,242.76858686536966,236.16735747653593,1122.2217750720813,0.004097437614295279
A1,94,4,1,M2_no_feedback,retrieval,2,296,503.9709269379621,555.6717006614595,466.9113701285868,0.006188566572751731
A1,95,4,-1,M2_no_feedback,encoding,0,205,518.666577023447,514.4151076550883,529.0647947477444,0.24946851787622606
A1,95,4,-1,M2_no_feedback,encoding,1,205,7848.844681751212,7993.085709054065,10582.204626661256,0.13247245800217014
A1,95,4,-1,M2_no_feedback,encoding,2,205,518.297864407109,504.4312135744521,737.9908330589917,0.006364495781307805
A1,95,4,-1,M2_no_feedback,maintenance,0,363,310.14560173929164,309.79916359559303,309.8144973952529,0.14917399157615996
A1,95,4,-1,M2_no_feedback,maintenance,1,363,24999.721347521394,24874.69055181754,25552.782720213803,0.4219442058747136
A1,95,4,-1,M2_no_feedback,maintenance,2,363,266.81919535865705,260.933834940652,252.86216196952577,0.003276435732905605
A1,95,4,-1,M2_no_feedback,retrieval,0,297,150.6957604912524,153.31874568179055,85.35357281097778,0.07248172464809512
A1,95,4,-1,M2_no_feedback,retrieval,1,297,1618.2331385143802,1488.1264185702332,4115.248227922197,0.027312468289503258
A1,95,4,-1,M2_no_feedback,retrieval,2,297,987.9262073460726,882.608379209586,4829.546696546675,0.012131348806713814
A1,96,4,1,M2_no_feedback,encoding,0,205,329.66030296016913,329.79446019340867,329.520755367553,0.15856018263999944
A1,96,4,1,M2_no_feedback,encoding,1,205,1062.402856939194,1163.3919171457565,702.386711809424,0.01793118905442038
A1,96,4,1,M2_no_feedback,encoding,2,205,1185.090381383503,1396.1879579589863,805.9664189528642,0.014552448024094753
A1,96,4,1,M2_no_feedback,maintenance,0,362,346.14821374961525,340.27784207590355,340.24933799467607,0.16649054648014447
A1,96,4,1,M2_no_feedback,maintenance,1,362,4193.346853772925,3883.8687404932257,3617.3701406548657,0.07077512519346019
A1,96,4,1,M2_no_feedback,maintenance,2,362,2339.789117144967,2005.8941617229643,1511.3483865423127,0.02873169848433356
A1,96,4,1,M2_no_feedback,retrieval,0,221,305.77674033292016,300.54812193750985,610.7729777545353,0.14707265436235897
A1,96,4,1,M2_no_feedback,retrieval,1,221,5333.53483419798,5567.840144639441,2242.6621504459717,0.09001916816740481
A1,96,4,1,M2_no_feedback,retrieval,2,221,1047.0741954355324,1153.92050175217,154.41255736145396,0.01285766304900543
A1,97,4,1,M2_no_feedback,encoding,0,205,4941.845967628019,4988.813416099454,4836.711292645702,2.376931623764596
A1,97,4,1,M2_no_feedback,encoding,1,205,75968.6612708981,77345.39127036819,70544.32231541353,1.282195749533515
A1,97,4,1,M2_no_feedback,encoding,2,205,120179.79381749519,123249.16935192431,114006.40489834246,1.4757610310141942
A1,97,4,1,M2_no_feedback,maintenance,0,363,14392.91919591449,14329.871035389833,14329.154174202622,6.922713702361346
A1,97,4,1,M2_no_feedback,maintenance,1,363,193276.40037092997,190874.28256617594,189206.41121819778,3.2621106505621404
A1,97,4,1,M2_no_feedback,maintenance,2,363,310916.33337360376,306218.46299118607,299440.4196471904,3.817931401974055
A1,97,4,1,M2_no_feedback,retrieval,0,207,494.4162535198446,492.97012249997584,615.4422110731416,0.23780458476300914
A1,97,4,1,M2_no_feedback,retrieval,1,207,31961.093266696884,31300.789226582543,41616.995899879956,0.5394379373208945
A1,97,4,1,M2_no_feedback,retrieval,2,207,8596.253641696085,8163.868307161749,15084.492431130859,0.10555864454547073
A1,98,4,-1,M2_no_feedback,encoding,0,205,3049.1909467465002,3069.9673769440246,2970.559651097448,1.4666014351105352
A1,98,4,-1,M2_no_feedback,encoding,1,205,68535.22351948159,68078.65578087654,61691.87079002767,1.1567345115724958
A1,98,4,-1,M2_no_feedback,encoding,2,205,119830.51978966704,120054.35632352524,110745.5071900253,1.4714720820732687
A1,98,4,-1,M2_no_feedback,maintenance,0,362,60198.34044500554,60134.737468840074,60133.27396732427,28.954228852778236
A1,98,4,-1,M2_no_feedback,maintenance,1,362,958741.1162015119,960008.3443459499,955736.2364243566,16.18159071821779
A1,98,4,-1,M2_no_feedback,maintenance,2,362,857926.7212753451,857294.3347231051,845087.9950996236,10.535005781809037
A1,98,4,-1,M2_no_feedback,retrieval,0,275,117351.27519587803,117248.09464446577,123123.30330358478,56.44367690320134
A1,98,4,-1,M2_no_feedback,retrieval,1,275,1832727.009535977,1836945.2061993978,1762843.074795759,30.932686483742213
A1,98,4,-1,M2_no_feedback,retrieval,2,275,1257790.4374147423,1261439.834361359,1171496.7320142556,15.445176379132358
A1,99,4,-1,M2_no_feedback,encoding,0,205,172.54173081785245,176.30433413064475,155.46428968720696,0.08298921072946365
A1,99,4,-1,M2_no_feedback,encoding,1,205,3909.482731838669,3805.5217466820145,2362.1285724667255,0.06598407893174864
A1,99,4,-1,M2_no_feedback,encoding,2,205,1677.3190406069205,1704.3469455425147,819.0977954896262,0.020596824125566626
A1,99,4,-1,M2_no_feedback,maintenance,0,363,4755.470588221842,4734.849106677522,4734.520838570935,2.287288697598223
A1,99,4,-1,M2_no_feedback,maintenance,1,363,20180.00915912804,20321.3556703771,19711.914122729697,0.3405973138991381
A1,99,4,-1,M2_no_feedback,maintenance,2,363,10448.454857296954,10369.822018411372,9172.291172878127,0.12830295362401536
A1,99,4,-1,M2_no_feedback,retrieval,0,318,3977.1731023101456,3963.178957522784,5093.218562292994,1.9129427711815945
A1,99,4,-1,M2_no_feedback,retrieval,1,318,54951.7752452318,55427.0452626987,43240.12658677778,0.9274736644036202
A1,99,4,-1,M2_no_feedback,retrieval,2,318,21966.749349942645,22276.43562618028,11801.041690878119,0.2697431210269103
A1,84,4,1,M2_no_direct_memory,encoding,0,205,2263.589795123679,2258.376835443185,2349.5894475211953,1.0887425877910903
A1,84,4,1,M2_no_direct_memory,encoding,1,205,41616.32514286746,40407.15170900736,46321.76620732475,0.7023985195567813
A1,84,4,1,M2_no_direct_memory,encoding,2,205,123849.55108980859,121085.28497524743,131617.68656827052,1.5208242201222175
A1,84,4,1,M2_no_direct_memory,maintenance,0,362,1671.0855178462946,1676.6099021350528,1676.849841936771,0.8037595747425523
A1,84,4,1,M2_no_direct_memory,maintenance,1,362,21738.41381663634,22452.83173369474,22931.060090567345,0.3668999996972336
A1,84,4,1,M2_no_direct_memory,maintenance,2,362,100055.27037466937,102312.16216007664,106061.4109430529,1.2286397261652706
A1,84,4,1,M2_no_direct_memory,retrieval,0,240,250.60418411751408,251.97384249356972,111.81293677795676,0.12053572980190497
A1,84,4,1,M2_no_direct_memory,retrieval,1,240,15497.664887624402,15769.888677944884,9821.186403847956,0.26156891162986645
A1,84,4,1,M2_no_direct_memory,retrieval,2,240,39630.692083335416,40143.78371668849,26784.58192444933,0.4866494537137
A1,85,4,-1,M2_no_direct_memory,encoding,0,205,1178.8227990573264,1182.9388677015227,1264.854240419462,0.5669907982257383
A1,85,4,-1,M2_no_direct_memory,encoding,1,205,99154.40806096434,98714.02652705103,107429.12552161941,1.673523771992319
A1,85,4,-1,M2_no_direct_memory,encoding,2,205,18794.41736790653,18489.690208441123,22556.50410845137,0.23078812062444337
A1,85,4,-1,M2_no_direct_memory,maintenance,0,362,1821.2866122448174,1816.9056887386482,1817.1361258308114,0.8760033746380923
A1,85,4,-1,M2_no_direct_memory,maintenance,1,362,119183.43653159037,119612.39723911145,121075.76595806365,2.011572840419965
A1,85,4,-1,M2_no_direct_memory,maintenance,2,362,24333.176761231178,24660.755572992686,26640.69581859242,0.29880192738171896
A1,85,4,-1,M2_no_direct_memory,retrieval,0,240,424.3149939541816,427.06219455559926,299.62281760841677,0.2040872447611451
A1,85,4,-1,M2_no_direct_memory,retrieval,1,240,6299.559228449399,6381.58112591811,4341.380512097519,0.10632368573469476
A1,85,4,-1,M2_no_direct_memory,retrieval,2,240,8106.571622801118,8276.138992649705,3449.8380781588658,0.09954554019474292
A1,86,4,1,M2_no_direct_memory,encoding,0,205,772.4745642671282,772.9460158482576,791.6702064942572,0.37154521455908746
A1,86,4,1,M2_no_direct_memory,encoding,1,205,2158.1623502927896,1981.3333871267412,2720.8130438208523,0.03642536996250484
A1,86,4,1,M2_no_direct_memory,encoding,2,205,2912.2207582819397,2578.392565438148,3668.4685213692037,0.035760935946600424
A1,86,4,1,M2_no_direct_memory,maintenance,0,362,157.2144994684706,156.3192591301818,156.27202476331635,0.07561711108537289
A1,86,4,1,M2_no_direct_memory,maintenance,1,362,1557.2709496521577,1708.0994412934785,1794.3955624895414,0.026283551126376342
A1,86,4,1,M2_no_direct_memory,maintenance,2,362,52578.913317983825,52055.64980962393,50171.73560896661,0.6456485642302543
A1,86,4,1,M2_no_direct_memory,retrieval,0,244,438.8960164434037,436.2188554017365,808.7903068095791,0.21110043248259283
A1,86,4,1,M2_no_direct_memory,retrieval,1,244,664.0824666590754,706.9691940044681,102.28504175696263,0.011208354890626236
A1,86,4,1,M2_no_direct_memory,retrieval,2,244,60671.84355181189,60255.94588453491,73609.49184678525,0.7450265934847977
A1,87,4,1,M2_no_direct_memory,encoding,0,205,51.743915287701434,52.11942980344118,46.446533885064376,0.024887815077685897
A1,87,4,1,M2_no_direct_memory,encoding,1,205,2935.8251072759467,2670.4769749975103,4264.576527818794,0.04955072803639118
A1,87,4,1,M2_no_direct_memory,encoding,2,205,10057.535302056564,9359.272465119751,12315.152084303352,0.12350261383676917
A1,87,4,1,M2_no_direct_memory,maintenance,0,363,792.505844563397,791.21419538315,791.1744351095892,0.38117987009319093
A1,87,4,1,M2_no_direct_memory,maintenance,1,363,7396.388644876136,7820.939751033978,8203.94202788824,0.12483592475771456
A1,87,4,1,M2_no_direct_memory,maintenance,2,363,49851.08827893789,51253.113753333404,54261.46472498994,0.6121519358522584
A1,87,4,1,M2_no_direct_memory,retrieval,0,299,104.58006243048963,104.48539964313154,72.58958496721132,0.050300972396681055
A1,87,4,1,M2_no_direct_memory,retrieval,1,299,2187.3241444534824,2108.7083556708567,5288.39422844716,0.03691756145168059
A1,87,4,1,M2_no_direct_memory,retrieval,2,299,47220.860242113704,46788.7699330228,66035.70863508164,0.5798537606255589
A1,89,4,1,M2_no_direct_memory,encoding,0,205,797.8192156987058,797.7205048217713,829.0300315423963,0.3837354980838333
A1,89,4,1,M2_no_direct_memory,encoding,1,205,816.7986869663989,914.642944811502,396.5496039514744,0.013785892592187465
A1,89,4,1,M2_no_direct_memory,encoding,2,205,591.8542849076051,634.5749950737986,378.15380602475943,0.007267739958281283
A1,89,4,1,M2_no_direct_memory,maintenance,0,363,1795.0267360501389,1797.1555045787736,1797.3279601877261,0.8633728858344856
A1,89,4,1,M2_no_direct_memory,maintenance,1,363,12863.931909470342,13256.834997819795,13715.33413595337,0.21711688136499968
A1,89,4,1,M2_no_direct_memory,maintenance,2,363,45836.84807201488,46954.48618735898,49679.47061319006,0.5628586305608251
A1,89,4,1,M2_no_direct_memory,retrieval,0,252,10998.47630080223,11008.581131526927,9328.170087903596,5.2900528069575135
A1,89,4,1,M2_no_direct_memory,retrieval,1,252,79043.63189316231,78472.30872727883,94513.1721466591,1.3340949694993403
A1,89,4,1,M2_no_direct_memory,retrieval,2,252,185078.9257493073,184018.5130763812,220487.06951481584,2.2726970783256237
A1,90,4,1,M2_no_direct_memory,encoding,0,205,249.58488722737061,251.48373192019207,231.5011575574115,0.12004546785767245
A1,90,4,1,M2_no_direct_memory,encoding,1,205,1566.3049885271184,1701.0753148128117,1064.4257625839973,0.0264360272402477
A1,90,4,1,M2_no_direct_memory,encoding,2,205,817.5869311647579,902.2077034855099,557.5111889037291,0.010039648880673886
A1,90,4,1,M2_no_direct_memory,maintenance,0,362,2401.027582607004,2394.4779952551053,2394.1982299798074,1.154847485740015
A1,90,4,1,M2_no_direct_memory,maintenance,1,362,5178.591381572501,4854.790656271916,4557.213016247925,0.08740403933597785
A1,90,4,1,M2_no_direct_memory,maintenance,2,362,990.4840725885887,857.7516755147857,657.8482382783387,0.012162758395027997
A1,90,4,1,M2_no_direct_memory,retrieval,0,234,1453.1847213832264,1447.8654294199441,2140.7153731652134,0.6989535372113669
A1,90,4,1,M2_no_direct_memory,retrieval,1,234,4265.673930779248,4405.826778388378,1526.4796528652812,0.0719958584427009
A1,90,4,1,M2_no_direct_memory,retrieval,2,234,237.415445427811,271.5790444666679,750.1014401770483,0.0029153691431299126
A1,91,4,-1,M2_no_direct_memory,encoding,0,205,261.87426576094174,263.9955303959482,296.37279273695697,0.12595641948672123
A1,91,4,-1,M2_no_direct_memory,encoding,1,205,10386.324750719243,10244.971230838913,13141.403401736354,0.17529993586642972
A1,91,4,-1,M2_no_direct_memory,encoding,2,205,12384.008873631477,12103.809475884327,15606.895921278854,0.15207080261090283
A1,91,4,-1,M2_no_direct_memory,maintenance,0,363,3448.3864112292686,3450.3853806467014,3450.1476868728955,1.658606675623509
A1,91,4,-1,M2_no_direct_memory,maintenance,1,363,173510.23603380655,173129.22906667835,171460.6296089844,2.9284981915079316
A1,91,4,-1,M2_no_direct_memory,maintenance,2,363,90957.3096209948,90526.76291910514,87071.41964465594,1.1169203138124855
A1,91,4,-1,M2_no_direct_memory,retrieval,0,327,11738.089602295211,11732.320563465251,13632.43141915486,5.645792394389335
A1,91,4,-1,M2_no_direct_memory,retrieval,1,327,548319.9588141567,548886.092433384,508753.36254031194,9.25452033528499
A1,91,4,-1,M2_no_direct_memory,retrieval,2,327,325648.2198213466,326178.5337791343,281315.8504067663,3.998833226168565
A1,92,4,1,M2_no_direct_memory,encoding,0,205,566.722550263056,569.5980525083152,524.8525713002567,0.27258250468444667
A1,92,4,1,M2_no_direct_memory,encoding,1,205,52982.40995131049,54223.05960806423,48104.16586370123,0.894234802919141
A1,92,4,1,M2_no_direct_memory,encoding,2,205,66950.22042250415,68787.68542495463,61559.25558638578,0.82212261461676
A1,92,4,1,M2_no_direct_memory,maintenance,0,362,4125.246551180574,4116.120338306428,4115.717634946231,1.9841632150330535
A1,92,4,1,M2_no_direct_memory,maintenance,1,362,226740.1124416952,224533.35145396602,222426.666745181,3.8269097224813575
A1,92,4,1,M2_no_direct_memory,maintenance,2,362,293700.4057960284,290254.92184129223,283107.93540590926,3.6065265207980173
A1,92,4,1,M2_no_direct_memory,retrieval,0,227,5093.374727909363,5083.083584408498,6356.249641417807,2.4498140050816017
A1,92,4,1,M2_no_direct_memory,retrieval,1,227,253265.6022341347,254471.3654529615,227391.94177017332,4.274605781582368
A1,92,4,1,M2_no_direct_memory,retrieval,2,227,307845.2854742547,309416.0884750918,265751.3327518677,3.7802201306340506
A1,93,4,1,M2_no_direct_memory,encoding,0,205,673.6268640894783,675.6122854966012,676.1249984999423,0.32400139671698064
A1,93,4,1,M2_no_direct_memory,encoding,1,205,1450.8335708504844,1468.3259805655316,1094.4737298899704,0.024487105692063103
A1,93,4,1,M2_no_direct_memory,encoding,2,205,1844.608410816374,1888.1636660707954,1438.1491563999207,0.022651072394896565
A1,93,4,1,M2_no_direct_memory,maintenance,0,363,1428.8642120412896,1423.8777546394151,1423.6888676447345,0.6872558460774081
A1,93,4,1,M2_no_direct_memory,maintenance,1,363,1414.2413098893237,1299.3894057704783,1178.003055399852,0.023869503108506787
A1,93,4,1,M2_no_direct_memory,maintenance,2,363,1426.292896504018,1282.6770841605608,973.3712290407899,0.017514320907135505
A1,93,4,1,M2_no_direct_memory,retrieval,0,308,185.54262526386296,185.53068183668023,338.1349760726215,0.0892423876492575
A1,93,4,1,M2_no_direct_memory,retrieval,1,308,3743.846813091823,3821.444086600255,1211.8550020599575,0.06318848312376196
A1,93,4,1,M2_no_direct_memory,retrieval,2,308,3580.0118667853462,3683.716730719541,529.0953246223146,0.04396115050416306
A1,94,4,1,M2_no_direct_memory,encoding,0,205,68.09216036780022,68.34358741900473,66.60988224985958,0.03275100243287416
A1,94,4,1,M2_no_direct_memory,encoding,1,205,917.9782530211039,752.7553393954781,1716.2412763509074,0.015493596892416925
A1,94,4,1,M2_no_direct_memory,encoding,2,205,182.9295122523356,112.06383943971292,465.5269764927156,0.002246303118262888
A1,94,4,1,M2_no_direct_memory,maintenance,0,362,461.0037919893418,461.54030269268395,461.5883842957905,0.22173384177346397
A1,94,4,1,M2_no_direct_memory,maintenance,1,362,1395.1174464558815,1539.572670195929,1631.784191900506,0.02354673137607385
A1,94,4,1,M2_no_direct_memory,maintenance,2,362,556.6857130842387,536.5515012471982,533.0501296758889,0.00683588360236039
A1,94,4,1,M2_no_direct_memory,retrieval,0,296,722.1956782741366,723.4837897928704,354.93587030024855,0.34736205002760395
A1,94,4,1,M2_no_direct_memory,retrieval,1,296,233.99874630098296,236.16735747653593,1122.2217750720813,0.003949420627979755
A1,94,4,1,M2_no_direct_memory,retrieval,2,296,514.6483334785273,555.6717006614595,466.9113701285868,0.006319680963818098
A1,95,4,-1,M2_no_direct_memory,encoding,0,205,514.7578961218111,514.4151076550883,529.0647947477444,0.2475885185190705
A1,95,4,-1,M2_no_direct_memory,encoding,1,205,8121.313753091825,7993.085709054065,10582.204626661256,0.13707117909726083
A1,95,4,-1,M2_no_direct_memory,encoding,2,205,522.5602427236778,504.4312135744521,737.9908330589917,0.006416836125880078
A1,95,4,-1,M2_no_direct_memory,maintenance,0,363,309.7176809047544,309.79916359559303,309.8144973952529,0.14896816999233434
A1,95,4,-1,M2_no_direct_memory,maintenance,1,363,24678.73084586455,24874.69055181754,25552.782720213803,0.4165265421963002
A1,95,4,-1,M2_no_direct_memory,maintenance,2,363,272.0892437915539,260.933834940652,252.86216196952577,0.003341149873792194
A1,95,4,-1,M2_no_direct_memory,retrieval,0,297,152.41727125788807,153.31874568179055,85.35357281097778,0.07330973778502248
A1,95,4,-1,M2_no_direct_memory,retrieval,1,297,1551.7685448190543,1488.1264185702332,4115.248227922197,0.02619068177773718
A1,95,4,-1,M2_no_direct_memory,retrieval,2,297,937.820892598763,882.608379209586,4829.546696546675,0.01151607506890835
A1,96,4,1,M2_no_direct_memory,encoding,0,205,329.14429892172643,329.79446019340867,329.520755367553,0.1583119947513038
A1,96,4,1,M2_no_direct_memory,encoding,1,205,1076.601415396514,1163.3919171457565,702.386711809424,0.018170831704414706
A1,96,4,1,M2_no_direct_memory,encoding,2,205,1247.0125648544356,1396.1879579589863,805.9664189528642,0.015312828304497683
A1,96,4,1,M2_no_direct_memory,maintenance,0,362,341.0836951670898,340.27784207590355,340.24933799467607,0.16405461171876096
A1,96,4,1,M2_no_direct_memory,maintenance,1,362,4166.778862515314,3883.8687404932257,3617.3701406548657,0.07032671179648484
A1,96,4,1,M2_no_direct_memory,maintenance,2,362,2281.002639254288,2005.8941617229643,1511.3483865423127,0.028009823446393432
A1,96,4,1,M2_no_direct_memory,retrieval,0,221,301.78277463717376,300.54812193750985,610.7729777545353,0.14515163468092057
A1,96,4,1,M2_no_direct_memory,retrieval,1,221,5382.123351185191,5567.840144639441,2242.6621504459717,0.09083924303663257
A1,96,4,1,M2_no_direct_memory,retrieval,2,221,1053.7423802144274,1153.92050175217,154.41255736145396,0.012939545759332248
A1,97,4,1,M2_no_direct_memory,encoding,0,205,4979.7689625640805,4988.813416099454,4836.711292645702,2.3951718454392212
A1,97,4,1,M2_no_direct_memory,encoding,1,205,76125.1793776242,77345.39127036819,70544.32231541353,1.2848374553081319
A1,97,4,1,M2_no_direct_memory,encoding,2,205,121046.90671388016,123249.16935192431,114006.40489834246,1.486408839446267
A1,97,4,1,M2_no_direct_memory,maintenance,0,363,14348.471581241496,14329.871035389833,14329.154174202622,6.9013352657186
A1,97,4,1,M2_no_direct_memory,maintenance,1,363,193143.2413165237,190874.28256617594,189206.41121819778,3.25986319785315
A1,97,4,1,M2_no_direct_memory,maintenance,2,363,310198.05489506194,306218.46299118607,299440.4196471904,3.8091112221886094
A1,97,4,1,M2_no_direct_memory,retrieval,0,207,492.142360994465,492.97012249997584,615.4422110731416,0.23671088676270285
A1,97,4,1,M2_no_direct_memory,retrieval,1,207,31827.366817136193,31300.789226582543,41616.995899879956,0.5371809081412503
A1,97,4,1,M2_no_direct_memory,retrieval,2,207,8480.201459757933,8163.868307161749,15084.492431130859,0.10413356897970148
A1,98,4,-1,M2_no_direct_memory,encoding,0,205,3072.977628373883,3069.9673769440246,2970.559651097448,1.4780423655148645
A1,98,4,-1,M2_no_direct_memory,encoding,1,205,67740.31948160013,68078.65578087654,61691.87079002767,1.1433181559120458
A1,98,4,-1,M2_no_direct_memory,encoding,2,205,119313.34478576577,120054.35632352524,110745.5071900253,1.465121374581366
A1,98,4,-1,M2_no_direct_memory,maintenance,0,362,60114.73879083108,60134.737468840074,60133.27396732427,28.91401808601051
A1,98,4,-1,M2_no_direct_memory,maintenance,1,362,961048.9108033351,960008.3443459499,955736.2364243566,16.220541574791433
A1,98,4,-1,M2_no_direct_memory,maintenance,2,362,859009.8136638021,857294.3347231051,845087.9950996236,10.54830573423116
A1,98,4,-1,M2_no_direct_memory,retrieval,0,275,117286.05063016547,117248.09464446577,123123.30330358478,56.41230515792559
A1,98,4,-1,M2_no_direct_memory,retrieval,1,275,1835085.2171864132,1836945.2061993978,1762843.074795759,30.97248820955023
A1,98,4,-1,M2_no_direct_memory,retrieval,2,275,1259574.405497127,1261439.834361359,1171496.7320142556,15.467082811927165
A1,99,4,-1,M2_no_direct_memory,encoding,0,205,177.07392198704542,176.30433413064475,155.46428968720696,0.08516910637687333
A1,99,4,-1,M2_no_direct_memory,encoding,1,205,3723.655311721779,3805.5217466820145,2362.1285724667255,0.06284769184482851
A1,99,4,-1,M2_no_direct_memory,encoding,2,205,1617.9388541174005,1704.3469455425147,819.0977954896262,0.019867658577415778
A1,99,4,-1,M2_no_direct_memory,maintenance,0,363,4730.303803708349,4734.849106677522,4734.520838570935,2.2751839645955263
A1,99,4,-1,M2_no_direct_memory,maintenance,1,363,20472.270600924632,20321.3556703771,19711.914122729697,0.3455300897590134
A1,99,4,-1,M2_no_direct_memory,maintenance,2,363,10541.614675684581,10369.822018411372,9172.291172878127,0.12944691988710944
A1,99,4,-1,M2_no_direct_memory,retrieval,0,318,3967.636652580483,3963.178957522784,5093.218562292994,1.9083559246693071
A1,99,4,-1,M2_no_direct_memory,retrieval,1,318,55247.32453560049,55427.0452626987,43240.12658677778,0.9324619324282081
A1,99,4,-1,M2_no_direct_memory,retrieval,2,318,22132.944359172154,22276.43562618028,11801.041690878119,0.27178393096990633
