scenario,simulation_id,choice,decision_time_s,correct,timeout
nominal,1,1,0.82421875,True,False
nominal,2,1,0.5390625,True,False
nominal,3,1,0.703125,True,False
nominal,4,1,0.65234375,True,False
nominal,5,1,0.76953125,True,False
nominal,6,1,1.375,True,False
nominal,7,1,0.8203125,True,False
nominal,8,1,1.26953125,True,False
nominal,9,1,0.41796875,True,False
nominal,10,1,0.69140625,True,False
nominal,11,1,0.36328125,True,False
nominal,12,1,0.9609375,True,False
nominal,13,1,1.60546875,True,False
nominal,14,1,0.484375,True,False
nominal,15,1,1.1484375,True,False
nominal,16,1,0.44921875,True,False
nominal,17,1,0.6796875,True,False
nominal,18,1,0.4609375,True,False
nominal,19,1,0.97265625,True,False
nominal,20,1,0.76171875,True,False
nominal,21,1,0.84765625,True,False
nominal,22,1,1.22265625,True,False
nominal,23,1,0.7109375,True,False
nominal,24,1,0.83984375,True,False
nominal,25,1,0.8046875,True,False
nominal,26,1,0.5390625,True,False
nominal,27,1,1.4765625,True,False
nominal,28,1,1.1171875,True,False
nominal,29,1,0.53125,True,False
nominal,30,1,0.99609375,True,False
nominal,31,1,0.5546875,True,False
nominal,32,1,0.57421875,True,False
nominal,33,1,1.171875,True,False
nominal,34,1,0.81640625,True,False
nominal,35,1,1.5390625,True,False
nominal,36,1,0.59765625,True,False
nominal,37,1,0.55859375,True,False
nominal,38,1,0.484375,True,False
nominal,39,1,0.73046875,True,False
nominal,40,1,0.94140625,True,False
nominal,41,1,0.5234375,True,False
nominal,42,1,0.47265625,True,False
nominal,43,1,0.91015625,True,False
nominal,44,1,1.1015625,True,False
nominal,45,1,0.69140625,True,False
nominal,46,1,0.52734375,True,False
nominal,47,1,0.484375,True,False
nominal,48,1,0.578125,True,False
nominal,49,1,0.80078125,True,False
nominal,50,1,0.7421875,True,False
nominal,51,1,0.83203125,True,False
nominal,52,1,1.3828125,True,False
nominal,53,1,0.98828125,True,False
nominal,54,1,0.7734375,True,False
nominal,55,1,1.0625,True,False
nominal,56,1,1.09375,True,False
nominal,57,1,1.08984375,True,False
nominal,58,1,0.89453125,True,False
nominal,59,1,0.55078125,True,False
nominal,60,1,0.7421875,True,False
nominal,61,1,1.1796875,True,False
nominal,62,1,0.9609375,True,False
nominal,63,1,1.03125,True,False
nominal,64,1,0.578125,True,False
nominal,65,1,0.92578125,True,False
nominal,66,1,0.39453125,True,False
nominal,67,1,1.46484375,True,False
nominal,68,1,0.77734375,True,False
nominal,69,1,0.82421875,True,False
nominal,70,1,0.4296875,True,False
nominal,71,1,0.82421875,True,False
nominal,72,1,1.28125,True,False
nominal,73,1,0.80859375,True,False
nominal,74,1,0.6484375,True,False
nominal,75,1,0.41015625,True,False
nominal,76,1,0.97265625,True,False
nominal,77,1,0.53125,True,False
nominal,78,1,1.0859375,True,False
nominal,79,1,0.73046875,True,False
nominal,80,1,0.49609375,True,False
nominal,81,1,0.89453125,True,False
nominal,82,1,0.2734375,True,False
nominal,83,1,1.0625,True,False
nominal,84,1,0.32421875,True,False
nominal,85,1,0.58984375,True,False
nominal,86,1,0.8515625,True,False
nominal,87,1,1.8828125,True,False
nominal,88,1,0.34765625,True,False
nominal,89,1,0.49609375,True,False
nominal,90,1,0.4609375,True,False
nominal,91,1,0.84375,True,False
nominal,92,1,0.37109375,True,False
nominal,93,1,1.94140625,True,False
nominal,94,1,1.1953125,True,False
nominal,95,1,0.7109375,True,False
nominal,96,1,1.10546875,True,False
nominal,97,1,1.09765625,True,False
nominal,98,1,0.55859375,True,False
nominal,99,1,0.6953125,True,False
nominal,100,1,0.6171875,True,False
nominal,101,1,0.59765625,True,False
nominal,102,1,0.93359375,True,False
nominal,103,1,0.5078125,True,False
nominal,104,1,1.6171875,True,False
nominal,105,1,0.4140625,True,False
nominal,106,1,1.51953125,True,False
nominal,107,1,0.76953125,True,False
nominal,108,0,,False,True
nominal,109,1,0.6015625,True,False
nominal,110,1,0.671875,True,False
nominal,111,1,0.28515625,True,False
nominal,112,1,1.3671875,True,False
nominal,113,1,0.6484375,True,False
nominal,114,1,0.8125,True,False
nominal,115,1,1.23046875,True,False
nominal,116,1,0.86328125,True,False
nominal,117,1,0.4296875,True,False
nominal,118,1,1.0859375,True,False
nominal,119,0,,False,True
nominal,120,1,0.43359375,True,False
nominal,121,1,0.60546875,True,False
nominal,122,1,0.984375,True,False
nominal,123,1,1.23046875,True,False
nominal,124,1,0.9140625,True,False
nominal,125,1,0.4609375,True,False
nominal,126,1,0.9140625,True,False
nominal,127,1,1.0546875,True,False
nominal,128,1,1.01171875,True,False
nominal,129,1,0.8203125,True,False
nominal,130,1,1.99609375,True,False
nominal,131,1,0.390625,True,False
nominal,132,1,0.37890625,True,False
nominal,133,1,0.7109375,True,False
nominal,134,1,0.4453125,True,False
nominal,135,1,0.4296875,True,False
nominal,136,1,0.48828125,True,False
nominal,137,1,1.03125,True,False
nominal,138,1,1.02734375,True,False
nominal,139,1,1.30859375,True,False
nominal,140,1,0.58984375,True,False
nominal,141,1,1.5703125,True,False
nominal,142,1,1.9375,True,False
nominal,143,1,0.67578125,True,False
nominal,144,1,0.578125,True,False
nominal,145,1,0.80078125,True,False
nominal,146,1,0.58203125,True,False
nominal,147,1,0.40625,True,False
nominal,148,1,0.9609375,True,False
nominal,149,1,0.5234375,True,False
nominal,150,1,0.796875,True,False
nominal,151,1,0.38671875,True,False
nominal,152,1,0.30078125,True,False
nominal,153,1,0.46484375,True,False
nominal,154,1,0.67578125,True,False
nominal,155,1,0.19140625,True,False
nominal,156,1,0.7734375,True,False
nominal,157,1,0.41015625,True,False
nominal,158,1,0.47265625,True,False
nominal,159,1,0.375,True,False
nominal,160,1,0.546875,True,False
nominal,161,1,0.37109375,True,False
nominal,162,1,0.2890625,True,False
nominal,163,1,0.6171875,True,False
nominal,164,1,0.62109375,True,False
nominal,165,1,0.66015625,True,False
nominal,166,1,0.87890625,True,False
nominal,167,1,0.46484375,True,False
nominal,168,1,0.57421875,True,False
nominal,169,1,0.9140625,True,False
nominal,170,1,0.859375,True,False
nominal,171,1,1.09765625,True,False
nominal,172,1,0.7890625,True,False
nominal,173,1,0.80078125,True,False
nominal,174,1,0.484375,True,False
nominal,175,1,0.67578125,True,False
nominal,176,1,1.0,True,False
nominal,177,1,0.78125,True,False
nominal,178,1,0.703125,True,False
nominal,179,1,1.171875,True,False
nominal,180,1,0.8671875,True,False
nominal,181,1,1.1953125,True,False
nominal,182,1,0.51171875,True,False
nominal,183,1,0.6015625,True,False
nominal,184,1,0.26953125,True,False
nominal,185,1,0.74609375,True,False
nominal,186,1,0.66015625,True,False
nominal,187,1,0.92578125,True,False
nominal,188,1,1.109375,True,False
nominal,189,1,0.75390625,True,False
nominal,190,1,0.77734375,True,False
nominal,191,1,0.734375,True,False
nominal,192,1,0.73046875,True,False
nominal,193,1,0.38671875,True,False
nominal,194,1,0.51171875,True,False
nominal,195,1,0.6328125,True,False
nominal,196,1,0.7421875,True,False
nominal,197,1,1.30078125,True,False
nominal,198,1,0.84375,True,False
nominal,199,1,0.8671875,True,False
nominal,200,1,0.703125,True,False
nominal,201,1,0.6640625,True,False
nominal,202,1,0.7578125,True,False
nominal,203,1,0.82421875,True,False
nominal,204,1,0.875,True,False
nominal,205,1,1.03515625,True,False
nominal,206,1,0.51171875,True,False
nominal,207,0,,False,True
nominal,208,1,1.0859375,True,False
nominal,209,1,0.48046875,True,False
nominal,210,1,0.671875,True,False
nominal,211,1,0.48828125,True,False
nominal,212,1,0.76953125,True,False
nominal,213,0,,False,True
nominal,214,1,0.23046875,True,False
nominal,215,1,0.75,True,False
nominal,216,1,0.79296875,True,False
nominal,217,1,0.66015625,True,False
nominal,218,1,1.1328125,True,False
nominal,219,1,0.37890625,True,False
nominal,220,1,0.4375,True,False
nominal,221,1,1.45703125,True,False
nominal,222,1,0.5859375,True,False
nominal,223,1,1.6015625,True,False
nominal,224,1,0.8828125,True,False
nominal,225,1,1.0390625,True,False
nominal,226,1,1.015625,True,False
nominal,227,1,0.71484375,True,False
nominal,228,1,0.76953125,True,False
nominal,229,1,1.29296875,True,False
nominal,230,1,1.59765625,True,False
nominal,231,1,0.66796875,True,False
nominal,232,1,0.5078125,True,False
nominal,233,1,0.89453125,True,False
nominal,234,1,0.4609375,True,False
nominal,235,1,1.70703125,True,False
nominal,236,1,0.34765625,True,False
nominal,237,1,0.5546875,True,False
nominal,238,1,1.1640625,True,False
nominal,239,1,1.2421875,True,False
nominal,240,1,0.4921875,True,False
nominal,241,1,0.43359375,True,False
nominal,242,1,1.171875,True,False
nominal,243,1,0.76953125,True,False
nominal,244,1,0.30859375,True,False
nominal,245,1,0.56640625,True,False
nominal,246,1,0.67578125,True,False
nominal,247,1,0.984375,True,False
nominal,248,1,0.54296875,True,False
nominal,249,1,0.6015625,True,False
nominal,250,1,0.80078125,True,False
nominal,251,1,1.015625,True,False
nominal,252,1,0.578125,True,False
nominal,253,1,0.55859375,True,False
nominal,254,1,0.90625,True,False
nominal,255,1,0.98828125,True,False
nominal,256,1,1.12109375,True,False
nominal,257,1,1.0703125,True,False
nominal,258,0,,False,True
nominal,259,1,1.875,True,False
nominal,260,1,0.66015625,True,False
nominal,261,1,0.79296875,True,False
nominal,262,1,0.68359375,True,False
nominal,263,1,0.9453125,True,False
nominal,264,1,0.5625,True,False
nominal,265,1,0.76171875,True,False
nominal,266,1,1.57421875,True,False
nominal,267,0,,False,True
nominal,268,1,0.9140625,True,False
nominal,269,1,1.46484375,True,False
nominal,270,1,0.921875,True,False
nominal,271,1,1.09765625,True,False
nominal,272,1,0.5078125,True,False
nominal,273,0,,False,True
nominal,274,1,0.87109375,True,False
nominal,275,1,1.01171875,True,False
nominal,276,1,1.046875,True,False
nominal,277,1,1.45703125,True,False
nominal,278,1,0.7265625,True,False
nominal,279,1,0.62890625,True,False
nominal,280,1,0.68359375,True,False
nominal,281,1,0.73046875,True,False
nominal,282,1,0.76171875,True,False
nominal,283,1,0.6484375,True,False
nominal,284,1,1.171875,True,False
nominal,285,1,0.36328125,True,False
nominal,286,1,0.76171875,True,False
nominal,287,1,0.76171875,True,False
nominal,288,1,0.3671875,True,False
nominal,289,1,0.7265625,True,False
nominal,290,1,0.42578125,True,False
nominal,291,1,0.5234375,True,False
nominal,292,1,1.05078125,True,False
nominal,293,1,1.1484375,True,False
nominal,294,1,0.453125,True,False
nominal,295,1,0.5859375,True,False
nominal,296,1,0.57421875,True,False
nominal,297,1,1.12109375,True,False
nominal,298,1,0.359375,True,False
nominal,299,1,0.640625,True,False
nominal,300,1,0.7734375,True,False
nominal,301,1,0.58984375,True,False
nominal,302,1,1.0078125,True,False
nominal,303,1,1.54296875,True,False
nominal,304,1,0.72265625,True,False
nominal,305,1,0.5546875,True,False
nominal,306,1,0.734375,True,False
nominal,307,1,0.41015625,True,False
nominal,308,1,0.546875,True,False
nominal,309,1,0.54296875,True,False
nominal,310,1,1.27734375,True,False
nominal,311,1,0.8046875,True,False
nominal,312,1,1.33984375,True,False
nominal,313,1,0.9140625,True,False
nominal,314,1,0.55859375,True,False
nominal,315,1,1.13671875,True,False
nominal,316,1,0.53515625,True,False
nominal,317,1,0.55859375,True,False
nominal,318,1,1.0546875,True,False
nominal,319,1,1.66015625,True,False
nominal,320,1,1.61328125,True,False
nominal,321,1,1.53125,True,False
nominal,322,1,0.71875,True,False
nominal,323,1,0.65625,True,False
nominal,324,1,0.86328125,True,False
nominal,325,1,1.265625,True,False
nominal,326,1,0.4375,True,False
nominal,327,1,0.9296875,True,False
nominal,328,1,0.56640625,True,False
nominal,329,1,0.82421875,True,False
nominal,330,1,0.4921875,True,False
nominal,331,1,1.21484375,True,False
nominal,332,1,0.48828125,True,False
nominal,333,1,1.0234375,True,False
nominal,334,1,0.70703125,True,False
nominal,335,1,0.70703125,True,False
nominal,336,1,0.18359375,True,False
nominal,337,1,0.92578125,True,False
nominal,338,1,0.625,True,False
nominal,339,1,0.890625,True,False
nominal,340,1,0.5625,True,False
nominal,341,1,0.70703125,True,False
nominal,342,1,1.11328125,True,False
nominal,343,1,1.44921875,True,False
nominal,344,1,0.63671875,True,False
nominal,345,1,1.57421875,True,False
nominal,346,1,0.66796875,True,False
nominal,347,1,0.6640625,True,False
nominal,348,1,0.6171875,True,False
nominal,349,1,0.67578125,True,False
nominal,350,1,0.8046875,True,False
nominal,351,1,0.578125,True,False
nominal,352,1,1.171875,True,False
nominal,353,1,0.69140625,True,False
nominal,354,1,0.671875,True,False
nominal,355,1,0.89453125,True,False
nominal,356,1,0.44921875,True,False
nominal,357,1,0.51171875,True,False
nominal,358,1,1.34765625,True,False
nominal,359,1,1.05859375,True,False
nominal,360,1,0.8046875,True,False
nominal,361,1,0.92578125,True,False
nominal,362,1,0.5390625,True,False
nominal,363,1,0.34375,True,False
nominal,364,1,1.5703125,True,False
nominal,365,1,1.30859375,True,False
nominal,366,1,0.4453125,True,False
nominal,367,1,0.578125,True,False
nominal,368,1,0.98046875,True,False
nominal,369,1,1.046875,True,False
nominal,370,1,0.44921875,True,False
nominal,371,1,0.5390625,True,False
nominal,372,1,1.93359375,True,False
nominal,373,1,0.8203125,True,False
nominal,374,1,0.50390625,True,False
nominal,375,1,0.7265625,True,False
nominal,376,1,0.765625,True,False
nominal,377,1,0.36328125,True,False
nominal,378,1,0.4609375,True,False
nominal,379,1,0.86328125,True,False
nominal,380,1,1.2578125,True,False
nominal,381,1,1.09375,True,False
nominal,382,1,0.28515625,True,False
nominal,383,1,0.4140625,True,False
nominal,384,1,0.7109375,True,False
nominal,385,1,0.875,True,False
nominal,386,1,0.5859375,True,False
nominal,387,1,0.6328125,True,False
nominal,388,1,0.58984375,True,False
nominal,389,1,0.56640625,True,False
nominal,390,1,0.66015625,True,False
nominal,391,1,0.26953125,True,False
nominal,392,1,1.0078125,True,False
nominal,393,1,0.52734375,True,False
nominal,394,1,0.6171875,True,False
nominal,395,1,0.4140625,True,False
nominal,396,1,0.52734375,True,False
nominal,397,1,0.5390625,True,False
nominal,398,1,0.91015625,True,False
nominal,399,1,0.91015625,True,False
nominal,400,1,0.49609375,True,False
nominal,401,1,0.75390625,True,False
nominal,402,1,0.88671875,True,False
nominal,403,1,1.5,True,False
nominal,404,1,0.46875,True,False
nominal,405,1,0.58203125,True,False
nominal,406,1,0.55859375,True,False
nominal,407,1,0.64453125,True,False
nominal,408,1,0.7421875,True,False
nominal,409,1,1.3984375,True,False
nominal,410,1,1.15234375,True,False
nominal,411,1,0.52734375,True,False
nominal,412,1,0.50390625,True,False
nominal,413,1,0.73046875,True,False
nominal,414,1,0.75,True,False
nominal,415,1,0.68359375,True,False
nominal,416,1,0.734375,True,False
nominal,417,1,1.2578125,True,False
nominal,418,1,0.96484375,True,False
nominal,419,1,0.4921875,True,False
nominal,420,1,0.7421875,True,False
nominal,421,1,0.48828125,True,False
nominal,422,1,0.453125,True,False
nominal,423,1,0.62890625,True,False
nominal,424,1,0.93359375,True,False
nominal,425,1,0.75,True,False
nominal,426,1,1.0078125,True,False
nominal,427,1,0.58203125,True,False
nominal,428,1,0.77734375,True,False
nominal,429,1,0.71875,True,False
nominal,430,1,0.765625,True,False
nominal,431,1,0.4765625,True,False
nominal,432,1,1.390625,True,False
nominal,433,1,0.5234375,True,False
nominal,434,1,0.8203125,True,False
nominal,435,0,,False,True
nominal,436,1,1.0703125,True,False
nominal,437,1,0.6875,True,False
nominal,438,1,0.3828125,True,False
nominal,439,1,1.01953125,True,False
nominal,440,1,1.078125,True,False
nominal,441,0,,False,True
nominal,442,1,1.3203125,True,False
nominal,443,1,0.67578125,True,False
nominal,444,1,1.11328125,True,False
nominal,445,1,0.83203125,True,False
nominal,446,1,0.8125,True,False
nominal,447,1,0.8828125,True,False
nominal,448,1,0.9609375,True,False
nominal,449,1,1.03125,True,False
nominal,450,1,1.16015625,True,False
nominal,451,1,0.859375,True,False
nominal,452,0,,False,True
nominal,453,1,1.05078125,True,False
nominal,454,1,0.5859375,True,False
nominal,455,1,0.79296875,True,False
nominal,456,1,0.953125,True,False
nominal,457,1,0.62890625,True,False
nominal,458,1,0.37890625,True,False
nominal,459,1,1.00390625,True,False
nominal,460,1,0.93359375,True,False
nominal,461,1,0.8828125,True,False
nominal,462,1,0.6484375,True,False
nominal,463,1,0.55078125,True,False
nominal,464,1,0.765625,True,False
nominal,465,1,1.30859375,True,False
nominal,466,1,0.67578125,True,False
nominal,467,1,0.53125,True,False
nominal,468,1,0.83203125,True,False
nominal,469,1,0.96484375,True,False
nominal,470,1,0.65625,True,False
nominal,471,1,1.296875,True,False
nominal,472,1,0.96875,True,False
nominal,473,1,0.8828125,True,False
nominal,474,1,0.9765625,True,False
nominal,475,1,1.21484375,True,False
nominal,476,1,1.03515625,True,False
nominal,477,1,0.3828125,True,False
nominal,478,1,0.78515625,True,False
nominal,479,1,1.04296875,True,False
nominal,480,1,1.02734375,True,False
nominal,481,1,0.796875,True,False
nominal,482,1,0.7265625,True,False
nominal,483,1,0.48046875,True,False
nominal,484,1,0.453125,True,False
nominal,485,1,0.38671875,True,False
nominal,486,1,0.703125,True,False
nominal,487,1,0.80859375,True,False
nominal,488,1,0.4765625,True,False
nominal,489,1,0.984375,True,False
nominal,490,1,1.33203125,True,False
nominal,491,1,0.73828125,True,False
nominal,492,1,0.37890625,True,False
nominal,493,1,0.4453125,True,False
nominal,494,1,0.6015625,True,False
nominal,495,1,0.50390625,True,False
nominal,496,1,0.703125,True,False
nominal,497,1,1.3671875,True,False
nominal,498,1,0.58984375,True,False
nominal,499,1,0.73828125,True,False
nominal,500,1,0.47265625,True,False
nominal,501,1,0.75390625,True,False
nominal,502,1,0.53515625,True,False
nominal,503,1,0.6171875,True,False
nominal,504,1,0.15625,True,False
nominal,505,1,0.56640625,True,False
nominal,506,1,1.06640625,True,False
nominal,507,1,1.25390625,True,False
nominal,508,1,0.7109375,True,False
nominal,509,1,0.921875,True,False
nominal,510,1,1.29296875,True,False
nominal,511,0,,False,True
nominal,512,1,0.37109375,True,False
nominal,513,1,0.875,True,False
nominal,514,1,1.0,True,False
nominal,515,1,0.86328125,True,False
nominal,516,1,0.75,True,False
nominal,517,1,0.93359375,True,False
nominal,518,1,0.95703125,True,False
nominal,519,1,0.48828125,True,False
nominal,520,1,0.5390625,True,False
nominal,521,1,0.5703125,True,False
nominal,522,1,0.76171875,True,False
nominal,523,1,0.60546875,True,False
nominal,524,1,0.3828125,True,False
nominal,525,1,0.671875,True,False
nominal,526,1,0.88671875,True,False
nominal,527,1,1.48828125,True,False
nominal,528,1,0.53515625,True,False
nominal,529,1,0.515625,True,False
nominal,530,1,0.80078125,True,False
nominal,531,1,0.953125,True,False
nominal,532,1,1.37890625,True,False
nominal,533,1,0.48046875,True,False
nominal,534,1,0.74609375,True,False
nominal,535,1,1.10546875,True,False
nominal,536,1,1.015625,True,False
nominal,537,1,0.44921875,True,False
nominal,538,1,0.5546875,True,False
nominal,539,1,0.59765625,True,False
nominal,540,1,0.8046875,True,False
nominal,541,1,0.8046875,True,False
nominal,542,1,0.73828125,True,False
nominal,543,1,1.00390625,True,False
nominal,544,1,0.72265625,True,False
nominal,545,1,1.015625,True,False
nominal,546,1,0.59765625,True,False
nominal,547,1,0.62109375,True,False
nominal,548,1,1.1953125,True,False
nominal,549,1,0.98046875,True,False
nominal,550,1,1.40625,True,False
nominal,551,1,1.12109375,True,False
nominal,552,1,0.75390625,True,False
nominal,553,1,0.8984375,True,False
nominal,554,1,0.6640625,True,False
nominal,555,1,0.5234375,True,False
nominal,556,1,0.5625,True,False
nominal,557,1,0.625,True,False
nominal,558,1,1.8359375,True,False
nominal,559,1,0.51953125,True,False
nominal,560,1,1.25,True,False
nominal,561,1,0.6796875,True,False
nominal,562,1,0.57421875,True,False
nominal,563,1,1.44921875,True,False
nominal,564,1,1.12109375,True,False
nominal,565,1,0.578125,True,False
nominal,566,1,1.09765625,True,False
nominal,567,1,1.9296875,True,False
nominal,568,1,0.42578125,True,False
nominal,569,1,0.9296875,True,False
nominal,570,1,0.73046875,True,False
nominal,571,1,0.75390625,True,False
nominal,572,1,0.42578125,True,False
nominal,573,1,1.62109375,True,False
nominal,574,1,0.5,True,False
nominal,575,1,0.76953125,True,False
nominal,576,1,0.83203125,True,False
nominal,577,1,0.8671875,True,False
nominal,578,1,0.71484375,True,False
nominal,579,1,1.03125,True,False
nominal,580,1,0.625,True,False
nominal,581,1,1.0390625,True,False
nominal,582,1,0.984375,True,False
nominal,583,1,1.4453125,True,False
nominal,584,1,0.55859375,True,False
nominal,585,1,1.04296875,True,False
nominal,586,1,0.9765625,True,False
nominal,587,1,0.2890625,True,False
nominal,588,1,0.5390625,True,False
nominal,589,1,1.3359375,True,False
nominal,590,1,0.50390625,True,False
nominal,591,1,0.62890625,True,False
nominal,592,1,0.53515625,True,False
nominal,593,1,1.05859375,True,False
nominal,594,1,0.9609375,True,False
nominal,595,1,1.234375,True,False
nominal,596,1,1.59375,True,False
nominal,597,1,1.36328125,True,False
nominal,598,1,1.390625,True,False
nominal,599,1,0.52734375,True,False
nominal,600,1,0.59765625,True,False
nominal,601,1,0.921875,True,False
nominal,602,1,1.296875,True,False
nominal,603,0,,False,True
nominal,604,1,0.8125,True,False
nominal,605,1,1.1640625,True,False
nominal,606,1,0.48046875,True,False
nominal,607,1,0.75390625,True,False
nominal,608,1,0.625,True,False
nominal,609,1,0.546875,True,False
nominal,610,1,0.5,True,False
nominal,611,1,1.4375,True,False
nominal,612,1,0.3828125,True,False
nominal,613,1,0.62109375,True,False
nominal,614,1,0.61328125,True,False
nominal,615,1,0.6484375,True,False
nominal,616,1,0.61328125,True,False
nominal,617,1,1.28515625,True,False
nominal,618,1,1.24609375,True,False
nominal,619,1,0.953125,True,False
nominal,620,1,1.0390625,True,False
nominal,621,1,1.41015625,True,False
nominal,622,1,1.3359375,True,False
nominal,623,1,0.48828125,True,False
nominal,624,1,0.73046875,True,False
nominal,625,1,1.57421875,True,False
nominal,626,1,0.83203125,True,False
nominal,627,1,1.2890625,True,False
nominal,628,1,0.94921875,True,False
nominal,629,1,0.6796875,True,False
nominal,630,1,0.3359375,True,False
nominal,631,1,1.0859375,True,False
nominal,632,1,0.6015625,True,False
nominal,633,1,0.7734375,True,False
nominal,634,1,1.015625,True,False
nominal,635,1,0.4140625,True,False
nominal,636,1,0.796875,True,False
nominal,637,1,0.55078125,True,False
nominal,638,1,0.4765625,True,False
nominal,639,1,0.3515625,True,False
nominal,640,1,0.9453125,True,False
nominal,641,1,1.203125,True,False
nominal,642,1,0.5546875,True,False
nominal,643,1,1.42578125,True,False
nominal,644,1,0.85546875,True,False
nominal,645,1,0.33203125,True,False
nominal,646,1,1.296875,True,False
nominal,647,1,0.49609375,True,False
nominal,648,1,0.7265625,True,False
nominal,649,1,1.10546875,True,False
nominal,650,1,0.56640625,True,False
nominal,651,1,1.1796875,True,False
nominal,652,1,0.8359375,True,False
nominal,653,1,0.609375,True,False
nominal,654,1,0.4296875,True,False
nominal,655,1,1.625,True,False
nominal,656,1,0.7265625,True,False
nominal,657,1,0.9375,True,False
nominal,658,1,0.8515625,True,False
nominal,659,1,1.78125,True,False
nominal,660,1,0.66796875,True,False
nominal,661,1,0.45703125,True,False
nominal,662,1,0.84375,True,False
nominal,663,1,0.83203125,True,False
nominal,664,1,1.30078125,True,False
nominal,665,1,0.89453125,True,False
nominal,666,1,0.93359375,True,False
nominal,667,1,1.3046875,True,False
nominal,668,1,0.99609375,True,False
nominal,669,1,0.74609375,True,False
nominal,670,1,1.38671875,True,False
nominal,671,1,0.40234375,True,False
nominal,672,1,0.625,True,False
nominal,673,1,1.44921875,True,False
nominal,674,1,0.7890625,True,False
nominal,675,1,0.8671875,True,False
nominal,676,1,0.79296875,True,False
nominal,677,1,1.07421875,True,False
nominal,678,1,0.80078125,True,False
nominal,679,1,1.21484375,True,False
nominal,680,1,1.42578125,True,False
nominal,681,1,1.24609375,True,False
nominal,682,1,0.8046875,True,False
nominal,683,1,0.7265625,True,False
nominal,684,1,1.01171875,True,False
nominal,685,1,1.8515625,True,False
nominal,686,1,0.42578125,True,False
nominal,687,1,0.765625,True,False
nominal,688,1,0.5703125,True,False
nominal,689,1,0.51953125,True,False
nominal,690,1,1.28125,True,False
nominal,691,1,0.7890625,True,False
nominal,692,1,1.03515625,True,False
nominal,693,1,0.75390625,True,False
nominal,694,1,0.5859375,True,False
nominal,695,1,0.94921875,True,False
nominal,696,1,0.37890625,True,False
nominal,697,1,1.03125,True,False
nominal,698,1,0.8046875,True,False
nominal,699,1,0.4453125,True,False
nominal,700,1,0.43359375,True,False
nominal,701,1,0.5078125,True,False
nominal,702,1,0.85546875,True,False
nominal,703,1,0.6875,True,False
nominal,704,1,0.515625,True,False
nominal,705,1,0.55859375,True,False
nominal,706,1,0.77734375,True,False
nominal,707,1,0.515625,True,False
nominal,708,1,0.53515625,True,False
nominal,709,1,0.58984375,True,False
nominal,710,1,0.40625,True,False
nominal,711,1,0.55078125,True,False
nominal,712,1,0.6875,True,False
nominal,713,1,0.4921875,True,False
nominal,714,1,0.96484375,True,False
nominal,715,1,0.71484375,True,False
nominal,716,1,0.51953125,True,False
nominal,717,1,0.56640625,True,False
nominal,718,1,0.73828125,True,False
nominal,719,1,0.6875,True,False
nominal,720,1,0.70703125,True,False
nominal,721,1,1.78125,True,False
nominal,722,1,0.671875,True,False
nominal,723,1,0.52734375,True,False
nominal,724,1,1.21484375,True,False
nominal,725,1,1.0703125,True,False
nominal,726,1,0.609375,True,False
nominal,727,1,0.84375,True,False
nominal,728,1,0.609375,True,False
nominal,729,1,0.59375,True,False
nominal,730,1,0.62890625,True,False
nominal,731,1,0.56640625,True,False
nominal,732,1,1.69140625,True,False
nominal,733,1,0.3671875,True,False
nominal,734,1,0.9296875,True,False
nominal,735,1,0.34765625,True,False
nominal,736,1,0.640625,True,False
nominal,737,1,0.78125,True,False
nominal,738,1,1.04296875,True,False
nominal,739,1,0.96484375,True,False
nominal,740,1,0.26171875,True,False
nominal,741,1,1.02734375,True,False
nominal,742,1,1.37890625,True,False
nominal,743,1,1.0859375,True,False
nominal,744,1,0.5234375,True,False
nominal,745,1,0.90625,True,False
nominal,746,1,0.703125,True,False
nominal,747,1,0.77734375,True,False
nominal,748,1,0.73828125,True,False
nominal,749,1,0.96875,True,False
nominal,750,1,0.84765625,True,False
nominal,751,1,0.95703125,True,False
nominal,752,1,0.3671875,True,False
nominal,753,1,1.265625,True,False
nominal,754,1,1.140625,True,False
nominal,755,1,0.4609375,True,False
nominal,756,1,0.5703125,True,False
nominal,757,1,1.9921875,True,False
nominal,758,1,1.25390625,True,False
nominal,759,1,0.3515625,True,False
nominal,760,1,1.64453125,True,False
nominal,761,1,1.03515625,True,False
nominal,762,1,0.6953125,True,False
nominal,763,1,0.703125,True,False
nominal,764,1,0.6953125,True,False
nominal,765,1,1.17578125,True,False
nominal,766,1,0.95703125,True,False
nominal,767,1,0.84765625,True,False
nominal,768,1,0.59765625,True,False
nominal,769,1,0.8984375,True,False
nominal,770,1,0.65625,True,False
nominal,771,1,0.9453125,True,False
nominal,772,1,0.52734375,True,False
nominal,773,1,1.015625,True,False
nominal,774,1,0.56640625,True,False
nominal,775,1,0.91015625,True,False
nominal,776,1,0.62890625,True,False
nominal,777,1,0.77734375,True,False
nominal,778,1,0.58203125,True,False
nominal,779,1,0.98046875,True,False
nominal,780,1,0.828125,True,False
nominal,781,1,1.2109375,True,False
nominal,782,1,0.70703125,True,False
nominal,783,1,0.71484375,True,False
nominal,784,1,1.359375,True,False
nominal,785,1,0.296875,True,False
nominal,786,1,0.7578125,True,False
nominal,787,1,0.875,True,False
nominal,788,1,0.5703125,True,False
nominal,789,1,0.90625,True,False
nominal,790,1,1.0546875,True,False
nominal,791,1,0.79296875,True,False
nominal,792,1,0.46484375,True,False
nominal,793,1,0.54296875,True,False
nominal,794,1,0.4609375,True,False
nominal,795,1,0.6484375,True,False
nominal,796,1,1.45703125,True,False
nominal,797,1,0.32421875,True,False
nominal,798,1,1.09375,True,False
nominal,799,1,0.80078125,True,False
nominal,800,1,0.6015625,True,False
nominal,801,1,0.6796875,True,False
nominal,802,1,0.359375,True,False
nominal,803,1,0.52734375,True,False
nominal,804,1,0.91015625,True,False
nominal,805,1,0.5703125,True,False
nominal,806,1,0.6796875,True,False
nominal,807,0,,False,True
nominal,808,1,0.796875,True,False
nominal,809,1,1.03515625,True,False
nominal,810,1,1.30859375,True,False
nominal,811,1,1.31640625,True,False
nominal,812,1,0.890625,True,False
nominal,813,1,0.68359375,True,False
nominal,814,1,0.83984375,True,False
nominal,815,1,0.9140625,True,False
nominal,816,1,0.453125,True,False
nominal,817,1,0.84765625,True,False
nominal,818,1,0.45703125,True,False
nominal,819,1,1.37890625,True,False
nominal,820,1,0.5078125,True,False
nominal,821,1,0.98828125,True,False
nominal,822,1,1.13671875,True,False
nominal,823,1,0.38671875,True,False
nominal,824,1,1.01171875,True,False
nominal,825,1,0.46484375,True,False
nominal,826,1,0.7265625,True,False
nominal,827,1,0.7734375,True,False
nominal,828,1,0.51171875,True,False
nominal,829,1,0.703125,True,False
nominal,830,1,1.16796875,True,False
nominal,831,1,0.28125,True,False
nominal,832,1,1.12109375,True,False
nominal,833,1,0.73046875,True,False
nominal,834,1,0.65234375,True,False
nominal,835,1,0.5703125,True,False
nominal,836,1,0.7265625,True,False
nominal,837,1,0.7421875,True,False
nominal,838,1,0.515625,True,False
nominal,839,1,1.12890625,True,False
nominal,840,1,0.55859375,True,False
nominal,841,1,0.6328125,True,False
nominal,842,1,0.37890625,True,False
nominal,843,1,0.8671875,True,False
nominal,844,1,0.66015625,True,False
nominal,845,1,0.95703125,True,False
nominal,846,1,1.3515625,True,False
nominal,847,1,0.91796875,True,False
nominal,848,1,0.8125,True,False
nominal,849,1,0.45703125,True,False
nominal,850,1,0.89453125,True,False
nominal,851,1,0.796875,True,False
nominal,852,1,0.625,True,False
nominal,853,1,0.81640625,True,False
nominal,854,1,0.47265625,True,False
nominal,855,1,0.94140625,True,False
nominal,856,1,0.81640625,True,False
nominal,857,0,,False,True
nominal,858,1,0.61328125,True,False
nominal,859,1,0.546875,True,False
nominal,860,1,1.28515625,True,False
nominal,861,0,,False,True
nominal,862,1,1.3671875,True,False
nominal,863,1,1.03515625,True,False
nominal,864,1,0.5546875,True,False
nominal,865,1,0.33984375,True,False
nominal,866,1,0.83984375,True,False
nominal,867,0,,False,True
nominal,868,1,1.265625,True,False
nominal,869,1,0.84375,True,False
nominal,870,1,0.953125,True,False
nominal,871,1,0.5234375,True,False
nominal,872,1,0.8203125,True,False
nominal,873,1,0.7109375,True,False
nominal,874,1,0.46484375,True,False
nominal,875,1,0.546875,True,False
nominal,876,1,1.34375,True,False
nominal,877,1,0.6015625,True,False
nominal,878,1,0.75,True,False
nominal,879,1,0.74609375,True,False
nominal,880,1,0.78515625,True,False
nominal,881,1,0.37890625,True,False
nominal,882,1,1.05859375,True,False
nominal,883,1,0.66015625,True,False
nominal,884,1,0.37890625,True,False
nominal,885,1,0.6171875,True,False
nominal,886,1,0.57421875,True,False
nominal,887,1,0.79296875,True,False
nominal,888,1,0.8828125,True,False
nominal,889,1,1.0625,True,False
nominal,890,1,0.97265625,True,False
nominal,891,1,1.21875,True,False
nominal,892,1,0.62109375,True,False
nominal,893,1,1.46484375,True,False
nominal,894,1,1.2890625,True,False
nominal,895,1,0.7734375,True,False
nominal,896,1,0.2578125,True,False
nominal,897,1,0.828125,True,False
nominal,898,1,1.69140625,True,False
nominal,899,1,0.23828125,True,False
nominal,900,1,1.31640625,True,False
nominal,901,1,0.5859375,True,False
nominal,902,1,0.92578125,True,False
nominal,903,1,1.87109375,True,False
nominal,904,1,0.8125,True,False
nominal,905,1,0.765625,True,False
nominal,906,1,0.59765625,True,False
nominal,907,1,1.10546875,True,False
nominal,908,1,0.59765625,True,False
nominal,909,1,0.921875,True,False
nominal,910,1,0.88671875,True,False
nominal,911,1,0.52734375,True,False
nominal,912,0,,False,True
nominal,913,1,1.3125,True,False
nominal,914,1,1.18359375,True,False
nominal,915,1,0.62890625,True,False
nominal,916,1,0.73046875,True,False
nominal,917,1,1.12109375,True,False
nominal,918,1,0.921875,True,False
nominal,919,1,1.12890625,True,False
nominal,920,1,1.4609375,True,False
nominal,921,1,0.7265625,True,False
nominal,922,1,1.265625,True,False
nominal,923,1,0.4140625,True,False
nominal,924,1,0.99609375,True,False
nominal,925,1,0.59765625,True,False
nominal,926,1,0.3671875,True,False
nominal,927,1,0.5625,True,False
nominal,928,1,0.5546875,True,False
nominal,929,1,1.85546875,True,False
nominal,930,1,1.19921875,True,False
nominal,931,1,0.87890625,True,False
nominal,932,1,0.65625,True,False
nominal,933,0,,False,True
nominal,934,1,0.45703125,True,False
nominal,935,1,0.84765625,True,False
nominal,936,1,0.5078125,True,False
nominal,937,1,0.79296875,True,False
nominal,938,1,0.55078125,True,False
nominal,939,1,0.5078125,True,False
nominal,940,1,0.55859375,True,False
nominal,941,1,0.6796875,True,False
nominal,942,1,0.96484375,True,False
nominal,943,1,1.0,True,False
nominal,944,1,0.9296875,True,False
nominal,945,1,0.37109375,True,False
nominal,946,1,0.7109375,True,False
nominal,947,1,0.8125,True,False
nominal,948,1,1.0859375,True,False
nominal,949,1,1.046875,True,False
nominal,950,1,1.3046875,True,False
nominal,951,1,0.671875,True,False
nominal,952,1,1.95703125,True,False
nominal,953,1,0.88671875,True,False
nominal,954,1,1.421875,True,False
nominal,955,1,1.015625,True,False
nominal,956,1,0.93359375,True,False
nominal,957,1,0.7265625,True,False
nominal,958,1,0.84765625,True,False
nominal,959,1,1.0546875,True,False
nominal,960,1,0.5390625,True,False
nominal,961,1,0.8203125,True,False
nominal,962,1,0.3984375,True,False
nominal,963,1,1.265625,True,False
nominal,964,1,0.62890625,True,False
nominal,965,1,0.5703125,True,False
nominal,966,1,0.43359375,True,False
nominal,967,1,1.39453125,True,False
nominal,968,1,1.0703125,True,False
nominal,969,1,0.55078125,True,False
nominal,970,1,0.70703125,True,False
nominal,971,1,0.72265625,True,False
nominal,972,1,0.3515625,True,False
nominal,973,1,0.453125,True,False
nominal,974,1,1.1015625,True,False
nominal,975,1,0.81640625,True,False
nominal,976,1,0.73828125,True,False
nominal,977,1,1.1953125,True,False
nominal,978,1,0.5078125,True,False
nominal,979,1,1.25390625,True,False
nominal,980,1,0.7265625,True,False
nominal,981,1,1.359375,True,False
nominal,982,1,1.87890625,True,False
nominal,983,1,0.3828125,True,False
nominal,984,1,0.98046875,True,False
nominal,985,1,1.3984375,True,False
nominal,986,1,1.32421875,True,False
nominal,987,1,0.515625,True,False
nominal,988,1,1.203125,True,False
nominal,989,1,0.41796875,True,False
nominal,990,1,0.83203125,True,False
nominal,991,1,1.21484375,True,False
nominal,992,1,1.28125,True,False
nominal,993,-1,0.32421875,False,False
nominal,994,1,0.89453125,True,False
nominal,995,1,0.546875,True,False
nominal,996,1,1.1953125,True,False
nominal,997,1,0.87890625,True,False
nominal,998,1,1.29296875,True,False
nominal,999,1,0.9765625,True,False
nominal,1000,1,0.81640625,True,False
nominal,1001,1,0.703125,True,False
nominal,1002,1,0.4765625,True,False
nominal,1003,1,0.546875,True,False
nominal,1004,1,1.21875,True,False
nominal,1005,1,0.3203125,True,False
nominal,1006,1,1.08984375,True,False
nominal,1007,1,0.50390625,True,False
nominal,1008,1,0.8984375,True,False
nominal,1009,1,0.7265625,True,False
nominal,1010,1,0.73828125,True,False
nominal,1011,1,0.78515625,True,False
nominal,1012,1,0.69921875,True,False
nominal,1013,1,0.9921875,True,False
nominal,1014,1,1.02734375,True,False
nominal,1015,1,1.046875,True,False
nominal,1016,1,0.8671875,True,False
nominal,1017,1,0.52734375,True,False
nominal,1018,1,0.69921875,True,False
nominal,1019,1,1.78125,True,False
nominal,1020,1,0.6953125,True,False
nominal,1021,1,0.875,True,False
nominal,1022,1,0.6796875,True,False
nominal,1023,1,0.74609375,True,False
nominal,1024,1,0.55859375,True,False
nominal,1025,1,0.50390625,True,False
nominal,1026,1,0.9609375,True,False
nominal,1027,1,0.6484375,True,False
nominal,1028,1,0.34375,True,False
nominal,1029,1,1.2109375,True,False
nominal,1030,1,0.62109375,True,False
nominal,1031,1,1.12109375,True,False
nominal,1032,1,0.3125,True,False
nominal,1033,1,0.8125,True,False
nominal,1034,1,0.58203125,True,False
nominal,1035,0,,False,True
nominal,1036,1,0.7578125,True,False
nominal,1037,0,,False,True
nominal,1038,1,0.87890625,True,False
nominal,1039,1,1.625,True,False
nominal,1040,1,0.78125,True,False
nominal,1041,1,1.6015625,True,False
nominal,1042,1,1.00390625,True,False
nominal,1043,1,0.74609375,True,False
nominal,1044,1,1.578125,True,False
nominal,1045,1,0.5234375,True,False
nominal,1046,1,0.65625,True,False
nominal,1047,1,1.125,True,False
nominal,1048,1,0.54296875,True,False
nominal,1049,1,1.12890625,True,False
nominal,1050,1,0.44921875,True,False
nominal,1051,1,0.3515625,True,False
nominal,1052,1,1.2265625,True,False
nominal,1053,1,0.47265625,True,False
nominal,1054,1,0.3671875,True,False
nominal,1055,1,0.703125,True,False
nominal,1056,1,0.99609375,True,False
nominal,1057,1,0.68359375,True,False
nominal,1058,1,0.609375,True,False
nominal,1059,1,1.9375,True,False
nominal,1060,1,0.6484375,True,False
nominal,1061,1,0.6875,True,False
nominal,1062,1,0.8125,True,False
nominal,1063,1,0.70703125,True,False
nominal,1064,1,0.8671875,True,False
nominal,1065,1,1.51953125,True,False
nominal,1066,1,0.8046875,True,False
nominal,1067,1,0.640625,True,False
nominal,1068,1,0.48046875,True,False
nominal,1069,1,0.3984375,True,False
nominal,1070,1,1.7734375,True,False
nominal,1071,1,0.97265625,True,False
nominal,1072,1,0.51953125,True,False
nominal,1073,1,0.953125,True,False
nominal,1074,1,1.05078125,True,False
nominal,1075,1,1.1640625,True,False
nominal,1076,1,1.09375,True,False
nominal,1077,1,0.81640625,True,False
nominal,1078,1,0.43359375,True,False
nominal,1079,1,0.375,True,False
nominal,1080,1,0.5390625,True,False
nominal,1081,1,0.49609375,True,False
nominal,1082,1,0.94140625,True,False
nominal,1083,1,1.0859375,True,False
nominal,1084,1,0.6796875,True,False
nominal,1085,1,1.1484375,True,False
nominal,1086,1,1.203125,True,False
nominal,1087,1,0.71484375,True,False
nominal,1088,1,1.5703125,True,False
nominal,1089,1,1.16015625,True,False
nominal,1090,1,1.91796875,True,False
nominal,1091,1,1.3046875,True,False
nominal,1092,1,0.78125,True,False
nominal,1093,1,1.0390625,True,False
nominal,1094,1,1.046875,True,False
nominal,1095,1,0.890625,True,False
nominal,1096,1,0.72265625,True,False
nominal,1097,1,0.55859375,True,False
nominal,1098,1,0.578125,True,False
nominal,1099,1,0.93359375,True,False
nominal,1100,1,0.94140625,True,False
nominal,1101,1,0.9609375,True,False
nominal,1102,1,0.54296875,True,False
nominal,1103,1,1.140625,True,False
nominal,1104,1,1.26953125,True,False
nominal,1105,1,0.6953125,True,False
nominal,1106,1,0.50390625,True,False
nominal,1107,1,0.46875,True,False
nominal,1108,1,0.80078125,True,False
nominal,1109,1,1.61328125,True,False
nominal,1110,1,0.51171875,True,False
nominal,1111,1,0.80859375,True,False
nominal,1112,1,1.35546875,True,False
nominal,1113,1,1.6015625,True,False
nominal,1114,1,0.42578125,True,False
nominal,1115,1,0.30859375,True,False
nominal,1116,1,0.56640625,True,False
nominal,1117,1,0.58203125,True,False
nominal,1118,1,0.82421875,True,False
nominal,1119,1,0.8046875,True,False
nominal,1120,1,0.81640625,True,False
nominal,1121,1,0.62109375,True,False
nominal,1122,1,0.3515625,True,False
nominal,1123,1,0.44140625,True,False
nominal,1124,1,0.87890625,True,False
nominal,1125,1,1.0234375,True,False
nominal,1126,1,0.92578125,True,False
nominal,1127,1,1.015625,True,False
nominal,1128,1,1.08203125,True,False
nominal,1129,1,0.6171875,True,False
nominal,1130,1,0.8359375,True,False
nominal,1131,1,1.48828125,True,False
nominal,1132,1,0.90625,True,False
nominal,1133,1,0.65625,True,False
nominal,1134,1,0.6640625,True,False
nominal,1135,1,0.43359375,True,False
nominal,1136,1,1.38671875,True,False
nominal,1137,1,0.4765625,True,False
nominal,1138,1,0.921875,True,False
nominal,1139,1,1.58984375,True,False
nominal,1140,1,0.5625,True,False
nominal,1141,1,0.3828125,True,False
nominal,1142,1,0.80078125,True,False
nominal,1143,1,1.984375,True,False
nominal,1144,1,0.68359375,True,False
nominal,1145,1,0.6953125,True,False
nominal,1146,1,0.65625,True,False
nominal,1147,1,0.6796875,True,False
nominal,1148,1,1.08984375,True,False
nominal,1149,1,0.265625,True,False
nominal,1150,1,0.50390625,True,False
nominal,1151,1,1.2265625,True,False
nominal,1152,1,0.8984375,True,False
nominal,1153,1,0.71484375,True,False
nominal,1154,1,1.7109375,True,False
nominal,1155,1,0.875,True,False
nominal,1156,1,0.4453125,True,False
nominal,1157,1,0.6015625,True,False
nominal,1158,1,0.53515625,True,False
nominal,1159,1,1.59375,True,False
nominal,1160,1,0.71875,True,False
nominal,1161,1,0.5859375,True,False
nominal,1162,1,1.5546875,True,False
nominal,1163,1,0.96484375,True,False
nominal,1164,1,0.93359375,True,False
nominal,1165,1,1.62109375,True,False
nominal,1166,1,1.90234375,True,False
nominal,1167,1,1.19921875,True,False
nominal,1168,1,1.0625,True,False
nominal,1169,1,1.84375,True,False
nominal,1170,1,0.6640625,True,False
nominal,1171,1,1.08984375,True,False
nominal,1172,1,0.49609375,True,False
nominal,1173,1,1.36328125,True,False
nominal,1174,1,0.89453125,True,False
nominal,1175,1,0.91015625,True,False
nominal,1176,1,0.359375,True,False
nominal,1177,1,0.45703125,True,False
nominal,1178,1,1.11328125,True,False
nominal,1179,1,0.48046875,True,False
nominal,1180,1,0.81640625,True,False
nominal,1181,1,0.4375,True,False
nominal,1182,1,0.77734375,True,False
nominal,1183,1,0.85546875,True,False
nominal,1184,1,1.10546875,True,False
nominal,1185,1,0.90234375,True,False
nominal,1186,1,0.28125,True,False
nominal,1187,1,0.73828125,True,False
nominal,1188,1,1.0703125,True,False
nominal,1189,1,0.56640625,True,False
nominal,1190,1,0.5234375,True,False
nominal,1191,1,1.41796875,True,False
nominal,1192,1,0.99609375,True,False
nominal,1193,1,0.9296875,True,False
nominal,1194,1,0.66015625,True,False
nominal,1195,1,0.55859375,True,False
nominal,1196,1,0.3828125,True,False
nominal,1197,1,0.9453125,True,False
nominal,1198,1,0.70703125,True,False
nominal,1199,1,1.11328125,True,False
nominal,1200,1,1.08203125,True,False
nominal,1201,1,1.046875,True,False
nominal,1202,1,0.4296875,True,False
nominal,1203,1,0.81640625,True,False
nominal,1204,1,0.6484375,True,False
nominal,1205,1,0.91015625,True,False
nominal,1206,1,0.83984375,True,False
nominal,1207,1,1.20703125,True,False
nominal,1208,1,0.9296875,True,False
nominal,1209,1,1.0625,True,False
nominal,1210,1,0.94140625,True,False
nominal,1211,1,0.99609375,True,False
nominal,1212,1,0.65625,True,False
nominal,1213,1,1.4453125,True,False
nominal,1214,1,1.02734375,True,False
nominal,1215,1,0.73046875,True,False
nominal,1216,1,0.49609375,True,False
nominal,1217,1,1.33203125,True,False
nominal,1218,1,1.09375,True,False
nominal,1219,1,0.58984375,True,False
nominal,1220,1,0.3984375,True,False
nominal,1221,1,1.1796875,True,False
nominal,1222,1,0.5234375,True,False
nominal,1223,1,1.44140625,True,False
nominal,1224,1,0.47265625,True,False
nominal,1225,1,1.03125,True,False
nominal,1226,1,0.6796875,True,False
nominal,1227,1,0.86328125,True,False
nominal,1228,1,0.92578125,True,False
nominal,1229,1,1.51953125,True,False
nominal,1230,0,,False,True
nominal,1231,1,0.38671875,True,False
nominal,1232,1,1.35546875,True,False
nominal,1233,1,0.36328125,True,False
nominal,1234,1,1.43359375,True,False
nominal,1235,1,1.47265625,True,False
nominal,1236,1,1.1015625,True,False
nominal,1237,1,0.61328125,True,False
nominal,1238,1,1.0625,True,False
nominal,1239,1,0.9375,True,False
nominal,1240,1,1.23046875,True,False
nominal,1241,1,0.640625,True,False
nominal,1242,1,1.08203125,True,False
nominal,1243,1,0.8515625,True,False
nominal,1244,1,1.0390625,True,False
nominal,1245,1,0.546875,True,False
nominal,1246,1,0.93359375,True,False
nominal,1247,1,0.80078125,True,False
nominal,1248,1,0.84765625,True,False
nominal,1249,1,0.390625,True,False
nominal,1250,1,1.14453125,True,False
nominal,1251,1,0.96484375,True,False
nominal,1252,1,1.34375,True,False
nominal,1253,1,0.59765625,True,False
nominal,1254,1,0.59375,True,False
nominal,1255,1,0.66796875,True,False
nominal,1256,1,0.6875,True,False
nominal,1257,1,0.7578125,True,False
nominal,1258,1,0.5078125,True,False
nominal,1259,1,1.16015625,True,False
nominal,1260,1,0.5,True,False
nominal,1261,1,0.484375,True,False
nominal,1262,1,1.6171875,True,False
nominal,1263,1,0.796875,True,False
nominal,1264,1,0.97265625,True,False
nominal,1265,1,0.6953125,True,False
nominal,1266,1,0.890625,True,False
nominal,1267,1,0.51953125,True,False
nominal,1268,1,0.3828125,True,False
nominal,1269,1,0.8203125,True,False
nominal,1270,1,1.9609375,True,False
nominal,1271,1,0.79296875,True,False
nominal,1272,1,0.6171875,True,False
nominal,1273,1,0.83203125,True,False
nominal,1274,1,0.63671875,True,False
nominal,1275,1,0.359375,True,False
nominal,1276,1,1.3125,True,False
nominal,1277,1,0.47265625,True,False
nominal,1278,1,0.67578125,True,False
nominal,1279,1,1.171875,True,False
nominal,1280,1,0.89453125,True,False
nominal,1281,1,1.64453125,True,False
nominal,1282,1,0.94921875,True,False
nominal,1283,1,0.65625,True,False
nominal,1284,1,0.77734375,True,False
nominal,1285,1,0.6796875,True,False
nominal,1286,1,0.5625,True,False
nominal,1287,1,0.31640625,True,False
nominal,1288,1,0.5859375,True,False
nominal,1289,1,0.87109375,True,False
nominal,1290,1,0.5859375,True,False
nominal,1291,1,0.83203125,True,False
nominal,1292,1,1.4296875,True,False
nominal,1293,1,1.375,True,False
nominal,1294,1,0.80859375,True,False
nominal,1295,1,1.3203125,True,False
nominal,1296,1,0.67578125,True,False
nominal,1297,1,0.390625,True,False
nominal,1298,1,1.5390625,True,False
nominal,1299,1,0.61328125,True,False
nominal,1300,1,0.703125,True,False
nominal,1301,1,1.05859375,True,False
nominal,1302,1,1.71484375,True,False
nominal,1303,1,1.30078125,True,False
nominal,1304,1,0.72265625,True,False
nominal,1305,1,0.609375,True,False
nominal,1306,1,1.01953125,True,False
nominal,1307,1,0.9140625,True,False
nominal,1308,1,0.33984375,True,False
nominal,1309,1,1.14453125,True,False
nominal,1310,1,0.83203125,True,False
nominal,1311,1,0.33984375,True,False
nominal,1312,1,0.95703125,True,False
nominal,1313,1,1.33203125,True,False
nominal,1314,1,0.91796875,True,False
nominal,1315,1,0.39453125,True,False
nominal,1316,1,0.890625,True,False
nominal,1317,1,0.890625,True,False
nominal,1318,1,1.01171875,True,False
nominal,1319,1,0.57421875,True,False
nominal,1320,1,1.265625,True,False
nominal,1321,1,0.95703125,True,False
nominal,1322,1,1.26953125,True,False
nominal,1323,1,0.6015625,True,False
nominal,1324,1,1.89453125,True,False
nominal,1325,1,0.7421875,True,False
nominal,1326,1,1.046875,True,False
nominal,1327,1,1.08203125,True,False
nominal,1328,1,0.41796875,True,False
nominal,1329,1,0.96484375,True,False
nominal,1330,1,1.1953125,True,False
nominal,1331,1,0.578125,True,False
nominal,1332,1,0.68359375,True,False
nominal,1333,1,0.65234375,True,False
nominal,1334,1,1.0546875,True,False
nominal,1335,1,0.671875,True,False
nominal,1336,1,0.43359375,True,False
nominal,1337,1,0.60546875,True,False
nominal,1338,1,0.95703125,True,False
nominal,1339,1,0.91796875,True,False
nominal,1340,1,0.8125,True,False
nominal,1341,1,0.66015625,True,False
nominal,1342,1,0.7890625,True,False
nominal,1343,1,0.94140625,True,False
nominal,1344,1,1.0703125,True,False
nominal,1345,1,0.875,True,False
nominal,1346,1,1.43359375,True,False
nominal,1347,1,0.609375,True,False
nominal,1348,1,0.5859375,True,False
nominal,1349,1,0.90234375,True,False
nominal,1350,1,0.57421875,True,False
nominal,1351,1,0.43359375,True,False
nominal,1352,1,1.171875,True,False
nominal,1353,1,1.18359375,True,False
nominal,1354,1,0.90234375,True,False
nominal,1355,1,0.75,True,False
nominal,1356,1,0.7578125,True,False
nominal,1357,1,0.7421875,True,False
nominal,1358,1,0.59375,True,False
nominal,1359,1,0.30078125,True,False
nominal,1360,1,0.98046875,True,False
nominal,1361,1,0.4765625,True,False
nominal,1362,1,0.80859375,True,False
nominal,1363,1,0.47265625,True,False
nominal,1364,1,0.87890625,True,False
nominal,1365,1,1.15625,True,False
nominal,1366,1,0.79296875,True,False
nominal,1367,1,0.84375,True,False
nominal,1368,1,0.5703125,True,False
nominal,1369,1,1.2734375,True,False
nominal,1370,1,0.671875,True,False
nominal,1371,1,1.2890625,True,False
nominal,1372,1,0.90625,True,False
nominal,1373,0,,False,True
nominal,1374,1,0.44140625,True,False
nominal,1375,1,0.703125,True,False
nominal,1376,1,0.69921875,True,False
nominal,1377,1,0.76171875,True,False
nominal,1378,1,0.85546875,True,False
nominal,1379,1,0.6015625,True,False
nominal,1380,1,0.4921875,True,False
nominal,1381,1,0.73828125,True,False
nominal,1382,1,0.75,True,False
nominal,1383,1,0.52734375,True,False
nominal,1384,1,0.46484375,True,False
nominal,1385,1,0.6015625,True,False
nominal,1386,1,0.6953125,True,False
nominal,1387,1,0.5,True,False
nominal,1388,1,0.6171875,True,False
nominal,1389,1,0.59765625,True,False
nominal,1390,1,0.39453125,True,False
nominal,1391,1,0.671875,True,False
nominal,1392,1,0.54296875,True,False
nominal,1393,1,1.14453125,True,False
nominal,1394,1,0.5234375,True,False
nominal,1395,1,0.76171875,True,False
nominal,1396,1,0.38671875,True,False
nominal,1397,1,0.9140625,True,False
nominal,1398,1,0.8046875,True,False
nominal,1399,1,0.75,True,False
nominal,1400,1,0.66015625,True,False
nominal,1401,1,0.81640625,True,False
nominal,1402,1,0.66015625,True,False
nominal,1403,1,0.63671875,True,False
nominal,1404,1,0.7734375,True,False
nominal,1405,1,0.51953125,True,False
nominal,1406,1,0.71875,True,False
nominal,1407,1,0.6015625,True,False
nominal,1408,1,0.3046875,True,False
nominal,1409,1,0.62890625,True,False
nominal,1410,1,0.9609375,True,False
nominal,1411,1,0.98828125,True,False
nominal,1412,1,1.15625,True,False
nominal,1413,1,0.22265625,True,False
nominal,1414,1,0.54296875,True,False
nominal,1415,1,0.7578125,True,False
nominal,1416,1,1.51953125,True,False
nominal,1417,1,1.51171875,True,False
nominal,1418,1,0.9609375,True,False
nominal,1419,1,1.27734375,True,False
nominal,1420,1,0.6171875,True,False
nominal,1421,1,0.68359375,True,False
nominal,1422,1,0.70703125,True,False
nominal,1423,1,0.609375,True,False
nominal,1424,1,0.60546875,True,False
nominal,1425,1,0.6796875,True,False
nominal,1426,1,0.765625,True,False
nominal,1427,1,0.86328125,True,False
nominal,1428,1,0.5078125,True,False
nominal,1429,1,0.265625,True,False
nominal,1430,1,0.98828125,True,False
nominal,1431,1,0.38671875,True,False
nominal,1432,1,0.84375,True,False
nominal,1433,1,0.71875,True,False
nominal,1434,1,1.04296875,True,False
nominal,1435,1,0.4296875,True,False
nominal,1436,1,0.7734375,True,False
nominal,1437,1,0.90625,True,False
nominal,1438,1,0.80859375,True,False
nominal,1439,1,0.7265625,True,False
nominal,1440,1,0.38671875,True,False
nominal,1441,1,0.6171875,True,False
nominal,1442,1,0.90234375,True,False
nominal,1443,1,1.55078125,True,False
nominal,1444,1,0.50390625,True,False
nominal,1445,1,0.95703125,True,False
nominal,1446,1,0.33984375,True,False
nominal,1447,1,0.3984375,True,False
nominal,1448,1,0.71484375,True,False
nominal,1449,1,0.921875,True,False
nominal,1450,1,1.11328125,True,False
nominal,1451,1,1.46875,True,False
nominal,1452,1,0.70703125,True,False
nominal,1453,1,1.23828125,True,False
nominal,1454,1,0.65234375,True,False
nominal,1455,1,0.73046875,True,False
nominal,1456,1,0.7421875,True,False
nominal,1457,1,0.81640625,True,False
nominal,1458,1,1.3515625,True,False
nominal,1459,1,1.8203125,True,False
nominal,1460,1,0.75390625,True,False
nominal,1461,1,0.328125,True,False
nominal,1462,1,0.44140625,True,False
nominal,1463,1,0.76953125,True,False
nominal,1464,1,0.63671875,True,False
nominal,1465,1,0.94921875,True,False
nominal,1466,1,0.53515625,True,False
nominal,1467,1,0.6484375,True,False
nominal,1468,1,1.42578125,True,False
nominal,1469,1,0.6640625,True,False
nominal,1470,1,1.30078125,True,False
nominal,1471,1,0.9921875,True,False
nominal,1472,1,0.28515625,True,False
nominal,1473,1,0.75,True,False
nominal,1474,1,0.71484375,True,False
nominal,1475,1,0.390625,True,False
nominal,1476,1,1.1953125,True,False
nominal,1477,1,0.90234375,True,False
nominal,1478,1,0.875,True,False
nominal,1479,1,0.51953125,True,False
nominal,1480,1,1.01953125,True,False
nominal,1481,1,1.0234375,True,False
nominal,1482,1,1.8046875,True,False
nominal,1483,1,0.83203125,True,False
nominal,1484,1,1.23046875,True,False
nominal,1485,1,0.359375,True,False
nominal,1486,1,0.69140625,True,False
nominal,1487,1,1.140625,True,False
nominal,1488,1,0.8984375,True,False
nominal,1489,1,1.3203125,True,False
nominal,1490,1,1.4921875,True,False
nominal,1491,1,0.9921875,True,False
nominal,1492,1,0.95703125,True,False
nominal,1493,0,,False,True
nominal,1494,1,0.39453125,True,False
nominal,1495,1,1.1484375,True,False
nominal,1496,1,0.51171875,True,False
nominal,1497,1,0.65234375,True,False
nominal,1498,1,1.23828125,True,False
nominal,1499,1,0.46875,True,False
nominal,1500,1,0.52734375,True,False
nominal,1501,1,1.53125,True,False
nominal,1502,1,0.85546875,True,False
nominal,1503,1,0.765625,True,False
nominal,1504,1,0.5,True,False
nominal,1505,1,1.5078125,True,False
nominal,1506,1,0.6484375,True,False
nominal,1507,1,1.01171875,True,False
nominal,1508,1,0.5859375,True,False
nominal,1509,1,0.74609375,True,False
nominal,1510,1,0.82421875,True,False
nominal,1511,1,0.734375,True,False
nominal,1512,1,0.74609375,True,False
nominal,1513,1,1.25,True,False
nominal,1514,1,0.93359375,True,False
nominal,1515,1,1.08203125,True,False
nominal,1516,1,0.53515625,True,False
nominal,1517,1,1.16015625,True,False
nominal,1518,1,0.796875,True,False
nominal,1519,1,0.66796875,True,False
nominal,1520,1,0.828125,True,False
nominal,1521,1,0.546875,True,False
nominal,1522,1,0.87890625,True,False
nominal,1523,1,0.72265625,True,False
nominal,1524,1,0.69921875,True,False
nominal,1525,1,1.05859375,True,False
nominal,1526,1,0.64453125,True,False
nominal,1527,1,0.57421875,True,False
nominal,1528,1,0.45703125,True,False
nominal,1529,1,1.78125,True,False
nominal,1530,1,0.43359375,True,False
nominal,1531,1,0.69921875,True,False
nominal,1532,1,1.14453125,True,False
nominal,1533,1,0.3828125,True,False
nominal,1534,1,1.1015625,True,False
nominal,1535,1,0.36328125,True,False
nominal,1536,1,0.3828125,True,False
nominal,1537,1,1.140625,True,False
nominal,1538,1,1.47265625,True,False
nominal,1539,1,0.69921875,True,False
nominal,1540,1,1.32421875,True,False
nominal,1541,1,0.3515625,True,False
nominal,1542,1,0.8671875,True,False
nominal,1543,1,0.8046875,True,False
nominal,1544,1,0.71484375,True,False
nominal,1545,1,0.53515625,True,False
nominal,1546,1,1.00390625,True,False
nominal,1547,1,0.94921875,True,False
nominal,1548,1,0.62890625,True,False
nominal,1549,1,0.8828125,True,False
nominal,1550,1,1.22265625,True,False
nominal,1551,1,0.78125,True,False
nominal,1552,1,0.5,True,False
nominal,1553,1,0.51171875,True,False
nominal,1554,1,0.6328125,True,False
nominal,1555,1,1.08984375,True,False
nominal,1556,1,0.67578125,True,False
nominal,1557,1,0.81640625,True,False
nominal,1558,1,0.37890625,True,False
nominal,1559,1,0.43359375,True,False
nominal,1560,1,1.0078125,True,False
nominal,1561,1,0.96875,True,False
nominal,1562,1,0.62109375,True,False
nominal,1563,1,0.67578125,True,False
nominal,1564,1,1.2265625,True,False
nominal,1565,1,0.7734375,True,False
nominal,1566,1,0.8359375,True,False
nominal,1567,1,1.25,True,False
nominal,1568,1,0.36328125,True,False
nominal,1569,1,0.62890625,True,False
nominal,1570,1,0.75,True,False
nominal,1571,1,1.1796875,True,False
nominal,1572,1,1.03125,True,False
nominal,1573,1,0.62109375,True,False
nominal,1574,1,0.765625,True,False
nominal,1575,1,1.2421875,True,False
nominal,1576,1,0.90234375,True,False
nominal,1577,1,0.67578125,True,False
nominal,1578,1,0.46484375,True,False
nominal,1579,1,0.4140625,True,False
nominal,1580,1,0.69921875,True,False
nominal,1581,1,0.6953125,True,False
nominal,1582,1,1.8125,True,False
nominal,1583,1,0.75,True,False
nominal,1584,1,0.43359375,True,False
nominal,1585,1,0.51953125,True,False
nominal,1586,1,0.67578125,True,False
nominal,1587,1,1.140625,True,False
nominal,1588,1,1.171875,True,False
nominal,1589,1,0.71484375,True,False
nominal,1590,1,1.87890625,True,False
nominal,1591,0,,False,True
nominal,1592,1,1.4375,True,False
nominal,1593,1,0.609375,True,False
nominal,1594,1,0.56640625,True,False
nominal,1595,1,1.8203125,True,False
nominal,1596,1,1.51171875,True,False
nominal,1597,1,1.109375,True,False
nominal,1598,1,1.13671875,True,False
nominal,1599,1,0.8515625,True,False
nominal,1600,1,0.53515625,True,False
nominal,1601,1,1.734375,True,False
nominal,1602,1,0.59765625,True,False
nominal,1603,1,0.5,True,False
nominal,1604,1,0.76953125,True,False
nominal,1605,1,1.109375,True,False
nominal,1606,1,0.48828125,True,False
nominal,1607,1,1.42578125,True,False
nominal,1608,1,0.89453125,True,False
nominal,1609,1,0.50390625,True,False
nominal,1610,1,0.49609375,True,False
nominal,1611,1,0.6015625,True,False
nominal,1612,1,0.70703125,True,False
nominal,1613,1,0.44921875,True,False
nominal,1614,1,0.99609375,True,False
nominal,1615,1,0.84375,True,False
nominal,1616,1,0.8515625,True,False
nominal,1617,1,0.54296875,True,False
nominal,1618,1,0.69140625,True,False
nominal,1619,1,0.7578125,True,False
nominal,1620,1,1.421875,True,False
nominal,1621,1,1.62109375,True,False
nominal,1622,1,1.578125,True,False
nominal,1623,1,1.0625,True,False
nominal,1624,1,1.14453125,True,False
nominal,1625,1,0.6875,True,False
nominal,1626,1,0.91015625,True,False
nominal,1627,1,1.60546875,True,False
nominal,1628,1,0.7265625,True,False
nominal,1629,1,0.546875,True,False
nominal,1630,1,1.15234375,True,False
nominal,1631,0,,False,True
nominal,1632,1,0.50390625,True,False
nominal,1633,1,1.0625,True,False
nominal,1634,1,0.3203125,True,False
nominal,1635,1,1.34765625,True,False
nominal,1636,1,0.80078125,True,False
nominal,1637,1,0.92578125,True,False
nominal,1638,1,0.60546875,True,False
nominal,1639,1,0.97265625,True,False
nominal,1640,1,0.3359375,True,False
nominal,1641,1,0.88671875,True,False
nominal,1642,1,0.69921875,True,False
nominal,1643,1,0.76953125,True,False
nominal,1644,1,0.54296875,True,False
nominal,1645,1,0.75,True,False
nominal,1646,1,0.83203125,True,False
nominal,1647,1,0.91015625,True,False
nominal,1648,1,1.03515625,True,False
nominal,1649,1,0.40625,True,False
nominal,1650,1,1.15234375,True,False
nominal,1651,1,0.8671875,True,False
nominal,1652,1,0.60546875,True,False
nominal,1653,1,0.5390625,True,False
nominal,1654,1,0.4453125,True,False
nominal,1655,1,0.6953125,True,False
nominal,1656,1,1.0703125,True,False
nominal,1657,1,0.7421875,True,False
nominal,1658,1,0.5078125,True,False
nominal,1659,1,0.64453125,True,False
nominal,1660,1,1.01953125,True,False
nominal,1661,1,1.078125,True,False
nominal,1662,1,0.3515625,True,False
nominal,1663,1,0.640625,True,False
nominal,1664,1,0.85546875,True,False
nominal,1665,1,0.95703125,True,False
nominal,1666,0,,False,True
nominal,1667,1,0.4375,True,False
nominal,1668,1,0.6640625,True,False
nominal,1669,1,0.80078125,True,False
nominal,1670,1,1.171875,True,False
nominal,1671,1,1.3671875,True,False
nominal,1672,1,0.28515625,True,False
nominal,1673,1,0.265625,True,False
nominal,1674,1,1.1015625,True,False
nominal,1675,1,1.24609375,True,False
nominal,1676,1,0.73046875,True,False
nominal,1677,1,1.2109375,True,False
nominal,1678,0,,False,True
nominal,1679,1,1.375,True,False
nominal,1680,1,0.55859375,True,False
nominal,1681,1,0.625,True,False
nominal,1682,1,0.58203125,True,False
nominal,1683,1,0.6171875,True,False
nominal,1684,1,1.06640625,True,False
nominal,1685,1,0.94140625,True,False
nominal,1686,1,0.78515625,True,False
nominal,1687,1,0.9375,True,False
nominal,1688,1,0.3515625,True,False
nominal,1689,1,1.03515625,True,False
nominal,1690,0,,False,True
nominal,1691,1,1.0234375,True,False
nominal,1692,1,1.13671875,True,False
nominal,1693,1,0.85546875,True,False
nominal,1694,1,0.76953125,True,False
nominal,1695,1,0.6171875,True,False
nominal,1696,1,0.33984375,True,False
nominal,1697,1,0.32421875,True,False
nominal,1698,1,0.37109375,True,False
nominal,1699,1,0.546875,True,False
nominal,1700,1,0.83203125,True,False
nominal,1701,1,0.89453125,True,False
nominal,1702,1,0.5625,True,False
nominal,1703,1,1.00390625,True,False
nominal,1704,1,0.5703125,True,False
nominal,1705,1,0.44921875,True,False
nominal,1706,1,1.09765625,True,False
nominal,1707,1,0.88671875,True,False
nominal,1708,1,0.80859375,True,False
nominal,1709,1,1.3671875,True,False
nominal,1710,1,0.671875,True,False
nominal,1711,1,0.67578125,True,False
nominal,1712,1,0.953125,True,False
nominal,1713,1,0.93359375,True,False
nominal,1714,1,0.6875,True,False
nominal,1715,1,1.1953125,True,False
nominal,1716,1,0.9140625,True,False
nominal,1717,1,0.5078125,True,False
nominal,1718,1,1.03515625,True,False
nominal,1719,1,0.9140625,True,False
nominal,1720,1,0.88671875,True,False
nominal,1721,1,0.95703125,True,False
nominal,1722,1,0.3828125,True,False
nominal,1723,1,0.6328125,True,False
nominal,1724,1,1.86328125,True,False
nominal,1725,1,0.51171875,True,False
nominal,1726,1,1.83984375,True,False
nominal,1727,1,0.484375,True,False
nominal,1728,1,0.83203125,True,False
nominal,1729,1,0.8671875,True,False
nominal,1730,1,0.91015625,True,False
nominal,1731,1,0.62109375,True,False
nominal,1732,0,,False,True
nominal,1733,1,0.484375,True,False
nominal,1734,1,0.94921875,True,False
nominal,1735,1,0.70703125,True,False
nominal,1736,1,1.15625,True,False
nominal,1737,1,0.7265625,True,False
nominal,1738,1,0.75,True,False
nominal,1739,1,0.41796875,True,False
nominal,1740,1,1.203125,True,False
nominal,1741,1,0.66015625,True,False
nominal,1742,1,1.09765625,True,False
nominal,1743,1,0.44921875,True,False
nominal,1744,1,1.51171875,True,False
nominal,1745,1,1.1328125,True,False
nominal,1746,1,0.62109375,True,False
nominal,1747,0,,False,True
nominal,1748,1,0.9375,True,False
nominal,1749,1,0.3515625,True,False
nominal,1750,1,1.671875,True,False
nominal,1751,1,0.80078125,True,False
nominal,1752,1,0.71875,True,False
nominal,1753,1,0.421875,True,False
nominal,1754,1,0.73828125,True,False
nominal,1755,1,0.3203125,True,False
nominal,1756,1,0.82421875,True,False
nominal,1757,1,0.58203125,True,False
nominal,1758,1,0.91015625,True,False
nominal,1759,1,0.73046875,True,False
nominal,1760,1,0.75390625,True,False
nominal,1761,1,1.22265625,True,False
nominal,1762,1,0.5234375,True,False
nominal,1763,1,1.23046875,True,False
nominal,1764,1,1.1875,True,False
nominal,1765,1,0.42578125,True,False
nominal,1766,1,0.796875,True,False
nominal,1767,1,1.54296875,True,False
nominal,1768,1,0.5390625,True,False
nominal,1769,0,,False,True
nominal,1770,1,0.9453125,True,False
nominal,1771,1,0.48046875,True,False
nominal,1772,1,0.49609375,True,False
nominal,1773,1,1.296875,True,False
nominal,1774,1,1.8359375,True,False
nominal,1775,1,0.5859375,True,False
nominal,1776,1,0.9296875,True,False
nominal,1777,1,0.79296875,True,False
nominal,1778,1,1.125,True,False
nominal,1779,1,0.40234375,True,False
nominal,1780,1,1.09765625,True,False
nominal,1781,1,0.5390625,True,False
nominal,1782,1,1.18359375,True,False
nominal,1783,1,0.69140625,True,False
nominal,1784,1,1.30859375,True,False
nominal,1785,1,0.46484375,True,False
nominal,1786,1,1.20703125,True,False
nominal,1787,1,0.91015625,True,False
nominal,1788,1,1.17578125,True,False
nominal,1789,1,0.80859375,True,False
nominal,1790,1,0.5859375,True,False
nominal,1791,1,1.734375,True,False
nominal,1792,1,1.83203125,True,False
nominal,1793,1,0.46875,True,False
nominal,1794,1,1.0078125,True,False
nominal,1795,1,0.78515625,True,False
nominal,1796,1,0.640625,True,False
nominal,1797,1,0.6640625,True,False
nominal,1798,1,1.234375,True,False
nominal,1799,1,0.69921875,True,False
nominal,1800,1,1.01171875,True,False
nominal,1801,1,1.625,True,False
nominal,1802,1,1.49609375,True,False
nominal,1803,1,0.8828125,True,False
nominal,1804,1,1.12890625,True,False
nominal,1805,1,1.96484375,True,False
nominal,1806,1,0.8046875,True,False
nominal,1807,1,0.90234375,True,False
nominal,1808,1,1.11328125,True,False
nominal,1809,1,1.19921875,True,False
nominal,1810,1,0.6640625,True,False
nominal,1811,1,1.80859375,True,False
nominal,1812,1,1.3359375,True,False
nominal,1813,1,0.56640625,True,False
nominal,1814,1,1.484375,True,False
nominal,1815,1,1.65625,True,False
nominal,1816,1,0.640625,True,False
nominal,1817,1,0.76171875,True,False
nominal,1818,1,0.83203125,True,False
nominal,1819,1,0.93359375,True,False
nominal,1820,1,1.3671875,True,False
nominal,1821,0,,False,True
nominal,1822,1,0.61328125,True,False
nominal,1823,1,1.203125,True,False
nominal,1824,1,1.04296875,True,False
nominal,1825,1,1.23046875,True,False
nominal,1826,1,0.41015625,True,False
nominal,1827,1,0.703125,True,False
nominal,1828,1,0.52734375,True,False
nominal,1829,1,0.796875,True,False
nominal,1830,1,0.359375,True,False
nominal,1831,1,0.9765625,True,False
nominal,1832,1,0.62890625,True,False
nominal,1833,1,0.921875,True,False
nominal,1834,1,0.671875,True,False
nominal,1835,1,0.34375,True,False
nominal,1836,1,1.07421875,True,False
nominal,1837,0,,False,True
nominal,1838,1,0.6171875,True,False
nominal,1839,1,0.63671875,True,False
nominal,1840,1,1.08203125,True,False
nominal,1841,1,0.96875,True,False
nominal,1842,1,1.07421875,True,False
nominal,1843,1,0.96875,True,False
nominal,1844,1,0.64453125,True,False
nominal,1845,1,1.5859375,True,False
nominal,1846,1,0.4609375,True,False
nominal,1847,1,0.87890625,True,False
nominal,1848,1,0.8046875,True,False
nominal,1849,1,0.6328125,True,False
nominal,1850,1,0.859375,True,False
nominal,1851,1,1.15625,True,False
nominal,1852,1,1.125,True,False
nominal,1853,1,1.453125,True,False
nominal,1854,1,0.89453125,True,False
nominal,1855,1,0.65234375,True,False
nominal,1856,1,1.125,True,False
nominal,1857,-1,0.328125,False,False
nominal,1858,1,0.85546875,True,False
nominal,1859,1,0.8359375,True,False
nominal,1860,1,0.41015625,True,False
nominal,1861,1,0.46484375,True,False
nominal,1862,1,0.44140625,True,False
nominal,1863,1,1.78515625,True,False
nominal,1864,0,,False,True
nominal,1865,0,,False,True
nominal,1866,1,0.76171875,True,False
nominal,1867,1,1.1953125,True,False
nominal,1868,1,0.65625,True,False
nominal,1869,1,1.48828125,True,False
nominal,1870,1,0.765625,True,False
nominal,1871,1,0.73046875,True,False
nominal,1872,1,0.484375,True,False
nominal,1873,0,,False,True
nominal,1874,1,0.99609375,True,False
nominal,1875,1,0.875,True,False
nominal,1876,1,0.5625,True,False
nominal,1877,1,0.296875,True,False
nominal,1878,1,1.27734375,True,False
nominal,1879,1,0.703125,True,False
nominal,1880,1,0.56640625,True,False
nominal,1881,1,1.0,True,False
nominal,1882,1,0.9921875,True,False
nominal,1883,1,0.68359375,True,False
nominal,1884,1,0.80859375,True,False
nominal,1885,1,0.515625,True,False
nominal,1886,0,,False,True
nominal,1887,1,0.50390625,True,False
nominal,1888,1,0.671875,True,False
nominal,1889,1,1.171875,True,False
nominal,1890,1,0.59375,True,False
nominal,1891,1,0.44921875,True,False
nominal,1892,1,0.92578125,True,False
nominal,1893,0,,False,True
nominal,1894,1,1.37890625,True,False
nominal,1895,1,0.62890625,True,False
nominal,1896,1,0.3359375,True,False
nominal,1897,1,0.30078125,True,False
nominal,1898,1,0.71875,True,False
nominal,1899,1,0.49609375,True,False
nominal,1900,1,0.46875,True,False
nominal,1901,1,0.484375,True,False
nominal,1902,1,0.8671875,True,False
nominal,1903,1,0.765625,True,False
nominal,1904,1,0.80859375,True,False
nominal,1905,1,0.99609375,True,False
nominal,1906,1,0.625,True,False
nominal,1907,1,0.3671875,True,False
nominal,1908,1,1.1875,True,False
nominal,1909,1,0.71875,True,False
nominal,1910,1,0.34375,True,False
nominal,1911,1,0.6328125,True,False
nominal,1912,1,0.734375,True,False
nominal,1913,1,0.6953125,True,False
nominal,1914,1,1.3515625,True,False
nominal,1915,1,0.7734375,True,False
nominal,1916,1,1.88671875,True,False
nominal,1917,1,0.640625,True,False
nominal,1918,1,1.1953125,True,False
nominal,1919,1,0.89453125,True,False
nominal,1920,1,0.33203125,True,False
nominal,1921,1,0.77734375,True,False
nominal,1922,1,1.06640625,True,False
nominal,1923,1,1.12109375,True,False
nominal,1924,1,0.4921875,True,False
nominal,1925,1,1.578125,True,False
nominal,1926,1,0.65625,True,False
nominal,1927,1,1.078125,True,False
nominal,1928,1,0.765625,True,False
nominal,1929,1,0.9609375,True,False
nominal,1930,1,0.62109375,True,False
nominal,1931,1,0.62109375,True,False
nominal,1932,1,0.45703125,True,False
nominal,1933,1,0.38671875,True,False
nominal,1934,1,0.8203125,True,False
nominal,1935,1,0.62109375,True,False
nominal,1936,1,0.5625,True,False
nominal,1937,1,0.6484375,True,False
nominal,1938,1,0.5234375,True,False
nominal,1939,1,0.9296875,True,False
nominal,1940,1,0.84765625,True,False
nominal,1941,1,1.0703125,True,False
nominal,1942,1,0.6796875,True,False
nominal,1943,1,0.65625,True,False
nominal,1944,1,1.0703125,True,False
nominal,1945,1,0.43359375,True,False
nominal,1946,1,0.87109375,True,False
nominal,1947,1,0.62890625,True,False
nominal,1948,1,1.17578125,True,False
nominal,1949,1,0.8046875,True,False
nominal,1950,1,0.546875,True,False
nominal,1951,1,0.359375,True,False
nominal,1952,1,1.51171875,True,False
nominal,1953,1,0.3984375,True,False
nominal,1954,1,1.1171875,True,False
nominal,1955,1,0.578125,True,False
nominal,1956,1,0.92578125,True,False
nominal,1957,1,1.1171875,True,False
nominal,1958,1,0.73828125,True,False
nominal,1959,1,0.7265625,True,False
nominal,1960,1,1.62890625,True,False
nominal,1961,1,0.61328125,True,False
nominal,1962,1,1.02734375,True,False
nominal,1963,1,0.8984375,True,False
nominal,1964,1,1.1796875,True,False
nominal,1965,1,0.60546875,True,False
nominal,1966,1,0.6015625,True,False
nominal,1967,1,0.484375,True,False
nominal,1968,1,1.46484375,True,False
nominal,1969,1,0.66015625,True,False
nominal,1970,1,0.98828125,True,False
nominal,1971,1,0.8671875,True,False
nominal,1972,1,0.91015625,True,False
nominal,1973,1,0.703125,True,False
nominal,1974,1,0.703125,True,False
nominal,1975,1,1.07421875,True,False
nominal,1976,1,1.7578125,True,False
nominal,1977,1,0.54296875,True,False
nominal,1978,1,0.7578125,True,False
nominal,1979,1,1.328125,True,False
nominal,1980,1,0.8203125,True,False
nominal,1981,1,1.4140625,True,False
nominal,1982,1,0.37890625,True,False
nominal,1983,1,0.9375,True,False
nominal,1984,1,1.00390625,True,False
nominal,1985,1,1.6796875,True,False
nominal,1986,1,1.109375,True,False
nominal,1987,1,1.125,True,False
nominal,1988,1,0.66796875,True,False
nominal,1989,1,0.71875,True,False
nominal,1990,1,0.96484375,True,False
nominal,1991,0,,False,True
nominal,1992,1,0.6171875,True,False
nominal,1993,1,0.43359375,True,False
nominal,1994,1,0.84375,True,False
nominal,1995,1,1.3203125,True,False
nominal,1996,1,0.8046875,True,False
nominal,1997,1,0.79296875,True,False
nominal,1998,1,0.4921875,True,False
nominal,1999,1,0.640625,True,False
nominal,2000,1,0.8203125,True,False
nominal,2001,1,0.99609375,True,False
nominal,2002,1,0.54296875,True,False
nominal,2003,1,0.28125,True,False
nominal,2004,1,1.2734375,True,False
nominal,2005,1,0.765625,True,False
nominal,2006,1,1.06640625,True,False
nominal,2007,1,0.59375,True,False
nominal,2008,1,1.1171875,True,False
nominal,2009,1,0.66015625,True,False
nominal,2010,1,1.0625,True,False
nominal,2011,1,0.65234375,True,False
nominal,2012,1,1.76171875,True,False
nominal,2013,1,0.65234375,True,False
nominal,2014,1,0.80078125,True,False
nominal,2015,1,1.3984375,True,False
nominal,2016,1,0.9375,True,False
nominal,2017,1,0.6015625,True,False
nominal,2018,1,0.7578125,True,False
nominal,2019,1,0.93359375,True,False
nominal,2020,1,0.9921875,True,False
nominal,2021,1,1.8671875,True,False
nominal,2022,1,1.171875,True,False
nominal,2023,1,0.90625,True,False
nominal,2024,1,0.92578125,True,False
nominal,2025,1,0.67578125,True,False
nominal,2026,1,0.890625,True,False
nominal,2027,1,1.140625,True,False
nominal,2028,1,1.00390625,True,False
nominal,2029,1,0.7265625,True,False
nominal,2030,1,1.33984375,True,False
nominal,2031,1,1.25390625,True,False
nominal,2032,1,1.984375,True,False
nominal,2033,1,0.40234375,True,False
nominal,2034,0,,False,True
nominal,2035,1,0.9765625,True,False
nominal,2036,1,0.80078125,True,False
nominal,2037,1,0.57421875,True,False
nominal,2038,1,1.0703125,True,False
nominal,2039,1,1.046875,True,False
nominal,2040,1,0.6796875,True,False
nominal,2041,1,1.0703125,True,False
nominal,2042,1,0.72265625,True,False
nominal,2043,1,0.9765625,True,False
nominal,2044,1,0.765625,True,False
nominal,2045,1,0.71875,True,False
nominal,2046,1,1.234375,True,False
nominal,2047,1,0.70703125,True,False
nominal,2048,1,1.46484375,True,False
nominal,2049,1,0.54296875,True,False
nominal,2050,1,0.98828125,True,False
nominal,2051,1,1.2421875,True,False
nominal,2052,1,0.88671875,True,False
nominal,2053,1,0.59375,True,False
nominal,2054,1,1.30859375,True,False
nominal,2055,1,0.58203125,True,False
nominal,2056,1,0.46875,True,False
nominal,2057,1,0.8125,True,False
nominal,2058,1,0.44140625,True,False
nominal,2059,1,0.59375,True,False
nominal,2060,1,0.71484375,True,False
nominal,2061,1,0.6171875,True,False
nominal,2062,1,0.54296875,True,False
nominal,2063,1,0.70703125,True,False
nominal,2064,1,0.64453125,True,False
nominal,2065,1,1.2265625,True,False
nominal,2066,1,0.68359375,True,False
nominal,2067,1,0.3203125,True,False
nominal,2068,1,0.625,True,False
nominal,2069,1,0.79296875,True,False
nominal,2070,1,0.75,True,False
nominal,2071,1,0.87109375,True,False
nominal,2072,1,0.5546875,True,False
nominal,2073,1,0.80859375,True,False
nominal,2074,1,1.05078125,True,False
nominal,2075,1,0.63671875,True,False
nominal,2076,1,0.5859375,True,False
nominal,2077,1,0.80859375,True,False
nominal,2078,0,,False,True
nominal,2079,1,0.796875,True,False
nominal,2080,1,1.0234375,True,False
nominal,2081,1,0.96484375,True,False
nominal,2082,1,0.5078125,True,False
nominal,2083,1,0.83203125,True,False
nominal,2084,1,0.58203125,True,False
nominal,2085,1,0.46875,True,False
nominal,2086,1,0.91796875,True,False
nominal,2087,1,0.53125,True,False
nominal,2088,1,0.6328125,True,False
nominal,2089,1,0.703125,True,False
nominal,2090,1,0.40625,True,False
nominal,2091,1,0.76171875,True,False
nominal,2092,1,0.59765625,True,False
nominal,2093,1,0.91796875,True,False
nominal,2094,1,1.9765625,True,False
nominal,2095,1,0.60546875,True,False
nominal,2096,1,0.45703125,True,False
nominal,2097,1,0.46484375,True,False
nominal,2098,1,1.3515625,True,False
nominal,2099,1,1.00390625,True,False
nominal,2100,1,0.90234375,True,False
nominal,2101,1,1.2734375,True,False
nominal,2102,1,0.44140625,True,False
nominal,2103,1,0.39453125,True,False
nominal,2104,1,0.859375,True,False
nominal,2105,1,0.7734375,True,False
nominal,2106,1,0.578125,True,False
nominal,2107,1,0.79296875,True,False
nominal,2108,1,0.7421875,True,False
nominal,2109,1,0.62890625,True,False
nominal,2110,1,0.8984375,True,False
nominal,2111,1,1.34765625,True,False
nominal,2112,1,0.52734375,True,False
nominal,2113,1,1.1640625,True,False
nominal,2114,1,1.00390625,True,False
nominal,2115,1,0.578125,True,False
nominal,2116,1,0.640625,True,False
nominal,2117,1,1.1328125,True,False
nominal,2118,1,0.59765625,True,False
nominal,2119,1,1.30859375,True,False
nominal,2120,1,1.015625,True,False
nominal,2121,1,0.96484375,True,False
nominal,2122,1,0.9921875,True,False
nominal,2123,1,0.51171875,True,False
nominal,2124,1,0.7109375,True,False
nominal,2125,1,0.578125,True,False
nominal,2126,1,0.75390625,True,False
nominal,2127,1,0.984375,True,False
nominal,2128,1,0.7265625,True,False
nominal,2129,1,1.109375,True,False
nominal,2130,1,0.80859375,True,False
nominal,2131,1,1.65625,True,False
nominal,2132,1,0.40234375,True,False
nominal,2133,1,0.65625,True,False
nominal,2134,1,0.4609375,True,False
nominal,2135,1,1.07421875,True,False
nominal,2136,1,0.8828125,True,False
nominal,2137,1,0.5546875,True,False
nominal,2138,1,0.41015625,True,False
nominal,2139,1,0.5703125,True,False
nominal,2140,1,1.7109375,True,False
nominal,2141,1,0.34375,True,False
nominal,2142,1,0.83984375,True,False
nominal,2143,1,0.82421875,True,False
nominal,2144,1,0.94140625,True,False
nominal,2145,1,0.53125,True,False
nominal,2146,1,0.70703125,True,False
nominal,2147,1,0.66015625,True,False
nominal,2148,1,0.94921875,True,False
nominal,2149,1,0.55859375,True,False
nominal,2150,1,0.65625,True,False
nominal,2151,1,0.44140625,True,False
nominal,2152,1,1.921875,True,False
nominal,2153,1,0.66796875,True,False
nominal,2154,1,1.25,True,False
nominal,2155,1,0.5625,True,False
nominal,2156,1,0.78125,True,False
nominal,2157,1,0.78125,True,False
nominal,2158,1,0.83984375,True,False
nominal,2159,1,1.078125,True,False
nominal,2160,1,0.578125,True,False
nominal,2161,1,0.66796875,True,False
nominal,2162,1,1.359375,True,False
nominal,2163,1,1.0859375,True,False
nominal,2164,1,0.6796875,True,False
nominal,2165,1,0.50390625,True,False
nominal,2166,1,1.0625,True,False
nominal,2167,1,0.65234375,True,False
nominal,2168,1,0.51171875,True,False
nominal,2169,1,0.4453125,True,False
nominal,2170,1,0.55859375,True,False
nominal,2171,1,0.68359375,True,False
nominal,2172,1,0.44140625,True,False
nominal,2173,1,0.4453125,True,False
nominal,2174,1,1.0546875,True,False
nominal,2175,1,0.94140625,True,False
nominal,2176,1,0.83203125,True,False
nominal,2177,1,0.50390625,True,False
nominal,2178,1,0.7109375,True,False
nominal,2179,1,1.6328125,True,False
nominal,2180,1,0.71484375,True,False
nominal,2181,1,0.5390625,True,False
nominal,2182,1,0.875,True,False
nominal,2183,1,1.625,True,False
nominal,2184,1,0.81640625,True,False
nominal,2185,1,0.7109375,True,False
nominal,2186,1,0.48046875,True,False
nominal,2187,1,1.03515625,True,False
nominal,2188,1,0.46875,True,False
nominal,2189,1,0.671875,True,False
nominal,2190,1,0.38671875,True,False
nominal,2191,1,0.80078125,True,False
nominal,2192,1,0.7578125,True,False
nominal,2193,1,0.60546875,True,False
nominal,2194,1,1.07421875,True,False
nominal,2195,1,0.64453125,True,False
nominal,2196,1,0.87109375,True,False
nominal,2197,1,0.82421875,True,False
nominal,2198,1,0.828125,True,False
nominal,2199,1,0.67578125,True,False
nominal,2200,1,0.49609375,True,False
nominal,2201,1,0.859375,True,False
nominal,2202,1,0.6328125,True,False
nominal,2203,1,0.5,True,False
nominal,2204,1,0.31640625,True,False
nominal,2205,1,0.67578125,True,False
nominal,2206,1,0.5703125,True,False
nominal,2207,1,1.078125,True,False
nominal,2208,1,0.9921875,True,False
nominal,2209,1,1.15234375,True,False
nominal,2210,1,0.7421875,True,False
nominal,2211,1,0.61328125,True,False
nominal,2212,1,0.87890625,True,False
nominal,2213,1,0.53125,True,False
nominal,2214,1,0.5234375,True,False
nominal,2215,1,1.12890625,True,False
nominal,2216,1,0.40234375,True,False
nominal,2217,1,0.71484375,True,False
nominal,2218,1,1.5546875,True,False
nominal,2219,1,0.66796875,True,False
nominal,2220,1,0.60546875,True,False
nominal,2221,1,0.90234375,True,False
nominal,2222,1,0.3515625,True,False
nominal,2223,1,0.42578125,True,False
nominal,2224,1,1.265625,True,False
nominal,2225,1,0.68359375,True,False
nominal,2226,1,1.04296875,True,False
nominal,2227,1,1.14453125,True,False
nominal,2228,1,0.84765625,True,False
nominal,2229,1,0.81640625,True,False
nominal,2230,1,1.8203125,True,False
nominal,2231,1,0.9609375,True,False
nominal,2232,1,0.58203125,True,False
nominal,2233,1,0.9453125,True,False
nominal,2234,1,0.73828125,True,False
nominal,2235,1,0.7421875,True,False
nominal,2236,1,0.6484375,True,False
nominal,2237,1,0.41015625,True,False
nominal,2238,1,1.00390625,True,False
nominal,2239,1,0.7421875,True,False
nominal,2240,1,0.578125,True,False
nominal,2241,1,0.4921875,True,False
nominal,2242,1,0.77734375,True,False
nominal,2243,1,1.0859375,True,False
nominal,2244,1,0.98046875,True,False
nominal,2245,1,0.4140625,True,False
nominal,2246,1,0.71484375,True,False
nominal,2247,1,1.34765625,True,False
nominal,2248,1,0.90234375,True,False
nominal,2249,1,0.91015625,True,False
nominal,2250,1,0.4609375,True,False
nominal,2251,1,0.51171875,True,False
nominal,2252,1,0.9765625,True,False
nominal,2253,1,0.765625,True,False
nominal,2254,1,0.44921875,True,False
nominal,2255,1,0.42578125,True,False
nominal,2256,1,0.69140625,True,False
nominal,2257,1,0.3046875,True,False
nominal,2258,1,0.3359375,True,False
nominal,2259,1,0.75390625,True,False
nominal,2260,1,0.78515625,True,False
nominal,2261,1,1.43359375,True,False
nominal,2262,1,0.69921875,True,False
nominal,2263,1,0.7421875,True,False
nominal,2264,1,1.9296875,True,False
nominal,2265,1,0.9609375,True,False
nominal,2266,1,0.7109375,True,False
nominal,2267,1,0.6015625,True,False
nominal,2268,1,1.1796875,True,False
nominal,2269,1,0.78125,True,False
nominal,2270,1,0.60546875,True,False
nominal,2271,1,0.87890625,True,False
nominal,2272,1,1.0703125,True,False
nominal,2273,1,0.51953125,True,False
nominal,2274,1,0.63671875,True,False
nominal,2275,1,0.61328125,True,False
nominal,2276,1,0.62109375,True,False
nominal,2277,1,0.5859375,True,False
nominal,2278,1,0.8125,True,False
nominal,2279,1,0.5234375,True,False
nominal,2280,1,0.5234375,True,False
nominal,2281,1,0.671875,True,False
nominal,2282,1,0.5078125,True,False
nominal,2283,1,1.015625,True,False
nominal,2284,1,1.140625,True,False
nominal,2285,1,0.98828125,True,False
nominal,2286,1,0.72265625,True,False
nominal,2287,1,0.77734375,True,False
nominal,2288,1,0.859375,True,False
nominal,2289,1,0.640625,True,False
nominal,2290,1,0.66796875,True,False
nominal,2291,1,0.71875,True,False
nominal,2292,1,1.3203125,True,False
nominal,2293,1,1.1875,True,False
nominal,2294,1,0.94140625,True,False
nominal,2295,1,1.02734375,True,False
nominal,2296,1,0.796875,True,False
nominal,2297,1,1.265625,True,False
nominal,2298,1,0.41796875,True,False
nominal,2299,1,0.59375,True,False
nominal,2300,1,1.890625,True,False
nominal,2301,1,1.1640625,True,False
nominal,2302,1,0.4765625,True,False
nominal,2303,1,0.984375,True,False
nominal,2304,1,0.66015625,True,False
nominal,2305,1,0.8515625,True,False
nominal,2306,1,1.8203125,True,False
nominal,2307,0,,False,True
nominal,2308,1,0.5,True,False
nominal,2309,1,0.58984375,True,False
nominal,2310,1,0.9296875,True,False
nominal,2311,1,0.6015625,True,False
nominal,2312,1,1.2578125,True,False
nominal,2313,1,1.9453125,True,False
nominal,2314,1,0.765625,True,False
nominal,2315,1,0.7734375,True,False
nominal,2316,0,,False,True
nominal,2317,1,0.87890625,True,False
nominal,2318,1,0.92578125,True,False
nominal,2319,1,0.68359375,True,False
nominal,2320,1,0.7734375,True,False
nominal,2321,1,0.45703125,True,False
nominal,2322,1,0.671875,True,False
nominal,2323,1,0.85546875,True,False
nominal,2324,1,0.58203125,True,False
nominal,2325,1,1.58203125,True,False
nominal,2326,1,0.65625,True,False
nominal,2327,1,0.4140625,True,False
nominal,2328,1,1.1171875,True,False
nominal,2329,1,1.23828125,True,False
nominal,2330,1,0.515625,True,False
nominal,2331,1,0.81640625,True,False
nominal,2332,1,0.53125,True,False
nominal,2333,1,1.04296875,True,False
nominal,2334,1,0.98828125,True,False
nominal,2335,1,0.6171875,True,False
nominal,2336,0,,False,True
nominal,2337,1,0.88671875,True,False
nominal,2338,1,0.56640625,True,False
nominal,2339,0,,False,True
nominal,2340,1,0.328125,True,False
nominal,2341,1,1.0078125,True,False
nominal,2342,1,0.8125,True,False
nominal,2343,1,0.640625,True,False
nominal,2344,1,0.66015625,True,False
nominal,2345,1,0.5703125,True,False
nominal,2346,1,1.62109375,True,False
nominal,2347,1,0.48828125,True,False
nominal,2348,1,0.84765625,True,False
nominal,2349,1,1.89453125,True,False
nominal,2350,1,0.30078125,True,False
nominal,2351,1,1.39453125,True,False
nominal,2352,1,0.53515625,True,False
nominal,2353,1,0.875,True,False
nominal,2354,1,1.1953125,True,False
nominal,2355,1,1.1015625,True,False
nominal,2356,1,0.9140625,True,False
nominal,2357,1,1.328125,True,False
nominal,2358,1,0.79296875,True,False
nominal,2359,1,1.484375,True,False
nominal,2360,1,0.5078125,True,False
nominal,2361,1,0.58984375,True,False
nominal,2362,1,1.328125,True,False
nominal,2363,1,0.6953125,True,False
nominal,2364,1,0.59375,True,False
nominal,2365,1,0.85546875,True,False
nominal,2366,1,0.66015625,True,False
nominal,2367,1,0.47265625,True,False
nominal,2368,1,1.1484375,True,False
nominal,2369,1,0.6640625,True,False
nominal,2370,1,0.48046875,True,False
nominal,2371,1,1.703125,True,False
nominal,2372,1,1.1953125,True,False
nominal,2373,1,0.80078125,True,False
nominal,2374,1,1.16015625,True,False
nominal,2375,1,1.22265625,True,False
nominal,2376,1,0.87890625,True,False
nominal,2377,1,1.109375,True,False
nominal,2378,1,0.84765625,True,False
nominal,2379,1,0.88671875,True,False
nominal,2380,1,0.7109375,True,False
nominal,2381,1,0.83984375,True,False
nominal,2382,1,0.60546875,True,False
nominal,2383,1,0.66796875,True,False
nominal,2384,1,1.1015625,True,False
nominal,2385,1,0.64453125,True,False
nominal,2386,1,0.625,True,False
nominal,2387,1,1.015625,True,False
nominal,2388,1,0.69921875,True,False
nominal,2389,1,0.74609375,True,False
nominal,2390,1,1.03515625,True,False
nominal,2391,1,0.5,True,False
nominal,2392,1,0.484375,True,False
nominal,2393,1,0.86328125,True,False
nominal,2394,1,1.31640625,True,False
nominal,2395,1,0.39453125,True,False
nominal,2396,1,0.75390625,True,False
nominal,2397,1,0.8984375,True,False
nominal,2398,1,0.75390625,True,False
nominal,2399,1,0.53125,True,False
nominal,2400,0,,False,True
nominal,2401,1,0.6328125,True,False
nominal,2402,1,0.7265625,True,False
nominal,2403,1,0.484375,True,False
nominal,2404,1,1.11328125,True,False
nominal,2405,1,1.5078125,True,False
nominal,2406,1,0.42578125,True,False
nominal,2407,1,0.5234375,True,False
nominal,2408,1,0.34765625,True,False
nominal,2409,1,0.578125,True,False
nominal,2410,1,1.98828125,True,False
nominal,2411,1,0.59765625,True,False
nominal,2412,1,0.63671875,True,False
nominal,2413,1,0.4375,True,False
nominal,2414,1,1.1015625,True,False
nominal,2415,1,1.078125,True,False
nominal,2416,1,1.54296875,True,False
nominal,2417,1,0.76171875,True,False
nominal,2418,1,1.07421875,True,False
nominal,2419,1,1.25,True,False
nominal,2420,1,0.92578125,True,False
nominal,2421,1,0.5546875,True,False
nominal,2422,1,1.21875,True,False
nominal,2423,-1,0.28125,False,False
nominal,2424,1,0.94921875,True,False
nominal,2425,1,0.4375,True,False
nominal,2426,1,0.36328125,True,False
nominal,2427,1,0.51953125,True,False
nominal,2428,1,0.53125,True,False
nominal,2429,1,1.13671875,True,False
nominal,2430,1,0.76953125,True,False
nominal,2431,1,1.8515625,True,False
nominal,2432,1,0.40625,True,False
nominal,2433,1,0.73046875,True,False
nominal,2434,1,0.7421875,True,False
nominal,2435,1,0.59375,True,False
nominal,2436,1,0.52734375,True,False
nominal,2437,1,0.6640625,True,False
nominal,2438,1,1.49609375,True,False
nominal,2439,1,0.71875,True,False
nominal,2440,1,0.70703125,True,False
nominal,2441,1,0.6171875,True,False
nominal,2442,0,,False,True
nominal,2443,1,0.75390625,True,False
nominal,2444,1,0.74609375,True,False
nominal,2445,1,1.40625,True,False
nominal,2446,1,0.62890625,True,False
nominal,2447,1,0.609375,True,False
nominal,2448,1,0.26171875,True,False
nominal,2449,1,0.71875,True,False
nominal,2450,1,1.50390625,True,False
nominal,2451,1,0.578125,True,False
nominal,2452,1,0.48828125,True,False
nominal,2453,1,1.21875,True,False
nominal,2454,1,0.93359375,True,False
nominal,2455,1,0.65234375,True,False
nominal,2456,1,0.9375,True,False
nominal,2457,0,,False,True
nominal,2458,1,0.875,True,False
nominal,2459,1,0.515625,True,False
nominal,2460,1,1.23828125,True,False
nominal,2461,1,0.7578125,True,False
nominal,2462,1,0.51171875,True,False
nominal,2463,1,1.375,True,False
nominal,2464,1,1.66796875,True,False
nominal,2465,1,0.71484375,True,False
nominal,2466,1,0.859375,True,False
nominal,2467,1,0.9921875,True,False
nominal,2468,1,0.78125,True,False
nominal,2469,1,0.31640625,True,False
nominal,2470,1,0.50390625,True,False
nominal,2471,1,1.3125,True,False
nominal,2472,1,0.65625,True,False
nominal,2473,1,1.07421875,True,False
nominal,2474,1,0.234375,True,False
nominal,2475,1,1.25,True,False
nominal,2476,1,0.5390625,True,False
nominal,2477,1,1.16015625,True,False
nominal,2478,1,1.4609375,True,False
nominal,2479,1,1.140625,True,False
nominal,2480,1,1.140625,True,False
nominal,2481,1,0.6484375,True,False
nominal,2482,1,0.32421875,True,False
nominal,2483,1,0.73046875,True,False
nominal,2484,1,0.5703125,True,False
nominal,2485,1,1.015625,True,False
nominal,2486,1,0.5703125,True,False
nominal,2487,1,0.953125,True,False
nominal,2488,1,0.640625,True,False
nominal,2489,1,0.81640625,True,False
nominal,2490,1,0.890625,True,False
nominal,2491,1,0.875,True,False
nominal,2492,1,0.28515625,True,False
nominal,2493,1,1.6015625,True,False
nominal,2494,1,1.25,True,False
nominal,2495,1,0.40625,True,False
nominal,2496,1,1.078125,True,False
nominal,2497,1,0.73046875,True,False
nominal,2498,1,1.5390625,True,False
nominal,2499,1,0.71875,True,False
nominal,2500,1,0.7734375,True,False
nominal,2501,1,0.60546875,True,False
nominal,2502,1,1.09375,True,False
nominal,2503,1,0.640625,True,False
nominal,2504,1,0.87109375,True,False
nominal,2505,1,0.734375,True,False
nominal,2506,1,0.765625,True,False
nominal,2507,1,0.50390625,True,False
nominal,2508,1,1.11328125,True,False
nominal,2509,1,1.14453125,True,False
nominal,2510,1,0.8125,True,False
nominal,2511,1,0.53125,True,False
nominal,2512,1,1.3671875,True,False
nominal,2513,1,0.44140625,True,False
nominal,2514,1,0.7734375,True,False
nominal,2515,1,0.796875,True,False
nominal,2516,1,1.109375,True,False
nominal,2517,1,0.68359375,True,False
nominal,2518,1,0.9921875,True,False
nominal,2519,1,0.60546875,True,False
nominal,2520,1,0.86328125,True,False
nominal,2521,1,0.83203125,True,False
nominal,2522,1,0.58984375,True,False
nominal,2523,1,0.6796875,True,False
nominal,2524,1,0.56640625,True,False
nominal,2525,1,0.359375,True,False
nominal,2526,1,0.7265625,True,False
nominal,2527,1,0.37890625,True,False
nominal,2528,1,0.94140625,True,False
nominal,2529,1,0.36328125,True,False
nominal,2530,1,0.6015625,True,False
nominal,2531,1,0.42578125,True,False
nominal,2532,1,0.375,True,False
nominal,2533,1,0.8046875,True,False
nominal,2534,1,1.5078125,True,False
nominal,2535,1,0.31640625,True,False
nominal,2536,1,0.92578125,True,False
nominal,2537,1,0.796875,True,False
nominal,2538,1,1.0,True,False
nominal,2539,1,1.02734375,True,False
nominal,2540,1,1.16796875,True,False
nominal,2541,1,0.47265625,True,False
nominal,2542,1,1.27734375,True,False
nominal,2543,1,0.87109375,True,False
nominal,2544,1,0.91015625,True,False
nominal,2545,1,1.46875,True,False
nominal,2546,1,0.3828125,True,False
nominal,2547,1,0.75,True,False
nominal,2548,1,1.23046875,True,False
nominal,2549,1,0.4921875,True,False
nominal,2550,1,0.54296875,True,False
nominal,2551,1,0.69921875,True,False
nominal,2552,1,0.53515625,True,False
nominal,2553,1,0.53515625,True,False
nominal,2554,1,0.53125,True,False
nominal,2555,1,1.7734375,True,False
nominal,2556,1,1.2890625,True,False
nominal,2557,1,0.890625,True,False
nominal,2558,1,0.97265625,True,False
nominal,2559,1,0.765625,True,False
nominal,2560,1,0.61328125,True,False
nominal,2561,1,1.09765625,True,False
nominal,2562,1,0.84765625,True,False
nominal,2563,1,0.6640625,True,False
nominal,2564,1,0.53125,True,False
nominal,2565,1,0.73828125,True,False
nominal,2566,1,0.703125,True,False
nominal,2567,1,0.75390625,True,False
nominal,2568,1,0.546875,True,False
nominal,2569,1,0.62890625,True,False
nominal,2570,1,0.6953125,True,False
nominal,2571,1,1.55859375,True,False
nominal,2572,1,0.8984375,True,False
nominal,2573,1,0.59375,True,False
nominal,2574,1,0.52734375,True,False
nominal,2575,1,0.8125,True,False
nominal,2576,1,0.859375,True,False
nominal,2577,1,0.51953125,True,False
nominal,2578,1,0.640625,True,False
nominal,2579,1,1.79296875,True,False
nominal,2580,1,0.56640625,True,False
nominal,2581,1,0.625,True,False
nominal,2582,1,1.27734375,True,False
nominal,2583,1,1.53125,True,False
nominal,2584,1,0.828125,True,False
nominal,2585,1,0.6484375,True,False
nominal,2586,1,1.41015625,True,False
nominal,2587,1,0.28125,True,False
nominal,2588,1,0.96484375,True,False
nominal,2589,1,0.31640625,True,False
nominal,2590,1,0.4453125,True,False
nominal,2591,1,0.625,True,False
nominal,2592,1,0.55078125,True,False
nominal,2593,1,0.58203125,True,False
nominal,2594,1,0.3984375,True,False
nominal,2595,1,0.703125,True,False
nominal,2596,0,,False,True
nominal,2597,1,1.0625,True,False
nominal,2598,1,0.70703125,True,False
nominal,2599,1,0.77734375,True,False
nominal,2600,1,0.7734375,True,False
nominal,2601,1,0.35546875,True,False
nominal,2602,1,0.734375,True,False
nominal,2603,1,0.4375,True,False
nominal,2604,1,0.6328125,True,False
nominal,2605,1,0.55078125,True,False
nominal,2606,1,0.91015625,True,False
nominal,2607,1,0.98046875,True,False
nominal,2608,1,0.609375,True,False
nominal,2609,1,0.69140625,True,False
nominal,2610,1,0.82421875,True,False
nominal,2611,1,0.63671875,True,False
nominal,2612,1,1.12109375,True,False
nominal,2613,1,0.9296875,True,False
nominal,2614,1,1.16796875,True,False
nominal,2615,1,0.4140625,True,False
nominal,2616,1,0.2421875,True,False
nominal,2617,1,0.66796875,True,False
nominal,2618,1,0.7265625,True,False
nominal,2619,1,0.5078125,True,False
nominal,2620,1,0.58203125,True,False
nominal,2621,1,0.53125,True,False
nominal,2622,1,1.30859375,True,False
nominal,2623,1,0.3984375,True,False
nominal,2624,1,0.39453125,True,False
nominal,2625,1,0.51953125,True,False
nominal,2626,1,0.84765625,True,False
nominal,2627,1,1.01171875,True,False
nominal,2628,1,0.859375,True,False
nominal,2629,1,1.41796875,True,False
nominal,2630,1,0.3203125,True,False
nominal,2631,1,0.921875,True,False
nominal,2632,1,0.59765625,True,False
nominal,2633,1,1.2109375,True,False
nominal,2634,1,1.5234375,True,False
nominal,2635,1,1.24609375,True,False
nominal,2636,1,1.60546875,True,False
nominal,2637,1,0.57421875,True,False
nominal,2638,1,0.359375,True,False
nominal,2639,1,0.5234375,True,False
nominal,2640,1,0.4609375,True,False
nominal,2641,1,1.26953125,True,False
nominal,2642,1,0.890625,True,False
nominal,2643,1,0.54296875,True,False
nominal,2644,1,0.7109375,True,False
nominal,2645,1,0.8671875,True,False
nominal,2646,1,0.71875,True,False
nominal,2647,1,1.2109375,True,False
nominal,2648,1,0.58984375,True,False
nominal,2649,1,1.01171875,True,False
nominal,2650,1,1.05078125,True,False
nominal,2651,1,0.83203125,True,False
nominal,2652,1,1.1328125,True,False
nominal,2653,1,0.88671875,True,False
nominal,2654,1,0.84375,True,False
nominal,2655,1,1.234375,True,False
nominal,2656,1,0.4921875,True,False
nominal,2657,1,0.72265625,True,False
nominal,2658,1,0.671875,True,False
nominal,2659,1,0.87890625,True,False
nominal,2660,1,0.8203125,True,False
nominal,2661,1,1.5546875,True,False
nominal,2662,1,0.37890625,True,False
nominal,2663,1,0.86328125,True,False
nominal,2664,1,0.84765625,True,False
nominal,2665,1,1.32421875,True,False
nominal,2666,1,1.02734375,True,False
nominal,2667,1,0.75,True,False
nominal,2668,1,1.1171875,True,False
nominal,2669,1,1.234375,True,False
nominal,2670,1,1.19921875,True,False
nominal,2671,1,0.6015625,True,False
nominal,2672,1,0.66015625,True,False
nominal,2673,1,0.9609375,True,False
nominal,2674,1,1.27734375,True,False
nominal,2675,1,0.44140625,True,False
nominal,2676,1,0.6328125,True,False
nominal,2677,1,1.33984375,True,False
nominal,2678,1,0.94921875,True,False
nominal,2679,1,0.43359375,True,False
nominal,2680,1,0.46875,True,False
nominal,2681,0,,False,True
nominal,2682,1,0.6875,True,False
nominal,2683,1,0.71875,True,False
nominal,2684,1,0.69921875,True,False
nominal,2685,1,1.6875,True,False
nominal,2686,1,0.99609375,True,False
nominal,2687,1,0.8046875,True,False
nominal,2688,1,0.4921875,True,False
nominal,2689,1,1.8125,True,False
nominal,2690,1,1.359375,True,False
nominal,2691,1,1.79296875,True,False
nominal,2692,1,0.8359375,True,False
nominal,2693,1,0.70703125,True,False
nominal,2694,1,0.62109375,True,False
nominal,2695,1,0.70703125,True,False
nominal,2696,1,1.1875,True,False
nominal,2697,1,0.73828125,True,False
nominal,2698,1,0.50390625,True,False
nominal,2699,1,0.703125,True,False
nominal,2700,1,0.25390625,True,False
nominal,2701,0,,False,True
nominal,2702,1,0.80859375,True,False
nominal,2703,1,0.6328125,True,False
nominal,2704,1,0.66796875,True,False
nominal,2705,1,1.09375,True,False
nominal,2706,1,1.375,True,False
nominal,2707,1,0.47265625,True,False
nominal,2708,1,0.7265625,True,False
nominal,2709,1,0.3671875,True,False
nominal,2710,1,0.515625,True,False
nominal,2711,1,0.62890625,True,False
nominal,2712,1,0.7734375,True,False
nominal,2713,1,1.04296875,True,False
nominal,2714,1,0.453125,True,False
nominal,2715,1,0.6953125,True,False
nominal,2716,1,1.14453125,True,False
nominal,2717,1,0.68359375,True,False
nominal,2718,1,0.62109375,True,False
nominal,2719,1,0.51171875,True,False
nominal,2720,1,0.75390625,True,False
nominal,2721,1,0.5625,True,False
nominal,2722,1,0.6171875,True,False
nominal,2723,1,0.61328125,True,False
nominal,2724,1,1.05859375,True,False
nominal,2725,1,0.72265625,True,False
nominal,2726,1,0.44140625,True,False
nominal,2727,1,1.26171875,True,False
nominal,2728,1,0.4921875,True,False
nominal,2729,1,0.61328125,True,False
nominal,2730,1,0.296875,True,False
nominal,2731,1,0.69921875,True,False
nominal,2732,1,0.82421875,True,False
nominal,2733,1,1.203125,True,False
nominal,2734,1,0.85546875,True,False
nominal,2735,1,1.0,True,False
nominal,2736,1,0.59765625,True,False
nominal,2737,1,0.6484375,True,False
nominal,2738,1,1.453125,True,False
nominal,2739,1,0.9296875,True,False
nominal,2740,1,0.69140625,True,False
nominal,2741,1,1.515625,True,False
nominal,2742,1,0.83984375,True,False
nominal,2743,1,0.921875,True,False
nominal,2744,1,1.75390625,True,False
nominal,2745,1,0.98046875,True,False
nominal,2746,1,1.46484375,True,False
nominal,2747,1,0.9609375,True,False
nominal,2748,1,0.59375,True,False
nominal,2749,1,0.62109375,True,False
nominal,2750,1,1.20703125,True,False
nominal,2751,1,0.90625,True,False
nominal,2752,1,0.4140625,True,False
nominal,2753,1,0.65625,True,False
nominal,2754,1,0.765625,True,False
nominal,2755,1,0.9453125,True,False
nominal,2756,1,1.234375,True,False
nominal,2757,1,0.625,True,False
nominal,2758,1,0.6953125,True,False
nominal,2759,1,0.54296875,True,False
nominal,2760,1,0.56640625,True,False
nominal,2761,1,1.0703125,True,False
nominal,2762,1,0.67578125,True,False
nominal,2763,1,1.265625,True,False
nominal,2764,1,0.99609375,True,False
nominal,2765,1,0.42578125,True,False
nominal,2766,1,0.328125,True,False
nominal,2767,1,1.140625,True,False
nominal,2768,1,0.5703125,True,False
nominal,2769,1,0.92578125,True,False
nominal,2770,1,0.8203125,True,False
nominal,2771,1,1.8125,True,False
nominal,2772,1,0.55078125,True,False
nominal,2773,1,0.99609375,True,False
nominal,2774,1,0.50390625,True,False
nominal,2775,1,0.609375,True,False
nominal,2776,1,0.5859375,True,False
nominal,2777,1,0.953125,True,False
nominal,2778,1,0.81640625,True,False
nominal,2779,1,1.41015625,True,False
nominal,2780,1,0.56640625,True,False
nominal,2781,-1,0.4609375,False,False
nominal,2782,1,0.5078125,True,False
nominal,2783,1,0.87109375,True,False
nominal,2784,1,0.61328125,True,False
nominal,2785,0,,False,True
nominal,2786,1,0.45703125,True,False
nominal,2787,1,0.32421875,True,False
nominal,2788,1,0.45703125,True,False
nominal,2789,1,0.953125,True,False
nominal,2790,1,1.0625,True,False
nominal,2791,1,1.17578125,True,False
nominal,2792,1,0.87109375,True,False
nominal,2793,1,1.109375,True,False
nominal,2794,1,1.91015625,True,False
nominal,2795,1,0.3359375,True,False
nominal,2796,1,0.59375,True,False
nominal,2797,1,0.90234375,True,False
nominal,2798,1,0.58203125,True,False
nominal,2799,1,0.64453125,True,False
nominal,2800,1,0.76171875,True,False
nominal,2801,1,1.03515625,True,False
nominal,2802,1,0.3359375,True,False
nominal,2803,1,0.78515625,True,False
nominal,2804,1,1.5703125,True,False
nominal,2805,1,0.6328125,True,False
nominal,2806,0,,False,True
nominal,2807,1,0.81640625,True,False
nominal,2808,1,0.30859375,True,False
nominal,2809,1,0.59375,True,False
nominal,2810,1,0.453125,True,False
nominal,2811,1,0.7578125,True,False
nominal,2812,1,0.68359375,True,False
nominal,2813,1,0.76953125,True,False
nominal,2814,1,0.86328125,True,False
nominal,2815,1,0.71875,True,False
nominal,2816,1,0.89453125,True,False
nominal,2817,1,0.890625,True,False
nominal,2818,1,0.578125,True,False
nominal,2819,1,1.42578125,True,False
nominal,2820,1,0.53515625,True,False
nominal,2821,1,0.625,True,False
nominal,2822,1,1.6875,True,False
nominal,2823,1,1.21484375,True,False
nominal,2824,1,0.7734375,True,False
nominal,2825,1,0.84375,True,False
nominal,2826,1,1.0546875,True,False
nominal,2827,1,0.37890625,True,False
nominal,2828,1,1.08203125,True,False
nominal,2829,1,1.05078125,True,False
nominal,2830,1,1.1953125,True,False
nominal,2831,1,1.08984375,True,False
nominal,2832,1,1.15625,True,False
nominal,2833,1,1.265625,True,False
nominal,2834,1,0.54296875,True,False
nominal,2835,1,0.52734375,True,False
nominal,2836,1,1.171875,True,False
nominal,2837,1,0.796875,True,False
nominal,2838,1,1.13671875,True,False
nominal,2839,1,1.43359375,True,False
nominal,2840,1,0.66796875,True,False
nominal,2841,1,0.5234375,True,False
nominal,2842,1,0.890625,True,False
nominal,2843,1,0.90234375,True,False
nominal,2844,1,0.7734375,True,False
nominal,2845,1,0.96484375,True,False
nominal,2846,1,0.328125,True,False
nominal,2847,1,0.734375,True,False
nominal,2848,1,0.671875,True,False
nominal,2849,1,0.76171875,True,False
nominal,2850,1,1.03125,True,False
nominal,2851,0,,False,True
nominal,2852,1,1.0859375,True,False
nominal,2853,1,0.609375,True,False
nominal,2854,1,0.984375,True,False
nominal,2855,1,0.5859375,True,False
nominal,2856,1,1.1171875,True,False
nominal,2857,1,1.0859375,True,False
nominal,2858,1,0.6484375,True,False
nominal,2859,1,0.5703125,True,False
nominal,2860,1,0.74609375,True,False
nominal,2861,1,0.88671875,True,False
nominal,2862,1,1.49609375,True,False
nominal,2863,1,1.4140625,True,False
nominal,2864,1,0.6328125,True,False
nominal,2865,1,1.0234375,True,False
nominal,2866,1,0.50390625,True,False
nominal,2867,1,0.53515625,True,False
nominal,2868,1,0.44921875,True,False
nominal,2869,1,1.01953125,True,False
nominal,2870,1,1.0546875,True,False
nominal,2871,1,1.63671875,True,False
nominal,2872,1,0.76171875,True,False
nominal,2873,1,1.07421875,True,False
nominal,2874,0,,False,True
nominal,2875,1,0.6015625,True,False
nominal,2876,1,0.6171875,True,False
nominal,2877,1,0.625,True,False
nominal,2878,1,0.67578125,True,False
nominal,2879,1,0.69921875,True,False
nominal,2880,1,0.8203125,True,False
nominal,2881,1,0.61328125,True,False
nominal,2882,1,0.58203125,True,False
nominal,2883,1,0.671875,True,False
nominal,2884,1,1.0,True,False
nominal,2885,1,0.90234375,True,False
nominal,2886,1,0.80078125,True,False
nominal,2887,1,0.8203125,True,False
nominal,2888,1,0.234375,True,False
nominal,2889,1,0.8125,True,False
nominal,2890,1,1.01171875,True,False
nominal,2891,1,1.4609375,True,False
nominal,2892,1,0.84765625,True,False
nominal,2893,1,1.69140625,True,False
nominal,2894,1,0.9453125,True,False
nominal,2895,1,0.328125,True,False
nominal,2896,1,1.0234375,True,False
nominal,2897,1,0.91796875,True,False
nominal,2898,1,1.1484375,True,False
nominal,2899,1,0.58203125,True,False
nominal,2900,1,0.87109375,True,False
nominal,2901,1,1.1015625,True,False
nominal,2902,1,0.4921875,True,False
nominal,2903,1,0.765625,True,False
nominal,2904,1,1.01171875,True,False
nominal,2905,1,0.77734375,True,False
nominal,2906,1,1.3046875,True,False
nominal,2907,1,0.44921875,True,False
nominal,2908,1,1.2265625,True,False
nominal,2909,1,1.2109375,True,False
nominal,2910,1,0.28515625,True,False
nominal,2911,1,0.62109375,True,False
nominal,2912,1,0.98046875,True,False
nominal,2913,1,1.03515625,True,False
nominal,2914,1,0.99609375,True,False
nominal,2915,1,0.390625,True,False
nominal,2916,1,0.70703125,True,False
nominal,2917,1,0.765625,True,False
nominal,2918,1,1.48828125,True,False
nominal,2919,1,0.59765625,True,False
nominal,2920,1,0.453125,True,False
nominal,2921,1,0.81640625,True,False
nominal,2922,1,0.8515625,True,False
nominal,2923,1,0.79296875,True,False
nominal,2924,1,0.984375,True,False
nominal,2925,1,1.0625,True,False
nominal,2926,1,0.7890625,True,False
nominal,2927,1,0.37109375,True,False
nominal,2928,1,0.9140625,True,False
nominal,2929,1,0.5546875,True,False
nominal,2930,1,0.40625,True,False
nominal,2931,1,0.70703125,True,False
nominal,2932,1,0.984375,True,False
nominal,2933,1,0.9296875,True,False
nominal,2934,1,0.46875,True,False
nominal,2935,1,0.5859375,True,False
nominal,2936,1,0.3671875,True,False
nominal,2937,1,0.79296875,True,False
nominal,2938,1,1.4296875,True,False
nominal,2939,1,0.4765625,True,False
nominal,2940,1,1.31640625,True,False
nominal,2941,1,0.69921875,True,False
nominal,2942,1,0.796875,True,False
nominal,2943,1,0.76171875,True,False
nominal,2944,1,0.84375,True,False
nominal,2945,1,0.50390625,True,False
nominal,2946,1,0.84375,True,False
nominal,2947,1,0.80859375,True,False
nominal,2948,1,0.6171875,True,False
nominal,2949,1,0.7109375,True,False
nominal,2950,0,,False,True
nominal,2951,1,1.00390625,True,False
nominal,2952,1,0.86328125,True,False
nominal,2953,1,0.79296875,True,False
nominal,2954,1,0.91015625,True,False
nominal,2955,1,1.27734375,True,False
nominal,2956,1,1.5625,True,False
nominal,2957,1,0.8046875,True,False
nominal,2958,1,0.515625,True,False
nominal,2959,1,1.23046875,True,False
nominal,2960,1,0.9765625,True,False
nominal,2961,1,1.3125,True,False
nominal,2962,1,0.76953125,True,False
nominal,2963,1,0.8359375,True,False
nominal,2964,1,0.66796875,True,False
nominal,2965,1,0.65234375,True,False
nominal,2966,1,0.578125,True,False
nominal,2967,1,1.09765625,True,False
nominal,2968,0,,False,True
nominal,2969,1,0.41796875,True,False
nominal,2970,1,0.69921875,True,False
nominal,2971,1,0.20703125,True,False
nominal,2972,1,1.23828125,True,False
nominal,2973,1,0.55859375,True,False
nominal,2974,1,1.7109375,True,False
nominal,2975,1,0.8515625,True,False
nominal,2976,1,0.87109375,True,False
nominal,2977,1,1.05078125,True,False
nominal,2978,1,0.5546875,True,False
nominal,2979,1,0.8515625,True,False
nominal,2980,1,0.765625,True,False
nominal,2981,1,0.98046875,True,False
nominal,2982,0,,False,True
nominal,2983,1,1.08203125,True,False
nominal,2984,1,1.26171875,True,False
nominal,2985,1,0.5859375,True,False
nominal,2986,1,0.76171875,True,False
nominal,2987,1,1.18359375,True,False
nominal,2988,1,1.48046875,True,False
nominal,2989,1,0.890625,True,False
nominal,2990,1,1.12109375,True,False
nominal,2991,1,0.578125,True,False
nominal,2992,1,0.6328125,True,False
nominal,2993,1,0.67578125,True,False
nominal,2994,1,1.390625,True,False
nominal,2995,1,0.89453125,True,False
nominal,2996,1,0.6640625,True,False
nominal,2997,1,0.6484375,True,False
nominal,2998,1,0.93359375,True,False
nominal,2999,1,1.02734375,True,False
nominal,3000,1,0.6953125,True,False
nominal,3001,1,1.64453125,True,False
nominal,3002,1,1.32421875,True,False
nominal,3003,1,0.69921875,True,False
nominal,3004,1,0.7109375,True,False
nominal,3005,0,,False,True
nominal,3006,1,0.57421875,True,False
nominal,3007,1,1.2734375,True,False
nominal,3008,1,0.59375,True,False
nominal,3009,1,0.64453125,True,False
nominal,3010,1,0.3671875,True,False
nominal,3011,1,1.48046875,True,False
nominal,3012,1,0.90234375,True,False
nominal,3013,1,0.703125,True,False
nominal,3014,1,0.9609375,True,False
nominal,3015,1,0.84375,True,False
nominal,3016,1,0.671875,True,False
nominal,3017,1,0.48046875,True,False
nominal,3018,1,1.0546875,True,False
nominal,3019,1,0.75,True,False
nominal,3020,1,0.87890625,True,False
nominal,3021,0,,False,True
nominal,3022,1,1.2890625,True,False
nominal,3023,1,0.56640625,True,False
nominal,3024,1,0.74609375,True,False
nominal,3025,1,0.36328125,True,False
nominal,3026,1,0.921875,True,False
nominal,3027,1,0.6875,True,False
nominal,3028,1,0.67578125,True,False
nominal,3029,1,1.16015625,True,False
nominal,3030,1,0.546875,True,False
nominal,3031,1,0.48046875,True,False
nominal,3032,1,0.63671875,True,False
nominal,3033,1,1.0390625,True,False
nominal,3034,1,1.48046875,True,False
nominal,3035,1,0.71875,True,False
nominal,3036,1,0.32421875,True,False
nominal,3037,1,0.6484375,True,False
nominal,3038,1,0.64453125,True,False
nominal,3039,1,0.8046875,True,False
nominal,3040,1,1.05078125,True,False
nominal,3041,1,0.921875,True,False
nominal,3042,1,0.43359375,True,False
nominal,3043,1,0.828125,True,False
nominal,3044,1,0.59375,True,False
nominal,3045,1,0.7734375,True,False
nominal,3046,1,1.13671875,True,False
nominal,3047,1,0.26953125,True,False
nominal,3048,1,0.6796875,True,False
nominal,3049,1,0.9765625,True,False
nominal,3050,1,1.19921875,True,False
nominal,3051,1,0.47265625,True,False
nominal,3052,1,0.66796875,True,False
nominal,3053,1,0.609375,True,False
nominal,3054,1,0.7421875,True,False
nominal,3055,0,,False,True
nominal,3056,1,0.64453125,True,False
nominal,3057,1,0.98828125,True,False
nominal,3058,1,0.83203125,True,False
nominal,3059,1,1.015625,True,False
nominal,3060,1,0.2578125,True,False
nominal,3061,1,0.29296875,True,False
nominal,3062,1,0.953125,True,False
nominal,3063,1,1.12890625,True,False
nominal,3064,1,0.5234375,True,False
nominal,3065,1,0.55859375,True,False
nominal,3066,1,0.65625,True,False
nominal,3067,1,0.32421875,True,False
nominal,3068,1,0.6640625,True,False
nominal,3069,1,0.5703125,True,False
nominal,3070,1,1.1171875,True,False
nominal,3071,1,0.94921875,True,False
nominal,3072,1,1.03125,True,False
nominal,3073,1,0.88671875,True,False
nominal,3074,1,1.27734375,True,False
nominal,3075,1,0.94140625,True,False
nominal,3076,1,0.62109375,True,False
nominal,3077,1,0.60546875,True,False
nominal,3078,1,0.61328125,True,False
nominal,3079,1,0.75390625,True,False
nominal,3080,1,0.72265625,True,False
nominal,3081,1,0.734375,True,False
nominal,3082,1,0.44921875,True,False
nominal,3083,1,0.8828125,True,False
nominal,3084,1,1.05078125,True,False
nominal,3085,1,1.140625,True,False
nominal,3086,1,1.109375,True,False
nominal,3087,1,0.69140625,True,False
nominal,3088,1,0.734375,True,False
nominal,3089,1,0.6640625,True,False
nominal,3090,1,1.0859375,True,False
nominal,3091,1,1.01953125,True,False
nominal,3092,1,0.92578125,True,False
nominal,3093,1,0.4453125,True,False
nominal,3094,1,1.36328125,True,False
nominal,3095,1,0.63671875,True,False
nominal,3096,0,,False,True
nominal,3097,1,0.65234375,True,False
nominal,3098,1,1.09375,True,False
nominal,3099,1,0.3671875,True,False
nominal,3100,1,0.51953125,True,False
nominal,3101,1,0.83984375,True,False
nominal,3102,1,0.515625,True,False
nominal,3103,1,0.640625,True,False
nominal,3104,1,0.421875,True,False
nominal,3105,1,0.75,True,False
nominal,3106,1,1.40625,True,False
nominal,3107,1,0.4609375,True,False
nominal,3108,1,0.578125,True,False
nominal,3109,1,0.8671875,True,False
nominal,3110,1,0.390625,True,False
nominal,3111,1,0.67578125,True,False
nominal,3112,1,0.34765625,True,False
nominal,3113,1,0.71875,True,False
nominal,3114,1,0.6171875,True,False
nominal,3115,1,0.96484375,True,False
nominal,3116,1,0.37890625,True,False
nominal,3117,1,1.08203125,True,False
nominal,3118,1,0.66796875,True,False
nominal,3119,1,0.78515625,True,False
nominal,3120,1,0.7578125,True,False
nominal,3121,1,1.3125,True,False
nominal,3122,1,0.76171875,True,False
nominal,3123,1,0.640625,True,False
nominal,3124,1,1.15625,True,False
nominal,3125,1,0.64453125,True,False
nominal,3126,1,0.4609375,True,False
nominal,3127,1,1.38671875,True,False
nominal,3128,1,0.8203125,True,False
nominal,3129,1,0.44140625,True,False
nominal,3130,0,,False,True
nominal,3131,1,0.39453125,True,False
nominal,3132,1,0.96875,True,False
nominal,3133,1,1.37890625,True,False
nominal,3134,1,1.12890625,True,False
nominal,3135,1,0.80859375,True,False
nominal,3136,1,0.60546875,True,False
nominal,3137,1,1.0859375,True,False
nominal,3138,1,0.51171875,True,False
nominal,3139,1,1.55078125,True,False
nominal,3140,1,0.90234375,True,False
nominal,3141,1,0.90234375,True,False
nominal,3142,1,0.75,True,False
nominal,3143,1,0.36328125,True,False
nominal,3144,1,1.77734375,True,False
nominal,3145,1,1.1875,True,False
nominal,3146,1,0.4765625,True,False
nominal,3147,1,0.609375,True,False
nominal,3148,1,1.00390625,True,False
nominal,3149,1,1.3984375,True,False
nominal,3150,1,0.64453125,True,False
nominal,3151,1,0.6640625,True,False
nominal,3152,1,1.55859375,True,False
nominal,3153,1,0.85546875,True,False
nominal,3154,1,0.43359375,True,False
nominal,3155,1,1.02734375,True,False
nominal,3156,1,1.0703125,True,False
nominal,3157,1,0.7734375,True,False
nominal,3158,0,,False,True
nominal,3159,1,0.4453125,True,False
nominal,3160,1,1.609375,True,False
nominal,3161,1,1.0703125,True,False
nominal,3162,1,0.69921875,True,False
nominal,3163,1,0.54296875,True,False
nominal,3164,1,0.60546875,True,False
nominal,3165,1,0.59375,True,False
nominal,3166,1,0.44140625,True,False
nominal,3167,1,0.52734375,True,False
nominal,3168,1,0.7421875,True,False
nominal,3169,1,0.46875,True,False
nominal,3170,1,0.69921875,True,False
nominal,3171,1,0.9609375,True,False
nominal,3172,1,1.30859375,True,False
nominal,3173,1,1.56640625,True,False
nominal,3174,1,0.6875,True,False
nominal,3175,1,0.92578125,True,False
nominal,3176,1,0.7421875,True,False
nominal,3177,1,0.99609375,True,False
nominal,3178,1,0.56640625,True,False
nominal,3179,1,0.80078125,True,False
nominal,3180,1,0.984375,True,False
nominal,3181,1,1.5703125,True,False
nominal,3182,0,,False,True
nominal,3183,1,0.890625,True,False
nominal,3184,1,0.78515625,True,False
nominal,3185,1,0.64453125,True,False
nominal,3186,1,0.45703125,True,False
nominal,3187,1,1.63671875,True,False
nominal,3188,1,1.0703125,True,False
nominal,3189,1,1.0078125,True,False
nominal,3190,1,0.80859375,True,False
nominal,3191,1,0.88671875,True,False
nominal,3192,1,0.890625,True,False
nominal,3193,1,0.6484375,True,False
nominal,3194,1,0.89453125,True,False
nominal,3195,1,1.2421875,True,False
nominal,3196,1,0.9453125,True,False
nominal,3197,1,1.0703125,True,False
nominal,3198,1,0.48046875,True,False
nominal,3199,1,0.78125,True,False
nominal,3200,1,0.9609375,True,False
nominal,3201,1,1.27734375,True,False
nominal,3202,1,0.33203125,True,False
nominal,3203,1,0.41015625,True,False
nominal,3204,1,1.01171875,True,False
nominal,3205,1,1.00390625,True,False
nominal,3206,1,0.5234375,True,False
nominal,3207,1,1.3046875,True,False
nominal,3208,1,0.640625,True,False
nominal,3209,1,1.2265625,True,False
nominal,3210,1,0.625,True,False
nominal,3211,1,0.75,True,False
nominal,3212,1,1.8671875,True,False
nominal,3213,1,1.4765625,True,False
nominal,3214,1,0.44921875,True,False
nominal,3215,1,1.20703125,True,False
nominal,3216,1,0.9921875,True,False
nominal,3217,1,1.27734375,True,False
nominal,3218,1,1.1796875,True,False
nominal,3219,1,0.93359375,True,False
nominal,3220,1,1.03125,True,False
nominal,3221,1,0.69921875,True,False
nominal,3222,1,1.7890625,True,False
nominal,3223,1,1.28515625,True,False
nominal,3224,1,0.40625,True,False
nominal,3225,1,0.78515625,True,False
nominal,3226,1,0.8984375,True,False
nominal,3227,-1,0.39453125,False,False
nominal,3228,1,0.484375,True,False
nominal,3229,1,0.765625,True,False
nominal,3230,1,0.578125,True,False
nominal,3231,1,0.84375,True,False
nominal,3232,1,1.37109375,True,False
nominal,3233,1,0.8203125,True,False
nominal,3234,1,0.91796875,True,False
nominal,3235,1,0.66015625,True,False
nominal,3236,1,0.546875,True,False
nominal,3237,1,0.59765625,True,False
nominal,3238,1,1.375,True,False
nominal,3239,1,0.5234375,True,False
nominal,3240,1,0.8046875,True,False
nominal,3241,1,1.0078125,True,False
nominal,3242,1,1.55859375,True,False
nominal,3243,1,0.34375,True,False
nominal,3244,-1,0.421875,False,False
nominal,3245,1,1.12109375,True,False
nominal,3246,1,1.27734375,True,False
nominal,3247,1,0.79296875,True,False
nominal,3248,1,0.62890625,True,False
nominal,3249,1,0.8828125,True,False
nominal,3250,1,0.56640625,True,False
nominal,3251,1,0.5390625,True,False
nominal,3252,1,0.9375,True,False
nominal,3253,1,0.55859375,True,False
nominal,3254,1,0.46484375,True,False
nominal,3255,1,1.90625,True,False
nominal,3256,1,0.53515625,True,False
nominal,3257,1,0.4296875,True,False
nominal,3258,1,1.1484375,True,False
nominal,3259,1,1.55859375,True,False
nominal,3260,1,1.23046875,True,False
nominal,3261,1,0.5390625,True,False
nominal,3262,1,0.79296875,True,False
nominal,3263,1,1.3046875,True,False
nominal,3264,1,1.0546875,True,False
nominal,3265,1,0.61328125,True,False
nominal,3266,1,1.03125,True,False
nominal,3267,1,0.49609375,True,False
nominal,3268,1,0.36328125,True,False
nominal,3269,1,0.53515625,True,False
nominal,3270,1,0.87890625,True,False
nominal,3271,1,1.2421875,True,False
nominal,3272,1,1.24609375,True,False
nominal,3273,1,0.6796875,True,False
nominal,3274,1,0.9453125,True,False
nominal,3275,1,0.96875,True,False
nominal,3276,1,1.1953125,True,False
nominal,3277,1,1.14453125,True,False
nominal,3278,1,0.71484375,True,False
nominal,3279,1,0.9140625,True,False
nominal,3280,1,0.73046875,True,False
nominal,3281,1,0.54296875,True,False
nominal,3282,1,0.40234375,True,False
nominal,3283,1,0.53125,True,False
nominal,3284,1,1.0078125,True,False
nominal,3285,1,0.69140625,True,False
nominal,3286,1,0.81640625,True,False
nominal,3287,1,0.6328125,True,False
nominal,3288,1,0.90234375,True,False
nominal,3289,1,0.9375,True,False
nominal,3290,1,0.65234375,True,False
nominal,3291,1,0.96875,True,False
nominal,3292,1,0.609375,True,False
nominal,3293,1,1.19140625,True,False
nominal,3294,1,0.6640625,True,False
nominal,3295,1,0.734375,True,False
nominal,3296,1,0.984375,True,False
nominal,3297,1,0.98828125,True,False
nominal,3298,1,1.05859375,True,False
nominal,3299,1,0.6484375,True,False
nominal,3300,1,0.59375,True,False
nominal,3301,1,0.68359375,True,False
nominal,3302,1,0.57421875,True,False
nominal,3303,1,0.671875,True,False
nominal,3304,1,0.64453125,True,False
nominal,3305,1,0.390625,True,False
nominal,3306,1,0.625,True,False
nominal,3307,1,0.4765625,True,False
nominal,3308,1,0.54296875,True,False
nominal,3309,1,1.171875,True,False
nominal,3310,1,0.55859375,True,False
nominal,3311,1,0.60546875,True,False
nominal,3312,1,0.546875,True,False
nominal,3313,1,1.53125,True,False
nominal,3314,1,0.33203125,True,False
nominal,3315,1,0.8203125,True,False
nominal,3316,1,0.59375,True,False
nominal,3317,1,0.9921875,True,False
nominal,3318,1,1.32421875,True,False
nominal,3319,1,0.64453125,True,False
nominal,3320,1,0.7421875,True,False
nominal,3321,1,0.421875,True,False
nominal,3322,1,0.484375,True,False
nominal,3323,1,0.49609375,True,False
nominal,3324,1,0.765625,True,False
nominal,3325,1,0.734375,True,False
nominal,3326,1,0.51171875,True,False
nominal,3327,1,1.09375,True,False
nominal,3328,1,0.8828125,True,False
nominal,3329,1,0.625,True,False
nominal,3330,1,0.60546875,True,False
nominal,3331,1,0.77734375,True,False
nominal,3332,1,0.4921875,True,False
nominal,3333,1,0.953125,True,False
nominal,3334,1,0.69921875,True,False
nominal,3335,1,0.92578125,True,False
nominal,3336,1,0.66015625,True,False
nominal,3337,1,0.6171875,True,False
nominal,3338,1,0.953125,True,False
nominal,3339,1,0.828125,True,False
nominal,3340,1,0.5078125,True,False
nominal,3341,1,0.57421875,True,False
nominal,3342,1,1.27734375,True,False
nominal,3343,-1,0.73046875,False,False
nominal,3344,1,0.55078125,True,False
nominal,3345,1,1.7890625,True,False
nominal,3346,1,0.62109375,True,False
nominal,3347,1,0.85546875,True,False
nominal,3348,1,0.59375,True,False
nominal,3349,1,0.578125,True,False
nominal,3350,1,0.5234375,True,False
nominal,3351,1,0.4921875,True,False
nominal,3352,1,0.6953125,True,False
nominal,3353,1,1.27734375,True,False
nominal,3354,1,0.7265625,True,False
nominal,3355,1,0.8359375,True,False
nominal,3356,1,0.78515625,True,False
nominal,3357,1,0.9296875,True,False
nominal,3358,1,0.609375,True,False
nominal,3359,1,0.875,True,False
nominal,3360,1,0.9375,True,False
nominal,3361,1,0.65625,True,False
nominal,3362,1,0.6328125,True,False
nominal,3363,1,0.66015625,True,False
nominal,3364,1,0.7578125,True,False
nominal,3365,1,0.6171875,True,False
nominal,3366,1,0.79296875,True,False
nominal,3367,1,0.53515625,True,False
nominal,3368,1,0.34765625,True,False
nominal,3369,1,0.46875,True,False
nominal,3370,1,0.8515625,True,False
nominal,3371,1,1.0703125,True,False
nominal,3372,1,0.43359375,True,False
nominal,3373,1,0.71484375,True,False
nominal,3374,1,0.87109375,True,False
nominal,3375,1,1.46484375,True,False
nominal,3376,1,0.62890625,True,False
nominal,3377,1,0.6484375,True,False
nominal,3378,1,1.1796875,True,False
nominal,3379,1,1.28125,True,False
nominal,3380,1,0.44140625,True,False
nominal,3381,1,1.4140625,True,False
nominal,3382,1,0.5234375,True,False
nominal,3383,1,0.8203125,True,False
nominal,3384,1,0.92578125,True,False
nominal,3385,1,0.9140625,True,False
nominal,3386,1,0.828125,True,False
nominal,3387,1,0.83984375,True,False
nominal,3388,1,0.68359375,True,False
nominal,3389,1,1.09375,True,False
nominal,3390,1,1.03125,True,False
nominal,3391,0,,False,True
nominal,3392,1,0.32421875,True,False
nominal,3393,1,0.734375,True,False
nominal,3394,1,0.390625,True,False
nominal,3395,1,0.62109375,True,False
nominal,3396,1,1.53515625,True,False
nominal,3397,1,0.34765625,True,False
nominal,3398,1,0.921875,True,False
nominal,3399,1,0.89453125,True,False
nominal,3400,1,1.01953125,True,False
nominal,3401,1,1.05859375,True,False
nominal,3402,1,0.4921875,True,False
nominal,3403,1,0.7109375,True,False
nominal,3404,1,0.8125,True,False
nominal,3405,1,0.359375,True,False
nominal,3406,1,0.390625,True,False
nominal,3407,1,0.68359375,True,False
nominal,3408,0,,False,True
nominal,3409,1,0.6640625,True,False
nominal,3410,1,1.19140625,True,False
nominal,3411,1,0.90234375,True,False
nominal,3412,0,,False,True
nominal,3413,1,0.65234375,True,False
nominal,3414,1,0.38671875,True,False
nominal,3415,1,0.3203125,True,False
nominal,3416,1,0.74609375,True,False
nominal,3417,1,0.5859375,True,False
nominal,3418,1,1.64453125,True,False
nominal,3419,1,0.6171875,True,False
nominal,3420,1,0.71875,True,False
nominal,3421,1,0.90234375,True,False
nominal,3422,1,1.2109375,True,False
nominal,3423,1,1.31640625,True,False
nominal,3424,1,0.7265625,True,False
nominal,3425,1,0.3046875,True,False
nominal,3426,1,1.07421875,True,False
nominal,3427,1,0.55859375,True,False
nominal,3428,1,1.10546875,True,False
nominal,3429,1,1.23828125,True,False
nominal,3430,1,0.66796875,True,False
nominal,3431,1,0.59375,True,False
nominal,3432,1,1.74609375,True,False
nominal,3433,1,0.93359375,True,False
nominal,3434,0,,False,True
nominal,3435,1,0.44921875,True,False
nominal,3436,1,0.71484375,True,False
nominal,3437,1,1.359375,True,False
nominal,3438,1,0.54296875,True,False
nominal,3439,1,0.6796875,True,False
nominal,3440,1,0.9765625,True,False
nominal,3441,1,0.94140625,True,False
nominal,3442,1,0.57421875,True,False
nominal,3443,1,1.03125,True,False
nominal,3444,1,0.515625,True,False
nominal,3445,1,1.06640625,True,False
nominal,3446,1,0.734375,True,False
nominal,3447,1,0.30859375,True,False
nominal,3448,1,0.27734375,True,False
nominal,3449,1,1.921875,True,False
nominal,3450,1,0.48828125,True,False
nominal,3451,1,0.6015625,True,False
nominal,3452,1,0.37890625,True,False
nominal,3453,1,0.6875,True,False
nominal,3454,1,0.66015625,True,False
nominal,3455,1,0.92578125,True,False
nominal,3456,1,0.92578125,True,False
nominal,3457,1,0.8984375,True,False
nominal,3458,1,0.5546875,True,False
nominal,3459,1,0.6640625,True,False
nominal,3460,1,1.34765625,True,False
nominal,3461,1,0.84375,True,False
nominal,3462,1,1.04296875,True,False
nominal,3463,1,0.98828125,True,False
nominal,3464,1,0.6796875,True,False
nominal,3465,1,1.45703125,True,False
nominal,3466,1,0.62109375,True,False
nominal,3467,1,1.14453125,True,False
nominal,3468,1,0.65625,True,False
nominal,3469,1,1.1328125,True,False
nominal,3470,1,0.59375,True,False
nominal,3471,1,0.51171875,True,False
nominal,3472,1,1.10546875,True,False
nominal,3473,1,0.4609375,True,False
nominal,3474,1,0.69140625,True,False
nominal,3475,1,0.7421875,True,False
nominal,3476,1,0.38671875,True,False
nominal,3477,1,1.2578125,True,False
nominal,3478,1,1.03125,True,False
nominal,3479,1,0.359375,True,False
nominal,3480,1,0.8671875,True,False
nominal,3481,1,0.73046875,True,False
nominal,3482,1,0.6328125,True,False
nominal,3483,0,,False,True
nominal,3484,1,0.84375,True,False
nominal,3485,1,1.25390625,True,False
nominal,3486,1,0.6953125,True,False
nominal,3487,1,0.83203125,True,False
nominal,3488,1,0.96484375,True,False
nominal,3489,1,0.78515625,True,False
nominal,3490,1,1.796875,True,False
nominal,3491,1,0.73828125,True,False
nominal,3492,1,1.02734375,True,False
nominal,3493,1,0.89453125,True,False
nominal,3494,1,1.140625,True,False
nominal,3495,1,1.0078125,True,False
nominal,3496,1,0.671875,True,False
nominal,3497,1,0.79296875,True,False
nominal,3498,1,1.21484375,True,False
nominal,3499,1,0.9375,True,False
nominal,3500,1,0.6015625,True,False
nominal,3501,1,1.22265625,True,False
nominal,3502,1,0.640625,True,False
nominal,3503,1,0.79296875,True,False
nominal,3504,0,,False,True
nominal,3505,1,0.68359375,True,False
nominal,3506,1,0.8203125,True,False
nominal,3507,1,1.16015625,True,False
nominal,3508,1,0.765625,True,False
nominal,3509,1,0.9921875,True,False
nominal,3510,1,0.890625,True,False
nominal,3511,1,1.3671875,True,False
nominal,3512,1,0.734375,True,False
nominal,3513,1,0.890625,True,False
nominal,3514,1,0.73046875,True,False
nominal,3515,1,0.43359375,True,False
nominal,3516,1,0.96875,True,False
nominal,3517,1,0.19921875,True,False
nominal,3518,1,0.65625,True,False
nominal,3519,1,0.8515625,True,False
nominal,3520,1,0.578125,True,False
nominal,3521,1,0.71484375,True,False
nominal,3522,1,0.61328125,True,False
nominal,3523,1,0.7109375,True,False
nominal,3524,1,1.1640625,True,False
nominal,3525,1,0.69921875,True,False
nominal,3526,1,0.734375,True,False
nominal,3527,1,0.34765625,True,False
nominal,3528,1,0.6171875,True,False
nominal,3529,1,0.7265625,True,False
nominal,3530,1,1.265625,True,False
nominal,3531,1,0.66796875,True,False
nominal,3532,1,1.0,True,False
nominal,3533,1,0.40234375,True,False
nominal,3534,1,0.6328125,True,False
nominal,3535,1,0.91796875,True,False
nominal,3536,1,1.0703125,True,False
nominal,3537,1,1.29296875,True,False
nominal,3538,1,1.11328125,True,False
nominal,3539,1,1.2421875,True,False
nominal,3540,1,1.20703125,True,False
nominal,3541,1,0.42578125,True,False
nominal,3542,1,0.72265625,True,False
nominal,3543,1,0.4921875,True,False
nominal,3544,1,0.99609375,True,False
nominal,3545,1,0.7265625,True,False
nominal,3546,1,0.64453125,True,False
nominal,3547,1,1.00390625,True,False
nominal,3548,1,0.6640625,True,False
nominal,3549,1,0.57421875,True,False
nominal,3550,1,1.08984375,True,False
nominal,3551,1,1.328125,True,False
nominal,3552,1,0.81640625,True,False
nominal,3553,1,0.7734375,True,False
nominal,3554,1,0.75,True,False
nominal,3555,1,0.79296875,True,False
nominal,3556,1,0.44921875,True,False
nominal,3557,0,,False,True
nominal,3558,1,0.49609375,True,False
nominal,3559,1,0.6328125,True,False
nominal,3560,1,0.5,True,False
nominal,3561,1,1.85546875,True,False
nominal,3562,1,1.609375,True,False
nominal,3563,1,0.6328125,True,False
nominal,3564,1,1.89453125,True,False
nominal,3565,1,0.7578125,True,False
nominal,3566,1,0.59375,True,False
nominal,3567,1,0.7890625,True,False
nominal,3568,1,1.78125,True,False
nominal,3569,1,0.953125,True,False
nominal,3570,1,0.75390625,True,False
nominal,3571,1,1.3125,True,False
nominal,3572,1,1.37109375,True,False
nominal,3573,1,0.79296875,True,False
nominal,3574,1,1.0,True,False
nominal,3575,1,0.765625,True,False
nominal,3576,1,0.796875,True,False
nominal,3577,1,1.7890625,True,False
nominal,3578,1,0.390625,True,False
nominal,3579,1,0.6484375,True,False
nominal,3580,1,0.34765625,True,False
nominal,3581,1,0.7265625,True,False
nominal,3582,1,0.7734375,True,False
nominal,3583,1,1.42578125,True,False
nominal,3584,1,1.65234375,True,False
nominal,3585,1,0.5546875,True,False
nominal,3586,1,1.69921875,True,False
nominal,3587,1,0.8046875,True,False
nominal,3588,1,0.8359375,True,False
nominal,3589,1,0.51953125,True,False
nominal,3590,1,0.4921875,True,False
nominal,3591,0,,False,True
nominal,3592,1,0.81640625,True,False
nominal,3593,1,0.5,True,False
nominal,3594,1,0.57421875,True,False
nominal,3595,1,0.671875,True,False
nominal,3596,1,0.421875,True,False
nominal,3597,1,0.703125,True,False
nominal,3598,1,1.21484375,True,False
nominal,3599,1,0.71875,True,False
nominal,3600,1,1.10546875,True,False
nominal,3601,1,0.23046875,True,False
nominal,3602,1,0.578125,True,False
nominal,3603,1,1.28125,True,False
nominal,3604,1,0.390625,True,False
nominal,3605,1,0.953125,True,False
nominal,3606,1,0.7421875,True,False
nominal,3607,1,0.78515625,True,False
nominal,3608,1,1.48046875,True,False
nominal,3609,1,0.890625,True,False
nominal,3610,1,0.82421875,True,False
nominal,3611,1,1.3203125,True,False
nominal,3612,1,1.0078125,True,False
nominal,3613,1,0.8046875,True,False
nominal,3614,1,0.99609375,True,False
nominal,3615,1,0.6640625,True,False
nominal,3616,1,1.14453125,True,False
nominal,3617,1,1.5,True,False
nominal,3618,1,0.60546875,True,False
nominal,3619,1,0.36328125,True,False
nominal,3620,1,0.51953125,True,False
nominal,3621,1,0.8359375,True,False
nominal,3622,1,1.08203125,True,False
nominal,3623,1,0.6171875,True,False
nominal,3624,1,0.703125,True,False
nominal,3625,1,0.62109375,True,False
nominal,3626,1,1.6015625,True,False
nominal,3627,1,0.7734375,True,False
nominal,3628,1,0.36328125,True,False
nominal,3629,1,0.75,True,False
nominal,3630,1,0.7109375,True,False
nominal,3631,1,0.72265625,True,False
nominal,3632,1,1.109375,True,False
nominal,3633,1,0.98046875,True,False
nominal,3634,1,0.74609375,True,False
nominal,3635,1,0.4296875,True,False
nominal,3636,1,0.921875,True,False
nominal,3637,1,0.55078125,True,False
nominal,3638,1,0.77734375,True,False
nominal,3639,1,0.67578125,True,False
nominal,3640,1,1.40625,True,False
nominal,3641,1,1.1640625,True,False
nominal,3642,1,0.86328125,True,False
nominal,3643,1,0.77734375,True,False
nominal,3644,1,0.671875,True,False
nominal,3645,1,0.5625,True,False
nominal,3646,1,0.94140625,True,False
nominal,3647,1,0.90234375,True,False
nominal,3648,1,0.70703125,True,False
nominal,3649,1,1.40234375,True,False
nominal,3650,1,0.515625,True,False
nominal,3651,1,1.21875,True,False
nominal,3652,1,0.6328125,True,False
nominal,3653,1,0.73046875,True,False
nominal,3654,1,1.91796875,True,False
nominal,3655,1,0.7265625,True,False
nominal,3656,1,1.0234375,True,False
nominal,3657,1,0.73046875,True,False
nominal,3658,1,0.37109375,True,False
nominal,3659,1,0.84765625,True,False
nominal,3660,1,0.75390625,True,False
nominal,3661,1,0.61328125,True,False
nominal,3662,1,0.6015625,True,False
nominal,3663,1,0.67578125,True,False
nominal,3664,1,0.69140625,True,False
nominal,3665,1,1.16015625,True,False
nominal,3666,1,1.01171875,True,False
nominal,3667,0,,False,True
nominal,3668,1,0.53515625,True,False
nominal,3669,1,1.890625,True,False
nominal,3670,1,1.84765625,True,False
nominal,3671,1,0.5234375,True,False
nominal,3672,1,1.83984375,True,False
nominal,3673,1,1.9140625,True,False
nominal,3674,1,0.85546875,True,False
nominal,3675,1,0.98046875,True,False
nominal,3676,1,1.07421875,True,False
nominal,3677,0,,False,True
nominal,3678,1,0.4765625,True,False
nominal,3679,1,1.015625,True,False
nominal,3680,1,0.86328125,True,False
nominal,3681,1,1.0078125,True,False
nominal,3682,1,0.92578125,True,False
nominal,3683,1,0.75,True,False
nominal,3684,1,0.5,True,False
nominal,3685,1,0.43359375,True,False
nominal,3686,1,0.4375,True,False
nominal,3687,1,0.640625,True,False
nominal,3688,1,0.59765625,True,False
nominal,3689,1,0.98046875,True,False
nominal,3690,1,0.76171875,True,False
nominal,3691,1,1.58203125,True,False
nominal,3692,1,0.75390625,True,False
nominal,3693,1,1.24609375,True,False
nominal,3694,1,1.20703125,True,False
nominal,3695,1,1.1640625,True,False
nominal,3696,1,0.546875,True,False
nominal,3697,1,1.0234375,True,False
nominal,3698,1,0.62890625,True,False
nominal,3699,1,0.58203125,True,False
nominal,3700,1,0.81640625,True,False
nominal,3701,1,1.015625,True,False
nominal,3702,1,0.37890625,True,False
nominal,3703,1,0.6640625,True,False
nominal,3704,1,1.96875,True,False
nominal,3705,1,1.51171875,True,False
nominal,3706,1,0.3671875,True,False
nominal,3707,1,0.765625,True,False
nominal,3708,1,1.08203125,True,False
nominal,3709,1,0.99609375,True,False
nominal,3710,1,0.4765625,True,False
nominal,3711,1,1.04296875,True,False
nominal,3712,1,0.96484375,True,False
nominal,3713,1,0.5859375,True,False
nominal,3714,1,0.6953125,True,False
nominal,3715,1,0.578125,True,False
nominal,3716,1,0.9375,True,False
nominal,3717,1,0.5,True,False
nominal,3718,1,0.3984375,True,False
nominal,3719,1,0.4921875,True,False
nominal,3720,1,0.80859375,True,False
nominal,3721,1,1.15625,True,False
nominal,3722,1,0.7890625,True,False
nominal,3723,1,0.84765625,True,False
nominal,3724,1,0.546875,True,False
nominal,3725,1,0.75,True,False
nominal,3726,1,0.6875,True,False
nominal,3727,1,0.71875,True,False
nominal,3728,1,0.82421875,True,False
nominal,3729,1,1.25390625,True,False
nominal,3730,1,1.34375,True,False
nominal,3731,1,0.59765625,True,False
nominal,3732,0,,False,True
nominal,3733,1,0.625,True,False
nominal,3734,1,0.65625,True,False
nominal,3735,1,0.7734375,True,False
nominal,3736,1,0.48828125,True,False
nominal,3737,1,0.66015625,True,False
nominal,3738,1,1.140625,True,False
nominal,3739,1,1.5703125,True,False
nominal,3740,1,0.69921875,True,False
nominal,3741,1,0.9375,True,False
nominal,3742,1,0.62109375,True,False
nominal,3743,1,0.99609375,True,False
nominal,3744,1,0.484375,True,False
nominal,3745,1,0.7890625,True,False
nominal,3746,1,1.65234375,True,False
nominal,3747,1,0.56640625,True,False
nominal,3748,1,1.515625,True,False
nominal,3749,1,1.14453125,True,False
nominal,3750,1,1.08984375,True,False
nominal,3751,1,0.7421875,True,False
nominal,3752,1,0.84765625,True,False
nominal,3753,1,0.37109375,True,False
nominal,3754,1,0.984375,True,False
nominal,3755,1,0.75390625,True,False
nominal,3756,1,0.609375,True,False
nominal,3757,1,1.7578125,True,False
nominal,3758,1,0.8984375,True,False
nominal,3759,1,0.65625,True,False
nominal,3760,1,0.40625,True,False
nominal,3761,1,0.9296875,True,False
nominal,3762,1,0.63671875,True,False
nominal,3763,1,0.90234375,True,False
nominal,3764,1,0.80078125,True,False
nominal,3765,1,0.46484375,True,False
nominal,3766,1,1.22265625,True,False
nominal,3767,1,0.95703125,True,False
nominal,3768,1,1.11328125,True,False
nominal,3769,1,0.65625,True,False
nominal,3770,1,0.7265625,True,False
nominal,3771,1,0.59765625,True,False
nominal,3772,1,0.91015625,True,False
nominal,3773,1,0.64453125,True,False
nominal,3774,1,1.11328125,True,False
nominal,3775,1,0.8125,True,False
nominal,3776,1,0.765625,True,False
nominal,3777,1,0.5234375,True,False
nominal,3778,1,0.77734375,True,False
nominal,3779,1,0.96484375,True,False
nominal,3780,1,1.45703125,True,False
nominal,3781,1,0.5546875,True,False
nominal,3782,1,0.6015625,True,False
nominal,3783,1,0.98046875,True,False
nominal,3784,1,0.453125,True,False
nominal,3785,1,0.8828125,True,False
nominal,3786,1,0.9609375,True,False
nominal,3787,1,0.93359375,True,False
nominal,3788,1,0.828125,True,False
nominal,3789,1,1.03515625,True,False
nominal,3790,1,1.38671875,True,False
nominal,3791,1,1.12890625,True,False
nominal,3792,1,0.3359375,True,False
nominal,3793,1,0.671875,True,False
nominal,3794,1,0.88671875,True,False
nominal,3795,1,1.03125,True,False
nominal,3796,1,1.11328125,True,False
nominal,3797,1,1.14453125,True,False
nominal,3798,1,1.09765625,True,False
nominal,3799,1,0.90234375,True,False
nominal,3800,1,0.65234375,True,False
nominal,3801,1,1.2890625,True,False
nominal,3802,1,0.71875,True,False
nominal,3803,1,0.71484375,True,False
nominal,3804,1,0.56640625,True,False
nominal,3805,1,0.44921875,True,False
nominal,3806,1,0.33984375,True,False
nominal,3807,1,0.47265625,True,False
nominal,3808,1,1.78515625,True,False
nominal,3809,1,0.4765625,True,False
nominal,3810,1,1.23828125,True,False
nominal,3811,1,0.98828125,True,False
nominal,3812,1,0.46875,True,False
nominal,3813,1,0.8828125,True,False
nominal,3814,1,0.51171875,True,False
nominal,3815,1,1.44921875,True,False
nominal,3816,1,0.88671875,True,False
nominal,3817,1,0.859375,True,False
nominal,3818,1,0.2421875,True,False
nominal,3819,1,0.63671875,True,False
nominal,3820,1,0.703125,True,False
nominal,3821,1,1.046875,True,False
nominal,3822,1,0.30859375,True,False
nominal,3823,1,0.37890625,True,False
nominal,3824,1,0.7578125,True,False
nominal,3825,1,1.01953125,True,False
nominal,3826,1,1.34375,True,False
nominal,3827,1,0.7109375,True,False
nominal,3828,1,0.48046875,True,False
nominal,3829,1,0.3046875,True,False
nominal,3830,1,1.28515625,True,False
nominal,3831,1,0.76171875,True,False
nominal,3832,1,0.68359375,True,False
nominal,3833,1,0.65234375,True,False
nominal,3834,1,0.91015625,True,False
nominal,3835,1,1.2734375,True,False
nominal,3836,1,1.92578125,True,False
nominal,3837,1,0.796875,True,False
nominal,3838,1,1.4375,True,False
nominal,3839,1,1.03515625,True,False
nominal,3840,1,0.41796875,True,False
nominal,3841,1,0.7890625,True,False
nominal,3842,0,,False,True
nominal,3843,1,0.65234375,True,False
nominal,3844,1,0.61328125,True,False
nominal,3845,1,0.2890625,True,False
nominal,3846,1,1.45703125,True,False
nominal,3847,1,1.23828125,True,False
nominal,3848,1,0.578125,True,False
nominal,3849,1,0.859375,True,False
nominal,3850,1,0.50390625,True,False
nominal,3851,1,0.75,True,False
nominal,3852,1,1.1015625,True,False
nominal,3853,1,1.28515625,True,False
nominal,3854,1,0.43359375,True,False
nominal,3855,1,1.23046875,True,False
nominal,3856,1,1.0078125,True,False
nominal,3857,1,0.76171875,True,False
nominal,3858,1,0.5234375,True,False
nominal,3859,1,0.76171875,True,False
nominal,3860,1,1.1953125,True,False
nominal,3861,1,0.4921875,True,False
nominal,3862,1,0.59375,True,False
nominal,3863,1,0.9453125,True,False
nominal,3864,1,0.41796875,True,False
nominal,3865,1,0.5703125,True,False
nominal,3866,1,0.53125,True,False
nominal,3867,1,1.20703125,True,False
nominal,3868,1,0.328125,True,False
nominal,3869,1,1.85546875,True,False
nominal,3870,1,0.46484375,True,False
nominal,3871,1,1.4921875,True,False
nominal,3872,1,1.015625,True,False
nominal,3873,1,0.78125,True,False
nominal,3874,1,1.25,True,False
nominal,3875,1,0.94140625,True,False
nominal,3876,1,1.0390625,True,False
nominal,3877,1,0.828125,True,False
nominal,3878,1,0.32421875,True,False
nominal,3879,1,1.8125,True,False
nominal,3880,1,1.0703125,True,False
nominal,3881,1,0.41796875,True,False
nominal,3882,1,1.45703125,True,False
nominal,3883,1,1.4765625,True,False
nominal,3884,1,1.65234375,True,False
nominal,3885,0,,False,True
nominal,3886,1,1.35546875,True,False
nominal,3887,1,0.93359375,True,False
nominal,3888,1,1.25390625,True,False
nominal,3889,1,0.74609375,True,False
nominal,3890,1,0.74609375,True,False
nominal,3891,1,1.3359375,True,False
nominal,3892,1,0.8125,True,False
nominal,3893,1,0.3515625,True,False
nominal,3894,1,0.63671875,True,False
nominal,3895,1,0.46484375,True,False
nominal,3896,1,1.1640625,True,False
nominal,3897,1,0.3671875,True,False
nominal,3898,1,0.4453125,True,False
nominal,3899,1,0.66796875,True,False
nominal,3900,1,0.84375,True,False
nominal,3901,1,1.26171875,True,False
nominal,3902,1,0.54296875,True,False
nominal,3903,1,0.64453125,True,False
nominal,3904,1,0.765625,True,False
nominal,3905,-1,0.26953125,False,False
nominal,3906,1,1.3515625,True,False
nominal,3907,1,1.10546875,True,False
nominal,3908,1,0.7890625,True,False
nominal,3909,1,1.3125,True,False
nominal,3910,1,0.58203125,True,False
nominal,3911,1,0.74609375,True,False
nominal,3912,1,0.8671875,True,False
nominal,3913,1,0.875,True,False
nominal,3914,1,0.84765625,True,False
nominal,3915,1,1.33203125,True,False
nominal,3916,1,1.43359375,True,False
nominal,3917,1,0.453125,True,False
nominal,3918,1,0.59765625,True,False
nominal,3919,1,0.671875,True,False
nominal,3920,1,0.73828125,True,False
nominal,3921,1,0.91796875,True,False
nominal,3922,1,0.734375,True,False
nominal,3923,1,0.88671875,True,False
nominal,3924,1,0.58984375,True,False
nominal,3925,1,0.59375,True,False
nominal,3926,1,1.01171875,True,False
nominal,3927,1,0.80078125,True,False
nominal,3928,1,0.546875,True,False
nominal,3929,1,0.875,True,False
nominal,3930,1,0.48828125,True,False
nominal,3931,1,1.02734375,True,False
nominal,3932,1,0.55859375,True,False
nominal,3933,1,0.8125,True,False
nominal,3934,1,0.87890625,True,False
nominal,3935,1,0.65234375,True,False
nominal,3936,1,0.80078125,True,False
nominal,3937,1,0.39453125,True,False
nominal,3938,1,1.4921875,True,False
nominal,3939,1,1.09765625,True,False
nominal,3940,1,0.54296875,True,False
nominal,3941,1,0.671875,True,False
nominal,3942,1,0.72265625,True,False
nominal,3943,1,1.3984375,True,False
nominal,3944,1,0.73828125,True,False
nominal,3945,1,1.89453125,True,False
nominal,3946,1,0.4140625,True,False
nominal,3947,1,1.69140625,True,False
nominal,3948,1,0.875,True,False
nominal,3949,1,0.6640625,True,False
nominal,3950,1,0.9140625,True,False
nominal,3951,1,0.63671875,True,False
nominal,3952,1,0.734375,True,False
nominal,3953,1,1.2421875,True,False
nominal,3954,1,1.05859375,True,False
nominal,3955,1,0.6875,True,False
nominal,3956,1,0.6484375,True,False
nominal,3957,1,0.578125,True,False
nominal,3958,0,,False,True
nominal,3959,1,0.8359375,True,False
nominal,3960,1,0.28125,True,False
nominal,3961,1,0.5078125,True,False
nominal,3962,1,0.67578125,True,False
nominal,3963,1,0.6953125,True,False
nominal,3964,1,1.24609375,True,False
nominal,3965,1,1.0078125,True,False
nominal,3966,1,0.75390625,True,False
nominal,3967,1,1.078125,True,False
nominal,3968,1,0.53515625,True,False
nominal,3969,1,0.64453125,True,False
nominal,3970,1,0.44140625,True,False
nominal,3971,1,1.23046875,True,False
nominal,3972,1,0.40234375,True,False
nominal,3973,1,1.62890625,True,False
nominal,3974,1,0.54296875,True,False
nominal,3975,1,0.625,True,False
nominal,3976,1,0.5859375,True,False
nominal,3977,1,1.1796875,True,False
nominal,3978,1,0.4453125,True,False
nominal,3979,1,1.09765625,True,False
nominal,3980,1,0.4453125,True,False
nominal,3981,1,0.60546875,True,False
nominal,3982,1,0.87890625,True,False
nominal,3983,1,1.4375,True,False
nominal,3984,1,0.80078125,True,False
nominal,3985,1,1.08203125,True,False
nominal,3986,1,0.5859375,True,False
nominal,3987,1,0.5390625,True,False
nominal,3988,1,0.5859375,True,False
nominal,3989,1,0.81640625,True,False
nominal,3990,1,0.6953125,True,False
nominal,3991,1,0.51171875,True,False
nominal,3992,1,0.7890625,True,False
nominal,3993,1,0.5546875,True,False
nominal,3994,1,1.57421875,True,False
nominal,3995,1,1.26171875,True,False
nominal,3996,1,0.734375,True,False
nominal,3997,1,0.76953125,True,False
nominal,3998,0,,False,True
nominal,3999,1,0.7109375,True,False
nominal,4000,1,1.7734375,True,False
nominal,4001,1,1.0078125,True,False
nominal,4002,1,1.44140625,True,False
nominal,4003,1,1.16796875,True,False
nominal,4004,1,0.9296875,True,False
nominal,4005,1,0.91015625,True,False
nominal,4006,1,0.53125,True,False
nominal,4007,1,0.65625,True,False
nominal,4008,1,0.68359375,True,False
nominal,4009,1,0.82421875,True,False
nominal,4010,1,0.8046875,True,False
nominal,4011,1,0.77734375,True,False
nominal,4012,1,1.2890625,True,False
nominal,4013,1,0.83984375,True,False
nominal,4014,1,0.4375,True,False
nominal,4015,1,1.078125,True,False
nominal,4016,1,0.62109375,True,False
nominal,4017,1,0.84765625,True,False
nominal,4018,1,0.55859375,True,False
nominal,4019,1,0.59765625,True,False
nominal,4020,1,0.89453125,True,False
nominal,4021,1,0.46875,True,False
nominal,4022,1,0.62109375,True,False
nominal,4023,1,0.9765625,True,False
nominal,4024,1,1.0546875,True,False
nominal,4025,1,0.47265625,True,False
nominal,4026,1,0.97265625,True,False
nominal,4027,1,0.96484375,True,False
nominal,4028,1,0.83984375,True,False
nominal,4029,0,,False,True
nominal,4030,1,1.40625,True,False
nominal,4031,1,0.625,True,False
nominal,4032,1,1.140625,True,False
nominal,4033,1,0.7890625,True,False
nominal,4034,1,0.53515625,True,False
nominal,4035,1,0.5234375,True,False
nominal,4036,1,1.05859375,True,False
nominal,4037,1,0.8828125,True,False
nominal,4038,1,0.79296875,True,False
nominal,4039,1,0.6953125,True,False
nominal,4040,1,1.46484375,True,False
nominal,4041,1,0.9921875,True,False
nominal,4042,1,0.79296875,True,False
nominal,4043,1,0.47265625,True,False
nominal,4044,1,1.12109375,True,False
nominal,4045,1,0.61328125,True,False
nominal,4046,1,1.06640625,True,False
nominal,4047,1,0.46484375,True,False
nominal,4048,1,1.08984375,True,False
nominal,4049,1,0.796875,True,False
nominal,4050,1,0.75390625,True,False
nominal,4051,1,0.82421875,True,False
nominal,4052,1,0.328125,True,False
nominal,4053,1,0.703125,True,False
nominal,4054,1,1.44921875,True,False
nominal,4055,1,1.08984375,True,False
nominal,4056,1,0.57421875,True,False
nominal,4057,1,0.51171875,True,False
nominal,4058,1,1.03125,True,False
nominal,4059,1,1.05078125,True,False
nominal,4060,0,,False,True
nominal,4061,1,0.67578125,True,False
nominal,4062,1,0.3671875,True,False
nominal,4063,1,1.421875,True,False
nominal,4064,1,0.69140625,True,False
nominal,4065,1,0.95703125,True,False
nominal,4066,1,0.79296875,True,False
nominal,4067,1,0.4609375,True,False
nominal,4068,1,0.9296875,True,False
nominal,4069,1,0.44921875,True,False
nominal,4070,1,1.55859375,True,False
nominal,4071,1,0.9375,True,False
nominal,4072,1,1.2265625,True,False
nominal,4073,1,0.87890625,True,False
nominal,4074,1,0.8046875,True,False
nominal,4075,1,0.66796875,True,False
nominal,4076,1,0.8671875,True,False
nominal,4077,1,0.46875,True,False
nominal,4078,1,1.54296875,True,False
nominal,4079,1,0.96484375,True,False
nominal,4080,1,0.5390625,True,False
nominal,4081,1,1.3515625,True,False
nominal,4082,1,1.53515625,True,False
nominal,4083,1,0.6953125,True,False
nominal,4084,1,1.0625,True,False
nominal,4085,1,0.66796875,True,False
nominal,4086,1,1.30078125,True,False
nominal,4087,1,1.05078125,True,False
nominal,4088,1,0.828125,True,False
nominal,4089,1,0.55859375,True,False
nominal,4090,1,1.08984375,True,False
nominal,4091,1,1.390625,True,False
nominal,4092,1,1.59375,True,False
nominal,4093,1,0.46875,True,False
nominal,4094,1,0.50390625,True,False
nominal,4095,1,0.765625,True,False
nominal,4096,1,0.81640625,True,False
nominal,4097,1,0.52734375,True,False
nominal,4098,1,0.4765625,True,False
nominal,4099,1,1.0546875,True,False
nominal,4100,1,0.95703125,True,False
nominal,4101,1,0.6171875,True,False
nominal,4102,1,0.51953125,True,False
nominal,4103,1,1.11328125,True,False
nominal,4104,1,0.48828125,True,False
nominal,4105,1,0.85546875,True,False
nominal,4106,1,0.39453125,True,False
nominal,4107,1,0.9453125,True,False
nominal,4108,1,0.91796875,True,False
nominal,4109,1,1.66015625,True,False
nominal,4110,1,0.4140625,True,False
nominal,4111,1,1.12109375,True,False
nominal,4112,1,1.8828125,True,False
nominal,4113,1,1.078125,True,False
nominal,4114,1,1.24609375,True,False
nominal,4115,1,0.4609375,True,False
nominal,4116,1,0.41796875,True,False
nominal,4117,1,0.91796875,True,False
nominal,4118,1,0.70703125,True,False
nominal,4119,1,1.421875,True,False
nominal,4120,1,0.5078125,True,False
nominal,4121,1,0.5,True,False
nominal,4122,0,,False,True
nominal,4123,1,1.20703125,True,False
nominal,4124,1,0.546875,True,False
nominal,4125,1,0.98046875,True,False
nominal,4126,1,0.58203125,True,False
nominal,4127,1,0.8125,True,False
nominal,4128,1,0.2890625,True,False
nominal,4129,1,0.69140625,True,False
nominal,4130,1,0.54296875,True,False
nominal,4131,1,1.1015625,True,False
nominal,4132,1,0.6953125,True,False
nominal,4133,1,1.12890625,True,False
nominal,4134,1,0.69921875,True,False
nominal,4135,1,1.06640625,True,False
nominal,4136,1,1.65234375,True,False
nominal,4137,1,1.00390625,True,False
nominal,4138,1,0.56640625,True,False
nominal,4139,1,1.453125,True,False
nominal,4140,1,0.38671875,True,False
nominal,4141,1,0.58203125,True,False
nominal,4142,1,0.6328125,True,False
nominal,4143,1,0.859375,True,False
nominal,4144,1,0.51953125,True,False
nominal,4145,1,0.6953125,True,False
nominal,4146,1,0.93359375,True,False
nominal,4147,1,1.1171875,True,False
nominal,4148,1,0.84375,True,False
nominal,4149,1,0.859375,True,False
nominal,4150,1,0.37109375,True,False
nominal,4151,1,0.49609375,True,False
nominal,4152,1,0.8125,True,False
nominal,4153,1,0.66796875,True,False
nominal,4154,1,0.68359375,True,False
nominal,4155,1,1.48046875,True,False
nominal,4156,1,1.0703125,True,False
nominal,4157,1,0.98046875,True,False
nominal,4158,1,0.63671875,True,False
nominal,4159,1,0.97265625,True,False
nominal,4160,1,0.86328125,True,False
nominal,4161,1,1.0234375,True,False
nominal,4162,1,0.33203125,True,False
nominal,4163,1,0.77734375,True,False
nominal,4164,1,0.61328125,True,False
nominal,4165,1,0.73046875,True,False
nominal,4166,1,1.421875,True,False
nominal,4167,1,0.33984375,True,False
nominal,4168,1,0.49609375,True,False
nominal,4169,1,1.359375,True,False
nominal,4170,1,0.50390625,True,False
nominal,4171,1,0.84375,True,False
nominal,4172,1,1.1484375,True,False
nominal,4173,1,1.125,True,False
nominal,4174,1,0.23046875,True,False
nominal,4175,1,0.83984375,True,False
nominal,4176,1,0.39453125,True,False
nominal,4177,1,1.00390625,True,False
nominal,4178,1,1.21484375,True,False
nominal,4179,1,1.03515625,True,False
nominal,4180,1,0.9765625,True,False
nominal,4181,1,0.3984375,True,False
nominal,4182,1,0.859375,True,False
nominal,4183,1,0.3203125,True,False
nominal,4184,1,0.515625,True,False
nominal,4185,1,1.15625,True,False
nominal,4186,1,0.49609375,True,False
nominal,4187,1,0.73046875,True,False
nominal,4188,1,0.4375,True,False
nominal,4189,1,0.453125,True,False
nominal,4190,1,0.57421875,True,False
nominal,4191,1,1.09375,True,False
nominal,4192,1,0.5390625,True,False
nominal,4193,1,0.6484375,True,False
nominal,4194,1,0.70703125,True,False
nominal,4195,1,0.953125,True,False
nominal,4196,1,0.55078125,True,False
nominal,4197,1,0.6171875,True,False
nominal,4198,1,0.421875,True,False
nominal,4199,1,0.91796875,True,False
nominal,4200,1,0.55859375,True,False
nominal,4201,1,1.296875,True,False
nominal,4202,1,0.640625,True,False
nominal,4203,1,0.56640625,True,False
nominal,4204,1,0.45703125,True,False
nominal,4205,1,0.61328125,True,False
nominal,4206,1,0.69140625,True,False
nominal,4207,1,1.09765625,True,False
nominal,4208,1,0.4921875,True,False
nominal,4209,1,0.6640625,True,False
nominal,4210,1,1.2734375,True,False
nominal,4211,1,0.3046875,True,False
nominal,4212,1,0.6953125,True,False
nominal,4213,1,0.328125,True,False
nominal,4214,1,1.02734375,True,False
nominal,4215,-1,0.40234375,False,False
nominal,4216,1,0.5546875,True,False
nominal,4217,1,0.75,True,False
nominal,4218,1,0.8515625,True,False
nominal,4219,1,0.94921875,True,False
nominal,4220,1,0.49609375,True,False
nominal,4221,1,0.89453125,True,False
nominal,4222,1,1.15625,True,False
nominal,4223,1,0.73046875,True,False
nominal,4224,1,0.609375,True,False
nominal,4225,1,0.9453125,True,False
nominal,4226,1,0.99609375,True,False
nominal,4227,1,0.71484375,True,False
nominal,4228,1,1.0,True,False
nominal,4229,1,0.875,True,False
nominal,4230,1,1.13671875,True,False
nominal,4231,1,1.09375,True,False
nominal,4232,1,0.50390625,True,False
nominal,4233,1,0.9375,True,False
nominal,4234,1,1.234375,True,False
nominal,4235,1,1.2734375,True,False
nominal,4236,1,0.734375,True,False
nominal,4237,1,0.5703125,True,False
nominal,4238,1,0.765625,True,False
nominal,4239,1,0.53515625,True,False
nominal,4240,1,1.3828125,True,False
nominal,4241,1,0.53515625,True,False
nominal,4242,1,0.55078125,True,False
nominal,4243,1,1.90625,True,False
nominal,4244,1,0.58203125,True,False
nominal,4245,1,0.45703125,True,False
nominal,4246,1,1.50390625,True,False
nominal,4247,1,0.45703125,True,False
nominal,4248,1,1.16796875,True,False
nominal,4249,1,1.66015625,True,False
nominal,4250,1,0.77734375,True,False
nominal,4251,1,0.44921875,True,False
nominal,4252,1,0.7265625,True,False
nominal,4253,1,0.69140625,True,False
nominal,4254,1,0.47265625,True,False
nominal,4255,1,0.80078125,True,False
nominal,4256,1,0.37109375,True,False
nominal,4257,1,0.79296875,True,False
nominal,4258,1,0.6171875,True,False
nominal,4259,1,0.8828125,True,False
nominal,4260,1,0.55859375,True,False
nominal,4261,1,1.453125,True,False
nominal,4262,1,0.4609375,True,False
nominal,4263,1,1.5234375,True,False
nominal,4264,1,1.6640625,True,False
nominal,4265,1,0.92578125,True,False
nominal,4266,1,0.60546875,True,False
nominal,4267,1,1.11328125,True,False
nominal,4268,1,0.67578125,True,False
nominal,4269,1,1.73046875,True,False
nominal,4270,1,1.18359375,True,False
nominal,4271,1,0.42578125,True,False
nominal,4272,1,0.57421875,True,False
nominal,4273,1,0.43359375,True,False
nominal,4274,1,0.4921875,True,False
nominal,4275,1,0.76171875,True,False
nominal,4276,1,0.26171875,True,False
nominal,4277,1,0.50390625,True,False
nominal,4278,1,1.24609375,True,False
nominal,4279,1,0.90625,True,False
nominal,4280,1,1.48828125,True,False
nominal,4281,1,0.95703125,True,False
nominal,4282,1,1.30078125,True,False
nominal,4283,1,0.609375,True,False
nominal,4284,1,0.54296875,True,False
nominal,4285,1,1.078125,True,False
nominal,4286,1,0.81640625,True,False
nominal,4287,1,1.60546875,True,False
nominal,4288,1,0.88671875,True,False
nominal,4289,1,1.72265625,True,False
nominal,4290,1,1.26171875,True,False
nominal,4291,1,1.07421875,True,False
nominal,4292,1,0.81640625,True,False
nominal,4293,1,0.46875,True,False
nominal,4294,1,1.265625,True,False
nominal,4295,1,0.515625,True,False
nominal,4296,1,0.546875,True,False
nominal,4297,1,0.56640625,True,False
nominal,4298,1,0.44140625,True,False
nominal,4299,1,1.265625,True,False
nominal,4300,1,0.921875,True,False
nominal,4301,1,0.46875,True,False
nominal,4302,1,0.671875,True,False
nominal,4303,1,1.0,True,False
nominal,4304,1,0.55078125,True,False
nominal,4305,1,0.9765625,True,False
nominal,4306,1,0.7109375,True,False
nominal,4307,1,0.9453125,True,False
nominal,4308,1,0.64453125,True,False
nominal,4309,1,1.05078125,True,False
nominal,4310,1,0.80078125,True,False
nominal,4311,1,1.17578125,True,False
nominal,4312,1,1.02734375,True,False
nominal,4313,1,0.84375,True,False
nominal,4314,1,1.375,True,False
nominal,4315,1,1.01171875,True,False
nominal,4316,1,1.43359375,True,False
nominal,4317,1,0.33203125,True,False
nominal,4318,1,0.421875,True,False
nominal,4319,1,0.91796875,True,False
nominal,4320,1,1.24609375,True,False
nominal,4321,1,0.421875,True,False
nominal,4322,1,0.91015625,True,False
nominal,4323,1,1.2265625,True,False
nominal,4324,1,1.015625,True,False
nominal,4325,1,1.15625,True,False
nominal,4326,1,0.52734375,True,False
nominal,4327,1,1.046875,True,False
nominal,4328,1,0.33984375,True,False
nominal,4329,1,0.953125,True,False
nominal,4330,1,0.61328125,True,False
nominal,4331,1,0.46875,True,False
nominal,4332,1,0.4453125,True,False
nominal,4333,1,1.05078125,True,False
nominal,4334,1,0.90625,True,False
nominal,4335,1,0.3046875,True,False
nominal,4336,1,0.42578125,True,False
nominal,4337,1,0.609375,True,False
nominal,4338,1,0.4765625,True,False
nominal,4339,1,1.00390625,True,False
nominal,4340,0,,False,True
nominal,4341,1,0.42578125,True,False
nominal,4342,1,1.33984375,True,False
nominal,4343,1,0.97265625,True,False
nominal,4344,1,0.578125,True,False
nominal,4345,1,1.25,True,False
nominal,4346,1,1.30859375,True,False
nominal,4347,1,1.296875,True,False
nominal,4348,1,0.7578125,True,False
nominal,4349,1,1.1015625,True,False
nominal,4350,1,1.2109375,True,False
nominal,4351,1,0.34375,True,False
nominal,4352,1,1.71484375,True,False
nominal,4353,1,0.703125,True,False
nominal,4354,1,1.08984375,True,False
nominal,4355,1,0.83984375,True,False
nominal,4356,1,0.87109375,True,False
nominal,4357,1,0.82421875,True,False
nominal,4358,1,1.89453125,True,False
nominal,4359,1,0.53515625,True,False
nominal,4360,1,0.515625,True,False
nominal,4361,0,,False,True
nominal,4362,1,0.6953125,True,False
nominal,4363,1,1.44921875,True,False
nominal,4364,1,0.59375,True,False
nominal,4365,1,1.5703125,True,False
nominal,4366,0,,False,True
nominal,4367,1,1.53125,True,False
nominal,4368,1,0.796875,True,False
nominal,4369,1,0.9375,True,False
nominal,4370,1,1.05859375,True,False
nominal,4371,1,1.71484375,True,False
nominal,4372,1,0.81640625,True,False
nominal,4373,1,0.44140625,True,False
nominal,4374,1,1.2421875,True,False
nominal,4375,1,0.34375,True,False
nominal,4376,1,1.51953125,True,False
nominal,4377,1,1.1015625,True,False
nominal,4378,1,0.72265625,True,False
nominal,4379,1,0.72265625,True,False
nominal,4380,1,1.5859375,True,False
nominal,4381,1,1.078125,True,False
nominal,4382,1,0.6484375,True,False
nominal,4383,1,0.33984375,True,False
nominal,4384,1,0.41796875,True,False
nominal,4385,1,0.54296875,True,False
nominal,4386,1,0.61328125,True,False
nominal,4387,1,0.57421875,True,False
nominal,4388,1,1.58984375,True,False
nominal,4389,1,1.40234375,True,False
nominal,4390,1,0.39453125,True,False
nominal,4391,1,1.1875,True,False
nominal,4392,1,1.1796875,True,False
nominal,4393,1,0.83984375,True,False
nominal,4394,1,1.39453125,True,False
nominal,4395,1,0.421875,True,False
nominal,4396,1,0.99609375,True,False
nominal,4397,1,0.7734375,True,False
nominal,4398,1,0.8984375,True,False
nominal,4399,1,0.86328125,True,False
nominal,4400,1,0.62109375,True,False
nominal,4401,0,,False,True
nominal,4402,1,0.41015625,True,False
nominal,4403,1,0.94921875,True,False
nominal,4404,1,0.59375,True,False
nominal,4405,1,0.90234375,True,False
nominal,4406,1,1.03515625,True,False
nominal,4407,1,0.46875,True,False
nominal,4408,1,1.1640625,True,False
nominal,4409,1,0.98828125,True,False
nominal,4410,1,0.62890625,True,False
nominal,4411,1,0.984375,True,False
nominal,4412,1,0.5078125,True,False
nominal,4413,1,0.65625,True,False
nominal,4414,1,0.76953125,True,False
nominal,4415,1,0.578125,True,False
nominal,4416,1,0.9296875,True,False
nominal,4417,1,0.71484375,True,False
nominal,4418,1,0.94140625,True,False
nominal,4419,1,0.984375,True,False
nominal,4420,1,0.58984375,True,False
nominal,4421,1,0.75,True,False
nominal,4422,1,0.62109375,True,False
nominal,4423,1,0.9375,True,False
nominal,4424,1,0.55859375,True,False
nominal,4425,1,0.796875,True,False
nominal,4426,1,0.50390625,True,False
nominal,4427,1,0.6953125,True,False
nominal,4428,1,0.70703125,True,False
nominal,4429,1,1.0859375,True,False
nominal,4430,1,0.6484375,True,False
nominal,4431,1,0.44921875,True,False
nominal,4432,1,0.72265625,True,False
nominal,4433,1,0.3203125,True,False
nominal,4434,1,1.3515625,True,False
nominal,4435,1,0.8046875,True,False
nominal,4436,1,1.703125,True,False
nominal,4437,1,1.01953125,True,False
nominal,4438,1,1.2578125,True,False
nominal,4439,1,0.6015625,True,False
nominal,4440,1,1.66015625,True,False
nominal,4441,0,,False,True
nominal,4442,1,0.890625,True,False
nominal,4443,1,0.82421875,True,False
nominal,4444,1,0.6953125,True,False
nominal,4445,1,0.4296875,True,False
nominal,4446,1,0.359375,True,False
nominal,4447,1,0.71875,True,False
nominal,4448,1,1.328125,True,False
nominal,4449,1,1.23828125,True,False
nominal,4450,1,1.14453125,True,False
nominal,4451,1,1.1640625,True,False
nominal,4452,1,1.71875,True,False
nominal,4453,1,1.1015625,True,False
nominal,4454,1,0.7421875,True,False
nominal,4455,1,0.7265625,True,False
nominal,4456,1,0.9375,True,False
nominal,4457,1,0.65234375,True,False
nominal,4458,1,0.99609375,True,False
nominal,4459,1,0.609375,True,False
nominal,4460,1,1.7890625,True,False
nominal,4461,1,1.6171875,True,False
nominal,4462,1,0.890625,True,False
nominal,4463,1,0.48828125,True,False
nominal,4464,1,0.6171875,True,False
nominal,4465,1,0.4453125,True,False
nominal,4466,1,1.30859375,True,False
nominal,4467,1,0.90234375,True,False
nominal,4468,1,0.6328125,True,False
nominal,4469,1,0.9765625,True,False
nominal,4470,1,0.94921875,True,False
nominal,4471,1,0.578125,True,False
nominal,4472,1,0.9296875,True,False
nominal,4473,1,0.921875,True,False
nominal,4474,1,1.390625,True,False
nominal,4475,1,0.90234375,True,False
nominal,4476,1,1.87109375,True,False
nominal,4477,1,0.65234375,True,False
nominal,4478,1,0.8359375,True,False
nominal,4479,1,1.3984375,True,False
nominal,4480,1,0.4609375,True,False
nominal,4481,1,1.2109375,True,False
nominal,4482,1,0.265625,True,False
nominal,4483,1,0.69140625,True,False
nominal,4484,1,0.703125,True,False
nominal,4485,1,0.66015625,True,False
nominal,4486,1,0.55859375,True,False
nominal,4487,1,0.5078125,True,False
nominal,4488,1,1.12109375,True,False
nominal,4489,1,1.02734375,True,False
nominal,4490,1,1.45703125,True,False
nominal,4491,1,0.55859375,True,False
nominal,4492,1,0.84765625,True,False
nominal,4493,1,0.4375,True,False
nominal,4494,1,0.4765625,True,False
nominal,4495,1,0.75390625,True,False
nominal,4496,1,1.05078125,True,False
nominal,4497,1,0.8984375,True,False
nominal,4498,1,0.6015625,True,False
nominal,4499,1,1.03515625,True,False
nominal,4500,1,0.546875,True,False
nominal,4501,1,0.5,True,False
nominal,4502,1,0.6328125,True,False
nominal,4503,1,0.70703125,True,False
nominal,4504,1,0.984375,True,False
nominal,4505,1,0.55078125,True,False
nominal,4506,1,0.32421875,True,False
nominal,4507,1,1.015625,True,False
nominal,4508,1,0.34375,True,False
nominal,4509,1,0.890625,True,False
nominal,4510,1,0.86328125,True,False
nominal,4511,1,1.17578125,True,False
nominal,4512,1,0.43359375,True,False
nominal,4513,1,1.38671875,True,False
nominal,4514,1,0.73046875,True,False
nominal,4515,1,1.2734375,True,False
nominal,4516,1,1.05859375,True,False
nominal,4517,1,0.5859375,True,False
nominal,4518,1,0.79296875,True,False
nominal,4519,1,0.67578125,True,False
nominal,4520,1,0.68359375,True,False
nominal,4521,1,1.34375,True,False
nominal,4522,1,1.03515625,True,False
nominal,4523,1,1.671875,True,False
nominal,4524,1,0.33203125,True,False
nominal,4525,1,0.68359375,True,False
nominal,4526,1,1.12109375,True,False
nominal,4527,1,0.8828125,True,False
nominal,4528,1,0.45703125,True,False
nominal,4529,1,1.7734375,True,False
nominal,4530,1,0.78515625,True,False
nominal,4531,1,1.35546875,True,False
nominal,4532,1,1.4609375,True,False
nominal,4533,1,0.5859375,True,False
nominal,4534,1,0.28125,True,False
nominal,4535,1,0.41015625,True,False
nominal,4536,1,0.7109375,True,False
nominal,4537,1,0.765625,True,False
nominal,4538,1,0.75390625,True,False
nominal,4539,1,0.60546875,True,False
nominal,4540,1,0.53125,True,False
nominal,4541,1,0.84765625,True,False
nominal,4542,1,0.65234375,True,False
nominal,4543,1,0.5,True,False
nominal,4544,1,0.6640625,True,False
nominal,4545,1,1.3671875,True,False
nominal,4546,1,0.98046875,True,False
nominal,4547,1,0.84375,True,False
nominal,4548,0,,False,True
nominal,4549,1,0.4609375,True,False
nominal,4550,1,0.74609375,True,False
nominal,4551,1,0.75390625,True,False
nominal,4552,1,0.96484375,True,False
nominal,4553,1,1.40625,True,False
nominal,4554,1,0.48828125,True,False
nominal,4555,1,1.28125,True,False
nominal,4556,1,0.75,True,False
nominal,4557,1,0.9921875,True,False
nominal,4558,1,0.89453125,True,False
nominal,4559,1,1.015625,True,False
nominal,4560,1,0.68359375,True,False
nominal,4561,1,1.34765625,True,False
nominal,4562,1,0.83203125,True,False
nominal,4563,1,0.609375,True,False
nominal,4564,1,0.89453125,True,False
nominal,4565,1,0.4609375,True,False
nominal,4566,1,1.15625,True,False
nominal,4567,1,1.03515625,True,False
nominal,4568,1,0.5546875,True,False
nominal,4569,1,0.546875,True,False
nominal,4570,1,0.49609375,True,False
nominal,4571,1,0.76953125,True,False
nominal,4572,1,0.5859375,True,False
nominal,4573,1,0.76953125,True,False
nominal,4574,1,0.68359375,True,False
nominal,4575,1,0.90234375,True,False
nominal,4576,1,0.47265625,True,False
nominal,4577,1,0.44921875,True,False
nominal,4578,1,1.1484375,True,False
nominal,4579,1,1.18359375,True,False
nominal,4580,1,0.6328125,True,False
nominal,4581,1,0.89453125,True,False
nominal,4582,1,0.78125,True,False
nominal,4583,1,0.64453125,True,False
nominal,4584,1,1.11328125,True,False
nominal,4585,1,0.80078125,True,False
nominal,4586,1,0.4140625,True,False
nominal,4587,1,1.34375,True,False
nominal,4588,1,0.60546875,True,False
nominal,4589,1,0.78515625,True,False
nominal,4590,1,0.6328125,True,False
nominal,4591,1,1.2421875,True,False
nominal,4592,1,0.359375,True,False
nominal,4593,1,0.375,True,False
nominal,4594,1,0.83984375,True,False
nominal,4595,1,0.78125,True,False
nominal,4596,1,0.5625,True,False
nominal,4597,1,1.79296875,True,False
nominal,4598,1,0.93359375,True,False
nominal,4599,1,0.67578125,True,False
nominal,4600,1,1.59375,True,False
nominal,4601,1,0.66796875,True,False
nominal,4602,1,0.98828125,True,False
nominal,4603,1,0.49609375,True,False
nominal,4604,1,0.5546875,True,False
nominal,4605,1,1.10546875,True,False
nominal,4606,1,1.34375,True,False
nominal,4607,1,1.5390625,True,False
nominal,4608,1,0.890625,True,False
nominal,4609,1,0.7109375,True,False
nominal,4610,1,0.6875,True,False
nominal,4611,1,0.953125,True,False
nominal,4612,1,0.68359375,True,False
nominal,4613,1,0.70703125,True,False
nominal,4614,1,0.8671875,True,False
nominal,4615,1,0.79296875,True,False
nominal,4616,1,1.0703125,True,False
nominal,4617,1,0.57421875,True,False
nominal,4618,1,0.484375,True,False
nominal,4619,1,0.6328125,True,False
nominal,4620,1,0.89453125,True,False
nominal,4621,1,1.0234375,True,False
nominal,4622,1,1.2734375,True,False
nominal,4623,1,0.625,True,False
nominal,4624,1,0.84375,True,False
nominal,4625,1,0.4453125,True,False
nominal,4626,1,1.015625,True,False
nominal,4627,1,0.9921875,True,False
nominal,4628,1,0.6171875,True,False
nominal,4629,1,0.69140625,True,False
nominal,4630,1,0.83984375,True,False
nominal,4631,1,0.8671875,True,False
nominal,4632,1,0.53515625,True,False
nominal,4633,1,0.66796875,True,False
nominal,4634,1,0.62890625,True,False
nominal,4635,1,0.7734375,True,False
nominal,4636,1,1.51171875,True,False
nominal,4637,1,0.5390625,True,False
nominal,4638,1,0.42578125,True,False
nominal,4639,1,0.2421875,True,False
nominal,4640,1,0.54296875,True,False
nominal,4641,1,1.23828125,True,False
nominal,4642,1,0.76171875,True,False
nominal,4643,1,0.3828125,True,False
nominal,4644,1,1.0390625,True,False
nominal,4645,1,0.43359375,True,False
nominal,4646,0,,False,True
nominal,4647,1,0.2265625,True,False
nominal,4648,1,1.03515625,True,False
nominal,4649,1,0.46875,True,False
nominal,4650,1,1.31640625,True,False
nominal,4651,1,0.56640625,True,False
nominal,4652,1,0.78515625,True,False
nominal,4653,1,1.34375,True,False
nominal,4654,1,0.51171875,True,False
nominal,4655,1,0.66015625,True,False
nominal,4656,1,0.63671875,True,False
nominal,4657,1,0.80859375,True,False
nominal,4658,1,0.515625,True,False
nominal,4659,1,0.64453125,True,False
nominal,4660,1,0.55078125,True,False
nominal,4661,1,1.4140625,True,False
nominal,4662,1,0.75390625,True,False
nominal,4663,1,1.56640625,True,False
nominal,4664,1,0.98046875,True,False
nominal,4665,1,0.8203125,True,False
nominal,4666,1,1.15234375,True,False
nominal,4667,1,1.09375,True,False
nominal,4668,1,0.96484375,True,False
nominal,4669,1,0.83203125,True,False
nominal,4670,1,1.4453125,True,False
nominal,4671,1,0.30859375,True,False
nominal,4672,1,0.76953125,True,False
nominal,4673,1,0.9609375,True,False
nominal,4674,1,0.4296875,True,False
nominal,4675,1,1.02734375,True,False
nominal,4676,1,0.59375,True,False
nominal,4677,1,0.9296875,True,False
nominal,4678,1,0.80078125,True,False
nominal,4679,1,0.71484375,True,False
nominal,4680,1,0.90625,True,False
nominal,4681,1,0.86328125,True,False
nominal,4682,1,0.71875,True,False
nominal,4683,1,0.55859375,True,False
nominal,4684,1,0.95703125,True,False
nominal,4685,1,0.55078125,True,False
nominal,4686,1,1.5078125,True,False
nominal,4687,1,1.078125,True,False
nominal,4688,1,0.375,True,False
nominal,4689,1,0.67578125,True,False
nominal,4690,1,0.625,True,False
nominal,4691,1,0.40234375,True,False
nominal,4692,1,0.47265625,True,False
nominal,4693,1,0.71875,True,False
nominal,4694,1,1.88671875,True,False
nominal,4695,1,0.55859375,True,False
nominal,4696,1,1.15625,True,False
nominal,4697,1,0.9140625,True,False
nominal,4698,1,0.515625,True,False
nominal,4699,1,0.390625,True,False
nominal,4700,1,0.28515625,True,False
nominal,4701,1,1.0078125,True,False
nominal,4702,1,0.59765625,True,False
nominal,4703,1,1.8828125,True,False
nominal,4704,1,0.64453125,True,False
nominal,4705,1,0.8984375,True,False
nominal,4706,1,0.765625,True,False
nominal,4707,1,1.5078125,True,False
nominal,4708,1,0.640625,True,False
nominal,4709,1,1.0234375,True,False
nominal,4710,1,0.8359375,True,False
nominal,4711,1,1.48828125,True,False
nominal,4712,1,1.18359375,True,False
nominal,4713,1,0.5625,True,False
nominal,4714,1,0.48828125,True,False
nominal,4715,1,0.5234375,True,False
nominal,4716,1,0.86328125,True,False
nominal,4717,1,1.87890625,True,False
nominal,4718,1,0.83984375,True,False
nominal,4719,1,1.13671875,True,False
nominal,4720,1,0.8125,True,False
nominal,4721,1,0.65234375,True,False
nominal,4722,1,0.3671875,True,False
nominal,4723,1,1.0625,True,False
nominal,4724,1,1.30078125,True,False
nominal,4725,1,0.40234375,True,False
nominal,4726,1,0.80078125,True,False
nominal,4727,1,0.76171875,True,False
nominal,4728,1,0.6484375,True,False
nominal,4729,1,0.67578125,True,False
nominal,4730,1,0.546875,True,False
nominal,4731,1,0.64453125,True,False
nominal,4732,1,0.95703125,True,False
nominal,4733,1,0.8125,True,False
nominal,4734,1,0.68359375,True,False
nominal,4735,1,0.56640625,True,False
nominal,4736,1,0.71875,True,False
nominal,4737,1,0.94140625,True,False
nominal,4738,1,0.5078125,True,False
nominal,4739,1,0.87109375,True,False
nominal,4740,1,1.01171875,True,False
nominal,4741,1,0.796875,True,False
nominal,4742,1,0.8125,True,False
nominal,4743,1,0.64453125,True,False
nominal,4744,1,0.61328125,True,False
nominal,4745,1,0.89453125,True,False
nominal,4746,1,0.85546875,True,False
nominal,4747,1,1.33203125,True,False
nominal,4748,1,0.61328125,True,False
nominal,4749,1,0.8515625,True,False
nominal,4750,1,0.4921875,True,False
nominal,4751,1,0.671875,True,False
nominal,4752,1,0.8515625,True,False
nominal,4753,1,1.0234375,True,False
nominal,4754,1,1.76171875,True,False
nominal,4755,1,1.203125,True,False
nominal,4756,1,1.4140625,True,False
nominal,4757,1,0.33203125,True,False
nominal,4758,1,0.83984375,True,False
nominal,4759,1,0.9140625,True,False
nominal,4760,1,0.515625,True,False
nominal,4761,1,0.8671875,True,False
nominal,4762,0,,False,True
nominal,4763,1,1.24609375,True,False
nominal,4764,1,0.5859375,True,False
nominal,4765,1,0.96875,True,False
nominal,4766,1,0.890625,True,False
nominal,4767,1,0.48046875,True,False
nominal,4768,1,0.70703125,True,False
nominal,4769,1,0.56640625,True,False
nominal,4770,1,1.0703125,True,False
nominal,4771,1,1.2421875,True,False
nominal,4772,1,1.5078125,True,False
nominal,4773,1,0.50390625,True,False
nominal,4774,1,0.93359375,True,False
nominal,4775,1,1.1015625,True,False
nominal,4776,1,0.890625,True,False
nominal,4777,1,0.76953125,True,False
nominal,4778,1,1.015625,True,False
nominal,4779,1,1.5078125,True,False
nominal,4780,1,0.66015625,True,False
nominal,4781,1,0.79296875,True,False
nominal,4782,1,1.33984375,True,False
nominal,4783,1,0.62890625,True,False
nominal,4784,1,0.49609375,True,False
nominal,4785,1,0.95703125,True,False
nominal,4786,1,0.5390625,True,False
nominal,4787,1,0.6171875,True,False
nominal,4788,1,1.55078125,True,False
nominal,4789,1,1.45703125,True,False
nominal,4790,1,0.984375,True,False
nominal,4791,1,1.546875,True,False
nominal,4792,1,1.3359375,True,False
nominal,4793,1,0.91796875,True,False
nominal,4794,1,1.23046875,True,False
nominal,4795,1,1.265625,True,False
nominal,4796,1,0.33984375,True,False
nominal,4797,1,1.9296875,True,False
nominal,4798,0,,False,True
nominal,4799,1,1.1328125,True,False
nominal,4800,1,0.93359375,True,False
nominal,4801,1,0.734375,True,False
nominal,4802,1,0.67578125,True,False
nominal,4803,1,0.5234375,True,False
nominal,4804,1,0.4921875,True,False
nominal,4805,1,0.7890625,True,False
nominal,4806,1,0.42578125,True,False
nominal,4807,1,1.08984375,True,False
nominal,4808,1,0.55078125,True,False
nominal,4809,1,0.6796875,True,False
nominal,4810,1,0.578125,True,False
nominal,4811,1,0.5390625,True,False
nominal,4812,1,0.7265625,True,False
nominal,4813,1,1.1953125,True,False
nominal,4814,1,0.94140625,True,False
nominal,4815,1,1.13671875,True,False
nominal,4816,1,0.75,True,False
nominal,4817,1,1.70703125,True,False
nominal,4818,1,1.29296875,True,False
nominal,4819,1,1.03125,True,False
nominal,4820,1,0.73046875,True,False
nominal,4821,1,0.29296875,True,False
nominal,4822,1,0.70703125,True,False
nominal,4823,1,0.5859375,True,False
nominal,4824,1,0.50390625,True,False
nominal,4825,1,0.76171875,True,False
nominal,4826,1,1.1640625,True,False
nominal,4827,0,,False,True
nominal,4828,1,1.10546875,True,False
nominal,4829,1,0.66015625,True,False
nominal,4830,1,0.609375,True,False
nominal,4831,1,0.76953125,True,False
nominal,4832,1,0.8984375,True,False
nominal,4833,1,1.484375,True,False
nominal,4834,1,1.37109375,True,False
nominal,4835,1,0.578125,True,False
nominal,4836,1,1.328125,True,False
nominal,4837,1,0.27734375,True,False
nominal,4838,1,0.421875,True,False
nominal,4839,1,0.7265625,True,False
nominal,4840,1,1.38671875,True,False
nominal,4841,1,1.2734375,True,False
nominal,4842,1,1.25390625,True,False
nominal,4843,1,0.80078125,True,False
nominal,4844,0,,False,True
nominal,4845,1,0.578125,True,False
nominal,4846,1,0.6015625,True,False
nominal,4847,1,0.4921875,True,False
nominal,4848,1,0.9296875,True,False
nominal,4849,1,0.64453125,True,False
nominal,4850,1,0.63671875,True,False
nominal,4851,1,1.44140625,True,False
nominal,4852,1,0.73046875,True,False
nominal,4853,0,,False,True
nominal,4854,1,0.5390625,True,False
nominal,4855,1,0.64453125,True,False
nominal,4856,1,0.6171875,True,False
nominal,4857,1,0.5234375,True,False
nominal,4858,1,1.1875,True,False
nominal,4859,1,0.96484375,True,False
nominal,4860,1,1.3359375,True,False
nominal,4861,1,0.703125,True,False
nominal,4862,1,0.9296875,True,False
nominal,4863,1,1.10546875,True,False
nominal,4864,1,1.21875,True,False
nominal,4865,1,1.65625,True,False
nominal,4866,1,0.59765625,True,False
nominal,4867,0,,False,True
nominal,4868,1,0.5078125,True,False
nominal,4869,1,0.703125,True,False
nominal,4870,1,1.046875,True,False
nominal,4871,1,1.05078125,True,False
nominal,4872,1,1.08203125,True,False
nominal,4873,1,0.67578125,True,False
nominal,4874,1,0.79296875,True,False
nominal,4875,1,0.55078125,True,False
nominal,4876,1,0.28515625,True,False
nominal,4877,1,1.5,True,False
nominal,4878,1,0.8359375,True,False
nominal,4879,1,0.54296875,True,False
nominal,4880,1,1.046875,True,False
nominal,4881,1,0.83203125,True,False
nominal,4882,1,0.5859375,True,False
nominal,4883,1,0.96875,True,False
nominal,4884,1,1.07421875,True,False
nominal,4885,1,0.65625,True,False
nominal,4886,1,0.6484375,True,False
nominal,4887,1,1.0390625,True,False
nominal,4888,1,0.59765625,True,False
nominal,4889,1,0.7578125,True,False
nominal,4890,1,0.90234375,True,False
nominal,4891,1,0.75390625,True,False
nominal,4892,1,0.89453125,True,False
nominal,4893,1,1.93359375,True,False
nominal,4894,1,1.171875,True,False
nominal,4895,1,1.1875,True,False
nominal,4896,1,1.25390625,True,False
nominal,4897,1,0.515625,True,False
nominal,4898,1,0.41796875,True,False
nominal,4899,1,0.68359375,True,False
nominal,4900,1,0.56640625,True,False
nominal,4901,1,0.97265625,True,False
nominal,4902,1,1.046875,True,False
nominal,4903,1,0.9453125,True,False
nominal,4904,1,0.77734375,True,False
nominal,4905,0,,False,True
nominal,4906,1,1.3515625,True,False
nominal,4907,1,1.01953125,True,False
nominal,4908,1,1.171875,True,False
nominal,4909,1,1.0625,True,False
nominal,4910,1,0.8984375,True,False
nominal,4911,1,0.796875,True,False
nominal,4912,1,1.26171875,True,False
nominal,4913,1,1.19921875,True,False
nominal,4914,1,0.67578125,True,False
nominal,4915,1,0.47265625,True,False
nominal,4916,1,1.1640625,True,False
nominal,4917,1,0.77734375,True,False
nominal,4918,1,1.80078125,True,False
nominal,4919,1,0.2890625,True,False
nominal,4920,0,,False,True
nominal,4921,1,0.5625,True,False
nominal,4922,1,0.8203125,True,False
nominal,4923,1,1.60546875,True,False
nominal,4924,1,0.6171875,True,False
nominal,4925,1,0.5078125,True,False
nominal,4926,1,0.46875,True,False
nominal,4927,1,0.61328125,True,False
nominal,4928,1,1.0546875,True,False
nominal,4929,1,0.43359375,True,False
nominal,4930,1,0.8515625,True,False
nominal,4931,1,1.3046875,True,False
nominal,4932,1,0.93359375,True,False
nominal,4933,1,0.6640625,True,False
nominal,4934,0,,False,True
nominal,4935,1,1.5,True,False
nominal,4936,1,0.51953125,True,False
nominal,4937,1,1.046875,True,False
nominal,4938,1,1.1875,True,False
nominal,4939,1,0.59765625,True,False
nominal,4940,1,0.78125,True,False
nominal,4941,1,0.6328125,True,False
nominal,4942,1,0.62109375,True,False
nominal,4943,1,0.890625,True,False
nominal,4944,1,0.4375,True,False
nominal,4945,1,1.1953125,True,False
nominal,4946,1,0.57421875,True,False
nominal,4947,1,1.2421875,True,False
nominal,4948,1,1.234375,True,False
nominal,4949,1,0.7265625,True,False
nominal,4950,1,1.3203125,True,False
nominal,4951,1,0.5546875,True,False
nominal,4952,1,1.12109375,True,False
nominal,4953,1,0.90234375,True,False
nominal,4954,1,0.26171875,True,False
nominal,4955,1,0.7109375,True,False
nominal,4956,1,0.5859375,True,False
nominal,4957,1,1.09765625,True,False
nominal,4958,1,1.00390625,True,False
nominal,4959,1,0.71484375,True,False
nominal,4960,1,0.36328125,True,False
nominal,4961,1,0.59375,True,False
nominal,4962,1,0.90234375,True,False
nominal,4963,1,0.43359375,True,False
nominal,4964,1,0.58984375,True,False
nominal,4965,1,0.61328125,True,False
nominal,4966,1,0.66796875,True,False
nominal,4967,1,0.93359375,True,False
nominal,4968,1,1.34765625,True,False
nominal,4969,1,1.31640625,True,False
nominal,4970,1,0.53125,True,False
nominal,4971,1,1.28515625,True,False
nominal,4972,1,0.3828125,True,False
nominal,4973,1,0.9609375,True,False
nominal,4974,1,1.10546875,True,False
nominal,4975,1,0.984375,True,False
nominal,4976,1,1.01953125,True,False
nominal,4977,1,0.62109375,True,False
nominal,4978,1,0.609375,True,False
nominal,4979,1,0.65625,True,False
nominal,4980,1,1.0859375,True,False
nominal,4981,1,0.5546875,True,False
nominal,4982,1,0.54296875,True,False
nominal,4983,1,1.06640625,True,False
nominal,4984,1,0.7578125,True,False
nominal,4985,1,0.609375,True,False
nominal,4986,1,0.828125,True,False
nominal,4987,1,1.359375,True,False
nominal,4988,0,,False,True
nominal,4989,1,1.51171875,True,False
nominal,4990,1,1.109375,True,False
nominal,4991,1,0.63671875,True,False
nominal,4992,1,1.4921875,True,False
nominal,4993,1,0.5859375,True,False
nominal,4994,1,0.54296875,True,False
nominal,4995,1,0.921875,True,False
nominal,4996,1,1.23046875,True,False
nominal,4997,1,1.63671875,True,False
nominal,4998,1,1.10546875,True,False
nominal,4999,1,0.90625,True,False
nominal,5000,1,1.26171875,True,False
weak_memory,1,1,0.86328125,True,False
weak_memory,2,0,,False,True
weak_memory,3,0,,False,True
weak_memory,4,0,,False,True
weak_memory,5,0,,False,True
weak_memory,6,0,,False,True
weak_memory,7,0,,False,True
weak_memory,8,0,,False,True
weak_memory,9,0,,False,True
weak_memory,10,1,1.1953125,True,False
weak_memory,11,1,2.0,True,False
weak_memory,12,1,0.9609375,True,False
weak_memory,13,0,,False,True
weak_memory,14,-1,1.84375,False,False
weak_memory,15,1,1.33984375,True,False
weak_memory,16,0,,False,True
weak_memory,17,1,0.6484375,True,False
weak_memory,18,0,,False,True
weak_memory,19,-1,1.3046875,False,False
weak_memory,20,1,1.359375,True,False
weak_memory,21,1,1.91796875,True,False
weak_memory,22,0,,False,True
weak_memory,23,1,1.3203125,True,False
weak_memory,24,0,,False,True
weak_memory,25,0,,False,True
weak_memory,26,1,0.65234375,True,False
weak_memory,27,0,,False,True
weak_memory,28,1,1.48046875,True,False
weak_memory,29,0,,False,True
weak_memory,30,1,1.77734375,True,False
weak_memory,31,0,,False,True
weak_memory,32,-1,1.828125,False,False
weak_memory,33,0,,False,True
weak_memory,34,0,,False,True
weak_memory,35,0,,False,True
weak_memory,36,1,1.48828125,True,False
weak_memory,37,0,,False,True
weak_memory,38,0,,False,True
weak_memory,39,0,,False,True
weak_memory,40,0,,False,True
weak_memory,41,-1,1.34375,False,False
weak_memory,42,1,1.2890625,True,False
weak_memory,43,1,0.671875,True,False
weak_memory,44,0,,False,True
weak_memory,45,0,,False,True
weak_memory,46,0,,False,True
weak_memory,47,1,0.609375,True,False
weak_memory,48,-1,1.3984375,False,False
weak_memory,49,0,,False,True
weak_memory,50,1,1.09375,True,False
weak_memory,51,0,,False,True
weak_memory,52,1,0.93359375,True,False
weak_memory,53,1,0.9375,True,False
weak_memory,54,1,1.75390625,True,False
weak_memory,55,0,,False,True
weak_memory,56,0,,False,True
weak_memory,57,0,,False,True
weak_memory,58,0,,False,True
weak_memory,59,-1,1.57421875,False,False
weak_memory,60,0,,False,True
weak_memory,61,0,,False,True
weak_memory,62,1,0.5,True,False
weak_memory,63,1,1.4453125,True,False
weak_memory,64,1,1.11328125,True,False
weak_memory,65,0,,False,True
weak_memory,66,0,,False,True
weak_memory,67,0,,False,True
weak_memory,68,0,,False,True
weak_memory,69,0,,False,True
weak_memory,70,1,0.5546875,True,False
weak_memory,71,1,1.9609375,True,False
weak_memory,72,0,,False,True
weak_memory,73,0,,False,True
weak_memory,74,1,0.73046875,True,False
weak_memory,75,0,,False,True
weak_memory,76,1,1.42578125,True,False
weak_memory,77,0,,False,True
weak_memory,78,1,0.76953125,True,False
weak_memory,79,1,1.66796875,True,False
weak_memory,80,0,,False,True
weak_memory,81,0,,False,True
weak_memory,82,0,,False,True
weak_memory,83,0,,False,True
weak_memory,84,1,1.2890625,True,False
weak_memory,85,0,,False,True
weak_memory,86,-1,0.28515625,False,False
weak_memory,87,1,0.87109375,True,False
weak_memory,88,-1,0.625,False,False
weak_memory,89,0,,False,True
weak_memory,90,1,1.06640625,True,False
weak_memory,91,1,0.74609375,True,False
weak_memory,92,0,,False,True
weak_memory,93,0,,False,True
weak_memory,94,-1,1.5703125,False,False
weak_memory,95,1,1.43359375,True,False
weak_memory,96,1,0.44921875,True,False
weak_memory,97,0,,False,True
weak_memory,98,-1,1.4375,False,False
weak_memory,99,1,0.3671875,True,False
weak_memory,100,0,,False,True
weak_memory,101,-1,1.2890625,False,False
weak_memory,102,0,,False,True
weak_memory,103,-1,1.66796875,False,False
weak_memory,104,-1,1.33203125,False,False
weak_memory,105,1,1.1171875,True,False
weak_memory,106,0,,False,True
weak_memory,107,0,,False,True
weak_memory,108,1,0.83203125,True,False
weak_memory,109,0,,False,True
weak_memory,110,0,,False,True
weak_memory,111,1,1.00390625,True,False
weak_memory,112,0,,False,True
weak_memory,113,0,,False,True
weak_memory,114,0,,False,True
weak_memory,115,1,0.8828125,True,False
weak_memory,116,0,,False,True
weak_memory,117,0,,False,True
weak_memory,118,1,1.109375,True,False
weak_memory,119,-1,1.640625,False,False
weak_memory,120,1,1.16796875,True,False
weak_memory,121,-1,1.94140625,False,False
weak_memory,122,0,,False,True
weak_memory,123,0,,False,True
weak_memory,124,0,,False,True
weak_memory,125,-1,0.921875,False,False
weak_memory,126,0,,False,True
weak_memory,127,1,1.1953125,True,False
weak_memory,128,1,0.9140625,True,False
weak_memory,129,0,,False,True
weak_memory,130,0,,False,True
weak_memory,131,0,,False,True
weak_memory,132,1,0.5234375,True,False
weak_memory,133,1,0.8984375,True,False
weak_memory,134,0,,False,True
weak_memory,135,0,,False,True
weak_memory,136,1,1.1953125,True,False
weak_memory,137,1,0.80859375,True,False
weak_memory,138,1,1.54296875,True,False
weak_memory,139,0,,False,True
weak_memory,140,0,,False,True
weak_memory,141,1,1.30859375,True,False
weak_memory,142,1,1.79296875,True,False
weak_memory,143,0,,False,True
weak_memory,144,0,,False,True
weak_memory,145,0,,False,True
weak_memory,146,1,1.63671875,True,False
weak_memory,147,0,,False,True
weak_memory,148,0,,False,True
weak_memory,149,0,,False,True
weak_memory,150,1,0.6328125,True,False
weak_memory,151,1,1.1640625,True,False
weak_memory,152,0,,False,True
weak_memory,153,1,1.21484375,True,False
weak_memory,154,0,,False,True
weak_memory,155,0,,False,True
weak_memory,156,1,1.7734375,True,False
weak_memory,157,-1,1.57421875,False,False
weak_memory,158,0,,False,True
weak_memory,159,1,0.63671875,True,False
weak_memory,160,0,,False,True
weak_memory,161,0,,False,True
weak_memory,162,1,1.8671875,True,False
weak_memory,163,1,0.59765625,True,False
weak_memory,164,1,1.37109375,True,False
weak_memory,165,0,,False,True
weak_memory,166,1,1.21875,True,False
weak_memory,167,0,,False,True
weak_memory,168,0,,False,True
weak_memory,169,1,0.86328125,True,False
weak_memory,170,0,,False,True
weak_memory,171,0,,False,True
weak_memory,172,-1,1.4140625,False,False
weak_memory,173,0,,False,True
weak_memory,174,1,1.453125,True,False
weak_memory,175,0,,False,True
weak_memory,176,0,,False,True
weak_memory,177,-1,1.43359375,False,False
weak_memory,178,0,,False,True
weak_memory,179,1,1.515625,True,False
weak_memory,180,1,0.6875,True,False
weak_memory,181,0,,False,True
weak_memory,182,0,,False,True
weak_memory,183,1,1.37890625,True,False
weak_memory,184,1,0.6328125,True,False
weak_memory,185,1,0.80078125,True,False
weak_memory,186,1,1.76171875,True,False
weak_memory,187,1,1.2734375,True,False
weak_memory,188,1,0.375,True,False
weak_memory,189,1,0.5078125,True,False
weak_memory,190,0,,False,True
weak_memory,191,0,,False,True
weak_memory,192,1,1.15234375,True,False
weak_memory,193,0,,False,True
weak_memory,194,0,,False,True
weak_memory,195,1,1.6328125,True,False
weak_memory,196,1,1.2578125,True,False
weak_memory,197,0,,False,True
weak_memory,198,0,,False,True
weak_memory,199,1,1.7578125,True,False
weak_memory,200,0,,False,True
weak_memory,201,0,,False,True
weak_memory,202,0,,False,True
weak_memory,203,0,,False,True
weak_memory,204,-1,1.1875,False,False
weak_memory,205,1,0.35546875,True,False
weak_memory,206,1,0.58203125,True,False
weak_memory,207,0,,False,True
weak_memory,208,0,,False,True
weak_memory,209,0,,False,True
weak_memory,210,0,,False,True
weak_memory,211,0,,False,True
weak_memory,212,0,,False,True
weak_memory,213,-1,1.87109375,False,False
weak_memory,214,0,,False,True
weak_memory,215,0,,False,True
weak_memory,216,0,,False,True
weak_memory,217,0,,False,True
weak_memory,218,0,,False,True
weak_memory,219,-1,0.73046875,False,False
weak_memory,220,1,1.2578125,True,False
weak_memory,221,0,,False,True
weak_memory,222,1,1.84765625,True,False
weak_memory,223,0,,False,True
weak_memory,224,0,,False,True
weak_memory,225,1,0.8125,True,False
weak_memory,226,0,,False,True
weak_memory,227,0,,False,True
weak_memory,228,1,0.8046875,True,False
weak_memory,229,0,,False,True
weak_memory,230,1,0.73828125,True,False
weak_memory,231,0,,False,True
weak_memory,232,-1,0.875,False,False
weak_memory,233,-1,1.7734375,False,False
weak_memory,234,1,1.7734375,True,False
weak_memory,235,0,,False,True
weak_memory,236,0,,False,True
weak_memory,237,-1,1.60546875,False,False
weak_memory,238,0,,False,True
weak_memory,239,0,,False,True
weak_memory,240,0,,False,True
weak_memory,241,0,,False,True
weak_memory,242,-1,1.8515625,False,False
weak_memory,243,0,,False,True
weak_memory,244,-1,0.9765625,False,False
weak_memory,245,0,,False,True
weak_memory,246,1,0.87890625,True,False
weak_memory,247,0,,False,True
weak_memory,248,0,,False,True
weak_memory,249,1,1.24609375,True,False
weak_memory,250,1,1.24609375,True,False
weak_memory,251,0,,False,True
weak_memory,252,1,0.57421875,True,False
weak_memory,253,1,1.00390625,True,False
weak_memory,254,0,,False,True
weak_memory,255,0,,False,True
weak_memory,256,1,1.0,True,False
weak_memory,257,0,,False,True
weak_memory,258,0,,False,True
weak_memory,259,0,,False,True
weak_memory,260,0,,False,True
weak_memory,261,0,,False,True
weak_memory,262,1,1.328125,True,False
weak_memory,263,1,0.74609375,True,False
weak_memory,264,-1,1.4453125,False,False
weak_memory,265,1,1.67578125,True,False
weak_memory,266,0,,False,True
weak_memory,267,0,,False,True
weak_memory,268,0,,False,True
weak_memory,269,0,,False,True
weak_memory,270,0,,False,True
weak_memory,271,1,0.57421875,True,False
weak_memory,272,-1,1.46875,False,False
weak_memory,273,-1,0.41796875,False,False
weak_memory,274,1,1.578125,True,False
weak_memory,275,1,1.07421875,True,False
weak_memory,276,0,,False,True
weak_memory,277,1,1.76171875,True,False
weak_memory,278,0,,False,True
weak_memory,279,0,,False,True
weak_memory,280,1,0.73046875,True,False
weak_memory,281,1,1.8984375,True,False
weak_memory,282,0,,False,True
weak_memory,283,0,,False,True
weak_memory,284,1,0.5625,True,False
weak_memory,285,1,1.13671875,True,False
weak_memory,286,1,1.71875,True,False
weak_memory,287,1,1.68359375,True,False
weak_memory,288,0,,False,True
weak_memory,289,0,,False,True
weak_memory,290,1,1.953125,True,False
weak_memory,291,0,,False,True
weak_memory,292,0,,False,True
weak_memory,293,1,0.91015625,True,False
weak_memory,294,1,0.6171875,True,False
weak_memory,295,1,0.7421875,True,False
weak_memory,296,0,,False,True
weak_memory,297,0,,False,True
weak_memory,298,0,,False,True
weak_memory,299,0,,False,True
weak_memory,300,0,,False,True
weak_memory,301,1,1.28515625,True,False
weak_memory,302,1,1.54296875,True,False
weak_memory,303,1,0.8984375,True,False
weak_memory,304,1,1.12890625,True,False
weak_memory,305,-1,1.3046875,False,False
weak_memory,306,-1,0.6640625,False,False
weak_memory,307,1,1.67578125,True,False
weak_memory,308,0,,False,True
weak_memory,309,1,0.41796875,True,False
weak_memory,310,1,1.40234375,True,False
weak_memory,311,0,,False,True
weak_memory,312,1,0.54296875,True,False
weak_memory,313,1,1.390625,True,False
weak_memory,314,0,,False,True
weak_memory,315,0,,False,True
weak_memory,316,1,1.265625,True,False
weak_memory,317,0,,False,True
weak_memory,318,1,1.1875,True,False
weak_memory,319,1,0.83984375,True,False
weak_memory,320,-1,1.765625,False,False
weak_memory,321,1,0.55859375,True,False
weak_memory,322,0,,False,True
weak_memory,323,-1,0.60546875,False,False
weak_memory,324,0,,False,True
weak_memory,325,0,,False,True
weak_memory,326,0,,False,True
weak_memory,327,0,,False,True
weak_memory,328,1,0.7578125,True,False
weak_memory,329,1,0.86328125,True,False
weak_memory,330,1,0.703125,True,False
weak_memory,331,0,,False,True
weak_memory,332,1,0.875,True,False
weak_memory,333,1,1.9921875,True,False
weak_memory,334,0,,False,True
weak_memory,335,1,1.2421875,True,False
weak_memory,336,1,1.171875,True,False
weak_memory,337,0,,False,True
weak_memory,338,1,0.91015625,True,False
weak_memory,339,1,1.9453125,True,False
weak_memory,340,0,,False,True
weak_memory,341,1,1.7109375,True,False
weak_memory,342,-1,0.80859375,False,False
weak_memory,343,-1,0.61328125,False,False
weak_memory,344,-1,0.85546875,False,False
weak_memory,345,1,1.9921875,True,False
weak_memory,346,0,,False,True
weak_memory,347,0,,False,True
weak_memory,348,0,,False,True
weak_memory,349,0,,False,True
weak_memory,350,-1,1.14453125,False,False
weak_memory,351,0,,False,True
weak_memory,352,0,,False,True
weak_memory,353,0,,False,True
weak_memory,354,0,,False,True
weak_memory,355,0,,False,True
weak_memory,356,1,1.03125,True,False
weak_memory,357,1,0.55859375,True,False
weak_memory,358,0,,False,True
weak_memory,359,0,,False,True
weak_memory,360,1,1.96875,True,False
weak_memory,361,1,0.953125,True,False
weak_memory,362,1,0.51171875,True,False
weak_memory,363,1,0.953125,True,False
weak_memory,364,-1,1.37890625,False,False
weak_memory,365,0,,False,True
weak_memory,366,0,,False,True
weak_memory,367,0,,False,True
weak_memory,368,1,1.296875,True,False
weak_memory,369,0,,False,True
weak_memory,370,0,,False,True
weak_memory,371,0,,False,True
weak_memory,372,1,0.75,True,False
weak_memory,373,0,,False,True
weak_memory,374,0,,False,True
weak_memory,375,0,,False,True
weak_memory,376,1,0.515625,True,False
weak_memory,377,-1,0.75,False,False
weak_memory,378,0,,False,True
weak_memory,379,0,,False,True
weak_memory,380,0,,False,True
weak_memory,381,1,1.81640625,True,False
weak_memory,382,-1,1.359375,False,False
weak_memory,383,1,1.65625,True,False
weak_memory,384,0,,False,True
weak_memory,385,0,,False,True
weak_memory,386,0,,False,True
weak_memory,387,0,,False,True
weak_memory,388,0,,False,True
weak_memory,389,1,0.6328125,True,False
weak_memory,390,0,,False,True
weak_memory,391,0,,False,True
weak_memory,392,-1,1.87890625,False,False
weak_memory,393,0,,False,True
weak_memory,394,0,,False,True
weak_memory,395,0,,False,True
weak_memory,396,0,,False,True
weak_memory,397,0,,False,True
weak_memory,398,1,1.84765625,True,False
weak_memory,399,1,0.8984375,True,False
weak_memory,400,1,1.13671875,True,False
weak_memory,401,1,1.43359375,True,False
weak_memory,402,-1,0.7265625,False,False
weak_memory,403,0,,False,True
weak_memory,404,0,,False,True
weak_memory,405,0,,False,True
weak_memory,406,0,,False,True
weak_memory,407,0,,False,True
weak_memory,408,1,0.6796875,True,False
weak_memory,409,1,0.64453125,True,False
weak_memory,410,-1,0.5390625,False,False
weak_memory,411,1,1.25,True,False
weak_memory,412,-1,1.171875,False,False
weak_memory,413,0,,False,True
weak_memory,414,0,,False,True
weak_memory,415,0,,False,True
weak_memory,416,-1,1.72265625,False,False
weak_memory,417,0,,False,True
weak_memory,418,1,1.48828125,True,False
weak_memory,419,0,,False,True
weak_memory,420,-1,0.859375,False,False
weak_memory,421,1,1.66015625,True,False
weak_memory,422,0,,False,True
weak_memory,423,0,,False,True
weak_memory,424,0,,False,True
weak_memory,425,1,1.203125,True,False
weak_memory,426,0,,False,True
weak_memory,427,-1,0.88671875,False,False
weak_memory,428,1,1.19140625,True,False
weak_memory,429,-1,0.58984375,False,False
weak_memory,430,0,,False,True
weak_memory,431,-1,1.72265625,False,False
weak_memory,432,0,,False,True
weak_memory,433,1,0.67578125,True,False
weak_memory,434,1,1.9453125,True,False
weak_memory,435,-1,0.6171875,False,False
weak_memory,436,0,,False,True
weak_memory,437,1,1.35546875,True,False
weak_memory,438,0,,False,True
weak_memory,439,1,1.515625,True,False
weak_memory,440,0,,False,True
weak_memory,441,0,,False,True
weak_memory,442,1,0.69140625,True,False
weak_memory,443,1,1.91796875,True,False
weak_memory,444,0,,False,True
weak_memory,445,0,,False,True
weak_memory,446,0,,False,True
weak_memory,447,1,0.89453125,True,False
weak_memory,448,0,,False,True
weak_memory,449,0,,False,True
weak_memory,450,0,,False,True
weak_memory,451,-1,0.984375,False,False
weak_memory,452,1,1.328125,True,False
weak_memory,453,-1,1.265625,False,False
weak_memory,454,0,,False,True
weak_memory,455,0,,False,True
weak_memory,456,1,1.00390625,True,False
weak_memory,457,0,,False,True
weak_memory,458,1,1.41796875,True,False
weak_memory,459,0,,False,True
weak_memory,460,0,,False,True
weak_memory,461,1,1.28515625,True,False
weak_memory,462,0,,False,True
weak_memory,463,1,0.84765625,True,False
weak_memory,464,0,,False,True
weak_memory,465,1,1.25390625,True,False
weak_memory,466,0,,False,True
weak_memory,467,0,,False,True
weak_memory,468,1,0.46875,True,False
weak_memory,469,1,0.59375,True,False
weak_memory,470,-1,1.23046875,False,False
weak_memory,471,1,1.41796875,True,False
weak_memory,472,0,,False,True
weak_memory,473,1,0.34765625,True,False
weak_memory,474,0,,False,True
weak_memory,475,0,,False,True
weak_memory,476,0,,False,True
weak_memory,477,1,1.16015625,True,False
weak_memory,478,0,,False,True
weak_memory,479,-1,1.48828125,False,False
weak_memory,480,1,1.41796875,True,False
weak_memory,481,0,,False,True
weak_memory,482,0,,False,True
weak_memory,483,0,,False,True
weak_memory,484,0,,False,True
weak_memory,485,0,,False,True
weak_memory,486,0,,False,True
weak_memory,487,1,0.30078125,True,False
weak_memory,488,-1,1.15625,False,False
weak_memory,489,0,,False,True
weak_memory,490,1,1.38671875,True,False
weak_memory,491,-1,1.515625,False,False
weak_memory,492,0,,False,True
weak_memory,493,0,,False,True
weak_memory,494,-1,1.35546875,False,False
weak_memory,495,0,,False,True
weak_memory,496,1,1.58984375,True,False
weak_memory,497,0,,False,True
weak_memory,498,0,,False,True
weak_memory,499,1,1.20703125,True,False
weak_memory,500,0,,False,True
weak_memory,501,0,,False,True
weak_memory,502,1,0.4140625,True,False
weak_memory,503,0,,False,True
weak_memory,504,1,0.60546875,True,False
weak_memory,505,0,,False,True
weak_memory,506,-1,1.76953125,False,False
weak_memory,507,1,0.828125,True,False
weak_memory,508,1,0.81640625,True,False
weak_memory,509,-1,1.44140625,False,False
weak_memory,510,1,0.75,True,False
weak_memory,511,0,,False,True
weak_memory,512,1,1.02734375,True,False
weak_memory,513,0,,False,True
weak_memory,514,0,,False,True
weak_memory,515,0,,False,True
weak_memory,516,0,,False,True
weak_memory,517,0,,False,True
weak_memory,518,0,,False,True
weak_memory,519,0,,False,True
weak_memory,520,0,,False,True
weak_memory,521,1,0.99609375,True,False
weak_memory,522,1,0.76953125,True,False
weak_memory,523,-1,1.47265625,False,False
weak_memory,524,0,,False,True
weak_memory,525,0,,False,True
weak_memory,526,0,,False,True
weak_memory,527,1,0.3671875,True,False
weak_memory,528,0,,False,True
weak_memory,529,1,0.75,True,False
weak_memory,530,1,1.6796875,True,False
weak_memory,531,0,,False,True
weak_memory,532,0,,False,True
weak_memory,533,0,,False,True
weak_memory,534,0,,False,True
weak_memory,535,-1,1.26953125,False,False
weak_memory,536,1,0.46484375,True,False
weak_memory,537,0,,False,True
weak_memory,538,0,,False,True
weak_memory,539,1,0.6796875,True,False
weak_memory,540,0,,False,True
weak_memory,541,0,,False,True
weak_memory,542,0,,False,True
weak_memory,543,1,1.1171875,True,False
weak_memory,544,-1,0.72265625,False,False
weak_memory,545,-1,0.71484375,False,False
weak_memory,546,0,,False,True
weak_memory,547,0,,False,True
weak_memory,548,1,0.73046875,True,False
weak_memory,549,0,,False,True
weak_memory,550,-1,1.73046875,False,False
weak_memory,551,-1,1.58203125,False,False
weak_memory,552,1,0.81640625,True,False
weak_memory,553,1,0.93359375,True,False
weak_memory,554,0,,False,True
weak_memory,555,0,,False,True
weak_memory,556,-1,1.27734375,False,False
weak_memory,557,1,0.67578125,True,False
weak_memory,558,0,,False,True
weak_memory,559,-1,1.46484375,False,False
weak_memory,560,0,,False,True
weak_memory,561,0,,False,True
weak_memory,562,0,,False,True
weak_memory,563,0,,False,True
weak_memory,564,-1,0.33984375,False,False
weak_memory,565,0,,False,True
weak_memory,566,1,1.09765625,True,False
weak_memory,567,0,,False,True
weak_memory,568,-1,1.24609375,False,False
weak_memory,569,1,0.94140625,True,False
weak_memory,570,-1,0.99609375,False,False
weak_memory,571,0,,False,True
weak_memory,572,1,0.796875,True,False
weak_memory,573,0,,False,True
weak_memory,574,0,,False,True
weak_memory,575,1,1.265625,True,False
weak_memory,576,1,2.0,True,False
weak_memory,577,0,,False,True
weak_memory,578,0,,False,True
weak_memory,579,0,,False,True
weak_memory,580,0,,False,True
weak_memory,581,1,1.74609375,True,False
weak_memory,582,0,,False,True
weak_memory,583,-1,1.90234375,False,False
weak_memory,584,1,0.93359375,True,False
weak_memory,585,0,,False,True
weak_memory,586,-1,0.99609375,False,False
weak_memory,587,0,,False,True
weak_memory,588,1,0.97265625,True,False
weak_memory,589,1,0.94140625,True,False
weak_memory,590,0,,False,True
weak_memory,591,0,,False,True
weak_memory,592,0,,False,True
weak_memory,593,1,0.48046875,True,False
weak_memory,594,0,,False,True
weak_memory,595,-1,1.98828125,False,False
weak_memory,596,0,,False,True
weak_memory,597,0,,False,True
weak_memory,598,0,,False,True
weak_memory,599,-1,0.87890625,False,False
weak_memory,600,0,,False,True
weak_memory,601,1,1.48046875,True,False
weak_memory,602,1,0.30078125,True,False
weak_memory,603,-1,1.3203125,False,False
weak_memory,604,0,,False,True
weak_memory,605,1,1.640625,True,False
weak_memory,606,0,,False,True
weak_memory,607,0,,False,True
weak_memory,608,0,,False,True
weak_memory,609,1,0.8359375,True,False
weak_memory,610,0,,False,True
weak_memory,611,0,,False,True
weak_memory,612,0,,False,True
weak_memory,613,1,1.421875,True,False
weak_memory,614,0,,False,True
weak_memory,615,0,,False,True
weak_memory,616,1,0.78515625,True,False
weak_memory,617,1,0.97265625,True,False
weak_memory,618,1,0.7265625,True,False
weak_memory,619,0,,False,True
weak_memory,620,0,,False,True
weak_memory,621,-1,1.44140625,False,False
weak_memory,622,1,0.76953125,True,False
weak_memory,623,-1,1.69140625,False,False
weak_memory,624,0,,False,True
weak_memory,625,-1,1.8046875,False,False
weak_memory,626,1,1.23046875,True,False
weak_memory,627,-1,0.7578125,False,False
weak_memory,628,0,,False,True
weak_memory,629,-1,1.5234375,False,False
weak_memory,630,-1,1.9296875,False,False
weak_memory,631,1,1.84765625,True,False
weak_memory,632,1,1.3125,True,False
weak_memory,633,0,,False,True
weak_memory,634,0,,False,True
weak_memory,635,1,1.921875,True,False
weak_memory,636,0,,False,True
weak_memory,637,1,1.984375,True,False
weak_memory,638,0,,False,True
weak_memory,639,1,1.56640625,True,False
weak_memory,640,1,1.76953125,True,False
weak_memory,641,1,0.6640625,True,False
weak_memory,642,1,1.66796875,True,False
weak_memory,643,0,,False,True
weak_memory,644,-1,0.625,False,False
weak_memory,645,0,,False,True
weak_memory,646,1,1.0234375,True,False
weak_memory,647,0,,False,True
weak_memory,648,0,,False,True
weak_memory,649,1,1.59375,True,False
weak_memory,650,0,,False,True
weak_memory,651,1,0.4609375,True,False
weak_memory,652,0,,False,True
weak_memory,653,0,,False,True
weak_memory,654,1,1.43359375,True,False
weak_memory,655,1,1.6171875,True,False
weak_memory,656,0,,False,True
weak_memory,657,-1,0.82421875,False,False
weak_memory,658,0,,False,True
weak_memory,659,1,0.66015625,True,False
weak_memory,660,1,1.15234375,True,False
weak_memory,661,0,,False,True
weak_memory,662,0,,False,True
weak_memory,663,1,1.984375,True,False
weak_memory,664,0,,False,True
weak_memory,665,1,0.53515625,True,False
weak_memory,666,-1,1.125,False,False
weak_memory,667,1,0.52734375,True,False
weak_memory,668,1,0.94140625,True,False
weak_memory,669,0,,False,True
weak_memory,670,1,0.73828125,True,False
weak_memory,671,0,,False,True
weak_memory,672,-1,0.49609375,False,False
weak_memory,673,-1,0.4140625,False,False
weak_memory,674,0,,False,True
weak_memory,675,0,,False,True
weak_memory,676,1,0.5546875,True,False
weak_memory,677,0,,False,True
weak_memory,678,0,,False,True
weak_memory,679,-1,0.515625,False,False
weak_memory,680,1,0.9921875,True,False
weak_memory,681,0,,False,True
weak_memory,682,0,,False,True
weak_memory,683,0,,False,True
weak_memory,684,0,,False,True
weak_memory,685,1,1.44140625,True,False
weak_memory,686,1,0.56640625,True,False
weak_memory,687,0,,False,True
weak_memory,688,-1,1.93359375,False,False
weak_memory,689,0,,False,True
weak_memory,690,1,0.984375,True,False
weak_memory,691,0,,False,True
weak_memory,692,0,,False,True
weak_memory,693,1,0.7578125,True,False
weak_memory,694,0,,False,True
weak_memory,695,1,0.71484375,True,False
weak_memory,696,0,,False,True
weak_memory,697,0,,False,True
weak_memory,698,-1,1.734375,False,False
weak_memory,699,0,,False,True
weak_memory,700,1,0.97265625,True,False
weak_memory,701,0,,False,True
weak_memory,702,1,0.453125,True,False
weak_memory,703,0,,False,True
weak_memory,704,0,,False,True
weak_memory,705,1,1.58203125,True,False
weak_memory,706,1,0.625,True,False
weak_memory,707,0,,False,True
weak_memory,708,-1,0.375,False,False
weak_memory,709,1,1.84765625,True,False
weak_memory,710,1,0.8359375,True,False
weak_memory,711,0,,False,True
weak_memory,712,1,0.9765625,True,False
weak_memory,713,1,1.17578125,True,False
weak_memory,714,0,,False,True
weak_memory,715,1,0.76953125,True,False
weak_memory,716,-1,0.6171875,False,False
weak_memory,717,0,,False,True
weak_memory,718,1,0.671875,True,False
weak_memory,719,0,,False,True
weak_memory,720,0,,False,True
weak_memory,721,0,,False,True
weak_memory,722,0,,False,True
weak_memory,723,1,0.78125,True,False
weak_memory,724,0,,False,True
weak_memory,725,0,,False,True
weak_memory,726,1,1.04296875,True,False
weak_memory,727,0,,False,True
weak_memory,728,1,0.89453125,True,False
weak_memory,729,1,1.51171875,True,False
weak_memory,730,1,1.125,True,False
weak_memory,731,1,1.8671875,True,False
weak_memory,732,1,0.91796875,True,False
weak_memory,733,1,1.91796875,True,False
weak_memory,734,0,,False,True
weak_memory,735,0,,False,True
weak_memory,736,0,,False,True
weak_memory,737,1,0.80859375,True,False
weak_memory,738,1,1.296875,True,False
weak_memory,739,1,0.4609375,True,False
weak_memory,740,-1,1.1328125,False,False
weak_memory,741,1,1.6953125,True,False
weak_memory,742,0,,False,True
weak_memory,743,0,,False,True
weak_memory,744,1,0.5234375,True,False
weak_memory,745,1,0.8359375,True,False
weak_memory,746,0,,False,True
weak_memory,747,-1,1.62109375,False,False
weak_memory,748,0,,False,True
weak_memory,749,1,0.59375,True,False
weak_memory,750,0,,False,True
weak_memory,751,0,,False,True
weak_memory,752,0,,False,True
weak_memory,753,0,,False,True
weak_memory,754,1,1.51171875,True,False
weak_memory,755,1,1.75390625,True,False
weak_memory,756,1,1.00390625,True,False
weak_memory,757,0,,False,True
weak_memory,758,0,,False,True
weak_memory,759,1,1.55078125,True,False
weak_memory,760,0,,False,True
weak_memory,761,0,,False,True
weak_memory,762,1,1.15234375,True,False
weak_memory,763,0,,False,True
weak_memory,764,0,,False,True
weak_memory,765,-1,0.98046875,False,False
weak_memory,766,0,,False,True
weak_memory,767,0,,False,True
weak_memory,768,-1,0.8515625,False,False
weak_memory,769,1,1.0625,True,False
weak_memory,770,1,0.5078125,True,False
weak_memory,771,0,,False,True
weak_memory,772,0,,False,True
weak_memory,773,0,,False,True
weak_memory,774,0,,False,True
weak_memory,775,1,1.1171875,True,False
weak_memory,776,1,0.953125,True,False
weak_memory,777,1,1.6640625,True,False
weak_memory,778,0,,False,True
weak_memory,779,1,0.578125,True,False
weak_memory,780,1,0.94140625,True,False
weak_memory,781,1,0.78515625,True,False
weak_memory,782,0,,False,True
weak_memory,783,0,,False,True
weak_memory,784,1,1.54296875,True,False
weak_memory,785,1,1.15234375,True,False
weak_memory,786,1,1.65234375,True,False
weak_memory,787,1,0.8515625,True,False
weak_memory,788,0,,False,True
weak_memory,789,0,,False,True
weak_memory,790,-1,1.0234375,False,False
weak_memory,791,0,,False,True
weak_memory,792,1,0.98046875,True,False
weak_memory,793,0,,False,True
weak_memory,794,0,,False,True
weak_memory,795,1,1.22265625,True,False
weak_memory,796,0,,False,True
weak_memory,797,1,0.8515625,True,False
weak_memory,798,-1,1.484375,False,False
weak_memory,799,0,,False,True
weak_memory,800,0,,False,True
weak_memory,801,0,,False,True
weak_memory,802,1,1.56640625,True,False
weak_memory,803,0,,False,True
weak_memory,804,0,,False,True
weak_memory,805,1,1.08203125,True,False
weak_memory,806,1,1.71875,True,False
weak_memory,807,1,0.37109375,True,False
weak_memory,808,-1,0.6953125,False,False
weak_memory,809,1,0.86328125,True,False
weak_memory,810,-1,1.46484375,False,False
weak_memory,811,0,,False,True
weak_memory,812,1,1.83984375,True,False
weak_memory,813,-1,0.46875,False,False
weak_memory,814,0,,False,True
weak_memory,815,-1,1.69921875,False,False
weak_memory,816,1,0.921875,True,False
weak_memory,817,1,1.11328125,True,False
weak_memory,818,1,0.85546875,True,False
weak_memory,819,1,0.96484375,True,False
weak_memory,820,1,1.140625,True,False
weak_memory,821,-1,1.77734375,False,False
weak_memory,822,-1,0.984375,False,False
weak_memory,823,1,1.08203125,True,False
weak_memory,824,0,,False,True
weak_memory,825,0,,False,True
weak_memory,826,0,,False,True
weak_memory,827,0,,False,True
weak_memory,828,1,1.4140625,True,False
weak_memory,829,1,0.9609375,True,False
weak_memory,830,-1,1.6875,False,False
weak_memory,831,0,,False,True
weak_memory,832,1,0.38671875,True,False
weak_memory,833,1,0.60546875,True,False
weak_memory,834,0,,False,True
weak_memory,835,1,0.77734375,True,False
weak_memory,836,1,0.359375,True,False
weak_memory,837,0,,False,True
weak_memory,838,0,,False,True
weak_memory,839,1,0.75390625,True,False
weak_memory,840,0,,False,True
weak_memory,841,1,0.546875,True,False
weak_memory,842,0,,False,True
weak_memory,843,0,,False,True
weak_memory,844,1,1.1875,True,False
weak_memory,845,1,0.71484375,True,False
weak_memory,846,0,,False,True
weak_memory,847,0,,False,True
weak_memory,848,1,1.328125,True,False
weak_memory,849,0,,False,True
weak_memory,850,0,,False,True
weak_memory,851,0,,False,True
weak_memory,852,-1,1.26953125,False,False
weak_memory,853,0,,False,True
weak_memory,854,0,,False,True
weak_memory,855,1,1.296875,True,False
weak_memory,856,-1,1.50390625,False,False
weak_memory,857,0,,False,True
weak_memory,858,0,,False,True
weak_memory,859,-1,1.796875,False,False
weak_memory,860,0,,False,True
weak_memory,861,0,,False,True
weak_memory,862,1,0.80859375,True,False
weak_memory,863,1,0.5234375,True,False
weak_memory,864,0,,False,True
weak_memory,865,0,,False,True
weak_memory,866,0,,False,True
weak_memory,867,1,1.10546875,True,False
weak_memory,868,0,,False,True
weak_memory,869,1,0.9453125,True,False
weak_memory,870,0,,False,True
weak_memory,871,0,,False,True
weak_memory,872,0,,False,True
weak_memory,873,1,0.4375,True,False
weak_memory,874,0,,False,True
weak_memory,875,-1,0.88671875,False,False
weak_memory,876,1,0.66796875,True,False
weak_memory,877,1,0.49609375,True,False
weak_memory,878,1,1.4140625,True,False
weak_memory,879,-1,0.8671875,False,False
weak_memory,880,1,0.63671875,True,False
weak_memory,881,0,,False,True
weak_memory,882,-1,1.640625,False,False
weak_memory,883,0,,False,True
weak_memory,884,0,,False,True
weak_memory,885,0,,False,True
weak_memory,886,1,1.87890625,True,False
weak_memory,887,0,,False,True
weak_memory,888,1,1.796875,True,False
weak_memory,889,1,0.59375,True,False
weak_memory,890,1,0.6328125,True,False
weak_memory,891,0,,False,True
weak_memory,892,-1,1.69140625,False,False
weak_memory,893,1,0.4453125,True,False
weak_memory,894,0,,False,True
weak_memory,895,1,1.5859375,True,False
weak_memory,896,1,0.74609375,True,False
weak_memory,897,0,,False,True
weak_memory,898,0,,False,True
weak_memory,899,-1,0.59765625,False,False
weak_memory,900,0,,False,True
weak_memory,901,-1,1.9609375,False,False
weak_memory,902,1,0.9609375,True,False
weak_memory,903,0,,False,True
weak_memory,904,0,,False,True
weak_memory,905,0,,False,True
weak_memory,906,1,1.7734375,True,False
weak_memory,907,1,0.703125,True,False
weak_memory,908,0,,False,True
weak_memory,909,0,,False,True
weak_memory,910,1,0.56640625,True,False
weak_memory,911,0,,False,True
weak_memory,912,0,,False,True
weak_memory,913,1,1.875,True,False
weak_memory,914,-1,1.28125,False,False
weak_memory,915,0,,False,True
weak_memory,916,1,1.890625,True,False
weak_memory,917,0,,False,True
weak_memory,918,0,,False,True
weak_memory,919,0,,False,True
weak_memory,920,0,,False,True
weak_memory,921,1,0.765625,True,False
weak_memory,922,0,,False,True
weak_memory,923,-1,1.01171875,False,False
weak_memory,924,1,0.73046875,True,False
weak_memory,925,0,,False,True
weak_memory,926,-1,1.33203125,False,False
weak_memory,927,0,,False,True
weak_memory,928,0,,False,True
weak_memory,929,1,1.4765625,True,False
weak_memory,930,0,,False,True
weak_memory,931,1,1.26171875,True,False
weak_memory,932,0,,False,True
weak_memory,933,-1,1.73046875,False,False
weak_memory,934,0,,False,True
weak_memory,935,0,,False,True
weak_memory,936,1,0.8203125,True,False
weak_memory,937,1,0.66796875,True,False
weak_memory,938,0,,False,True
weak_memory,939,-1,0.66796875,False,False
weak_memory,940,0,,False,True
weak_memory,941,1,1.42578125,True,False
weak_memory,942,0,,False,True
weak_memory,943,0,,False,True
weak_memory,944,0,,False,True
weak_memory,945,1,1.0703125,True,False
weak_memory,946,0,,False,True
weak_memory,947,-1,1.14453125,False,False
weak_memory,948,0,,False,True
weak_memory,949,-1,1.94140625,False,False
weak_memory,950,1,0.5,True,False
weak_memory,951,0,,False,True
weak_memory,952,0,,False,True
weak_memory,953,1,0.41015625,True,False
weak_memory,954,0,,False,True
weak_memory,955,0,,False,True
weak_memory,956,0,,False,True
weak_memory,957,0,,False,True
weak_memory,958,0,,False,True
weak_memory,959,0,,False,True
weak_memory,960,1,0.8203125,True,False
weak_memory,961,1,0.62109375,True,False
weak_memory,962,1,0.94921875,True,False
weak_memory,963,0,,False,True
weak_memory,964,1,0.92578125,True,False
weak_memory,965,0,,False,True
weak_memory,966,0,,False,True
weak_memory,967,1,0.8515625,True,False
weak_memory,968,0,,False,True
weak_memory,969,-1,1.46875,False,False
weak_memory,970,1,1.109375,True,False
weak_memory,971,0,,False,True
weak_memory,972,-1,0.99609375,False,False
weak_memory,973,1,0.5703125,True,False
weak_memory,974,1,1.14453125,True,False
weak_memory,975,1,1.10546875,True,False
weak_memory,976,0,,False,True
weak_memory,977,0,,False,True
weak_memory,978,-1,0.60546875,False,False
weak_memory,979,0,,False,True
weak_memory,980,-1,1.765625,False,False
weak_memory,981,1,1.328125,True,False
weak_memory,982,0,,False,True
weak_memory,983,-1,1.9453125,False,False
weak_memory,984,1,0.57421875,True,False
weak_memory,985,0,,False,True
weak_memory,986,0,,False,True
weak_memory,987,0,,False,True
weak_memory,988,0,,False,True
weak_memory,989,0,,False,True
weak_memory,990,0,,False,True
weak_memory,991,1,0.72265625,True,False
weak_memory,992,0,,False,True
weak_memory,993,0,,False,True
weak_memory,994,-1,1.47265625,False,False
weak_memory,995,-1,1.53125,False,False
weak_memory,996,0,,False,True
weak_memory,997,0,,False,True
weak_memory,998,0,,False,True
weak_memory,999,0,,False,True
weak_memory,1000,0,,False,True
weak_memory,1001,0,,False,True
weak_memory,1002,1,0.453125,True,False
weak_memory,1003,0,,False,True
weak_memory,1004,1,0.87890625,True,False
weak_memory,1005,0,,False,True
weak_memory,1006,1,0.7734375,True,False
weak_memory,1007,0,,False,True
weak_memory,1008,0,,False,True
weak_memory,1009,1,0.90234375,True,False
weak_memory,1010,0,,False,True
weak_memory,1011,1,1.171875,True,False
weak_memory,1012,0,,False,True
weak_memory,1013,1,0.81640625,True,False
weak_memory,1014,-1,0.47265625,False,False
weak_memory,1015,0,,False,True
weak_memory,1016,0,,False,True
weak_memory,1017,0,,False,True
weak_memory,1018,0,,False,True
weak_memory,1019,0,,False,True
weak_memory,1020,0,,False,True
weak_memory,1021,0,,False,True
weak_memory,1022,0,,False,True
weak_memory,1023,1,1.4296875,True,False
weak_memory,1024,0,,False,True
weak_memory,1025,-1,1.2734375,False,False
weak_memory,1026,-1,0.2578125,False,False
weak_memory,1027,0,,False,True
weak_memory,1028,-1,1.73046875,False,False
weak_memory,1029,0,,False,True
weak_memory,1030,0,,False,True
weak_memory,1031,1,0.9140625,True,False
weak_memory,1032,-1,0.5390625,False,False
weak_memory,1033,0,,False,True
weak_memory,1034,-1,1.33203125,False,False
weak_memory,1035,1,2.0,True,False
weak_memory,1036,0,,False,True
weak_memory,1037,0,,False,True
weak_memory,1038,1,1.2265625,True,False
weak_memory,1039,0,,False,True
weak_memory,1040,1,1.7265625,True,False
weak_memory,1041,0,,False,True
weak_memory,1042,1,0.4921875,True,False
weak_memory,1043,1,1.125,True,False
weak_memory,1044,-1,1.41796875,False,False
weak_memory,1045,-1,0.5390625,False,False
weak_memory,1046,-1,1.87109375,False,False
weak_memory,1047,1,1.30078125,True,False
weak_memory,1048,0,,False,True
weak_memory,1049,-1,1.79296875,False,False
weak_memory,1050,1,0.51171875,True,False
weak_memory,1051,1,1.11328125,True,False
weak_memory,1052,0,,False,True
weak_memory,1053,1,1.5234375,True,False
weak_memory,1054,0,,False,True
weak_memory,1055,-1,1.01953125,False,False
weak_memory,1056,1,1.1875,True,False
weak_memory,1057,1,0.69140625,True,False
weak_memory,1058,0,,False,True
weak_memory,1059,1,1.9140625,True,False
weak_memory,1060,1,1.20703125,True,False
weak_memory,1061,0,,False,True
weak_memory,1062,0,,False,True
weak_memory,1063,0,,False,True
weak_memory,1064,0,,False,True
weak_memory,1065,0,,False,True
weak_memory,1066,1,0.65234375,True,False
weak_memory,1067,0,,False,True
weak_memory,1068,0,,False,True
weak_memory,1069,-1,1.87890625,False,False
weak_memory,1070,-1,0.890625,False,False
weak_memory,1071,1,0.91015625,True,False
weak_memory,1072,1,1.1953125,True,False
weak_memory,1073,1,0.78125,True,False
weak_memory,1074,0,,False,True
weak_memory,1075,0,,False,True
weak_memory,1076,1,0.44140625,True,False
weak_memory,1077,0,,False,True
weak_memory,1078,0,,False,True
weak_memory,1079,0,,False,True
weak_memory,1080,1,0.84375,True,False
weak_memory,1081,0,,False,True
weak_memory,1082,-1,1.5078125,False,False
weak_memory,1083,1,1.3984375,True,False
weak_memory,1084,1,0.33984375,True,False
weak_memory,1085,1,0.9296875,True,False
weak_memory,1086,0,,False,True
weak_memory,1087,0,,False,True
weak_memory,1088,0,,False,True
weak_memory,1089,1,1.2890625,True,False
weak_memory,1090,-1,1.10546875,False,False
weak_memory,1091,0,,False,True
weak_memory,1092,-1,0.65625,False,False
weak_memory,1093,0,,False,True
weak_memory,1094,0,,False,True
weak_memory,1095,1,1.25,True,False
weak_memory,1096,0,,False,True
weak_memory,1097,0,,False,True
weak_memory,1098,0,,False,True
weak_memory,1099,0,,False,True
weak_memory,1100,0,,False,True
weak_memory,1101,-1,0.7109375,False,False
weak_memory,1102,1,1.7890625,True,False
weak_memory,1103,0,,False,True
weak_memory,1104,1,1.25390625,True,False
weak_memory,1105,0,,False,True
weak_memory,1106,0,,False,True
weak_memory,1107,0,,False,True
weak_memory,1108,1,0.78125,True,False
weak_memory,1109,0,,False,True
weak_memory,1110,0,,False,True
weak_memory,1111,0,,False,True
weak_memory,1112,1,1.1484375,True,False
weak_memory,1113,1,1.484375,True,False
weak_memory,1114,0,,False,True
weak_memory,1115,1,0.98046875,True,False
weak_memory,1116,0,,False,True
weak_memory,1117,1,0.92578125,True,False
weak_memory,1118,1,1.60546875,True,False
weak_memory,1119,0,,False,True
weak_memory,1120,0,,False,True
weak_memory,1121,1,1.5625,True,False
weak_memory,1122,-1,1.4609375,False,False
weak_memory,1123,0,,False,True
weak_memory,1124,1,0.8828125,True,False
weak_memory,1125,1,0.59375,True,False
weak_memory,1126,0,,False,True
weak_memory,1127,0,,False,True
weak_memory,1128,0,,False,True
weak_memory,1129,0,,False,True
weak_memory,1130,1,1.671875,True,False
weak_memory,1131,1,1.44140625,True,False
weak_memory,1132,1,0.63671875,True,False
weak_memory,1133,1,1.26953125,True,False
weak_memory,1134,0,,False,True
weak_memory,1135,1,1.18359375,True,False
weak_memory,1136,0,,False,True
weak_memory,1137,0,,False,True
weak_memory,1138,1,1.3125,True,False
weak_memory,1139,1,0.84765625,True,False
weak_memory,1140,1,0.48828125,True,False
weak_memory,1141,-1,1.82421875,False,False
weak_memory,1142,0,,False,True
weak_memory,1143,1,0.6015625,True,False
weak_memory,1144,0,,False,True
weak_memory,1145,1,0.74609375,True,False
weak_memory,1146,1,1.25390625,True,False
weak_memory,1147,0,,False,True
weak_memory,1148,1,1.53125,True,False
weak_memory,1149,0,,False,True
weak_memory,1150,0,,False,True
weak_memory,1151,-1,1.55078125,False,False
weak_memory,1152,1,0.6640625,True,False
weak_memory,1153,1,0.61328125,True,False
weak_memory,1154,0,,False,True
weak_memory,1155,-1,1.98046875,False,False
weak_memory,1156,0,,False,True
weak_memory,1157,1,1.87109375,True,False
weak_memory,1158,0,,False,True
weak_memory,1159,0,,False,True
weak_memory,1160,1,0.77734375,True,False
weak_memory,1161,0,,False,True
weak_memory,1162,0,,False,True
weak_memory,1163,0,,False,True
weak_memory,1164,1,0.8203125,True,False
weak_memory,1165,1,0.94921875,True,False
weak_memory,1166,0,,False,True
weak_memory,1167,0,,False,True
weak_memory,1168,0,,False,True
weak_memory,1169,0,,False,True
weak_memory,1170,1,0.3984375,True,False
weak_memory,1171,-1,0.6015625,False,False
weak_memory,1172,1,0.44140625,True,False
weak_memory,1173,0,,False,True
weak_memory,1174,0,,False,True
weak_memory,1175,0,,False,True
weak_memory,1176,1,0.41015625,True,False
weak_memory,1177,0,,False,True
weak_memory,1178,1,1.16015625,True,False
weak_memory,1179,1,0.984375,True,False
weak_memory,1180,0,,False,True
weak_memory,1181,0,,False,True
weak_memory,1182,0,,False,True
weak_memory,1183,1,1.234375,True,False
weak_memory,1184,0,,False,True
weak_memory,1185,0,,False,True
weak_memory,1186,0,,False,True
weak_memory,1187,1,1.34375,True,False
weak_memory,1188,-1,1.671875,False,False
weak_memory,1189,1,1.6796875,True,False
weak_memory,1190,-1,1.140625,False,False
weak_memory,1191,1,0.96875,True,False
weak_memory,1192,0,,False,True
weak_memory,1193,0,,False,True
weak_memory,1194,0,,False,True
weak_memory,1195,0,,False,True
weak_memory,1196,1,1.66015625,True,False
weak_memory,1197,1,0.703125,True,False
weak_memory,1198,1,1.7109375,True,False
weak_memory,1199,0,,False,True
weak_memory,1200,0,,False,True
weak_memory,1201,0,,False,True
weak_memory,1202,0,,False,True
weak_memory,1203,0,,False,True
weak_memory,1204,0,,False,True
weak_memory,1205,0,,False,True
weak_memory,1206,0,,False,True
weak_memory,1207,-1,1.140625,False,False
weak_memory,1208,1,1.125,True,False
weak_memory,1209,0,,False,True
weak_memory,1210,1,0.9921875,True,False
weak_memory,1211,1,1.25390625,True,False
weak_memory,1212,1,0.9921875,True,False
weak_memory,1213,0,,False,True
weak_memory,1214,1,0.72265625,True,False
weak_memory,1215,1,0.46875,True,False
weak_memory,1216,0,,False,True
weak_memory,1217,-1,1.75390625,False,False
weak_memory,1218,-1,1.33203125,False,False
weak_memory,1219,0,,False,True
weak_memory,1220,0,,False,True
weak_memory,1221,0,,False,True
weak_memory,1222,1,1.11328125,True,False
weak_memory,1223,1,0.86328125,True,False
weak_memory,1224,1,0.84375,True,False
weak_memory,1225,0,,False,True
weak_memory,1226,0,,False,True
weak_memory,1227,0,,False,True
weak_memory,1228,0,,False,True
weak_memory,1229,0,,False,True
weak_memory,1230,0,,False,True
weak_memory,1231,1,0.70703125,True,False
weak_memory,1232,0,,False,True
weak_memory,1233,1,1.703125,True,False
weak_memory,1234,0,,False,True
weak_memory,1235,1,0.484375,True,False
weak_memory,1236,1,0.30078125,True,False
weak_memory,1237,1,0.42578125,True,False
weak_memory,1238,1,1.7421875,True,False
weak_memory,1239,1,0.57421875,True,False
weak_memory,1240,1,1.85546875,True,False
weak_memory,1241,1,1.95703125,True,False
weak_memory,1242,1,0.7890625,True,False
weak_memory,1243,1,1.01171875,True,False
weak_memory,1244,1,1.8359375,True,False
weak_memory,1245,-1,0.51953125,False,False
weak_memory,1246,0,,False,True
weak_memory,1247,0,,False,True
weak_memory,1248,0,,False,True
weak_memory,1249,-1,1.8125,False,False
weak_memory,1250,1,1.6796875,True,False
weak_memory,1251,0,,False,True
weak_memory,1252,0,,False,True
weak_memory,1253,1,0.87890625,True,False
weak_memory,1254,1,0.69140625,True,False
weak_memory,1255,0,,False,True
weak_memory,1256,0,,False,True
weak_memory,1257,0,,False,True
weak_memory,1258,0,,False,True
weak_memory,1259,0,,False,True
weak_memory,1260,0,,False,True
weak_memory,1261,0,,False,True
weak_memory,1262,0,,False,True
weak_memory,1263,1,1.1640625,True,False
weak_memory,1264,1,0.52734375,True,False
weak_memory,1265,1,0.65234375,True,False
weak_memory,1266,1,0.5703125,True,False
weak_memory,1267,1,0.875,True,False
weak_memory,1268,0,,False,True
weak_memory,1269,0,,False,True
weak_memory,1270,-1,1.25,False,False
weak_memory,1271,1,1.2890625,True,False
weak_memory,1272,0,,False,True
weak_memory,1273,0,,False,True
weak_memory,1274,0,,False,True
weak_memory,1275,1,1.37109375,True,False
weak_memory,1276,0,,False,True
weak_memory,1277,1,1.56640625,True,False
weak_memory,1278,0,,False,True
weak_memory,1279,0,,False,True
weak_memory,1280,-1,1.3828125,False,False
weak_memory,1281,0,,False,True
weak_memory,1282,0,,False,True
weak_memory,1283,0,,False,True
weak_memory,1284,-1,0.66015625,False,False
weak_memory,1285,1,0.75,True,False
weak_memory,1286,0,,False,True
weak_memory,1287,0,,False,True
weak_memory,1288,1,0.65625,True,False
weak_memory,1289,0,,False,True
weak_memory,1290,1,0.7890625,True,False
weak_memory,1291,1,1.09375,True,False
weak_memory,1292,0,,False,True
weak_memory,1293,-1,0.55078125,False,False
weak_memory,1294,1,1.4140625,True,False
weak_memory,1295,-1,1.83984375,False,False
weak_memory,1296,-1,1.33203125,False,False
weak_memory,1297,1,1.38671875,True,False
weak_memory,1298,0,,False,True
weak_memory,1299,0,,False,True
weak_memory,1300,0,,False,True
weak_memory,1301,0,,False,True
weak_memory,1302,1,0.796875,True,False
weak_memory,1303,1,0.359375,True,False
weak_memory,1304,-1,1.91796875,False,False
weak_memory,1305,0,,False,True
weak_memory,1306,0,,False,True
weak_memory,1307,0,,False,True
weak_memory,1308,1,0.58984375,True,False
weak_memory,1309,1,1.21484375,True,False
weak_memory,1310,0,,False,True
weak_memory,1311,0,,False,True
weak_memory,1312,-1,0.52734375,False,False
weak_memory,1313,1,1.0859375,True,False
weak_memory,1314,0,,False,True
weak_memory,1315,-1,0.67578125,False,False
weak_memory,1316,-1,1.25,False,False
weak_memory,1317,1,0.55078125,True,False
weak_memory,1318,0,,False,True
weak_memory,1319,1,0.76953125,True,False
weak_memory,1320,0,,False,True
weak_memory,1321,1,1.9921875,True,False
weak_memory,1322,-1,1.2578125,False,False
weak_memory,1323,0,,False,True
weak_memory,1324,0,,False,True
weak_memory,1325,1,1.24609375,True,False
weak_memory,1326,1,0.5078125,True,False
weak_memory,1327,1,1.13671875,True,False
weak_memory,1328,0,,False,True
weak_memory,1329,0,,False,True
weak_memory,1330,1,1.05078125,True,False
weak_memory,1331,1,1.37890625,True,False
weak_memory,1332,1,0.921875,True,False
weak_memory,1333,0,,False,True
weak_memory,1334,1,0.76953125,True,False
weak_memory,1335,1,1.625,True,False
weak_memory,1336,0,,False,True
weak_memory,1337,1,1.39453125,True,False
weak_memory,1338,1,0.609375,True,False
weak_memory,1339,1,0.70703125,True,False
weak_memory,1340,0,,False,True
weak_memory,1341,1,1.06640625,True,False
weak_memory,1342,1,0.54296875,True,False
weak_memory,1343,0,,False,True
weak_memory,1344,0,,False,True
weak_memory,1345,1,0.96484375,True,False
weak_memory,1346,0,,False,True
weak_memory,1347,1,1.09765625,True,False
weak_memory,1348,1,1.7421875,True,False
weak_memory,1349,0,,False,True
weak_memory,1350,-1,0.72265625,False,False
weak_memory,1351,0,,False,True
weak_memory,1352,1,1.68359375,True,False
weak_memory,1353,1,0.95703125,True,False
weak_memory,1354,0,,False,True
weak_memory,1355,0,,False,True
weak_memory,1356,1,1.5703125,True,False
weak_memory,1357,0,,False,True
weak_memory,1358,0,,False,True
weak_memory,1359,-1,1.1640625,False,False
weak_memory,1360,0,,False,True
weak_memory,1361,1,1.7734375,True,False
weak_memory,1362,1,1.82421875,True,False
weak_memory,1363,0,,False,True
weak_memory,1364,0,,False,True
weak_memory,1365,-1,1.99609375,False,False
weak_memory,1366,0,,False,True
weak_memory,1367,1,1.1875,True,False
weak_memory,1368,1,1.73828125,True,False
weak_memory,1369,1,1.04296875,True,False
weak_memory,1370,0,,False,True
weak_memory,1371,0,,False,True
weak_memory,1372,1,1.55859375,True,False
weak_memory,1373,0,,False,True
weak_memory,1374,1,0.97265625,True,False
weak_memory,1375,0,,False,True
weak_memory,1376,-1,1.28125,False,False
weak_memory,1377,0,,False,True
weak_memory,1378,-1,1.89453125,False,False
weak_memory,1379,1,1.72265625,True,False
weak_memory,1380,0,,False,True
weak_memory,1381,1,0.40625,True,False
weak_memory,1382,1,1.23046875,True,False
weak_memory,1383,1,1.39453125,True,False
weak_memory,1384,1,1.48828125,True,False
weak_memory,1385,1,1.921875,True,False
weak_memory,1386,0,,False,True
weak_memory,1387,1,0.359375,True,False
weak_memory,1388,0,,False,True
weak_memory,1389,0,,False,True
weak_memory,1390,-1,1.9609375,False,False
weak_memory,1391,0,,False,True
weak_memory,1392,-1,0.53515625,False,False
weak_memory,1393,0,,False,True
weak_memory,1394,0,,False,True
weak_memory,1395,0,,False,True
weak_memory,1396,-1,1.87890625,False,False
weak_memory,1397,1,0.8515625,True,False
weak_memory,1398,0,,False,True
weak_memory,1399,1,1.39453125,True,False
weak_memory,1400,0,,False,True
weak_memory,1401,1,1.3359375,True,False
weak_memory,1402,1,0.40625,True,False
weak_memory,1403,0,,False,True
weak_memory,1404,1,0.56640625,True,False
weak_memory,1405,1,1.55859375,True,False
weak_memory,1406,-1,1.328125,False,False
weak_memory,1407,1,1.42578125,True,False
weak_memory,1408,-1,0.77734375,False,False
weak_memory,1409,0,,False,True
weak_memory,1410,0,,False,True
weak_memory,1411,0,,False,True
weak_memory,1412,0,,False,True
weak_memory,1413,-1,1.5078125,False,False
weak_memory,1414,1,2.0,True,False
weak_memory,1415,1,1.5546875,True,False
weak_memory,1416,1,1.81640625,True,False
weak_memory,1417,0,,False,True
weak_memory,1418,0,,False,True
weak_memory,1419,0,,False,True
weak_memory,1420,0,,False,True
weak_memory,1421,0,,False,True
weak_memory,1422,-1,1.71484375,False,False
weak_memory,1423,1,0.7265625,True,False
weak_memory,1424,0,,False,True
weak_memory,1425,0,,False,True
weak_memory,1426,1,1.69140625,True,False
weak_memory,1427,1,1.00390625,True,False
weak_memory,1428,1,0.59765625,True,False
weak_memory,1429,-1,0.38671875,False,False
weak_memory,1430,1,1.41796875,True,False
weak_memory,1431,0,,False,True
weak_memory,1432,0,,False,True
weak_memory,1433,1,0.67578125,True,False
weak_memory,1434,1,1.37890625,True,False
weak_memory,1435,0,,False,True
weak_memory,1436,0,,False,True
weak_memory,1437,1,0.9375,True,False
weak_memory,1438,1,1.02734375,True,False
weak_memory,1439,-1,1.85546875,False,False
weak_memory,1440,0,,False,True
weak_memory,1441,0,,False,True
weak_memory,1442,0,,False,True
weak_memory,1443,0,,False,True
weak_memory,1444,-1,0.8203125,False,False
weak_memory,1445,0,,False,True
weak_memory,1446,0,,False,True
weak_memory,1447,1,1.98828125,True,False
weak_memory,1448,1,1.171875,True,False
weak_memory,1449,0,,False,True
weak_memory,1450,1,0.2734375,True,False
weak_memory,1451,1,1.11328125,True,False
weak_memory,1452,0,,False,True
weak_memory,1453,0,,False,True
weak_memory,1454,1,0.5546875,True,False
weak_memory,1455,-1,0.59375,False,False
weak_memory,1456,0,,False,True
weak_memory,1457,-1,1.6953125,False,False
weak_memory,1458,0,,False,True
weak_memory,1459,0,,False,True
weak_memory,1460,1,0.62890625,True,False
weak_memory,1461,0,,False,True
weak_memory,1462,1,0.45703125,True,False
weak_memory,1463,0,,False,True
weak_memory,1464,0,,False,True
weak_memory,1465,1,0.58203125,True,False
weak_memory,1466,-1,1.546875,False,False
weak_memory,1467,0,,False,True
weak_memory,1468,1,1.37890625,True,False
weak_memory,1469,0,,False,True
weak_memory,1470,-1,1.88671875,False,False
weak_memory,1471,0,,False,True
weak_memory,1472,1,1.5859375,True,False
weak_memory,1473,1,1.48046875,True,False
weak_memory,1474,1,0.984375,True,False
weak_memory,1475,-1,1.41015625,False,False
weak_memory,1476,1,1.74609375,True,False
weak_memory,1477,0,,False,True
weak_memory,1478,0,,False,True
weak_memory,1479,0,,False,True
weak_memory,1480,0,,False,True
weak_memory,1481,1,1.453125,True,False
weak_memory,1482,1,1.734375,True,False
weak_memory,1483,0,,False,True
weak_memory,1484,0,,False,True
weak_memory,1485,0,,False,True
weak_memory,1486,-1,0.86328125,False,False
weak_memory,1487,1,0.98046875,True,False
weak_memory,1488,0,,False,True
weak_memory,1489,-1,1.5078125,False,False
weak_memory,1490,0,,False,True
weak_memory,1491,-1,1.52734375,False,False
weak_memory,1492,0,,False,True
weak_memory,1493,0,,False,True
weak_memory,1494,1,0.34375,True,False
weak_memory,1495,0,,False,True
weak_memory,1496,0,,False,True
weak_memory,1497,1,0.984375,True,False
weak_memory,1498,1,1.77734375,True,False
weak_memory,1499,1,1.30078125,True,False
weak_memory,1500,0,,False,True
weak_memory,1501,1,0.71875,True,False
weak_memory,1502,0,,False,True
weak_memory,1503,0,,False,True
weak_memory,1504,1,1.828125,True,False
weak_memory,1505,1,0.3515625,True,False
weak_memory,1506,0,,False,True
weak_memory,1507,0,,False,True
weak_memory,1508,0,,False,True
weak_memory,1509,0,,False,True
weak_memory,1510,1,1.19921875,True,False
weak_memory,1511,1,1.69140625,True,False
weak_memory,1512,0,,False,True
weak_memory,1513,0,,False,True
weak_memory,1514,1,0.7734375,True,False
weak_memory,1515,1,0.98046875,True,False
weak_memory,1516,0,,False,True
weak_memory,1517,0,,False,True
weak_memory,1518,0,,False,True
weak_memory,1519,1,1.87890625,True,False
weak_memory,1520,1,1.03125,True,False
weak_memory,1521,1,1.33984375,True,False
weak_memory,1522,0,,False,True
weak_memory,1523,1,0.35546875,True,False
weak_memory,1524,0,,False,True
weak_memory,1525,0,,False,True
weak_memory,1526,0,,False,True
weak_memory,1527,0,,False,True
weak_memory,1528,0,,False,True
weak_memory,1529,1,1.3046875,True,False
weak_memory,1530,0,,False,True
weak_memory,1531,-1,0.43359375,False,False
weak_memory,1532,0,,False,True
weak_memory,1533,0,,False,True
weak_memory,1534,1,1.0546875,True,False
weak_memory,1535,1,1.47265625,True,False
weak_memory,1536,0,,False,True
weak_memory,1537,0,,False,True
weak_memory,1538,0,,False,True
weak_memory,1539,-1,1.82421875,False,False
weak_memory,1540,-1,0.60546875,False,False
weak_memory,1541,1,1.05859375,True,False
weak_memory,1542,0,,False,True
weak_memory,1543,0,,False,True
weak_memory,1544,0,,False,True
weak_memory,1545,0,,False,True
weak_memory,1546,1,1.37109375,True,False
weak_memory,1547,1,0.7890625,True,False
weak_memory,1548,0,,False,True
weak_memory,1549,-1,1.08203125,False,False
weak_memory,1550,0,,False,True
weak_memory,1551,0,,False,True
weak_memory,1552,1,1.625,True,False
weak_memory,1553,0,,False,True
weak_memory,1554,0,,False,True
weak_memory,1555,1,0.69140625,True,False
weak_memory,1556,1,1.515625,True,False
weak_memory,1557,0,,False,True
weak_memory,1558,0,,False,True
weak_memory,1559,0,,False,True
weak_memory,1560,1,1.4609375,True,False
weak_memory,1561,0,,False,True
weak_memory,1562,0,,False,True
weak_memory,1563,1,1.40625,True,False
weak_memory,1564,-1,0.8828125,False,False
weak_memory,1565,1,0.84765625,True,False
weak_memory,1566,0,,False,True
weak_memory,1567,1,1.32421875,True,False
weak_memory,1568,0,,False,True
weak_memory,1569,0,,False,True
weak_memory,1570,-1,0.6875,False,False
weak_memory,1571,0,,False,True
weak_memory,1572,1,1.0859375,True,False
weak_memory,1573,0,,False,True
weak_memory,1574,0,,False,True
weak_memory,1575,1,1.9296875,True,False
weak_memory,1576,0,,False,True
weak_memory,1577,1,0.6796875,True,False
weak_memory,1578,0,,False,True
weak_memory,1579,1,1.89453125,True,False
weak_memory,1580,1,1.578125,True,False
weak_memory,1581,1,0.58203125,True,False
weak_memory,1582,0,,False,True
weak_memory,1583,1,1.79296875,True,False
weak_memory,1584,-1,1.109375,False,False
weak_memory,1585,1,0.81640625,True,False
weak_memory,1586,0,,False,True
weak_memory,1587,1,0.51171875,True,False
weak_memory,1588,1,1.28125,True,False
weak_memory,1589,-1,1.5078125,False,False
weak_memory,1590,1,0.3046875,True,False
weak_memory,1591,0,,False,True
weak_memory,1592,0,,False,True
weak_memory,1593,-1,0.72265625,False,False
weak_memory,1594,0,,False,True
weak_memory,1595,0,,False,True
weak_memory,1596,1,0.65234375,True,False
weak_memory,1597,0,,False,True
weak_memory,1598,0,,False,True
weak_memory,1599,1,1.4140625,True,False
weak_memory,1600,0,,False,True
weak_memory,1601,1,1.859375,True,False
weak_memory,1602,0,,False,True
weak_memory,1603,1,0.94140625,True,False
weak_memory,1604,-1,0.953125,False,False
weak_memory,1605,0,,False,True
weak_memory,1606,0,,False,True
weak_memory,1607,0,,False,True
weak_memory,1608,-1,0.7578125,False,False
weak_memory,1609,0,,False,True
weak_memory,1610,1,1.2265625,True,False
weak_memory,1611,1,1.75390625,True,False
weak_memory,1612,1,0.53515625,True,False
weak_memory,1613,0,,False,True
weak_memory,1614,0,,False,True
weak_memory,1615,-1,1.67578125,False,False
weak_memory,1616,0,,False,True
weak_memory,1617,1,1.16015625,True,False
weak_memory,1618,0,,False,True
weak_memory,1619,1,1.49609375,True,False
weak_memory,1620,0,,False,True
weak_memory,1621,0,,False,True
weak_memory,1622,1,0.90625,True,False
weak_memory,1623,0,,False,True
weak_memory,1624,-1,1.51171875,False,False
weak_memory,1625,0,,False,True
weak_memory,1626,0,,False,True
weak_memory,1627,1,0.8671875,True,False
weak_memory,1628,0,,False,True
weak_memory,1629,0,,False,True
weak_memory,1630,0,,False,True
weak_memory,1631,1,1.390625,True,False
weak_memory,1632,0,,False,True
weak_memory,1633,1,0.83984375,True,False
weak_memory,1634,1,0.55859375,True,False
weak_memory,1635,-1,1.03515625,False,False
weak_memory,1636,0,,False,True
weak_memory,1637,0,,False,True
weak_memory,1638,0,,False,True
weak_memory,1639,1,0.76171875,True,False
weak_memory,1640,-1,0.96484375,False,False
weak_memory,1641,-1,1.95703125,False,False
weak_memory,1642,0,,False,True
weak_memory,1643,1,0.61328125,True,False
weak_memory,1644,0,,False,True
weak_memory,1645,1,1.84375,True,False
weak_memory,1646,0,,False,True
weak_memory,1647,1,0.546875,True,False
weak_memory,1648,0,,False,True
weak_memory,1649,0,,False,True
weak_memory,1650,1,0.859375,True,False
weak_memory,1651,0,,False,True
weak_memory,1652,1,1.80078125,True,False
weak_memory,1653,-1,1.203125,False,False
weak_memory,1654,1,1.1953125,True,False
weak_memory,1655,0,,False,True
weak_memory,1656,-1,0.48046875,False,False
weak_memory,1657,0,,False,True
weak_memory,1658,0,,False,True
weak_memory,1659,0,,False,True
weak_memory,1660,1,1.0390625,True,False
weak_memory,1661,0,,False,True
weak_memory,1662,0,,False,True
weak_memory,1663,0,,False,True
weak_memory,1664,1,0.47265625,True,False
weak_memory,1665,1,0.984375,True,False
weak_memory,1666,0,,False,True
weak_memory,1667,0,,False,True
weak_memory,1668,1,1.2578125,True,False
weak_memory,1669,0,,False,True
weak_memory,1670,0,,False,True
weak_memory,1671,0,,False,True
weak_memory,1672,0,,False,True
weak_memory,1673,-1,1.60546875,False,False
weak_memory,1674,0,,False,True
weak_memory,1675,0,,False,True
weak_memory,1676,1,1.01171875,True,False
weak_memory,1677,0,,False,True
weak_memory,1678,1,1.12890625,True,False
weak_memory,1679,1,1.58984375,True,False
weak_memory,1680,1,1.2421875,True,False
weak_memory,1681,0,,False,True
weak_memory,1682,-1,0.91015625,False,False
weak_memory,1683,0,,False,True
weak_memory,1684,0,,False,True
weak_memory,1685,0,,False,True
weak_memory,1686,0,,False,True
weak_memory,1687,0,,False,True
weak_memory,1688,0,,False,True
weak_memory,1689,1,0.84375,True,False
weak_memory,1690,0,,False,True
weak_memory,1691,1,1.046875,True,False
weak_memory,1692,1,1.36328125,True,False
weak_memory,1693,0,,False,True
weak_memory,1694,0,,False,True
weak_memory,1695,0,,False,True
weak_memory,1696,0,,False,True
weak_memory,1697,1,0.67578125,True,False
weak_memory,1698,0,,False,True
weak_memory,1699,0,,False,True
weak_memory,1700,0,,False,True
weak_memory,1701,0,,False,True
weak_memory,1702,1,0.58984375,True,False
weak_memory,1703,0,,False,True
weak_memory,1704,0,,False,True
weak_memory,1705,-1,1.21484375,False,False
weak_memory,1706,0,,False,True
weak_memory,1707,1,1.26953125,True,False
weak_memory,1708,1,1.69140625,True,False
weak_memory,1709,1,0.421875,True,False
weak_memory,1710,-1,1.59375,False,False
weak_memory,1711,1,0.859375,True,False
weak_memory,1712,1,1.10546875,True,False
weak_memory,1713,0,,False,True
weak_memory,1714,1,0.8515625,True,False
weak_memory,1715,0,,False,True
weak_memory,1716,1,1.375,True,False
weak_memory,1717,-1,1.1328125,False,False
weak_memory,1718,0,,False,True
weak_memory,1719,0,,False,True
weak_memory,1720,-1,0.9140625,False,False
weak_memory,1721,0,,False,True
weak_memory,1722,1,0.359375,True,False
weak_memory,1723,0,,False,True
weak_memory,1724,1,0.96875,True,False
weak_memory,1725,-1,1.25,False,False
weak_memory,1726,1,1.68359375,True,False
weak_memory,1727,1,0.1875,True,False
weak_memory,1728,1,0.9453125,True,False
weak_memory,1729,0,,False,True
weak_memory,1730,0,,False,True
weak_memory,1731,0,,False,True
weak_memory,1732,0,,False,True
weak_memory,1733,1,0.71875,True,False
weak_memory,1734,0,,False,True
weak_memory,1735,1,0.84765625,True,False
weak_memory,1736,0,,False,True
weak_memory,1737,0,,False,True
weak_memory,1738,1,1.609375,True,False
weak_memory,1739,-1,1.6953125,False,False
weak_memory,1740,-1,0.828125,False,False
weak_memory,1741,0,,False,True
weak_memory,1742,1,1.3984375,True,False
weak_memory,1743,0,,False,True
weak_memory,1744,1,1.5390625,True,False
weak_memory,1745,1,1.94140625,True,False
weak_memory,1746,0,,False,True
weak_memory,1747,-1,1.296875,False,False
weak_memory,1748,-1,1.5859375,False,False
weak_memory,1749,0,,False,True
weak_memory,1750,0,,False,True
weak_memory,1751,0,,False,True
weak_memory,1752,1,0.49609375,True,False
weak_memory,1753,1,0.98046875,True,False
weak_memory,1754,-1,1.07421875,False,False
weak_memory,1755,0,,False,True
weak_memory,1756,0,,False,True
weak_memory,1757,1,0.9921875,True,False
weak_memory,1758,-1,0.63671875,False,False
weak_memory,1759,0,,False,True
weak_memory,1760,1,0.6953125,True,False
weak_memory,1761,0,,False,True
weak_memory,1762,0,,False,True
weak_memory,1763,-1,1.5234375,False,False
weak_memory,1764,0,,False,True
weak_memory,1765,-1,0.71875,False,False
weak_memory,1766,0,,False,True
weak_memory,1767,1,0.65625,True,False
weak_memory,1768,1,1.50390625,True,False
weak_memory,1769,0,,False,True
weak_memory,1770,1,0.69140625,True,False
weak_memory,1771,1,0.9140625,True,False
weak_memory,1772,0,,False,True
weak_memory,1773,1,0.61328125,True,False
weak_memory,1774,0,,False,True
weak_memory,1775,0,,False,True
weak_memory,1776,0,,False,True
weak_memory,1777,1,1.5703125,True,False
weak_memory,1778,1,0.47265625,True,False
weak_memory,1779,-1,0.828125,False,False
weak_memory,1780,0,,False,True
weak_memory,1781,0,,False,True
weak_memory,1782,0,,False,True
weak_memory,1783,0,,False,True
weak_memory,1784,1,0.734375,True,False
weak_memory,1785,0,,False,True
weak_memory,1786,0,,False,True
weak_memory,1787,0,,False,True
weak_memory,1788,1,1.53515625,True,False
weak_memory,1789,0,,False,True
weak_memory,1790,0,,False,True
weak_memory,1791,0,,False,True
weak_memory,1792,1,0.859375,True,False
weak_memory,1793,0,,False,True
weak_memory,1794,0,,False,True
weak_memory,1795,1,0.65234375,True,False
weak_memory,1796,1,1.2265625,True,False
weak_memory,1797,0,,False,True
weak_memory,1798,1,1.8125,True,False
weak_memory,1799,1,0.48828125,True,False
weak_memory,1800,0,,False,True
weak_memory,1801,1,1.13671875,True,False
weak_memory,1802,0,,False,True
weak_memory,1803,1,1.203125,True,False
weak_memory,1804,0,,False,True
weak_memory,1805,0,,False,True
weak_memory,1806,1,0.6484375,True,False
weak_memory,1807,-1,1.7265625,False,False
weak_memory,1808,0,,False,True
weak_memory,1809,0,,False,True
weak_memory,1810,0,,False,True
weak_memory,1811,0,,False,True
weak_memory,1812,1,0.9921875,True,False
weak_memory,1813,0,,False,True
weak_memory,1814,1,1.26171875,True,False
weak_memory,1815,0,,False,True
weak_memory,1816,0,,False,True
weak_memory,1817,0,,False,True
weak_memory,1818,1,0.94140625,True,False
weak_memory,1819,-1,1.44140625,False,False
weak_memory,1820,-1,1.45703125,False,False
weak_memory,1821,0,,False,True
weak_memory,1822,-1,0.55859375,False,False
weak_memory,1823,0,,False,True
weak_memory,1824,0,,False,True
weak_memory,1825,0,,False,True
weak_memory,1826,0,,False,True
weak_memory,1827,1,1.9375,True,False
weak_memory,1828,1,1.1875,True,False
weak_memory,1829,0,,False,True
weak_memory,1830,-1,1.55078125,False,False
weak_memory,1831,0,,False,True
weak_memory,1832,1,0.84375,True,False
weak_memory,1833,1,1.0859375,True,False
weak_memory,1834,1,0.91796875,True,False
weak_memory,1835,-1,1.80078125,False,False
weak_memory,1836,1,1.0234375,True,False
weak_memory,1837,1,1.86328125,True,False
weak_memory,1838,1,1.4375,True,False
weak_memory,1839,1,1.09765625,True,False
weak_memory,1840,1,1.1328125,True,False
weak_memory,1841,1,0.98046875,True,False
weak_memory,1842,1,0.9375,True,False
weak_memory,1843,-1,0.55078125,False,False
weak_memory,1844,1,0.87109375,True,False
weak_memory,1845,1,1.5546875,True,False
weak_memory,1846,0,,False,True
weak_memory,1847,1,0.734375,True,False
weak_memory,1848,0,,False,True
weak_memory,1849,0,,False,True
weak_memory,1850,1,0.96875,True,False
weak_memory,1851,0,,False,True
weak_memory,1852,0,,False,True
weak_memory,1853,0,,False,True
weak_memory,1854,1,0.69140625,True,False
weak_memory,1855,1,1.3359375,True,False
weak_memory,1856,1,1.29296875,True,False
weak_memory,1857,1,1.859375,True,False
weak_memory,1858,1,0.625,True,False
weak_memory,1859,0,,False,True
weak_memory,1860,0,,False,True
weak_memory,1861,1,0.63671875,True,False
weak_memory,1862,1,1.8125,True,False
weak_memory,1863,0,,False,True
weak_memory,1864,0,,False,True
weak_memory,1865,0,,False,True
weak_memory,1866,0,,False,True
weak_memory,1867,0,,False,True
weak_memory,1868,1,0.48828125,True,False
weak_memory,1869,0,,False,True
weak_memory,1870,1,1.43359375,True,False
weak_memory,1871,0,,False,True
weak_memory,1872,1,0.91015625,True,False
weak_memory,1873,0,,False,True
weak_memory,1874,1,0.96484375,True,False
weak_memory,1875,0,,False,True
weak_memory,1876,0,,False,True
weak_memory,1877,0,,False,True
weak_memory,1878,0,,False,True
weak_memory,1879,0,,False,True
weak_memory,1880,1,1.7578125,True,False
weak_memory,1881,0,,False,True
weak_memory,1882,1,1.3359375,True,False
weak_memory,1883,1,0.31640625,True,False
weak_memory,1884,1,1.34765625,True,False
weak_memory,1885,1,1.5,True,False
weak_memory,1886,1,1.93359375,True,False
weak_memory,1887,1,0.93359375,True,False
weak_memory,1888,1,1.29296875,True,False
weak_memory,1889,0,,False,True
weak_memory,1890,0,,False,True
weak_memory,1891,1,1.76171875,True,False
weak_memory,1892,1,1.06640625,True,False
weak_memory,1893,0,,False,True
weak_memory,1894,1,0.83203125,True,False
weak_memory,1895,1,1.23046875,True,False
weak_memory,1896,-1,1.41015625,False,False
weak_memory,1897,0,,False,True
weak_memory,1898,1,1.8203125,True,False
weak_memory,1899,0,,False,True
weak_memory,1900,0,,False,True
weak_memory,1901,1,0.953125,True,False
weak_memory,1902,-1,1.09765625,False,False
weak_memory,1903,0,,False,True
weak_memory,1904,0,,False,True
weak_memory,1905,0,,False,True
weak_memory,1906,0,,False,True
weak_memory,1907,0,,False,True
weak_memory,1908,1,0.59375,True,False
weak_memory,1909,1,0.88671875,True,False
weak_memory,1910,1,0.90234375,True,False
weak_memory,1911,-1,1.50390625,False,False
weak_memory,1912,0,,False,True
weak_memory,1913,0,,False,True
weak_memory,1914,0,,False,True
weak_memory,1915,1,1.5,True,False
weak_memory,1916,1,1.78125,True,False
weak_memory,1917,0,,False,True
weak_memory,1918,1,1.75390625,True,False
weak_memory,1919,0,,False,True
weak_memory,1920,1,1.18359375,True,False
weak_memory,1921,1,1.31640625,True,False
weak_memory,1922,0,,False,True
weak_memory,1923,1,2.0,True,False
weak_memory,1924,0,,False,True
weak_memory,1925,0,,False,True
weak_memory,1926,1,0.6640625,True,False
weak_memory,1927,0,,False,True
weak_memory,1928,0,,False,True
weak_memory,1929,-1,0.91796875,False,False
weak_memory,1930,0,,False,True
weak_memory,1931,-1,0.8046875,False,False
weak_memory,1932,0,,False,True
weak_memory,1933,1,0.96875,True,False
weak_memory,1934,0,,False,True
weak_memory,1935,1,0.8046875,True,False
weak_memory,1936,-1,0.953125,False,False
weak_memory,1937,0,,False,True
weak_memory,1938,0,,False,True
weak_memory,1939,1,1.203125,True,False
weak_memory,1940,1,0.671875,True,False
weak_memory,1941,0,,False,True
weak_memory,1942,1,0.59765625,True,False
weak_memory,1943,0,,False,True
weak_memory,1944,1,1.515625,True,False
weak_memory,1945,1,0.93359375,True,False
weak_memory,1946,1,1.96484375,True,False
weak_memory,1947,0,,False,True
weak_memory,1948,0,,False,True
weak_memory,1949,1,0.48828125,True,False
weak_memory,1950,0,,False,True
weak_memory,1951,0,,False,True
weak_memory,1952,0,,False,True
weak_memory,1953,0,,False,True
weak_memory,1954,1,1.0546875,True,False
weak_memory,1955,-1,1.5,False,False
weak_memory,1956,-1,1.05078125,False,False
weak_memory,1957,0,,False,True
weak_memory,1958,1,0.7265625,True,False
weak_memory,1959,0,,False,True
weak_memory,1960,0,,False,True
weak_memory,1961,0,,False,True
weak_memory,1962,1,0.9453125,True,False
weak_memory,1963,0,,False,True
weak_memory,1964,0,,False,True
weak_memory,1965,0,,False,True
weak_memory,1966,-1,0.72265625,False,False
weak_memory,1967,-1,0.7890625,False,False
weak_memory,1968,0,,False,True
weak_memory,1969,0,,False,True
weak_memory,1970,1,0.98828125,True,False
weak_memory,1971,1,1.01171875,True,False
weak_memory,1972,0,,False,True
weak_memory,1973,0,,False,True
weak_memory,1974,0,,False,True
weak_memory,1975,0,,False,True
weak_memory,1976,0,,False,True
weak_memory,1977,1,1.046875,True,False
weak_memory,1978,0,,False,True
weak_memory,1979,1,1.25,True,False
weak_memory,1980,-1,0.8203125,False,False
weak_memory,1981,0,,False,True
weak_memory,1982,0,,False,True
weak_memory,1983,0,,False,True
weak_memory,1984,0,,False,True
weak_memory,1985,0,,False,True
weak_memory,1986,1,0.77734375,True,False
weak_memory,1987,0,,False,True
weak_memory,1988,1,1.12890625,True,False
weak_memory,1989,1,1.23046875,True,False
weak_memory,1990,0,,False,True
weak_memory,1991,1,0.61328125,True,False
weak_memory,1992,0,,False,True
weak_memory,1993,0,,False,True
weak_memory,1994,0,,False,True
weak_memory,1995,1,0.47265625,True,False
weak_memory,1996,1,1.33984375,True,False
weak_memory,1997,0,,False,True
weak_memory,1998,1,0.8125,True,False
weak_memory,1999,1,1.81640625,True,False
weak_memory,2000,0,,False,True
weak_memory,2001,0,,False,True
weak_memory,2002,1,1.94140625,True,False
weak_memory,2003,0,,False,True
weak_memory,2004,1,1.43359375,True,False
weak_memory,2005,0,,False,True
weak_memory,2006,1,1.328125,True,False
weak_memory,2007,0,,False,True
weak_memory,2008,0,,False,True
weak_memory,2009,1,1.15625,True,False
weak_memory,2010,1,1.125,True,False
weak_memory,2011,0,,False,True
weak_memory,2012,0,,False,True
weak_memory,2013,-1,0.9140625,False,False
weak_memory,2014,0,,False,True
weak_memory,2015,0,,False,True
weak_memory,2016,0,,False,True
weak_memory,2017,0,,False,True
weak_memory,2018,1,1.51171875,True,False
weak_memory,2019,1,1.328125,True,False
weak_memory,2020,1,0.4765625,True,False
weak_memory,2021,1,1.40625,True,False
weak_memory,2022,0,,False,True
weak_memory,2023,-1,1.7890625,False,False
weak_memory,2024,1,1.47265625,True,False
weak_memory,2025,1,1.98828125,True,False
weak_memory,2026,0,,False,True
weak_memory,2027,0,,False,True
weak_memory,2028,-1,0.80078125,False,False
weak_memory,2029,0,,False,True
weak_memory,2030,-1,1.27734375,False,False
weak_memory,2031,0,,False,True
weak_memory,2032,1,0.86328125,True,False
weak_memory,2033,0,,False,True
weak_memory,2034,1,1.7421875,True,False
weak_memory,2035,0,,False,True
weak_memory,2036,1,1.60546875,True,False
weak_memory,2037,0,,False,True
weak_memory,2038,1,0.60546875,True,False
weak_memory,2039,0,,False,True
weak_memory,2040,0,,False,True
weak_memory,2041,0,,False,True
weak_memory,2042,0,,False,True
weak_memory,2043,1,1.6171875,True,False
weak_memory,2044,0,,False,True
weak_memory,2045,1,1.39453125,True,False
weak_memory,2046,0,,False,True
weak_memory,2047,1,0.87890625,True,False
weak_memory,2048,1,1.21484375,True,False
weak_memory,2049,1,1.19140625,True,False
weak_memory,2050,0,,False,True
weak_memory,2051,1,1.04296875,True,False
weak_memory,2052,0,,False,True
weak_memory,2053,1,1.8359375,True,False
weak_memory,2054,0,,False,True
weak_memory,2055,0,,False,True
weak_memory,2056,1,1.4609375,True,False
weak_memory,2057,0,,False,True
weak_memory,2058,0,,False,True
weak_memory,2059,0,,False,True
weak_memory,2060,1,1.0078125,True,False
weak_memory,2061,0,,False,True
weak_memory,2062,0,,False,True
weak_memory,2063,1,1.09375,True,False
weak_memory,2064,0,,False,True
weak_memory,2065,0,,False,True
weak_memory,2066,1,1.65234375,True,False
weak_memory,2067,0,,False,True
weak_memory,2068,1,1.75,True,False
weak_memory,2069,0,,False,True
weak_memory,2070,0,,False,True
weak_memory,2071,0,,False,True
weak_memory,2072,1,0.8359375,True,False
weak_memory,2073,-1,1.4375,False,False
weak_memory,2074,1,1.515625,True,False
weak_memory,2075,1,1.0625,True,False
weak_memory,2076,1,0.8359375,True,False
weak_memory,2077,0,,False,True
weak_memory,2078,1,1.1796875,True,False
weak_memory,2079,0,,False,True
weak_memory,2080,0,,False,True
weak_memory,2081,0,,False,True
weak_memory,2082,0,,False,True
weak_memory,2083,1,1.13671875,True,False
weak_memory,2084,-1,1.9609375,False,False
weak_memory,2085,-1,1.26171875,False,False
weak_memory,2086,1,1.80859375,True,False
weak_memory,2087,1,1.30859375,True,False
weak_memory,2088,0,,False,True
weak_memory,2089,1,1.3984375,True,False
weak_memory,2090,-1,0.39453125,False,False
weak_memory,2091,1,0.609375,True,False
weak_memory,2092,1,1.7578125,True,False
weak_memory,2093,0,,False,True
weak_memory,2094,-1,1.35546875,False,False
weak_memory,2095,1,0.49609375,True,False
weak_memory,2096,0,,False,True
weak_memory,2097,-1,0.6484375,False,False
weak_memory,2098,-1,0.8671875,False,False
weak_memory,2099,-1,1.6640625,False,False
weak_memory,2100,0,,False,True
weak_memory,2101,1,1.08203125,True,False
weak_memory,2102,-1,1.63671875,False,False
weak_memory,2103,1,0.6875,True,False
weak_memory,2104,1,1.19921875,True,False
weak_memory,2105,1,1.90234375,True,False
weak_memory,2106,0,,False,True
weak_memory,2107,-1,1.41796875,False,False
weak_memory,2108,0,,False,True
weak_memory,2109,-1,1.23828125,False,False
weak_memory,2110,1,1.6484375,True,False
weak_memory,2111,1,1.96875,True,False
weak_memory,2112,0,,False,True
weak_memory,2113,1,1.7734375,True,False
weak_memory,2114,0,,False,True
weak_memory,2115,-1,0.69921875,False,False
weak_memory,2116,0,,False,True
weak_memory,2117,0,,False,True
weak_memory,2118,0,,False,True
weak_memory,2119,1,0.6953125,True,False
weak_memory,2120,0,,False,True
weak_memory,2121,0,,False,True
weak_memory,2122,1,0.33203125,True,False
weak_memory,2123,0,,False,True
weak_memory,2124,0,,False,True
weak_memory,2125,1,0.77734375,True,False
weak_memory,2126,0,,False,True
weak_memory,2127,0,,False,True
weak_memory,2128,0,,False,True
weak_memory,2129,-1,1.8828125,False,False
weak_memory,2130,0,,False,True
weak_memory,2131,1,0.89453125,True,False
weak_memory,2132,1,1.66796875,True,False
weak_memory,2133,0,,False,True
weak_memory,2134,0,,False,True
weak_memory,2135,0,,False,True
weak_memory,2136,0,,False,True
weak_memory,2137,1,0.609375,True,False
weak_memory,2138,1,0.40625,True,False
weak_memory,2139,1,1.0234375,True,False
weak_memory,2140,0,,False,True
weak_memory,2141,0,,False,True
weak_memory,2142,1,0.6796875,True,False
weak_memory,2143,0,,False,True
weak_memory,2144,0,,False,True
weak_memory,2145,-1,0.9609375,False,False
weak_memory,2146,0,,False,True
weak_memory,2147,-1,1.0703125,False,False
weak_memory,2148,0,,False,True
weak_memory,2149,0,,False,True
weak_memory,2150,1,0.6875,True,False
weak_memory,2151,0,,False,True
weak_memory,2152,1,1.578125,True,False
weak_memory,2153,0,,False,True
weak_memory,2154,0,,False,True
weak_memory,2155,1,0.99609375,True,False
weak_memory,2156,1,1.8515625,True,False
weak_memory,2157,-1,0.6953125,False,False
weak_memory,2158,0,,False,True
weak_memory,2159,0,,False,True
weak_memory,2160,0,,False,True
weak_memory,2161,0,,False,True
weak_memory,2162,-1,1.359375,False,False
weak_memory,2163,1,0.81640625,True,False
weak_memory,2164,1,1.328125,True,False
weak_memory,2165,1,0.4140625,True,False
weak_memory,2166,0,,False,True
weak_memory,2167,0,,False,True
weak_memory,2168,0,,False,True
weak_memory,2169,1,0.6171875,True,False
weak_memory,2170,1,0.5234375,True,False
weak_memory,2171,1,0.4375,True,False
weak_memory,2172,0,,False,True
weak_memory,2173,0,,False,True
weak_memory,2174,0,,False,True
weak_memory,2175,1,1.02734375,True,False
weak_memory,2176,1,0.765625,True,False
weak_memory,2177,1,1.58203125,True,False
weak_memory,2178,1,0.80078125,True,False
weak_memory,2179,0,,False,True
weak_memory,2180,0,,False,True
weak_memory,2181,0,,False,True
weak_memory,2182,1,1.9296875,True,False
weak_memory,2183,1,1.84765625,True,False
weak_memory,2184,-1,1.26953125,False,False
weak_memory,2185,0,,False,True
weak_memory,2186,0,,False,True
weak_memory,2187,1,0.88671875,True,False
weak_memory,2188,0,,False,True
weak_memory,2189,0,,False,True
weak_memory,2190,0,,False,True
weak_memory,2191,0,,False,True
weak_memory,2192,1,1.62109375,True,False
weak_memory,2193,0,,False,True
weak_memory,2194,1,0.5625,True,False
weak_memory,2195,0,,False,True
weak_memory,2196,0,,False,True
weak_memory,2197,1,1.078125,True,False
weak_memory,2198,1,1.50390625,True,False
weak_memory,2199,0,,False,True
weak_memory,2200,-1,1.22265625,False,False
weak_memory,2201,0,,False,True
weak_memory,2202,1,1.9140625,True,False
weak_memory,2203,1,1.34375,True,False
weak_memory,2204,0,,False,True
weak_memory,2205,0,,False,True
weak_memory,2206,1,0.78125,True,False
weak_memory,2207,-1,1.609375,False,False
weak_memory,2208,0,,False,True
weak_memory,2209,0,,False,True
weak_memory,2210,0,,False,True
weak_memory,2211,0,,False,True
weak_memory,2212,0,,False,True
weak_memory,2213,1,0.88671875,True,False
weak_memory,2214,1,1.0546875,True,False
weak_memory,2215,1,0.51171875,True,False
weak_memory,2216,1,0.8046875,True,False
weak_memory,2217,-1,1.3828125,False,False
weak_memory,2218,-1,1.31640625,False,False
weak_memory,2219,0,,False,True
weak_memory,2220,1,1.9453125,True,False
weak_memory,2221,1,0.5859375,True,False
weak_memory,2222,1,1.51953125,True,False
weak_memory,2223,-1,1.40234375,False,False
weak_memory,2224,1,0.9375,True,False
weak_memory,2225,0,,False,True
weak_memory,2226,1,1.546875,True,False
weak_memory,2227,0,,False,True
weak_memory,2228,1,1.5234375,True,False
weak_memory,2229,0,,False,True
weak_memory,2230,1,1.00390625,True,False
weak_memory,2231,0,,False,True
weak_memory,2232,-1,1.77734375,False,False
weak_memory,2233,0,,False,True
weak_memory,2234,0,,False,True
weak_memory,2235,0,,False,True
weak_memory,2236,0,,False,True
weak_memory,2237,1,1.1796875,True,False
weak_memory,2238,1,0.3828125,True,False
weak_memory,2239,1,1.125,True,False
weak_memory,2240,-1,1.83203125,False,False
weak_memory,2241,0,,False,True
weak_memory,2242,0,,False,True
weak_memory,2243,1,0.9453125,True,False
weak_memory,2244,0,,False,True
weak_memory,2245,1,1.30078125,True,False
weak_memory,2246,0,,False,True
weak_memory,2247,0,,False,True
weak_memory,2248,0,,False,True
weak_memory,2249,0,,False,True
weak_memory,2250,1,1.203125,True,False
weak_memory,2251,1,0.62109375,True,False
weak_memory,2252,1,0.9296875,True,False
weak_memory,2253,0,,False,True
weak_memory,2254,0,,False,True
weak_memory,2255,0,,False,True
weak_memory,2256,1,0.8203125,True,False
weak_memory,2257,1,0.41015625,True,False
weak_memory,2258,1,1.39453125,True,False
weak_memory,2259,0,,False,True
weak_memory,2260,0,,False,True
weak_memory,2261,1,0.8671875,True,False
weak_memory,2262,1,1.05859375,True,False
weak_memory,2263,1,0.58984375,True,False
weak_memory,2264,0,,False,True
weak_memory,2265,0,,False,True
weak_memory,2266,-1,0.96875,False,False
weak_memory,2267,1,0.55078125,True,False
weak_memory,2268,0,,False,True
weak_memory,2269,0,,False,True
weak_memory,2270,-1,1.265625,False,False
weak_memory,2271,1,1.15234375,True,False
weak_memory,2272,0,,False,True
weak_memory,2273,-1,1.08984375,False,False
weak_memory,2274,1,0.75,True,False
weak_memory,2275,0,,False,True
weak_memory,2276,0,,False,True
weak_memory,2277,0,,False,True
weak_memory,2278,0,,False,True
weak_memory,2279,0,,False,True
weak_memory,2280,0,,False,True
weak_memory,2281,1,1.66796875,True,False
weak_memory,2282,0,,False,True
weak_memory,2283,1,0.59375,True,False
weak_memory,2284,0,,False,True
weak_memory,2285,0,,False,True
weak_memory,2286,0,,False,True
weak_memory,2287,1,1.94140625,True,False
weak_memory,2288,0,,False,True
weak_memory,2289,1,0.625,True,False
weak_memory,2290,0,,False,True
weak_memory,2291,0,,False,True
weak_memory,2292,0,,False,True
weak_memory,2293,0,,False,True
weak_memory,2294,1,1.70703125,True,False
weak_memory,2295,0,,False,True
weak_memory,2296,0,,False,True
weak_memory,2297,1,0.91015625,True,False
weak_memory,2298,1,0.671875,True,False
weak_memory,2299,0,,False,True
weak_memory,2300,1,0.34765625,True,False
weak_memory,2301,-1,0.484375,False,False
weak_memory,2302,0,,False,True
weak_memory,2303,0,,False,True
weak_memory,2304,0,,False,True
weak_memory,2305,0,,False,True
weak_memory,2306,1,0.46875,True,False
weak_memory,2307,0,,False,True
weak_memory,2308,1,1.94140625,True,False
weak_memory,2309,0,,False,True
weak_memory,2310,0,,False,True
weak_memory,2311,0,,False,True
weak_memory,2312,0,,False,True
weak_memory,2313,0,,False,True
weak_memory,2314,-1,1.87109375,False,False
weak_memory,2315,1,0.80078125,True,False
weak_memory,2316,0,,False,True
weak_memory,2317,1,0.89453125,True,False
weak_memory,2318,0,,False,True
weak_memory,2319,0,,False,True
weak_memory,2320,-1,1.59765625,False,False
weak_memory,2321,-1,1.20703125,False,False
weak_memory,2322,-1,1.3828125,False,False
weak_memory,2323,1,1.03515625,True,False
weak_memory,2324,1,1.96875,True,False
weak_memory,2325,-1,0.66015625,False,False
weak_memory,2326,0,,False,True
weak_memory,2327,1,0.69921875,True,False
weak_memory,2328,0,,False,True
weak_memory,2329,-1,0.625,False,False
weak_memory,2330,-1,1.875,False,False
weak_memory,2331,1,0.78515625,True,False
weak_memory,2332,1,1.71875,True,False
weak_memory,2333,1,0.6640625,True,False
weak_memory,2334,1,1.625,True,False
weak_memory,2335,-1,1.98046875,False,False
weak_memory,2336,1,1.35546875,True,False
weak_memory,2337,1,0.46484375,True,False
weak_memory,2338,0,,False,True
weak_memory,2339,1,1.265625,True,False
weak_memory,2340,1,1.796875,True,False
weak_memory,2341,1,1.8359375,True,False
weak_memory,2342,1,1.3515625,True,False
weak_memory,2343,0,,False,True
weak_memory,2344,0,,False,True
weak_memory,2345,0,,False,True
weak_memory,2346,0,,False,True
weak_memory,2347,-1,1.2109375,False,False
weak_memory,2348,1,0.56640625,True,False
weak_memory,2349,0,,False,True
weak_memory,2350,1,1.75,True,False
weak_memory,2351,0,,False,True
weak_memory,2352,0,,False,True
weak_memory,2353,0,,False,True
weak_memory,2354,1,0.7734375,True,False
weak_memory,2355,0,,False,True
weak_memory,2356,0,,False,True
weak_memory,2357,1,0.9609375,True,False
weak_memory,2358,1,0.859375,True,False
weak_memory,2359,0,,False,True
weak_memory,2360,-1,1.51953125,False,False
weak_memory,2361,1,0.953125,True,False
weak_memory,2362,0,,False,True
weak_memory,2363,1,1.0,True,False
weak_memory,2364,0,,False,True
weak_memory,2365,0,,False,True
weak_memory,2366,0,,False,True
weak_memory,2367,0,,False,True
weak_memory,2368,0,,False,True
weak_memory,2369,0,,False,True
weak_memory,2370,1,1.26171875,True,False
weak_memory,2371,-1,1.37890625,False,False
weak_memory,2372,0,,False,True
weak_memory,2373,0,,False,True
weak_memory,2374,0,,False,True
weak_memory,2375,1,1.18359375,True,False
weak_memory,2376,0,,False,True
weak_memory,2377,1,0.765625,True,False
weak_memory,2378,1,0.59765625,True,False
weak_memory,2379,0,,False,True
weak_memory,2380,0,,False,True
weak_memory,2381,1,0.6171875,True,False
weak_memory,2382,1,1.5703125,True,False
weak_memory,2383,-1,0.86328125,False,False
weak_memory,2384,1,0.5625,True,False
weak_memory,2385,0,,False,True
weak_memory,2386,1,0.74609375,True,False
weak_memory,2387,-1,0.66015625,False,False
weak_memory,2388,0,,False,True
weak_memory,2389,1,1.02734375,True,False
weak_memory,2390,1,1.1328125,True,False
weak_memory,2391,1,0.98828125,True,False
weak_memory,2392,1,1.0546875,True,False
weak_memory,2393,0,,False,True
weak_memory,2394,0,,False,True
weak_memory,2395,0,,False,True
weak_memory,2396,0,,False,True
weak_memory,2397,-1,0.625,False,False
weak_memory,2398,0,,False,True
weak_memory,2399,0,,False,True
weak_memory,2400,0,,False,True
weak_memory,2401,1,1.12890625,True,False
weak_memory,2402,1,1.953125,True,False
weak_memory,2403,0,,False,True
weak_memory,2404,1,0.82421875,True,False
weak_memory,2405,0,,False,True
weak_memory,2406,0,,False,True
weak_memory,2407,1,1.8984375,True,False
weak_memory,2408,1,1.1484375,True,False
weak_memory,2409,0,,False,True
weak_memory,2410,0,,False,True
weak_memory,2411,1,1.28125,True,False
weak_memory,2412,1,1.1640625,True,False
weak_memory,2413,1,1.34765625,True,False
weak_memory,2414,0,,False,True
weak_memory,2415,1,1.80859375,True,False
weak_memory,2416,0,,False,True
weak_memory,2417,0,,False,True
weak_memory,2418,-1,1.85546875,False,False
weak_memory,2419,0,,False,True
weak_memory,2420,0,,False,True
weak_memory,2421,-1,1.03515625,False,False
weak_memory,2422,0,,False,True
weak_memory,2423,0,,False,True
weak_memory,2424,0,,False,True
weak_memory,2425,0,,False,True
weak_memory,2426,0,,False,True
weak_memory,2427,0,,False,True
weak_memory,2428,0,,False,True
weak_memory,2429,0,,False,True
weak_memory,2430,1,0.6875,True,False
weak_memory,2431,0,,False,True
weak_memory,2432,0,,False,True
weak_memory,2433,0,,False,True
weak_memory,2434,0,,False,True
weak_memory,2435,-1,1.50390625,False,False
weak_memory,2436,-1,1.76953125,False,False
weak_memory,2437,1,1.75390625,True,False
weak_memory,2438,0,,False,True
weak_memory,2439,1,1.84375,True,False
weak_memory,2440,0,,False,True
weak_memory,2441,1,0.84375,True,False
weak_memory,2442,0,,False,True
weak_memory,2443,-1,1.5,False,False
weak_memory,2444,0,,False,True
weak_memory,2445,0,,False,True
weak_memory,2446,0,,False,True
weak_memory,2447,0,,False,True
weak_memory,2448,1,1.90234375,True,False
weak_memory,2449,-1,0.96484375,False,False
weak_memory,2450,0,,False,True
weak_memory,2451,0,,False,True
weak_memory,2452,-1,0.51171875,False,False
weak_memory,2453,1,0.7421875,True,False
weak_memory,2454,-1,1.17578125,False,False
weak_memory,2455,-1,1.66796875,False,False
weak_memory,2456,0,,False,True
weak_memory,2457,1,1.91015625,True,False
weak_memory,2458,0,,False,True
weak_memory,2459,-1,1.84375,False,False
weak_memory,2460,0,,False,True
weak_memory,2461,0,,False,True
weak_memory,2462,0,,False,True
weak_memory,2463,1,0.5,True,False
weak_memory,2464,0,,False,True
weak_memory,2465,0,,False,True
weak_memory,2466,0,,False,True
weak_memory,2467,1,0.66796875,True,False
weak_memory,2468,-1,1.1640625,False,False
weak_memory,2469,0,,False,True
weak_memory,2470,1,1.44140625,True,False
weak_memory,2471,0,,False,True
weak_memory,2472,0,,False,True
weak_memory,2473,-1,1.65625,False,False
weak_memory,2474,0,,False,True
weak_memory,2475,1,1.1015625,True,False
weak_memory,2476,1,1.109375,True,False
weak_memory,2477,-1,1.91015625,False,False
weak_memory,2478,0,,False,True
weak_memory,2479,1,0.25,True,False
weak_memory,2480,-1,1.3984375,False,False
weak_memory,2481,1,1.8125,True,False
weak_memory,2482,0,,False,True
weak_memory,2483,0,,False,True
weak_memory,2484,1,0.765625,True,False
weak_memory,2485,1,0.3984375,True,False
weak_memory,2486,1,0.671875,True,False
weak_memory,2487,0,,False,True
weak_memory,2488,0,,False,True
weak_memory,2489,0,,False,True
weak_memory,2490,0,,False,True
weak_memory,2491,0,,False,True
weak_memory,2492,1,1.2421875,True,False
weak_memory,2493,1,1.125,True,False
weak_memory,2494,-1,1.04296875,False,False
weak_memory,2495,0,,False,True
weak_memory,2496,1,0.6953125,True,False
weak_memory,2497,0,,False,True
weak_memory,2498,0,,False,True
weak_memory,2499,0,,False,True
weak_memory,2500,1,1.5546875,True,False
weak_memory,2501,0,,False,True
weak_memory,2502,0,,False,True
weak_memory,2503,1,1.34375,True,False
weak_memory,2504,0,,False,True
weak_memory,2505,-1,0.69921875,False,False
weak_memory,2506,1,0.48046875,True,False
weak_memory,2507,0,,False,True
weak_memory,2508,1,1.26953125,True,False
weak_memory,2509,0,,False,True
weak_memory,2510,-1,1.01953125,False,False
weak_memory,2511,0,,False,True
weak_memory,2512,1,1.453125,True,False
weak_memory,2513,-1,1.3828125,False,False
weak_memory,2514,0,,False,True
weak_memory,2515,0,,False,True
weak_memory,2516,-1,1.39453125,False,False
weak_memory,2517,0,,False,True
weak_memory,2518,0,,False,True
weak_memory,2519,-1,1.0546875,False,False
weak_memory,2520,1,1.45703125,True,False
weak_memory,2521,0,,False,True
weak_memory,2522,1,1.37109375,True,False
weak_memory,2523,0,,False,True
weak_memory,2524,1,0.50390625,True,False
weak_memory,2525,1,0.73828125,True,False
weak_memory,2526,0,,False,True
weak_memory,2527,1,0.73046875,True,False
weak_memory,2528,0,,False,True
weak_memory,2529,1,1.73828125,True,False
weak_memory,2530,1,0.5859375,True,False
weak_memory,2531,0,,False,True
weak_memory,2532,0,,False,True
weak_memory,2533,0,,False,True
weak_memory,2534,1,0.9140625,True,False
weak_memory,2535,1,1.34375,True,False
weak_memory,2536,1,0.44140625,True,False
weak_memory,2537,1,0.55859375,True,False
weak_memory,2538,-1,1.16015625,False,False
weak_memory,2539,0,,False,True
weak_memory,2540,0,,False,True
weak_memory,2541,0,,False,True
weak_memory,2542,0,,False,True
weak_memory,2543,0,,False,True
weak_memory,2544,0,,False,True
weak_memory,2545,1,1.90234375,True,False
weak_memory,2546,1,0.39453125,True,False
weak_memory,2547,0,,False,True
weak_memory,2548,0,,False,True
weak_memory,2549,0,,False,True
weak_memory,2550,1,0.4140625,True,False
weak_memory,2551,0,,False,True
weak_memory,2552,0,,False,True
weak_memory,2553,0,,False,True
weak_memory,2554,1,0.921875,True,False
weak_memory,2555,1,0.4375,True,False
weak_memory,2556,0,,False,True
weak_memory,2557,0,,False,True
weak_memory,2558,1,0.4296875,True,False
weak_memory,2559,1,1.6953125,True,False
weak_memory,2560,0,,False,True
weak_memory,2561,-1,1.57421875,False,False
weak_memory,2562,-1,1.65625,False,False
weak_memory,2563,0,,False,True
weak_memory,2564,0,,False,True
weak_memory,2565,0,,False,True
weak_memory,2566,0,,False,True
weak_memory,2567,0,,False,True
weak_memory,2568,-1,1.92578125,False,False
weak_memory,2569,1,1.4375,True,False
weak_memory,2570,0,,False,True
weak_memory,2571,0,,False,True
weak_memory,2572,-1,0.98828125,False,False
weak_memory,2573,-1,1.96484375,False,False
weak_memory,2574,1,0.4453125,True,False
weak_memory,2575,0,,False,True
weak_memory,2576,1,0.34765625,True,False
weak_memory,2577,1,1.12890625,True,False
weak_memory,2578,0,,False,True
weak_memory,2579,1,1.5625,True,False
weak_memory,2580,0,,False,True
weak_memory,2581,0,,False,True
weak_memory,2582,-1,0.41015625,False,False
weak_memory,2583,-1,1.8046875,False,False
weak_memory,2584,-1,0.71875,False,False
weak_memory,2585,1,1.17578125,True,False
weak_memory,2586,0,,False,True
weak_memory,2587,0,,False,True
weak_memory,2588,0,,False,True
weak_memory,2589,1,1.0234375,True,False
weak_memory,2590,0,,False,True
weak_memory,2591,0,,False,True
weak_memory,2592,0,,False,True
weak_memory,2593,0,,False,True
weak_memory,2594,0,,False,True
weak_memory,2595,0,,False,True
weak_memory,2596,0,,False,True
weak_memory,2597,0,,False,True
weak_memory,2598,1,1.3984375,True,False
weak_memory,2599,-1,1.41796875,False,False
weak_memory,2600,-1,0.94921875,False,False
weak_memory,2601,0,,False,True
weak_memory,2602,0,,False,True
weak_memory,2603,0,,False,True
weak_memory,2604,0,,False,True
weak_memory,2605,1,1.4296875,True,False
weak_memory,2606,0,,False,True
weak_memory,2607,1,1.296875,True,False
weak_memory,2608,1,1.37890625,True,False
weak_memory,2609,-1,1.81640625,False,False
weak_memory,2610,0,,False,True
weak_memory,2611,0,,False,True
weak_memory,2612,1,1.4375,True,False
weak_memory,2613,1,0.66796875,True,False
weak_memory,2614,1,1.7109375,True,False
weak_memory,2615,1,0.625,True,False
weak_memory,2616,0,,False,True
weak_memory,2617,0,,False,True
weak_memory,2618,-1,1.3125,False,False
weak_memory,2619,0,,False,True
weak_memory,2620,0,,False,True
weak_memory,2621,1,1.51171875,True,False
weak_memory,2622,1,1.05859375,True,False
weak_memory,2623,0,,False,True
weak_memory,2624,1,1.63671875,True,False
weak_memory,2625,0,,False,True
weak_memory,2626,0,,False,True
weak_memory,2627,1,0.46484375,True,False
weak_memory,2628,0,,False,True
weak_memory,2629,1,0.6953125,True,False
weak_memory,2630,1,0.96875,True,False
weak_memory,2631,1,0.7421875,True,False
weak_memory,2632,0,,False,True
weak_memory,2633,0,,False,True
weak_memory,2634,1,1.33984375,True,False
weak_memory,2635,0,,False,True
weak_memory,2636,1,1.99609375,True,False
weak_memory,2637,0,,False,True
weak_memory,2638,1,0.87890625,True,False
weak_memory,2639,0,,False,True
weak_memory,2640,0,,False,True
weak_memory,2641,0,,False,True
weak_memory,2642,1,2.0,True,False
weak_memory,2643,1,0.5078125,True,False
weak_memory,2644,0,,False,True
weak_memory,2645,0,,False,True
weak_memory,2646,-1,1.96484375,False,False
weak_memory,2647,-1,0.58984375,False,False
weak_memory,2648,0,,False,True
weak_memory,2649,1,1.62890625,True,False
weak_memory,2650,1,1.78515625,True,False
weak_memory,2651,1,1.55078125,True,False
weak_memory,2652,0,,False,True
weak_memory,2653,1,1.375,True,False
weak_memory,2654,0,,False,True
weak_memory,2655,1,1.68359375,True,False
weak_memory,2656,-1,0.9375,False,False
weak_memory,2657,0,,False,True
weak_memory,2658,0,,False,True
weak_memory,2659,0,,False,True
weak_memory,2660,0,,False,True
weak_memory,2661,0,,False,True
weak_memory,2662,-1,1.25,False,False
weak_memory,2663,0,,False,True
weak_memory,2664,1,0.33984375,True,False
weak_memory,2665,0,,False,True
weak_memory,2666,1,1.30859375,True,False
weak_memory,2667,0,,False,True
weak_memory,2668,-1,1.58203125,False,False
weak_memory,2669,1,0.34375,True,False
weak_memory,2670,1,0.921875,True,False
weak_memory,2671,0,,False,True
weak_memory,2672,1,1.53515625,True,False
weak_memory,2673,1,1.48828125,True,False
weak_memory,2674,0,,False,True
weak_memory,2675,1,1.0234375,True,False
weak_memory,2676,0,,False,True
weak_memory,2677,0,,False,True
weak_memory,2678,0,,False,True
weak_memory,2679,1,0.4375,True,False
weak_memory,2680,0,,False,True
weak_memory,2681,0,,False,True
weak_memory,2682,0,,False,True
weak_memory,2683,1,0.58984375,True,False
weak_memory,2684,1,0.39453125,True,False
weak_memory,2685,1,1.265625,True,False
weak_memory,2686,0,,False,True
weak_memory,2687,0,,False,True
weak_memory,2688,1,0.625,True,False
weak_memory,2689,0,,False,True
weak_memory,2690,0,,False,True
weak_memory,2691,1,1.15234375,True,False
weak_memory,2692,0,,False,True
weak_memory,2693,0,,False,True
weak_memory,2694,0,,False,True
weak_memory,2695,0,,False,True
weak_memory,2696,1,0.91796875,True,False
weak_memory,2697,0,,False,True
weak_memory,2698,-1,0.92578125,False,False
weak_memory,2699,0,,False,True
weak_memory,2700,1,0.23046875,True,False
weak_memory,2701,0,,False,True
weak_memory,2702,0,,False,True
weak_memory,2703,1,1.59765625,True,False
weak_memory,2704,1,1.07421875,True,False
weak_memory,2705,0,,False,True
weak_memory,2706,0,,False,True
weak_memory,2707,1,1.30078125,True,False
weak_memory,2708,1,0.43359375,True,False
weak_memory,2709,1,1.94921875,True,False
weak_memory,2710,0,,False,True
weak_memory,2711,1,1.234375,True,False
weak_memory,2712,-1,0.28515625,False,False
weak_memory,2713,-1,1.3984375,False,False
weak_memory,2714,1,1.63671875,True,False
weak_memory,2715,-1,1.9140625,False,False
weak_memory,2716,1,0.89453125,True,False
weak_memory,2717,0,,False,True
weak_memory,2718,1,0.90625,True,False
weak_memory,2719,0,,False,True
weak_memory,2720,0,,False,True
weak_memory,2721,1,0.9140625,True,False
weak_memory,2722,0,,False,True
weak_memory,2723,0,,False,True
weak_memory,2724,0,,False,True
weak_memory,2725,-1,0.65234375,False,False
weak_memory,2726,0,,False,True
weak_memory,2727,0,,False,True
weak_memory,2728,-1,1.46484375,False,False
weak_memory,2729,1,1.1875,True,False
weak_memory,2730,1,1.09765625,True,False
weak_memory,2731,1,0.9296875,True,False
weak_memory,2732,1,0.6640625,True,False
weak_memory,2733,0,,False,True
weak_memory,2734,-1,1.01171875,False,False
weak_memory,2735,0,,False,True
weak_memory,2736,0,,False,True
weak_memory,2737,0,,False,True
weak_memory,2738,0,,False,True
weak_memory,2739,0,,False,True
weak_memory,2740,1,0.5859375,True,False
weak_memory,2741,1,1.953125,True,False
weak_memory,2742,1,0.75390625,True,False
weak_memory,2743,1,0.73046875,True,False
weak_memory,2744,0,,False,True
weak_memory,2745,0,,False,True
weak_memory,2746,1,0.3828125,True,False
weak_memory,2747,0,,False,True
weak_memory,2748,1,0.4296875,True,False
weak_memory,2749,1,1.28515625,True,False
weak_memory,2750,1,1.9609375,True,False
weak_memory,2751,0,,False,True
weak_memory,2752,1,0.87890625,True,False
weak_memory,2753,-1,0.28515625,False,False
weak_memory,2754,1,1.30859375,True,False
weak_memory,2755,0,,False,True
weak_memory,2756,0,,False,True
weak_memory,2757,1,1.765625,True,False
weak_memory,2758,1,1.84375,True,False
weak_memory,2759,1,1.08203125,True,False
weak_memory,2760,-1,1.7265625,False,False
weak_memory,2761,1,1.35546875,True,False
weak_memory,2762,0,,False,True
weak_memory,2763,1,1.84375,True,False
weak_memory,2764,1,0.5078125,True,False
weak_memory,2765,0,,False,True
weak_memory,2766,-1,1.41015625,False,False
weak_memory,2767,0,,False,True
weak_memory,2768,-1,1.52734375,False,False
weak_memory,2769,0,,False,True
weak_memory,2770,0,,False,True
weak_memory,2771,-1,1.86328125,False,False
weak_memory,2772,-1,1.31640625,False,False
weak_memory,2773,0,,False,True
weak_memory,2774,0,,False,True
weak_memory,2775,1,0.61328125,True,False
weak_memory,2776,0,,False,True
weak_memory,2777,-1,0.74609375,False,False
weak_memory,2778,1,1.65625,True,False
weak_memory,2779,1,1.62890625,True,False
weak_memory,2780,-1,1.2421875,False,False
weak_memory,2781,0,,False,True
weak_memory,2782,0,,False,True
weak_memory,2783,1,1.48046875,True,False
weak_memory,2784,-1,1.578125,False,False
weak_memory,2785,1,1.1328125,True,False
weak_memory,2786,-1,0.75,False,False
weak_memory,2787,1,1.34765625,True,False
weak_memory,2788,0,,False,True
weak_memory,2789,0,,False,True
weak_memory,2790,1,1.25390625,True,False
weak_memory,2791,0,,False,True
weak_memory,2792,1,1.45703125,True,False
weak_memory,2793,1,1.6484375,True,False
weak_memory,2794,0,,False,True
weak_memory,2795,0,,False,True
weak_memory,2796,0,,False,True
weak_memory,2797,1,1.67578125,True,False
weak_memory,2798,1,1.58984375,True,False
weak_memory,2799,1,0.578125,True,False
weak_memory,2800,1,1.62890625,True,False
weak_memory,2801,-1,0.93359375,False,False
weak_memory,2802,1,1.25390625,True,False
weak_memory,2803,1,1.23828125,True,False
weak_memory,2804,0,,False,True
weak_memory,2805,-1,0.50390625,False,False
weak_memory,2806,0,,False,True
weak_memory,2807,0,,False,True
weak_memory,2808,0,,False,True
weak_memory,2809,1,0.9921875,True,False
weak_memory,2810,0,,False,True
weak_memory,2811,0,,False,True
weak_memory,2812,0,,False,True
weak_memory,2813,0,,False,True
weak_memory,2814,0,,False,True
weak_memory,2815,0,,False,True
weak_memory,2816,0,,False,True
weak_memory,2817,0,,False,True
weak_memory,2818,-1,1.890625,False,False
weak_memory,2819,0,,False,True
weak_memory,2820,1,1.4609375,True,False
weak_memory,2821,0,,False,True
weak_memory,2822,0,,False,True
weak_memory,2823,-1,0.73046875,False,False
weak_memory,2824,1,1.46875,True,False
weak_memory,2825,0,,False,True
weak_memory,2826,0,,False,True
weak_memory,2827,1,0.84375,True,False
weak_memory,2828,1,1.21484375,True,False
weak_memory,2829,1,1.56640625,True,False
weak_memory,2830,0,,False,True
weak_memory,2831,0,,False,True
weak_memory,2832,0,,False,True
weak_memory,2833,0,,False,True
weak_memory,2834,0,,False,True
weak_memory,2835,0,,False,True
weak_memory,2836,0,,False,True
weak_memory,2837,1,1.67578125,True,False
weak_memory,2838,1,1.0703125,True,False
weak_memory,2839,-1,1.7109375,False,False
weak_memory,2840,1,1.875,True,False
weak_memory,2841,1,0.7421875,True,False
weak_memory,2842,-1,1.921875,False,False
weak_memory,2843,0,,False,True
weak_memory,2844,0,,False,True
weak_memory,2845,-1,1.83203125,False,False
weak_memory,2846,-1,0.7578125,False,False
weak_memory,2847,0,,False,True
weak_memory,2848,0,,False,True
weak_memory,2849,0,,False,True
weak_memory,2850,1,0.71875,True,False
weak_memory,2851,1,1.2265625,True,False
weak_memory,2852,1,1.15625,True,False
weak_memory,2853,0,,False,True
weak_memory,2854,1,0.8125,True,False
weak_memory,2855,0,,False,True
weak_memory,2856,1,1.875,True,False
weak_memory,2857,0,,False,True
weak_memory,2858,0,,False,True
weak_memory,2859,1,0.51953125,True,False
weak_memory,2860,0,,False,True
weak_memory,2861,-1,1.15625,False,False
weak_memory,2862,-1,0.88671875,False,False
weak_memory,2863,1,1.703125,True,False
weak_memory,2864,0,,False,True
weak_memory,2865,0,,False,True
weak_memory,2866,1,1.04296875,True,False
weak_memory,2867,0,,False,True
weak_memory,2868,1,0.53515625,True,False
weak_memory,2869,0,,False,True
weak_memory,2870,0,,False,True
weak_memory,2871,1,1.12109375,True,False
weak_memory,2872,1,0.5859375,True,False
weak_memory,2873,0,,False,True
weak_memory,2874,0,,False,True
weak_memory,2875,0,,False,True
weak_memory,2876,0,,False,True
weak_memory,2877,1,0.65234375,True,False
weak_memory,2878,0,,False,True
weak_memory,2879,0,,False,True
weak_memory,2880,1,0.5546875,True,False
weak_memory,2881,-1,0.75,False,False
weak_memory,2882,0,,False,True
weak_memory,2883,1,1.48828125,True,False
weak_memory,2884,1,0.94921875,True,False
weak_memory,2885,-1,1.73046875,False,False
weak_memory,2886,1,1.921875,True,False
weak_memory,2887,1,0.72265625,True,False
weak_memory,2888,0,,False,True
weak_memory,2889,0,,False,True
weak_memory,2890,-1,1.0546875,False,False
weak_memory,2891,0,,False,True
weak_memory,2892,0,,False,True
weak_memory,2893,0,,False,True
weak_memory,2894,-1,1.3125,False,False
weak_memory,2895,1,0.7421875,True,False
weak_memory,2896,0,,False,True
weak_memory,2897,0,,False,True
weak_memory,2898,1,1.9296875,True,False
weak_memory,2899,0,,False,True
weak_memory,2900,0,,False,True
weak_memory,2901,0,,False,True
weak_memory,2902,1,1.83984375,True,False
weak_memory,2903,-1,0.9765625,False,False
weak_memory,2904,1,1.0859375,True,False
weak_memory,2905,-1,0.9609375,False,False
weak_memory,2906,1,0.71484375,True,False
weak_memory,2907,-1,0.796875,False,False
weak_memory,2908,0,,False,True
weak_memory,2909,-1,1.2421875,False,False
weak_memory,2910,1,1.484375,True,False
weak_memory,2911,0,,False,True
weak_memory,2912,0,,False,True
weak_memory,2913,1,1.109375,True,False
weak_memory,2914,0,,False,True
weak_memory,2915,1,0.65625,True,False
weak_memory,2916,1,0.7578125,True,False
weak_memory,2917,1,1.125,True,False
weak_memory,2918,0,,False,True
weak_memory,2919,0,,False,True
weak_memory,2920,1,1.0234375,True,False
weak_memory,2921,-1,1.578125,False,False
weak_memory,2922,0,,False,True
weak_memory,2923,1,1.91015625,True,False
weak_memory,2924,1,1.17578125,True,False
weak_memory,2925,1,1.58984375,True,False
weak_memory,2926,0,,False,True
weak_memory,2927,0,,False,True
weak_memory,2928,0,,False,True
weak_memory,2929,0,,False,True
weak_memory,2930,0,,False,True
weak_memory,2931,-1,1.83203125,False,False
weak_memory,2932,0,,False,True
weak_memory,2933,0,,False,True
weak_memory,2934,1,1.25,True,False
weak_memory,2935,0,,False,True
weak_memory,2936,0,,False,True
weak_memory,2937,0,,False,True
weak_memory,2938,0,,False,True
weak_memory,2939,1,1.64453125,True,False
weak_memory,2940,0,,False,True
weak_memory,2941,-1,1.34765625,False,False
weak_memory,2942,1,1.65625,True,False
weak_memory,2943,1,0.609375,True,False
weak_memory,2944,0,,False,True
weak_memory,2945,0,,False,True
weak_memory,2946,0,,False,True
weak_memory,2947,1,1.3671875,True,False
weak_memory,2948,0,,False,True
weak_memory,2949,1,1.359375,True,False
weak_memory,2950,0,,False,True
weak_memory,2951,1,1.765625,True,False
weak_memory,2952,0,,False,True
weak_memory,2953,0,,False,True
weak_memory,2954,0,,False,True
weak_memory,2955,1,1.29296875,True,False
weak_memory,2956,0,,False,True
weak_memory,2957,1,0.90625,True,False
weak_memory,2958,0,,False,True
weak_memory,2959,0,,False,True
weak_memory,2960,0,,False,True
weak_memory,2961,-1,1.51171875,False,False
weak_memory,2962,0,,False,True
weak_memory,2963,0,,False,True
weak_memory,2964,-1,1.828125,False,False
weak_memory,2965,0,,False,True
weak_memory,2966,0,,False,True
weak_memory,2967,1,1.3515625,True,False
weak_memory,2968,0,,False,True
weak_memory,2969,-1,0.70703125,False,False
weak_memory,2970,0,,False,True
weak_memory,2971,0,,False,True
weak_memory,2972,1,0.94921875,True,False
weak_memory,2973,0,,False,True
weak_memory,2974,0,,False,True
weak_memory,2975,0,,False,True
weak_memory,2976,0,,False,True
weak_memory,2977,0,,False,True
weak_memory,2978,0,,False,True
weak_memory,2979,1,1.47265625,True,False
weak_memory,2980,1,1.50390625,True,False
weak_memory,2981,0,,False,True
weak_memory,2982,0,,False,True
weak_memory,2983,1,1.67578125,True,False
weak_memory,2984,0,,False,True
weak_memory,2985,-1,1.234375,False,False
weak_memory,2986,1,0.8671875,True,False
weak_memory,2987,0,,False,True
weak_memory,2988,0,,False,True
weak_memory,2989,0,,False,True
weak_memory,2990,0,,False,True
weak_memory,2991,0,,False,True
weak_memory,2992,-1,1.765625,False,False
weak_memory,2993,-1,1.55078125,False,False
weak_memory,2994,-1,0.80859375,False,False
weak_memory,2995,-1,0.91015625,False,False
weak_memory,2996,0,,False,True
weak_memory,2997,0,,False,True
weak_memory,2998,0,,False,True
weak_memory,2999,0,,False,True
weak_memory,3000,0,,False,True
weak_memory,3001,0,,False,True
weak_memory,3002,0,,False,True
weak_memory,3003,0,,False,True
weak_memory,3004,1,1.51953125,True,False
weak_memory,3005,0,,False,True
weak_memory,3006,0,,False,True
weak_memory,3007,1,0.39453125,True,False
weak_memory,3008,0,,False,True
weak_memory,3009,0,,False,True
weak_memory,3010,1,0.5078125,True,False
weak_memory,3011,0,,False,True
weak_memory,3012,0,,False,True
weak_memory,3013,0,,False,True
weak_memory,3014,0,,False,True
weak_memory,3015,1,0.51953125,True,False
weak_memory,3016,0,,False,True
weak_memory,3017,1,1.98828125,True,False
weak_memory,3018,1,0.4609375,True,False
weak_memory,3019,1,1.453125,True,False
weak_memory,3020,-1,1.3828125,False,False
weak_memory,3021,1,0.89453125,True,False
weak_memory,3022,0,,False,True
weak_memory,3023,0,,False,True
weak_memory,3024,1,1.39453125,True,False
weak_memory,3025,-1,1.625,False,False
weak_memory,3026,1,1.84765625,True,False
weak_memory,3027,0,,False,True
weak_memory,3028,0,,False,True
weak_memory,3029,-1,1.13671875,False,False
weak_memory,3030,1,0.5546875,True,False
weak_memory,3031,1,0.5859375,True,False
weak_memory,3032,0,,False,True
weak_memory,3033,1,1.34765625,True,False
weak_memory,3034,1,1.70703125,True,False
weak_memory,3035,-1,1.6953125,False,False
weak_memory,3036,0,,False,True
weak_memory,3037,1,0.94921875,True,False
weak_memory,3038,0,,False,True
weak_memory,3039,1,0.8828125,True,False
weak_memory,3040,0,,False,True
weak_memory,3041,-1,1.41796875,False,False
weak_memory,3042,0,,False,True
weak_memory,3043,0,,False,True
weak_memory,3044,0,,False,True
weak_memory,3045,0,,False,True
weak_memory,3046,0,,False,True
weak_memory,3047,0,,False,True
weak_memory,3048,0,,False,True
weak_memory,3049,1,1.6953125,True,False
weak_memory,3050,0,,False,True
weak_memory,3051,0,,False,True
weak_memory,3052,1,1.4453125,True,False
weak_memory,3053,0,,False,True
weak_memory,3054,0,,False,True
weak_memory,3055,1,1.28125,True,False
weak_memory,3056,0,,False,True
weak_memory,3057,0,,False,True
weak_memory,3058,0,,False,True
weak_memory,3059,0,,False,True
weak_memory,3060,0,,False,True
weak_memory,3061,0,,False,True
weak_memory,3062,0,,False,True
weak_memory,3063,-1,0.6875,False,False
weak_memory,3064,-1,1.33203125,False,False
weak_memory,3065,1,1.078125,True,False
weak_memory,3066,0,,False,True
weak_memory,3067,1,1.8359375,True,False
weak_memory,3068,1,0.91015625,True,False
weak_memory,3069,0,,False,True
weak_memory,3070,1,0.82421875,True,False
weak_memory,3071,1,0.6875,True,False
weak_memory,3072,0,,False,True
weak_memory,3073,1,0.41015625,True,False
weak_memory,3074,-1,1.9609375,False,False
weak_memory,3075,0,,False,True
weak_memory,3076,0,,False,True
weak_memory,3077,0,,False,True
weak_memory,3078,0,,False,True
weak_memory,3079,0,,False,True
weak_memory,3080,0,,False,True
weak_memory,3081,1,1.1484375,True,False
weak_memory,3082,1,0.2578125,True,False
weak_memory,3083,0,,False,True
weak_memory,3084,0,,False,True
weak_memory,3085,1,1.984375,True,False
weak_memory,3086,1,0.7734375,True,False
weak_memory,3087,0,,False,True
weak_memory,3088,1,1.421875,True,False
weak_memory,3089,0,,False,True
weak_memory,3090,1,0.75390625,True,False
weak_memory,3091,0,,False,True
weak_memory,3092,1,0.6328125,True,False
weak_memory,3093,0,,False,True
weak_memory,3094,0,,False,True
weak_memory,3095,-1,1.54296875,False,False
weak_memory,3096,0,,False,True
weak_memory,3097,1,0.98828125,True,False
weak_memory,3098,1,0.65234375,True,False
weak_memory,3099,0,,False,True
weak_memory,3100,0,,False,True
weak_memory,3101,1,1.1875,True,False
weak_memory,3102,0,,False,True
weak_memory,3103,-1,1.87109375,False,False
weak_memory,3104,1,0.96875,True,False
weak_memory,3105,1,1.46484375,True,False
weak_memory,3106,0,,False,True
weak_memory,3107,-1,1.0390625,False,False
weak_memory,3108,-1,1.390625,False,False
weak_memory,3109,0,,False,True
weak_memory,3110,1,0.96875,True,False
weak_memory,3111,1,1.8125,True,False
weak_memory,3112,0,,False,True
weak_memory,3113,1,0.8828125,True,False
weak_memory,3114,1,0.87109375,True,False
weak_memory,3115,-1,0.515625,False,False
weak_memory,3116,0,,False,True
weak_memory,3117,0,,False,True
weak_memory,3118,0,,False,True
weak_memory,3119,-1,1.00390625,False,False
weak_memory,3120,0,,False,True
weak_memory,3121,1,1.6796875,True,False
weak_memory,3122,-1,0.99609375,False,False
weak_memory,3123,-1,1.0078125,False,False
weak_memory,3124,1,1.60546875,True,False
weak_memory,3125,0,,False,True
weak_memory,3126,0,,False,True
weak_memory,3127,-1,1.64453125,False,False
weak_memory,3128,-1,1.97265625,False,False
weak_memory,3129,0,,False,True
weak_memory,3130,0,,False,True
weak_memory,3131,1,1.4921875,True,False
weak_memory,3132,0,,False,True
weak_memory,3133,0,,False,True
weak_memory,3134,0,,False,True
weak_memory,3135,0,,False,True
weak_memory,3136,1,1.12109375,True,False
weak_memory,3137,0,,False,True
weak_memory,3138,0,,False,True
weak_memory,3139,1,1.78125,True,False
weak_memory,3140,0,,False,True
weak_memory,3141,1,0.578125,True,False
weak_memory,3142,-1,1.0703125,False,False
weak_memory,3143,0,,False,True
weak_memory,3144,1,0.9765625,True,False
weak_memory,3145,1,1.58203125,True,False
weak_memory,3146,0,,False,True
weak_memory,3147,0,,False,True
weak_memory,3148,0,,False,True
weak_memory,3149,0,,False,True
weak_memory,3150,0,,False,True
weak_memory,3151,1,0.8359375,True,False
weak_memory,3152,0,,False,True
weak_memory,3153,0,,False,True
weak_memory,3154,1,1.6953125,True,False
weak_memory,3155,0,,False,True
weak_memory,3156,0,,False,True
weak_memory,3157,1,1.39453125,True,False
weak_memory,3158,1,1.01953125,True,False
weak_memory,3159,0,,False,True
weak_memory,3160,1,1.23046875,True,False
weak_memory,3161,0,,False,True
weak_memory,3162,0,,False,True
weak_memory,3163,0,,False,True
weak_memory,3164,0,,False,True
weak_memory,3165,0,,False,True
weak_memory,3166,1,1.2421875,True,False
weak_memory,3167,1,0.73046875,True,False
weak_memory,3168,1,1.2890625,True,False
weak_memory,3169,1,0.66796875,True,False
weak_memory,3170,1,0.9453125,True,False
weak_memory,3171,1,0.7578125,True,False
weak_memory,3172,1,1.33984375,True,False
weak_memory,3173,1,1.94921875,True,False
weak_memory,3174,1,0.51171875,True,False
weak_memory,3175,1,0.421875,True,False
weak_memory,3176,-1,1.90625,False,False
weak_memory,3177,1,1.70703125,True,False
weak_memory,3178,0,,False,True
weak_memory,3179,0,,False,True
weak_memory,3180,0,,False,True
weak_memory,3181,0,,False,True
weak_memory,3182,-1,1.5390625,False,False
weak_memory,3183,0,,False,True
weak_memory,3184,1,0.6484375,True,False
weak_memory,3185,1,1.5390625,True,False
weak_memory,3186,1,0.81640625,True,False
weak_memory,3187,1,1.625,True,False
weak_memory,3188,1,1.6953125,True,False
weak_memory,3189,0,,False,True
weak_memory,3190,0,,False,True
weak_memory,3191,0,,False,True
weak_memory,3192,1,1.64453125,True,False
weak_memory,3193,0,,False,True
weak_memory,3194,0,,False,True
weak_memory,3195,1,0.578125,True,False
weak_memory,3196,0,,False,True
weak_memory,3197,0,,False,True
weak_memory,3198,1,0.75,True,False
weak_memory,3199,0,,False,True
weak_memory,3200,1,0.48828125,True,False
weak_memory,3201,1,1.34375,True,False
weak_memory,3202,1,0.78125,True,False
weak_memory,3203,1,1.046875,True,False
weak_memory,3204,1,1.359375,True,False
weak_memory,3205,1,1.390625,True,False
weak_memory,3206,0,,False,True
weak_memory,3207,1,1.8125,True,False
weak_memory,3208,-1,0.484375,False,False
weak_memory,3209,0,,False,True
weak_memory,3210,0,,False,True
weak_memory,3211,-1,1.16015625,False,False
weak_memory,3212,1,1.38671875,True,False
weak_memory,3213,0,,False,True
weak_memory,3214,1,1.47265625,True,False
weak_memory,3215,1,1.5390625,True,False
weak_memory,3216,0,,False,True
weak_memory,3217,0,,False,True
weak_memory,3218,1,1.63671875,True,False
weak_memory,3219,0,,False,True
weak_memory,3220,0,,False,True
weak_memory,3221,0,,False,True
weak_memory,3222,1,0.84375,True,False
weak_memory,3223,1,0.4921875,True,False
weak_memory,3224,0,,False,True
weak_memory,3225,1,0.83984375,True,False
weak_memory,3226,1,1.828125,True,False
weak_memory,3227,1,1.8203125,True,False
weak_memory,3228,0,,False,True
weak_memory,3229,0,,False,True
weak_memory,3230,0,,False,True
weak_memory,3231,1,1.6640625,True,False
weak_memory,3232,-1,1.515625,False,False
weak_memory,3233,0,,False,True
weak_memory,3234,1,0.9609375,True,False
weak_memory,3235,0,,False,True
weak_memory,3236,0,,False,True
weak_memory,3237,1,1.671875,True,False
weak_memory,3238,1,0.28125,True,False
weak_memory,3239,1,1.01953125,True,False
weak_memory,3240,0,,False,True
weak_memory,3241,1,1.53515625,True,False
weak_memory,3242,0,,False,True
weak_memory,3243,1,0.94140625,True,False
weak_memory,3244,0,,False,True
weak_memory,3245,1,0.23828125,True,False
weak_memory,3246,1,1.53515625,True,False
weak_memory,3247,0,,False,True
weak_memory,3248,1,1.28125,True,False
weak_memory,3249,0,,False,True
weak_memory,3250,1,1.75390625,True,False
weak_memory,3251,0,,False,True
weak_memory,3252,1,0.5078125,True,False
weak_memory,3253,1,0.5859375,True,False
weak_memory,3254,1,1.3125,True,False
weak_memory,3255,0,,False,True
weak_memory,3256,0,,False,True
weak_memory,3257,0,,False,True
weak_memory,3258,-1,1.72265625,False,False
weak_memory,3259,0,,False,True
weak_memory,3260,1,1.125,True,False
weak_memory,3261,-1,1.7890625,False,False
weak_memory,3262,1,0.8203125,True,False
weak_memory,3263,0,,False,True
weak_memory,3264,1,1.1484375,True,False
weak_memory,3265,0,,False,True
weak_memory,3266,0,,False,True
weak_memory,3267,1,1.11328125,True,False
weak_memory,3268,1,1.10546875,True,False
weak_memory,3269,0,,False,True
weak_memory,3270,0,,False,True
weak_memory,3271,1,1.375,True,False
weak_memory,3272,1,0.31640625,True,False
weak_memory,3273,0,,False,True
weak_memory,3274,1,1.8828125,True,False
weak_memory,3275,1,1.12890625,True,False
weak_memory,3276,0,,False,True
weak_memory,3277,1,1.609375,True,False
weak_memory,3278,0,,False,True
weak_memory,3279,1,1.21484375,True,False
weak_memory,3280,1,1.46875,True,False
weak_memory,3281,0,,False,True
weak_memory,3282,0,,False,True
weak_memory,3283,0,,False,True
weak_memory,3284,0,,False,True
weak_memory,3285,0,,False,True
weak_memory,3286,-1,1.10546875,False,False
weak_memory,3287,0,,False,True
weak_memory,3288,0,,False,True
weak_memory,3289,0,,False,True
weak_memory,3290,-1,0.85546875,False,False
weak_memory,3291,0,,False,True
weak_memory,3292,1,1.671875,True,False
weak_memory,3293,0,,False,True
weak_memory,3294,0,,False,True
weak_memory,3295,0,,False,True
weak_memory,3296,0,,False,True
weak_memory,3297,0,,False,True
weak_memory,3298,0,,False,True
weak_memory,3299,1,0.9921875,True,False
weak_memory,3300,1,0.8515625,True,False
weak_memory,3301,1,1.71484375,True,False
weak_memory,3302,1,0.58203125,True,False
weak_memory,3303,1,0.6328125,True,False
weak_memory,3304,0,,False,True
weak_memory,3305,0,,False,True
weak_memory,3306,1,0.359375,True,False
weak_memory,3307,1,1.16015625,True,False
weak_memory,3308,1,0.546875,True,False
weak_memory,3309,0,,False,True
weak_memory,3310,0,,False,True
weak_memory,3311,1,0.453125,True,False
weak_memory,3312,1,1.203125,True,False
weak_memory,3313,0,,False,True
weak_memory,3314,0,,False,True
weak_memory,3315,-1,1.18359375,False,False
weak_memory,3316,1,1.44921875,True,False
weak_memory,3317,-1,1.22265625,False,False
weak_memory,3318,1,0.7421875,True,False
weak_memory,3319,1,0.48046875,True,False
weak_memory,3320,1,1.17578125,True,False
weak_memory,3321,0,,False,True
weak_memory,3322,0,,False,True
weak_memory,3323,0,,False,True
weak_memory,3324,1,1.76171875,True,False
weak_memory,3325,0,,False,True
weak_memory,3326,0,,False,True
weak_memory,3327,1,1.62109375,True,False
weak_memory,3328,-1,1.78515625,False,False
weak_memory,3329,0,,False,True
weak_memory,3330,-1,1.05859375,False,False
weak_memory,3331,0,,False,True
weak_memory,3332,-1,0.984375,False,False
weak_memory,3333,0,,False,True
weak_memory,3334,0,,False,True
weak_memory,3335,1,0.265625,True,False
weak_memory,3336,1,0.58984375,True,False
weak_memory,3337,1,1.453125,True,False
weak_memory,3338,-1,0.921875,False,False
weak_memory,3339,0,,False,True
weak_memory,3340,0,,False,True
weak_memory,3341,1,0.40625,True,False
weak_memory,3342,-1,1.171875,False,False
weak_memory,3343,0,,False,True
weak_memory,3344,0,,False,True
weak_memory,3345,0,,False,True
weak_memory,3346,1,0.54296875,True,False
weak_memory,3347,0,,False,True
weak_memory,3348,0,,False,True
weak_memory,3349,1,0.51953125,True,False
weak_memory,3350,1,1.41796875,True,False
weak_memory,3351,0,,False,True
weak_memory,3352,0,,False,True
weak_memory,3353,-1,1.015625,False,False
weak_memory,3354,0,,False,True
weak_memory,3355,0,,False,True
weak_memory,3356,1,1.58984375,True,False
weak_memory,3357,0,,False,True
weak_memory,3358,0,,False,True
weak_memory,3359,1,1.76953125,True,False
weak_memory,3360,-1,1.1640625,False,False
weak_memory,3361,0,,False,True
weak_memory,3362,0,,False,True
weak_memory,3363,0,,False,True
weak_memory,3364,0,,False,True
weak_memory,3365,0,,False,True
weak_memory,3366,0,,False,True
weak_memory,3367,1,0.91015625,True,False
weak_memory,3368,-1,1.94921875,False,False
weak_memory,3369,0,,False,True
weak_memory,3370,0,,False,True
weak_memory,3371,0,,False,True
weak_memory,3372,0,,False,True
weak_memory,3373,1,1.94921875,True,False
weak_memory,3374,1,0.734375,True,False
weak_memory,3375,1,0.36328125,True,False
weak_memory,3376,-1,1.9765625,False,False
weak_memory,3377,1,1.6953125,True,False
weak_memory,3378,0,,False,True
weak_memory,3379,0,,False,True
weak_memory,3380,-1,0.5078125,False,False
weak_memory,3381,0,,False,True
weak_memory,3382,0,,False,True
weak_memory,3383,0,,False,True
weak_memory,3384,1,1.390625,True,False
weak_memory,3385,1,0.640625,True,False
weak_memory,3386,1,1.4609375,True,False
weak_memory,3387,0,,False,True
weak_memory,3388,0,,False,True
weak_memory,3389,0,,False,True
weak_memory,3390,0,,False,True
weak_memory,3391,0,,False,True
weak_memory,3392,0,,False,True
weak_memory,3393,0,,False,True
weak_memory,3394,-1,0.66796875,False,False
weak_memory,3395,1,0.8359375,True,False
weak_memory,3396,1,1.5,True,False
weak_memory,3397,1,1.16796875,True,False
weak_memory,3398,1,0.859375,True,False
weak_memory,3399,1,1.94140625,True,False
weak_memory,3400,1,0.96484375,True,False
weak_memory,3401,0,,False,True
weak_memory,3402,0,,False,True
weak_memory,3403,1,0.921875,True,False
weak_memory,3404,0,,False,True
weak_memory,3405,0,,False,True
weak_memory,3406,0,,False,True
weak_memory,3407,-1,1.37890625,False,False
weak_memory,3408,-1,0.99609375,False,False
weak_memory,3409,0,,False,True
weak_memory,3410,1,0.5859375,True,False
weak_memory,3411,1,1.609375,True,False
weak_memory,3412,-1,0.4609375,False,False
weak_memory,3413,-1,1.69921875,False,False
weak_memory,3414,0,,False,True
weak_memory,3415,-1,1.60546875,False,False
weak_memory,3416,0,,False,True
weak_memory,3417,0,,False,True
weak_memory,3418,-1,1.01953125,False,False
weak_memory,3419,0,,False,True
weak_memory,3420,1,1.359375,True,False
weak_memory,3421,1,1.53125,True,False
weak_memory,3422,1,0.19921875,True,False
weak_memory,3423,0,,False,True
weak_memory,3424,1,0.72265625,True,False
weak_memory,3425,0,,False,True
weak_memory,3426,0,,False,True
weak_memory,3427,1,0.85546875,True,False
weak_memory,3428,1,0.71875,True,False
weak_memory,3429,0,,False,True
weak_memory,3430,0,,False,True
weak_memory,3431,1,1.19140625,True,False
weak_memory,3432,1,1.0390625,True,False
weak_memory,3433,1,1.16796875,True,False
weak_memory,3434,1,1.13671875,True,False
weak_memory,3435,0,,False,True
weak_memory,3436,0,,False,True
weak_memory,3437,1,1.83984375,True,False
weak_memory,3438,1,1.85546875,True,False
weak_memory,3439,0,,False,True
weak_memory,3440,1,0.49609375,True,False
weak_memory,3441,-1,0.47265625,False,False
weak_memory,3442,1,1.5,True,False
weak_memory,3443,1,1.15234375,True,False
weak_memory,3444,0,,False,True
weak_memory,3445,0,,False,True
weak_memory,3446,0,,False,True
weak_memory,3447,0,,False,True
weak_memory,3448,0,,False,True
weak_memory,3449,1,1.9375,True,False
weak_memory,3450,0,,False,True
weak_memory,3451,0,,False,True
weak_memory,3452,1,1.95703125,True,False
weak_memory,3453,1,0.74609375,True,False
weak_memory,3454,-1,1.484375,False,False
weak_memory,3455,0,,False,True
weak_memory,3456,0,,False,True
weak_memory,3457,1,0.8671875,True,False
weak_memory,3458,0,,False,True
weak_memory,3459,0,,False,True
weak_memory,3460,0,,False,True
weak_memory,3461,0,,False,True
weak_memory,3462,1,0.92578125,True,False
weak_memory,3463,-1,0.6015625,False,False
weak_memory,3464,0,,False,True
weak_memory,3465,1,0.67578125,True,False
weak_memory,3466,0,,False,True
weak_memory,3467,-1,1.015625,False,False
weak_memory,3468,0,,False,True
weak_memory,3469,0,,False,True
weak_memory,3470,0,,False,True
weak_memory,3471,0,,False,True
weak_memory,3472,1,1.94140625,True,False
weak_memory,3473,0,,False,True
weak_memory,3474,0,,False,True
weak_memory,3475,0,,False,True
weak_memory,3476,1,0.48828125,True,False
weak_memory,3477,-1,1.41015625,False,False
weak_memory,3478,0,,False,True
weak_memory,3479,1,1.296875,True,False
weak_memory,3480,-1,0.6640625,False,False
weak_memory,3481,1,0.59765625,True,False
weak_memory,3482,1,1.34375,True,False
weak_memory,3483,-1,1.9921875,False,False
weak_memory,3484,0,,False,True
weak_memory,3485,1,0.90625,True,False
weak_memory,3486,-1,1.50390625,False,False
weak_memory,3487,0,,False,True
weak_memory,3488,-1,0.93359375,False,False
weak_memory,3489,0,,False,True
weak_memory,3490,-1,1.32421875,False,False
weak_memory,3491,0,,False,True
weak_memory,3492,1,0.76171875,True,False
weak_memory,3493,0,,False,True
weak_memory,3494,-1,1.3828125,False,False
weak_memory,3495,0,,False,True
weak_memory,3496,0,,False,True
weak_memory,3497,1,1.75390625,True,False
weak_memory,3498,0,,False,True
weak_memory,3499,0,,False,True
weak_memory,3500,1,0.6484375,True,False
weak_memory,3501,0,,False,True
weak_memory,3502,0,,False,True
weak_memory,3503,1,0.53515625,True,False
weak_memory,3504,0,,False,True
weak_memory,3505,1,0.98046875,True,False
weak_memory,3506,-1,1.28125,False,False
weak_memory,3507,0,,False,True
weak_memory,3508,0,,False,True
weak_memory,3509,0,,False,True
weak_memory,3510,0,,False,True
weak_memory,3511,1,1.3125,True,False
weak_memory,3512,-1,1.36328125,False,False
weak_memory,3513,0,,False,True
weak_memory,3514,1,0.7109375,True,False
weak_memory,3515,0,,False,True
weak_memory,3516,0,,False,True
weak_memory,3517,1,1.46875,True,False
weak_memory,3518,1,0.75390625,True,False
weak_memory,3519,0,,False,True
weak_memory,3520,0,,False,True
weak_memory,3521,1,0.73046875,True,False
weak_memory,3522,1,1.8359375,True,False
weak_memory,3523,0,,False,True
weak_memory,3524,-1,1.6796875,False,False
weak_memory,3525,0,,False,True
weak_memory,3526,0,,False,True
weak_memory,3527,-1,0.9921875,False,False
weak_memory,3528,0,,False,True
weak_memory,3529,0,,False,True
weak_memory,3530,0,,False,True
weak_memory,3531,1,0.6953125,True,False
weak_memory,3532,1,1.7578125,True,False
weak_memory,3533,0,,False,True
weak_memory,3534,-1,1.9921875,False,False
weak_memory,3535,0,,False,True
weak_memory,3536,1,0.88671875,True,False
weak_memory,3537,0,,False,True
weak_memory,3538,-1,1.0625,False,False
weak_memory,3539,1,1.49609375,True,False
weak_memory,3540,-1,1.2578125,False,False
weak_memory,3541,-1,0.64453125,False,False
weak_memory,3542,0,,False,True
weak_memory,3543,0,,False,True
weak_memory,3544,0,,False,True
weak_memory,3545,1,1.9765625,True,False
weak_memory,3546,1,1.42578125,True,False
weak_memory,3547,1,0.890625,True,False
weak_memory,3548,1,1.4140625,True,False
weak_memory,3549,0,,False,True
weak_memory,3550,1,1.76171875,True,False
weak_memory,3551,0,,False,True
weak_memory,3552,1,0.71875,True,False
weak_memory,3553,1,0.9609375,True,False
weak_memory,3554,1,1.3125,True,False
weak_memory,3555,0,,False,True
weak_memory,3556,0,,False,True
weak_memory,3557,1,1.55859375,True,False
weak_memory,3558,1,0.73828125,True,False
weak_memory,3559,0,,False,True
weak_memory,3560,-1,0.578125,False,False
weak_memory,3561,0,,False,True
weak_memory,3562,0,,False,True
weak_memory,3563,0,,False,True
weak_memory,3564,1,1.06640625,True,False
weak_memory,3565,1,0.53125,True,False
weak_memory,3566,0,,False,True
weak_memory,3567,1,0.9296875,True,False
weak_memory,3568,0,,False,True
weak_memory,3569,1,1.40234375,True,False
weak_memory,3570,0,,False,True
weak_memory,3571,0,,False,True
weak_memory,3572,0,,False,True
weak_memory,3573,1,1.265625,True,False
weak_memory,3574,0,,False,True
weak_memory,3575,0,,False,True
weak_memory,3576,0,,False,True
weak_memory,3577,0,,False,True
weak_memory,3578,0,,False,True
weak_memory,3579,0,,False,True
weak_memory,3580,0,,False,True
weak_memory,3581,0,,False,True
weak_memory,3582,1,1.984375,True,False
weak_memory,3583,-1,1.1953125,False,False
weak_memory,3584,0,,False,True
weak_memory,3585,1,0.6484375,True,False
weak_memory,3586,-1,1.0390625,False,False
weak_memory,3587,0,,False,True
weak_memory,3588,0,,False,True
weak_memory,3589,1,0.6953125,True,False
weak_memory,3590,0,,False,True
weak_memory,3591,-1,1.1875,False,False
weak_memory,3592,1,1.55078125,True,False
weak_memory,3593,0,,False,True
weak_memory,3594,0,,False,True
weak_memory,3595,1,0.71875,True,False
weak_memory,3596,1,1.5546875,True,False
weak_memory,3597,-1,0.86328125,False,False
weak_memory,3598,1,1.1484375,True,False
weak_memory,3599,1,0.59765625,True,False
weak_memory,3600,0,,False,True
weak_memory,3601,1,1.5078125,True,False
weak_memory,3602,1,1.69921875,True,False
weak_memory,3603,1,1.9921875,True,False
weak_memory,3604,1,0.33203125,True,False
weak_memory,3605,1,1.1328125,True,False
weak_memory,3606,1,0.76171875,True,False
weak_memory,3607,0,,False,True
weak_memory,3608,0,,False,True
weak_memory,3609,0,,False,True
weak_memory,3610,0,,False,True
weak_memory,3611,1,1.34765625,True,False
weak_memory,3612,0,,False,True
weak_memory,3613,1,1.59765625,True,False
weak_memory,3614,0,,False,True
weak_memory,3615,-1,0.66796875,False,False
weak_memory,3616,1,1.078125,True,False
weak_memory,3617,0,,False,True
weak_memory,3618,0,,False,True
weak_memory,3619,0,,False,True
weak_memory,3620,-1,1.7265625,False,False
weak_memory,3621,0,,False,True
weak_memory,3622,1,1.3203125,True,False
weak_memory,3623,-1,1.71484375,False,False
weak_memory,3624,-1,0.60546875,False,False
weak_memory,3625,0,,False,True
weak_memory,3626,0,,False,True
weak_memory,3627,0,,False,True
weak_memory,3628,1,0.8515625,True,False
weak_memory,3629,-1,0.84765625,False,False
weak_memory,3630,0,,False,True
weak_memory,3631,0,,False,True
weak_memory,3632,1,0.5234375,True,False
weak_memory,3633,0,,False,True
weak_memory,3634,1,1.47265625,True,False
weak_memory,3635,1,1.48046875,True,False
weak_memory,3636,1,1.1171875,True,False
weak_memory,3637,1,1.91796875,True,False
weak_memory,3638,0,,False,True
weak_memory,3639,0,,False,True
weak_memory,3640,0,,False,True
weak_memory,3641,0,,False,True
weak_memory,3642,0,,False,True
weak_memory,3643,0,,False,True
weak_memory,3644,0,,False,True
weak_memory,3645,1,1.6953125,True,False
weak_memory,3646,1,1.1015625,True,False
weak_memory,3647,-1,1.65625,False,False
weak_memory,3648,0,,False,True
weak_memory,3649,1,0.8203125,True,False
weak_memory,3650,0,,False,True
weak_memory,3651,0,,False,True
weak_memory,3652,0,,False,True
weak_memory,3653,0,,False,True
weak_memory,3654,0,,False,True
weak_memory,3655,1,1.109375,True,False
weak_memory,3656,0,,False,True
weak_memory,3657,1,0.58984375,True,False
weak_memory,3658,0,,False,True
weak_memory,3659,0,,False,True
weak_memory,3660,0,,False,True
weak_memory,3661,0,,False,True
weak_memory,3662,0,,False,True
weak_memory,3663,0,,False,True
weak_memory,3664,0,,False,True
weak_memory,3665,0,,False,True
weak_memory,3666,1,1.47265625,True,False
weak_memory,3667,1,0.859375,True,False
weak_memory,3668,1,0.9609375,True,False
weak_memory,3669,0,,False,True
weak_memory,3670,1,0.90234375,True,False
weak_memory,3671,-1,0.5390625,False,False
weak_memory,3672,1,0.921875,True,False
weak_memory,3673,0,,False,True
weak_memory,3674,1,0.9609375,True,False
weak_memory,3675,0,,False,True
weak_memory,3676,0,,False,True
weak_memory,3677,1,1.0078125,True,False
weak_memory,3678,0,,False,True
weak_memory,3679,0,,False,True
weak_memory,3680,-1,0.515625,False,False
weak_memory,3681,-1,1.609375,False,False
weak_memory,3682,1,0.83203125,True,False
weak_memory,3683,-1,0.87890625,False,False
weak_memory,3684,0,,False,True
weak_memory,3685,1,0.4609375,True,False
weak_memory,3686,1,1.60546875,True,False
weak_memory,3687,-1,0.65625,False,False
weak_memory,3688,1,1.1796875,True,False
weak_memory,3689,1,0.90625,True,False
weak_memory,3690,1,0.53515625,True,False
weak_memory,3691,1,0.6796875,True,False
weak_memory,3692,0,,False,True
weak_memory,3693,0,,False,True
weak_memory,3694,0,,False,True
weak_memory,3695,0,,False,True
weak_memory,3696,0,,False,True
weak_memory,3697,-1,1.30078125,False,False
weak_memory,3698,0,,False,True
weak_memory,3699,0,,False,True
weak_memory,3700,1,1.48828125,True,False
weak_memory,3701,1,0.671875,True,False
weak_memory,3702,1,1.71484375,True,False
weak_memory,3703,0,,False,True
weak_memory,3704,1,1.8515625,True,False
weak_memory,3705,1,1.13671875,True,False
weak_memory,3706,1,0.984375,True,False
weak_memory,3707,0,,False,True
weak_memory,3708,0,,False,True
weak_memory,3709,1,1.6953125,True,False
weak_memory,3710,1,1.09375,True,False
weak_memory,3711,0,,False,True
weak_memory,3712,1,0.82421875,True,False
weak_memory,3713,1,0.6328125,True,False
weak_memory,3714,0,,False,True
weak_memory,3715,1,0.9609375,True,False
weak_memory,3716,-1,1.3828125,False,False
weak_memory,3717,1,1.2890625,True,False
weak_memory,3718,-1,1.734375,False,False
weak_memory,3719,0,,False,True
weak_memory,3720,0,,False,True
weak_memory,3721,0,,False,True
weak_memory,3722,0,,False,True
weak_memory,3723,0,,False,True
weak_memory,3724,-1,1.21484375,False,False
weak_memory,3725,0,,False,True
weak_memory,3726,-1,1.734375,False,False
weak_memory,3727,1,1.890625,True,False
weak_memory,3728,0,,False,True
weak_memory,3729,-1,1.375,False,False
weak_memory,3730,1,1.74609375,True,False
weak_memory,3731,1,0.7421875,True,False
weak_memory,3732,1,1.2109375,True,False
weak_memory,3733,1,1.234375,True,False
weak_memory,3734,1,1.94140625,True,False
weak_memory,3735,0,,False,True
weak_memory,3736,0,,False,True
weak_memory,3737,0,,False,True
weak_memory,3738,1,0.80078125,True,False
weak_memory,3739,0,,False,True
weak_memory,3740,1,1.8984375,True,False
weak_memory,3741,1,1.1875,True,False
weak_memory,3742,0,,False,True
weak_memory,3743,1,0.26953125,True,False
weak_memory,3744,0,,False,True
weak_memory,3745,0,,False,True
weak_memory,3746,1,1.71875,True,False
weak_memory,3747,0,,False,True
weak_memory,3748,1,1.3203125,True,False
weak_memory,3749,0,,False,True
weak_memory,3750,0,,False,True
weak_memory,3751,1,1.06640625,True,False
weak_memory,3752,1,0.76171875,True,False
weak_memory,3753,0,,False,True
weak_memory,3754,-1,1.0078125,False,False
weak_memory,3755,1,1.05859375,True,False
weak_memory,3756,0,,False,True
weak_memory,3757,0,,False,True
weak_memory,3758,0,,False,True
weak_memory,3759,0,,False,True
weak_memory,3760,1,0.5546875,True,False
weak_memory,3761,-1,1.765625,False,False
weak_memory,3762,-1,1.703125,False,False
weak_memory,3763,1,0.40234375,True,False
weak_memory,3764,0,,False,True
weak_memory,3765,1,1.4609375,True,False
weak_memory,3766,1,1.19921875,True,False
weak_memory,3767,0,,False,True
weak_memory,3768,1,0.71875,True,False
weak_memory,3769,0,,False,True
weak_memory,3770,0,,False,True
weak_memory,3771,0,,False,True
weak_memory,3772,1,1.66015625,True,False
weak_memory,3773,0,,False,True
weak_memory,3774,0,,False,True
weak_memory,3775,0,,False,True
weak_memory,3776,1,1.5,True,False
weak_memory,3777,1,0.67578125,True,False
weak_memory,3778,-1,1.375,False,False
weak_memory,3779,0,,False,True
weak_memory,3780,0,,False,True
weak_memory,3781,0,,False,True
weak_memory,3782,0,,False,True
weak_memory,3783,1,1.1875,True,False
weak_memory,3784,0,,False,True
weak_memory,3785,-1,1.16015625,False,False
weak_memory,3786,1,1.4296875,True,False
weak_memory,3787,-1,1.3515625,False,False
weak_memory,3788,0,,False,True
weak_memory,3789,0,,False,True
weak_memory,3790,0,,False,True
weak_memory,3791,0,,False,True
weak_memory,3792,0,,False,True
weak_memory,3793,0,,False,True
weak_memory,3794,1,0.84765625,True,False
weak_memory,3795,0,,False,True
weak_memory,3796,1,1.7265625,True,False
weak_memory,3797,1,1.13671875,True,False
weak_memory,3798,0,,False,True
weak_memory,3799,0,,False,True
weak_memory,3800,0,,False,True
weak_memory,3801,0,,False,True
weak_memory,3802,1,1.49609375,True,False
weak_memory,3803,1,1.984375,True,False
weak_memory,3804,0,,False,True
weak_memory,3805,1,0.6171875,True,False
weak_memory,3806,0,,False,True
weak_memory,3807,-1,1.75,False,False
weak_memory,3808,1,1.7890625,True,False
weak_memory,3809,0,,False,True
weak_memory,3810,0,,False,True
weak_memory,3811,1,0.8359375,True,False
weak_memory,3812,0,,False,True
weak_memory,3813,1,1.328125,True,False
weak_memory,3814,1,0.75390625,True,False
weak_memory,3815,1,1.171875,True,False
weak_memory,3816,1,1.30078125,True,False
weak_memory,3817,0,,False,True
weak_memory,3818,0,,False,True
weak_memory,3819,-1,1.59375,False,False
weak_memory,3820,0,,False,True
weak_memory,3821,-1,1.74609375,False,False
weak_memory,3822,0,,False,True
weak_memory,3823,0,,False,True
weak_memory,3824,1,1.53515625,True,False
weak_memory,3825,0,,False,True
weak_memory,3826,0,,False,True
weak_memory,3827,0,,False,True
weak_memory,3828,0,,False,True
weak_memory,3829,1,0.6328125,True,False
weak_memory,3830,0,,False,True
weak_memory,3831,-1,0.484375,False,False
weak_memory,3832,1,1.5546875,True,False
weak_memory,3833,-1,1.203125,False,False
weak_memory,3834,1,0.84765625,True,False
weak_memory,3835,-1,0.921875,False,False
weak_memory,3836,1,0.4375,True,False
weak_memory,3837,0,,False,True
weak_memory,3838,0,,False,True
weak_memory,3839,0,,False,True
weak_memory,3840,1,1.28125,True,False
weak_memory,3841,0,,False,True
weak_memory,3842,1,0.71875,True,False
weak_memory,3843,0,,False,True
weak_memory,3844,1,1.4296875,True,False
weak_memory,3845,1,1.09765625,True,False
weak_memory,3846,0,,False,True
weak_memory,3847,1,1.14453125,True,False
weak_memory,3848,0,,False,True
weak_memory,3849,1,0.41796875,True,False
weak_memory,3850,0,,False,True
weak_memory,3851,-1,1.57421875,False,False
weak_memory,3852,1,1.125,True,False
weak_memory,3853,1,1.9609375,True,False
weak_memory,3854,0,,False,True
weak_memory,3855,1,1.75390625,True,False
weak_memory,3856,1,1.59375,True,False
weak_memory,3857,0,,False,True
weak_memory,3858,0,,False,True
weak_memory,3859,0,,False,True
weak_memory,3860,1,1.04296875,True,False
weak_memory,3861,-1,1.140625,False,False
weak_memory,3862,0,,False,True
weak_memory,3863,0,,False,True
weak_memory,3864,1,0.52734375,True,False
weak_memory,3865,1,1.1484375,True,False
weak_memory,3866,-1,0.7265625,False,False
weak_memory,3867,0,,False,True
weak_memory,3868,-1,1.09765625,False,False
weak_memory,3869,1,0.65625,True,False
weak_memory,3870,1,1.671875,True,False
weak_memory,3871,-1,1.57421875,False,False
weak_memory,3872,0,,False,True
weak_memory,3873,0,,False,True
weak_memory,3874,1,1.16015625,True,False
weak_memory,3875,0,,False,True
weak_memory,3876,0,,False,True
weak_memory,3877,1,0.953125,True,False
weak_memory,3878,-1,1.69921875,False,False
weak_memory,3879,0,,False,True
weak_memory,3880,0,,False,True
weak_memory,3881,1,0.47265625,True,False
weak_memory,3882,-1,1.3671875,False,False
weak_memory,3883,0,,False,True
weak_memory,3884,0,,False,True
weak_memory,3885,0,,False,True
weak_memory,3886,0,,False,True
weak_memory,3887,0,,False,True
weak_memory,3888,-1,1.4375,False,False
weak_memory,3889,1,0.5546875,True,False
weak_memory,3890,0,,False,True
weak_memory,3891,0,,False,True
weak_memory,3892,1,1.4296875,True,False
weak_memory,3893,1,1.25,True,False
weak_memory,3894,0,,False,True
weak_memory,3895,0,,False,True
weak_memory,3896,0,,False,True
weak_memory,3897,0,,False,True
weak_memory,3898,0,,False,True
weak_memory,3899,1,1.36328125,True,False
weak_memory,3900,1,1.80078125,True,False
weak_memory,3901,1,0.5703125,True,False
weak_memory,3902,0,,False,True
weak_memory,3903,-1,1.91015625,False,False
weak_memory,3904,0,,False,True
weak_memory,3905,-1,0.8046875,False,False
weak_memory,3906,1,1.28515625,True,False
weak_memory,3907,-1,0.890625,False,False
weak_memory,3908,1,0.46875,True,False
weak_memory,3909,-1,0.5390625,False,False
weak_memory,3910,1,0.34375,True,False
weak_memory,3911,-1,1.63671875,False,False
weak_memory,3912,-1,1.6875,False,False
weak_memory,3913,0,,False,True
weak_memory,3914,-1,0.984375,False,False
weak_memory,3915,1,0.546875,True,False
weak_memory,3916,0,,False,True
weak_memory,3917,0,,False,True
weak_memory,3918,0,,False,True
weak_memory,3919,-1,0.59765625,False,False
weak_memory,3920,-1,1.55078125,False,False
weak_memory,3921,0,,False,True
weak_memory,3922,0,,False,True
weak_memory,3923,0,,False,True
weak_memory,3924,0,,False,True
weak_memory,3925,0,,False,True
weak_memory,3926,1,1.58984375,True,False
weak_memory,3927,0,,False,True
weak_memory,3928,1,1.42578125,True,False
weak_memory,3929,0,,False,True
weak_memory,3930,0,,False,True
weak_memory,3931,-1,1.703125,False,False
weak_memory,3932,0,,False,True
weak_memory,3933,0,,False,True
weak_memory,3934,-1,1.78515625,False,False
weak_memory,3935,1,1.1875,True,False
weak_memory,3936,-1,1.9375,False,False
weak_memory,3937,1,1.03125,True,False
weak_memory,3938,1,1.2734375,True,False
weak_memory,3939,1,0.20703125,True,False
weak_memory,3940,1,1.953125,True,False
weak_memory,3941,1,1.03125,True,False
weak_memory,3942,1,0.66015625,True,False
weak_memory,3943,0,,False,True
weak_memory,3944,1,1.33203125,True,False
weak_memory,3945,0,,False,True
weak_memory,3946,1,0.9921875,True,False
weak_memory,3947,0,,False,True
weak_memory,3948,-1,0.74609375,False,False
weak_memory,3949,0,,False,True
weak_memory,3950,0,,False,True
weak_memory,3951,1,0.7109375,True,False
weak_memory,3952,0,,False,True
weak_memory,3953,0,,False,True
weak_memory,3954,0,,False,True
weak_memory,3955,0,,False,True
weak_memory,3956,0,,False,True
weak_memory,3957,1,0.5234375,True,False
weak_memory,3958,0,,False,True
weak_memory,3959,1,1.21484375,True,False
weak_memory,3960,1,0.87109375,True,False
weak_memory,3961,1,0.36328125,True,False
weak_memory,3962,1,1.04296875,True,False
weak_memory,3963,-1,0.890625,False,False
weak_memory,3964,-1,0.5234375,False,False
weak_memory,3965,0,,False,True
weak_memory,3966,-1,1.234375,False,False
weak_memory,3967,0,,False,True
weak_memory,3968,0,,False,True
weak_memory,3969,-1,1.14453125,False,False
weak_memory,3970,0,,False,True
weak_memory,3971,1,0.41796875,True,False
weak_memory,3972,1,1.23046875,True,False
weak_memory,3973,0,,False,True
weak_memory,3974,1,1.76953125,True,False
weak_memory,3975,-1,1.67578125,False,False
weak_memory,3976,0,,False,True
weak_memory,3977,1,0.55078125,True,False
weak_memory,3978,1,0.88671875,True,False
weak_memory,3979,1,1.7421875,True,False
weak_memory,3980,0,,False,True
weak_memory,3981,-1,1.61328125,False,False
weak_memory,3982,-1,1.6796875,False,False
weak_memory,3983,0,,False,True
weak_memory,3984,0,,False,True
weak_memory,3985,1,0.9375,True,False
weak_memory,3986,0,,False,True
weak_memory,3987,1,1.1015625,True,False
weak_memory,3988,0,,False,True
weak_memory,3989,0,,False,True
weak_memory,3990,-1,0.82421875,False,False
weak_memory,3991,0,,False,True
weak_memory,3992,-1,1.52734375,False,False
weak_memory,3993,0,,False,True
weak_memory,3994,0,,False,True
weak_memory,3995,0,,False,True
weak_memory,3996,1,0.71875,True,False
weak_memory,3997,0,,False,True
weak_memory,3998,-1,1.42578125,False,False
weak_memory,3999,-1,1.15625,False,False
weak_memory,4000,0,,False,True
weak_memory,4001,0,,False,True
weak_memory,4002,0,,False,True
weak_memory,4003,1,1.9375,True,False
weak_memory,4004,1,0.67578125,True,False
weak_memory,4005,0,,False,True
weak_memory,4006,0,,False,True
weak_memory,4007,0,,False,True
weak_memory,4008,0,,False,True
weak_memory,4009,1,0.42578125,True,False
weak_memory,4010,-1,1.43359375,False,False
weak_memory,4011,1,0.5625,True,False
weak_memory,4012,0,,False,True
weak_memory,4013,1,0.546875,True,False
weak_memory,4014,1,0.53125,True,False
weak_memory,4015,-1,1.51171875,False,False
weak_memory,4016,1,1.21484375,True,False
weak_memory,4017,1,1.6015625,True,False
weak_memory,4018,0,,False,True
weak_memory,4019,-1,1.7265625,False,False
weak_memory,4020,1,0.6015625,True,False
weak_memory,4021,1,0.88671875,True,False
weak_memory,4022,1,0.98046875,True,False
weak_memory,4023,0,,False,True
weak_memory,4024,0,,False,True
weak_memory,4025,0,,False,True
weak_memory,4026,1,0.9140625,True,False
weak_memory,4027,-1,1.46484375,False,False
weak_memory,4028,0,,False,True
weak_memory,4029,1,0.74609375,True,False
weak_memory,4030,1,1.11328125,True,False
weak_memory,4031,0,,False,True
weak_memory,4032,1,1.4765625,True,False
weak_memory,4033,-1,1.25390625,False,False
weak_memory,4034,0,,False,True
weak_memory,4035,1,0.5703125,True,False
weak_memory,4036,-1,1.3203125,False,False
weak_memory,4037,0,,False,True
weak_memory,4038,0,,False,True
weak_memory,4039,0,,False,True
weak_memory,4040,0,,False,True
weak_memory,4041,1,0.8984375,True,False
weak_memory,4042,1,1.45703125,True,False
weak_memory,4043,1,1.67578125,True,False
weak_memory,4044,0,,False,True
weak_memory,4045,0,,False,True
weak_memory,4046,1,1.55078125,True,False
weak_memory,4047,0,,False,True
weak_memory,4048,0,,False,True
weak_memory,4049,1,0.7890625,True,False
weak_memory,4050,0,,False,True
weak_memory,4051,0,,False,True
weak_memory,4052,0,,False,True
weak_memory,4053,0,,False,True
weak_memory,4054,0,,False,True
weak_memory,4055,0,,False,True
weak_memory,4056,0,,False,True
weak_memory,4057,1,0.48046875,True,False
weak_memory,4058,0,,False,True
weak_memory,4059,-1,1.81640625,False,False
weak_memory,4060,1,0.88671875,True,False
weak_memory,4061,0,,False,True
weak_memory,4062,-1,1.07421875,False,False
weak_memory,4063,1,0.63671875,True,False
weak_memory,4064,0,,False,True
weak_memory,4065,0,,False,True
weak_memory,4066,0,,False,True
weak_memory,4067,0,,False,True
weak_memory,4068,1,1.10546875,True,False
weak_memory,4069,-1,0.71875,False,False
weak_memory,4070,0,,False,True
weak_memory,4071,0,,False,True
weak_memory,4072,0,,False,True
weak_memory,4073,-1,1.62890625,False,False
weak_memory,4074,0,,False,True
weak_memory,4075,1,0.28515625,True,False
weak_memory,4076,-1,1.3359375,False,False
weak_memory,4077,0,,False,True
weak_memory,4078,1,1.75,True,False
weak_memory,4079,0,,False,True
weak_memory,4080,0,,False,True
weak_memory,4081,0,,False,True
weak_memory,4082,0,,False,True
weak_memory,4083,0,,False,True
weak_memory,4084,0,,False,True
weak_memory,4085,0,,False,True
weak_memory,4086,0,,False,True
weak_memory,4087,1,0.71875,True,False
weak_memory,4088,0,,False,True
weak_memory,4089,1,0.5625,True,False
weak_memory,4090,0,,False,True
weak_memory,4091,0,,False,True
weak_memory,4092,-1,0.8125,False,False
weak_memory,4093,0,,False,True
weak_memory,4094,0,,False,True
weak_memory,4095,1,0.94140625,True,False
weak_memory,4096,0,,False,True
weak_memory,4097,0,,False,True
weak_memory,4098,0,,False,True
weak_memory,4099,1,1.9453125,True,False
weak_memory,4100,0,,False,True
weak_memory,4101,1,1.984375,True,False
weak_memory,4102,-1,0.98046875,False,False
weak_memory,4103,1,1.17578125,True,False
weak_memory,4104,1,0.7578125,True,False
weak_memory,4105,0,,False,True
weak_memory,4106,1,0.77734375,True,False
weak_memory,4107,0,,False,True
weak_memory,4108,1,1.55859375,True,False
weak_memory,4109,0,,False,True
weak_memory,4110,0,,False,True
weak_memory,4111,1,0.92578125,True,False
weak_memory,4112,1,0.84375,True,False
weak_memory,4113,0,,False,True
weak_memory,4114,0,,False,True
weak_memory,4115,1,1.984375,True,False
weak_memory,4116,-1,1.1953125,False,False
weak_memory,4117,1,0.54296875,True,False
weak_memory,4118,0,,False,True
weak_memory,4119,0,,False,True
weak_memory,4120,-1,1.58984375,False,False
weak_memory,4121,1,1.55859375,True,False
weak_memory,4122,-1,1.30859375,False,False
weak_memory,4123,1,0.65234375,True,False
weak_memory,4124,0,,False,True
weak_memory,4125,1,1.6484375,True,False
weak_memory,4126,0,,False,True
weak_memory,4127,1,0.58984375,True,False
weak_memory,4128,-1,1.48828125,False,False
weak_memory,4129,-1,1.46875,False,False
weak_memory,4130,0,,False,True
weak_memory,4131,1,0.7421875,True,False
weak_memory,4132,0,,False,True
weak_memory,4133,1,0.71484375,True,False
weak_memory,4134,1,0.7421875,True,False
weak_memory,4135,1,0.29296875,True,False
weak_memory,4136,0,,False,True
weak_memory,4137,1,0.97265625,True,False
weak_memory,4138,-1,1.70703125,False,False
weak_memory,4139,1,1.07421875,True,False
weak_memory,4140,0,,False,True
weak_memory,4141,1,1.86328125,True,False
weak_memory,4142,0,,False,True
weak_memory,4143,1,0.73046875,True,False
weak_memory,4144,1,0.8984375,True,False
weak_memory,4145,1,0.61328125,True,False
weak_memory,4146,0,,False,True
weak_memory,4147,-1,1.53515625,False,False
weak_memory,4148,0,,False,True
weak_memory,4149,0,,False,True
weak_memory,4150,0,,False,True
weak_memory,4151,-1,1.58984375,False,False
weak_memory,4152,0,,False,True
weak_memory,4153,0,,False,True
weak_memory,4154,1,1.3046875,True,False
weak_memory,4155,0,,False,True
weak_memory,4156,1,1.69921875,True,False
weak_memory,4157,0,,False,True
weak_memory,4158,1,1.33203125,True,False
weak_memory,4159,1,1.69921875,True,False
weak_memory,4160,1,1.74609375,True,False
weak_memory,4161,1,1.125,True,False
weak_memory,4162,0,,False,True
weak_memory,4163,0,,False,True
weak_memory,4164,-1,0.4609375,False,False
weak_memory,4165,1,1.39453125,True,False
weak_memory,4166,1,1.515625,True,False
weak_memory,4167,0,,False,True
weak_memory,4168,0,,False,True
weak_memory,4169,0,,False,True
weak_memory,4170,0,,False,True
weak_memory,4171,1,1.74609375,True,False
weak_memory,4172,1,0.84375,True,False
weak_memory,4173,0,,False,True
weak_memory,4174,0,,False,True
weak_memory,4175,1,0.875,True,False
weak_memory,4176,0,,False,True
weak_memory,4177,1,0.5859375,True,False
weak_memory,4178,0,,False,True
weak_memory,4179,1,0.84765625,True,False
weak_memory,4180,1,1.28515625,True,False
weak_memory,4181,0,,False,True
weak_memory,4182,-1,0.4296875,False,False
weak_memory,4183,0,,False,True
weak_memory,4184,0,,False,True
weak_memory,4185,0,,False,True
weak_memory,4186,0,,False,True
weak_memory,4187,0,,False,True
weak_memory,4188,-1,1.39453125,False,False
weak_memory,4189,0,,False,True
weak_memory,4190,-1,0.859375,False,False
weak_memory,4191,0,,False,True
weak_memory,4192,0,,False,True
weak_memory,4193,1,1.69140625,True,False
weak_memory,4194,0,,False,True
weak_memory,4195,0,,False,True
weak_memory,4196,0,,False,True
weak_memory,4197,0,,False,True
weak_memory,4198,0,,False,True
weak_memory,4199,0,,False,True
weak_memory,4200,1,1.66015625,True,False
weak_memory,4201,0,,False,True
weak_memory,4202,1,1.03515625,True,False
weak_memory,4203,1,1.25,True,False
weak_memory,4204,0,,False,True
weak_memory,4205,0,,False,True
weak_memory,4206,0,,False,True
weak_memory,4207,0,,False,True
weak_memory,4208,1,1.71875,True,False
weak_memory,4209,1,1.921875,True,False
weak_memory,4210,1,0.828125,True,False
weak_memory,4211,0,,False,True
weak_memory,4212,1,0.73828125,True,False
weak_memory,4213,0,,False,True
weak_memory,4214,0,,False,True
weak_memory,4215,0,,False,True
weak_memory,4216,-1,0.765625,False,False
weak_memory,4217,1,1.83984375,True,False
weak_memory,4218,-1,0.5859375,False,False
weak_memory,4219,0,,False,True
weak_memory,4220,0,,False,True
weak_memory,4221,0,,False,True
weak_memory,4222,1,0.55859375,True,False
weak_memory,4223,1,0.8203125,True,False
weak_memory,4224,0,,False,True
weak_memory,4225,-1,1.9296875,False,False
weak_memory,4226,1,0.3984375,True,False
weak_memory,4227,1,0.67578125,True,False
weak_memory,4228,0,,False,True
weak_memory,4229,0,,False,True
weak_memory,4230,0,,False,True
weak_memory,4231,1,0.3984375,True,False
weak_memory,4232,0,,False,True
weak_memory,4233,1,1.77734375,True,False
weak_memory,4234,0,,False,True
weak_memory,4235,1,0.75390625,True,False
weak_memory,4236,1,0.66015625,True,False
weak_memory,4237,0,,False,True
weak_memory,4238,1,0.62890625,True,False
weak_memory,4239,0,,False,True
weak_memory,4240,1,0.87109375,True,False
weak_memory,4241,1,0.81640625,True,False
weak_memory,4242,1,1.87109375,True,False
weak_memory,4243,0,,False,True
weak_memory,4244,0,,False,True
weak_memory,4245,0,,False,True
weak_memory,4246,0,,False,True
weak_memory,4247,1,0.4296875,True,False
weak_memory,4248,-1,1.88671875,False,False
weak_memory,4249,-1,1.54296875,False,False
weak_memory,4250,1,1.96875,True,False
weak_memory,4251,1,0.52734375,True,False
weak_memory,4252,1,1.1328125,True,False
weak_memory,4253,0,,False,True
weak_memory,4254,0,,False,True
weak_memory,4255,0,,False,True
weak_memory,4256,1,0.58203125,True,False
weak_memory,4257,0,,False,True
weak_memory,4258,0,,False,True
weak_memory,4259,1,0.59375,True,False
weak_memory,4260,1,1.48828125,True,False
weak_memory,4261,-1,1.8671875,False,False
weak_memory,4262,1,1.8828125,True,False
weak_memory,4263,0,,False,True
weak_memory,4264,1,1.57421875,True,False
weak_memory,4265,0,,False,True
weak_memory,4266,0,,False,True
weak_memory,4267,0,,False,True
weak_memory,4268,1,1.46875,True,False
weak_memory,4269,0,,False,True
weak_memory,4270,-1,0.8984375,False,False
weak_memory,4271,1,0.83203125,True,False
weak_memory,4272,0,,False,True
weak_memory,4273,0,,False,True
weak_memory,4274,1,1.2421875,True,False
weak_memory,4275,0,,False,True
weak_memory,4276,1,1.5546875,True,False
weak_memory,4277,1,1.79296875,True,False
weak_memory,4278,0,,False,True
weak_memory,4279,1,0.76171875,True,False
weak_memory,4280,1,0.4140625,True,False
weak_memory,4281,1,1.2265625,True,False
weak_memory,4282,0,,False,True
weak_memory,4283,0,,False,True
weak_memory,4284,1,1.8515625,True,False
weak_memory,4285,1,0.52734375,True,False
weak_memory,4286,1,0.3828125,True,False
weak_memory,4287,0,,False,True
weak_memory,4288,1,1.98828125,True,False
weak_memory,4289,-1,0.78125,False,False
weak_memory,4290,0,,False,True
weak_memory,4291,0,,False,True
weak_memory,4292,0,,False,True
weak_memory,4293,-1,1.12109375,False,False
weak_memory,4294,0,,False,True
weak_memory,4295,-1,1.7890625,False,False
weak_memory,4296,0,,False,True
weak_memory,4297,1,1.94921875,True,False
weak_memory,4298,1,1.37109375,True,False
weak_memory,4299,0,,False,True
weak_memory,4300,1,1.3203125,True,False
weak_memory,4301,0,,False,True
weak_memory,4302,0,,False,True
weak_memory,4303,0,,False,True
weak_memory,4304,0,,False,True
weak_memory,4305,0,,False,True
weak_memory,4306,-1,1.32421875,False,False
weak_memory,4307,0,,False,True
weak_memory,4308,1,1.88671875,True,False
weak_memory,4309,-1,0.5625,False,False
weak_memory,4310,0,,False,True
weak_memory,4311,0,,False,True
weak_memory,4312,0,,False,True
weak_memory,4313,0,,False,True
weak_memory,4314,0,,False,True
weak_memory,4315,0,,False,True
weak_memory,4316,0,,False,True
weak_memory,4317,1,0.9921875,True,False
weak_memory,4318,0,,False,True
weak_memory,4319,-1,1.39453125,False,False
weak_memory,4320,1,1.1015625,True,False
weak_memory,4321,1,0.8828125,True,False
weak_memory,4322,1,1.15234375,True,False
weak_memory,4323,0,,False,True
weak_memory,4324,0,,False,True
weak_memory,4325,0,,False,True
weak_memory,4326,1,1.87890625,True,False
weak_memory,4327,0,,False,True
weak_memory,4328,-1,1.65625,False,False
weak_memory,4329,0,,False,True
weak_memory,4330,0,,False,True
weak_memory,4331,0,,False,True
weak_memory,4332,1,0.5859375,True,False
weak_memory,4333,1,1.2421875,True,False
weak_memory,4334,1,1.0703125,True,False
weak_memory,4335,-1,0.97265625,False,False
weak_memory,4336,0,,False,True
weak_memory,4337,1,1.4453125,True,False
weak_memory,4338,0,,False,True
weak_memory,4339,0,,False,True
weak_memory,4340,-1,0.87109375,False,False
weak_memory,4341,1,1.28125,True,False
weak_memory,4342,-1,1.98828125,False,False
weak_memory,4343,1,1.0,True,False
weak_memory,4344,1,1.65625,True,False
weak_memory,4345,0,,False,True
weak_memory,4346,-1,1.05859375,False,False
weak_memory,4347,1,1.72265625,True,False
weak_memory,4348,0,,False,True
weak_memory,4349,-1,0.7734375,False,False
weak_memory,4350,1,1.23046875,True,False
weak_memory,4351,1,1.6640625,True,False
weak_memory,4352,0,,False,True
weak_memory,4353,0,,False,True
weak_memory,4354,0,,False,True
weak_memory,4355,0,,False,True
weak_memory,4356,0,,False,True
weak_memory,4357,1,1.984375,True,False
weak_memory,4358,1,1.4609375,True,False
weak_memory,4359,1,1.359375,True,False
weak_memory,4360,-1,1.54296875,False,False
weak_memory,4361,1,1.82421875,True,False
weak_memory,4362,0,,False,True
weak_memory,4363,0,,False,True
weak_memory,4364,0,,False,True
weak_memory,4365,0,,False,True
weak_memory,4366,0,,False,True
weak_memory,4367,0,,False,True
weak_memory,4368,1,1.09375,True,False
weak_memory,4369,-1,0.921875,False,False
weak_memory,4370,1,0.7109375,True,False
weak_memory,4371,-1,1.16015625,False,False
weak_memory,4372,0,,False,True
weak_memory,4373,1,0.50390625,True,False
weak_memory,4374,0,,False,True
weak_memory,4375,0,,False,True
weak_memory,4376,-1,0.890625,False,False
weak_memory,4377,1,0.90234375,True,False
weak_memory,4378,1,1.4375,True,False
weak_memory,4379,0,,False,True
weak_memory,4380,0,,False,True
weak_memory,4381,-1,1.13671875,False,False
weak_memory,4382,0,,False,True
weak_memory,4383,0,,False,True
weak_memory,4384,0,,False,True
weak_memory,4385,0,,False,True
weak_memory,4386,0,,False,True
weak_memory,4387,1,1.48828125,True,False
weak_memory,4388,1,1.65625,True,False
weak_memory,4389,0,,False,True
weak_memory,4390,0,,False,True
weak_memory,4391,0,,False,True
weak_memory,4392,1,0.66796875,True,False
weak_memory,4393,0,,False,True
weak_memory,4394,1,1.19921875,True,False
weak_memory,4395,-1,1.1640625,False,False
weak_memory,4396,1,0.3671875,True,False
weak_memory,4397,0,,False,True
weak_memory,4398,1,1.31640625,True,False
weak_memory,4399,0,,False,True
weak_memory,4400,1,1.37890625,True,False
weak_memory,4401,1,0.85546875,True,False
weak_memory,4402,1,0.578125,True,False
weak_memory,4403,1,0.47265625,True,False
weak_memory,4404,1,0.921875,True,False
weak_memory,4405,1,0.62890625,True,False
weak_memory,4406,0,,False,True
weak_memory,4407,1,0.828125,True,False
weak_memory,4408,1,0.94921875,True,False
weak_memory,4409,0,,False,True
weak_memory,4410,-1,1.2265625,False,False
weak_memory,4411,0,,False,True
weak_memory,4412,0,,False,True
weak_memory,4413,0,,False,True
weak_memory,4414,0,,False,True
weak_memory,4415,0,,False,True
weak_memory,4416,1,1.1171875,True,False
weak_memory,4417,0,,False,True
weak_memory,4418,0,,False,True
weak_memory,4419,1,1.48828125,True,False
weak_memory,4420,-1,1.2734375,False,False
weak_memory,4421,1,1.0859375,True,False
weak_memory,4422,0,,False,True
weak_memory,4423,0,,False,True
weak_memory,4424,0,,False,True
weak_memory,4425,-1,1.8828125,False,False
weak_memory,4426,1,0.4921875,True,False
weak_memory,4427,0,,False,True
weak_memory,4428,-1,1.86328125,False,False
weak_memory,4429,0,,False,True
weak_memory,4430,0,,False,True
weak_memory,4431,-1,1.953125,False,False
weak_memory,4432,0,,False,True
weak_memory,4433,0,,False,True
weak_memory,4434,1,1.80859375,True,False
weak_memory,4435,1,0.4765625,True,False
weak_memory,4436,0,,False,True
weak_memory,4437,0,,False,True
weak_memory,4438,1,1.3671875,True,False
weak_memory,4439,1,1.3125,True,False
weak_memory,4440,1,1.640625,True,False
weak_memory,4441,0,,False,True
weak_memory,4442,0,,False,True
weak_memory,4443,1,0.5,True,False
weak_memory,4444,-1,1.43359375,False,False
weak_memory,4445,0,,False,True
weak_memory,4446,0,,False,True
weak_memory,4447,1,1.28125,True,False
weak_memory,4448,0,,False,True
weak_memory,4449,0,,False,True
weak_memory,4450,0,,False,True
weak_memory,4451,1,0.4140625,True,False
weak_memory,4452,0,,False,True
weak_memory,4453,0,,False,True
weak_memory,4454,1,0.42578125,True,False
weak_memory,4455,0,,False,True
weak_memory,4456,0,,False,True
weak_memory,4457,0,,False,True
weak_memory,4458,0,,False,True
weak_memory,4459,-1,1.1640625,False,False
weak_memory,4460,1,1.01953125,True,False
weak_memory,4461,0,,False,True
weak_memory,4462,1,0.45703125,True,False
weak_memory,4463,1,1.0390625,True,False
weak_memory,4464,0,,False,True
weak_memory,4465,0,,False,True
weak_memory,4466,-1,1.6171875,False,False
weak_memory,4467,1,0.73828125,True,False
weak_memory,4468,0,,False,True
weak_memory,4469,-1,1.4921875,False,False
weak_memory,4470,0,,False,True
weak_memory,4471,0,,False,True
weak_memory,4472,0,,False,True
weak_memory,4473,1,1.953125,True,False
weak_memory,4474,0,,False,True
weak_memory,4475,1,1.00390625,True,False
weak_memory,4476,0,,False,True
weak_memory,4477,-1,1.671875,False,False
weak_memory,4478,0,,False,True
weak_memory,4479,1,1.17578125,True,False
weak_memory,4480,0,,False,True
weak_memory,4481,0,,False,True
weak_memory,4482,0,,False,True
weak_memory,4483,1,0.5625,True,False
weak_memory,4484,-1,0.84765625,False,False
weak_memory,4485,1,1.07421875,True,False
weak_memory,4486,0,,False,True
weak_memory,4487,0,,False,True
weak_memory,4488,1,1.49609375,True,False
weak_memory,4489,-1,1.765625,False,False
weak_memory,4490,0,,False,True
weak_memory,4491,0,,False,True
weak_memory,4492,-1,1.68359375,False,False
weak_memory,4493,0,,False,True
weak_memory,4494,0,,False,True
weak_memory,4495,1,0.89453125,True,False
weak_memory,4496,0,,False,True
weak_memory,4497,0,,False,True
weak_memory,4498,0,,False,True
weak_memory,4499,1,1.19140625,True,False
weak_memory,4500,0,,False,True
weak_memory,4501,0,,False,True
weak_memory,4502,1,0.875,True,False
weak_memory,4503,1,1.375,True,False
weak_memory,4504,1,1.578125,True,False
weak_memory,4505,1,0.85546875,True,False
weak_memory,4506,1,0.96875,True,False
weak_memory,4507,1,1.30859375,True,False
weak_memory,4508,1,0.5,True,False
weak_memory,4509,1,1.58203125,True,False
weak_memory,4510,0,,False,True
weak_memory,4511,0,,False,True
weak_memory,4512,0,,False,True
weak_memory,4513,0,,False,True
weak_memory,4514,0,,False,True
weak_memory,4515,0,,False,True
weak_memory,4516,0,,False,True
weak_memory,4517,0,,False,True
weak_memory,4518,0,,False,True
weak_memory,4519,1,0.83203125,True,False
weak_memory,4520,1,0.9453125,True,False
weak_memory,4521,1,1.69140625,True,False
weak_memory,4522,-1,0.81640625,False,False
weak_memory,4523,0,,False,True
weak_memory,4524,0,,False,True
weak_memory,4525,1,1.5703125,True,False
weak_memory,4526,1,1.05078125,True,False
weak_memory,4527,0,,False,True
weak_memory,4528,0,,False,True
weak_memory,4529,1,0.8828125,True,False
weak_memory,4530,0,,False,True
weak_memory,4531,-1,0.87109375,False,False
weak_memory,4532,0,,False,True
weak_memory,4533,0,,False,True
weak_memory,4534,1,1.8359375,True,False
weak_memory,4535,0,,False,True
weak_memory,4536,1,0.625,True,False
weak_memory,4537,0,,False,True
weak_memory,4538,0,,False,True
weak_memory,4539,0,,False,True
weak_memory,4540,0,,False,True
weak_memory,4541,0,,False,True
weak_memory,4542,-1,1.83203125,False,False
weak_memory,4543,-1,1.49609375,False,False
weak_memory,4544,1,1.18359375,True,False
weak_memory,4545,0,,False,True
weak_memory,4546,0,,False,True
weak_memory,4547,1,0.7578125,True,False
weak_memory,4548,0,,False,True
weak_memory,4549,0,,False,True
weak_memory,4550,0,,False,True
weak_memory,4551,0,,False,True
weak_memory,4552,1,0.7421875,True,False
weak_memory,4553,0,,False,True
weak_memory,4554,0,,False,True
weak_memory,4555,-1,1.421875,False,False
weak_memory,4556,1,0.73046875,True,False
weak_memory,4557,-1,0.76953125,False,False
weak_memory,4558,1,1.7578125,True,False
weak_memory,4559,1,0.86328125,True,False
weak_memory,4560,0,,False,True
weak_memory,4561,1,0.55859375,True,False
weak_memory,4562,0,,False,True
weak_memory,4563,0,,False,True
weak_memory,4564,0,,False,True
weak_memory,4565,0,,False,True
weak_memory,4566,1,0.5234375,True,False
weak_memory,4567,-1,1.48828125,False,False
weak_memory,4568,0,,False,True
weak_memory,4569,0,,False,True
weak_memory,4570,0,,False,True
weak_memory,4571,-1,0.703125,False,False
weak_memory,4572,1,0.3046875,True,False
weak_memory,4573,1,0.6796875,True,False
weak_memory,4574,1,0.5078125,True,False
weak_memory,4575,1,0.7109375,True,False
weak_memory,4576,0,,False,True
weak_memory,4577,-1,0.3984375,False,False
weak_memory,4578,1,0.82421875,True,False
weak_memory,4579,-1,0.9140625,False,False
weak_memory,4580,0,,False,True
weak_memory,4581,1,0.65625,True,False
weak_memory,4582,1,1.625,True,False
weak_memory,4583,0,,False,True
weak_memory,4584,0,,False,True
weak_memory,4585,0,,False,True
weak_memory,4586,-1,0.33203125,False,False
weak_memory,4587,1,0.32421875,True,False
weak_memory,4588,0,,False,True
weak_memory,4589,-1,1.75390625,False,False
weak_memory,4590,1,1.0078125,True,False
weak_memory,4591,0,,False,True
weak_memory,4592,-1,1.37109375,False,False
weak_memory,4593,-1,0.8359375,False,False
weak_memory,4594,0,,False,True
weak_memory,4595,0,,False,True
weak_memory,4596,0,,False,True
weak_memory,4597,1,1.83203125,True,False
weak_memory,4598,1,1.71484375,True,False
weak_memory,4599,0,,False,True
weak_memory,4600,1,1.3671875,True,False
weak_memory,4601,0,,False,True
weak_memory,4602,0,,False,True
weak_memory,4603,0,,False,True
weak_memory,4604,0,,False,True
weak_memory,4605,1,0.83203125,True,False
weak_memory,4606,0,,False,True
weak_memory,4607,0,,False,True
weak_memory,4608,0,,False,True
weak_memory,4609,-1,0.98828125,False,False
weak_memory,4610,0,,False,True
weak_memory,4611,1,1.6328125,True,False
weak_memory,4612,0,,False,True
weak_memory,4613,-1,0.578125,False,False
weak_memory,4614,0,,False,True
weak_memory,4615,1,1.08203125,True,False
weak_memory,4616,1,0.45703125,True,False
weak_memory,4617,0,,False,True
weak_memory,4618,1,1.79296875,True,False
weak_memory,4619,0,,False,True
weak_memory,4620,0,,False,True
weak_memory,4621,0,,False,True
weak_memory,4622,0,,False,True
weak_memory,4623,0,,False,True
weak_memory,4624,1,0.71875,True,False
weak_memory,4625,1,0.77734375,True,False
weak_memory,4626,0,,False,True
weak_memory,4627,-1,1.83203125,False,False
weak_memory,4628,0,,False,True
weak_memory,4629,1,1.01171875,True,False
weak_memory,4630,0,,False,True
weak_memory,4631,1,1.34375,True,False
weak_memory,4632,0,,False,True
weak_memory,4633,0,,False,True
weak_memory,4634,0,,False,True
weak_memory,4635,0,,False,True
weak_memory,4636,1,0.8515625,True,False
weak_memory,4637,1,1.1953125,True,False
weak_memory,4638,0,,False,True
weak_memory,4639,0,,False,True
weak_memory,4640,0,,False,True
weak_memory,4641,1,1.57421875,True,False
weak_memory,4642,1,0.8203125,True,False
weak_memory,4643,1,0.9765625,True,False
weak_memory,4644,1,0.5078125,True,False
weak_memory,4645,1,1.07421875,True,False
weak_memory,4646,1,1.4765625,True,False
weak_memory,4647,0,,False,True
weak_memory,4648,0,,False,True
weak_memory,4649,0,,False,True
weak_memory,4650,1,0.55078125,True,False
weak_memory,4651,1,1.234375,True,False
weak_memory,4652,1,1.83984375,True,False
weak_memory,4653,0,,False,True
weak_memory,4654,-1,1.99609375,False,False
weak_memory,4655,1,0.8515625,True,False
weak_memory,4656,-1,1.33984375,False,False
weak_memory,4657,0,,False,True
weak_memory,4658,1,0.3046875,True,False
weak_memory,4659,-1,1.76171875,False,False
weak_memory,4660,1,0.765625,True,False
weak_memory,4661,-1,1.93359375,False,False
weak_memory,4662,1,0.5546875,True,False
weak_memory,4663,0,,False,True
weak_memory,4664,1,0.875,True,False
weak_memory,4665,0,,False,True
weak_memory,4666,1,0.88671875,True,False
weak_memory,4667,0,,False,True
weak_memory,4668,1,0.55859375,True,False
weak_memory,4669,0,,False,True
weak_memory,4670,1,0.3984375,True,False
weak_memory,4671,-1,1.609375,False,False
weak_memory,4672,0,,False,True
weak_memory,4673,0,,False,True
weak_memory,4674,1,1.1328125,True,False
weak_memory,4675,0,,False,True
weak_memory,4676,1,1.19140625,True,False
weak_memory,4677,0,,False,True
weak_memory,4678,1,1.41796875,True,False
weak_memory,4679,1,1.140625,True,False
weak_memory,4680,0,,False,True
weak_memory,4681,0,,False,True
weak_memory,4682,-1,1.94921875,False,False
weak_memory,4683,0,,False,True
weak_memory,4684,1,0.7421875,True,False
weak_memory,4685,1,1.3359375,True,False
weak_memory,4686,1,0.83984375,True,False
weak_memory,4687,-1,1.3515625,False,False
weak_memory,4688,1,0.78125,True,False
weak_memory,4689,0,,False,True
weak_memory,4690,0,,False,True
weak_memory,4691,-1,0.9765625,False,False
weak_memory,4692,0,,False,True
weak_memory,4693,1,1.21484375,True,False
weak_memory,4694,0,,False,True
weak_memory,4695,1,1.3984375,True,False
weak_memory,4696,1,0.875,True,False
weak_memory,4697,0,,False,True
weak_memory,4698,1,1.8515625,True,False
weak_memory,4699,0,,False,True
weak_memory,4700,-1,0.48046875,False,False
weak_memory,4701,1,0.41796875,True,False
weak_memory,4702,0,,False,True
weak_memory,4703,-1,0.6953125,False,False
weak_memory,4704,1,1.49609375,True,False
weak_memory,4705,1,1.41796875,True,False
weak_memory,4706,0,,False,True
weak_memory,4707,1,1.94140625,True,False
weak_memory,4708,0,,False,True
weak_memory,4709,0,,False,True
weak_memory,4710,0,,False,True
weak_memory,4711,-1,1.81640625,False,False
weak_memory,4712,1,0.59765625,True,False
weak_memory,4713,1,1.5625,True,False
weak_memory,4714,1,0.859375,True,False
weak_memory,4715,-1,1.1953125,False,False
weak_memory,4716,1,1.6015625,True,False
weak_memory,4717,1,0.875,True,False
weak_memory,4718,-1,1.39453125,False,False
weak_memory,4719,-1,1.40625,False,False
weak_memory,4720,1,0.875,True,False
weak_memory,4721,0,,False,True
weak_memory,4722,0,,False,True
weak_memory,4723,1,0.703125,True,False
weak_memory,4724,0,,False,True
weak_memory,4725,0,,False,True
weak_memory,4726,0,,False,True
weak_memory,4727,1,1.5078125,True,False
weak_memory,4728,0,,False,True
weak_memory,4729,-1,1.55859375,False,False
weak_memory,4730,-1,0.734375,False,False
weak_memory,4731,0,,False,True
weak_memory,4732,1,1.19921875,True,False
weak_memory,4733,0,,False,True
weak_memory,4734,-1,1.00390625,False,False
weak_memory,4735,0,,False,True
weak_memory,4736,1,1.03515625,True,False
weak_memory,4737,0,,False,True
weak_memory,4738,0,,False,True
weak_memory,4739,-1,1.484375,False,False
weak_memory,4740,-1,1.3671875,False,False
weak_memory,4741,0,,False,True
weak_memory,4742,0,,False,True
weak_memory,4743,0,,False,True
weak_memory,4744,-1,0.8671875,False,False
weak_memory,4745,0,,False,True
weak_memory,4746,1,1.0078125,True,False
weak_memory,4747,1,1.0,True,False
weak_memory,4748,1,0.87109375,True,False
weak_memory,4749,1,0.47265625,True,False
weak_memory,4750,1,1.703125,True,False
weak_memory,4751,0,,False,True
weak_memory,4752,0,,False,True
weak_memory,4753,1,0.25,True,False
weak_memory,4754,1,0.73828125,True,False
weak_memory,4755,1,1.421875,True,False
weak_memory,4756,1,1.7265625,True,False
weak_memory,4757,0,,False,True
weak_memory,4758,1,1.84765625,True,False
weak_memory,4759,0,,False,True
weak_memory,4760,0,,False,True
weak_memory,4761,0,,False,True
weak_memory,4762,1,1.3203125,True,False
weak_memory,4763,0,,False,True
weak_memory,4764,0,,False,True
weak_memory,4765,0,,False,True
weak_memory,4766,0,,False,True
weak_memory,4767,0,,False,True
weak_memory,4768,0,,False,True
weak_memory,4769,0,,False,True
weak_memory,4770,0,,False,True
weak_memory,4771,1,1.7734375,True,False
weak_memory,4772,0,,False,True
weak_memory,4773,-1,0.6640625,False,False
weak_memory,4774,0,,False,True
weak_memory,4775,0,,False,True
weak_memory,4776,1,0.33984375,True,False
weak_memory,4777,1,0.79296875,True,False
weak_memory,4778,-1,1.8125,False,False
weak_memory,4779,-1,1.05078125,False,False
weak_memory,4780,0,,False,True
weak_memory,4781,1,0.96875,True,False
weak_memory,4782,1,1.77734375,True,False
weak_memory,4783,1,1.79296875,True,False
weak_memory,4784,1,1.30078125,True,False
weak_memory,4785,0,,False,True
weak_memory,4786,0,,False,True
weak_memory,4787,0,,False,True
weak_memory,4788,0,,False,True
weak_memory,4789,0,,False,True
weak_memory,4790,0,,False,True
weak_memory,4791,1,1.64453125,True,False
weak_memory,4792,0,,False,True
weak_memory,4793,-1,0.875,False,False
weak_memory,4794,0,,False,True
weak_memory,4795,1,1.46875,True,False
weak_memory,4796,1,0.5625,True,False
weak_memory,4797,1,1.47265625,True,False
weak_memory,4798,0,,False,True
weak_memory,4799,1,1.1171875,True,False
weak_memory,4800,0,,False,True
weak_memory,4801,0,,False,True
weak_memory,4802,1,1.48828125,True,False
weak_memory,4803,-1,1.33984375,False,False
weak_memory,4804,1,0.51171875,True,False
weak_memory,4805,1,1.84765625,True,False
weak_memory,4806,0,,False,True
weak_memory,4807,1,1.49609375,True,False
weak_memory,4808,1,1.09765625,True,False
weak_memory,4809,-1,1.125,False,False
weak_memory,4810,0,,False,True
weak_memory,4811,1,0.95703125,True,False
weak_memory,4812,0,,False,True
weak_memory,4813,1,1.43359375,True,False
weak_memory,4814,1,0.71484375,True,False
weak_memory,4815,1,0.5625,True,False
weak_memory,4816,0,,False,True
weak_memory,4817,0,,False,True
weak_memory,4818,0,,False,True
weak_memory,4819,1,1.3671875,True,False
weak_memory,4820,1,1.35546875,True,False
weak_memory,4821,1,1.26171875,True,False
weak_memory,4822,1,0.703125,True,False
weak_memory,4823,0,,False,True
weak_memory,4824,0,,False,True
weak_memory,4825,0,,False,True
weak_memory,4826,0,,False,True
weak_memory,4827,1,1.0390625,True,False
weak_memory,4828,1,1.796875,True,False
weak_memory,4829,1,1.38671875,True,False
weak_memory,4830,1,1.8984375,True,False
weak_memory,4831,-1,1.91015625,False,False
weak_memory,4832,0,,False,True
weak_memory,4833,0,,False,True
weak_memory,4834,0,,False,True
weak_memory,4835,0,,False,True
weak_memory,4836,1,1.41796875,True,False
weak_memory,4837,1,1.35546875,True,False
weak_memory,4838,1,1.640625,True,False
weak_memory,4839,0,,False,True
weak_memory,4840,-1,1.30078125,False,False
weak_memory,4841,1,1.1796875,True,False
weak_memory,4842,0,,False,True
weak_memory,4843,0,,False,True
weak_memory,4844,1,0.86328125,True,False
weak_memory,4845,0,,False,True
weak_memory,4846,-1,0.29296875,False,False
weak_memory,4847,1,1.26953125,True,False
weak_memory,4848,1,0.796875,True,False
weak_memory,4849,0,,False,True
weak_memory,4850,0,,False,True
weak_memory,4851,0,,False,True
weak_memory,4852,0,,False,True
weak_memory,4853,0,,False,True
weak_memory,4854,1,0.7265625,True,False
weak_memory,4855,1,0.96484375,True,False
weak_memory,4856,0,,False,True
weak_memory,4857,0,,False,True
weak_memory,4858,0,,False,True
weak_memory,4859,1,0.47265625,True,False
weak_memory,4860,1,0.46875,True,False
weak_memory,4861,1,0.640625,True,False
weak_memory,4862,1,0.578125,True,False
weak_memory,4863,0,,False,True
weak_memory,4864,0,,False,True
weak_memory,4865,-1,1.4609375,False,False
weak_memory,4866,1,0.91015625,True,False
weak_memory,4867,1,1.4453125,True,False
weak_memory,4868,1,0.80859375,True,False
weak_memory,4869,0,,False,True
weak_memory,4870,0,,False,True
weak_memory,4871,0,,False,True
weak_memory,4872,0,,False,True
weak_memory,4873,0,,False,True
weak_memory,4874,0,,False,True
weak_memory,4875,0,,False,True
weak_memory,4876,0,,False,True
weak_memory,4877,0,,False,True
weak_memory,4878,1,0.58203125,True,False
weak_memory,4879,0,,False,True
weak_memory,4880,-1,1.70703125,False,False
weak_memory,4881,1,1.42578125,True,False
weak_memory,4882,0,,False,True
weak_memory,4883,-1,1.12890625,False,False
weak_memory,4884,0,,False,True
weak_memory,4885,0,,False,True
weak_memory,4886,1,1.16796875,True,False
weak_memory,4887,1,0.87890625,True,False
weak_memory,4888,0,,False,True
weak_memory,4889,1,0.5078125,True,False
weak_memory,4890,0,,False,True
weak_memory,4891,1,0.4609375,True,False
weak_memory,4892,1,0.76171875,True,False
weak_memory,4893,1,0.9921875,True,False
weak_memory,4894,1,0.92578125,True,False
weak_memory,4895,0,,False,True
weak_memory,4896,-1,1.3984375,False,False
weak_memory,4897,1,0.69140625,True,False
weak_memory,4898,0,,False,True
weak_memory,4899,0,,False,True
weak_memory,4900,0,,False,True
weak_memory,4901,0,,False,True
weak_memory,4902,0,,False,True
weak_memory,4903,0,,False,True
weak_memory,4904,0,,False,True
weak_memory,4905,-1,1.35546875,False,False
weak_memory,4906,-1,0.57421875,False,False
weak_memory,4907,0,,False,True
weak_memory,4908,0,,False,True
weak_memory,4909,1,0.85546875,True,False
weak_memory,4910,0,,False,True
weak_memory,4911,-1,1.4765625,False,False
weak_memory,4912,0,,False,True
weak_memory,4913,0,,False,True
weak_memory,4914,0,,False,True
weak_memory,4915,-1,1.1640625,False,False
weak_memory,4916,0,,False,True
weak_memory,4917,0,,False,True
weak_memory,4918,-1,1.046875,False,False
weak_memory,4919,0,,False,True
weak_memory,4920,1,0.890625,True,False
weak_memory,4921,0,,False,True
weak_memory,4922,0,,False,True
weak_memory,4923,1,1.609375,True,False
weak_memory,4924,0,,False,True
weak_memory,4925,1,1.9296875,True,False
weak_memory,4926,0,,False,True
weak_memory,4927,0,,False,True
weak_memory,4928,1,1.0703125,True,False
weak_memory,4929,0,,False,True
weak_memory,4930,0,,False,True
weak_memory,4931,1,1.32421875,True,False
weak_memory,4932,0,,False,True
weak_memory,4933,1,0.7578125,True,False
weak_memory,4934,1,1.16015625,True,False
weak_memory,4935,0,,False,True
weak_memory,4936,1,1.6171875,True,False
weak_memory,4937,0,,False,True
weak_memory,4938,0,,False,True
weak_memory,4939,0,,False,True
weak_memory,4940,1,1.1953125,True,False
weak_memory,4941,1,0.63671875,True,False
weak_memory,4942,0,,False,True
weak_memory,4943,-1,1.265625,False,False
weak_memory,4944,0,,False,True
weak_memory,4945,-1,0.6015625,False,False
weak_memory,4946,0,,False,True
weak_memory,4947,1,1.89453125,True,False
weak_memory,4948,-1,0.9609375,False,False
weak_memory,4949,1,0.97265625,True,False
weak_memory,4950,0,,False,True
weak_memory,4951,0,,False,True
weak_memory,4952,0,,False,True
weak_memory,4953,0,,False,True
weak_memory,4954,1,1.296875,True,False
weak_memory,4955,1,1.30078125,True,False
weak_memory,4956,0,,False,True
weak_memory,4957,1,1.6953125,True,False
weak_memory,4958,0,,False,True
weak_memory,4959,0,,False,True
weak_memory,4960,0,,False,True
weak_memory,4961,0,,False,True
weak_memory,4962,1,1.9609375,True,False
weak_memory,4963,1,0.8984375,True,False
weak_memory,4964,0,,False,True
weak_memory,4965,0,,False,True
weak_memory,4966,1,0.96484375,True,False
weak_memory,4967,-1,1.87109375,False,False
weak_memory,4968,1,0.50390625,True,False
weak_memory,4969,0,,False,True
weak_memory,4970,0,,False,True
weak_memory,4971,1,1.484375,True,False
weak_memory,4972,1,1.5,True,False
weak_memory,4973,0,,False,True
weak_memory,4974,0,,False,True
weak_memory,4975,1,1.35546875,True,False
weak_memory,4976,0,,False,True
weak_memory,4977,0,,False,True
weak_memory,4978,1,0.43359375,True,False
weak_memory,4979,1,1.9296875,True,False
weak_memory,4980,0,,False,True
weak_memory,4981,-1,0.921875,False,False
weak_memory,4982,0,,False,True
weak_memory,4983,0,,False,True
weak_memory,4984,0,,False,True
weak_memory,4985,0,,False,True
weak_memory,4986,1,1.4375,True,False
weak_memory,4987,0,,False,True
weak_memory,4988,-1,1.92578125,False,False
weak_memory,4989,0,,False,True
weak_memory,4990,0,,False,True
weak_memory,4991,1,1.578125,True,False
weak_memory,4992,0,,False,True
weak_memory,4993,0,,False,True
weak_memory,4994,0,,False,True
weak_memory,4995,0,,False,True
weak_memory,4996,0,,False,True
weak_memory,4997,0,,False,True
weak_memory,4998,0,,False,True
weak_memory,4999,1,1.015625,True,False
weak_memory,5000,0,,False,True
high_noise,1,-1,0.1484375,False,False
high_noise,2,1,0.1875,True,False
high_noise,3,-1,0.68359375,False,False
high_noise,4,1,0.7734375,True,False
high_noise,5,1,0.43359375,True,False
high_noise,6,1,0.8515625,True,False
high_noise,7,1,0.81640625,True,False
high_noise,8,-1,0.26171875,False,False
high_noise,9,1,0.52734375,True,False
high_noise,10,1,0.9140625,True,False
high_noise,11,1,0.58203125,True,False
high_noise,12,1,0.23046875,True,False
high_noise,13,-1,0.28515625,False,False
high_noise,14,-1,0.078125,False,False
high_noise,15,-1,0.35546875,False,False
high_noise,16,0,,False,True
high_noise,17,-1,0.25,False,False
high_noise,18,1,0.6015625,True,False
high_noise,19,-1,0.45703125,False,False
high_noise,20,1,0.28515625,True,False
high_noise,21,1,0.640625,True,False
high_noise,22,1,0.30078125,True,False
high_noise,23,1,0.59375,True,False
high_noise,24,1,0.41796875,True,False
high_noise,25,-1,0.19140625,False,False
high_noise,26,0,,False,True
high_noise,27,1,1.02734375,True,False
high_noise,28,-1,0.37890625,False,False
high_noise,29,-1,0.40234375,False,False
high_noise,30,1,0.30078125,True,False
high_noise,31,-1,0.40234375,False,False
high_noise,32,1,0.171875,True,False
high_noise,33,1,0.25390625,True,False
high_noise,34,1,0.84765625,True,False
high_noise,35,1,0.27734375,True,False
high_noise,36,1,0.79296875,True,False
high_noise,37,1,0.2578125,True,False
high_noise,38,-1,1.50390625,False,False
high_noise,39,1,0.44140625,True,False
high_noise,40,1,0.046875,True,False
high_noise,41,1,0.34765625,True,False
high_noise,42,1,0.21484375,True,False
high_noise,43,-1,0.12109375,False,False
high_noise,44,-1,0.23828125,False,False
high_noise,45,1,0.55078125,True,False
high_noise,46,-1,0.5078125,False,False
high_noise,47,1,0.48046875,True,False
high_noise,48,1,0.14453125,True,False
high_noise,49,1,0.11328125,True,False
high_noise,50,1,0.578125,True,False
high_noise,51,1,1.30078125,True,False
high_noise,52,-1,0.6484375,False,False
high_noise,53,1,0.8984375,True,False
high_noise,54,1,0.33203125,True,False
high_noise,55,1,0.796875,True,False
high_noise,56,-1,0.171875,False,False
high_noise,57,1,0.20703125,True,False
high_noise,58,1,0.0703125,True,False
high_noise,59,1,0.53515625,True,False
high_noise,60,-1,0.1796875,False,False
high_noise,61,1,0.62890625,True,False
high_noise,62,1,0.9921875,True,False
high_noise,63,-1,0.28125,False,False
high_noise,64,1,0.1328125,True,False
high_noise,65,1,0.078125,True,False
high_noise,66,1,0.171875,True,False
high_noise,67,1,0.3671875,True,False
high_noise,68,1,0.4140625,True,False
high_noise,69,-1,0.21484375,False,False
high_noise,70,0,,False,True
high_noise,71,1,1.59375,True,False
high_noise,72,1,0.2421875,True,False
high_noise,73,-1,0.36328125,False,False
high_noise,74,1,0.3359375,True,False
high_noise,75,1,0.3671875,True,False
high_noise,76,1,1.15234375,True,False
high_noise,77,1,0.4375,True,False
high_noise,78,1,0.734375,True,False
high_noise,79,1,1.09765625,True,False
high_noise,80,1,0.19921875,True,False
high_noise,81,1,0.39453125,True,False
high_noise,82,1,0.453125,True,False
high_noise,83,1,0.8359375,True,False
high_noise,84,-1,0.2265625,False,False
high_noise,85,1,0.109375,True,False
high_noise,86,1,0.4453125,True,False
high_noise,87,1,0.4140625,True,False
high_noise,88,-1,0.25,False,False
high_noise,89,1,1.21875,True,False
high_noise,90,1,0.1796875,True,False
high_noise,91,-1,0.19921875,False,False
high_noise,92,1,0.26171875,True,False
high_noise,93,1,1.21875,True,False
high_noise,94,1,0.2578125,True,False
high_noise,95,1,0.31640625,True,False
high_noise,96,-1,0.21484375,False,False
high_noise,97,1,1.66015625,True,False
high_noise,98,1,0.4921875,True,False
high_noise,99,1,1.33984375,True,False
high_noise,100,1,0.93359375,True,False
high_noise,101,1,0.265625,True,False
high_noise,102,1,0.6015625,True,False
high_noise,103,1,0.421875,True,False
high_noise,104,1,0.15234375,True,False
high_noise,105,1,0.99609375,True,False
high_noise,106,1,0.32421875,True,False
high_noise,107,1,0.62109375,True,False
high_noise,108,-1,0.0859375,False,False
high_noise,109,1,0.68359375,True,False
high_noise,110,1,0.4921875,True,False
high_noise,111,1,1.828125,True,False
high_noise,112,1,0.25,True,False
high_noise,113,-1,0.62890625,False,False
high_noise,114,1,1.60546875,True,False
high_noise,115,1,0.203125,True,False
high_noise,116,1,1.56640625,True,False
high_noise,117,1,0.8671875,True,False
high_noise,118,1,0.546875,True,False
high_noise,119,1,0.96484375,True,False
high_noise,120,1,0.3828125,True,False
high_noise,121,1,0.6953125,True,False
high_noise,122,1,0.26953125,True,False
high_noise,123,1,0.6171875,True,False
high_noise,124,1,0.41796875,True,False
high_noise,125,1,0.50390625,True,False
high_noise,126,1,0.6640625,True,False
high_noise,127,1,0.58984375,True,False
high_noise,128,-1,0.26171875,False,False
high_noise,129,1,0.91796875,True,False
high_noise,130,1,0.34375,True,False
high_noise,131,1,1.796875,True,False
high_noise,132,1,0.140625,True,False
high_noise,133,1,0.72265625,True,False
high_noise,134,1,0.55078125,True,False
high_noise,135,1,0.50390625,True,False
high_noise,136,1,0.54296875,True,False
high_noise,137,1,0.203125,True,False
high_noise,138,-1,0.203125,False,False
high_noise,139,-1,0.09375,False,False
high_noise,140,1,0.16796875,True,False
high_noise,141,1,0.609375,True,False
high_noise,142,1,1.2890625,True,False
high_noise,143,-1,0.21875,False,False
high_noise,144,1,0.13671875,True,False
high_noise,145,-1,0.421875,False,False
high_noise,146,1,1.06640625,True,False
high_noise,147,1,0.4765625,True,False
high_noise,148,1,0.4921875,True,False
high_noise,149,1,0.28125,True,False
high_noise,150,1,0.44921875,True,False
high_noise,151,1,0.76953125,True,False
high_noise,152,1,1.0859375,True,False
high_noise,153,1,0.34765625,True,False
high_noise,154,1,0.4375,True,False
high_noise,155,1,0.57421875,True,False
high_noise,156,1,0.546875,True,False
high_noise,157,-1,0.24609375,False,False
high_noise,158,1,0.1640625,True,False
high_noise,159,1,1.28125,True,False
high_noise,160,1,0.4921875,True,False
high_noise,161,-1,1.35546875,False,False
high_noise,162,1,0.2421875,True,False
high_noise,163,1,0.1328125,True,False
high_noise,164,-1,0.77734375,False,False
high_noise,165,1,0.53125,True,False
high_noise,166,1,0.78125,True,False
high_noise,167,1,0.5859375,True,False
high_noise,168,1,0.35546875,True,False
high_noise,169,1,0.3203125,True,False
high_noise,170,1,0.47265625,True,False
high_noise,171,1,0.6796875,True,False
high_noise,172,-1,0.61328125,False,False
high_noise,173,1,0.51953125,True,False
high_noise,174,1,0.9140625,True,False
high_noise,175,1,0.49609375,True,False
high_noise,176,1,2.0,True,False
high_noise,177,1,0.4375,True,False
high_noise,178,-1,0.40625,False,False
high_noise,179,1,0.46484375,True,False
high_noise,180,1,1.05859375,True,False
high_noise,181,1,0.32421875,True,False
high_noise,182,1,1.421875,True,False
high_noise,183,1,0.8203125,True,False
high_noise,184,1,0.78515625,True,False
high_noise,185,-1,0.33984375,False,False
high_noise,186,1,0.28125,True,False
high_noise,187,1,0.62890625,True,False
high_noise,188,-1,0.48046875,False,False
high_noise,189,-1,0.296875,False,False
high_noise,190,1,0.15234375,True,False
high_noise,191,1,0.671875,True,False
high_noise,192,1,0.34765625,True,False
high_noise,193,1,0.60546875,True,False
high_noise,194,1,0.5703125,True,False
high_noise,195,1,0.85546875,True,False
high_noise,196,1,1.22265625,True,False
high_noise,197,1,0.59765625,True,False
high_noise,198,1,0.6171875,True,False
high_noise,199,-1,0.4375,False,False
high_noise,200,1,0.640625,True,False
high_noise,201,1,0.875,True,False
high_noise,202,-1,0.328125,False,False
high_noise,203,1,0.3671875,True,False
high_noise,204,-1,0.890625,False,False
high_noise,205,1,0.2421875,True,False
high_noise,206,1,0.3203125,True,False
high_noise,207,-1,0.6015625,False,False
high_noise,208,-1,0.1875,False,False
high_noise,209,1,0.265625,True,False
high_noise,210,1,0.07421875,True,False
high_noise,211,-1,0.64453125,False,False
high_noise,212,1,0.21484375,True,False
high_noise,213,1,0.28515625,True,False
high_noise,214,1,1.703125,True,False
high_noise,215,1,0.5546875,True,False
high_noise,216,1,0.4921875,True,False
high_noise,217,1,1.0546875,True,False
high_noise,218,1,0.64453125,True,False
high_noise,219,1,0.65625,True,False
high_noise,220,1,0.50390625,True,False
high_noise,221,-1,0.22265625,False,False
high_noise,222,1,0.19140625,True,False
high_noise,223,1,0.484375,True,False
high_noise,224,1,0.765625,True,False
high_noise,225,1,0.47265625,True,False
high_noise,226,1,0.859375,True,False
high_noise,227,1,0.44140625,True,False
high_noise,228,1,1.46484375,True,False
high_noise,229,1,0.39453125,True,False
high_noise,230,1,1.30859375,True,False
high_noise,231,1,0.4765625,True,False
high_noise,232,1,0.5859375,True,False
high_noise,233,1,0.28125,True,False
high_noise,234,-1,0.44140625,False,False
high_noise,235,-1,0.48828125,False,False
high_noise,236,1,0.7265625,True,False
high_noise,237,1,0.6640625,True,False
high_noise,238,1,0.625,True,False
high_noise,239,-1,0.4765625,False,False
high_noise,240,1,0.34375,True,False
high_noise,241,1,0.53515625,True,False
high_noise,242,-1,0.20703125,False,False
high_noise,243,1,0.390625,True,False
high_noise,244,1,1.25,True,False
high_noise,245,1,0.62890625,True,False
high_noise,246,1,0.72265625,True,False
high_noise,247,1,0.41796875,True,False
high_noise,248,1,0.265625,True,False
high_noise,249,1,0.9921875,True,False
high_noise,250,-1,0.5703125,False,False
high_noise,251,-1,1.0546875,False,False
high_noise,252,1,0.59375,True,False
high_noise,253,1,0.80078125,True,False
high_noise,254,-1,0.0703125,False,False
high_noise,255,1,0.765625,True,False
high_noise,256,1,0.25390625,True,False
high_noise,257,1,0.265625,True,False
high_noise,258,1,0.19921875,True,False
high_noise,259,1,0.171875,True,False
high_noise,260,-1,0.171875,False,False
high_noise,261,1,0.83203125,True,False
high_noise,262,1,0.63671875,True,False
high_noise,263,1,0.16015625,True,False
high_noise,264,1,1.37890625,True,False
high_noise,265,-1,0.36328125,False,False
high_noise,266,1,0.25,True,False
high_noise,267,1,0.61328125,True,False
high_noise,268,1,0.1796875,True,False
high_noise,269,1,0.43359375,True,False
high_noise,270,-1,0.2109375,False,False
high_noise,271,1,0.48828125,True,False
high_noise,272,1,1.265625,True,False
high_noise,273,1,0.4296875,True,False
high_noise,274,1,0.09375,True,False
high_noise,275,1,0.4453125,True,False
high_noise,276,-1,1.078125,False,False
high_noise,277,-1,0.1015625,False,False
high_noise,278,1,0.3828125,True,False
high_noise,279,-1,0.5234375,False,False
high_noise,280,1,1.16796875,True,False
high_noise,281,1,0.50390625,True,False
high_noise,282,1,1.09765625,True,False
high_noise,283,1,0.74609375,True,False
high_noise,284,1,1.32421875,True,False
high_noise,285,-1,0.44140625,False,False
high_noise,286,-1,0.5859375,False,False
high_noise,287,1,0.15234375,True,False
high_noise,288,-1,0.17578125,False,False
high_noise,289,1,0.796875,True,False
high_noise,290,1,1.2890625,True,False
high_noise,291,1,0.16015625,True,False
high_noise,292,1,0.515625,True,False
high_noise,293,-1,0.16796875,False,False
high_noise,294,1,0.23828125,True,False
high_noise,295,1,0.8046875,True,False
high_noise,296,-1,0.2265625,False,False
high_noise,297,1,0.20703125,True,False
high_noise,298,1,0.6484375,True,False
high_noise,299,1,0.27734375,True,False
high_noise,300,1,0.6328125,True,False
high_noise,301,-1,0.84375,False,False
high_noise,302,1,0.2578125,True,False
high_noise,303,1,0.4765625,True,False
high_noise,304,1,1.1171875,True,False
high_noise,305,1,0.109375,True,False
high_noise,306,1,0.25,True,False
high_noise,307,1,0.51953125,True,False
high_noise,308,1,0.29296875,True,False
high_noise,309,1,0.3671875,True,False
high_noise,310,1,0.84375,True,False
high_noise,311,1,1.28125,True,False
high_noise,312,1,0.390625,True,False
high_noise,313,1,0.54296875,True,False
high_noise,314,-1,1.109375,False,False
high_noise,315,1,0.875,True,False
high_noise,316,1,0.40234375,True,False
high_noise,317,1,0.1796875,True,False
high_noise,318,-1,0.41796875,False,False
high_noise,319,1,0.16015625,True,False
high_noise,320,1,0.125,True,False
high_noise,321,1,1.02734375,True,False
high_noise,322,1,0.109375,True,False
high_noise,323,1,0.15234375,True,False
high_noise,324,1,0.95703125,True,False
high_noise,325,-1,0.578125,False,False
high_noise,326,1,0.8984375,True,False
high_noise,327,1,0.25,True,False
high_noise,328,1,1.1796875,True,False
high_noise,329,1,0.3046875,True,False
high_noise,330,1,0.16796875,True,False
high_noise,331,1,0.71875,True,False
high_noise,332,1,0.17578125,True,False
high_noise,333,1,0.30078125,True,False
high_noise,334,-1,0.23828125,False,False
high_noise,335,1,0.15625,True,False
high_noise,336,1,0.17578125,True,False
high_noise,337,1,0.5625,True,False
high_noise,338,1,0.87890625,True,False
high_noise,339,1,0.59375,True,False
high_noise,340,1,1.12890625,True,False
high_noise,341,1,0.30859375,True,False
high_noise,342,-1,1.00390625,False,False
high_noise,343,1,0.20703125,True,False
high_noise,344,1,0.48828125,True,False
high_noise,345,1,0.359375,True,False
high_noise,346,-1,1.4453125,False,False
high_noise,347,1,1.515625,True,False
high_noise,348,1,0.48828125,True,False
high_noise,349,1,0.21875,True,False
high_noise,350,1,0.203125,True,False
high_noise,351,1,0.47265625,True,False
high_noise,352,1,0.83203125,True,False
high_noise,353,1,0.7890625,True,False
high_noise,354,1,1.04296875,True,False
high_noise,355,1,0.50390625,True,False
high_noise,356,1,0.3359375,True,False
high_noise,357,1,0.3359375,True,False
high_noise,358,-1,0.046875,False,False
high_noise,359,1,0.3828125,True,False
high_noise,360,1,0.82421875,True,False
high_noise,361,-1,1.19140625,False,False
high_noise,362,1,0.421875,True,False
high_noise,363,1,0.375,True,False
high_noise,364,1,0.34765625,True,False
high_noise,365,-1,1.5234375,False,False
high_noise,366,1,0.86328125,True,False
high_noise,367,1,1.02734375,True,False
high_noise,368,1,0.22265625,True,False
high_noise,369,1,1.26953125,True,False
high_noise,370,1,1.0234375,True,False
high_noise,371,1,0.55078125,True,False
high_noise,372,1,0.50390625,True,False
high_noise,373,-1,0.640625,False,False
high_noise,374,1,0.3828125,True,False
high_noise,375,-1,0.37890625,False,False
high_noise,376,1,0.26953125,True,False
high_noise,377,1,0.05859375,True,False
high_noise,378,1,0.53515625,True,False
high_noise,379,1,0.609375,True,False
high_noise,380,1,1.15234375,True,False
high_noise,381,1,0.625,True,False
high_noise,382,1,0.51171875,True,False
high_noise,383,1,0.44921875,True,False
high_noise,384,1,0.328125,True,False
high_noise,385,1,0.546875,True,False
high_noise,386,-1,1.6875,False,False
high_noise,387,1,1.19921875,True,False
high_noise,388,1,2.0,True,False
high_noise,389,1,0.40625,True,False
high_noise,390,-1,0.40625,False,False
high_noise,391,-1,0.13671875,False,False
high_noise,392,1,0.15625,True,False
high_noise,393,-1,0.77734375,False,False
high_noise,394,1,0.61328125,True,False
high_noise,395,1,0.8359375,True,False
high_noise,396,1,0.4765625,True,False
high_noise,397,-1,0.3203125,False,False
high_noise,398,1,0.625,True,False
high_noise,399,1,0.40625,True,False
high_noise,400,1,0.60546875,True,False
high_noise,401,1,0.57421875,True,False
high_noise,402,-1,0.38671875,False,False
high_noise,403,1,1.38671875,True,False
high_noise,404,1,0.81640625,True,False
high_noise,405,1,0.3046875,True,False
high_noise,406,1,0.578125,True,False
high_noise,407,-1,0.18359375,False,False
high_noise,408,1,0.42578125,True,False
high_noise,409,1,1.36328125,True,False
high_noise,410,1,1.21484375,True,False
high_noise,411,-1,0.09765625,False,False
high_noise,412,1,0.765625,True,False
high_noise,413,-1,1.22265625,False,False
high_noise,414,1,0.125,True,False
high_noise,415,1,0.85546875,True,False
high_noise,416,1,0.26953125,True,False
high_noise,417,1,0.43359375,True,False
high_noise,418,1,0.14453125,True,False
high_noise,419,-1,0.46484375,False,False
high_noise,420,1,0.8125,True,False
high_noise,421,1,0.87890625,True,False
high_noise,422,1,1.8671875,True,False
high_noise,423,1,0.609375,True,False
high_noise,424,1,0.7578125,True,False
high_noise,425,1,0.296875,True,False
high_noise,426,-1,0.13671875,False,False
high_noise,427,1,1.01171875,True,False
high_noise,428,-1,0.77734375,False,False
high_noise,429,1,0.34375,True,False
high_noise,430,-1,0.6875,False,False
high_noise,431,-1,0.1953125,False,False
high_noise,432,1,0.32421875,True,False
high_noise,433,1,1.41015625,True,False
high_noise,434,-1,0.31640625,False,False
high_noise,435,1,0.6171875,True,False
high_noise,436,1,0.16796875,True,False
high_noise,437,1,0.76953125,True,False
high_noise,438,1,0.34375,True,False
high_noise,439,1,0.81640625,True,False
high_noise,440,-1,0.125,False,False
high_noise,441,-1,0.13671875,False,False
high_noise,442,1,0.46875,True,False
high_noise,443,1,1.6484375,True,False
high_noise,444,1,0.65625,True,False
high_noise,445,1,0.41015625,True,False
high_noise,446,1,0.85546875,True,False
high_noise,447,-1,0.3046875,False,False
high_noise,448,1,0.2109375,True,False
high_noise,449,1,1.51953125,True,False
high_noise,450,1,0.7265625,True,False
high_noise,451,1,0.5234375,True,False
high_noise,452,1,0.125,True,False
high_noise,453,1,0.25390625,True,False
high_noise,454,1,0.28515625,True,False
high_noise,455,1,0.3359375,True,False
high_noise,456,1,0.72265625,True,False
high_noise,457,1,0.47265625,True,False
high_noise,458,-1,0.44140625,False,False
high_noise,459,1,0.3359375,True,False
high_noise,460,1,0.109375,True,False
high_noise,461,-1,0.45703125,False,False
high_noise,462,1,0.35546875,True,False
high_noise,463,1,0.21875,True,False
high_noise,464,1,1.4296875,True,False
high_noise,465,1,1.73828125,True,False
high_noise,466,1,0.19140625,True,False
high_noise,467,1,0.7578125,True,False
high_noise,468,1,0.640625,True,False
high_noise,469,-1,0.0546875,False,False
high_noise,470,1,0.3359375,True,False
high_noise,471,1,0.29296875,True,False
high_noise,472,1,0.734375,True,False
high_noise,473,1,0.50390625,True,False
high_noise,474,1,0.10546875,True,False
high_noise,475,1,0.9453125,True,False
high_noise,476,-1,0.2421875,False,False
high_noise,477,1,0.25390625,True,False
high_noise,478,1,0.26171875,True,False
high_noise,479,-1,0.29296875,False,False
high_noise,480,1,0.4453125,True,False
high_noise,481,1,0.11328125,True,False
high_noise,482,1,0.3984375,True,False
high_noise,483,1,0.3125,True,False
high_noise,484,1,0.87890625,True,False
high_noise,485,1,0.43359375,True,False
high_noise,486,1,0.6015625,True,False
high_noise,487,1,0.23046875,True,False
high_noise,488,-1,0.21875,False,False
high_noise,489,1,1.14453125,True,False
high_noise,490,1,0.19140625,True,False
high_noise,491,1,0.98046875,True,False
high_noise,492,-1,0.55859375,False,False
high_noise,493,1,0.484375,True,False
high_noise,494,1,0.3125,True,False
high_noise,495,1,0.4765625,True,False
high_noise,496,1,0.85546875,True,False
high_noise,497,1,0.71875,True,False
high_noise,498,1,0.1875,True,False
high_noise,499,1,0.48046875,True,False
high_noise,500,1,0.6171875,True,False
high_noise,501,-1,0.27734375,False,False
high_noise,502,1,0.4609375,True,False
high_noise,503,1,0.68359375,True,False
high_noise,504,1,0.21875,True,False
high_noise,505,-1,0.19140625,False,False
high_noise,506,1,1.3828125,True,False
high_noise,507,1,0.54296875,True,False
high_noise,508,1,0.34375,True,False
high_noise,509,1,0.15625,True,False
high_noise,510,1,0.3203125,True,False
high_noise,511,1,0.42578125,True,False
high_noise,512,1,1.03125,True,False
high_noise,513,-1,0.625,False,False
high_noise,514,1,0.4453125,True,False
high_noise,515,1,1.4453125,True,False
high_noise,516,1,0.3515625,True,False
high_noise,517,1,0.13671875,True,False
high_noise,518,1,1.1640625,True,False
high_noise,519,1,0.421875,True,False
high_noise,520,-1,0.26953125,False,False
high_noise,521,1,0.67578125,True,False
high_noise,522,-1,0.25390625,False,False
high_noise,523,1,0.56640625,True,False
high_noise,524,1,0.11328125,True,False
high_noise,525,1,0.20703125,True,False
high_noise,526,1,0.3828125,True,False
high_noise,527,1,0.2421875,True,False
high_noise,528,1,0.9765625,True,False
high_noise,529,1,0.265625,True,False
high_noise,530,-1,0.2890625,False,False
high_noise,531,1,0.17578125,True,False
high_noise,532,-1,0.2890625,False,False
high_noise,533,1,0.9375,True,False
high_noise,534,1,0.55078125,True,False
high_noise,535,-1,0.30078125,False,False
high_noise,536,1,0.87890625,True,False
high_noise,537,-1,0.125,False,False
high_noise,538,1,0.43359375,True,False
high_noise,539,1,0.9765625,True,False
high_noise,540,1,0.16796875,True,False
high_noise,541,1,0.1796875,True,False
high_noise,542,1,0.1640625,True,False
high_noise,543,1,0.66796875,True,False
high_noise,544,1,0.31640625,True,False
high_noise,545,1,0.49609375,True,False
high_noise,546,1,1.1875,True,False
high_noise,547,1,1.62890625,True,False
high_noise,548,1,1.66015625,True,False
high_noise,549,1,0.71875,True,False
high_noise,550,1,0.39453125,True,False
high_noise,551,1,0.21875,True,False
high_noise,552,1,0.31640625,True,False
high_noise,553,1,0.20703125,True,False
high_noise,554,1,0.25390625,True,False
high_noise,555,1,0.2109375,True,False
high_noise,556,1,0.52734375,True,False
high_noise,557,1,0.43359375,True,False
high_noise,558,-1,0.3046875,False,False
high_noise,559,1,0.3671875,True,False
high_noise,560,1,0.71484375,True,False
high_noise,561,1,0.68359375,True,False
high_noise,562,1,0.53515625,True,False
high_noise,563,1,1.53125,True,False
high_noise,564,1,0.70703125,True,False
high_noise,565,1,0.27734375,True,False
high_noise,566,1,0.76171875,True,False
high_noise,567,1,0.2734375,True,False
high_noise,568,-1,1.45703125,False,False
high_noise,569,1,0.9609375,True,False
high_noise,570,1,0.49609375,True,False
high_noise,571,1,0.55859375,True,False
high_noise,572,1,0.76953125,True,False
high_noise,573,1,0.296875,True,False
high_noise,574,1,0.35546875,True,False
high_noise,575,1,0.140625,True,False
high_noise,576,1,0.69921875,True,False
high_noise,577,-1,1.171875,False,False
high_noise,578,1,0.76953125,True,False
high_noise,579,1,0.65234375,True,False
high_noise,580,1,0.1796875,True,False
high_noise,581,1,0.79296875,True,False
high_noise,582,1,0.10546875,True,False
high_noise,583,1,0.42578125,True,False
high_noise,584,1,1.53125,True,False
high_noise,585,-1,1.53125,False,False
high_noise,586,-1,0.19921875,False,False
high_noise,587,1,0.5546875,True,False
high_noise,588,1,0.95703125,True,False
high_noise,589,1,0.39453125,True,False
high_noise,590,1,0.83203125,True,False
high_noise,591,1,0.30078125,True,False
high_noise,592,1,0.515625,True,False
high_noise,593,1,0.6328125,True,False
high_noise,594,1,0.55859375,True,False
high_noise,595,-1,0.14453125,False,False
high_noise,596,-1,0.5390625,False,False
high_noise,597,1,0.92578125,True,False
high_noise,598,1,0.09765625,True,False
high_noise,599,-1,0.34375,False,False
high_noise,600,1,0.91796875,True,False
high_noise,601,1,0.3671875,True,False
high_noise,602,-1,0.4453125,False,False
high_noise,603,1,0.328125,True,False
high_noise,604,1,0.1328125,True,False
high_noise,605,-1,0.26171875,False,False
high_noise,606,1,0.71484375,True,False
high_noise,607,1,1.43359375,True,False
high_noise,608,1,0.44140625,True,False
high_noise,609,1,0.609375,True,False
high_noise,610,-1,0.58203125,False,False
high_noise,611,1,0.5703125,True,False
high_noise,612,-1,0.17578125,False,False
high_noise,613,1,0.171875,True,False
high_noise,614,1,1.18359375,True,False
high_noise,615,1,0.63671875,True,False
high_noise,616,1,0.421875,True,False
high_noise,617,1,0.484375,True,False
high_noise,618,-1,0.16015625,False,False
high_noise,619,1,0.55859375,True,False
high_noise,620,1,0.359375,True,False
high_noise,621,1,0.41015625,True,False
high_noise,622,1,0.41796875,True,False
high_noise,623,1,1.0234375,True,False
high_noise,624,1,0.4296875,True,False
high_noise,625,1,1.31640625,True,False
high_noise,626,1,0.6015625,True,False
high_noise,627,-1,0.0703125,False,False
high_noise,628,-1,0.80078125,False,False
high_noise,629,1,0.3984375,True,False
high_noise,630,-1,0.1953125,False,False
high_noise,631,1,0.46875,True,False
high_noise,632,1,0.2578125,True,False
high_noise,633,1,0.5546875,True,False
high_noise,634,1,1.44140625,True,False
high_noise,635,-1,0.32421875,False,False
high_noise,636,1,0.54296875,True,False
high_noise,637,1,0.9609375,True,False
high_noise,638,1,0.30078125,True,False
high_noise,639,1,0.1953125,True,False
high_noise,640,-1,0.296875,False,False
high_noise,641,-1,0.1171875,False,False
high_noise,642,1,0.4140625,True,False
high_noise,643,1,0.61328125,True,False
high_noise,644,1,0.265625,True,False
high_noise,645,1,0.84375,True,False
high_noise,646,1,0.7421875,True,False
high_noise,647,1,0.15625,True,False
high_noise,648,1,0.90234375,True,False
high_noise,649,1,0.33984375,True,False
high_noise,650,1,0.41015625,True,False
high_noise,651,1,0.2890625,True,False
high_noise,652,1,0.4296875,True,False
high_noise,653,-1,0.74609375,False,False
high_noise,654,1,0.37890625,True,False
high_noise,655,1,0.41796875,True,False
high_noise,656,1,0.1640625,True,False
high_noise,657,1,0.36328125,True,False
high_noise,658,-1,0.34765625,False,False
high_noise,659,1,0.234375,True,False
high_noise,660,1,0.375,True,False
high_noise,661,-1,1.32421875,False,False
high_noise,662,1,0.15625,True,False
high_noise,663,1,0.8125,True,False
high_noise,664,1,0.734375,True,False
high_noise,665,-1,0.98828125,False,False
high_noise,666,0,,False,True
high_noise,667,1,0.203125,True,False
high_noise,668,-1,0.23828125,False,False
high_noise,669,-1,0.40234375,False,False
high_noise,670,-1,0.17578125,False,False
high_noise,671,1,0.5,True,False
high_noise,672,-1,0.30078125,False,False
high_noise,673,1,0.44921875,True,False
high_noise,674,1,0.3125,True,False
high_noise,675,-1,0.41796875,False,False
high_noise,676,1,1.234375,True,False
high_noise,677,1,0.2109375,True,False
high_noise,678,1,0.64453125,True,False
high_noise,679,1,0.50390625,True,False
high_noise,680,1,0.859375,True,False
high_noise,681,1,0.171875,True,False
high_noise,682,1,0.15234375,True,False
high_noise,683,1,1.0390625,True,False
high_noise,684,1,0.6796875,True,False
high_noise,685,1,0.45703125,True,False
high_noise,686,0,,False,True
high_noise,687,-1,0.26953125,False,False
high_noise,688,1,0.1484375,True,False
high_noise,689,-1,0.375,False,False
high_noise,690,1,0.5,True,False
high_noise,691,-1,0.28125,False,False
high_noise,692,1,0.26171875,True,False
high_noise,693,1,0.08984375,True,False
high_noise,694,-1,0.17578125,False,False
high_noise,695,0,,False,True
high_noise,696,1,1.61328125,True,False
high_noise,697,1,0.484375,True,False
high_noise,698,1,0.41796875,True,False
high_noise,699,-1,1.55859375,False,False
high_noise,700,-1,0.09765625,False,False
high_noise,701,-1,1.46875,False,False
high_noise,702,1,0.35546875,True,False
high_noise,703,1,0.23046875,True,False
high_noise,704,1,0.50390625,True,False
high_noise,705,1,0.34765625,True,False
high_noise,706,1,0.2421875,True,False
high_noise,707,-1,0.4140625,False,False
high_noise,708,1,0.5,True,False
high_noise,709,1,0.98828125,True,False
high_noise,710,-1,0.29296875,False,False
high_noise,711,1,0.5,True,False
high_noise,712,1,0.16015625,True,False
high_noise,713,1,0.3359375,True,False
high_noise,714,1,0.76171875,True,False
high_noise,715,0,,False,True
high_noise,716,-1,0.3671875,False,False
high_noise,717,1,1.03515625,True,False
high_noise,718,1,0.265625,True,False
high_noise,719,1,0.578125,True,False
high_noise,720,-1,0.28125,False,False
high_noise,721,1,0.19140625,True,False
high_noise,722,1,0.68359375,True,False
high_noise,723,1,0.13671875,True,False
high_noise,724,1,0.625,True,False
high_noise,725,1,0.95703125,True,False
high_noise,726,-1,1.3671875,False,False
high_noise,727,1,0.7265625,True,False
high_noise,728,1,0.484375,True,False
high_noise,729,1,1.0625,True,False
high_noise,730,-1,0.12109375,False,False
high_noise,731,1,0.4609375,True,False
high_noise,732,0,,False,True
high_noise,733,1,0.71484375,True,False
high_noise,734,1,1.26171875,True,False
high_noise,735,1,0.38671875,True,False
high_noise,736,1,1.33984375,True,False
high_noise,737,1,0.23828125,True,False
high_noise,738,-1,0.3046875,False,False
high_noise,739,1,0.43359375,True,False
high_noise,740,1,0.7890625,True,False
high_noise,741,1,0.96484375,True,False
high_noise,742,1,0.3671875,True,False
high_noise,743,1,0.13671875,True,False
high_noise,744,-1,1.421875,False,False
high_noise,745,1,0.66015625,True,False
high_noise,746,-1,0.23828125,False,False
high_noise,747,1,0.59375,True,False
high_noise,748,1,1.625,True,False
high_noise,749,1,1.5546875,True,False
high_noise,750,1,0.3515625,True,False
high_noise,751,1,0.40625,True,False
high_noise,752,1,0.51171875,True,False
high_noise,753,-1,0.515625,False,False
high_noise,754,1,0.515625,True,False
high_noise,755,-1,0.24609375,False,False
high_noise,756,1,0.9140625,True,False
high_noise,757,-1,0.73828125,False,False
high_noise,758,1,0.2578125,True,False
high_noise,759,1,1.58203125,True,False
high_noise,760,1,0.69140625,True,False
high_noise,761,1,0.40625,True,False
high_noise,762,1,0.74609375,True,False
high_noise,763,1,0.62890625,True,False
high_noise,764,1,0.80859375,True,False
high_noise,765,-1,1.0,False,False
high_noise,766,1,0.51953125,True,False
high_noise,767,1,0.5390625,True,False
high_noise,768,1,1.11328125,True,False
high_noise,769,1,0.47265625,True,False
high_noise,770,1,0.59375,True,False
high_noise,771,1,0.3359375,True,False
high_noise,772,1,0.2109375,True,False
high_noise,773,1,0.9921875,True,False
high_noise,774,1,0.55859375,True,False
high_noise,775,1,0.22265625,True,False
high_noise,776,1,0.19921875,True,False
high_noise,777,1,0.8203125,True,False
high_noise,778,1,0.203125,True,False
high_noise,779,1,0.5546875,True,False
high_noise,780,1,0.2265625,True,False
high_noise,781,1,0.47265625,True,False
high_noise,782,1,0.2578125,True,False
high_noise,783,1,0.3828125,True,False
high_noise,784,-1,0.26171875,False,False
high_noise,785,0,,False,True
high_noise,786,1,0.4765625,True,False
high_noise,787,1,0.56640625,True,False
high_noise,788,1,1.21875,True,False
high_noise,789,-1,0.11328125,False,False
high_noise,790,1,0.88671875,True,False
high_noise,791,1,0.546875,True,False
high_noise,792,1,0.453125,True,False
high_noise,793,-1,0.125,False,False
high_noise,794,1,0.32421875,True,False
high_noise,795,-1,0.6875,False,False
high_noise,796,1,1.453125,True,False
high_noise,797,1,0.8203125,True,False
high_noise,798,1,0.52734375,True,False
high_noise,799,1,0.1015625,True,False
high_noise,800,1,0.234375,True,False
high_noise,801,1,0.68359375,True,False
high_noise,802,1,0.46875,True,False
high_noise,803,1,0.6484375,True,False
high_noise,804,-1,0.40625,False,False
high_noise,805,-1,0.17578125,False,False
high_noise,806,1,0.15625,True,False
high_noise,807,-1,0.3125,False,False
high_noise,808,1,0.10546875,True,False
high_noise,809,1,1.17578125,True,False
high_noise,810,1,0.1015625,True,False
high_noise,811,1,0.12109375,True,False
high_noise,812,1,0.24609375,True,False
high_noise,813,0,,False,True
high_noise,814,1,0.234375,True,False
high_noise,815,-1,0.19140625,False,False
high_noise,816,1,0.4453125,True,False
high_noise,817,1,1.37109375,True,False
high_noise,818,1,0.76171875,True,False
high_noise,819,-1,0.265625,False,False
high_noise,820,-1,0.13671875,False,False
high_noise,821,1,0.84765625,True,False
high_noise,822,1,1.20703125,True,False
high_noise,823,-1,0.44921875,False,False
high_noise,824,1,0.24609375,True,False
high_noise,825,-1,0.296875,False,False
high_noise,826,1,0.94140625,True,False
high_noise,827,1,0.1171875,True,False
high_noise,828,1,0.09765625,True,False
high_noise,829,1,0.4609375,True,False
high_noise,830,1,0.328125,True,False
high_noise,831,1,1.69140625,True,False
high_noise,832,1,0.65625,True,False
high_noise,833,1,0.890625,True,False
high_noise,834,1,0.2578125,True,False
high_noise,835,1,0.11328125,True,False
high_noise,836,1,0.9140625,True,False
high_noise,837,-1,0.671875,False,False
high_noise,838,1,0.08984375,True,False
high_noise,839,-1,0.9140625,False,False
high_noise,840,1,0.5546875,True,False
high_noise,841,1,0.10546875,True,False
high_noise,842,1,0.23046875,True,False
high_noise,843,1,0.91015625,True,False
high_noise,844,1,0.3984375,True,False
high_noise,845,-1,0.8828125,False,False
high_noise,846,1,0.2265625,True,False
high_noise,847,1,0.3984375,True,False
high_noise,848,1,0.4296875,True,False
high_noise,849,1,0.2734375,True,False
high_noise,850,1,0.7578125,True,False
high_noise,851,-1,0.78515625,False,False
high_noise,852,-1,0.13671875,False,False
high_noise,853,1,0.5703125,True,False
high_noise,854,-1,0.30859375,False,False
high_noise,855,-1,0.23046875,False,False
high_noise,856,1,0.8671875,True,False
high_noise,857,1,0.77734375,True,False
high_noise,858,1,0.29296875,True,False
high_noise,859,1,0.5,True,False
high_noise,860,1,0.6328125,True,False
high_noise,861,1,0.54296875,True,False
high_noise,862,-1,0.3046875,False,False
high_noise,863,1,0.5546875,True,False
high_noise,864,1,0.59765625,True,False
high_noise,865,1,0.5078125,True,False
high_noise,866,1,0.92578125,True,False
high_noise,867,1,1.15234375,True,False
high_noise,868,1,0.13671875,True,False
high_noise,869,1,0.14453125,True,False
high_noise,870,-1,0.99609375,False,False
high_noise,871,1,0.34375,True,False
high_noise,872,1,0.12890625,True,False
high_noise,873,1,0.16015625,True,False
high_noise,874,-1,0.453125,False,False
high_noise,875,1,0.53125,True,False
high_noise,876,1,0.640625,True,False
high_noise,877,1,0.3828125,True,False
high_noise,878,-1,0.50390625,False,False
high_noise,879,-1,0.44921875,False,False
high_noise,880,1,0.2578125,True,False
high_noise,881,1,1.04296875,True,False
high_noise,882,1,0.35546875,True,False
high_noise,883,1,0.5703125,True,False
high_noise,884,-1,0.16796875,False,False
high_noise,885,1,0.36328125,True,False
high_noise,886,1,0.28515625,True,False
high_noise,887,-1,0.4609375,False,False
high_noise,888,1,0.328125,True,False
high_noise,889,1,0.85546875,True,False
high_noise,890,1,0.37890625,True,False
high_noise,891,-1,0.13671875,False,False
high_noise,892,-1,0.46484375,False,False
high_noise,893,1,0.39453125,True,False
high_noise,894,-1,0.31640625,False,False
high_noise,895,1,0.234375,True,False
high_noise,896,1,0.421875,True,False
high_noise,897,-1,0.1171875,False,False
high_noise,898,1,0.66796875,True,False
high_noise,899,1,0.3671875,True,False
high_noise,900,1,0.20703125,True,False
high_noise,901,1,0.72265625,True,False
high_noise,902,1,0.92578125,True,False
high_noise,903,1,0.39453125,True,False
high_noise,904,1,0.296875,True,False
high_noise,905,-1,0.1875,False,False
high_noise,906,1,0.390625,True,False
high_noise,907,-1,0.1328125,False,False
high_noise,908,-1,1.01171875,False,False
high_noise,909,-1,1.1328125,False,False
high_noise,910,1,1.03125,True,False
high_noise,911,-1,0.40234375,False,False
high_noise,912,-1,0.96875,False,False
high_noise,913,1,0.33203125,True,False
high_noise,914,1,0.74609375,True,False
high_noise,915,0,,False,True
high_noise,916,1,1.48046875,True,False
high_noise,917,1,0.4921875,True,False
high_noise,918,0,,False,True
high_noise,919,1,0.9609375,True,False
high_noise,920,-1,0.65625,False,False
high_noise,921,1,0.94140625,True,False
high_noise,922,1,0.34375,True,False
high_noise,923,1,1.48828125,True,False
high_noise,924,1,0.55859375,True,False
high_noise,925,1,0.6328125,True,False
high_noise,926,1,0.1796875,True,False
high_noise,927,1,1.21484375,True,False
high_noise,928,1,0.4296875,True,False
high_noise,929,1,1.50390625,True,False
high_noise,930,1,1.078125,True,False
high_noise,931,1,0.12890625,True,False
high_noise,932,-1,0.1796875,False,False
high_noise,933,1,0.359375,True,False
high_noise,934,1,0.453125,True,False
high_noise,935,0,,False,True
high_noise,936,-1,0.1875,False,False
high_noise,937,-1,0.1875,False,False
high_noise,938,1,0.65234375,True,False
high_noise,939,1,0.21875,True,False
high_noise,940,-1,0.1484375,False,False
high_noise,941,1,0.59375,True,False
high_noise,942,-1,0.3671875,False,False
high_noise,943,1,0.8125,True,False
high_noise,944,-1,1.390625,False,False
high_noise,945,1,0.11328125,True,False
high_noise,946,1,1.08984375,True,False
high_noise,947,-1,0.5703125,False,False
high_noise,948,1,1.43359375,True,False
high_noise,949,1,0.51171875,True,False
high_noise,950,-1,0.15234375,False,False
high_noise,951,1,0.51171875,True,False
high_noise,952,1,0.48046875,True,False
high_noise,953,-1,1.1015625,False,False
high_noise,954,1,0.359375,True,False
high_noise,955,1,0.83203125,True,False
high_noise,956,1,1.859375,True,False
high_noise,957,-1,0.1328125,False,False
high_noise,958,1,0.62890625,True,False
high_noise,959,1,1.48046875,True,False
high_noise,960,-1,0.18359375,False,False
high_noise,961,1,0.60546875,True,False
high_noise,962,-1,1.0859375,False,False
high_noise,963,-1,0.23046875,False,False
high_noise,964,-1,0.296875,False,False
high_noise,965,-1,0.70703125,False,False
high_noise,966,1,0.33984375,True,False
high_noise,967,1,0.578125,True,False
high_noise,968,1,0.4609375,True,False
high_noise,969,1,0.54296875,True,False
high_noise,970,1,0.21875,True,False
high_noise,971,-1,0.3515625,False,False
high_noise,972,1,0.16796875,True,False
high_noise,973,1,1.25390625,True,False
high_noise,974,1,0.5546875,True,False
high_noise,975,1,1.65625,True,False
high_noise,976,1,0.671875,True,False
high_noise,977,1,0.3828125,True,False
high_noise,978,-1,0.06640625,False,False
high_noise,979,-1,1.48828125,False,False
high_noise,980,1,0.10546875,True,False
high_noise,981,1,0.51953125,True,False
high_noise,982,1,1.01171875,True,False
high_noise,983,1,0.70703125,True,False
high_noise,984,1,0.78125,True,False
high_noise,985,1,0.53125,True,False
high_noise,986,1,1.37109375,True,False
high_noise,987,1,0.46484375,True,False
high_noise,988,1,0.41796875,True,False
high_noise,989,1,0.12109375,True,False
high_noise,990,1,0.84765625,True,False
high_noise,991,1,0.3359375,True,False
high_noise,992,1,1.1015625,True,False
high_noise,993,1,0.2890625,True,False
high_noise,994,1,0.11328125,True,False
high_noise,995,1,0.375,True,False
high_noise,996,1,0.546875,True,False
high_noise,997,1,0.12890625,True,False
high_noise,998,-1,1.4765625,False,False
high_noise,999,1,0.6875,True,False
high_noise,1000,-1,0.390625,False,False
high_noise,1001,1,0.69921875,True,False
high_noise,1002,-1,1.078125,False,False
high_noise,1003,1,0.5546875,True,False
high_noise,1004,1,1.33984375,True,False
high_noise,1005,1,0.609375,True,False
high_noise,1006,1,0.8359375,True,False
high_noise,1007,-1,0.62890625,False,False
high_noise,1008,1,0.61328125,True,False
high_noise,1009,1,0.26953125,True,False
high_noise,1010,-1,0.8125,False,False
high_noise,1011,1,0.1953125,True,False
high_noise,1012,1,0.44921875,True,False
high_noise,1013,1,0.140625,True,False
high_noise,1014,1,0.98046875,True,False
high_noise,1015,1,0.1875,True,False
high_noise,1016,1,0.609375,True,False
high_noise,1017,-1,1.296875,False,False
high_noise,1018,1,0.1640625,True,False
high_noise,1019,1,0.65625,True,False
high_noise,1020,1,0.515625,True,False
high_noise,1021,1,0.19140625,True,False
high_noise,1022,1,1.58984375,True,False
high_noise,1023,-1,0.1796875,False,False
high_noise,1024,-1,0.3515625,False,False
high_noise,1025,-1,0.46484375,False,False
high_noise,1026,1,0.77734375,True,False
high_noise,1027,-1,0.453125,False,False
high_noise,1028,-1,0.19140625,False,False
high_noise,1029,1,0.5,True,False
high_noise,1030,1,0.40234375,True,False
high_noise,1031,1,0.59765625,True,False
high_noise,1032,1,0.9609375,True,False
high_noise,1033,1,0.2265625,True,False
high_noise,1034,1,0.73828125,True,False
high_noise,1035,1,1.1171875,True,False
high_noise,1036,1,0.31640625,True,False
high_noise,1037,1,1.31640625,True,False
high_noise,1038,1,1.0625,True,False
high_noise,1039,1,0.26171875,True,False
high_noise,1040,1,0.71875,True,False
high_noise,1041,1,0.2109375,True,False
high_noise,1042,1,1.140625,True,False
high_noise,1043,1,0.30859375,True,False
high_noise,1044,-1,0.1640625,False,False
high_noise,1045,1,0.55078125,True,False
high_noise,1046,1,0.87109375,True,False
high_noise,1047,-1,0.82421875,False,False
high_noise,1048,1,0.2734375,True,False
high_noise,1049,1,0.19140625,True,False
high_noise,1050,1,0.609375,True,False
high_noise,1051,1,0.1796875,True,False
high_noise,1052,1,0.2890625,True,False
high_noise,1053,1,0.3359375,True,False
high_noise,1054,1,0.3515625,True,False
high_noise,1055,-1,1.23046875,False,False
high_noise,1056,1,0.9609375,True,False
high_noise,1057,-1,0.33984375,False,False
high_noise,1058,1,0.53125,True,False
high_noise,1059,1,0.19140625,True,False
high_noise,1060,1,0.984375,True,False
high_noise,1061,1,0.26953125,True,False
high_noise,1062,1,0.8359375,True,False
high_noise,1063,1,1.05078125,True,False
high_noise,1064,1,0.34765625,True,False
high_noise,1065,-1,0.31640625,False,False
high_noise,1066,1,0.40625,True,False
high_noise,1067,1,0.36328125,True,False
high_noise,1068,1,1.32421875,True,False
high_noise,1069,1,0.671875,True,False
high_noise,1070,1,0.3203125,True,False
high_noise,1071,1,0.16015625,True,False
high_noise,1072,-1,0.2578125,False,False
high_noise,1073,1,0.34765625,True,False
high_noise,1074,1,0.265625,True,False
high_noise,1075,1,0.18359375,True,False
high_noise,1076,1,0.37109375,True,False
high_noise,1077,1,0.58984375,True,False
high_noise,1078,1,0.76171875,True,False
high_noise,1079,-1,0.20703125,False,False
high_noise,1080,1,0.671875,True,False
high_noise,1081,1,0.58984375,True,False
high_noise,1082,1,0.7421875,True,False
high_noise,1083,1,0.62109375,True,False
high_noise,1084,1,0.06640625,True,False
high_noise,1085,1,0.484375,True,False
high_noise,1086,1,0.42578125,True,False
high_noise,1087,1,0.27734375,True,False
high_noise,1088,1,0.28515625,True,False
high_noise,1089,1,0.19921875,True,False
high_noise,1090,-1,0.76953125,False,False
high_noise,1091,1,0.5625,True,False
high_noise,1092,1,0.8828125,True,False
high_noise,1093,1,0.83984375,True,False
high_noise,1094,-1,0.203125,False,False
high_noise,1095,1,0.390625,True,False
high_noise,1096,-1,0.73828125,False,False
high_noise,1097,1,0.44140625,True,False
high_noise,1098,1,0.19921875,True,False
high_noise,1099,1,0.296875,True,False
high_noise,1100,1,0.25390625,True,False
high_noise,1101,1,0.609375,True,False
high_noise,1102,1,0.37109375,True,False
high_noise,1103,-1,0.09765625,False,False
high_noise,1104,-1,0.6171875,False,False
high_noise,1105,-1,0.19921875,False,False
high_noise,1106,-1,0.9609375,False,False
high_noise,1107,1,0.51171875,True,False
high_noise,1108,-1,0.29296875,False,False
high_noise,1109,1,0.6015625,True,False
high_noise,1110,-1,0.2890625,False,False
high_noise,1111,1,0.453125,True,False
high_noise,1112,1,0.45703125,True,False
high_noise,1113,-1,0.20703125,False,False
high_noise,1114,1,0.62890625,True,False
high_noise,1115,1,0.3828125,True,False
high_noise,1116,1,0.34765625,True,False
high_noise,1117,1,0.37890625,True,False
high_noise,1118,1,0.9765625,True,False
high_noise,1119,1,0.828125,True,False
high_noise,1120,1,0.59765625,True,False
high_noise,1121,1,1.1875,True,False
high_noise,1122,1,0.3203125,True,False
high_noise,1123,1,1.23046875,True,False
high_noise,1124,1,0.6953125,True,False
high_noise,1125,0,,False,True
high_noise,1126,1,1.078125,True,False
high_noise,1127,1,1.3046875,True,False
high_noise,1128,-1,0.375,False,False
high_noise,1129,1,0.30078125,True,False
high_noise,1130,1,0.43359375,True,False
high_noise,1131,1,0.4375,True,False
high_noise,1132,1,0.63671875,True,False
high_noise,1133,1,0.45703125,True,False
high_noise,1134,1,0.84765625,True,False
high_noise,1135,1,0.63671875,True,False
high_noise,1136,1,0.453125,True,False
high_noise,1137,1,0.5625,True,False
high_noise,1138,1,0.30859375,True,False
high_noise,1139,1,1.2421875,True,False
high_noise,1140,-1,1.76953125,False,False
high_noise,1141,1,1.375,True,False
high_noise,1142,-1,0.3359375,False,False
high_noise,1143,1,0.5703125,True,False
high_noise,1144,1,1.02734375,True,False
high_noise,1145,1,1.02734375,True,False
high_noise,1146,1,1.21484375,True,False
high_noise,1147,1,0.4375,True,False
high_noise,1148,1,0.15625,True,False
high_noise,1149,1,0.46484375,True,False
high_noise,1150,1,0.51171875,True,False
high_noise,1151,1,0.28125,True,False
high_noise,1152,-1,0.41015625,False,False
high_noise,1153,1,0.203125,True,False
high_noise,1154,1,0.75390625,True,False
high_noise,1155,1,0.5390625,True,False
high_noise,1156,1,0.2890625,True,False
high_noise,1157,-1,0.1015625,False,False
high_noise,1158,-1,0.54296875,False,False
high_noise,1159,1,0.7265625,True,False
high_noise,1160,1,0.30859375,True,False
high_noise,1161,1,0.296875,True,False
high_noise,1162,1,0.1328125,True,False
high_noise,1163,1,0.20703125,True,False
high_noise,1164,-1,0.29296875,False,False
high_noise,1165,1,0.77734375,True,False
high_noise,1166,1,0.1640625,True,False
high_noise,1167,1,1.06640625,True,False
high_noise,1168,1,0.4296875,True,False
high_noise,1169,1,0.04296875,True,False
high_noise,1170,1,0.3984375,True,False
high_noise,1171,1,0.69921875,True,False
high_noise,1172,1,0.35546875,True,False
high_noise,1173,1,0.1875,True,False
high_noise,1174,1,0.1875,True,False
high_noise,1175,1,0.89453125,True,False
high_noise,1176,-1,0.3125,False,False
high_noise,1177,1,0.29296875,True,False
high_noise,1178,-1,1.28125,False,False
high_noise,1179,-1,0.203125,False,False
high_noise,1180,1,0.828125,True,False
high_noise,1181,1,0.8359375,True,False
high_noise,1182,1,0.46875,True,False
high_noise,1183,-1,0.21875,False,False
high_noise,1184,1,0.14453125,True,False
high_noise,1185,-1,0.3046875,False,False
high_noise,1186,1,0.6015625,True,False
high_noise,1187,1,0.26171875,True,False
high_noise,1188,1,0.53125,True,False
high_noise,1189,1,0.15625,True,False
high_noise,1190,1,0.7890625,True,False
high_noise,1191,1,0.9765625,True,False
high_noise,1192,1,0.51953125,True,False
high_noise,1193,1,0.05859375,True,False
high_noise,1194,1,0.34765625,True,False
high_noise,1195,1,0.18359375,True,False
high_noise,1196,1,0.1796875,True,False
high_noise,1197,1,0.62109375,True,False
high_noise,1198,1,0.59375,True,False
high_noise,1199,1,0.24609375,True,False
high_noise,1200,1,0.43359375,True,False
high_noise,1201,1,0.25390625,True,False
high_noise,1202,-1,0.6875,False,False
high_noise,1203,1,0.2109375,True,False
high_noise,1204,1,0.51953125,True,False
high_noise,1205,1,0.08984375,True,False
high_noise,1206,1,0.34375,True,False
high_noise,1207,1,0.17578125,True,False
high_noise,1208,1,0.24609375,True,False
high_noise,1209,1,0.9296875,True,False
high_noise,1210,1,0.2421875,True,False
high_noise,1211,1,0.9765625,True,False
high_noise,1212,-1,0.65625,False,False
high_noise,1213,-1,0.6015625,False,False
high_noise,1214,1,0.92578125,True,False
high_noise,1215,-1,0.32421875,False,False
high_noise,1216,-1,0.76953125,False,False
high_noise,1217,1,0.4140625,True,False
high_noise,1218,1,1.2734375,True,False
high_noise,1219,1,0.45703125,True,False
high_noise,1220,1,0.2734375,True,False
high_noise,1221,-1,0.49609375,False,False
high_noise,1222,1,0.1796875,True,False
high_noise,1223,1,0.71484375,True,False
high_noise,1224,1,0.17578125,True,False
high_noise,1225,1,0.43359375,True,False
high_noise,1226,1,0.171875,True,False
high_noise,1227,-1,0.515625,False,False
high_noise,1228,-1,1.48828125,False,False
high_noise,1229,1,0.56640625,True,False
high_noise,1230,1,0.765625,True,False
high_noise,1231,-1,0.06640625,False,False
high_noise,1232,1,0.23828125,True,False
high_noise,1233,1,0.45703125,True,False
high_noise,1234,1,0.203125,True,False
high_noise,1235,-1,0.4765625,False,False
high_noise,1236,1,1.41796875,True,False
high_noise,1237,1,0.3671875,True,False
high_noise,1238,1,0.56640625,True,False
high_noise,1239,1,0.85546875,True,False
high_noise,1240,1,0.12109375,True,False
high_noise,1241,1,0.453125,True,False
high_noise,1242,1,0.42578125,True,False
high_noise,1243,1,0.25390625,True,False
high_noise,1244,-1,0.1328125,False,False
high_noise,1245,1,0.5078125,True,False
high_noise,1246,1,0.375,True,False
high_noise,1247,1,0.82421875,True,False
high_noise,1248,1,0.59765625,True,False
high_noise,1249,-1,0.6796875,False,False
high_noise,1250,1,0.58203125,True,False
high_noise,1251,1,0.23828125,True,False
high_noise,1252,1,0.33203125,True,False
high_noise,1253,-1,0.76953125,False,False
high_noise,1254,1,0.50390625,True,False
high_noise,1255,1,0.2109375,True,False
high_noise,1256,1,0.28125,True,False
high_noise,1257,1,0.35546875,True,False
high_noise,1258,1,1.28515625,True,False
high_noise,1259,1,0.23828125,True,False
high_noise,1260,-1,0.1953125,False,False
high_noise,1261,1,0.52734375,True,False
high_noise,1262,1,0.17578125,True,False
high_noise,1263,1,1.03515625,True,False
high_noise,1264,1,0.56640625,True,False
high_noise,1265,1,1.4765625,True,False
high_noise,1266,-1,0.84765625,False,False
high_noise,1267,1,0.125,True,False
high_noise,1268,-1,1.046875,False,False
high_noise,1269,1,0.19140625,True,False
high_noise,1270,1,1.0625,True,False
high_noise,1271,1,0.63671875,True,False
high_noise,1272,1,0.4765625,True,False
high_noise,1273,1,0.49609375,True,False
high_noise,1274,-1,0.2421875,False,False
high_noise,1275,1,0.05859375,True,False
high_noise,1276,1,0.29296875,True,False
high_noise,1277,-1,1.13671875,False,False
high_noise,1278,1,0.3359375,True,False
high_noise,1279,1,0.109375,True,False
high_noise,1280,1,0.26171875,True,False
high_noise,1281,1,0.51171875,True,False
high_noise,1282,1,0.2890625,True,False
high_noise,1283,-1,0.09375,False,False
high_noise,1284,1,0.84765625,True,False
high_noise,1285,1,1.4765625,True,False
high_noise,1286,1,0.7109375,True,False
high_noise,1287,1,0.28515625,True,False
high_noise,1288,-1,0.22265625,False,False
high_noise,1289,1,0.1953125,True,False
high_noise,1290,1,0.625,True,False
high_noise,1291,1,0.375,True,False
high_noise,1292,-1,0.2890625,False,False
high_noise,1293,1,0.71484375,True,False
high_noise,1294,1,0.97265625,True,False
high_noise,1295,1,0.1796875,True,False
high_noise,1296,1,0.45703125,True,False
high_noise,1297,-1,0.3828125,False,False
high_noise,1298,1,0.80859375,True,False
high_noise,1299,1,0.6484375,True,False
high_noise,1300,1,1.13671875,True,False
high_noise,1301,1,0.78515625,True,False
high_noise,1302,1,0.6015625,True,False
high_noise,1303,1,0.83203125,True,False
high_noise,1304,1,0.0859375,True,False
high_noise,1305,1,0.140625,True,False
high_noise,1306,1,0.3046875,True,False
high_noise,1307,1,0.66796875,True,False
high_noise,1308,-1,0.19921875,False,False
high_noise,1309,1,0.69921875,True,False
high_noise,1310,1,1.02734375,True,False
high_noise,1311,1,0.8046875,True,False
high_noise,1312,1,0.99609375,True,False
high_noise,1313,1,0.609375,True,False
high_noise,1314,-1,1.37890625,False,False
high_noise,1315,-1,0.1328125,False,False
high_noise,1316,1,0.48828125,True,False
high_noise,1317,1,0.703125,True,False
high_noise,1318,1,0.890625,True,False
high_noise,1319,1,0.3203125,True,False
high_noise,1320,-1,0.50390625,False,False
high_noise,1321,-1,0.1953125,False,False
high_noise,1322,1,0.8984375,True,False
high_noise,1323,1,0.61328125,True,False
high_noise,1324,1,0.2578125,True,False
high_noise,1325,-1,0.0546875,False,False
high_noise,1326,1,0.6875,True,False
high_noise,1327,1,0.25390625,True,False
high_noise,1328,1,0.5859375,True,False
high_noise,1329,1,0.64453125,True,False
high_noise,1330,1,0.40234375,True,False
high_noise,1331,1,1.03515625,True,False
high_noise,1332,1,1.47265625,True,False
high_noise,1333,-1,0.11328125,False,False
high_noise,1334,-1,0.19921875,False,False
high_noise,1335,1,0.21875,True,False
high_noise,1336,-1,0.1796875,False,False
high_noise,1337,1,0.2890625,True,False
high_noise,1338,1,0.5703125,True,False
high_noise,1339,1,0.2890625,True,False
high_noise,1340,1,0.0859375,True,False
high_noise,1341,1,0.46875,True,False
high_noise,1342,-1,0.34375,False,False
high_noise,1343,-1,0.171875,False,False
high_noise,1344,1,0.125,True,False
high_noise,1345,1,0.2890625,True,False
high_noise,1346,1,0.140625,True,False
high_noise,1347,1,1.3203125,True,False
high_noise,1348,1,1.015625,True,False
high_noise,1349,-1,0.24609375,False,False
high_noise,1350,1,0.27734375,True,False
high_noise,1351,1,0.80078125,True,False
high_noise,1352,1,0.234375,True,False
high_noise,1353,1,0.70703125,True,False
high_noise,1354,-1,1.1640625,False,False
high_noise,1355,1,1.35546875,True,False
high_noise,1356,1,0.921875,True,False
high_noise,1357,1,1.01953125,True,False
high_noise,1358,-1,0.6171875,False,False
high_noise,1359,1,0.62109375,True,False
high_noise,1360,1,0.4296875,True,False
high_noise,1361,-1,0.44140625,False,False
high_noise,1362,1,1.0625,True,False
high_noise,1363,1,0.33203125,True,False
high_noise,1364,-1,0.21875,False,False
high_noise,1365,-1,0.36328125,False,False
high_noise,1366,1,0.6171875,True,False
high_noise,1367,1,0.34375,True,False
high_noise,1368,-1,0.15234375,False,False
high_noise,1369,1,0.5703125,True,False
high_noise,1370,1,1.390625,True,False
high_noise,1371,1,0.296875,True,False
high_noise,1372,1,0.86328125,True,False
high_noise,1373,-1,0.09765625,False,False
high_noise,1374,1,0.5859375,True,False
high_noise,1375,0,,False,True
high_noise,1376,1,0.5,True,False
high_noise,1377,-1,0.66796875,False,False
high_noise,1378,1,0.39453125,True,False
high_noise,1379,-1,0.69140625,False,False
high_noise,1380,1,0.6875,True,False
high_noise,1381,1,0.63671875,True,False
high_noise,1382,1,0.26171875,True,False
high_noise,1383,1,0.67578125,True,False
high_noise,1384,1,0.42578125,True,False
high_noise,1385,1,0.3515625,True,False
high_noise,1386,1,1.22265625,True,False
high_noise,1387,-1,0.2578125,False,False
high_noise,1388,-1,0.20703125,False,False
high_noise,1389,1,1.16796875,True,False
high_noise,1390,1,0.44140625,True,False
high_noise,1391,1,0.15234375,True,False
high_noise,1392,1,0.34765625,True,False
high_noise,1393,1,0.88671875,True,False
high_noise,1394,1,0.25390625,True,False
high_noise,1395,-1,0.6171875,False,False
high_noise,1396,1,0.37109375,True,False
high_noise,1397,1,0.875,True,False
high_noise,1398,-1,1.95703125,False,False
high_noise,1399,1,0.15234375,True,False
high_noise,1400,1,0.4453125,True,False
high_noise,1401,1,0.140625,True,False
high_noise,1402,1,0.203125,True,False
high_noise,1403,1,0.515625,True,False
high_noise,1404,1,0.35546875,True,False
high_noise,1405,1,0.6796875,True,False
high_noise,1406,1,0.29296875,True,False
high_noise,1407,1,0.70703125,True,False
high_noise,1408,-1,0.140625,False,False
high_noise,1409,1,0.26953125,True,False
high_noise,1410,-1,0.29296875,False,False
high_noise,1411,1,0.4609375,True,False
high_noise,1412,1,0.1328125,True,False
high_noise,1413,1,0.57421875,True,False
high_noise,1414,1,0.39453125,True,False
high_noise,1415,1,0.8046875,True,False
high_noise,1416,1,1.01171875,True,False
high_noise,1417,-1,1.16015625,False,False
high_noise,1418,-1,0.94140625,False,False
high_noise,1419,1,0.55859375,True,False
high_noise,1420,1,0.1796875,True,False
high_noise,1421,1,1.14453125,True,False
high_noise,1422,1,0.9609375,True,False
high_noise,1423,1,0.53515625,True,False
high_noise,1424,1,1.39453125,True,False
high_noise,1425,1,0.796875,True,False
high_noise,1426,1,0.171875,True,False
high_noise,1427,1,1.04296875,True,False
high_noise,1428,-1,0.16015625,False,False
high_noise,1429,-1,0.21484375,False,False
high_noise,1430,-1,0.26171875,False,False
high_noise,1431,-1,0.29296875,False,False
high_noise,1432,-1,0.85546875,False,False
high_noise,1433,1,1.21875,True,False
high_noise,1434,1,0.109375,True,False
high_noise,1435,1,0.47265625,True,False
high_noise,1436,1,0.3984375,True,False
high_noise,1437,1,0.2734375,True,False
high_noise,1438,-1,0.53125,False,False
high_noise,1439,-1,0.1328125,False,False
high_noise,1440,1,0.2890625,True,False
high_noise,1441,-1,0.1640625,False,False
high_noise,1442,1,0.5234375,True,False
high_noise,1443,-1,0.20703125,False,False
high_noise,1444,1,0.6640625,True,False
high_noise,1445,1,0.98046875,True,False
high_noise,1446,1,0.62109375,True,False
high_noise,1447,-1,0.23046875,False,False
high_noise,1448,1,0.234375,True,False
high_noise,1449,1,0.64453125,True,False
high_noise,1450,1,0.7265625,True,False
high_noise,1451,-1,0.29296875,False,False
high_noise,1452,1,0.18359375,True,False
high_noise,1453,1,1.01171875,True,False
high_noise,1454,-1,0.5625,False,False
high_noise,1455,-1,0.23828125,False,False
high_noise,1456,-1,0.359375,False,False
high_noise,1457,1,1.1875,True,False
high_noise,1458,1,0.76171875,True,False
high_noise,1459,1,0.34765625,True,False
high_noise,1460,1,0.75390625,True,False
high_noise,1461,1,0.5390625,True,False
high_noise,1462,-1,0.21484375,False,False
high_noise,1463,1,0.19140625,True,False
high_noise,1464,-1,0.67578125,False,False
high_noise,1465,-1,0.42578125,False,False
high_noise,1466,1,1.1328125,True,False
high_noise,1467,1,0.88671875,True,False
high_noise,1468,1,0.51953125,True,False
high_noise,1469,-1,0.109375,False,False
high_noise,1470,1,0.3359375,True,False
high_noise,1471,1,0.25,True,False
high_noise,1472,1,0.734375,True,False
high_noise,1473,1,0.453125,True,False
high_noise,1474,1,0.58203125,True,False
high_noise,1475,1,0.29296875,True,False
high_noise,1476,-1,0.08984375,False,False
high_noise,1477,1,0.15625,True,False
high_noise,1478,1,0.390625,True,False
high_noise,1479,1,0.14453125,True,False
high_noise,1480,-1,0.609375,False,False
high_noise,1481,1,0.40234375,True,False
high_noise,1482,1,0.1484375,True,False
high_noise,1483,1,0.8984375,True,False
high_noise,1484,-1,0.11328125,False,False
high_noise,1485,-1,0.4921875,False,False
high_noise,1486,1,0.37109375,True,False
high_noise,1487,1,0.15625,True,False
high_noise,1488,1,0.125,True,False
high_noise,1489,1,0.85546875,True,False
high_noise,1490,1,0.86328125,True,False
high_noise,1491,-1,0.953125,False,False
high_noise,1492,-1,1.94921875,False,False
high_noise,1493,1,0.453125,True,False
high_noise,1494,0,,False,True
high_noise,1495,1,0.640625,True,False
high_noise,1496,1,0.921875,True,False
high_noise,1497,-1,0.25390625,False,False
high_noise,1498,1,0.578125,True,False
high_noise,1499,1,0.44921875,True,False
high_noise,1500,1,1.12890625,True,False
high_noise,1501,1,0.2734375,True,False
high_noise,1502,1,0.25,True,False
high_noise,1503,-1,0.1015625,False,False
high_noise,1504,1,0.33984375,True,False
high_noise,1505,-1,0.53125,False,False
high_noise,1506,1,0.33984375,True,False
high_noise,1507,1,0.5234375,True,False
high_noise,1508,1,0.234375,True,False
high_noise,1509,-1,0.265625,False,False
high_noise,1510,1,0.27734375,True,False
high_noise,1511,1,0.5859375,True,False
high_noise,1512,-1,0.3359375,False,False
high_noise,1513,1,0.40625,True,False
high_noise,1514,1,0.09375,True,False
high_noise,1515,1,0.37890625,True,False
high_noise,1516,1,0.44140625,True,False
high_noise,1517,1,0.1171875,True,False
high_noise,1518,1,0.46875,True,False
high_noise,1519,1,0.62109375,True,False
high_noise,1520,1,0.3046875,True,False
high_noise,1521,1,0.32421875,True,False
high_noise,1522,-1,0.35546875,False,False
high_noise,1523,-1,0.24609375,False,False
high_noise,1524,1,0.53125,True,False
high_noise,1525,1,0.5546875,True,False
high_noise,1526,1,0.53515625,True,False
high_noise,1527,-1,0.16796875,False,False
high_noise,1528,1,0.11328125,True,False
high_noise,1529,1,1.7734375,True,False
high_noise,1530,1,0.26171875,True,False
high_noise,1531,1,0.49609375,True,False
high_noise,1532,-1,0.4140625,False,False
high_noise,1533,1,0.3984375,True,False
high_noise,1534,1,1.140625,True,False
high_noise,1535,-1,0.20703125,False,False
high_noise,1536,1,0.62890625,True,False
high_noise,1537,1,0.70703125,True,False
high_noise,1538,1,1.02734375,True,False
high_noise,1539,1,0.39453125,True,False
high_noise,1540,1,0.49609375,True,False
high_noise,1541,-1,0.25390625,False,False
high_noise,1542,-1,0.41796875,False,False
high_noise,1543,1,0.53515625,True,False
high_noise,1544,1,0.55078125,True,False
high_noise,1545,1,0.57421875,True,False
high_noise,1546,1,0.30859375,True,False
high_noise,1547,1,0.859375,True,False
high_noise,1548,-1,0.51953125,False,False
high_noise,1549,1,1.28515625,True,False
high_noise,1550,1,0.51953125,True,False
high_noise,1551,1,0.4765625,True,False
high_noise,1552,1,0.796875,True,False
high_noise,1553,1,0.83984375,True,False
high_noise,1554,1,0.38671875,True,False
high_noise,1555,1,0.171875,True,False
high_noise,1556,1,0.20703125,True,False
high_noise,1557,1,1.17578125,True,False
high_noise,1558,-1,0.171875,False,False
high_noise,1559,1,0.6484375,True,False
high_noise,1560,-1,0.50390625,False,False
high_noise,1561,1,0.6171875,True,False
high_noise,1562,1,0.08984375,True,False
high_noise,1563,1,0.46484375,True,False
high_noise,1564,1,1.421875,True,False
high_noise,1565,-1,0.25390625,False,False
high_noise,1566,-1,0.234375,False,False
high_noise,1567,1,0.671875,True,False
high_noise,1568,-1,0.57421875,False,False
high_noise,1569,1,0.92578125,True,False
high_noise,1570,1,0.93359375,True,False
high_noise,1571,1,1.0078125,True,False
high_noise,1572,1,0.66015625,True,False
high_noise,1573,1,0.1484375,True,False
high_noise,1574,1,1.4921875,True,False
high_noise,1575,1,0.41015625,True,False
high_noise,1576,1,1.02734375,True,False
high_noise,1577,1,0.53515625,True,False
high_noise,1578,1,1.2421875,True,False
high_noise,1579,1,0.8984375,True,False
high_noise,1580,1,0.30859375,True,False
high_noise,1581,1,0.421875,True,False
high_noise,1582,1,0.484375,True,False
high_noise,1583,1,0.421875,True,False
high_noise,1584,1,0.1875,True,False
high_noise,1585,1,0.95703125,True,False
high_noise,1586,1,0.796875,True,False
high_noise,1587,1,0.6796875,True,False
high_noise,1588,1,0.58984375,True,False
high_noise,1589,1,0.2890625,True,False
high_noise,1590,-1,0.25390625,False,False
high_noise,1591,1,0.32421875,True,False
high_noise,1592,1,0.54296875,True,False
high_noise,1593,-1,0.28515625,False,False
high_noise,1594,1,0.65234375,True,False
high_noise,1595,1,0.453125,True,False
high_noise,1596,-1,1.078125,False,False
high_noise,1597,1,0.5859375,True,False
high_noise,1598,-1,0.23828125,False,False
high_noise,1599,-1,0.29296875,False,False
high_noise,1600,1,0.23046875,True,False
high_noise,1601,-1,0.125,False,False
high_noise,1602,-1,1.78125,False,False
high_noise,1603,1,0.4296875,True,False
high_noise,1604,1,0.5859375,True,False
high_noise,1605,1,0.29296875,True,False
high_noise,1606,-1,0.2578125,False,False
high_noise,1607,-1,0.2109375,False,False
high_noise,1608,1,0.33984375,True,False
high_noise,1609,1,0.48046875,True,False
high_noise,1610,-1,0.640625,False,False
high_noise,1611,1,0.359375,True,False
high_noise,1612,-1,0.23828125,False,False
high_noise,1613,1,0.79296875,True,False
high_noise,1614,1,0.3828125,True,False
high_noise,1615,1,1.24609375,True,False
high_noise,1616,-1,0.4140625,False,False
high_noise,1617,1,0.8828125,True,False
high_noise,1618,-1,0.26953125,False,False
high_noise,1619,1,0.328125,True,False
high_noise,1620,-1,0.65234375,False,False
high_noise,1621,-1,0.078125,False,False
high_noise,1622,1,0.26171875,True,False
high_noise,1623,1,0.2890625,True,False
high_noise,1624,1,0.93359375,True,False
high_noise,1625,-1,0.0625,False,False
high_noise,1626,0,,False,True
high_noise,1627,1,0.73828125,True,False
high_noise,1628,1,0.5234375,True,False
high_noise,1629,1,0.28515625,True,False
high_noise,1630,1,0.453125,True,False
high_noise,1631,1,1.67578125,True,False
high_noise,1632,1,1.65234375,True,False
high_noise,1633,1,0.23046875,True,False
high_noise,1634,1,0.6015625,True,False
high_noise,1635,-1,0.1875,False,False
high_noise,1636,1,0.18359375,True,False
high_noise,1637,1,0.1796875,True,False
high_noise,1638,1,0.48046875,True,False
high_noise,1639,1,0.90234375,True,False
high_noise,1640,1,0.32421875,True,False
high_noise,1641,1,0.58203125,True,False
high_noise,1642,-1,0.29296875,False,False
high_noise,1643,1,0.7421875,True,False
high_noise,1644,-1,0.23046875,False,False
high_noise,1645,1,0.25390625,True,False
high_noise,1646,-1,0.7890625,False,False
high_noise,1647,-1,0.3046875,False,False
high_noise,1648,1,0.421875,True,False
high_noise,1649,1,0.6484375,True,False
high_noise,1650,1,0.09375,True,False
high_noise,1651,1,0.2265625,True,False
high_noise,1652,1,0.34375,True,False
high_noise,1653,1,1.359375,True,False
high_noise,1654,1,0.28125,True,False
high_noise,1655,1,0.5234375,True,False
high_noise,1656,1,0.21484375,True,False
high_noise,1657,-1,1.1015625,False,False
high_noise,1658,1,0.4296875,True,False
high_noise,1659,1,0.2734375,True,False
high_noise,1660,-1,0.9453125,False,False
high_noise,1661,1,1.41015625,True,False
high_noise,1662,1,0.5546875,True,False
high_noise,1663,1,0.15625,True,False
high_noise,1664,1,0.56640625,True,False
high_noise,1665,1,0.375,True,False
high_noise,1666,1,0.39453125,True,False
high_noise,1667,1,0.43359375,True,False
high_noise,1668,1,0.4765625,True,False
high_noise,1669,1,0.671875,True,False
high_noise,1670,1,0.47265625,True,False
high_noise,1671,1,1.79296875,True,False
high_noise,1672,1,0.27734375,True,False
high_noise,1673,1,0.23828125,True,False
high_noise,1674,1,0.15625,True,False
high_noise,1675,1,0.546875,True,False
high_noise,1676,1,0.2890625,True,False
high_noise,1677,-1,0.484375,False,False
high_noise,1678,-1,0.5078125,False,False
high_noise,1679,1,0.28125,True,False
high_noise,1680,1,1.28125,True,False
high_noise,1681,1,0.34765625,True,False
high_noise,1682,1,0.30859375,True,False
high_noise,1683,1,0.64453125,True,False
high_noise,1684,-1,0.5625,False,False
high_noise,1685,1,0.359375,True,False
high_noise,1686,-1,0.26953125,False,False
high_noise,1687,1,1.3203125,True,False
high_noise,1688,1,0.375,True,False
high_noise,1689,1,0.171875,True,False
high_noise,1690,1,0.11328125,True,False
high_noise,1691,1,0.08984375,True,False
high_noise,1692,-1,0.4921875,False,False
high_noise,1693,-1,0.08203125,False,False
high_noise,1694,1,0.4140625,True,False
high_noise,1695,-1,0.40234375,False,False
high_noise,1696,-1,0.53515625,False,False
high_noise,1697,1,0.44921875,True,False
high_noise,1698,-1,0.25390625,False,False
high_noise,1699,1,0.25390625,True,False
high_noise,1700,1,0.31640625,True,False
high_noise,1701,-1,0.25390625,False,False
high_noise,1702,1,0.6796875,True,False
high_noise,1703,1,0.13671875,True,False
high_noise,1704,1,0.109375,True,False
high_noise,1705,1,1.37109375,True,False
high_noise,1706,1,0.23828125,True,False
high_noise,1707,1,0.4921875,True,False
high_noise,1708,1,0.4375,True,False
high_noise,1709,1,0.3125,True,False
high_noise,1710,-1,0.32421875,False,False
high_noise,1711,1,0.3828125,True,False
high_noise,1712,1,0.71484375,True,False
high_noise,1713,-1,0.1171875,False,False
high_noise,1714,-1,0.45703125,False,False
high_noise,1715,-1,0.18359375,False,False
high_noise,1716,1,0.37890625,True,False
high_noise,1717,1,0.40625,True,False
high_noise,1718,1,0.34375,True,False
high_noise,1719,1,0.68359375,True,False
high_noise,1720,-1,0.21484375,False,False
high_noise,1721,1,0.8203125,True,False
high_noise,1722,1,0.1328125,True,False
high_noise,1723,1,0.65625,True,False
high_noise,1724,-1,0.2734375,False,False
high_noise,1725,1,0.578125,True,False
high_noise,1726,1,0.17578125,True,False
high_noise,1727,1,0.07421875,True,False
high_noise,1728,1,0.4296875,True,False
high_noise,1729,1,0.80859375,True,False
high_noise,1730,1,0.79296875,True,False
high_noise,1731,1,0.6640625,True,False
high_noise,1732,1,1.390625,True,False
high_noise,1733,1,0.31640625,True,False
high_noise,1734,1,0.26953125,True,False
high_noise,1735,1,0.1796875,True,False
high_noise,1736,1,0.71484375,True,False
high_noise,1737,-1,0.1953125,False,False
high_noise,1738,1,0.10546875,True,False
high_noise,1739,1,1.34375,True,False
high_noise,1740,1,0.48828125,True,False
high_noise,1741,1,0.671875,True,False
high_noise,1742,1,0.32421875,True,False
high_noise,1743,1,0.34375,True,False
high_noise,1744,-1,0.22265625,False,False
high_noise,1745,1,0.23828125,True,False
high_noise,1746,-1,0.46484375,False,False
high_noise,1747,1,0.66015625,True,False
high_noise,1748,1,0.8828125,True,False
high_noise,1749,1,0.578125,True,False
high_noise,1750,1,1.1953125,True,False
high_noise,1751,-1,0.51171875,False,False
high_noise,1752,1,0.234375,True,False
high_noise,1753,1,0.8984375,True,False
high_noise,1754,1,1.734375,True,False
high_noise,1755,-1,0.98046875,False,False
high_noise,1756,1,0.37109375,True,False
high_noise,1757,1,0.5703125,True,False
high_noise,1758,1,0.53515625,True,False
high_noise,1759,-1,0.625,False,False
high_noise,1760,1,0.69140625,True,False
high_noise,1761,-1,0.5,False,False
high_noise,1762,1,0.35546875,True,False
high_noise,1763,-1,0.51953125,False,False
high_noise,1764,1,0.4765625,True,False
high_noise,1765,-1,0.16796875,False,False
high_noise,1766,1,0.71484375,True,False
high_noise,1767,1,0.61328125,True,False
high_noise,1768,1,0.3984375,True,False
high_noise,1769,1,1.40234375,True,False
high_noise,1770,1,0.734375,True,False
high_noise,1771,1,0.45703125,True,False
high_noise,1772,1,0.12890625,True,False
high_noise,1773,-1,0.2734375,False,False
high_noise,1774,1,0.140625,True,False
high_noise,1775,1,0.5625,True,False
high_noise,1776,1,0.17578125,True,False
high_noise,1777,-1,0.40625,False,False
high_noise,1778,1,0.9921875,True,False
high_noise,1779,1,1.2109375,True,False
high_noise,1780,1,0.2109375,True,False
high_noise,1781,1,0.76953125,True,False
high_noise,1782,-1,0.80859375,False,False
high_noise,1783,1,0.15234375,True,False
high_noise,1784,1,0.19921875,True,False
high_noise,1785,-1,0.66015625,False,False
high_noise,1786,1,0.33203125,True,False
high_noise,1787,1,0.2578125,True,False
high_noise,1788,1,0.38671875,True,False
high_noise,1789,1,0.546875,True,False
high_noise,1790,0,,False,True
high_noise,1791,1,0.36328125,True,False
high_noise,1792,1,0.5859375,True,False
high_noise,1793,1,0.7109375,True,False
high_noise,1794,1,0.50390625,True,False
high_noise,1795,1,0.375,True,False
high_noise,1796,1,0.83984375,True,False
high_noise,1797,1,0.59765625,True,False
high_noise,1798,1,0.7421875,True,False
high_noise,1799,0,,False,True
high_noise,1800,1,0.3359375,True,False
high_noise,1801,1,0.40234375,True,False
high_noise,1802,-1,0.515625,False,False
high_noise,1803,1,0.49609375,True,False
high_noise,1804,1,0.65234375,True,False
high_noise,1805,-1,0.0703125,False,False
high_noise,1806,1,0.45703125,True,False
high_noise,1807,1,0.4453125,True,False
high_noise,1808,1,0.33203125,True,False
high_noise,1809,1,0.3515625,True,False
high_noise,1810,-1,0.1328125,False,False
high_noise,1811,1,0.8984375,True,False
high_noise,1812,-1,0.203125,False,False
high_noise,1813,1,0.3671875,True,False
high_noise,1814,1,0.21484375,True,False
high_noise,1815,1,0.421875,True,False
high_noise,1816,-1,0.55859375,False,False
high_noise,1817,-1,0.1796875,False,False
high_noise,1818,1,0.625,True,False
high_noise,1819,1,1.17578125,True,False
high_noise,1820,1,0.37109375,True,False
high_noise,1821,-1,0.50390625,False,False
high_noise,1822,1,0.1875,True,False
high_noise,1823,1,0.2265625,True,False
high_noise,1824,1,1.10546875,True,False
high_noise,1825,1,1.21484375,True,False
high_noise,1826,-1,0.66015625,False,False
high_noise,1827,1,0.171875,True,False
high_noise,1828,1,0.63671875,True,False
high_noise,1829,1,0.6171875,True,False
high_noise,1830,0,,False,True
high_noise,1831,1,0.33984375,True,False
high_noise,1832,1,0.48046875,True,False
high_noise,1833,-1,0.6484375,False,False
high_noise,1834,1,0.953125,True,False
high_noise,1835,1,1.4609375,True,False
high_noise,1836,1,0.2578125,True,False
high_noise,1837,1,0.6640625,True,False
high_noise,1838,-1,0.16796875,False,False
high_noise,1839,1,0.71875,True,False
high_noise,1840,1,0.40234375,True,False
high_noise,1841,1,0.23828125,True,False
high_noise,1842,1,0.9921875,True,False
high_noise,1843,-1,0.50390625,False,False
high_noise,1844,1,0.48046875,True,False
high_noise,1845,1,0.3515625,True,False
high_noise,1846,1,0.765625,True,False
high_noise,1847,1,0.94140625,True,False
high_noise,1848,1,0.203125,True,False
high_noise,1849,1,0.3046875,True,False
high_noise,1850,1,1.69140625,True,False
high_noise,1851,1,0.26171875,True,False
high_noise,1852,1,0.52734375,True,False
high_noise,1853,-1,0.4140625,False,False
high_noise,1854,1,0.359375,True,False
high_noise,1855,1,0.28515625,True,False
high_noise,1856,1,0.20703125,True,False
high_noise,1857,1,0.45703125,True,False
high_noise,1858,-1,0.71484375,False,False
high_noise,1859,1,0.27734375,True,False
high_noise,1860,1,0.50390625,True,False
high_noise,1861,1,0.32421875,True,False
high_noise,1862,-1,0.296875,False,False
high_noise,1863,1,0.36328125,True,False
high_noise,1864,1,1.46484375,True,False
high_noise,1865,1,0.44140625,True,False
high_noise,1866,1,0.35546875,True,False
high_noise,1867,1,0.21875,True,False
high_noise,1868,-1,0.3671875,False,False
high_noise,1869,1,0.13671875,True,False
high_noise,1870,-1,0.76953125,False,False
high_noise,1871,1,1.09765625,True,False
high_noise,1872,1,0.49609375,True,False
high_noise,1873,-1,0.3125,False,False
high_noise,1874,1,0.1875,True,False
high_noise,1875,1,0.828125,True,False
high_noise,1876,1,0.62109375,True,False
high_noise,1877,1,0.56640625,True,False
high_noise,1878,1,0.41796875,True,False
high_noise,1879,1,0.7265625,True,False
high_noise,1880,1,0.2109375,True,False
high_noise,1881,-1,0.47265625,False,False
high_noise,1882,1,0.1015625,True,False
high_noise,1883,1,0.9453125,True,False
high_noise,1884,1,0.2421875,True,False
high_noise,1885,1,0.828125,True,False
high_noise,1886,1,0.48828125,True,False
high_noise,1887,1,1.11328125,True,False
high_noise,1888,1,0.296875,True,False
high_noise,1889,-1,0.7578125,False,False
high_noise,1890,1,0.77734375,True,False
high_noise,1891,1,1.015625,True,False
high_noise,1892,-1,0.28125,False,False
high_noise,1893,1,0.90234375,True,False
high_noise,1894,1,0.64453125,True,False
high_noise,1895,1,0.16015625,True,False
high_noise,1896,1,0.19921875,True,False
high_noise,1897,0,,False,True
high_noise,1898,-1,0.1328125,False,False
high_noise,1899,1,0.625,True,False
high_noise,1900,1,1.06640625,True,False
high_noise,1901,1,1.58984375,True,False
high_noise,1902,-1,0.06640625,False,False
high_noise,1903,1,0.69140625,True,False
high_noise,1904,-1,0.84765625,False,False
high_noise,1905,1,0.2421875,True,False
high_noise,1906,-1,0.1640625,False,False
high_noise,1907,1,0.93359375,True,False
high_noise,1908,1,0.3984375,True,False
high_noise,1909,-1,0.45703125,False,False
high_noise,1910,1,0.171875,True,False
high_noise,1911,1,0.8203125,True,False
high_noise,1912,1,0.08203125,True,False
high_noise,1913,1,0.47265625,True,False
high_noise,1914,1,0.23046875,True,False
high_noise,1915,1,0.6640625,True,False
high_noise,1916,1,0.08984375,True,False
high_noise,1917,1,0.46484375,True,False
high_noise,1918,-1,0.3828125,False,False
high_noise,1919,1,0.50390625,True,False
high_noise,1920,-1,0.609375,False,False
high_noise,1921,-1,0.44921875,False,False
high_noise,1922,-1,0.21484375,False,False
high_noise,1923,1,0.328125,True,False
high_noise,1924,1,0.3828125,True,False
high_noise,1925,1,0.8515625,True,False
high_noise,1926,-1,0.2578125,False,False
high_noise,1927,1,0.49609375,True,False
high_noise,1928,1,0.80078125,True,False
high_noise,1929,1,1.3984375,True,False
high_noise,1930,1,0.45703125,True,False
high_noise,1931,1,0.19921875,True,False
high_noise,1932,1,0.359375,True,False
high_noise,1933,1,0.4296875,True,False
high_noise,1934,-1,0.703125,False,False
high_noise,1935,1,0.19921875,True,False
high_noise,1936,1,0.18359375,True,False
high_noise,1937,1,0.47265625,True,False
high_noise,1938,1,0.21875,True,False
high_noise,1939,-1,0.109375,False,False
high_noise,1940,1,0.37890625,True,False
high_noise,1941,1,0.93359375,True,False
high_noise,1942,1,0.375,True,False
high_noise,1943,1,0.828125,True,False
high_noise,1944,1,0.6953125,True,False
high_noise,1945,1,0.625,True,False
high_noise,1946,1,0.26171875,True,False
high_noise,1947,-1,0.5078125,False,False
high_noise,1948,1,0.3984375,True,False
high_noise,1949,1,0.4453125,True,False
high_noise,1950,1,0.3046875,True,False
high_noise,1951,-1,0.078125,False,False
high_noise,1952,1,0.49609375,True,False
high_noise,1953,1,0.6875,True,False
high_noise,1954,-1,0.15625,False,False
high_noise,1955,-1,0.07421875,False,False
high_noise,1956,1,0.62890625,True,False
high_noise,1957,0,,False,True
high_noise,1958,-1,0.15625,False,False
high_noise,1959,1,0.36328125,True,False
high_noise,1960,1,0.69140625,True,False
high_noise,1961,1,0.625,True,False
high_noise,1962,-1,0.48828125,False,False
high_noise,1963,1,1.12109375,True,False
high_noise,1964,1,0.0625,True,False
high_noise,1965,1,0.12109375,True,False
high_noise,1966,1,0.265625,True,False
high_noise,1967,1,0.61328125,True,False
high_noise,1968,1,0.140625,True,False
high_noise,1969,1,1.11328125,True,False
high_noise,1970,1,0.25,True,False
high_noise,1971,1,0.44140625,True,False
high_noise,1972,1,0.3046875,True,False
high_noise,1973,1,0.50390625,True,False
high_noise,1974,1,0.265625,True,False
high_noise,1975,0,,False,True
high_noise,1976,1,1.25,True,False
high_noise,1977,1,0.40625,True,False
high_noise,1978,1,0.52734375,True,False
high_noise,1979,-1,0.0859375,False,False
high_noise,1980,1,0.41796875,True,False
high_noise,1981,1,0.2578125,True,False
high_noise,1982,-1,0.41015625,False,False
high_noise,1983,1,0.40625,True,False
high_noise,1984,1,1.21484375,True,False
high_noise,1985,1,0.23828125,True,False
high_noise,1986,1,0.328125,True,False
high_noise,1987,-1,0.359375,False,False
high_noise,1988,1,0.39453125,True,False
high_noise,1989,1,0.734375,True,False
high_noise,1990,1,0.52734375,True,False
high_noise,1991,1,0.41796875,True,False
high_noise,1992,1,0.8125,True,False
high_noise,1993,1,0.91796875,True,False
high_noise,1994,-1,0.5546875,False,False
high_noise,1995,1,0.51171875,True,False
high_noise,1996,1,0.16796875,True,False
high_noise,1997,1,0.21484375,True,False
high_noise,1998,1,0.8671875,True,False
high_noise,1999,1,0.41015625,True,False
high_noise,2000,1,1.0703125,True,False
high_noise,2001,-1,0.359375,False,False
high_noise,2002,-1,0.390625,False,False
high_noise,2003,-1,0.55078125,False,False
high_noise,2004,1,0.25,True,False
high_noise,2005,1,1.3515625,True,False
high_noise,2006,-1,0.33984375,False,False
high_noise,2007,1,0.82421875,True,False
high_noise,2008,1,0.62890625,True,False
high_noise,2009,1,0.37109375,True,False
high_noise,2010,1,0.73828125,True,False
high_noise,2011,1,1.15234375,True,False
high_noise,2012,1,0.44921875,True,False
high_noise,2013,1,0.17578125,True,False
high_noise,2014,1,0.65234375,True,False
high_noise,2015,1,0.90234375,True,False
high_noise,2016,-1,0.484375,False,False
high_noise,2017,1,0.1640625,True,False
high_noise,2018,1,0.58984375,True,False
high_noise,2019,1,0.5625,True,False
high_noise,2020,1,0.23828125,True,False
high_noise,2021,1,0.66015625,True,False
high_noise,2022,1,0.51171875,True,False
high_noise,2023,-1,0.27734375,False,False
high_noise,2024,1,1.3203125,True,False
high_noise,2025,1,0.71875,True,False
high_noise,2026,1,0.39453125,True,False
high_noise,2027,1,1.22265625,True,False
high_noise,2028,1,0.13671875,True,False
high_noise,2029,1,0.2109375,True,False
high_noise,2030,1,0.3984375,True,False
high_noise,2031,1,0.46875,True,False
high_noise,2032,1,0.21875,True,False
high_noise,2033,1,0.3671875,True,False
high_noise,2034,1,0.60546875,True,False
high_noise,2035,-1,0.65625,False,False
high_noise,2036,-1,0.30078125,False,False
high_noise,2037,1,0.828125,True,False
high_noise,2038,1,0.921875,True,False
high_noise,2039,1,0.30078125,True,False
high_noise,2040,1,0.5078125,True,False
high_noise,2041,-1,0.16015625,False,False
high_noise,2042,1,0.78515625,True,False
high_noise,2043,1,1.54296875,True,False
high_noise,2044,1,1.484375,True,False
high_noise,2045,1,0.76953125,True,False
high_noise,2046,1,0.19140625,True,False
high_noise,2047,1,0.68359375,True,False
high_noise,2048,1,0.06640625,True,False
high_noise,2049,1,0.8359375,True,False
high_noise,2050,1,0.53515625,True,False
high_noise,2051,1,0.37109375,True,False
high_noise,2052,1,0.10546875,True,False
high_noise,2053,1,0.9375,True,False
high_noise,2054,-1,0.16796875,False,False
high_noise,2055,1,0.7109375,True,False
high_noise,2056,1,0.40625,True,False
high_noise,2057,-1,0.88671875,False,False
high_noise,2058,1,1.2734375,True,False
high_noise,2059,1,0.19921875,True,False
high_noise,2060,-1,0.23828125,False,False
high_noise,2061,1,0.21484375,True,False
high_noise,2062,1,0.1640625,True,False
high_noise,2063,1,0.58984375,True,False
high_noise,2064,-1,1.9296875,False,False
high_noise,2065,1,0.1640625,True,False
high_noise,2066,-1,0.14453125,False,False
high_noise,2067,1,1.0859375,True,False
high_noise,2068,1,0.15234375,True,False
high_noise,2069,1,0.375,True,False
high_noise,2070,1,0.4765625,True,False
high_noise,2071,-1,0.140625,False,False
high_noise,2072,1,0.28125,True,False
high_noise,2073,1,0.55859375,True,False
high_noise,2074,1,0.3359375,True,False
high_noise,2075,1,0.390625,True,False
high_noise,2076,1,0.375,True,False
high_noise,2077,1,0.91796875,True,False
high_noise,2078,1,0.2734375,True,False
high_noise,2079,-1,0.13671875,False,False
high_noise,2080,1,0.08984375,True,False
high_noise,2081,-1,0.703125,False,False
high_noise,2082,1,1.2890625,True,False
high_noise,2083,-1,0.09375,False,False
high_noise,2084,1,0.5078125,True,False
high_noise,2085,1,0.44921875,True,False
high_noise,2086,1,0.9921875,True,False
high_noise,2087,-1,0.42578125,False,False
high_noise,2088,1,1.69921875,True,False
high_noise,2089,1,0.76171875,True,False
high_noise,2090,1,0.32421875,True,False
high_noise,2091,1,0.3203125,True,False
high_noise,2092,1,0.29296875,True,False
high_noise,2093,-1,0.15625,False,False
high_noise,2094,1,0.71484375,True,False
high_noise,2095,1,0.5,True,False
high_noise,2096,0,,False,True
high_noise,2097,-1,0.4765625,False,False
high_noise,2098,1,0.1875,True,False
high_noise,2099,1,0.2578125,True,False
high_noise,2100,1,0.46875,True,False
high_noise,2101,1,0.37890625,True,False
high_noise,2102,1,0.359375,True,False
high_noise,2103,1,0.3515625,True,False
high_noise,2104,1,0.3203125,True,False
high_noise,2105,-1,0.59765625,False,False
high_noise,2106,1,0.2734375,True,False
high_noise,2107,-1,0.1796875,False,False
high_noise,2108,1,0.1015625,True,False
high_noise,2109,1,1.0625,True,False
high_noise,2110,1,0.18359375,True,False
high_noise,2111,1,1.453125,True,False
high_noise,2112,1,0.14453125,True,False
high_noise,2113,1,0.7890625,True,False
high_noise,2114,1,0.109375,True,False
high_noise,2115,1,0.37890625,True,False
high_noise,2116,1,0.24609375,True,False
high_noise,2117,-1,0.56640625,False,False
high_noise,2118,1,0.49609375,True,False
high_noise,2119,0,,False,True
high_noise,2120,1,0.83984375,True,False
high_noise,2121,1,0.4609375,True,False
high_noise,2122,-1,0.66796875,False,False
high_noise,2123,-1,0.1796875,False,False
high_noise,2124,1,0.75,True,False
high_noise,2125,1,0.86328125,True,False
high_noise,2126,1,0.88671875,True,False
high_noise,2127,1,0.5390625,True,False
high_noise,2128,-1,0.23046875,False,False
high_noise,2129,-1,0.28515625,False,False
high_noise,2130,1,0.91796875,True,False
high_noise,2131,1,1.015625,True,False
high_noise,2132,1,0.46875,True,False
high_noise,2133,1,0.27734375,True,False
high_noise,2134,1,0.58203125,True,False
high_noise,2135,1,1.578125,True,False
high_noise,2136,1,1.12890625,True,False
high_noise,2137,1,0.4765625,True,False
high_noise,2138,1,0.55859375,True,False
high_noise,2139,1,0.3046875,True,False
high_noise,2140,1,0.5546875,True,False
high_noise,2141,1,0.390625,True,False
high_noise,2142,1,0.35546875,True,False
high_noise,2143,1,1.19921875,True,False
high_noise,2144,1,0.515625,True,False
high_noise,2145,1,0.5625,True,False
high_noise,2146,1,0.390625,True,False
high_noise,2147,1,0.93359375,True,False
high_noise,2148,1,0.2734375,True,False
high_noise,2149,1,0.640625,True,False
high_noise,2150,1,0.51171875,True,False
high_noise,2151,1,1.0234375,True,False
high_noise,2152,1,0.61328125,True,False
high_noise,2153,-1,0.16796875,False,False
high_noise,2154,-1,0.33984375,False,False
high_noise,2155,1,1.95703125,True,False
high_noise,2156,1,0.27734375,True,False
high_noise,2157,1,0.5625,True,False
high_noise,2158,1,0.375,True,False
high_noise,2159,1,0.8359375,True,False
high_noise,2160,1,0.27734375,True,False
high_noise,2161,-1,0.38671875,False,False
high_noise,2162,1,0.8984375,True,False
high_noise,2163,1,0.33203125,True,False
high_noise,2164,1,1.0625,True,False
high_noise,2165,1,0.6015625,True,False
high_noise,2166,-1,0.3984375,False,False
high_noise,2167,1,0.22265625,True,False
high_noise,2168,1,0.5,True,False
high_noise,2169,1,1.390625,True,False
high_noise,2170,1,1.15625,True,False
high_noise,2171,-1,0.3046875,False,False
high_noise,2172,1,1.12109375,True,False
high_noise,2173,-1,0.375,False,False
high_noise,2174,1,0.1796875,True,False
high_noise,2175,1,0.87109375,True,False
high_noise,2176,1,0.33203125,True,False
high_noise,2177,-1,0.4375,False,False
high_noise,2178,1,0.87109375,True,False
high_noise,2179,-1,0.28125,False,False
high_noise,2180,1,0.23046875,True,False
high_noise,2181,1,1.33984375,True,False
high_noise,2182,1,0.375,True,False
high_noise,2183,1,0.13671875,True,False
high_noise,2184,1,0.53125,True,False
high_noise,2185,1,0.79296875,True,False
high_noise,2186,1,0.8125,True,False
high_noise,2187,1,1.48046875,True,False
high_noise,2188,1,0.65625,True,False
high_noise,2189,1,0.3046875,True,False
high_noise,2190,-1,0.33984375,False,False
high_noise,2191,1,0.31640625,True,False
high_noise,2192,-1,0.85546875,False,False
high_noise,2193,1,0.49609375,True,False
high_noise,2194,1,0.5859375,True,False
high_noise,2195,1,0.1484375,True,False
high_noise,2196,1,0.43359375,True,False
high_noise,2197,1,0.95703125,True,False
high_noise,2198,1,0.1484375,True,False
high_noise,2199,1,0.54296875,True,False
high_noise,2200,1,0.31640625,True,False
high_noise,2201,1,0.60546875,True,False
high_noise,2202,1,0.296875,True,False
high_noise,2203,1,0.46484375,True,False
high_noise,2204,1,0.30078125,True,False
high_noise,2205,1,1.38671875,True,False
high_noise,2206,1,0.48046875,True,False
high_noise,2207,1,0.50390625,True,False
high_noise,2208,-1,0.0859375,False,False
high_noise,2209,-1,0.16015625,False,False
high_noise,2210,1,1.45703125,True,False
high_noise,2211,1,0.62890625,True,False
high_noise,2212,1,1.23828125,True,False
high_noise,2213,-1,0.69140625,False,False
high_noise,2214,1,0.2109375,True,False
high_noise,2215,1,0.59375,True,False
high_noise,2216,1,0.171875,True,False
high_noise,2217,1,0.25,True,False
high_noise,2218,1,0.140625,True,False
high_noise,2219,1,0.546875,True,False
high_noise,2220,1,0.7421875,True,False
high_noise,2221,1,0.30859375,True,False
high_noise,2222,-1,0.1796875,False,False
high_noise,2223,-1,0.4296875,False,False
high_noise,2224,1,0.859375,True,False
high_noise,2225,1,0.3125,True,False
high_noise,2226,-1,0.64453125,False,False
high_noise,2227,1,0.48046875,True,False
high_noise,2228,1,0.56640625,True,False
high_noise,2229,1,0.07421875,True,False
high_noise,2230,-1,0.55859375,False,False
high_noise,2231,1,0.73828125,True,False
high_noise,2232,-1,0.6484375,False,False
high_noise,2233,1,0.28515625,True,False
high_noise,2234,1,1.1953125,True,False
high_noise,2235,1,0.7890625,True,False
high_noise,2236,-1,1.2421875,False,False
high_noise,2237,-1,0.08203125,False,False
high_noise,2238,1,0.20703125,True,False
high_noise,2239,1,0.67578125,True,False
high_noise,2240,1,0.75390625,True,False
high_noise,2241,1,0.2109375,True,False
high_noise,2242,-1,0.32421875,False,False
high_noise,2243,1,0.22265625,True,False
high_noise,2244,1,0.25,True,False
high_noise,2245,1,0.7265625,True,False
high_noise,2246,1,0.578125,True,False
high_noise,2247,1,0.2734375,True,False
high_noise,2248,1,0.15234375,True,False
high_noise,2249,-1,0.32421875,False,False
high_noise,2250,1,0.359375,True,False
high_noise,2251,1,0.203125,True,False
high_noise,2252,-1,1.359375,False,False
high_noise,2253,1,0.31640625,True,False
high_noise,2254,-1,0.40625,False,False
high_noise,2255,1,0.14453125,True,False
high_noise,2256,-1,0.3515625,False,False
high_noise,2257,1,0.6640625,True,False
high_noise,2258,1,0.9296875,True,False
high_noise,2259,1,0.578125,True,False
high_noise,2260,-1,0.16015625,False,False
high_noise,2261,1,0.61328125,True,False
high_noise,2262,1,0.7265625,True,False
high_noise,2263,1,0.2421875,True,False
high_noise,2264,1,0.578125,True,False
high_noise,2265,1,0.1328125,True,False
high_noise,2266,1,0.625,True,False
high_noise,2267,-1,0.3828125,False,False
high_noise,2268,-1,0.81640625,False,False
high_noise,2269,-1,0.87109375,False,False
high_noise,2270,1,0.94140625,True,False
high_noise,2271,1,0.53515625,True,False
high_noise,2272,-1,0.76953125,False,False
high_noise,2273,1,0.83984375,True,False
high_noise,2274,1,0.21875,True,False
high_noise,2275,1,0.45703125,True,False
high_noise,2276,1,0.34375,True,False
high_noise,2277,1,0.25,True,False
high_noise,2278,1,0.34375,True,False
high_noise,2279,-1,0.1953125,False,False
high_noise,2280,-1,0.24609375,False,False
high_noise,2281,1,0.44140625,True,False
high_noise,2282,1,0.65234375,True,False
high_noise,2283,1,1.16796875,True,False
high_noise,2284,1,0.734375,True,False
high_noise,2285,1,0.22265625,True,False
high_noise,2286,1,0.38671875,True,False
high_noise,2287,-1,0.19921875,False,False
high_noise,2288,1,0.46484375,True,False
high_noise,2289,1,0.5,True,False
high_noise,2290,1,0.83984375,True,False
high_noise,2291,1,0.82421875,True,False
high_noise,2292,1,0.64453125,True,False
high_noise,2293,1,1.36328125,True,False
high_noise,2294,1,0.46484375,True,False
high_noise,2295,1,0.609375,True,False
high_noise,2296,-1,0.32421875,False,False
high_noise,2297,1,1.0234375,True,False
high_noise,2298,-1,0.6953125,False,False
high_noise,2299,1,0.171875,True,False
high_noise,2300,-1,0.52734375,False,False
high_noise,2301,1,1.34375,True,False
high_noise,2302,-1,1.00390625,False,False
high_noise,2303,1,1.76953125,True,False
high_noise,2304,1,0.12109375,True,False
high_noise,2305,1,0.515625,True,False
high_noise,2306,-1,0.171875,False,False
high_noise,2307,1,0.140625,True,False
high_noise,2308,1,0.3125,True,False
high_noise,2309,1,0.44140625,True,False
high_noise,2310,1,0.60546875,True,False
high_noise,2311,1,1.05859375,True,False
high_noise,2312,-1,0.1640625,False,False
high_noise,2313,1,0.2421875,True,False
high_noise,2314,1,0.7890625,True,False
high_noise,2315,1,0.79296875,True,False
high_noise,2316,1,0.51953125,True,False
high_noise,2317,-1,0.1640625,False,False
high_noise,2318,-1,0.07421875,False,False
high_noise,2319,-1,0.22265625,False,False
high_noise,2320,1,0.66015625,True,False
high_noise,2321,1,1.390625,True,False
high_noise,2322,1,0.80859375,True,False
high_noise,2323,1,0.16015625,True,False
high_noise,2324,1,0.1796875,True,False
high_noise,2325,1,0.48046875,True,False
high_noise,2326,1,0.26953125,True,False
high_noise,2327,1,0.1484375,True,False
high_noise,2328,-1,0.078125,False,False
high_noise,2329,1,0.41796875,True,False
high_noise,2330,1,0.4296875,True,False
high_noise,2331,1,0.82421875,True,False
high_noise,2332,1,0.640625,True,False
high_noise,2333,1,0.40234375,True,False
high_noise,2334,-1,0.08984375,False,False
high_noise,2335,1,0.41015625,True,False
high_noise,2336,1,0.23828125,True,False
high_noise,2337,1,1.38671875,True,False
high_noise,2338,1,0.1171875,True,False
high_noise,2339,-1,0.390625,False,False
high_noise,2340,1,0.29296875,True,False
high_noise,2341,1,0.68359375,True,False
high_noise,2342,1,0.984375,True,False
high_noise,2343,1,0.07421875,True,False
high_noise,2344,1,1.1953125,True,False
high_noise,2345,1,0.13671875,True,False
high_noise,2346,1,1.1015625,True,False
high_noise,2347,1,0.4765625,True,False
high_noise,2348,1,0.24609375,True,False
high_noise,2349,1,0.04296875,True,False
high_noise,2350,1,0.20703125,True,False
high_noise,2351,1,0.546875,True,False
high_noise,2352,-1,0.33984375,False,False
high_noise,2353,1,0.625,True,False
high_noise,2354,1,1.4296875,True,False
high_noise,2355,1,0.08984375,True,False
high_noise,2356,-1,0.25390625,False,False
high_noise,2357,-1,0.59375,False,False
high_noise,2358,-1,0.44921875,False,False
high_noise,2359,-1,0.29296875,False,False
high_noise,2360,1,0.26171875,True,False
high_noise,2361,1,0.375,True,False
high_noise,2362,1,0.4453125,True,False
high_noise,2363,1,0.3125,True,False
high_noise,2364,1,0.8984375,True,False
high_noise,2365,1,0.5546875,True,False
high_noise,2366,1,0.890625,True,False
high_noise,2367,1,0.10546875,True,False
high_noise,2368,-1,0.65625,False,False
high_noise,2369,1,1.45703125,True,False
high_noise,2370,1,0.08984375,True,False
high_noise,2371,1,0.28515625,True,False
high_noise,2372,1,0.47265625,True,False
high_noise,2373,-1,0.27734375,False,False
high_noise,2374,-1,0.40625,False,False
high_noise,2375,1,0.59765625,True,False
high_noise,2376,1,0.6796875,True,False
high_noise,2377,0,,False,True
high_noise,2378,1,0.546875,True,False
high_noise,2379,1,0.3515625,True,False
high_noise,2380,1,1.10546875,True,False
high_noise,2381,1,0.53125,True,False
high_noise,2382,1,0.3984375,True,False
high_noise,2383,1,0.1875,True,False
high_noise,2384,-1,0.1171875,False,False
high_noise,2385,1,0.73046875,True,False
high_noise,2386,1,0.30859375,True,False
high_noise,2387,1,0.5390625,True,False
high_noise,2388,1,0.375,True,False
high_noise,2389,-1,0.2265625,False,False
high_noise,2390,1,1.48046875,True,False
high_noise,2391,-1,0.57421875,False,False
high_noise,2392,1,0.99609375,True,False
high_noise,2393,1,1.44921875,True,False
high_noise,2394,-1,0.2421875,False,False
high_noise,2395,1,0.41015625,True,False
high_noise,2396,1,0.41796875,True,False
high_noise,2397,-1,0.2734375,False,False
high_noise,2398,-1,0.6875,False,False
high_noise,2399,1,0.2109375,True,False
high_noise,2400,1,0.84765625,True,False
high_noise,2401,-1,0.14453125,False,False
high_noise,2402,1,0.71875,True,False
high_noise,2403,-1,0.65234375,False,False
high_noise,2404,1,0.31640625,True,False
high_noise,2405,1,0.1171875,True,False
high_noise,2406,1,0.17578125,True,False
high_noise,2407,1,0.796875,True,False
high_noise,2408,1,0.47265625,True,False
high_noise,2409,1,0.171875,True,False
high_noise,2410,1,0.2109375,True,False
high_noise,2411,1,1.0625,True,False
high_noise,2412,1,0.1953125,True,False
high_noise,2413,-1,0.21484375,False,False
high_noise,2414,1,0.5859375,True,False
high_noise,2415,1,0.5390625,True,False
high_noise,2416,1,0.29296875,True,False
high_noise,2417,1,1.2578125,True,False
high_noise,2418,1,1.28515625,True,False
high_noise,2419,1,0.23828125,True,False
high_noise,2420,-1,0.3125,False,False
high_noise,2421,1,0.74609375,True,False
high_noise,2422,-1,0.546875,False,False
high_noise,2423,1,0.25,True,False
high_noise,2424,1,1.140625,True,False
high_noise,2425,1,0.59765625,True,False
high_noise,2426,-1,0.37890625,False,False
high_noise,2427,-1,0.1875,False,False
high_noise,2428,1,0.6953125,True,False
high_noise,2429,-1,0.59375,False,False
high_noise,2430,1,0.95703125,True,False
high_noise,2431,1,1.39453125,True,False
high_noise,2432,1,0.53515625,True,False
high_noise,2433,1,0.44140625,True,False
high_noise,2434,1,0.796875,True,False
high_noise,2435,1,0.61328125,True,False
high_noise,2436,1,0.47265625,True,False
high_noise,2437,1,0.46875,True,False
high_noise,2438,1,0.4375,True,False
high_noise,2439,1,0.4921875,True,False
high_noise,2440,1,0.5,True,False
high_noise,2441,1,1.671875,True,False
high_noise,2442,1,0.69921875,True,False
high_noise,2443,1,0.15625,True,False
high_noise,2444,-1,0.4140625,False,False
high_noise,2445,1,0.1171875,True,False
high_noise,2446,1,1.3125,True,False
high_noise,2447,1,0.29296875,True,False
high_noise,2448,1,0.390625,True,False
high_noise,2449,1,0.0703125,True,False
high_noise,2450,-1,0.203125,False,False
high_noise,2451,1,0.28515625,True,False
high_noise,2452,1,0.25,True,False
high_noise,2453,1,0.33203125,True,False
high_noise,2454,1,1.56640625,True,False
high_noise,2455,1,0.55078125,True,False
high_noise,2456,1,0.3359375,True,False
high_noise,2457,-1,0.26953125,False,False
high_noise,2458,1,0.16015625,True,False
high_noise,2459,-1,0.65625,False,False
high_noise,2460,1,0.87109375,True,False
high_noise,2461,1,0.75,True,False
high_noise,2462,-1,0.1484375,False,False
high_noise,2463,1,1.1875,True,False
high_noise,2464,1,1.03515625,True,False
high_noise,2465,1,0.34765625,True,False
high_noise,2466,-1,0.484375,False,False
high_noise,2467,1,0.41015625,True,False
high_noise,2468,-1,0.23828125,False,False
high_noise,2469,1,0.48828125,True,False
high_noise,2470,1,0.41015625,True,False
high_noise,2471,-1,0.46875,False,False
high_noise,2472,1,0.49609375,True,False
high_noise,2473,1,0.07421875,True,False
high_noise,2474,1,0.515625,True,False
high_noise,2475,1,0.4921875,True,False
high_noise,2476,1,0.33984375,True,False
high_noise,2477,1,0.92578125,True,False
high_noise,2478,1,1.92578125,True,False
high_noise,2479,1,1.5859375,True,False
high_noise,2480,1,0.3515625,True,False
high_noise,2481,1,0.515625,True,False
high_noise,2482,1,0.61328125,True,False
high_noise,2483,1,1.63671875,True,False
high_noise,2484,1,1.3046875,True,False
high_noise,2485,1,1.53125,True,False
high_noise,2486,1,0.578125,True,False
high_noise,2487,-1,0.45703125,False,False
high_noise,2488,-1,0.359375,False,False
high_noise,2489,0,,False,True
high_noise,2490,1,0.2421875,True,False
high_noise,2491,1,0.96484375,True,False
high_noise,2492,-1,0.578125,False,False
high_noise,2493,1,0.359375,True,False
high_noise,2494,1,1.98046875,True,False
high_noise,2495,1,0.7578125,True,False
high_noise,2496,-1,0.15234375,False,False
high_noise,2497,1,0.5859375,True,False
high_noise,2498,1,0.578125,True,False
high_noise,2499,1,1.01171875,True,False
high_noise,2500,1,0.890625,True,False
high_noise,2501,1,0.34375,True,False
high_noise,2502,1,1.14453125,True,False
high_noise,2503,1,0.08203125,True,False
high_noise,2504,-1,0.44921875,False,False
high_noise,2505,-1,0.1171875,False,False
high_noise,2506,0,,False,True
high_noise,2507,1,1.03515625,True,False
high_noise,2508,1,0.57421875,True,False
high_noise,2509,-1,0.49609375,False,False
high_noise,2510,-1,0.9765625,False,False
high_noise,2511,-1,0.14453125,False,False
high_noise,2512,1,0.55859375,True,False
high_noise,2513,1,1.0546875,True,False
high_noise,2514,1,0.796875,True,False
high_noise,2515,1,0.46484375,True,False
high_noise,2516,1,0.703125,True,False
high_noise,2517,1,0.1640625,True,False
high_noise,2518,1,0.40234375,True,False
high_noise,2519,1,0.53515625,True,False
high_noise,2520,1,0.390625,True,False
high_noise,2521,-1,0.30078125,False,False
high_noise,2522,1,1.1875,True,False
high_noise,2523,1,0.8671875,True,False
high_noise,2524,1,0.234375,True,False
high_noise,2525,1,0.4765625,True,False
high_noise,2526,1,0.4140625,True,False
high_noise,2527,1,0.19921875,True,False
high_noise,2528,1,0.5,True,False
high_noise,2529,1,0.34765625,True,False
high_noise,2530,1,0.76171875,True,False
high_noise,2531,1,1.015625,True,False
high_noise,2532,1,1.34375,True,False
high_noise,2533,1,0.52734375,True,False
high_noise,2534,1,1.16796875,True,False
high_noise,2535,-1,0.16796875,False,False
high_noise,2536,1,0.5234375,True,False
high_noise,2537,-1,0.8125,False,False
high_noise,2538,1,0.1796875,True,False
high_noise,2539,1,0.2421875,True,False
high_noise,2540,-1,0.7578125,False,False
high_noise,2541,1,1.2734375,True,False
high_noise,2542,1,0.23828125,True,False
high_noise,2543,-1,0.55859375,False,False
high_noise,2544,1,0.68359375,True,False
high_noise,2545,-1,0.140625,False,False
high_noise,2546,-1,0.734375,False,False
high_noise,2547,-1,0.5703125,False,False
high_noise,2548,1,0.85546875,True,False
high_noise,2549,1,0.2890625,True,False
high_noise,2550,1,1.3203125,True,False
high_noise,2551,-1,0.2578125,False,False
high_noise,2552,1,1.25390625,True,False
high_noise,2553,1,0.4375,True,False
high_noise,2554,1,0.453125,True,False
high_noise,2555,1,0.6875,True,False
high_noise,2556,0,,False,True
high_noise,2557,1,0.2734375,True,False
high_noise,2558,1,0.14453125,True,False
high_noise,2559,1,0.1484375,True,False
high_noise,2560,1,0.2734375,True,False
high_noise,2561,1,0.65234375,True,False
high_noise,2562,1,0.55859375,True,False
high_noise,2563,1,0.171875,True,False
high_noise,2564,1,1.98828125,True,False
high_noise,2565,1,0.37890625,True,False
high_noise,2566,-1,0.3359375,False,False
high_noise,2567,-1,0.84375,False,False
high_noise,2568,1,0.28515625,True,False
high_noise,2569,1,0.4609375,True,False
high_noise,2570,1,0.60546875,True,False
high_noise,2571,1,0.0625,True,False
high_noise,2572,-1,0.078125,False,False
high_noise,2573,1,0.16796875,True,False
high_noise,2574,1,0.46875,True,False
high_noise,2575,1,0.43359375,True,False
high_noise,2576,1,0.53125,True,False
high_noise,2577,1,0.28125,True,False
high_noise,2578,1,1.5703125,True,False
high_noise,2579,1,0.7421875,True,False
high_noise,2580,1,0.90234375,True,False
high_noise,2581,1,1.12890625,True,False
high_noise,2582,1,0.66015625,True,False
high_noise,2583,1,0.09765625,True,False
high_noise,2584,-1,0.36328125,False,False
high_noise,2585,1,0.4296875,True,False
high_noise,2586,1,0.296875,True,False
high_noise,2587,1,0.05078125,True,False
high_noise,2588,-1,0.18359375,False,False
high_noise,2589,1,0.71484375,True,False
high_noise,2590,-1,0.53125,False,False
high_noise,2591,-1,0.78515625,False,False
high_noise,2592,1,0.95703125,True,False
high_noise,2593,1,0.4609375,True,False
high_noise,2594,1,0.3203125,True,False
high_noise,2595,-1,0.28125,False,False
high_noise,2596,1,0.421875,True,False
high_noise,2597,-1,0.35546875,False,False
high_noise,2598,-1,0.30078125,False,False
high_noise,2599,1,0.8046875,True,False
high_noise,2600,1,0.40234375,True,False
high_noise,2601,-1,0.20703125,False,False
high_noise,2602,1,0.16796875,True,False
high_noise,2603,1,1.00390625,True,False
high_noise,2604,1,1.41015625,True,False
high_noise,2605,1,0.39453125,True,False
high_noise,2606,1,0.3984375,True,False
high_noise,2607,-1,0.15625,False,False
high_noise,2608,-1,0.375,False,False
high_noise,2609,1,0.1640625,True,False
high_noise,2610,1,0.49609375,True,False
high_noise,2611,-1,1.53125,False,False
high_noise,2612,1,0.34765625,True,False
high_noise,2613,1,0.5625,True,False
high_noise,2614,1,1.52734375,True,False
high_noise,2615,1,1.578125,True,False
high_noise,2616,-1,0.125,False,False
high_noise,2617,1,0.17578125,True,False
high_noise,2618,-1,0.19921875,False,False
high_noise,2619,1,0.203125,True,False
high_noise,2620,1,0.4375,True,False
high_noise,2621,1,0.73828125,True,False
high_noise,2622,-1,0.25390625,False,False
high_noise,2623,1,0.1953125,True,False
high_noise,2624,1,1.015625,True,False
high_noise,2625,1,0.38671875,True,False
high_noise,2626,1,0.296875,True,False
high_noise,2627,1,1.04296875,True,False
high_noise,2628,1,0.92578125,True,False
high_noise,2629,0,,False,True
high_noise,2630,-1,0.109375,False,False
high_noise,2631,-1,0.49609375,False,False
high_noise,2632,1,0.64453125,True,False
high_noise,2633,-1,0.56640625,False,False
high_noise,2634,1,1.70703125,True,False
high_noise,2635,1,0.546875,True,False
high_noise,2636,1,0.40625,True,False
high_noise,2637,1,0.13671875,True,False
high_noise,2638,1,1.125,True,False
high_noise,2639,1,0.21484375,True,False
high_noise,2640,1,0.19921875,True,False
high_noise,2641,1,0.57421875,True,False
high_noise,2642,1,0.4375,True,False
high_noise,2643,-1,0.62109375,False,False
high_noise,2644,-1,0.453125,False,False
high_noise,2645,0,,False,True
high_noise,2646,1,0.25,True,False
high_noise,2647,1,0.65234375,True,False
high_noise,2648,1,0.25,True,False
high_noise,2649,1,0.38671875,True,False
high_noise,2650,-1,0.26953125,False,False
high_noise,2651,1,0.64453125,True,False
high_noise,2652,-1,1.25,False,False
high_noise,2653,1,0.34765625,True,False
high_noise,2654,1,0.23828125,True,False
high_noise,2655,1,1.19140625,True,False
high_noise,2656,-1,0.125,False,False
high_noise,2657,1,1.01953125,True,False
high_noise,2658,-1,0.25,False,False
high_noise,2659,1,0.375,True,False
high_noise,2660,-1,0.09375,False,False
high_noise,2661,-1,0.67578125,False,False
high_noise,2662,-1,0.27734375,False,False
high_noise,2663,-1,0.21875,False,False
high_noise,2664,1,0.36328125,True,False
high_noise,2665,1,0.67578125,True,False
high_noise,2666,-1,0.1640625,False,False
high_noise,2667,1,0.6171875,True,False
high_noise,2668,1,0.9765625,True,False
high_noise,2669,1,0.23046875,True,False
high_noise,2670,-1,0.34765625,False,False
high_noise,2671,1,0.2109375,True,False
high_noise,2672,1,0.57421875,True,False
high_noise,2673,1,0.42578125,True,False
high_noise,2674,-1,0.18359375,False,False
high_noise,2675,1,0.84375,True,False
high_noise,2676,-1,1.203125,False,False
high_noise,2677,1,0.39453125,True,False
high_noise,2678,-1,0.41796875,False,False
high_noise,2679,-1,0.24609375,False,False
high_noise,2680,1,0.5859375,True,False
high_noise,2681,-1,0.2265625,False,False
high_noise,2682,1,0.40625,True,False
high_noise,2683,1,0.45703125,True,False
high_noise,2684,-1,0.2890625,False,False
high_noise,2685,-1,0.296875,False,False
high_noise,2686,1,0.33984375,True,False
high_noise,2687,1,0.59375,True,False
high_noise,2688,1,1.12109375,True,False
high_noise,2689,1,0.10546875,True,False
high_noise,2690,1,0.1875,True,False
high_noise,2691,1,0.86328125,True,False
high_noise,2692,1,0.390625,True,False
high_noise,2693,-1,0.296875,False,False
high_noise,2694,1,1.140625,True,False
high_noise,2695,1,0.41796875,True,False
high_noise,2696,1,0.37109375,True,False
high_noise,2697,1,0.37890625,True,False
high_noise,2698,1,0.1796875,True,False
high_noise,2699,1,0.41796875,True,False
high_noise,2700,1,0.50390625,True,False
high_noise,2701,1,0.703125,True,False
high_noise,2702,1,0.58984375,True,False
high_noise,2703,-1,0.35546875,False,False
high_noise,2704,1,0.21875,True,False
high_noise,2705,-1,0.12890625,False,False
high_noise,2706,1,0.90234375,True,False
high_noise,2707,1,0.5078125,True,False
high_noise,2708,1,0.09375,True,False
high_noise,2709,1,0.8671875,True,False
high_noise,2710,1,1.984375,True,False
high_noise,2711,-1,0.2578125,False,False
high_noise,2712,-1,0.21875,False,False
high_noise,2713,1,0.3828125,True,False
high_noise,2714,-1,1.4921875,False,False
high_noise,2715,1,0.3828125,True,False
high_noise,2716,1,1.59765625,True,False
high_noise,2717,1,0.390625,True,False
high_noise,2718,1,1.046875,True,False
high_noise,2719,1,0.21484375,True,False
high_noise,2720,1,0.46484375,True,False
high_noise,2721,1,0.24609375,True,False
high_noise,2722,1,1.8359375,True,False
high_noise,2723,1,0.37109375,True,False
high_noise,2724,1,0.08203125,True,False
high_noise,2725,1,1.01171875,True,False
high_noise,2726,1,0.38671875,True,False
high_noise,2727,1,0.3203125,True,False
high_noise,2728,1,0.23828125,True,False
high_noise,2729,1,0.97265625,True,False
high_noise,2730,-1,0.31640625,False,False
high_noise,2731,1,0.68359375,True,False
high_noise,2732,1,0.265625,True,False
high_noise,2733,-1,0.26171875,False,False
high_noise,2734,1,0.515625,True,False
high_noise,2735,1,0.8828125,True,False
high_noise,2736,-1,0.23828125,False,False
high_noise,2737,1,0.41796875,True,False
high_noise,2738,-1,0.25,False,False
high_noise,2739,1,0.484375,True,False
high_noise,2740,1,1.75,True,False
high_noise,2741,1,1.4609375,True,False
high_noise,2742,1,0.27734375,True,False
high_noise,2743,1,0.53515625,True,False
high_noise,2744,-1,0.2578125,False,False
high_noise,2745,1,1.2578125,True,False
high_noise,2746,1,0.9296875,True,False
high_noise,2747,-1,0.25,False,False
high_noise,2748,-1,0.30078125,False,False
high_noise,2749,1,0.390625,True,False
high_noise,2750,1,0.5703125,True,False
high_noise,2751,1,0.7890625,True,False
high_noise,2752,1,0.14453125,True,False
high_noise,2753,1,0.9140625,True,False
high_noise,2754,1,0.50390625,True,False
high_noise,2755,1,0.50390625,True,False
high_noise,2756,1,0.62109375,True,False
high_noise,2757,1,0.30078125,True,False
high_noise,2758,-1,0.48828125,False,False
high_noise,2759,-1,0.25390625,False,False
high_noise,2760,1,0.46484375,True,False
high_noise,2761,1,0.23828125,True,False
high_noise,2762,-1,0.2265625,False,False
high_noise,2763,1,0.5703125,True,False
high_noise,2764,-1,1.1328125,False,False
high_noise,2765,1,0.515625,True,False
high_noise,2766,1,0.6015625,True,False
high_noise,2767,1,0.1796875,True,False
high_noise,2768,1,0.5625,True,False
high_noise,2769,1,0.53515625,True,False
high_noise,2770,-1,0.30078125,False,False
high_noise,2771,-1,0.62109375,False,False
high_noise,2772,1,1.51953125,True,False
high_noise,2773,1,0.23828125,True,False
high_noise,2774,1,1.09375,True,False
high_noise,2775,1,0.66015625,True,False
high_noise,2776,1,0.12890625,True,False
high_noise,2777,1,0.87109375,True,False
high_noise,2778,1,0.90625,True,False
high_noise,2779,1,0.18359375,True,False
high_noise,2780,1,0.3359375,True,False
high_noise,2781,1,0.234375,True,False
high_noise,2782,1,0.7890625,True,False
high_noise,2783,1,0.4140625,True,False
high_noise,2784,-1,0.12890625,False,False
high_noise,2785,-1,0.203125,False,False
high_noise,2786,-1,1.04296875,False,False
high_noise,2787,-1,0.53125,False,False
high_noise,2788,1,0.23828125,True,False
high_noise,2789,1,0.83203125,True,False
high_noise,2790,1,0.171875,True,False
high_noise,2791,1,0.6484375,True,False
high_noise,2792,-1,0.59765625,False,False
high_noise,2793,1,0.34765625,True,False
high_noise,2794,1,0.234375,True,False
high_noise,2795,1,0.61328125,True,False
high_noise,2796,1,0.546875,True,False
high_noise,2797,-1,0.1171875,False,False
high_noise,2798,1,0.33203125,True,False
high_noise,2799,1,1.75,True,False
high_noise,2800,1,1.421875,True,False
high_noise,2801,1,0.23046875,True,False
high_noise,2802,1,0.3125,True,False
high_noise,2803,1,0.49609375,True,False
high_noise,2804,1,0.421875,True,False
high_noise,2805,1,0.2734375,True,False
high_noise,2806,1,0.14453125,True,False
high_noise,2807,1,0.31640625,True,False
high_noise,2808,-1,0.546875,False,False
high_noise,2809,1,0.6484375,True,False
high_noise,2810,1,0.96484375,True,False
high_noise,2811,1,0.74609375,True,False
high_noise,2812,1,0.8046875,True,False
high_noise,2813,1,0.31640625,True,False
high_noise,2814,1,0.703125,True,False
high_noise,2815,1,0.21484375,True,False
high_noise,2816,1,1.0859375,True,False
high_noise,2817,-1,0.22265625,False,False
high_noise,2818,1,0.296875,True,False
high_noise,2819,1,0.43359375,True,False
high_noise,2820,1,0.62109375,True,False
high_noise,2821,1,0.91015625,True,False
high_noise,2822,-1,0.23046875,False,False
high_noise,2823,1,0.0859375,True,False
high_noise,2824,1,0.2578125,True,False
high_noise,2825,1,0.7578125,True,False
high_noise,2826,-1,0.3203125,False,False
high_noise,2827,-1,1.5703125,False,False
high_noise,2828,1,0.32421875,True,False
high_noise,2829,-1,0.421875,False,False
high_noise,2830,1,0.4921875,True,False
high_noise,2831,-1,0.3515625,False,False
high_noise,2832,1,1.1015625,True,False
high_noise,2833,1,0.3984375,True,False
high_noise,2834,-1,0.24609375,False,False
high_noise,2835,1,0.5625,True,False
high_noise,2836,-1,0.38671875,False,False
high_noise,2837,1,0.453125,True,False
high_noise,2838,-1,0.21875,False,False
high_noise,2839,1,0.53515625,True,False
high_noise,2840,1,0.515625,True,False
high_noise,2841,-1,0.625,False,False
high_noise,2842,1,0.11328125,True,False
high_noise,2843,-1,0.46484375,False,False
high_noise,2844,1,0.07421875,True,False
high_noise,2845,1,0.3359375,True,False
high_noise,2846,-1,0.390625,False,False
high_noise,2847,1,0.390625,True,False
high_noise,2848,1,0.13671875,True,False
high_noise,2849,-1,0.33984375,False,False
high_noise,2850,1,0.53125,True,False
high_noise,2851,1,0.296875,True,False
high_noise,2852,-1,1.45703125,False,False
high_noise,2853,1,0.734375,True,False
high_noise,2854,1,1.58984375,True,False
high_noise,2855,1,0.32421875,True,False
high_noise,2856,-1,0.63671875,False,False
high_noise,2857,-1,1.09375,False,False
high_noise,2858,1,0.4140625,True,False
high_noise,2859,1,1.12109375,True,False
high_noise,2860,1,0.328125,True,False
high_noise,2861,1,0.40625,True,False
high_noise,2862,1,0.30859375,True,False
high_noise,2863,1,0.50390625,True,False
high_noise,2864,-1,0.359375,False,False
high_noise,2865,1,0.75,True,False
high_noise,2866,1,0.234375,True,False
high_noise,2867,1,0.40625,True,False
high_noise,2868,-1,0.8125,False,False
high_noise,2869,1,0.09375,True,False
high_noise,2870,-1,0.2265625,False,False
high_noise,2871,1,0.81640625,True,False
high_noise,2872,1,0.71875,True,False
high_noise,2873,1,0.5078125,True,False
high_noise,2874,1,0.66015625,True,False
high_noise,2875,-1,0.66796875,False,False
high_noise,2876,-1,0.375,False,False
high_noise,2877,1,0.609375,True,False
high_noise,2878,1,0.83203125,True,False
high_noise,2879,1,0.33984375,True,False
high_noise,2880,1,0.36328125,True,False
high_noise,2881,1,0.1875,True,False
high_noise,2882,1,1.76171875,True,False
high_noise,2883,1,0.34765625,True,False
high_noise,2884,1,1.109375,True,False
high_noise,2885,1,0.29296875,True,False
high_noise,2886,-1,1.47265625,False,False
high_noise,2887,1,0.125,True,False
high_noise,2888,1,0.890625,True,False
high_noise,2889,1,1.00390625,True,False
high_noise,2890,1,0.46484375,True,False
high_noise,2891,-1,0.11328125,False,False
high_noise,2892,1,0.6171875,True,False
high_noise,2893,1,0.5859375,True,False
high_noise,2894,1,0.57421875,True,False
high_noise,2895,1,0.77734375,True,False
high_noise,2896,1,0.18359375,True,False
high_noise,2897,1,0.25,True,False
high_noise,2898,1,0.4609375,True,False
high_noise,2899,1,0.20703125,True,False
high_noise,2900,1,0.078125,True,False
high_noise,2901,1,0.15625,True,False
high_noise,2902,-1,0.265625,False,False
high_noise,2903,1,0.1796875,True,False
high_noise,2904,1,0.45703125,True,False
high_noise,2905,1,1.69921875,True,False
high_noise,2906,-1,0.09375,False,False
high_noise,2907,1,0.2734375,True,False
high_noise,2908,1,0.21875,True,False
high_noise,2909,1,0.3359375,True,False
high_noise,2910,-1,0.96484375,False,False
high_noise,2911,1,0.171875,True,False
high_noise,2912,1,0.7734375,True,False
high_noise,2913,1,0.30078125,True,False
high_noise,2914,1,0.13671875,True,False
high_noise,2915,1,0.26171875,True,False
high_noise,2916,1,0.24609375,True,False
high_noise,2917,1,0.625,True,False
high_noise,2918,1,0.50390625,True,False
high_noise,2919,1,0.203125,True,False
high_noise,2920,-1,0.12890625,False,False
high_noise,2921,1,0.26171875,True,False
high_noise,2922,0,,False,True
high_noise,2923,-1,0.41796875,False,False
high_noise,2924,1,1.390625,True,False
high_noise,2925,1,0.08203125,True,False
high_noise,2926,1,0.5234375,True,False
high_noise,2927,-1,0.37109375,False,False
high_noise,2928,1,0.390625,True,False
high_noise,2929,1,0.80859375,True,False
high_noise,2930,1,0.203125,True,False
high_noise,2931,1,0.2421875,True,False
high_noise,2932,1,0.28515625,True,False
high_noise,2933,-1,0.109375,False,False
high_noise,2934,-1,0.42578125,False,False
high_noise,2935,-1,1.76953125,False,False
high_noise,2936,1,1.125,True,False
high_noise,2937,1,0.421875,True,False
high_noise,2938,1,1.109375,True,False
high_noise,2939,1,0.421875,True,False
high_noise,2940,1,0.09375,True,False
high_noise,2941,1,0.28515625,True,False
high_noise,2942,1,0.87890625,True,False
high_noise,2943,1,0.171875,True,False
high_noise,2944,1,0.203125,True,False
high_noise,2945,1,0.421875,True,False
high_noise,2946,-1,0.29296875,False,False
high_noise,2947,-1,1.96875,False,False
high_noise,2948,-1,0.1953125,False,False
high_noise,2949,-1,0.6171875,False,False
high_noise,2950,-1,1.85546875,False,False
high_noise,2951,1,0.94921875,True,False
high_noise,2952,1,0.265625,True,False
high_noise,2953,1,0.48828125,True,False
high_noise,2954,1,0.265625,True,False
high_noise,2955,-1,0.25390625,False,False
high_noise,2956,1,0.46875,True,False
high_noise,2957,1,0.5,True,False
high_noise,2958,1,0.27734375,True,False
high_noise,2959,1,0.18359375,True,False
high_noise,2960,-1,1.078125,False,False
high_noise,2961,-1,0.12109375,False,False
high_noise,2962,1,0.33984375,True,False
high_noise,2963,1,0.421875,True,False
high_noise,2964,-1,0.4765625,False,False
high_noise,2965,1,0.515625,True,False
high_noise,2966,1,0.859375,True,False
high_noise,2967,-1,0.375,False,False
high_noise,2968,1,0.09375,True,False
high_noise,2969,1,0.40234375,True,False
high_noise,2970,1,0.6171875,True,False
high_noise,2971,1,0.515625,True,False
high_noise,2972,1,0.13671875,True,False
high_noise,2973,-1,0.11328125,False,False
high_noise,2974,-1,0.2578125,False,False
high_noise,2975,-1,0.41796875,False,False
high_noise,2976,1,0.87109375,True,False
high_noise,2977,1,1.0,True,False
high_noise,2978,1,0.71875,True,False
high_noise,2979,1,0.37890625,True,False
high_noise,2980,1,0.27734375,True,False
high_noise,2981,-1,0.08203125,False,False
high_noise,2982,-1,1.23828125,False,False
high_noise,2983,1,0.5390625,True,False
high_noise,2984,1,0.4765625,True,False
high_noise,2985,1,0.6875,True,False
high_noise,2986,-1,0.51953125,False,False
high_noise,2987,1,0.18359375,True,False
high_noise,2988,-1,0.2265625,False,False
high_noise,2989,1,0.4296875,True,False
high_noise,2990,-1,0.3203125,False,False
high_noise,2991,1,0.88671875,True,False
high_noise,2992,1,0.57421875,True,False
high_noise,2993,1,1.35546875,True,False
high_noise,2994,-1,0.21875,False,False
high_noise,2995,1,0.12890625,True,False
high_noise,2996,-1,0.17578125,False,False
high_noise,2997,1,0.734375,True,False
high_noise,2998,1,0.77734375,True,False
high_noise,2999,1,1.12109375,True,False
high_noise,3000,-1,0.19140625,False,False
high_noise,3001,1,0.15625,True,False
high_noise,3002,1,0.75390625,True,False
high_noise,3003,-1,0.29296875,False,False
high_noise,3004,1,0.546875,True,False
high_noise,3005,1,0.40234375,True,False
high_noise,3006,1,0.41015625,True,False
high_noise,3007,1,0.78515625,True,False
high_noise,3008,1,0.24609375,True,False
high_noise,3009,-1,0.42578125,False,False
high_noise,3010,1,0.82421875,True,False
high_noise,3011,1,0.3359375,True,False
high_noise,3012,1,0.38671875,True,False
high_noise,3013,1,0.78515625,True,False
high_noise,3014,1,0.703125,True,False
high_noise,3015,1,0.50390625,True,False
high_noise,3016,1,0.36328125,True,False
high_noise,3017,1,0.83984375,True,False
high_noise,3018,1,1.21875,True,False
high_noise,3019,1,0.30859375,True,False
high_noise,3020,1,0.5078125,True,False
high_noise,3021,1,0.18359375,True,False
high_noise,3022,0,,False,True
high_noise,3023,1,0.19921875,True,False
high_noise,3024,1,0.2578125,True,False
high_noise,3025,1,0.16796875,True,False
high_noise,3026,1,1.4609375,True,False
high_noise,3027,1,0.203125,True,False
high_noise,3028,1,0.2578125,True,False
high_noise,3029,-1,0.3125,False,False
high_noise,3030,1,0.1953125,True,False
high_noise,3031,1,0.22265625,True,False
high_noise,3032,1,0.53125,True,False
high_noise,3033,1,0.49609375,True,False
high_noise,3034,-1,0.80078125,False,False
high_noise,3035,1,0.0703125,True,False
high_noise,3036,1,0.30078125,True,False
high_noise,3037,1,0.76953125,True,False
high_noise,3038,-1,0.3046875,False,False
high_noise,3039,1,0.3671875,True,False
high_noise,3040,1,0.33203125,True,False
high_noise,3041,1,0.5234375,True,False
high_noise,3042,-1,1.5546875,False,False
high_noise,3043,1,0.59375,True,False
high_noise,3044,1,1.125,True,False
high_noise,3045,1,0.68359375,True,False
high_noise,3046,1,0.94921875,True,False
high_noise,3047,1,0.53515625,True,False
high_noise,3048,1,0.515625,True,False
high_noise,3049,-1,0.515625,False,False
high_noise,3050,1,0.38671875,True,False
high_noise,3051,1,0.125,True,False
high_noise,3052,1,0.32421875,True,False
high_noise,3053,-1,0.3203125,False,False
high_noise,3054,-1,0.15625,False,False
high_noise,3055,-1,1.078125,False,False
high_noise,3056,1,1.0234375,True,False
high_noise,3057,-1,1.19140625,False,False
high_noise,3058,1,0.2109375,True,False
high_noise,3059,1,0.12890625,True,False
high_noise,3060,-1,0.46484375,False,False
high_noise,3061,-1,0.09765625,False,False
high_noise,3062,1,0.48046875,True,False
high_noise,3063,-1,0.453125,False,False
high_noise,3064,-1,0.4140625,False,False
high_noise,3065,1,0.8515625,True,False
high_noise,3066,1,0.79296875,True,False
high_noise,3067,1,0.27734375,True,False
high_noise,3068,1,0.44921875,True,False
high_noise,3069,1,0.43359375,True,False
high_noise,3070,1,0.3046875,True,False
high_noise,3071,1,0.37109375,True,False
high_noise,3072,1,0.296875,True,False
high_noise,3073,1,0.6484375,True,False
high_noise,3074,1,0.421875,True,False
high_noise,3075,0,,False,True
high_noise,3076,-1,0.2265625,False,False
high_noise,3077,-1,0.78515625,False,False
high_noise,3078,1,0.4765625,True,False
high_noise,3079,1,0.5703125,True,False
high_noise,3080,1,0.47265625,True,False
high_noise,3081,1,0.57421875,True,False
high_noise,3082,-1,1.859375,False,False
high_noise,3083,1,0.31640625,True,False
high_noise,3084,1,0.73046875,True,False
high_noise,3085,1,0.83203125,True,False
high_noise,3086,1,0.1328125,True,False
high_noise,3087,1,1.6953125,True,False
high_noise,3088,1,1.28125,True,False
high_noise,3089,-1,0.34375,False,False
high_noise,3090,1,0.38671875,True,False
high_noise,3091,1,0.51171875,True,False
high_noise,3092,1,0.265625,True,False
high_noise,3093,-1,0.078125,False,False
high_noise,3094,1,0.140625,True,False
high_noise,3095,-1,0.5234375,False,False
high_noise,3096,1,0.16796875,True,False
high_noise,3097,1,0.671875,True,False
high_noise,3098,1,0.28125,True,False
high_noise,3099,1,0.80078125,True,False
high_noise,3100,1,0.24609375,True,False
high_noise,3101,1,0.26953125,True,False
high_noise,3102,1,0.53515625,True,False
high_noise,3103,1,0.31640625,True,False
high_noise,3104,-1,0.24609375,False,False
high_noise,3105,1,0.421875,True,False
high_noise,3106,1,0.74609375,True,False
high_noise,3107,1,0.13671875,True,False
high_noise,3108,-1,0.890625,False,False
high_noise,3109,1,0.80078125,True,False
high_noise,3110,-1,0.09765625,False,False
high_noise,3111,1,0.578125,True,False
high_noise,3112,1,0.09765625,True,False
high_noise,3113,-1,0.33203125,False,False
high_noise,3114,-1,0.5703125,False,False
high_noise,3115,1,1.765625,True,False
high_noise,3116,1,0.25,True,False
high_noise,3117,1,0.59765625,True,False
high_noise,3118,1,0.0703125,True,False
high_noise,3119,1,0.14453125,True,False
high_noise,3120,1,0.21875,True,False
high_noise,3121,1,0.57421875,True,False
high_noise,3122,1,0.76171875,True,False
high_noise,3123,-1,0.35546875,False,False
high_noise,3124,1,0.55859375,True,False
high_noise,3125,1,0.23828125,True,False
high_noise,3126,1,0.7265625,True,False
high_noise,3127,-1,0.69921875,False,False
high_noise,3128,1,0.31640625,True,False
high_noise,3129,1,0.390625,True,False
high_noise,3130,-1,0.6484375,False,False
high_noise,3131,-1,0.1171875,False,False
high_noise,3132,1,1.0625,True,False
high_noise,3133,1,0.37890625,True,False
high_noise,3134,1,0.58984375,True,False
high_noise,3135,-1,0.21484375,False,False
high_noise,3136,1,0.1484375,True,False
high_noise,3137,-1,0.10546875,False,False
high_noise,3138,1,1.01953125,True,False
high_noise,3139,1,0.82421875,True,False
high_noise,3140,1,0.68359375,True,False
high_noise,3141,1,0.12109375,True,False
high_noise,3142,1,1.11328125,True,False
high_noise,3143,1,0.28515625,True,False
high_noise,3144,1,0.46875,True,False
high_noise,3145,1,0.58984375,True,False
high_noise,3146,1,0.55859375,True,False
high_noise,3147,1,0.2578125,True,False
high_noise,3148,1,0.57421875,True,False
high_noise,3149,1,0.67578125,True,False
high_noise,3150,1,0.1171875,True,False
high_noise,3151,1,0.3828125,True,False
high_noise,3152,1,1.46484375,True,False
high_noise,3153,1,0.2109375,True,False
high_noise,3154,1,0.71875,True,False
high_noise,3155,1,0.24609375,True,False
high_noise,3156,-1,0.1171875,False,False
high_noise,3157,1,0.42578125,True,False
high_noise,3158,-1,0.203125,False,False
high_noise,3159,1,0.24609375,True,False
high_noise,3160,1,0.4765625,True,False
high_noise,3161,1,0.296875,True,False
high_noise,3162,-1,0.23828125,False,False
high_noise,3163,1,1.50390625,True,False
high_noise,3164,1,0.1875,True,False
high_noise,3165,-1,0.82421875,False,False
high_noise,3166,-1,0.23828125,False,False
high_noise,3167,1,0.921875,True,False
high_noise,3168,1,1.10546875,True,False
high_noise,3169,1,0.5703125,True,False
high_noise,3170,1,1.2578125,True,False
high_noise,3171,1,1.0078125,True,False
high_noise,3172,-1,0.4765625,False,False
high_noise,3173,1,0.828125,True,False
high_noise,3174,1,0.875,True,False
high_noise,3175,1,0.7109375,True,False
high_noise,3176,1,0.41015625,True,False
high_noise,3177,1,0.82421875,True,False
high_noise,3178,1,0.51953125,True,False
high_noise,3179,-1,0.328125,False,False
high_noise,3180,1,0.40234375,True,False
high_noise,3181,1,0.2578125,True,False
high_noise,3182,-1,0.17578125,False,False
high_noise,3183,1,1.015625,True,False
high_noise,3184,1,0.6640625,True,False
high_noise,3185,1,0.1796875,True,False
high_noise,3186,1,0.50390625,True,False
high_noise,3187,-1,0.12890625,False,False
high_noise,3188,-1,1.16015625,False,False
high_noise,3189,1,0.3828125,True,False
high_noise,3190,1,0.23828125,True,False
high_noise,3191,0,,False,True
high_noise,3192,1,0.578125,True,False
high_noise,3193,-1,0.44140625,False,False
high_noise,3194,1,0.8359375,True,False
high_noise,3195,1,0.83203125,True,False
high_noise,3196,1,0.8671875,True,False
high_noise,3197,1,1.671875,True,False
high_noise,3198,1,0.08984375,True,False
high_noise,3199,-1,0.1796875,False,False
high_noise,3200,1,0.9453125,True,False
high_noise,3201,1,0.16796875,True,False
high_noise,3202,-1,0.078125,False,False
high_noise,3203,-1,0.21484375,False,False
high_noise,3204,1,0.53515625,True,False
high_noise,3205,1,0.3125,True,False
high_noise,3206,1,0.234375,True,False
high_noise,3207,-1,1.6796875,False,False
high_noise,3208,-1,0.29296875,False,False
high_noise,3209,1,0.1953125,True,False
high_noise,3210,1,1.25,True,False
high_noise,3211,1,0.1875,True,False
high_noise,3212,1,0.234375,True,False
high_noise,3213,1,0.375,True,False
high_noise,3214,1,0.9453125,True,False
high_noise,3215,-1,0.171875,False,False
high_noise,3216,-1,0.19921875,False,False
high_noise,3217,1,0.3671875,True,False
high_noise,3218,1,0.23046875,True,False
high_noise,3219,1,0.328125,True,False
high_noise,3220,1,0.83984375,True,False
high_noise,3221,1,1.14453125,True,False
high_noise,3222,1,0.7734375,True,False
high_noise,3223,1,0.7890625,True,False
high_noise,3224,1,0.42578125,True,False
high_noise,3225,1,0.79296875,True,False
high_noise,3226,1,0.609375,True,False
high_noise,3227,1,0.98046875,True,False
high_noise,3228,1,0.61328125,True,False
high_noise,3229,1,0.1640625,True,False
high_noise,3230,1,0.74609375,True,False
high_noise,3231,1,0.40234375,True,False
high_noise,3232,1,0.3828125,True,False
high_noise,3233,-1,0.53125,False,False
high_noise,3234,1,0.7109375,True,False
high_noise,3235,1,0.171875,True,False
high_noise,3236,1,0.515625,True,False
high_noise,3237,1,1.26171875,True,False
high_noise,3238,1,0.84375,True,False
high_noise,3239,1,0.3125,True,False
high_noise,3240,1,0.328125,True,False
high_noise,3241,1,0.28125,True,False
high_noise,3242,-1,0.2734375,False,False
high_noise,3243,1,0.4375,True,False
high_noise,3244,1,0.82421875,True,False
high_noise,3245,0,,False,True
high_noise,3246,-1,0.35546875,False,False
high_noise,3247,-1,0.54296875,False,False
high_noise,3248,-1,0.3359375,False,False
high_noise,3249,1,0.3671875,True,False
high_noise,3250,1,0.51953125,True,False
high_noise,3251,1,1.75390625,True,False
high_noise,3252,1,0.39453125,True,False
high_noise,3253,1,0.36328125,True,False
high_noise,3254,-1,0.6640625,False,False
high_noise,3255,1,0.6640625,True,False
high_noise,3256,1,0.39453125,True,False
high_noise,3257,1,0.40234375,True,False
high_noise,3258,-1,0.109375,False,False
high_noise,3259,-1,0.5546875,False,False
high_noise,3260,1,0.1875,True,False
high_noise,3261,1,0.38671875,True,False
high_noise,3262,-1,0.1640625,False,False
high_noise,3263,1,1.20703125,True,False
high_noise,3264,1,0.44921875,True,False
high_noise,3265,-1,1.1875,False,False
high_noise,3266,1,0.4453125,True,False
high_noise,3267,1,0.46875,True,False
high_noise,3268,1,0.4921875,True,False
high_noise,3269,1,0.20703125,True,False
high_noise,3270,1,0.4765625,True,False
high_noise,3271,1,0.1328125,True,False
high_noise,3272,1,0.23046875,True,False
high_noise,3273,1,1.23828125,True,False
high_noise,3274,1,0.71875,True,False
high_noise,3275,1,1.4375,True,False
high_noise,3276,1,0.3203125,True,False
high_noise,3277,1,0.6328125,True,False
high_noise,3278,-1,0.390625,False,False
high_noise,3279,1,0.8828125,True,False
high_noise,3280,1,1.18359375,True,False
high_noise,3281,1,0.34765625,True,False
high_noise,3282,1,1.234375,True,False
high_noise,3283,1,0.171875,True,False
high_noise,3284,1,0.3671875,True,False
high_noise,3285,-1,0.6953125,False,False
high_noise,3286,1,0.49609375,True,False
high_noise,3287,1,0.70703125,True,False
high_noise,3288,1,0.25,True,False
high_noise,3289,1,0.71875,True,False
high_noise,3290,1,0.87890625,True,False
high_noise,3291,-1,0.40234375,False,False
high_noise,3292,1,0.3046875,True,False
high_noise,3293,1,0.53125,True,False
high_noise,3294,1,0.58203125,True,False
high_noise,3295,1,0.36328125,True,False
high_noise,3296,-1,0.2890625,False,False
high_noise,3297,-1,0.88671875,False,False
high_noise,3298,1,0.59375,True,False
high_noise,3299,-1,0.1015625,False,False
high_noise,3300,1,0.47265625,True,False
high_noise,3301,1,0.3359375,True,False
high_noise,3302,-1,0.31640625,False,False
high_noise,3303,1,0.52734375,True,False
high_noise,3304,1,0.265625,True,False
high_noise,3305,1,0.1875,True,False
high_noise,3306,1,0.32421875,True,False
high_noise,3307,1,0.35546875,True,False
high_noise,3308,1,0.3515625,True,False
high_noise,3309,-1,0.140625,False,False
high_noise,3310,1,0.37890625,True,False
high_noise,3311,1,0.9140625,True,False
high_noise,3312,1,0.81640625,True,False
high_noise,3313,1,0.95703125,True,False
high_noise,3314,1,1.296875,True,False
high_noise,3315,1,0.69140625,True,False
high_noise,3316,1,1.171875,True,False
high_noise,3317,-1,0.37109375,False,False
high_noise,3318,1,0.328125,True,False
high_noise,3319,1,0.78125,True,False
high_noise,3320,1,1.3046875,True,False
high_noise,3321,1,0.23828125,True,False
high_noise,3322,1,0.2890625,True,False
high_noise,3323,1,0.31640625,True,False
high_noise,3324,1,0.640625,True,False
high_noise,3325,1,1.8828125,True,False
high_noise,3326,1,0.1875,True,False
high_noise,3327,1,0.48046875,True,False
high_noise,3328,1,0.52734375,True,False
high_noise,3329,1,0.4375,True,False
high_noise,3330,1,0.34375,True,False
high_noise,3331,1,0.46484375,True,False
high_noise,3332,1,0.2421875,True,False
high_noise,3333,1,0.8359375,True,False
high_noise,3334,1,0.34765625,True,False
high_noise,3335,1,0.125,True,False
high_noise,3336,1,0.5,True,False
high_noise,3337,1,1.00390625,True,False
high_noise,3338,-1,0.1796875,False,False
high_noise,3339,-1,0.41796875,False,False
high_noise,3340,1,0.63671875,True,False
high_noise,3341,1,0.17578125,True,False
high_noise,3342,1,0.45703125,True,False
high_noise,3343,1,0.7421875,True,False
high_noise,3344,1,0.43359375,True,False
high_noise,3345,1,0.9140625,True,False
high_noise,3346,1,1.33203125,True,False
high_noise,3347,1,1.70703125,True,False
high_noise,3348,1,0.4765625,True,False
high_noise,3349,1,0.3671875,True,False
high_noise,3350,1,0.48828125,True,False
high_noise,3351,1,0.6015625,True,False
high_noise,3352,1,0.60546875,True,False
high_noise,3353,-1,0.26953125,False,False
high_noise,3354,-1,0.2890625,False,False
high_noise,3355,1,0.59765625,True,False
high_noise,3356,1,0.33984375,True,False
high_noise,3357,1,0.48828125,True,False
high_noise,3358,1,0.31640625,True,False
high_noise,3359,-1,0.4609375,False,False
high_noise,3360,0,,False,True
high_noise,3361,-1,1.08203125,False,False
high_noise,3362,1,0.65234375,True,False
high_noise,3363,1,0.890625,True,False
high_noise,3364,1,0.21484375,True,False
high_noise,3365,1,0.11328125,True,False
high_noise,3366,1,1.32421875,True,False
high_noise,3367,1,0.515625,True,False
high_noise,3368,1,1.59375,True,False
high_noise,3369,-1,1.89453125,False,False
high_noise,3370,1,0.171875,True,False
high_noise,3371,1,0.18359375,True,False
high_noise,3372,1,0.1640625,True,False
high_noise,3373,1,0.41015625,True,False
high_noise,3374,-1,0.3671875,False,False
high_noise,3375,-1,0.33203125,False,False
high_noise,3376,1,0.78515625,True,False
high_noise,3377,-1,0.25,False,False
high_noise,3378,1,0.36328125,True,False
high_noise,3379,1,1.23828125,True,False
high_noise,3380,-1,0.1484375,False,False
high_noise,3381,1,0.375,True,False
high_noise,3382,1,0.390625,True,False
high_noise,3383,-1,0.09765625,False,False
high_noise,3384,1,1.39453125,True,False
high_noise,3385,-1,0.5625,False,False
high_noise,3386,1,0.5234375,True,False
high_noise,3387,1,0.14453125,True,False
high_noise,3388,1,0.1875,True,False
high_noise,3389,1,0.296875,True,False
high_noise,3390,-1,0.48046875,False,False
high_noise,3391,1,0.52734375,True,False
high_noise,3392,1,0.66015625,True,False
high_noise,3393,1,0.16796875,True,False
high_noise,3394,1,0.6484375,True,False
high_noise,3395,1,0.296875,True,False
high_noise,3396,-1,0.33984375,False,False
high_noise,3397,1,0.375,True,False
high_noise,3398,1,0.6328125,True,False
high_noise,3399,1,0.4609375,True,False
high_noise,3400,1,0.48046875,True,False
high_noise,3401,1,0.19921875,True,False
high_noise,3402,1,0.3359375,True,False
high_noise,3403,1,0.1953125,True,False
high_noise,3404,1,0.48046875,True,False
high_noise,3405,1,0.37109375,True,False
high_noise,3406,1,0.59765625,True,False
high_noise,3407,1,0.78515625,True,False
high_noise,3408,-1,0.4921875,False,False
high_noise,3409,1,0.9765625,True,False
high_noise,3410,-1,0.7890625,False,False
high_noise,3411,-1,0.09765625,False,False
high_noise,3412,1,0.62109375,True,False
high_noise,3413,1,0.08984375,True,False
high_noise,3414,-1,0.06640625,False,False
high_noise,3415,1,0.43359375,True,False
high_noise,3416,-1,0.734375,False,False
high_noise,3417,1,1.06640625,True,False
high_noise,3418,1,0.4609375,True,False
high_noise,3419,1,0.9921875,True,False
high_noise,3420,1,0.06640625,True,False
high_noise,3421,1,1.1171875,True,False
high_noise,3422,1,0.11328125,True,False
high_noise,3423,1,0.4140625,True,False
high_noise,3424,-1,0.84765625,False,False
high_noise,3425,-1,0.3828125,False,False
high_noise,3426,1,0.25390625,True,False
high_noise,3427,1,0.79296875,True,False
high_noise,3428,1,0.375,True,False
high_noise,3429,1,0.54296875,True,False
high_noise,3430,1,0.15234375,True,False
high_noise,3431,-1,0.171875,False,False
high_noise,3432,1,1.03515625,True,False
high_noise,3433,-1,0.15234375,False,False
high_noise,3434,1,0.44140625,True,False
high_noise,3435,1,1.16015625,True,False
high_noise,3436,1,0.359375,True,False
high_noise,3437,1,0.22265625,True,False
high_noise,3438,1,0.38671875,True,False
high_noise,3439,1,0.1796875,True,False
high_noise,3440,1,0.5859375,True,False
high_noise,3441,1,0.74609375,True,False
high_noise,3442,1,0.23828125,True,False
high_noise,3443,1,1.3125,True,False
high_noise,3444,1,0.359375,True,False
high_noise,3445,1,0.44140625,True,False
high_noise,3446,1,1.7734375,True,False
high_noise,3447,1,0.28515625,True,False
high_noise,3448,-1,0.24609375,False,False
high_noise,3449,1,0.21875,True,False
high_noise,3450,1,0.16015625,True,False
high_noise,3451,-1,0.1328125,False,False
high_noise,3452,1,0.32421875,True,False
high_noise,3453,1,0.484375,True,False
high_noise,3454,1,0.6640625,True,False
high_noise,3455,1,0.65625,True,False
high_noise,3456,1,0.30078125,True,False
high_noise,3457,1,0.3515625,True,False
high_noise,3458,1,0.12109375,True,False
high_noise,3459,0,,False,True
high_noise,3460,1,0.3984375,True,False
high_noise,3461,1,0.19921875,True,False
high_noise,3462,1,0.3515625,True,False
high_noise,3463,1,0.42578125,True,False
high_noise,3464,1,0.4921875,True,False
high_noise,3465,-1,0.34375,False,False
high_noise,3466,1,0.23046875,True,False
high_noise,3467,-1,0.40234375,False,False
high_noise,3468,1,0.48046875,True,False
high_noise,3469,1,0.38671875,True,False
high_noise,3470,1,0.33203125,True,False
high_noise,3471,1,0.296875,True,False
high_noise,3472,1,0.1640625,True,False
high_noise,3473,1,0.328125,True,False
high_noise,3474,1,0.91015625,True,False
high_noise,3475,1,1.109375,True,False
high_noise,3476,1,0.18359375,True,False
high_noise,3477,-1,0.1875,False,False
high_noise,3478,-1,0.3125,False,False
high_noise,3479,-1,0.46875,False,False
high_noise,3480,1,0.3359375,True,False
high_noise,3481,1,0.12890625,True,False
high_noise,3482,1,0.48828125,True,False
high_noise,3483,1,0.36328125,True,False
high_noise,3484,-1,1.59375,False,False
high_noise,3485,1,0.8828125,True,False
high_noise,3486,1,0.20703125,True,False
high_noise,3487,-1,0.0859375,False,False
high_noise,3488,1,1.41796875,True,False
high_noise,3489,-1,0.21484375,False,False
high_noise,3490,1,0.56640625,True,False
high_noise,3491,1,1.9609375,True,False
high_noise,3492,-1,0.08984375,False,False
high_noise,3493,1,0.11328125,True,False
high_noise,3494,-1,0.421875,False,False
high_noise,3495,1,0.71875,True,False
high_noise,3496,1,0.29296875,True,False
high_noise,3497,1,0.328125,True,False
high_noise,3498,1,0.62109375,True,False
high_noise,3499,0,,False,True
high_noise,3500,1,0.74609375,True,False
high_noise,3501,1,1.01171875,True,False
high_noise,3502,-1,0.3203125,False,False
high_noise,3503,1,0.328125,True,False
high_noise,3504,1,0.58203125,True,False
high_noise,3505,1,0.9609375,True,False
high_noise,3506,-1,0.69140625,False,False
high_noise,3507,1,0.5703125,True,False
high_noise,3508,-1,0.2734375,False,False
high_noise,3509,-1,0.21484375,False,False
high_noise,3510,1,0.421875,True,False
high_noise,3511,1,0.95703125,True,False
high_noise,3512,1,0.73828125,True,False
high_noise,3513,1,0.30078125,True,False
high_noise,3514,1,0.78125,True,False
high_noise,3515,1,0.734375,True,False
high_noise,3516,-1,0.22265625,False,False
high_noise,3517,-1,0.7421875,False,False
high_noise,3518,1,0.921875,True,False
high_noise,3519,1,1.5859375,True,False
high_noise,3520,1,0.63671875,True,False
high_noise,3521,1,0.48828125,True,False
high_noise,3522,1,0.33203125,True,False
high_noise,3523,-1,0.1640625,False,False
high_noise,3524,1,0.2265625,True,False
high_noise,3525,-1,0.26171875,False,False
high_noise,3526,1,0.08203125,True,False
high_noise,3527,1,0.18359375,True,False
high_noise,3528,1,0.4375,True,False
high_noise,3529,1,0.7734375,True,False
high_noise,3530,1,0.53125,True,False
high_noise,3531,1,0.44921875,True,False
high_noise,3532,1,0.4609375,True,False
high_noise,3533,1,0.73046875,True,False
high_noise,3534,-1,0.42578125,False,False
high_noise,3535,1,0.19140625,True,False
high_noise,3536,-1,0.671875,False,False
high_noise,3537,1,0.421875,True,False
high_noise,3538,1,0.84375,True,False
high_noise,3539,0,,False,True
high_noise,3540,1,1.515625,True,False
high_noise,3541,-1,0.28515625,False,False
high_noise,3542,1,0.375,True,False
high_noise,3543,1,0.69140625,True,False
high_noise,3544,1,0.4765625,True,False
high_noise,3545,1,0.08984375,True,False
high_noise,3546,-1,0.66796875,False,False
high_noise,3547,1,0.30859375,True,False
high_noise,3548,1,0.5234375,True,False
high_noise,3549,1,0.1171875,True,False
high_noise,3550,1,0.63671875,True,False
high_noise,3551,1,1.2265625,True,False
high_noise,3552,1,0.2265625,True,False
high_noise,3553,-1,0.328125,False,False
high_noise,3554,1,0.73046875,True,False
high_noise,3555,1,0.82421875,True,False
high_noise,3556,1,0.21484375,True,False
high_noise,3557,1,1.20703125,True,False
high_noise,3558,1,0.3515625,True,False
high_noise,3559,1,0.69140625,True,False
high_noise,3560,1,0.4609375,True,False
high_noise,3561,1,0.4453125,True,False
high_noise,3562,0,,False,True
high_noise,3563,1,0.6171875,True,False
high_noise,3564,1,1.0390625,True,False
high_noise,3565,1,1.125,True,False
high_noise,3566,1,0.3359375,True,False
high_noise,3567,1,0.16796875,True,False
high_noise,3568,-1,0.34375,False,False
high_noise,3569,1,0.5078125,True,False
high_noise,3570,1,1.01171875,True,False
high_noise,3571,1,0.4921875,True,False
high_noise,3572,1,0.5,True,False
high_noise,3573,1,0.80078125,True,False
high_noise,3574,1,0.52734375,True,False
high_noise,3575,-1,0.109375,False,False
high_noise,3576,1,0.47265625,True,False
high_noise,3577,1,0.2890625,True,False
high_noise,3578,1,0.3125,True,False
high_noise,3579,-1,0.09765625,False,False
high_noise,3580,1,0.328125,True,False
high_noise,3581,1,0.26953125,True,False
high_noise,3582,1,0.2421875,True,False
high_noise,3583,1,0.8203125,True,False
high_noise,3584,1,0.13671875,True,False
high_noise,3585,-1,0.49609375,False,False
high_noise,3586,-1,0.08203125,False,False
high_noise,3587,1,0.25,True,False
high_noise,3588,1,0.33984375,True,False
high_noise,3589,1,0.30078125,True,False
high_noise,3590,1,0.37109375,True,False
high_noise,3591,1,1.03125,True,False
high_noise,3592,1,0.30859375,True,False
high_noise,3593,1,0.66796875,True,False
high_noise,3594,1,0.078125,True,False
high_noise,3595,1,0.6484375,True,False
high_noise,3596,1,0.57421875,True,False
high_noise,3597,1,1.50390625,True,False
high_noise,3598,1,0.87890625,True,False
high_noise,3599,1,0.5625,True,False
high_noise,3600,1,0.07421875,True,False
high_noise,3601,1,0.26171875,True,False
high_noise,3602,1,0.203125,True,False
high_noise,3603,-1,0.51171875,False,False
high_noise,3604,1,0.3984375,True,False
high_noise,3605,1,0.41015625,True,False
high_noise,3606,1,0.6875,True,False
high_noise,3607,1,1.05859375,True,False
high_noise,3608,1,0.27734375,True,False
high_noise,3609,1,0.23828125,True,False
high_noise,3610,1,0.80859375,True,False
high_noise,3611,1,0.43359375,True,False
high_noise,3612,1,0.35546875,True,False
high_noise,3613,1,0.75,True,False
high_noise,3614,1,0.2890625,True,False
high_noise,3615,1,1.54296875,True,False
high_noise,3616,1,1.359375,True,False
high_noise,3617,-1,1.0078125,False,False
high_noise,3618,1,0.37890625,True,False
high_noise,3619,-1,0.30859375,False,False
high_noise,3620,-1,0.0703125,False,False
high_noise,3621,1,0.62109375,True,False
high_noise,3622,1,0.86328125,True,False
high_noise,3623,1,0.25,True,False
high_noise,3624,-1,0.1640625,False,False
high_noise,3625,1,0.50390625,True,False
high_noise,3626,1,0.58984375,True,False
high_noise,3627,1,0.640625,True,False
high_noise,3628,1,0.15234375,True,False
high_noise,3629,1,0.30859375,True,False
high_noise,3630,-1,0.0703125,False,False
high_noise,3631,1,0.23046875,True,False
high_noise,3632,1,0.16796875,True,False
high_noise,3633,-1,0.2890625,False,False
high_noise,3634,1,0.9453125,True,False
high_noise,3635,1,0.49609375,True,False
high_noise,3636,1,0.69140625,True,False
high_noise,3637,-1,0.23046875,False,False
high_noise,3638,1,0.65234375,True,False
high_noise,3639,1,1.3046875,True,False
high_noise,3640,1,0.3359375,True,False
high_noise,3641,1,0.890625,True,False
high_noise,3642,1,0.63671875,True,False
high_noise,3643,1,0.19140625,True,False
high_noise,3644,1,0.24609375,True,False
high_noise,3645,1,0.94921875,True,False
high_noise,3646,1,0.10546875,True,False
high_noise,3647,-1,0.99609375,False,False
high_noise,3648,-1,0.11328125,False,False
high_noise,3649,-1,0.66015625,False,False
high_noise,3650,1,0.09765625,True,False
high_noise,3651,-1,0.515625,False,False
high_noise,3652,1,0.35546875,True,False
high_noise,3653,1,0.984375,True,False
high_noise,3654,1,1.90234375,True,False
high_noise,3655,-1,0.3515625,False,False
high_noise,3656,-1,0.609375,False,False
high_noise,3657,1,1.92578125,True,False
high_noise,3658,1,0.57421875,True,False
high_noise,3659,-1,0.15625,False,False
high_noise,3660,1,0.3125,True,False
high_noise,3661,1,0.734375,True,False
high_noise,3662,1,0.80078125,True,False
high_noise,3663,1,0.8515625,True,False
high_noise,3664,-1,0.28515625,False,False
high_noise,3665,1,0.296875,True,False
high_noise,3666,-1,0.140625,False,False
high_noise,3667,1,0.25390625,True,False
high_noise,3668,1,0.24609375,True,False
high_noise,3669,1,1.421875,True,False
high_noise,3670,-1,0.3828125,False,False
high_noise,3671,1,0.4921875,True,False
high_noise,3672,1,0.4296875,True,False
high_noise,3673,1,0.16796875,True,False
high_noise,3674,1,0.97265625,True,False
high_noise,3675,1,0.96484375,True,False
high_noise,3676,1,1.27734375,True,False
high_noise,3677,1,0.64453125,True,False
high_noise,3678,1,0.48828125,True,False
high_noise,3679,1,0.24609375,True,False
high_noise,3680,1,0.7265625,True,False
high_noise,3681,1,0.8203125,True,False
high_noise,3682,1,0.34375,True,False
high_noise,3683,-1,0.3125,False,False
high_noise,3684,1,0.7421875,True,False
high_noise,3685,1,0.66796875,True,False
high_noise,3686,1,0.3515625,True,False
high_noise,3687,1,0.19921875,True,False
high_noise,3688,1,0.41015625,True,False
high_noise,3689,1,0.4296875,True,False
high_noise,3690,1,0.4453125,True,False
high_noise,3691,1,0.46875,True,False
high_noise,3692,1,0.41796875,True,False
high_noise,3693,1,0.140625,True,False
high_noise,3694,1,0.20703125,True,False
high_noise,3695,-1,0.30078125,False,False
high_noise,3696,1,0.39453125,True,False
high_noise,3697,1,0.73828125,True,False
high_noise,3698,1,0.46875,True,False
high_noise,3699,-1,0.15625,False,False
high_noise,3700,1,0.890625,True,False
high_noise,3701,1,0.26953125,True,False
high_noise,3702,1,0.86328125,True,False
high_noise,3703,1,1.9765625,True,False
high_noise,3704,1,0.515625,True,False
high_noise,3705,1,0.81640625,True,False
high_noise,3706,1,0.40234375,True,False
high_noise,3707,1,0.81640625,True,False
high_noise,3708,1,0.109375,True,False
high_noise,3709,1,0.109375,True,False
high_noise,3710,1,0.8046875,True,False
high_noise,3711,1,0.5234375,True,False
high_noise,3712,1,1.32421875,True,False
high_noise,3713,1,0.7421875,True,False
high_noise,3714,1,0.69140625,True,False
high_noise,3715,1,0.390625,True,False
high_noise,3716,1,0.421875,True,False
high_noise,3717,-1,0.2734375,False,False
high_noise,3718,1,0.34765625,True,False
high_noise,3719,1,0.76953125,True,False
high_noise,3720,-1,1.54296875,False,False
high_noise,3721,1,1.203125,True,False
high_noise,3722,0,,False,True
high_noise,3723,-1,0.52734375,False,False
high_noise,3724,1,0.8203125,True,False
high_noise,3725,1,0.9375,True,False
high_noise,3726,1,1.15234375,True,False
high_noise,3727,1,1.35546875,True,False
high_noise,3728,1,0.25,True,False
high_noise,3729,1,0.51171875,True,False
high_noise,3730,-1,0.6796875,False,False
high_noise,3731,-1,0.91015625,False,False
high_noise,3732,1,0.94140625,True,False
high_noise,3733,-1,0.33984375,False,False
high_noise,3734,-1,0.19140625,False,False
high_noise,3735,-1,0.765625,False,False
high_noise,3736,1,1.703125,True,False
high_noise,3737,1,0.140625,True,False
high_noise,3738,-1,0.71484375,False,False
high_noise,3739,1,0.2734375,True,False
high_noise,3740,1,0.64453125,True,False
high_noise,3741,1,0.58984375,True,False
high_noise,3742,1,0.31640625,True,False
high_noise,3743,1,0.28515625,True,False
high_noise,3744,1,0.39453125,True,False
high_noise,3745,1,0.1796875,True,False
high_noise,3746,1,1.48046875,True,False
high_noise,3747,1,0.34765625,True,False
high_noise,3748,-1,1.27734375,False,False
high_noise,3749,1,0.10546875,True,False
high_noise,3750,1,0.09765625,True,False
high_noise,3751,1,0.64453125,True,False
high_noise,3752,1,0.75,True,False
high_noise,3753,1,0.34375,True,False
high_noise,3754,1,0.51953125,True,False
high_noise,3755,1,0.5703125,True,False
high_noise,3756,1,0.33203125,True,False
high_noise,3757,-1,0.1796875,False,False
high_noise,3758,1,0.2265625,True,False
high_noise,3759,1,0.3359375,True,False
high_noise,3760,1,0.546875,True,False
high_noise,3761,1,0.4296875,True,False
high_noise,3762,1,0.25,True,False
high_noise,3763,1,0.5234375,True,False
high_noise,3764,1,0.33203125,True,False
high_noise,3765,1,1.640625,True,False
high_noise,3766,1,0.2265625,True,False
high_noise,3767,0,,False,True
high_noise,3768,1,0.34765625,True,False
high_noise,3769,1,0.56640625,True,False
high_noise,3770,-1,0.34765625,False,False
high_noise,3771,1,1.59765625,True,False
high_noise,3772,1,0.50390625,True,False
high_noise,3773,1,0.42578125,True,False
high_noise,3774,1,0.33203125,True,False
high_noise,3775,1,0.78515625,True,False
high_noise,3776,1,0.41015625,True,False
high_noise,3777,1,1.125,True,False
high_noise,3778,1,1.0703125,True,False
high_noise,3779,-1,0.84765625,False,False
high_noise,3780,1,0.96484375,True,False
high_noise,3781,1,0.796875,True,False
high_noise,3782,1,0.34375,True,False
high_noise,3783,-1,0.54296875,False,False
high_noise,3784,1,0.51171875,True,False
high_noise,3785,1,0.26953125,True,False
high_noise,3786,1,0.16015625,True,False
high_noise,3787,1,0.2734375,True,False
high_noise,3788,1,0.37890625,True,False
high_noise,3789,1,0.265625,True,False
high_noise,3790,1,0.46875,True,False
high_noise,3791,1,0.11328125,True,False
high_noise,3792,1,0.8515625,True,False
high_noise,3793,1,0.6640625,True,False
high_noise,3794,1,1.0,True,False
high_noise,3795,-1,0.28515625,False,False
high_noise,3796,1,0.0703125,True,False
high_noise,3797,1,0.96875,True,False
high_noise,3798,1,0.34375,True,False
high_noise,3799,1,0.42578125,True,False
high_noise,3800,1,0.53515625,True,False
high_noise,3801,-1,0.47265625,False,False
high_noise,3802,1,0.703125,True,False
high_noise,3803,1,0.54296875,True,False
high_noise,3804,1,1.39453125,True,False
high_noise,3805,-1,1.0546875,False,False
high_noise,3806,1,0.10546875,True,False
high_noise,3807,1,0.515625,True,False
high_noise,3808,1,1.0234375,True,False
high_noise,3809,1,0.25390625,True,False
high_noise,3810,1,0.328125,True,False
high_noise,3811,1,0.2265625,True,False
high_noise,3812,1,0.5859375,True,False
high_noise,3813,1,0.453125,True,False
high_noise,3814,1,0.66796875,True,False
high_noise,3815,1,0.69140625,True,False
high_noise,3816,1,0.359375,True,False
high_noise,3817,1,0.12890625,True,False
high_noise,3818,1,0.39453125,True,False
high_noise,3819,1,0.3125,True,False
high_noise,3820,1,0.30078125,True,False
high_noise,3821,1,0.234375,True,False
high_noise,3822,-1,0.27734375,False,False
high_noise,3823,1,0.4296875,True,False
high_noise,3824,1,0.42578125,True,False
high_noise,3825,1,0.53125,True,False
high_noise,3826,1,1.14453125,True,False
high_noise,3827,-1,1.50390625,False,False
high_noise,3828,1,0.60546875,True,False
high_noise,3829,-1,0.6484375,False,False
high_noise,3830,1,1.140625,True,False
high_noise,3831,1,0.53515625,True,False
high_noise,3832,-1,0.17578125,False,False
high_noise,3833,1,0.21875,True,False
high_noise,3834,1,0.88671875,True,False
high_noise,3835,1,0.3984375,True,False
high_noise,3836,1,0.46875,True,False
high_noise,3837,1,0.26953125,True,False
high_noise,3838,1,0.34765625,True,False
high_noise,3839,1,1.11328125,True,False
high_noise,3840,1,1.19921875,True,False
high_noise,3841,-1,0.203125,False,False
high_noise,3842,0,,False,True
high_noise,3843,1,1.171875,True,False
high_noise,3844,1,0.32421875,True,False
high_noise,3845,0,,False,True
high_noise,3846,1,0.44921875,True,False
high_noise,3847,1,0.890625,True,False
high_noise,3848,1,0.4609375,True,False
high_noise,3849,1,0.6875,True,False
high_noise,3850,1,0.12109375,True,False
high_noise,3851,1,0.4453125,True,False
high_noise,3852,1,0.3984375,True,False
high_noise,3853,-1,0.74609375,False,False
high_noise,3854,-1,0.125,False,False
high_noise,3855,1,0.92578125,True,False
high_noise,3856,-1,0.96875,False,False
high_noise,3857,1,1.28125,True,False
high_noise,3858,1,0.29296875,True,False
high_noise,3859,1,0.73046875,True,False
high_noise,3860,1,0.83203125,True,False
high_noise,3861,-1,0.3671875,False,False
high_noise,3862,1,0.40625,True,False
high_noise,3863,-1,0.2421875,False,False
high_noise,3864,1,0.203125,True,False
high_noise,3865,1,0.40625,True,False
high_noise,3866,1,1.79296875,True,False
high_noise,3867,-1,0.22265625,False,False
high_noise,3868,1,0.21484375,True,False
high_noise,3869,1,0.11328125,True,False
high_noise,3870,-1,0.25,False,False
high_noise,3871,-1,0.9375,False,False
high_noise,3872,-1,0.16015625,False,False
high_noise,3873,0,,False,True
high_noise,3874,1,0.85546875,True,False
high_noise,3875,1,0.390625,True,False
high_noise,3876,1,0.48828125,True,False
high_noise,3877,1,0.51953125,True,False
high_noise,3878,1,1.21484375,True,False
high_noise,3879,-1,0.1640625,False,False
high_noise,3880,1,0.40234375,True,False
high_noise,3881,1,0.2265625,True,False
high_noise,3882,1,0.578125,True,False
high_noise,3883,-1,0.17578125,False,False
high_noise,3884,1,0.5078125,True,False
high_noise,3885,1,0.79296875,True,False
high_noise,3886,1,0.99609375,True,False
high_noise,3887,1,0.54296875,True,False
high_noise,3888,-1,0.2109375,False,False
high_noise,3889,-1,0.31640625,False,False
high_noise,3890,1,0.08203125,True,False
high_noise,3891,1,0.94140625,True,False
high_noise,3892,-1,0.515625,False,False
high_noise,3893,-1,0.26171875,False,False
high_noise,3894,1,1.09765625,True,False
high_noise,3895,0,,False,True
high_noise,3896,1,0.6171875,True,False
high_noise,3897,1,0.453125,True,False
high_noise,3898,1,0.54296875,True,False
high_noise,3899,-1,0.359375,False,False
high_noise,3900,-1,0.49609375,False,False
high_noise,3901,1,0.47265625,True,False
high_noise,3902,1,0.67578125,True,False
high_noise,3903,1,0.78515625,True,False
high_noise,3904,1,0.6875,True,False
high_noise,3905,1,0.28125,True,False
high_noise,3906,-1,0.85546875,False,False
high_noise,3907,-1,0.1640625,False,False
high_noise,3908,1,0.37109375,True,False
high_noise,3909,-1,0.3984375,False,False
high_noise,3910,1,0.140625,True,False
high_noise,3911,1,0.54296875,True,False
high_noise,3912,1,0.51171875,True,False
high_noise,3913,1,0.8515625,True,False
high_noise,3914,1,0.79296875,True,False
high_noise,3915,-1,0.16015625,False,False
high_noise,3916,1,0.31640625,True,False
high_noise,3917,1,0.28515625,True,False
high_noise,3918,1,0.67578125,True,False
high_noise,3919,1,0.8984375,True,False
high_noise,3920,1,0.52734375,True,False
high_noise,3921,1,0.7109375,True,False
high_noise,3922,1,0.5078125,True,False
high_noise,3923,-1,0.48046875,False,False
high_noise,3924,1,0.4140625,True,False
high_noise,3925,0,,False,True
high_noise,3926,1,0.48046875,True,False
high_noise,3927,-1,0.41015625,False,False
high_noise,3928,-1,0.33984375,False,False
high_noise,3929,1,0.28515625,True,False
high_noise,3930,1,0.33984375,True,False
high_noise,3931,1,0.34765625,True,False
high_noise,3932,1,1.06640625,True,False
high_noise,3933,1,1.54296875,True,False
high_noise,3934,-1,0.26953125,False,False
high_noise,3935,1,0.3515625,True,False
high_noise,3936,1,0.38671875,True,False
high_noise,3937,1,0.3984375,True,False
high_noise,3938,-1,0.375,False,False
high_noise,3939,1,0.5546875,True,False
high_noise,3940,1,0.14453125,True,False
high_noise,3941,1,0.15234375,True,False
high_noise,3942,-1,1.48828125,False,False
high_noise,3943,-1,1.140625,False,False
high_noise,3944,-1,0.15234375,False,False
high_noise,3945,1,0.27734375,True,False
high_noise,3946,1,0.44140625,True,False
high_noise,3947,1,0.52734375,True,False
high_noise,3948,1,0.21875,True,False
high_noise,3949,1,0.3125,True,False
high_noise,3950,1,0.30078125,True,False
high_noise,3951,1,0.4453125,True,False
high_noise,3952,1,0.20703125,True,False
high_noise,3953,1,0.4765625,True,False
high_noise,3954,-1,0.1328125,False,False
high_noise,3955,1,0.1875,True,False
high_noise,3956,1,0.46484375,True,False
high_noise,3957,1,0.60546875,True,False
high_noise,3958,-1,0.27734375,False,False
high_noise,3959,1,1.375,True,False
high_noise,3960,1,0.3359375,True,False
high_noise,3961,1,0.10546875,True,False
high_noise,3962,1,0.33203125,True,False
high_noise,3963,-1,0.26171875,False,False
high_noise,3964,1,0.171875,True,False
high_noise,3965,1,0.70703125,True,False
high_noise,3966,1,1.68359375,True,False
high_noise,3967,-1,0.73046875,False,False
high_noise,3968,1,0.6171875,True,False
high_noise,3969,1,0.30859375,True,False
high_noise,3970,1,0.42578125,True,False
high_noise,3971,-1,0.41015625,False,False
high_noise,3972,-1,0.45703125,False,False
high_noise,3973,-1,0.48828125,False,False
high_noise,3974,1,0.35546875,True,False
high_noise,3975,-1,1.6953125,False,False
high_noise,3976,1,0.578125,True,False
high_noise,3977,1,0.34765625,True,False
high_noise,3978,1,0.26953125,True,False
high_noise,3979,1,0.76953125,True,False
high_noise,3980,1,1.58984375,True,False
high_noise,3981,1,1.09765625,True,False
high_noise,3982,1,0.11328125,True,False
high_noise,3983,0,,False,True
high_noise,3984,1,0.69140625,True,False
high_noise,3985,1,1.2734375,True,False
high_noise,3986,1,0.70703125,True,False
high_noise,3987,1,1.1015625,True,False
high_noise,3988,1,0.17578125,True,False
high_noise,3989,-1,0.08203125,False,False
high_noise,3990,1,0.328125,True,False
high_noise,3991,1,0.203125,True,False
high_noise,3992,1,1.25,True,False
high_noise,3993,1,0.390625,True,False
high_noise,3994,1,0.4140625,True,False
high_noise,3995,1,0.3828125,True,False
high_noise,3996,1,0.59765625,True,False
high_noise,3997,1,0.25390625,True,False
high_noise,3998,1,0.828125,True,False
high_noise,3999,1,0.14453125,True,False
high_noise,4000,1,0.62109375,True,False
high_noise,4001,-1,0.1484375,False,False
high_noise,4002,1,0.5390625,True,False
high_noise,4003,1,0.703125,True,False
high_noise,4004,1,0.1640625,True,False
high_noise,4005,1,0.11328125,True,False
high_noise,4006,1,0.7578125,True,False
high_noise,4007,1,0.72265625,True,False
high_noise,4008,0,,False,True
high_noise,4009,-1,0.25390625,False,False
high_noise,4010,1,0.6171875,True,False
high_noise,4011,1,0.265625,True,False
high_noise,4012,1,0.484375,True,False
high_noise,4013,-1,0.40234375,False,False
high_noise,4014,1,0.44140625,True,False
high_noise,4015,-1,0.27734375,False,False
high_noise,4016,1,0.15625,True,False
high_noise,4017,1,0.3671875,True,False
high_noise,4018,1,0.38671875,True,False
high_noise,4019,1,0.19140625,True,False
high_noise,4020,1,0.3671875,True,False
high_noise,4021,1,0.26171875,True,False
high_noise,4022,1,0.48828125,True,False
high_noise,4023,-1,0.22265625,False,False
high_noise,4024,-1,0.28515625,False,False
high_noise,4025,1,0.46875,True,False
high_noise,4026,1,0.58984375,True,False
high_noise,4027,1,0.68359375,True,False
high_noise,4028,1,0.80859375,True,False
high_noise,4029,0,,False,True
high_noise,4030,0,,False,True
high_noise,4031,1,0.34375,True,False
high_noise,4032,1,1.3515625,True,False
high_noise,4033,1,0.5078125,True,False
high_noise,4034,1,0.30078125,True,False
high_noise,4035,1,0.20703125,True,False
high_noise,4036,1,0.5,True,False
high_noise,4037,1,0.421875,True,False
high_noise,4038,1,0.5390625,True,False
high_noise,4039,1,0.94140625,True,False
high_noise,4040,1,0.421875,True,False
high_noise,4041,1,0.26171875,True,False
high_noise,4042,1,0.45703125,True,False
high_noise,4043,1,0.19921875,True,False
high_noise,4044,1,0.65234375,True,False
high_noise,4045,1,0.36328125,True,False
high_noise,4046,1,0.4921875,True,False
high_noise,4047,1,0.1328125,True,False
high_noise,4048,-1,0.12890625,False,False
high_noise,4049,1,0.8828125,True,False
high_noise,4050,1,1.03515625,True,False
high_noise,4051,-1,0.18359375,False,False
high_noise,4052,1,0.171875,True,False
high_noise,4053,-1,0.9765625,False,False
high_noise,4054,-1,1.2109375,False,False
high_noise,4055,1,1.69921875,True,False
high_noise,4056,1,0.52734375,True,False
high_noise,4057,1,0.5390625,True,False
high_noise,4058,1,0.625,True,False
high_noise,4059,1,0.828125,True,False
high_noise,4060,1,0.21875,True,False
high_noise,4061,-1,0.97265625,False,False
high_noise,4062,-1,0.23828125,False,False
high_noise,4063,-1,1.91015625,False,False
high_noise,4064,1,0.73828125,True,False
high_noise,4065,1,0.22265625,True,False
high_noise,4066,1,0.51953125,True,False
high_noise,4067,-1,0.30078125,False,False
high_noise,4068,1,0.69921875,True,False
high_noise,4069,-1,0.44921875,False,False
high_noise,4070,1,0.23828125,True,False
high_noise,4071,1,0.265625,True,False
high_noise,4072,1,0.390625,True,False
high_noise,4073,1,0.70703125,True,False
high_noise,4074,-1,0.609375,False,False
high_noise,4075,1,0.41015625,True,False
high_noise,4076,-1,0.34375,False,False
high_noise,4077,1,0.453125,True,False
high_noise,4078,1,0.5625,True,False
high_noise,4079,1,0.43359375,True,False
high_noise,4080,1,0.2265625,True,False
high_noise,4081,1,0.5703125,True,False
high_noise,4082,-1,1.1640625,False,False
high_noise,4083,1,0.86328125,True,False
high_noise,4084,-1,0.7421875,False,False
high_noise,4085,1,0.171875,True,False
high_noise,4086,1,0.23046875,True,False
high_noise,4087,1,0.27734375,True,False
high_noise,4088,-1,0.72265625,False,False
high_noise,4089,-1,1.7109375,False,False
high_noise,4090,1,1.046875,True,False
high_noise,4091,1,0.3359375,True,False
high_noise,4092,1,1.03125,True,False
high_noise,4093,1,0.18359375,True,False
high_noise,4094,1,0.27734375,True,False
high_noise,4095,1,0.3828125,True,False
high_noise,4096,-1,0.26171875,False,False
high_noise,4097,1,0.77734375,True,False
high_noise,4098,1,0.25390625,True,False
high_noise,4099,1,0.46875,True,False
high_noise,4100,1,0.69921875,True,False
high_noise,4101,1,0.7578125,True,False
high_noise,4102,1,0.69921875,True,False
high_noise,4103,1,0.140625,True,False
high_noise,4104,1,0.17578125,True,False
high_noise,4105,1,0.40625,True,False
high_noise,4106,1,0.87890625,True,False
high_noise,4107,-1,0.2890625,False,False
high_noise,4108,1,0.53515625,True,False
high_noise,4109,1,0.38671875,True,False
high_noise,4110,1,0.33203125,True,False
high_noise,4111,1,0.671875,True,False
high_noise,4112,1,0.515625,True,False
high_noise,4113,1,0.76171875,True,False
high_noise,4114,1,0.21484375,True,False
high_noise,4115,-1,0.17578125,False,False
high_noise,4116,-1,0.203125,False,False
high_noise,4117,1,0.42578125,True,False
high_noise,4118,1,0.1796875,True,False
high_noise,4119,1,0.90234375,True,False
high_noise,4120,1,0.07421875,True,False
high_noise,4121,1,0.22265625,True,False
high_noise,4122,-1,0.0703125,False,False
high_noise,4123,-1,0.83984375,False,False
high_noise,4124,1,0.8359375,True,False
high_noise,4125,1,0.08984375,True,False
high_noise,4126,1,0.9609375,True,False
high_noise,4127,1,0.36328125,True,False
high_noise,4128,-1,0.4375,False,False
high_noise,4129,1,1.125,True,False
high_noise,4130,-1,0.12109375,False,False
high_noise,4131,-1,0.40234375,False,False
high_noise,4132,1,0.8828125,True,False
high_noise,4133,-1,0.24609375,False,False
high_noise,4134,-1,0.35546875,False,False
high_noise,4135,1,0.2265625,True,False
high_noise,4136,1,0.6953125,True,False
high_noise,4137,1,1.39453125,True,False
high_noise,4138,1,0.3359375,True,False
high_noise,4139,1,0.83203125,True,False
high_noise,4140,1,0.4921875,True,False
high_noise,4141,-1,0.2421875,False,False
high_noise,4142,1,0.47265625,True,False
high_noise,4143,1,0.703125,True,False
high_noise,4144,-1,0.18359375,False,False
high_noise,4145,1,0.265625,True,False
high_noise,4146,1,0.20703125,True,False
high_noise,4147,1,0.24609375,True,False
high_noise,4148,-1,0.44921875,False,False
high_noise,4149,1,0.453125,True,False
high_noise,4150,1,0.34765625,True,False
high_noise,4151,1,0.68359375,True,False
high_noise,4152,1,0.58984375,True,False
high_noise,4153,1,0.5625,True,False
high_noise,4154,1,0.42578125,True,False
high_noise,4155,1,0.56640625,True,False
high_noise,4156,-1,0.21484375,False,False
high_noise,4157,1,1.03515625,True,False
high_noise,4158,1,0.19921875,True,False
high_noise,4159,1,0.5703125,True,False
high_noise,4160,-1,0.33984375,False,False
high_noise,4161,1,0.25,True,False
high_noise,4162,1,0.4609375,True,False
high_noise,4163,1,0.4765625,True,False
high_noise,4164,1,0.1640625,True,False
high_noise,4165,-1,0.34375,False,False
high_noise,4166,1,1.16015625,True,False
high_noise,4167,1,0.83984375,True,False
high_noise,4168,1,0.11328125,True,False
high_noise,4169,1,0.375,True,False
high_noise,4170,1,0.1875,True,False
high_noise,4171,1,0.1484375,True,False
high_noise,4172,1,0.37890625,True,False
high_noise,4173,-1,0.35546875,False,False
high_noise,4174,-1,0.1484375,False,False
high_noise,4175,1,0.8828125,True,False
high_noise,4176,1,0.8984375,True,False
high_noise,4177,-1,0.32421875,False,False
high_noise,4178,1,0.26953125,True,False
high_noise,4179,1,0.23828125,True,False
high_noise,4180,-1,0.21875,False,False
high_noise,4181,1,0.375,True,False
high_noise,4182,1,0.33203125,True,False
high_noise,4183,1,0.3515625,True,False
high_noise,4184,1,0.578125,True,False
high_noise,4185,0,,False,True
high_noise,4186,1,0.30078125,True,False
high_noise,4187,-1,0.6875,False,False
high_noise,4188,1,0.31640625,True,False
high_noise,4189,-1,0.18359375,False,False
high_noise,4190,1,0.9140625,True,False
high_noise,4191,-1,0.1953125,False,False
high_noise,4192,1,0.2578125,True,False
high_noise,4193,1,0.30859375,True,False
high_noise,4194,1,0.265625,True,False
high_noise,4195,1,1.4921875,True,False
high_noise,4196,1,0.31640625,True,False
high_noise,4197,1,0.62890625,True,False
high_noise,4198,1,1.453125,True,False
high_noise,4199,1,0.12890625,True,False
high_noise,4200,1,0.25390625,True,False
high_noise,4201,1,0.36328125,True,False
high_noise,4202,-1,0.1875,False,False
high_noise,4203,-1,0.22265625,False,False
high_noise,4204,-1,0.6796875,False,False
high_noise,4205,1,0.4921875,True,False
high_noise,4206,-1,0.6015625,False,False
high_noise,4207,1,0.1953125,True,False
high_noise,4208,-1,0.21875,False,False
high_noise,4209,1,1.58984375,True,False
high_noise,4210,1,0.44921875,True,False
high_noise,4211,1,0.27734375,True,False
high_noise,4212,1,0.42578125,True,False
high_noise,4213,0,,False,True
high_noise,4214,1,0.25,True,False
high_noise,4215,1,0.3203125,True,False
high_noise,4216,-1,0.3515625,False,False
high_noise,4217,-1,0.26953125,False,False
high_noise,4218,1,1.0625,True,False
high_noise,4219,1,0.34375,True,False
high_noise,4220,1,0.671875,True,False
high_noise,4221,1,0.1171875,True,False
high_noise,4222,1,0.15625,True,False
high_noise,4223,1,0.33203125,True,False
high_noise,4224,1,0.265625,True,False
high_noise,4225,-1,0.35546875,False,False
high_noise,4226,1,0.41796875,True,False
high_noise,4227,1,0.71484375,True,False
high_noise,4228,1,0.14453125,True,False
high_noise,4229,1,0.484375,True,False
high_noise,4230,1,0.73828125,True,False
high_noise,4231,1,0.578125,True,False
high_noise,4232,1,0.3515625,True,False
high_noise,4233,1,0.27734375,True,False
high_noise,4234,-1,0.40234375,False,False
high_noise,4235,1,0.66796875,True,False
high_noise,4236,1,0.64453125,True,False
high_noise,4237,1,0.50390625,True,False
high_noise,4238,1,0.4140625,True,False
high_noise,4239,1,0.52734375,True,False
high_noise,4240,1,0.9296875,True,False
high_noise,4241,1,1.26171875,True,False
high_noise,4242,1,0.1484375,True,False
high_noise,4243,1,0.5390625,True,False
high_noise,4244,1,0.35546875,True,False
high_noise,4245,1,0.4140625,True,False
high_noise,4246,1,0.28515625,True,False
high_noise,4247,-1,0.61328125,False,False
high_noise,4248,1,0.26171875,True,False
high_noise,4249,1,0.10546875,True,False
high_noise,4250,1,1.15234375,True,False
high_noise,4251,-1,0.23046875,False,False
high_noise,4252,1,0.640625,True,False
high_noise,4253,0,,False,True
high_noise,4254,1,1.09765625,True,False
high_noise,4255,1,0.30078125,True,False
high_noise,4256,1,0.4296875,True,False
high_noise,4257,1,0.984375,True,False
high_noise,4258,1,0.875,True,False
high_noise,4259,1,0.23828125,True,False
high_noise,4260,1,1.54296875,True,False
high_noise,4261,1,0.79296875,True,False
high_noise,4262,0,,False,True
high_noise,4263,1,0.234375,True,False
high_noise,4264,1,0.421875,True,False
high_noise,4265,1,0.51953125,True,False
high_noise,4266,1,0.2578125,True,False
high_noise,4267,1,0.4921875,True,False
high_noise,4268,1,0.7734375,True,False
high_noise,4269,1,0.65625,True,False
high_noise,4270,1,1.3671875,True,False
high_noise,4271,1,0.3828125,True,False
high_noise,4272,1,0.5390625,True,False
high_noise,4273,-1,0.4609375,False,False
high_noise,4274,1,0.25,True,False
high_noise,4275,1,0.515625,True,False
high_noise,4276,1,0.26953125,True,False
high_noise,4277,-1,0.21875,False,False
high_noise,4278,1,0.08203125,True,False
high_noise,4279,-1,0.296875,False,False
high_noise,4280,1,0.35546875,True,False
high_noise,4281,1,0.44140625,True,False
high_noise,4282,1,0.55859375,True,False
high_noise,4283,1,1.03515625,True,False
high_noise,4284,-1,0.48046875,False,False
high_noise,4285,1,0.390625,True,False
high_noise,4286,0,,False,True
high_noise,4287,-1,0.21875,False,False
high_noise,4288,1,0.45703125,True,False
high_noise,4289,1,0.1640625,True,False
high_noise,4290,-1,0.1640625,False,False
high_noise,4291,1,0.4296875,True,False
high_noise,4292,1,0.546875,True,False
high_noise,4293,1,0.3203125,True,False
high_noise,4294,1,0.36328125,True,False
high_noise,4295,1,0.65234375,True,False
high_noise,4296,-1,0.703125,False,False
high_noise,4297,-1,0.6640625,False,False
high_noise,4298,1,0.48046875,True,False
high_noise,4299,1,0.35546875,True,False
high_noise,4300,-1,0.84765625,False,False
high_noise,4301,1,0.54296875,True,False
high_noise,4302,-1,0.15625,False,False
high_noise,4303,1,0.51953125,True,False
high_noise,4304,1,0.359375,True,False
high_noise,4305,1,0.375,True,False
high_noise,4306,-1,0.32421875,False,False
high_noise,4307,1,0.328125,True,False
high_noise,4308,-1,0.32421875,False,False
high_noise,4309,1,0.7109375,True,False
high_noise,4310,1,0.40234375,True,False
high_noise,4311,1,0.09375,True,False
high_noise,4312,1,0.4453125,True,False
high_noise,4313,1,0.36328125,True,False
high_noise,4314,1,0.18359375,True,False
high_noise,4315,1,0.82421875,True,False
high_noise,4316,1,0.75390625,True,False
high_noise,4317,1,0.18359375,True,False
high_noise,4318,1,0.94140625,True,False
high_noise,4319,1,0.390625,True,False
high_noise,4320,1,0.5546875,True,False
high_noise,4321,-1,0.1484375,False,False
high_noise,4322,1,0.33203125,True,False
high_noise,4323,1,0.609375,True,False
high_noise,4324,1,0.52734375,True,False
high_noise,4325,1,0.8046875,True,False
high_noise,4326,1,0.48828125,True,False
high_noise,4327,1,0.2421875,True,False
high_noise,4328,-1,0.3203125,False,False
high_noise,4329,-1,0.1875,False,False
high_noise,4330,1,0.45703125,True,False
high_noise,4331,1,0.16796875,True,False
high_noise,4332,1,0.8515625,True,False
high_noise,4333,1,1.37109375,True,False
high_noise,4334,1,0.80859375,True,False
high_noise,4335,1,0.359375,True,False
high_noise,4336,1,0.765625,True,False
high_noise,4337,1,0.79296875,True,False
high_noise,4338,1,1.08203125,True,False
high_noise,4339,-1,0.3359375,False,False
high_noise,4340,1,1.10546875,True,False
high_noise,4341,1,1.046875,True,False
high_noise,4342,-1,0.38671875,False,False
high_noise,4343,1,0.6015625,True,False
high_noise,4344,1,0.25390625,True,False
high_noise,4345,1,0.63671875,True,False
high_noise,4346,1,0.6171875,True,False
high_noise,4347,-1,0.31640625,False,False
high_noise,4348,-1,0.11328125,False,False
high_noise,4349,-1,0.27734375,False,False
high_noise,4350,1,1.1328125,True,False
high_noise,4351,-1,0.08984375,False,False
high_noise,4352,1,0.55859375,True,False
high_noise,4353,1,0.453125,True,False
high_noise,4354,1,0.9609375,True,False
high_noise,4355,-1,0.2421875,False,False
high_noise,4356,1,0.82421875,True,False
high_noise,4357,1,0.078125,True,False
high_noise,4358,1,0.33203125,True,False
high_noise,4359,1,1.5078125,True,False
high_noise,4360,1,0.42578125,True,False
high_noise,4361,1,0.6796875,True,False
high_noise,4362,1,1.03515625,True,False
high_noise,4363,1,0.94140625,True,False
high_noise,4364,1,0.93359375,True,False
high_noise,4365,1,1.03125,True,False
high_noise,4366,1,1.55078125,True,False
high_noise,4367,-1,1.26171875,False,False
high_noise,4368,1,0.25,True,False
high_noise,4369,1,1.09375,True,False
high_noise,4370,1,0.3125,True,False
high_noise,4371,1,0.2421875,True,False
high_noise,4372,-1,0.15234375,False,False
high_noise,4373,1,0.45703125,True,False
high_noise,4374,-1,0.14453125,False,False
high_noise,4375,1,0.34765625,True,False
high_noise,4376,1,1.1484375,True,False
high_noise,4377,1,0.984375,True,False
high_noise,4378,-1,0.234375,False,False
high_noise,4379,-1,0.09375,False,False
high_noise,4380,1,0.578125,True,False
high_noise,4381,-1,1.65625,False,False
high_noise,4382,1,0.26953125,True,False
high_noise,4383,-1,0.2421875,False,False
high_noise,4384,1,0.30078125,True,False
high_noise,4385,1,0.453125,True,False
high_noise,4386,1,0.1484375,True,False
high_noise,4387,1,0.640625,True,False
high_noise,4388,1,0.53125,True,False
high_noise,4389,-1,0.30078125,False,False
high_noise,4390,1,0.8125,True,False
high_noise,4391,1,0.0859375,True,False
high_noise,4392,1,1.125,True,False
high_noise,4393,-1,0.25390625,False,False
high_noise,4394,1,1.92578125,True,False
high_noise,4395,-1,0.9140625,False,False
high_noise,4396,1,1.03515625,True,False
high_noise,4397,1,0.421875,True,False
high_noise,4398,1,0.7890625,True,False
high_noise,4399,1,0.28125,True,False
high_noise,4400,1,1.13671875,True,False
high_noise,4401,1,0.265625,True,False
high_noise,4402,1,0.7734375,True,False
high_noise,4403,1,0.63671875,True,False
high_noise,4404,-1,0.2265625,False,False
high_noise,4405,1,0.265625,True,False
high_noise,4406,1,0.1796875,True,False
high_noise,4407,-1,0.65625,False,False
high_noise,4408,-1,0.6953125,False,False
high_noise,4409,-1,0.2890625,False,False
high_noise,4410,1,0.48046875,True,False
high_noise,4411,1,0.5390625,True,False
high_noise,4412,1,0.45703125,True,False
high_noise,4413,1,1.140625,True,False
high_noise,4414,1,0.18359375,True,False
high_noise,4415,1,0.609375,True,False
high_noise,4416,1,0.23046875,True,False
high_noise,4417,1,0.625,True,False
high_noise,4418,1,1.83984375,True,False
high_noise,4419,-1,0.70703125,False,False
high_noise,4420,1,0.796875,True,False
high_noise,4421,-1,0.26171875,False,False
high_noise,4422,1,0.36328125,True,False
high_noise,4423,-1,0.36328125,False,False
high_noise,4424,1,0.296875,True,False
high_noise,4425,1,1.1015625,True,False
high_noise,4426,1,0.8671875,True,False
high_noise,4427,1,0.87890625,True,False
high_noise,4428,1,0.62109375,True,False
high_noise,4429,1,0.4609375,True,False
high_noise,4430,1,1.421875,True,False
high_noise,4431,1,1.5390625,True,False
high_noise,4432,1,0.44140625,True,False
high_noise,4433,-1,0.234375,False,False
high_noise,4434,1,0.30859375,True,False
high_noise,4435,1,0.5,True,False
high_noise,4436,1,0.43359375,True,False
high_noise,4437,-1,0.95703125,False,False
high_noise,4438,1,1.9453125,True,False
high_noise,4439,-1,0.1875,False,False
high_noise,4440,1,0.94921875,True,False
high_noise,4441,1,0.484375,True,False
high_noise,4442,-1,0.0859375,False,False
high_noise,4443,1,0.1796875,True,False
high_noise,4444,-1,0.21875,False,False
high_noise,4445,1,1.0234375,True,False
high_noise,4446,1,0.60546875,True,False
high_noise,4447,-1,1.078125,False,False
high_noise,4448,1,0.23046875,True,False
high_noise,4449,1,0.1796875,True,False
high_noise,4450,1,0.99609375,True,False
high_noise,4451,1,1.07421875,True,False
high_noise,4452,1,0.49609375,True,False
high_noise,4453,1,0.55859375,True,False
high_noise,4454,1,0.21484375,True,False
high_noise,4455,1,0.15234375,True,False
high_noise,4456,1,1.15625,True,False
high_noise,4457,-1,0.94921875,False,False
high_noise,4458,1,0.80078125,True,False
high_noise,4459,1,0.9296875,True,False
high_noise,4460,1,0.53515625,True,False
high_noise,4461,1,0.72265625,True,False
high_noise,4462,1,0.671875,True,False
high_noise,4463,1,1.3203125,True,False
high_noise,4464,1,0.52734375,True,False
high_noise,4465,1,0.57421875,True,False
high_noise,4466,1,0.8125,True,False
high_noise,4467,1,1.015625,True,False
high_noise,4468,1,0.18359375,True,False
high_noise,4469,1,1.40625,True,False
high_noise,4470,1,0.1484375,True,False
high_noise,4471,1,0.48828125,True,False
high_noise,4472,1,0.09375,True,False
high_noise,4473,1,0.50390625,True,False
high_noise,4474,1,0.578125,True,False
high_noise,4475,1,1.0078125,True,False
high_noise,4476,1,0.46875,True,False
high_noise,4477,1,0.421875,True,False
high_noise,4478,1,0.296875,True,False
high_noise,4479,1,0.609375,True,False
high_noise,4480,-1,0.68359375,False,False
high_noise,4481,1,0.30859375,True,False
high_noise,4482,1,0.296875,True,False
high_noise,4483,1,0.3515625,True,False
high_noise,4484,1,0.984375,True,False
high_noise,4485,1,0.234375,True,False
high_noise,4486,-1,0.14453125,False,False
high_noise,4487,1,0.6796875,True,False
high_noise,4488,-1,1.54296875,False,False
high_noise,4489,1,0.30078125,True,False
high_noise,4490,-1,0.08984375,False,False
high_noise,4491,1,0.20703125,True,False
high_noise,4492,1,0.28515625,True,False
high_noise,4493,1,0.6328125,True,False
high_noise,4494,-1,0.1328125,False,False
high_noise,4495,1,0.51953125,True,False
high_noise,4496,1,0.234375,True,False
high_noise,4497,1,0.54296875,True,False
high_noise,4498,-1,0.07421875,False,False
high_noise,4499,-1,0.8984375,False,False
high_noise,4500,1,0.171875,True,False
high_noise,4501,-1,0.328125,False,False
high_noise,4502,1,0.62890625,True,False
high_noise,4503,-1,0.27734375,False,False
high_noise,4504,1,0.44140625,True,False
high_noise,4505,1,1.5859375,True,False
high_noise,4506,1,1.1171875,True,False
high_noise,4507,1,0.32421875,True,False
high_noise,4508,-1,0.55859375,False,False
high_noise,4509,1,0.1484375,True,False
high_noise,4510,-1,0.76953125,False,False
high_noise,4511,1,0.51171875,True,False
high_noise,4512,1,0.12109375,True,False
high_noise,4513,1,0.09765625,True,False
high_noise,4514,-1,0.265625,False,False
high_noise,4515,1,0.34765625,True,False
high_noise,4516,-1,0.17578125,False,False
high_noise,4517,1,0.59375,True,False
high_noise,4518,1,1.48046875,True,False
high_noise,4519,1,0.203125,True,False
high_noise,4520,1,1.0859375,True,False
high_noise,4521,1,1.203125,True,False
high_noise,4522,-1,0.21875,False,False
high_noise,4523,1,0.921875,True,False
high_noise,4524,1,1.41796875,True,False
high_noise,4525,1,0.3828125,True,False
high_noise,4526,-1,0.3828125,False,False
high_noise,4527,-1,0.4609375,False,False
high_noise,4528,1,0.3125,True,False
high_noise,4529,-1,0.44921875,False,False
high_noise,4530,1,0.76171875,True,False
high_noise,4531,1,0.8984375,True,False
high_noise,4532,1,1.62109375,True,False
high_noise,4533,1,0.3671875,True,False
high_noise,4534,-1,0.109375,False,False
high_noise,4535,1,0.3046875,True,False
high_noise,4536,1,0.51171875,True,False
high_noise,4537,1,0.56640625,True,False
high_noise,4538,1,0.4453125,True,False
high_noise,4539,1,0.2734375,True,False
high_noise,4540,-1,0.6640625,False,False
high_noise,4541,1,0.69921875,True,False
high_noise,4542,1,0.09765625,True,False
high_noise,4543,1,0.3359375,True,False
high_noise,4544,1,1.15625,True,False
high_noise,4545,1,1.90625,True,False
high_noise,4546,1,0.3828125,True,False
high_noise,4547,1,0.171875,True,False
high_noise,4548,1,0.59375,True,False
high_noise,4549,1,0.3515625,True,False
high_noise,4550,1,0.140625,True,False
high_noise,4551,1,0.7265625,True,False
high_noise,4552,1,0.58203125,True,False
high_noise,4553,1,0.453125,True,False
high_noise,4554,1,1.265625,True,False
high_noise,4555,1,0.265625,True,False
high_noise,4556,1,0.58203125,True,False
high_noise,4557,1,0.6953125,True,False
high_noise,4558,1,0.140625,True,False
high_noise,4559,1,0.44921875,True,False
high_noise,4560,1,0.40234375,True,False
high_noise,4561,1,0.4453125,True,False
high_noise,4562,-1,0.27734375,False,False
high_noise,4563,1,1.78125,True,False
high_noise,4564,1,1.2109375,True,False
high_noise,4565,-1,0.83203125,False,False
high_noise,4566,1,0.53515625,True,False
high_noise,4567,1,0.859375,True,False
high_noise,4568,1,1.0859375,True,False
high_noise,4569,1,0.53125,True,False
high_noise,4570,-1,0.78125,False,False
high_noise,4571,1,0.36328125,True,False
high_noise,4572,-1,0.6953125,False,False
high_noise,4573,1,1.89453125,True,False
high_noise,4574,1,0.265625,True,False
high_noise,4575,-1,0.25390625,False,False
high_noise,4576,1,0.20703125,True,False
high_noise,4577,1,0.57421875,True,False
high_noise,4578,1,0.39453125,True,False
high_noise,4579,1,0.44921875,True,False
high_noise,4580,-1,0.19140625,False,False
high_noise,4581,-1,0.31640625,False,False
high_noise,4582,1,0.16796875,True,False
high_noise,4583,-1,0.27734375,False,False
high_noise,4584,1,0.97265625,True,False
high_noise,4585,1,0.20703125,True,False
high_noise,4586,1,0.359375,True,False
high_noise,4587,1,0.9453125,True,False
high_noise,4588,1,1.02734375,True,False
high_noise,4589,1,1.1875,True,False
high_noise,4590,1,0.3125,True,False
high_noise,4591,1,0.9140625,True,False
high_noise,4592,1,0.828125,True,False
high_noise,4593,1,0.33984375,True,False
high_noise,4594,1,0.74609375,True,False
high_noise,4595,-1,0.50390625,False,False
high_noise,4596,1,0.34375,True,False
high_noise,4597,1,0.6328125,True,False
high_noise,4598,1,0.828125,True,False
high_noise,4599,1,0.109375,True,False
high_noise,4600,-1,0.6484375,False,False
high_noise,4601,1,0.1171875,True,False
high_noise,4602,1,0.63671875,True,False
high_noise,4603,1,0.53125,True,False
high_noise,4604,1,0.18359375,True,False
high_noise,4605,1,0.7421875,True,False
high_noise,4606,1,0.703125,True,False
high_noise,4607,-1,0.28125,False,False
high_noise,4608,-1,0.21484375,False,False
high_noise,4609,1,0.86328125,True,False
high_noise,4610,1,1.796875,True,False
high_noise,4611,1,0.7109375,True,False
high_noise,4612,1,1.16015625,True,False
high_noise,4613,1,0.23828125,True,False
high_noise,4614,1,1.28125,True,False
high_noise,4615,1,0.59765625,True,False
high_noise,4616,1,0.71484375,True,False
high_noise,4617,1,0.41015625,True,False
high_noise,4618,-1,1.0703125,False,False
high_noise,4619,1,0.20703125,True,False
high_noise,4620,1,0.125,True,False
high_noise,4621,1,1.13671875,True,False
high_noise,4622,1,0.46875,True,False
high_noise,4623,1,0.4453125,True,False
high_noise,4624,-1,0.18359375,False,False
high_noise,4625,1,0.14453125,True,False
high_noise,4626,1,0.66015625,True,False
high_noise,4627,-1,0.42578125,False,False
high_noise,4628,-1,0.44140625,False,False
high_noise,4629,1,0.40234375,True,False
high_noise,4630,1,0.5,True,False
high_noise,4631,1,0.5703125,True,False
high_noise,4632,1,0.41015625,True,False
high_noise,4633,1,1.09765625,True,False
high_noise,4634,1,0.39453125,True,False
high_noise,4635,1,0.97265625,True,False
high_noise,4636,1,0.33203125,True,False
high_noise,4637,1,0.1875,True,False
high_noise,4638,1,1.7578125,True,False
high_noise,4639,1,1.03125,True,False
high_noise,4640,1,0.40234375,True,False
high_noise,4641,1,0.48828125,True,False
high_noise,4642,1,0.37109375,True,False
high_noise,4643,1,0.48046875,True,False
high_noise,4644,1,0.421875,True,False
high_noise,4645,1,0.2265625,True,False
high_noise,4646,1,1.44921875,True,False
high_noise,4647,1,0.26171875,True,False
high_noise,4648,1,0.13671875,True,False
high_noise,4649,-1,0.90234375,False,False
high_noise,4650,1,0.1875,True,False
high_noise,4651,1,0.515625,True,False
high_noise,4652,-1,0.23828125,False,False
high_noise,4653,1,0.66015625,True,False
high_noise,4654,1,0.5859375,True,False
high_noise,4655,1,1.4765625,True,False
high_noise,4656,1,1.41796875,True,False
high_noise,4657,1,0.46875,True,False
high_noise,4658,-1,0.7421875,False,False
high_noise,4659,0,,False,True
high_noise,4660,-1,0.29296875,False,False
high_noise,4661,1,0.28125,True,False
high_noise,4662,1,0.2421875,True,False
high_noise,4663,-1,0.453125,False,False
high_noise,4664,1,0.26171875,True,False
high_noise,4665,1,0.4453125,True,False
high_noise,4666,1,0.4765625,True,False
high_noise,4667,1,0.4921875,True,False
high_noise,4668,1,0.25390625,True,False
high_noise,4669,-1,0.16015625,False,False
high_noise,4670,1,0.140625,True,False
high_noise,4671,1,0.69140625,True,False
high_noise,4672,1,0.3984375,True,False
high_noise,4673,1,0.8984375,True,False
high_noise,4674,1,0.40234375,True,False
high_noise,4675,-1,0.88671875,False,False
high_noise,4676,1,0.3984375,True,False
high_noise,4677,1,0.3984375,True,False
high_noise,4678,1,0.58203125,True,False
high_noise,4679,1,0.796875,True,False
high_noise,4680,1,0.29296875,True,False
high_noise,4681,-1,0.19921875,False,False
high_noise,4682,1,0.2890625,True,False
high_noise,4683,1,0.35546875,True,False
high_noise,4684,1,1.0703125,True,False
high_noise,4685,-1,0.0859375,False,False
high_noise,4686,1,0.7421875,True,False
high_noise,4687,1,0.65625,True,False
high_noise,4688,1,0.21875,True,False
high_noise,4689,1,0.34765625,True,False
high_noise,4690,1,0.73828125,True,False
high_noise,4691,1,0.12890625,True,False
high_noise,4692,1,1.1796875,True,False
high_noise,4693,1,0.37109375,True,False
high_noise,4694,1,0.125,True,False
high_noise,4695,1,0.703125,True,False
high_noise,4696,1,0.3203125,True,False
high_noise,4697,1,0.6796875,True,False
high_noise,4698,1,0.08984375,True,False
high_noise,4699,1,0.22265625,True,False
high_noise,4700,1,0.90234375,True,False
high_noise,4701,1,0.23046875,True,False
high_noise,4702,1,1.9375,True,False
high_noise,4703,1,0.71484375,True,False
high_noise,4704,-1,0.703125,False,False
high_noise,4705,1,0.41015625,True,False
high_noise,4706,1,0.38671875,True,False
high_noise,4707,1,0.703125,True,False
high_noise,4708,-1,0.3125,False,False
high_noise,4709,1,0.2421875,True,False
high_noise,4710,1,0.57421875,True,False
high_noise,4711,1,0.8828125,True,False
high_noise,4712,1,0.15234375,True,False
high_noise,4713,1,0.90625,True,False
high_noise,4714,-1,0.41796875,False,False
high_noise,4715,1,1.4765625,True,False
high_noise,4716,1,1.2265625,True,False
high_noise,4717,1,0.4296875,True,False
high_noise,4718,1,0.453125,True,False
high_noise,4719,1,0.45703125,True,False
high_noise,4720,1,1.6953125,True,False
high_noise,4721,1,0.78515625,True,False
high_noise,4722,1,0.97265625,True,False
high_noise,4723,1,0.80078125,True,False
high_noise,4724,1,0.12109375,True,False
high_noise,4725,1,0.26953125,True,False
high_noise,4726,1,0.296875,True,False
high_noise,4727,1,0.1875,True,False
high_noise,4728,1,0.45703125,True,False
high_noise,4729,1,1.02734375,True,False
high_noise,4730,1,0.4296875,True,False
high_noise,4731,1,0.1953125,True,False
high_noise,4732,1,0.6171875,True,False
high_noise,4733,1,0.640625,True,False
high_noise,4734,1,0.25,True,False
high_noise,4735,1,0.359375,True,False
high_noise,4736,-1,0.44921875,False,False
high_noise,4737,1,0.1796875,True,False
high_noise,4738,1,0.03515625,True,False
high_noise,4739,1,0.2265625,True,False
high_noise,4740,1,1.26953125,True,False
high_noise,4741,1,0.2578125,True,False
high_noise,4742,1,0.62890625,True,False
high_noise,4743,1,0.46875,True,False
high_noise,4744,1,0.40234375,True,False
high_noise,4745,1,0.62890625,True,False
high_noise,4746,1,0.28125,True,False
high_noise,4747,1,0.37890625,True,False
high_noise,4748,1,0.8203125,True,False
high_noise,4749,-1,0.34765625,False,False
high_noise,4750,1,0.3203125,True,False
high_noise,4751,1,0.265625,True,False
high_noise,4752,-1,0.06640625,False,False
high_noise,4753,1,0.859375,True,False
high_noise,4754,1,0.140625,True,False
high_noise,4755,-1,0.51171875,False,False
high_noise,4756,1,0.53515625,True,False
high_noise,4757,1,0.3125,True,False
high_noise,4758,1,0.51953125,True,False
high_noise,4759,1,0.34375,True,False
high_noise,4760,1,0.33203125,True,False
high_noise,4761,-1,0.234375,False,False
high_noise,4762,1,1.59375,True,False
high_noise,4763,1,0.73046875,True,False
high_noise,4764,1,0.19921875,True,False
high_noise,4765,1,1.703125,True,False
high_noise,4766,1,0.6640625,True,False
high_noise,4767,1,0.35546875,True,False
high_noise,4768,1,1.546875,True,False
high_noise,4769,1,0.11328125,True,False
high_noise,4770,0,,False,True
high_noise,4771,1,0.76953125,True,False
high_noise,4772,1,0.40625,True,False
high_noise,4773,1,0.47265625,True,False
high_noise,4774,1,0.3203125,True,False
high_noise,4775,1,0.1875,True,False
high_noise,4776,1,0.43359375,True,False
high_noise,4777,1,0.1328125,True,False
high_noise,4778,1,0.8984375,True,False
high_noise,4779,1,0.17578125,True,False
high_noise,4780,1,0.44140625,True,False
high_noise,4781,-1,1.47265625,False,False
high_noise,4782,-1,0.26953125,False,False
high_noise,4783,1,0.20703125,True,False
high_noise,4784,0,,False,True
high_noise,4785,1,1.72265625,True,False
high_noise,4786,1,0.27734375,True,False
high_noise,4787,1,0.28515625,True,False
high_noise,4788,1,0.375,True,False
high_noise,4789,-1,0.734375,False,False
high_noise,4790,1,0.66796875,True,False
high_noise,4791,1,0.38671875,True,False
high_noise,4792,1,0.828125,True,False
high_noise,4793,1,1.296875,True,False
high_noise,4794,1,0.3203125,True,False
high_noise,4795,-1,0.23046875,False,False
high_noise,4796,1,0.87890625,True,False
high_noise,4797,1,0.6796875,True,False
high_noise,4798,1,0.71484375,True,False
high_noise,4799,1,1.80078125,True,False
high_noise,4800,1,1.03125,True,False
high_noise,4801,-1,0.5078125,False,False
high_noise,4802,1,0.12109375,True,False
high_noise,4803,1,0.99609375,True,False
high_noise,4804,1,0.34375,True,False
high_noise,4805,1,0.97265625,True,False
high_noise,4806,1,0.17578125,True,False
high_noise,4807,1,0.94921875,True,False
high_noise,4808,-1,0.47265625,False,False
high_noise,4809,1,0.296875,True,False
high_noise,4810,-1,0.68359375,False,False
high_noise,4811,-1,0.67578125,False,False
high_noise,4812,1,0.953125,True,False
high_noise,4813,1,0.640625,True,False
high_noise,4814,-1,0.1796875,False,False
high_noise,4815,1,0.203125,True,False
high_noise,4816,1,0.19140625,True,False
high_noise,4817,1,0.3671875,True,False
high_noise,4818,-1,0.8125,False,False
high_noise,4819,1,0.5234375,True,False
high_noise,4820,1,0.15625,True,False
high_noise,4821,1,0.328125,True,False
high_noise,4822,1,0.578125,True,False
high_noise,4823,1,0.2578125,True,False
high_noise,4824,1,0.9921875,True,False
high_noise,4825,1,0.29296875,True,False
high_noise,4826,1,1.21484375,True,False
high_noise,4827,1,0.43359375,True,False
high_noise,4828,0,,False,True
high_noise,4829,1,0.453125,True,False
high_noise,4830,1,0.12890625,True,False
high_noise,4831,-1,0.18359375,False,False
high_noise,4832,-1,0.34765625,False,False
high_noise,4833,1,0.1171875,True,False
high_noise,4834,1,0.30859375,True,False
high_noise,4835,1,0.3125,True,False
high_noise,4836,1,0.171875,True,False
high_noise,4837,-1,0.359375,False,False
high_noise,4838,1,0.26953125,True,False
high_noise,4839,1,0.48046875,True,False
high_noise,4840,1,1.1640625,True,False
high_noise,4841,1,0.26171875,True,False
high_noise,4842,1,0.69921875,True,False
high_noise,4843,1,1.9609375,True,False
high_noise,4844,1,0.94140625,True,False
high_noise,4845,1,0.3515625,True,False
high_noise,4846,-1,0.16015625,False,False
high_noise,4847,-1,0.328125,False,False
high_noise,4848,-1,0.3203125,False,False
high_noise,4849,1,0.26171875,True,False
high_noise,4850,1,0.90234375,True,False
high_noise,4851,-1,0.08984375,False,False
high_noise,4852,1,1.5546875,True,False
high_noise,4853,1,0.62890625,True,False
high_noise,4854,0,,False,True
high_noise,4855,1,0.203125,True,False
high_noise,4856,1,0.94140625,True,False
high_noise,4857,1,0.296875,True,False
high_noise,4858,1,0.3828125,True,False
high_noise,4859,1,0.37890625,True,False
high_noise,4860,1,0.3046875,True,False
high_noise,4861,1,0.51171875,True,False
high_noise,4862,-1,0.1796875,False,False
high_noise,4863,1,0.84765625,True,False
high_noise,4864,-1,0.25390625,False,False
high_noise,4865,-1,0.19140625,False,False
high_noise,4866,1,0.515625,True,False
high_noise,4867,-1,1.2734375,False,False
high_noise,4868,-1,0.8515625,False,False
high_noise,4869,1,0.15234375,True,False
high_noise,4870,1,0.3359375,True,False
high_noise,4871,1,1.6328125,True,False
high_noise,4872,-1,0.453125,False,False
high_noise,4873,1,0.2421875,True,False
high_noise,4874,-1,0.296875,False,False
high_noise,4875,1,0.2109375,True,False
high_noise,4876,1,0.28515625,True,False
high_noise,4877,1,0.58984375,True,False
high_noise,4878,1,0.41015625,True,False
high_noise,4879,1,0.375,True,False
high_noise,4880,1,0.6015625,True,False
high_noise,4881,1,0.32421875,True,False
high_noise,4882,1,0.265625,True,False
high_noise,4883,1,1.05859375,True,False
high_noise,4884,1,0.64453125,True,False
high_noise,4885,-1,0.4453125,False,False
high_noise,4886,-1,0.13671875,False,False
high_noise,4887,1,0.33984375,True,False
high_noise,4888,1,0.58984375,True,False
high_noise,4889,1,0.58203125,True,False
high_noise,4890,1,0.28515625,True,False
high_noise,4891,-1,0.484375,False,False
high_noise,4892,-1,0.23828125,False,False
high_noise,4893,1,0.33984375,True,False
high_noise,4894,1,0.29296875,True,False
high_noise,4895,-1,0.46484375,False,False
high_noise,4896,1,0.2578125,True,False
high_noise,4897,1,0.35546875,True,False
high_noise,4898,1,0.63671875,True,False
high_noise,4899,1,0.19140625,True,False
high_noise,4900,-1,0.109375,False,False
high_noise,4901,1,0.41796875,True,False
high_noise,4902,1,1.14453125,True,False
high_noise,4903,1,0.76171875,True,False
high_noise,4904,-1,0.3203125,False,False
high_noise,4905,1,0.375,True,False
high_noise,4906,1,0.46484375,True,False
high_noise,4907,1,0.17578125,True,False
high_noise,4908,1,0.63671875,True,False
high_noise,4909,1,1.3828125,True,False
high_noise,4910,1,0.23828125,True,False
high_noise,4911,-1,0.3125,False,False
high_noise,4912,1,0.81640625,True,False
high_noise,4913,1,0.08203125,True,False
high_noise,4914,1,1.18359375,True,False
high_noise,4915,1,0.234375,True,False
high_noise,4916,1,0.84765625,True,False
high_noise,4917,1,0.80078125,True,False
high_noise,4918,1,0.7578125,True,False
high_noise,4919,1,0.625,True,False
high_noise,4920,1,0.1328125,True,False
high_noise,4921,1,0.8515625,True,False
high_noise,4922,1,0.78515625,True,False
high_noise,4923,1,0.49609375,True,False
high_noise,4924,1,0.72265625,True,False
high_noise,4925,1,0.64453125,True,False
high_noise,4926,1,0.2109375,True,False
high_noise,4927,1,0.49609375,True,False
high_noise,4928,1,1.8046875,True,False
high_noise,4929,1,0.2890625,True,False
high_noise,4930,1,0.66796875,True,False
high_noise,4931,1,1.46875,True,False
high_noise,4932,1,0.7421875,True,False
high_noise,4933,-1,0.54296875,False,False
high_noise,4934,-1,0.25390625,False,False
high_noise,4935,1,1.1953125,True,False
high_noise,4936,1,0.62109375,True,False
high_noise,4937,-1,0.28515625,False,False
high_noise,4938,1,0.5859375,True,False
high_noise,4939,1,0.203125,True,False
high_noise,4940,1,1.3359375,True,False
high_noise,4941,1,0.73046875,True,False
high_noise,4942,1,0.44140625,True,False
high_noise,4943,1,1.3671875,True,False
high_noise,4944,1,1.09765625,True,False
high_noise,4945,-1,0.203125,False,False
high_noise,4946,1,0.8359375,True,False
high_noise,4947,-1,0.44140625,False,False
high_noise,4948,1,0.79296875,True,False
high_noise,4949,0,,False,True
high_noise,4950,1,0.390625,True,False
high_noise,4951,1,0.3828125,True,False
high_noise,4952,1,0.89453125,True,False
high_noise,4953,-1,0.125,False,False
high_noise,4954,-1,0.14453125,False,False
high_noise,4955,1,0.15234375,True,False
high_noise,4956,1,0.52734375,True,False
high_noise,4957,1,0.28515625,True,False
high_noise,4958,1,0.2265625,True,False
high_noise,4959,-1,0.53125,False,False
high_noise,4960,1,1.03515625,True,False
high_noise,4961,1,0.6875,True,False
high_noise,4962,1,0.4609375,True,False
high_noise,4963,1,0.546875,True,False
high_noise,4964,1,0.1171875,True,False
high_noise,4965,1,0.5390625,True,False
high_noise,4966,-1,0.11328125,False,False
high_noise,4967,1,0.3125,True,False
high_noise,4968,1,0.578125,True,False
high_noise,4969,-1,0.125,False,False
high_noise,4970,1,0.86328125,True,False
high_noise,4971,1,0.4921875,True,False
high_noise,4972,-1,0.7734375,False,False
high_noise,4973,1,1.77734375,True,False
high_noise,4974,1,0.53515625,True,False
high_noise,4975,1,0.37890625,True,False
high_noise,4976,1,0.53125,True,False
high_noise,4977,1,0.5,True,False
high_noise,4978,1,0.37109375,True,False
high_noise,4979,1,0.703125,True,False
high_noise,4980,1,0.6171875,True,False
high_noise,4981,1,0.421875,True,False
high_noise,4982,1,0.4765625,True,False
high_noise,4983,1,1.08984375,True,False
high_noise,4984,-1,0.2109375,False,False
high_noise,4985,1,0.8203125,True,False
high_noise,4986,1,0.59375,True,False
high_noise,4987,1,0.90625,True,False
high_noise,4988,-1,0.3203125,False,False
high_noise,4989,1,0.52734375,True,False
high_noise,4990,1,0.4921875,True,False
high_noise,4991,-1,0.27734375,False,False
high_noise,4992,1,0.390625,True,False
high_noise,4993,1,0.2890625,True,False
high_noise,4994,1,0.6875,True,False
high_noise,4995,1,0.27734375,True,False
high_noise,4996,-1,0.9375,False,False
high_noise,4997,1,0.59375,True,False
high_noise,4998,1,0.16015625,True,False
high_noise,4999,1,0.265625,True,False
high_noise,5000,1,1.25390625,True,False
low_evidence,1,0,,False,True
low_evidence,2,0,,False,True
low_evidence,3,0,,False,True
low_evidence,4,1,1.71484375,True,False
low_evidence,5,1,1.37890625,True,False
low_evidence,6,0,,False,True
low_evidence,7,0,,False,True
low_evidence,8,0,,False,True
low_evidence,9,0,,False,True
low_evidence,10,1,0.84765625,True,False
low_evidence,11,0,,False,True
low_evidence,12,0,,False,True
low_evidence,13,1,1.6953125,True,False
low_evidence,14,0,,False,True
low_evidence,15,0,,False,True
low_evidence,16,0,,False,True
low_evidence,17,0,,False,True
low_evidence,18,0,,False,True
low_evidence,19,0,,False,True
low_evidence,20,1,0.4921875,True,False
low_evidence,21,1,1.06640625,True,False
low_evidence,22,0,,False,True
low_evidence,23,-1,1.63671875,False,False
low_evidence,24,0,,False,True
low_evidence,25,1,2.0,True,False
low_evidence,26,1,1.265625,True,False
low_evidence,27,0,,False,True
low_evidence,28,0,,False,True
low_evidence,29,0,,False,True
low_evidence,30,1,1.80859375,True,False
low_evidence,31,0,,False,True
low_evidence,32,0,,False,True
low_evidence,33,0,,False,True
low_evidence,34,0,,False,True
low_evidence,35,0,,False,True
low_evidence,36,0,,False,True
low_evidence,37,0,,False,True
low_evidence,38,0,,False,True
low_evidence,39,0,,False,True
low_evidence,40,0,,False,True
low_evidence,41,0,,False,True
low_evidence,42,0,,False,True
low_evidence,43,0,,False,True
low_evidence,44,0,,False,True
low_evidence,45,0,,False,True
low_evidence,46,0,,False,True
low_evidence,47,0,,False,True
low_evidence,48,1,0.98046875,True,False
low_evidence,49,-1,1.31640625,False,False
low_evidence,50,0,,False,True
low_evidence,51,1,1.89453125,True,False
low_evidence,52,0,,False,True
low_evidence,53,0,,False,True
low_evidence,54,0,,False,True
low_evidence,55,0,,False,True
low_evidence,56,0,,False,True
low_evidence,57,0,,False,True
low_evidence,58,0,,False,True
low_evidence,59,0,,False,True
low_evidence,60,0,,False,True
low_evidence,61,-1,0.80859375,False,False
low_evidence,62,0,,False,True
low_evidence,63,0,,False,True
low_evidence,64,0,,False,True
low_evidence,65,1,1.22265625,True,False
low_evidence,66,0,,False,True
low_evidence,67,0,,False,True
low_evidence,68,0,,False,True
low_evidence,69,0,,False,True
low_evidence,70,0,,False,True
low_evidence,71,0,,False,True
low_evidence,72,0,,False,True
low_evidence,73,0,,False,True
low_evidence,74,0,,False,True
low_evidence,75,1,1.4296875,True,False
low_evidence,76,0,,False,True
low_evidence,77,0,,False,True
low_evidence,78,0,,False,True
low_evidence,79,0,,False,True
low_evidence,80,0,,False,True
low_evidence,81,0,,False,True
low_evidence,82,0,,False,True
low_evidence,83,1,1.921875,True,False
low_evidence,84,1,1.41015625,True,False
low_evidence,85,0,,False,True
low_evidence,86,1,1.05859375,True,False
low_evidence,87,0,,False,True
low_evidence,88,0,,False,True
low_evidence,89,0,,False,True
low_evidence,90,0,,False,True
low_evidence,91,0,,False,True
low_evidence,92,0,,False,True
low_evidence,93,1,1.77734375,True,False
low_evidence,94,0,,False,True
low_evidence,95,0,,False,True
low_evidence,96,0,,False,True
low_evidence,97,1,1.1953125,True,False
low_evidence,98,0,,False,True
low_evidence,99,0,,False,True
low_evidence,100,0,,False,True
low_evidence,101,0,,False,True
low_evidence,102,0,,False,True
low_evidence,103,0,,False,True
low_evidence,104,0,,False,True
low_evidence,105,0,,False,True
low_evidence,106,0,,False,True
low_evidence,107,1,1.0859375,True,False
low_evidence,108,0,,False,True
low_evidence,109,0,,False,True
low_evidence,110,0,,False,True
low_evidence,111,0,,False,True
low_evidence,112,0,,False,True
low_evidence,113,0,,False,True
low_evidence,114,0,,False,True
low_evidence,115,0,,False,True
low_evidence,116,0,,False,True
low_evidence,117,0,,False,True
low_evidence,118,0,,False,True
low_evidence,119,0,,False,True
low_evidence,120,0,,False,True
low_evidence,121,0,,False,True
low_evidence,122,0,,False,True
low_evidence,123,1,1.8359375,True,False
low_evidence,124,0,,False,True
low_evidence,125,-1,0.9453125,False,False
low_evidence,126,1,1.51953125,True,False
low_evidence,127,0,,False,True
low_evidence,128,0,,False,True
low_evidence,129,0,,False,True
low_evidence,130,0,,False,True
low_evidence,131,0,,False,True
low_evidence,132,0,,False,True
low_evidence,133,1,1.33984375,True,False
low_evidence,134,0,,False,True
low_evidence,135,0,,False,True
low_evidence,136,0,,False,True
low_evidence,137,0,,False,True
low_evidence,138,0,,False,True
low_evidence,139,1,1.2265625,True,False
low_evidence,140,0,,False,True
low_evidence,141,0,,False,True
low_evidence,142,1,1.6875,True,False
low_evidence,143,0,,False,True
low_evidence,144,0,,False,True
low_evidence,145,0,,False,True
low_evidence,146,0,,False,True
low_evidence,147,0,,False,True
low_evidence,148,0,,False,True
low_evidence,149,0,,False,True
low_evidence,150,0,,False,True
low_evidence,151,0,,False,True
low_evidence,152,0,,False,True
low_evidence,153,0,,False,True
low_evidence,154,1,1.84765625,True,False
low_evidence,155,1,0.90234375,True,False
low_evidence,156,0,,False,True
low_evidence,157,0,,False,True
low_evidence,158,-1,1.52734375,False,False
low_evidence,159,0,,False,True
low_evidence,160,0,,False,True
low_evidence,161,0,,False,True
low_evidence,162,0,,False,True
low_evidence,163,0,,False,True
low_evidence,164,0,,False,True
low_evidence,165,0,,False,True
low_evidence,166,1,1.78515625,True,False
low_evidence,167,0,,False,True
low_evidence,168,1,1.64453125,True,False
low_evidence,169,0,,False,True
low_evidence,170,0,,False,True
low_evidence,171,0,,False,True
low_evidence,172,0,,False,True
low_evidence,173,0,,False,True
low_evidence,174,1,1.2265625,True,False
low_evidence,175,0,,False,True
low_evidence,176,0,,False,True
low_evidence,177,0,,False,True
low_evidence,178,0,,False,True
low_evidence,179,0,,False,True
low_evidence,180,-1,0.69140625,False,False
low_evidence,181,0,,False,True
low_evidence,182,0,,False,True
low_evidence,183,1,1.01953125,True,False
low_evidence,184,0,,False,True
low_evidence,185,0,,False,True
low_evidence,186,0,,False,True
low_evidence,187,0,,False,True
low_evidence,188,0,,False,True
low_evidence,189,0,,False,True
low_evidence,190,1,1.15625,True,False
low_evidence,191,0,,False,True
low_evidence,192,-1,0.625,False,False
low_evidence,193,0,,False,True
low_evidence,194,0,,False,True
low_evidence,195,0,,False,True
low_evidence,196,0,,False,True
low_evidence,197,0,,False,True
low_evidence,198,0,,False,True
low_evidence,199,0,,False,True
low_evidence,200,0,,False,True
low_evidence,201,0,,False,True
low_evidence,202,1,1.6640625,True,False
low_evidence,203,0,,False,True
low_evidence,204,0,,False,True
low_evidence,205,0,,False,True
low_evidence,206,0,,False,True
low_evidence,207,1,1.26171875,True,False
low_evidence,208,0,,False,True
low_evidence,209,0,,False,True
low_evidence,210,0,,False,True
low_evidence,211,1,1.96875,True,False
low_evidence,212,0,,False,True
low_evidence,213,0,,False,True
low_evidence,214,0,,False,True
low_evidence,215,0,,False,True
low_evidence,216,1,1.43359375,True,False
low_evidence,217,0,,False,True
low_evidence,218,0,,False,True
low_evidence,219,0,,False,True
low_evidence,220,0,,False,True
low_evidence,221,1,1.91015625,True,False
low_evidence,222,1,1.56640625,True,False
low_evidence,223,1,1.99609375,True,False
low_evidence,224,0,,False,True
low_evidence,225,0,,False,True
low_evidence,226,0,,False,True
low_evidence,227,0,,False,True
low_evidence,228,0,,False,True
low_evidence,229,0,,False,True
low_evidence,230,0,,False,True
low_evidence,231,0,,False,True
low_evidence,232,0,,False,True
low_evidence,233,0,,False,True
low_evidence,234,0,,False,True
low_evidence,235,0,,False,True
low_evidence,236,1,1.45703125,True,False
low_evidence,237,0,,False,True
low_evidence,238,1,1.546875,True,False
low_evidence,239,0,,False,True
low_evidence,240,0,,False,True
low_evidence,241,0,,False,True
low_evidence,242,0,,False,True
low_evidence,243,0,,False,True
low_evidence,244,1,1.33984375,True,False
low_evidence,245,0,,False,True
low_evidence,246,-1,1.4453125,False,False
low_evidence,247,0,,False,True
low_evidence,248,0,,False,True
low_evidence,249,0,,False,True
low_evidence,250,1,1.99609375,True,False
low_evidence,251,0,,False,True
low_evidence,252,0,,False,True
low_evidence,253,1,1.76171875,True,False
low_evidence,254,0,,False,True
low_evidence,255,0,,False,True
low_evidence,256,0,,False,True
low_evidence,257,0,,False,True
low_evidence,258,0,,False,True
low_evidence,259,1,1.58203125,True,False
low_evidence,260,0,,False,True
low_evidence,261,0,,False,True
low_evidence,262,-1,1.27734375,False,False
low_evidence,263,1,1.4296875,True,False
low_evidence,264,0,,False,True
low_evidence,265,0,,False,True
low_evidence,266,0,,False,True
low_evidence,267,0,,False,True
low_evidence,268,0,,False,True
low_evidence,269,0,,False,True
low_evidence,270,0,,False,True
low_evidence,271,0,,False,True
low_evidence,272,1,1.75,True,False
low_evidence,273,0,,False,True
low_evidence,274,0,,False,True
low_evidence,275,0,,False,True
low_evidence,276,0,,False,True
low_evidence,277,0,,False,True
low_evidence,278,0,,False,True
low_evidence,279,0,,False,True
low_evidence,280,1,1.6796875,True,False
low_evidence,281,0,,False,True
low_evidence,282,0,,False,True
low_evidence,283,0,,False,True
low_evidence,284,0,,False,True
low_evidence,285,0,,False,True
low_evidence,286,0,,False,True
low_evidence,287,0,,False,True
low_evidence,288,1,1.5,True,False
low_evidence,289,0,,False,True
low_evidence,290,-1,1.40625,False,False
low_evidence,291,0,,False,True
low_evidence,292,0,,False,True
low_evidence,293,0,,False,True
low_evidence,294,1,1.078125,True,False
low_evidence,295,1,1.26171875,True,False
low_evidence,296,0,,False,True
low_evidence,297,1,1.58984375,True,False
low_evidence,298,0,,False,True
low_evidence,299,0,,False,True
low_evidence,300,1,1.984375,True,False
low_evidence,301,0,,False,True
low_evidence,302,1,1.17578125,True,False
low_evidence,303,0,,False,True
low_evidence,304,0,,False,True
low_evidence,305,-1,1.15234375,False,False
low_evidence,306,0,,False,True
low_evidence,307,0,,False,True
low_evidence,308,0,,False,True
low_evidence,309,0,,False,True
low_evidence,310,1,1.3046875,True,False
low_evidence,311,0,,False,True
low_evidence,312,0,,False,True
low_evidence,313,0,,False,True
low_evidence,314,1,1.61328125,True,False
low_evidence,315,0,,False,True
low_evidence,316,0,,False,True
low_evidence,317,0,,False,True
low_evidence,318,0,,False,True
low_evidence,319,0,,False,True
low_evidence,320,1,0.59375,True,False
low_evidence,321,0,,False,True
low_evidence,322,0,,False,True
low_evidence,323,0,,False,True
low_evidence,324,0,,False,True
low_evidence,325,0,,False,True
low_evidence,326,0,,False,True
low_evidence,327,0,,False,True
low_evidence,328,0,,False,True
low_evidence,329,0,,False,True
low_evidence,330,0,,False,True
low_evidence,331,0,,False,True
low_evidence,332,1,1.46875,True,False
low_evidence,333,-1,0.515625,False,False
low_evidence,334,0,,False,True
low_evidence,335,0,,False,True
low_evidence,336,0,,False,True
low_evidence,337,0,,False,True
low_evidence,338,0,,False,True
low_evidence,339,0,,False,True
low_evidence,340,0,,False,True
low_evidence,341,0,,False,True
low_evidence,342,1,1.29296875,True,False
low_evidence,343,0,,False,True
low_evidence,344,1,0.5625,True,False
low_evidence,345,0,,False,True
low_evidence,346,0,,False,True
low_evidence,347,0,,False,True
low_evidence,348,0,,False,True
low_evidence,349,0,,False,True
low_evidence,350,0,,False,True
low_evidence,351,0,,False,True
low_evidence,352,0,,False,True
low_evidence,353,1,1.5703125,True,False
low_evidence,354,0,,False,True
low_evidence,355,1,1.390625,True,False
low_evidence,356,0,,False,True
low_evidence,357,0,,False,True
low_evidence,358,0,,False,True
low_evidence,359,1,1.859375,True,False
low_evidence,360,0,,False,True
low_evidence,361,0,,False,True
low_evidence,362,0,,False,True
low_evidence,363,0,,False,True
low_evidence,364,0,,False,True
low_evidence,365,0,,False,True
low_evidence,366,-1,1.9140625,False,False
low_evidence,367,0,,False,True
low_evidence,368,0,,False,True
low_evidence,369,0,,False,True
low_evidence,370,0,,False,True
low_evidence,371,0,,False,True
low_evidence,372,0,,False,True
low_evidence,373,0,,False,True
low_evidence,374,0,,False,True
low_evidence,375,0,,False,True
low_evidence,376,1,1.95703125,True,False
low_evidence,377,1,1.53125,True,False
low_evidence,378,-1,1.62890625,False,False
low_evidence,379,1,1.1328125,True,False
low_evidence,380,1,1.234375,True,False
low_evidence,381,0,,False,True
low_evidence,382,1,1.23046875,True,False
low_evidence,383,0,,False,True
low_evidence,384,1,1.42578125,True,False
low_evidence,385,0,,False,True
low_evidence,386,0,,False,True
low_evidence,387,0,,False,True
low_evidence,388,0,,False,True
low_evidence,389,1,1.84375,True,False
low_evidence,390,0,,False,True
low_evidence,391,0,,False,True
low_evidence,392,1,1.4140625,True,False
low_evidence,393,0,,False,True
low_evidence,394,0,,False,True
low_evidence,395,1,1.8515625,True,False
low_evidence,396,0,,False,True
low_evidence,397,0,,False,True
low_evidence,398,0,,False,True
low_evidence,399,-1,1.08984375,False,False
low_evidence,400,0,,False,True
low_evidence,401,0,,False,True
low_evidence,402,0,,False,True
low_evidence,403,0,,False,True
low_evidence,404,0,,False,True
low_evidence,405,0,,False,True
low_evidence,406,0,,False,True
low_evidence,407,0,,False,True
low_evidence,408,0,,False,True
low_evidence,409,-1,1.42578125,False,False
low_evidence,410,0,,False,True
low_evidence,411,0,,False,True
low_evidence,412,0,,False,True
low_evidence,413,1,1.98828125,True,False
low_evidence,414,0,,False,True
low_evidence,415,0,,False,True
low_evidence,416,0,,False,True
low_evidence,417,0,,False,True
low_evidence,418,0,,False,True
low_evidence,419,0,,False,True
low_evidence,420,1,1.859375,True,False
low_evidence,421,0,,False,True
low_evidence,422,0,,False,True
low_evidence,423,0,,False,True
low_evidence,424,0,,False,True
low_evidence,425,0,,False,True
low_evidence,426,0,,False,True
low_evidence,427,0,,False,True
low_evidence,428,1,0.67578125,True,False
low_evidence,429,0,,False,True
low_evidence,430,0,,False,True
low_evidence,431,1,1.1796875,True,False
low_evidence,432,0,,False,True
low_evidence,433,0,,False,True
low_evidence,434,0,,False,True
low_evidence,435,1,1.578125,True,False
low_evidence,436,0,,False,True
low_evidence,437,0,,False,True
low_evidence,438,0,,False,True
low_evidence,439,0,,False,True
low_evidence,440,0,,False,True
low_evidence,441,0,,False,True
low_evidence,442,0,,False,True
low_evidence,443,0,,False,True
low_evidence,444,1,1.1796875,True,False
low_evidence,445,0,,False,True
low_evidence,446,1,1.0859375,True,False
low_evidence,447,1,0.94921875,True,False
low_evidence,448,0,,False,True
low_evidence,449,0,,False,True
low_evidence,450,0,,False,True
low_evidence,451,0,,False,True
low_evidence,452,0,,False,True
low_evidence,453,0,,False,True
low_evidence,454,0,,False,True
low_evidence,455,0,,False,True
low_evidence,456,0,,False,True
low_evidence,457,1,1.33203125,True,False
low_evidence,458,0,,False,True
low_evidence,459,0,,False,True
low_evidence,460,0,,False,True
low_evidence,461,0,,False,True
low_evidence,462,0,,False,True
low_evidence,463,0,,False,True
low_evidence,464,0,,False,True
low_evidence,465,1,1.8984375,True,False
low_evidence,466,0,,False,True
low_evidence,467,0,,False,True
low_evidence,468,1,1.68359375,True,False
low_evidence,469,0,,False,True
low_evidence,470,0,,False,True
low_evidence,471,0,,False,True
low_evidence,472,0,,False,True
low_evidence,473,0,,False,True
low_evidence,474,0,,False,True
low_evidence,475,0,,False,True
low_evidence,476,0,,False,True
low_evidence,477,0,,False,True
low_evidence,478,0,,False,True
low_evidence,479,1,1.96484375,True,False
low_evidence,480,0,,False,True
low_evidence,481,0,,False,True
low_evidence,482,0,,False,True
low_evidence,483,0,,False,True
low_evidence,484,0,,False,True
low_evidence,485,0,,False,True
low_evidence,486,0,,False,True
low_evidence,487,0,,False,True
low_evidence,488,0,,False,True
low_evidence,489,1,1.2734375,True,False
low_evidence,490,0,,False,True
low_evidence,491,1,1.20703125,True,False
low_evidence,492,0,,False,True
low_evidence,493,0,,False,True
low_evidence,494,0,,False,True
low_evidence,495,0,,False,True
low_evidence,496,0,,False,True
low_evidence,497,0,,False,True
low_evidence,498,1,1.50390625,True,False
low_evidence,499,0,,False,True
low_evidence,500,0,,False,True
low_evidence,501,0,,False,True
low_evidence,502,0,,False,True
low_evidence,503,0,,False,True
low_evidence,504,0,,False,True
low_evidence,505,1,1.90234375,True,False
low_evidence,506,0,,False,True
low_evidence,507,0,,False,True
low_evidence,508,0,,False,True
low_evidence,509,0,,False,True
low_evidence,510,0,,False,True
low_evidence,511,0,,False,True
low_evidence,512,0,,False,True
low_evidence,513,1,1.5703125,True,False
low_evidence,514,0,,False,True
low_evidence,515,1,1.640625,True,False
low_evidence,516,0,,False,True
low_evidence,517,1,1.84375,True,False
low_evidence,518,0,,False,True
low_evidence,519,0,,False,True
low_evidence,520,0,,False,True
low_evidence,521,1,1.84375,True,False
low_evidence,522,1,0.6328125,True,False
low_evidence,523,0,,False,True
low_evidence,524,1,1.75,True,False
low_evidence,525,1,1.0234375,True,False
low_evidence,526,0,,False,True
low_evidence,527,0,,False,True
low_evidence,528,0,,False,True
low_evidence,529,0,,False,True
low_evidence,530,0,,False,True
low_evidence,531,0,,False,True
low_evidence,532,0,,False,True
low_evidence,533,1,1.41796875,True,False
low_evidence,534,-1,1.76171875,False,False
low_evidence,535,0,,False,True
low_evidence,536,0,,False,True
low_evidence,537,0,,False,True
low_evidence,538,0,,False,True
low_evidence,539,0,,False,True
low_evidence,540,0,,False,True
low_evidence,541,0,,False,True
low_evidence,542,0,,False,True
low_evidence,543,0,,False,True
low_evidence,544,0,,False,True
low_evidence,545,0,,False,True
low_evidence,546,0,,False,True
low_evidence,547,1,1.97265625,True,False
low_evidence,548,0,,False,True
low_evidence,549,0,,False,True
low_evidence,550,0,,False,True
low_evidence,551,0,,False,True
low_evidence,552,0,,False,True
low_evidence,553,0,,False,True
low_evidence,554,0,,False,True
low_evidence,555,0,,False,True
low_evidence,556,1,1.86328125,True,False
low_evidence,557,0,,False,True
low_evidence,558,0,,False,True
low_evidence,559,0,,False,True
low_evidence,560,1,1.796875,True,False
low_evidence,561,0,,False,True
low_evidence,562,0,,False,True
low_evidence,563,0,,False,True
low_evidence,564,0,,False,True
low_evidence,565,0,,False,True
low_evidence,566,0,,False,True
low_evidence,567,1,0.98828125,True,False
low_evidence,568,0,,False,True
low_evidence,569,-1,1.73828125,False,False
low_evidence,570,1,1.58984375,True,False
low_evidence,571,0,,False,True
low_evidence,572,0,,False,True
low_evidence,573,0,,False,True
low_evidence,574,0,,False,True
low_evidence,575,0,,False,True
low_evidence,576,0,,False,True
low_evidence,577,0,,False,True
low_evidence,578,1,1.12890625,True,False
low_evidence,579,1,1.0078125,True,False
low_evidence,580,0,,False,True
low_evidence,581,0,,False,True
low_evidence,582,-1,1.98046875,False,False
low_evidence,583,0,,False,True
low_evidence,584,0,,False,True
low_evidence,585,0,,False,True
low_evidence,586,1,1.17578125,True,False
low_evidence,587,0,,False,True
low_evidence,588,0,,False,True
low_evidence,589,0,,False,True
low_evidence,590,0,,False,True
low_evidence,591,0,,False,True
low_evidence,592,0,,False,True
low_evidence,593,0,,False,True
low_evidence,594,1,1.6875,True,False
low_evidence,595,0,,False,True
low_evidence,596,0,,False,True
low_evidence,597,0,,False,True
low_evidence,598,0,,False,True
low_evidence,599,1,1.48046875,True,False
low_evidence,600,0,,False,True
low_evidence,601,0,,False,True
low_evidence,602,0,,False,True
low_evidence,603,0,,False,True
low_evidence,604,1,1.9921875,True,False
low_evidence,605,0,,False,True
low_evidence,606,0,,False,True
low_evidence,607,0,,False,True
low_evidence,608,1,2.0,True,False
low_evidence,609,0,,False,True
low_evidence,610,0,,False,True
low_evidence,611,0,,False,True
low_evidence,612,0,,False,True
low_evidence,613,0,,False,True
low_evidence,614,1,1.8046875,True,False
low_evidence,615,-1,1.32421875,False,False
low_evidence,616,1,1.484375,True,False
low_evidence,617,0,,False,True
low_evidence,618,0,,False,True
low_evidence,619,1,1.0625,True,False
low_evidence,620,1,1.43359375,True,False
low_evidence,621,1,1.50390625,True,False
low_evidence,622,1,1.8828125,True,False
low_evidence,623,0,,False,True
low_evidence,624,0,,False,True
low_evidence,625,1,1.8203125,True,False
low_evidence,626,1,0.7265625,True,False
low_evidence,627,-1,1.33984375,False,False
low_evidence,628,0,,False,True
low_evidence,629,0,,False,True
low_evidence,630,0,,False,True
low_evidence,631,1,1.19921875,True,False
low_evidence,632,0,,False,True
low_evidence,633,0,,False,True
low_evidence,634,0,,False,True
low_evidence,635,0,,False,True
low_evidence,636,0,,False,True
low_evidence,637,0,,False,True
low_evidence,638,0,,False,True
low_evidence,639,0,,False,True
low_evidence,640,0,,False,True
low_evidence,641,0,,False,True
low_evidence,642,1,1.6875,True,False
low_evidence,643,0,,False,True
low_evidence,644,0,,False,True
low_evidence,645,0,,False,True
low_evidence,646,0,,False,True
low_evidence,647,0,,False,True
low_evidence,648,0,,False,True
low_evidence,649,1,1.296875,True,False
low_evidence,650,0,,False,True
low_evidence,651,0,,False,True
low_evidence,652,0,,False,True
low_evidence,653,0,,False,True
low_evidence,654,0,,False,True
low_evidence,655,-1,1.625,False,False
low_evidence,656,0,,False,True
low_evidence,657,0,,False,True
low_evidence,658,-1,1.01953125,False,False
low_evidence,659,0,,False,True
low_evidence,660,0,,False,True
low_evidence,661,0,,False,True
low_evidence,662,0,,False,True
low_evidence,663,0,,False,True
low_evidence,664,0,,False,True
low_evidence,665,0,,False,True
low_evidence,666,0,,False,True
low_evidence,667,1,1.1796875,True,False
low_evidence,668,0,,False,True
low_evidence,669,0,,False,True
low_evidence,670,0,,False,True
low_evidence,671,1,1.8046875,True,False
low_evidence,672,0,,False,True
low_evidence,673,0,,False,True
low_evidence,674,0,,False,True
low_evidence,675,0,,False,True
low_evidence,676,0,,False,True
low_evidence,677,1,1.0546875,True,False
low_evidence,678,1,1.74609375,True,False
low_evidence,679,0,,False,True
low_evidence,680,0,,False,True
low_evidence,681,0,,False,True
low_evidence,682,0,,False,True
low_evidence,683,0,,False,True
low_evidence,684,-1,1.44140625,False,False
low_evidence,685,0,,False,True
low_evidence,686,0,,False,True
low_evidence,687,0,,False,True
low_evidence,688,0,,False,True
low_evidence,689,0,,False,True
low_evidence,690,0,,False,True
low_evidence,691,0,,False,True
low_evidence,692,0,,False,True
low_evidence,693,0,,False,True
low_evidence,694,0,,False,True
low_evidence,695,0,,False,True
low_evidence,696,0,,False,True
low_evidence,697,0,,False,True
low_evidence,698,0,,False,True
low_evidence,699,1,1.15625,True,False
low_evidence,700,1,1.35546875,True,False
low_evidence,701,0,,False,True
low_evidence,702,0,,False,True
low_evidence,703,0,,False,True
low_evidence,704,0,,False,True
low_evidence,705,0,,False,True
low_evidence,706,0,,False,True
low_evidence,707,1,1.4921875,True,False
low_evidence,708,0,,False,True
low_evidence,709,0,,False,True
low_evidence,710,0,,False,True
low_evidence,711,0,,False,True
low_evidence,712,1,1.53515625,True,False
low_evidence,713,0,,False,True
low_evidence,714,1,1.9375,True,False
low_evidence,715,0,,False,True
low_evidence,716,0,,False,True
low_evidence,717,-1,1.984375,False,False
low_evidence,718,0,,False,True
low_evidence,719,0,,False,True
low_evidence,720,0,,False,True
low_evidence,721,1,1.2109375,True,False
low_evidence,722,0,,False,True
low_evidence,723,0,,False,True
low_evidence,724,1,1.625,True,False
low_evidence,725,0,,False,True
low_evidence,726,0,,False,True
low_evidence,727,0,,False,True
low_evidence,728,0,,False,True
low_evidence,729,0,,False,True
low_evidence,730,0,,False,True
low_evidence,731,0,,False,True
low_evidence,732,0,,False,True
low_evidence,733,0,,False,True
low_evidence,734,1,1.62109375,True,False
low_evidence,735,0,,False,True
low_evidence,736,0,,False,True
low_evidence,737,0,,False,True
low_evidence,738,1,1.796875,True,False
low_evidence,739,1,1.19140625,True,False
low_evidence,740,0,,False,True
low_evidence,741,0,,False,True
low_evidence,742,0,,False,True
low_evidence,743,0,,False,True
low_evidence,744,1,1.87109375,True,False
low_evidence,745,0,,False,True
low_evidence,746,0,,False,True
low_evidence,747,1,0.7578125,True,False
low_evidence,748,0,,False,True
low_evidence,749,0,,False,True
low_evidence,750,0,,False,True
low_evidence,751,0,,False,True
low_evidence,752,0,,False,True
low_evidence,753,0,,False,True
low_evidence,754,0,,False,True
low_evidence,755,0,,False,True
low_evidence,756,0,,False,True
low_evidence,757,0,,False,True
low_evidence,758,0,,False,True
low_evidence,759,0,,False,True
low_evidence,760,1,0.84765625,True,False
low_evidence,761,1,1.3359375,True,False
low_evidence,762,0,,False,True
low_evidence,763,0,,False,True
low_evidence,764,0,,False,True
low_evidence,765,0,,False,True
low_evidence,766,0,,False,True
low_evidence,767,1,1.83984375,True,False
low_evidence,768,1,1.83203125,True,False
low_evidence,769,0,,False,True
low_evidence,770,0,,False,True
low_evidence,771,0,,False,True
low_evidence,772,0,,False,True
low_evidence,773,0,,False,True
low_evidence,774,1,1.7890625,True,False
low_evidence,775,0,,False,True
low_evidence,776,0,,False,True
low_evidence,777,0,,False,True
low_evidence,778,0,,False,True
low_evidence,779,1,1.87890625,True,False
low_evidence,780,0,,False,True
low_evidence,781,0,,False,True
low_evidence,782,0,,False,True
low_evidence,783,0,,False,True
low_evidence,784,0,,False,True
low_evidence,785,0,,False,True
low_evidence,786,0,,False,True
low_evidence,787,0,,False,True
low_evidence,788,0,,False,True
low_evidence,789,0,,False,True
low_evidence,790,0,,False,True
low_evidence,791,-1,1.5546875,False,False
low_evidence,792,1,1.85546875,True,False
low_evidence,793,1,1.7265625,True,False
low_evidence,794,0,,False,True
low_evidence,795,1,1.87109375,True,False
low_evidence,796,0,,False,True
low_evidence,797,0,,False,True
low_evidence,798,0,,False,True
low_evidence,799,0,,False,True
low_evidence,800,1,0.65234375,True,False
low_evidence,801,0,,False,True
low_evidence,802,0,,False,True
low_evidence,803,0,,False,True
low_evidence,804,0,,False,True
low_evidence,805,0,,False,True
low_evidence,806,0,,False,True
low_evidence,807,0,,False,True
low_evidence,808,1,0.88671875,True,False
low_evidence,809,0,,False,True
low_evidence,810,0,,False,True
low_evidence,811,0,,False,True
low_evidence,812,0,,False,True
low_evidence,813,1,1.2421875,True,False
low_evidence,814,0,,False,True
low_evidence,815,0,,False,True
low_evidence,816,0,,False,True
low_evidence,817,0,,False,True
low_evidence,818,0,,False,True
low_evidence,819,0,,False,True
low_evidence,820,-1,1.62890625,False,False
low_evidence,821,1,0.9140625,True,False
low_evidence,822,0,,False,True
low_evidence,823,0,,False,True
low_evidence,824,1,0.984375,True,False
low_evidence,825,0,,False,True
low_evidence,826,0,,False,True
low_evidence,827,0,,False,True
low_evidence,828,0,,False,True
low_evidence,829,0,,False,True
low_evidence,830,0,,False,True
low_evidence,831,0,,False,True
low_evidence,832,0,,False,True
low_evidence,833,0,,False,True
low_evidence,834,0,,False,True
low_evidence,835,1,1.62109375,True,False
low_evidence,836,1,1.46875,True,False
low_evidence,837,0,,False,True
low_evidence,838,1,1.890625,True,False
low_evidence,839,0,,False,True
low_evidence,840,0,,False,True
low_evidence,841,-1,1.78515625,False,False
low_evidence,842,0,,False,True
low_evidence,843,0,,False,True
low_evidence,844,0,,False,True
low_evidence,845,0,,False,True
low_evidence,846,0,,False,True
low_evidence,847,0,,False,True
low_evidence,848,0,,False,True
low_evidence,849,1,1.56640625,True,False
low_evidence,850,0,,False,True
low_evidence,851,1,1.453125,True,False
low_evidence,852,0,,False,True
low_evidence,853,0,,False,True
low_evidence,854,0,,False,True
low_evidence,855,0,,False,True
low_evidence,856,0,,False,True
low_evidence,857,0,,False,True
low_evidence,858,0,,False,True
low_evidence,859,0,,False,True
low_evidence,860,1,1.68359375,True,False
low_evidence,861,0,,False,True
low_evidence,862,0,,False,True
low_evidence,863,0,,False,True
low_evidence,864,1,1.23828125,True,False
low_evidence,865,0,,False,True
low_evidence,866,0,,False,True
low_evidence,867,0,,False,True
low_evidence,868,0,,False,True
low_evidence,869,0,,False,True
low_evidence,870,0,,False,True
low_evidence,871,1,1.3984375,True,False
low_evidence,872,1,1.0,True,False
low_evidence,873,0,,False,True
low_evidence,874,0,,False,True
low_evidence,875,0,,False,True
low_evidence,876,1,1.48046875,True,False
low_evidence,877,0,,False,True
low_evidence,878,0,,False,True
low_evidence,879,0,,False,True
low_evidence,880,0,,False,True
low_evidence,881,0,,False,True
low_evidence,882,-1,1.0390625,False,False
low_evidence,883,-1,1.546875,False,False
low_evidence,884,1,1.44140625,True,False
low_evidence,885,0,,False,True
low_evidence,886,0,,False,True
low_evidence,887,0,,False,True
low_evidence,888,0,,False,True
low_evidence,889,0,,False,True
low_evidence,890,0,,False,True
low_evidence,891,0,,False,True
low_evidence,892,0,,False,True
low_evidence,893,0,,False,True
low_evidence,894,0,,False,True
low_evidence,895,0,,False,True
low_evidence,896,0,,False,True
low_evidence,897,0,,False,True
low_evidence,898,0,,False,True
low_evidence,899,0,,False,True
low_evidence,900,0,,False,True
low_evidence,901,0,,False,True
low_evidence,902,0,,False,True
low_evidence,903,1,1.16796875,True,False
low_evidence,904,1,1.85546875,True,False
low_evidence,905,0,,False,True
low_evidence,906,0,,False,True
low_evidence,907,0,,False,True
low_evidence,908,0,,False,True
low_evidence,909,-1,1.94140625,False,False
low_evidence,910,0,,False,True
low_evidence,911,0,,False,True
low_evidence,912,0,,False,True
low_evidence,913,0,,False,True
low_evidence,914,1,1.73828125,True,False
low_evidence,915,0,,False,True
low_evidence,916,0,,False,True
low_evidence,917,0,,False,True
low_evidence,918,1,1.74609375,True,False
low_evidence,919,0,,False,True
low_evidence,920,0,,False,True
low_evidence,921,0,,False,True
low_evidence,922,0,,False,True
low_evidence,923,0,,False,True
low_evidence,924,0,,False,True
low_evidence,925,0,,False,True
low_evidence,926,0,,False,True
low_evidence,927,1,1.6640625,True,False
low_evidence,928,-1,0.66796875,False,False
low_evidence,929,0,,False,True
low_evidence,930,0,,False,True
low_evidence,931,0,,False,True
low_evidence,932,0,,False,True
low_evidence,933,0,,False,True
low_evidence,934,0,,False,True
low_evidence,935,0,,False,True
low_evidence,936,1,1.95703125,True,False
low_evidence,937,1,1.46875,True,False
low_evidence,938,0,,False,True
low_evidence,939,0,,False,True
low_evidence,940,0,,False,True
low_evidence,941,0,,False,True
low_evidence,942,-1,1.16796875,False,False
low_evidence,943,0,,False,True
low_evidence,944,0,,False,True
low_evidence,945,0,,False,True
low_evidence,946,1,1.96484375,True,False
low_evidence,947,0,,False,True
low_evidence,948,1,1.1484375,True,False
low_evidence,949,0,,False,True
low_evidence,950,0,,False,True
low_evidence,951,0,,False,True
low_evidence,952,0,,False,True
low_evidence,953,1,1.7890625,True,False
low_evidence,954,1,1.0234375,True,False
low_evidence,955,0,,False,True
low_evidence,956,0,,False,True
low_evidence,957,0,,False,True
low_evidence,958,0,,False,True
low_evidence,959,0,,False,True
low_evidence,960,1,1.9609375,True,False
low_evidence,961,1,1.4296875,True,False
low_evidence,962,0,,False,True
low_evidence,963,0,,False,True
low_evidence,964,0,,False,True
low_evidence,965,0,,False,True
low_evidence,966,0,,False,True
low_evidence,967,0,,False,True
low_evidence,968,0,,False,True
low_evidence,969,0,,False,True
low_evidence,970,0,,False,True
low_evidence,971,1,0.91796875,True,False
low_evidence,972,0,,False,True
low_evidence,973,0,,False,True
low_evidence,974,0,,False,True
low_evidence,975,0,,False,True
low_evidence,976,0,,False,True
low_evidence,977,0,,False,True
low_evidence,978,0,,False,True
low_evidence,979,0,,False,True
low_evidence,980,0,,False,True
low_evidence,981,0,,False,True
low_evidence,982,0,,False,True
low_evidence,983,0,,False,True
low_evidence,984,0,,False,True
low_evidence,985,1,1.45703125,True,False
low_evidence,986,-1,1.76953125,False,False
low_evidence,987,0,,False,True
low_evidence,988,0,,False,True
low_evidence,989,0,,False,True
low_evidence,990,0,,False,True
low_evidence,991,0,,False,True
low_evidence,992,0,,False,True
low_evidence,993,0,,False,True
low_evidence,994,0,,False,True
low_evidence,995,0,,False,True
low_evidence,996,0,,False,True
low_evidence,997,0,,False,True
low_evidence,998,1,1.10546875,True,False
low_evidence,999,-1,1.73046875,False,False
low_evidence,1000,0,,False,True
low_evidence,1001,1,1.94140625,True,False
low_evidence,1002,0,,False,True
low_evidence,1003,0,,False,True
low_evidence,1004,1,1.8046875,True,False
low_evidence,1005,0,,False,True
low_evidence,1006,0,,False,True
low_evidence,1007,0,,False,True
low_evidence,1008,0,,False,True
low_evidence,1009,0,,False,True
low_evidence,1010,0,,False,True
low_evidence,1011,0,,False,True
low_evidence,1012,0,,False,True
low_evidence,1013,0,,False,True
low_evidence,1014,0,,False,True
low_evidence,1015,0,,False,True
low_evidence,1016,0,,False,True
low_evidence,1017,0,,False,True
low_evidence,1018,0,,False,True
low_evidence,1019,0,,False,True
low_evidence,1020,0,,False,True
low_evidence,1021,1,1.4765625,True,False
low_evidence,1022,0,,False,True
low_evidence,1023,0,,False,True
low_evidence,1024,0,,False,True
low_evidence,1025,0,,False,True
low_evidence,1026,0,,False,True
low_evidence,1027,0,,False,True
low_evidence,1028,0,,False,True
low_evidence,1029,0,,False,True
low_evidence,1030,1,1.40625,True,False
low_evidence,1031,1,1.30859375,True,False
low_evidence,1032,0,,False,True
low_evidence,1033,0,,False,True
low_evidence,1034,0,,False,True
low_evidence,1035,0,,False,True
low_evidence,1036,1,1.7109375,True,False
low_evidence,1037,0,,False,True
low_evidence,1038,1,1.6015625,True,False
low_evidence,1039,0,,False,True
low_evidence,1040,0,,False,True
low_evidence,1041,1,1.63671875,True,False
low_evidence,1042,0,,False,True
low_evidence,1043,0,,False,True
low_evidence,1044,0,,False,True
low_evidence,1045,0,,False,True
low_evidence,1046,0,,False,True
low_evidence,1047,0,,False,True
low_evidence,1048,0,,False,True
low_evidence,1049,0,,False,True
low_evidence,1050,0,,False,True
low_evidence,1051,0,,False,True
low_evidence,1052,0,,False,True
low_evidence,1053,0,,False,True
low_evidence,1054,0,,False,True
low_evidence,1055,0,,False,True
low_evidence,1056,0,,False,True
low_evidence,1057,0,,False,True
low_evidence,1058,0,,False,True
low_evidence,1059,0,,False,True
low_evidence,1060,0,,False,True
low_evidence,1061,0,,False,True
low_evidence,1062,0,,False,True
low_evidence,1063,0,,False,True
low_evidence,1064,0,,False,True
low_evidence,1065,0,,False,True
low_evidence,1066,0,,False,True
low_evidence,1067,0,,False,True
low_evidence,1068,-1,1.8203125,False,False
low_evidence,1069,1,1.11328125,True,False
low_evidence,1070,0,,False,True
low_evidence,1071,0,,False,True
low_evidence,1072,0,,False,True
low_evidence,1073,0,,False,True
low_evidence,1074,0,,False,True
low_evidence,1075,-1,1.53125,False,False
low_evidence,1076,0,,False,True
low_evidence,1077,0,,False,True
low_evidence,1078,0,,False,True
low_evidence,1079,0,,False,True
low_evidence,1080,0,,False,True
low_evidence,1081,0,,False,True
low_evidence,1082,0,,False,True
low_evidence,1083,1,0.98046875,True,False
low_evidence,1084,0,,False,True
low_evidence,1085,0,,False,True
low_evidence,1086,0,,False,True
low_evidence,1087,0,,False,True
low_evidence,1088,0,,False,True
low_evidence,1089,0,,False,True
low_evidence,1090,0,,False,True
low_evidence,1091,1,1.05078125,True,False
low_evidence,1092,0,,False,True
low_evidence,1093,0,,False,True
low_evidence,1094,0,,False,True
low_evidence,1095,0,,False,True
low_evidence,1096,-1,1.9453125,False,False
low_evidence,1097,0,,False,True
low_evidence,1098,0,,False,True
low_evidence,1099,1,1.90625,True,False
low_evidence,1100,0,,False,True
low_evidence,1101,0,,False,True
low_evidence,1102,0,,False,True
low_evidence,1103,0,,False,True
low_evidence,1104,0,,False,True
low_evidence,1105,0,,False,True
low_evidence,1106,0,,False,True
low_evidence,1107,0,,False,True
low_evidence,1108,1,1.46484375,True,False
low_evidence,1109,0,,False,True
low_evidence,1110,0,,False,True
low_evidence,1111,1,1.8046875,True,False
low_evidence,1112,0,,False,True
low_evidence,1113,0,,False,True
low_evidence,1114,-1,1.5078125,False,False
low_evidence,1115,0,,False,True
low_evidence,1116,0,,False,True
low_evidence,1117,0,,False,True
low_evidence,1118,0,,False,True
low_evidence,1119,0,,False,True
low_evidence,1120,0,,False,True
low_evidence,1121,1,1.74609375,True,False
low_evidence,1122,0,,False,True
low_evidence,1123,1,1.75390625,True,False
low_evidence,1124,0,,False,True
low_evidence,1125,1,1.3984375,True,False
low_evidence,1126,1,0.75390625,True,False
low_evidence,1127,0,,False,True
low_evidence,1128,0,,False,True
low_evidence,1129,0,,False,True
low_evidence,1130,0,,False,True
low_evidence,1131,0,,False,True
low_evidence,1132,0,,False,True
low_evidence,1133,0,,False,True
low_evidence,1134,0,,False,True
low_evidence,1135,0,,False,True
low_evidence,1136,0,,False,True
low_evidence,1137,0,,False,True
low_evidence,1138,-1,0.953125,False,False
low_evidence,1139,0,,False,True
low_evidence,1140,0,,False,True
low_evidence,1141,0,,False,True
low_evidence,1142,0,,False,True
low_evidence,1143,1,0.72265625,True,False
low_evidence,1144,0,,False,True
low_evidence,1145,0,,False,True
low_evidence,1146,0,,False,True
low_evidence,1147,0,,False,True
low_evidence,1148,0,,False,True
low_evidence,1149,0,,False,True
low_evidence,1150,0,,False,True
low_evidence,1151,0,,False,True
low_evidence,1152,-1,1.63671875,False,False
low_evidence,1153,1,0.49609375,True,False
low_evidence,1154,0,,False,True
low_evidence,1155,0,,False,True
low_evidence,1156,1,1.51953125,True,False
low_evidence,1157,1,1.234375,True,False
low_evidence,1158,0,,False,True
low_evidence,1159,0,,False,True
low_evidence,1160,0,,False,True
low_evidence,1161,0,,False,True
low_evidence,1162,0,,False,True
low_evidence,1163,0,,False,True
low_evidence,1164,0,,False,True
low_evidence,1165,1,1.4375,True,False
low_evidence,1166,0,,False,True
low_evidence,1167,0,,False,True
low_evidence,1168,0,,False,True
low_evidence,1169,0,,False,True
low_evidence,1170,-1,1.97265625,False,False
low_evidence,1171,0,,False,True
low_evidence,1172,0,,False,True
low_evidence,1173,0,,False,True
low_evidence,1174,0,,False,True
low_evidence,1175,1,1.125,True,False
low_evidence,1176,0,,False,True
low_evidence,1177,0,,False,True
low_evidence,1178,0,,False,True
low_evidence,1179,0,,False,True
low_evidence,1180,0,,False,True
low_evidence,1181,1,1.80859375,True,False
low_evidence,1182,0,,False,True
low_evidence,1183,0,,False,True
low_evidence,1184,1,1.23046875,True,False
low_evidence,1185,1,0.453125,True,False
low_evidence,1186,0,,False,True
low_evidence,1187,0,,False,True
low_evidence,1188,1,1.5625,True,False
low_evidence,1189,0,,False,True
low_evidence,1190,0,,False,True
low_evidence,1191,1,1.22265625,True,False
low_evidence,1192,0,,False,True
low_evidence,1193,0,,False,True
low_evidence,1194,0,,False,True
low_evidence,1195,0,,False,True
low_evidence,1196,0,,False,True
low_evidence,1197,0,,False,True
low_evidence,1198,0,,False,True
low_evidence,1199,0,,False,True
low_evidence,1200,0,,False,True
low_evidence,1201,0,,False,True
low_evidence,1202,1,1.4921875,True,False
low_evidence,1203,0,,False,True
low_evidence,1204,0,,False,True
low_evidence,1205,0,,False,True
low_evidence,1206,0,,False,True
low_evidence,1207,0,,False,True
low_evidence,1208,0,,False,True
low_evidence,1209,0,,False,True
low_evidence,1210,-1,1.1875,False,False
low_evidence,1211,0,,False,True
low_evidence,1212,0,,False,True
low_evidence,1213,0,,False,True
low_evidence,1214,0,,False,True
low_evidence,1215,0,,False,True
low_evidence,1216,0,,False,True
low_evidence,1217,1,1.82421875,True,False
low_evidence,1218,0,,False,True
low_evidence,1219,1,1.00390625,True,False
low_evidence,1220,0,,False,True
low_evidence,1221,0,,False,True
low_evidence,1222,0,,False,True
low_evidence,1223,0,,False,True
low_evidence,1224,0,,False,True
low_evidence,1225,0,,False,True
low_evidence,1226,0,,False,True
low_evidence,1227,0,,False,True
low_evidence,1228,0,,False,True
low_evidence,1229,0,,False,True
low_evidence,1230,0,,False,True
low_evidence,1231,0,,False,True
low_evidence,1232,0,,False,True
low_evidence,1233,0,,False,True
low_evidence,1234,0,,False,True
low_evidence,1235,0,,False,True
low_evidence,1236,0,,False,True
low_evidence,1237,0,,False,True
low_evidence,1238,0,,False,True
low_evidence,1239,0,,False,True
low_evidence,1240,0,,False,True
low_evidence,1241,0,,False,True
low_evidence,1242,0,,False,True
low_evidence,1243,1,1.8671875,True,False
low_evidence,1244,0,,False,True
low_evidence,1245,0,,False,True
low_evidence,1246,0,,False,True
low_evidence,1247,0,,False,True
low_evidence,1248,0,,False,True
low_evidence,1249,0,,False,True
low_evidence,1250,0,,False,True
low_evidence,1251,0,,False,True
low_evidence,1252,0,,False,True
low_evidence,1253,0,,False,True
low_evidence,1254,0,,False,True
low_evidence,1255,0,,False,True
low_evidence,1256,1,1.47265625,True,False
low_evidence,1257,0,,False,True
low_evidence,1258,0,,False,True
low_evidence,1259,0,,False,True
low_evidence,1260,0,,False,True
low_evidence,1261,0,,False,True
low_evidence,1262,0,,False,True
low_evidence,1263,1,1.5390625,True,False
low_evidence,1264,0,,False,True
low_evidence,1265,0,,False,True
low_evidence,1266,1,1.796875,True,False
low_evidence,1267,0,,False,True
low_evidence,1268,1,1.99609375,True,False
low_evidence,1269,0,,False,True
low_evidence,1270,0,,False,True
low_evidence,1271,0,,False,True
low_evidence,1272,-1,1.10546875,False,False
low_evidence,1273,0,,False,True
low_evidence,1274,0,,False,True
low_evidence,1275,0,,False,True
low_evidence,1276,0,,False,True
low_evidence,1277,0,,False,True
low_evidence,1278,0,,False,True
low_evidence,1279,0,,False,True
low_evidence,1280,1,1.75,True,False
low_evidence,1281,0,,False,True
low_evidence,1282,0,,False,True
low_evidence,1283,0,,False,True
low_evidence,1284,0,,False,True
low_evidence,1285,0,,False,True
low_evidence,1286,0,,False,True
low_evidence,1287,0,,False,True
low_evidence,1288,0,,False,True
low_evidence,1289,0,,False,True
low_evidence,1290,0,,False,True
low_evidence,1291,0,,False,True
low_evidence,1292,1,1.8984375,True,False
low_evidence,1293,0,,False,True
low_evidence,1294,0,,False,True
low_evidence,1295,0,,False,True
low_evidence,1296,0,,False,True
low_evidence,1297,0,,False,True
low_evidence,1298,1,1.79296875,True,False
low_evidence,1299,1,1.40234375,True,False
low_evidence,1300,0,,False,True
low_evidence,1301,0,,False,True
low_evidence,1302,1,1.0078125,True,False
low_evidence,1303,1,1.953125,True,False
low_evidence,1304,0,,False,True
low_evidence,1305,0,,False,True
low_evidence,1306,0,,False,True
low_evidence,1307,0,,False,True
low_evidence,1308,0,,False,True
low_evidence,1309,0,,False,True
low_evidence,1310,0,,False,True
low_evidence,1311,0,,False,True
low_evidence,1312,0,,False,True
low_evidence,1313,0,,False,True
low_evidence,1314,0,,False,True
low_evidence,1315,0,,False,True
low_evidence,1316,1,1.640625,True,False
low_evidence,1317,0,,False,True
low_evidence,1318,0,,False,True
low_evidence,1319,0,,False,True
low_evidence,1320,0,,False,True
low_evidence,1321,0,,False,True
low_evidence,1322,0,,False,True
low_evidence,1323,1,1.68359375,True,False
low_evidence,1324,1,1.97265625,True,False
low_evidence,1325,0,,False,True
low_evidence,1326,0,,False,True
low_evidence,1327,1,1.74609375,True,False
low_evidence,1328,0,,False,True
low_evidence,1329,0,,False,True
low_evidence,1330,0,,False,True
low_evidence,1331,0,,False,True
low_evidence,1332,0,,False,True
low_evidence,1333,0,,False,True
low_evidence,1334,0,,False,True
low_evidence,1335,1,1.94140625,True,False
low_evidence,1336,0,,False,True
low_evidence,1337,1,1.3125,True,False
low_evidence,1338,0,,False,True
low_evidence,1339,0,,False,True
low_evidence,1340,0,,False,True
low_evidence,1341,0,,False,True
low_evidence,1342,0,,False,True
low_evidence,1343,0,,False,True
low_evidence,1344,0,,False,True
low_evidence,1345,0,,False,True
low_evidence,1346,0,,False,True
low_evidence,1347,1,0.51953125,True,False
low_evidence,1348,0,,False,True
low_evidence,1349,0,,False,True
low_evidence,1350,0,,False,True
low_evidence,1351,0,,False,True
low_evidence,1352,0,,False,True
low_evidence,1353,0,,False,True
low_evidence,1354,0,,False,True
low_evidence,1355,0,,False,True
low_evidence,1356,0,,False,True
low_evidence,1357,0,,False,True
low_evidence,1358,0,,False,True
low_evidence,1359,0,,False,True
low_evidence,1360,0,,False,True
low_evidence,1361,0,,False,True
low_evidence,1362,0,,False,True
low_evidence,1363,1,0.7421875,True,False
low_evidence,1364,0,,False,True
low_evidence,1365,0,,False,True
low_evidence,1366,0,,False,True
low_evidence,1367,0,,False,True
low_evidence,1368,0,,False,True
low_evidence,1369,0,,False,True
low_evidence,1370,0,,False,True
low_evidence,1371,0,,False,True
low_evidence,1372,0,,False,True
low_evidence,1373,0,,False,True
low_evidence,1374,0,,False,True
low_evidence,1375,1,1.23046875,True,False
low_evidence,1376,0,,False,True
low_evidence,1377,1,1.09375,True,False
low_evidence,1378,0,,False,True
low_evidence,1379,0,,False,True
low_evidence,1380,1,1.9296875,True,False
low_evidence,1381,0,,False,True
low_evidence,1382,0,,False,True
low_evidence,1383,0,,False,True
low_evidence,1384,1,1.89453125,True,False
low_evidence,1385,0,,False,True
low_evidence,1386,0,,False,True
low_evidence,1387,0,,False,True
low_evidence,1388,1,0.859375,True,False
low_evidence,1389,0,,False,True
low_evidence,1390,0,,False,True
low_evidence,1391,0,,False,True
low_evidence,1392,0,,False,True
low_evidence,1393,0,,False,True
low_evidence,1394,0,,False,True
low_evidence,1395,1,1.34375,True,False
low_evidence,1396,0,,False,True
low_evidence,1397,1,1.28515625,True,False
low_evidence,1398,0,,False,True
low_evidence,1399,0,,False,True
low_evidence,1400,1,1.72265625,True,False
low_evidence,1401,0,,False,True
low_evidence,1402,1,1.6328125,True,False
low_evidence,1403,0,,False,True
low_evidence,1404,1,1.28125,True,False
low_evidence,1405,0,,False,True
low_evidence,1406,0,,False,True
low_evidence,1407,0,,False,True
low_evidence,1408,0,,False,True
low_evidence,1409,0,,False,True
low_evidence,1410,0,,False,True
low_evidence,1411,1,1.84375,True,False
low_evidence,1412,0,,False,True
low_evidence,1413,0,,False,True
low_evidence,1414,0,,False,True
low_evidence,1415,0,,False,True
low_evidence,1416,0,,False,True
low_evidence,1417,1,0.76953125,True,False
low_evidence,1418,1,1.4765625,True,False
low_evidence,1419,0,,False,True
low_evidence,1420,1,1.296875,True,False
low_evidence,1421,1,1.15234375,True,False
low_evidence,1422,0,,False,True
low_evidence,1423,-1,1.3671875,False,False
low_evidence,1424,0,,False,True
low_evidence,1425,0,,False,True
low_evidence,1426,1,1.140625,True,False
low_evidence,1427,0,,False,True
low_evidence,1428,0,,False,True
low_evidence,1429,0,,False,True
low_evidence,1430,1,1.45703125,True,False
low_evidence,1431,0,,False,True
low_evidence,1432,0,,False,True
low_evidence,1433,0,,False,True
low_evidence,1434,1,1.609375,True,False
low_evidence,1435,0,,False,True
low_evidence,1436,0,,False,True
low_evidence,1437,0,,False,True
low_evidence,1438,0,,False,True
low_evidence,1439,0,,False,True
low_evidence,1440,0,,False,True
low_evidence,1441,0,,False,True
low_evidence,1442,0,,False,True
low_evidence,1443,0,,False,True
low_evidence,1444,0,,False,True
low_evidence,1445,0,,False,True
low_evidence,1446,0,,False,True
low_evidence,1447,0,,False,True
low_evidence,1448,0,,False,True
low_evidence,1449,1,1.76171875,True,False
low_evidence,1450,0,,False,True
low_evidence,1451,0,,False,True
low_evidence,1452,0,,False,True
low_evidence,1453,0,,False,True
low_evidence,1454,0,,False,True
low_evidence,1455,0,,False,True
low_evidence,1456,0,,False,True
low_evidence,1457,0,,False,True
low_evidence,1458,0,,False,True
low_evidence,1459,0,,False,True
low_evidence,1460,1,1.75390625,True,False
low_evidence,1461,1,1.1875,True,False
low_evidence,1462,1,1.90234375,True,False
low_evidence,1463,0,,False,True
low_evidence,1464,0,,False,True
low_evidence,1465,0,,False,True
low_evidence,1466,1,1.6328125,True,False
low_evidence,1467,1,1.546875,True,False
low_evidence,1468,0,,False,True
low_evidence,1469,0,,False,True
low_evidence,1470,0,,False,True
low_evidence,1471,0,,False,True
low_evidence,1472,0,,False,True
low_evidence,1473,0,,False,True
low_evidence,1474,0,,False,True
low_evidence,1475,1,1.41796875,True,False
low_evidence,1476,0,,False,True
low_evidence,1477,0,,False,True
low_evidence,1478,0,,False,True
low_evidence,1479,0,,False,True
low_evidence,1480,1,0.82421875,True,False
low_evidence,1481,0,,False,True
low_evidence,1482,0,,False,True
low_evidence,1483,0,,False,True
low_evidence,1484,1,1.4375,True,False
low_evidence,1485,0,,False,True
low_evidence,1486,0,,False,True
low_evidence,1487,0,,False,True
low_evidence,1488,0,,False,True
low_evidence,1489,1,1.5,True,False
low_evidence,1490,0,,False,True
low_evidence,1491,0,,False,True
low_evidence,1492,1,1.62109375,True,False
low_evidence,1493,0,,False,True
low_evidence,1494,1,1.1875,True,False
low_evidence,1495,0,,False,True
low_evidence,1496,-1,1.37890625,False,False
low_evidence,1497,1,0.7890625,True,False
low_evidence,1498,0,,False,True
low_evidence,1499,0,,False,True
low_evidence,1500,0,,False,True
low_evidence,1501,0,,False,True
low_evidence,1502,0,,False,True
low_evidence,1503,0,,False,True
low_evidence,1504,1,1.328125,True,False
low_evidence,1505,0,,False,True
low_evidence,1506,0,,False,True
low_evidence,1507,1,1.7578125,True,False
low_evidence,1508,-1,1.53515625,False,False
low_evidence,1509,0,,False,True
low_evidence,1510,0,,False,True
low_evidence,1511,0,,False,True
low_evidence,1512,0,,False,True
low_evidence,1513,0,,False,True
low_evidence,1514,0,,False,True
low_evidence,1515,0,,False,True
low_evidence,1516,0,,False,True
low_evidence,1517,0,,False,True
low_evidence,1518,0,,False,True
low_evidence,1519,0,,False,True
low_evidence,1520,0,,False,True
low_evidence,1521,1,1.4765625,True,False
low_evidence,1522,1,1.59375,True,False
low_evidence,1523,1,1.9140625,True,False
low_evidence,1524,0,,False,True
low_evidence,1525,0,,False,True
low_evidence,1526,0,,False,True
low_evidence,1527,0,,False,True
low_evidence,1528,0,,False,True
low_evidence,1529,0,,False,True
low_evidence,1530,0,,False,True
low_evidence,1531,0,,False,True
low_evidence,1532,0,,False,True
low_evidence,1533,0,,False,True
low_evidence,1534,0,,False,True
low_evidence,1535,0,,False,True
low_evidence,1536,0,,False,True
low_evidence,1537,0,,False,True
low_evidence,1538,0,,False,True
low_evidence,1539,1,1.65625,True,False
low_evidence,1540,0,,False,True
low_evidence,1541,0,,False,True
low_evidence,1542,0,,False,True
low_evidence,1543,0,,False,True
low_evidence,1544,0,,False,True
low_evidence,1545,0,,False,True
low_evidence,1546,1,1.45703125,True,False
low_evidence,1547,0,,False,True
low_evidence,1548,0,,False,True
low_evidence,1549,0,,False,True
low_evidence,1550,0,,False,True
low_evidence,1551,1,1.73828125,True,False
low_evidence,1552,1,1.9921875,True,False
low_evidence,1553,0,,False,True
low_evidence,1554,0,,False,True
low_evidence,1555,0,,False,True
low_evidence,1556,0,,False,True
low_evidence,1557,0,,False,True
low_evidence,1558,0,,False,True
low_evidence,1559,0,,False,True
low_evidence,1560,0,,False,True
low_evidence,1561,0,,False,True
low_evidence,1562,0,,False,True
low_evidence,1563,-1,0.58984375,False,False
low_evidence,1564,0,,False,True
low_evidence,1565,0,,False,True
low_evidence,1566,0,,False,True
low_evidence,1567,0,,False,True
low_evidence,1568,1,1.609375,True,False
low_evidence,1569,0,,False,True
low_evidence,1570,0,,False,True
low_evidence,1571,0,,False,True
low_evidence,1572,-1,1.21484375,False,False
low_evidence,1573,0,,False,True
low_evidence,1574,0,,False,True
low_evidence,1575,0,,False,True
low_evidence,1576,0,,False,True
low_evidence,1577,1,1.71875,True,False
low_evidence,1578,0,,False,True
low_evidence,1579,1,0.59375,True,False
low_evidence,1580,0,,False,True
low_evidence,1581,0,,False,True
low_evidence,1582,0,,False,True
low_evidence,1583,-1,1.8046875,False,False
low_evidence,1584,0,,False,True
low_evidence,1585,0,,False,True
low_evidence,1586,0,,False,True
low_evidence,1587,-1,1.1328125,False,False
low_evidence,1588,0,,False,True
low_evidence,1589,1,1.09375,True,False
low_evidence,1590,0,,False,True
low_evidence,1591,0,,False,True
low_evidence,1592,0,,False,True
low_evidence,1593,1,1.9765625,True,False
low_evidence,1594,1,1.6484375,True,False
low_evidence,1595,0,,False,True
low_evidence,1596,0,,False,True
low_evidence,1597,0,,False,True
low_evidence,1598,0,,False,True
low_evidence,1599,0,,False,True
low_evidence,1600,-1,0.6953125,False,False
low_evidence,1601,0,,False,True
low_evidence,1602,0,,False,True
low_evidence,1603,0,,False,True
low_evidence,1604,0,,False,True
low_evidence,1605,0,,False,True
low_evidence,1606,1,1.203125,True,False
low_evidence,1607,0,,False,True
low_evidence,1608,0,,False,True
low_evidence,1609,0,,False,True
low_evidence,1610,0,,False,True
low_evidence,1611,0,,False,True
low_evidence,1612,0,,False,True
low_evidence,1613,0,,False,True
low_evidence,1614,0,,False,True
low_evidence,1615,0,,False,True
low_evidence,1616,0,,False,True
low_evidence,1617,0,,False,True
low_evidence,1618,0,,False,True
low_evidence,1619,0,,False,True
low_evidence,1620,0,,False,True
low_evidence,1621,1,1.23046875,True,False
low_evidence,1622,0,,False,True
low_evidence,1623,0,,False,True
low_evidence,1624,0,,False,True
low_evidence,1625,1,1.03125,True,False
low_evidence,1626,0,,False,True
low_evidence,1627,0,,False,True
low_evidence,1628,0,,False,True
low_evidence,1629,1,1.69140625,True,False
low_evidence,1630,0,,False,True
low_evidence,1631,0,,False,True
low_evidence,1632,0,,False,True
low_evidence,1633,0,,False,True
low_evidence,1634,0,,False,True
low_evidence,1635,0,,False,True
low_evidence,1636,0,,False,True
low_evidence,1637,1,1.15234375,True,False
low_evidence,1638,0,,False,True
low_evidence,1639,0,,False,True
low_evidence,1640,0,,False,True
low_evidence,1641,0,,False,True
low_evidence,1642,0,,False,True
low_evidence,1643,0,,False,True
low_evidence,1644,0,,False,True
low_evidence,1645,0,,False,True
low_evidence,1646,0,,False,True
low_evidence,1647,0,,False,True
low_evidence,1648,0,,False,True
low_evidence,1649,0,,False,True
low_evidence,1650,0,,False,True
low_evidence,1651,1,1.671875,True,False
low_evidence,1652,0,,False,True
low_evidence,1653,0,,False,True
low_evidence,1654,0,,False,True
low_evidence,1655,1,1.08203125,True,False
low_evidence,1656,0,,False,True
low_evidence,1657,1,1.58203125,True,False
low_evidence,1658,0,,False,True
low_evidence,1659,0,,False,True
low_evidence,1660,-1,1.91796875,False,False
low_evidence,1661,0,,False,True
low_evidence,1662,0,,False,True
low_evidence,1663,0,,False,True
low_evidence,1664,0,,False,True
low_evidence,1665,0,,False,True
low_evidence,1666,0,,False,True
low_evidence,1667,0,,False,True
low_evidence,1668,0,,False,True
low_evidence,1669,0,,False,True
low_evidence,1670,0,,False,True
low_evidence,1671,0,,False,True
low_evidence,1672,0,,False,True
low_evidence,1673,1,1.77734375,True,False
low_evidence,1674,0,,False,True
low_evidence,1675,0,,False,True
low_evidence,1676,-1,1.63671875,False,False
low_evidence,1677,0,,False,True
low_evidence,1678,1,1.33203125,True,False
low_evidence,1679,0,,False,True
low_evidence,1680,0,,False,True
low_evidence,1681,0,,False,True
low_evidence,1682,0,,False,True
low_evidence,1683,1,1.82421875,True,False
low_evidence,1684,1,1.0703125,True,False
low_evidence,1685,0,,False,True
low_evidence,1686,0,,False,True
low_evidence,1687,1,1.7421875,True,False
low_evidence,1688,0,,False,True
low_evidence,1689,-1,1.9140625,False,False
low_evidence,1690,0,,False,True
low_evidence,1691,0,,False,True
low_evidence,1692,0,,False,True
low_evidence,1693,1,1.9140625,True,False
low_evidence,1694,1,1.98828125,True,False
low_evidence,1695,0,,False,True
low_evidence,1696,1,1.86328125,True,False
low_evidence,1697,0,,False,True
low_evidence,1698,-1,1.5,False,False
low_evidence,1699,1,1.22265625,True,False
low_evidence,1700,0,,False,True
low_evidence,1701,0,,False,True
low_evidence,1702,0,,False,True
low_evidence,1703,-1,1.6171875,False,False
low_evidence,1704,0,,False,True
low_evidence,1705,0,,False,True
low_evidence,1706,0,,False,True
low_evidence,1707,0,,False,True
low_evidence,1708,1,1.02734375,True,False
low_evidence,1709,0,,False,True
low_evidence,1710,0,,False,True
low_evidence,1711,0,,False,True
low_evidence,1712,0,,False,True
low_evidence,1713,0,,False,True
low_evidence,1714,0,,False,True
low_evidence,1715,1,1.1015625,True,False
low_evidence,1716,0,,False,True
low_evidence,1717,1,1.73828125,True,False
low_evidence,1718,0,,False,True
low_evidence,1719,0,,False,True
low_evidence,1720,0,,False,True
low_evidence,1721,1,0.8984375,True,False
low_evidence,1722,0,,False,True
low_evidence,1723,0,,False,True
low_evidence,1724,1,0.87109375,True,False
low_evidence,1725,1,1.625,True,False
low_evidence,1726,0,,False,True
low_evidence,1727,0,,False,True
low_evidence,1728,0,,False,True
low_evidence,1729,0,,False,True
low_evidence,1730,0,,False,True
low_evidence,1731,1,1.359375,True,False
low_evidence,1732,0,,False,True
low_evidence,1733,0,,False,True
low_evidence,1734,0,,False,True
low_evidence,1735,0,,False,True
low_evidence,1736,0,,False,True
low_evidence,1737,0,,False,True
low_evidence,1738,0,,False,True
low_evidence,1739,0,,False,True
low_evidence,1740,0,,False,True
low_evidence,1741,0,,False,True
low_evidence,1742,0,,False,True
low_evidence,1743,0,,False,True
low_evidence,1744,1,1.4609375,True,False
low_evidence,1745,0,,False,True
low_evidence,1746,0,,False,True
low_evidence,1747,0,,False,True
low_evidence,1748,0,,False,True
low_evidence,1749,0,,False,True
low_evidence,1750,0,,False,True
low_evidence,1751,0,,False,True
low_evidence,1752,0,,False,True
low_evidence,1753,1,0.54296875,True,False
low_evidence,1754,0,,False,True
low_evidence,1755,0,,False,True
low_evidence,1756,0,,False,True
low_evidence,1757,0,,False,True
low_evidence,1758,1,1.62109375,True,False
low_evidence,1759,0,,False,True
low_evidence,1760,1,1.23828125,True,False
low_evidence,1761,0,,False,True
low_evidence,1762,0,,False,True
low_evidence,1763,0,,False,True
low_evidence,1764,0,,False,True
low_evidence,1765,0,,False,True
low_evidence,1766,1,1.09765625,True,False
low_evidence,1767,0,,False,True
low_evidence,1768,0,,False,True
low_evidence,1769,0,,False,True
low_evidence,1770,0,,False,True
low_evidence,1771,0,,False,True
low_evidence,1772,0,,False,True
low_evidence,1773,0,,False,True
low_evidence,1774,0,,False,True
low_evidence,1775,0,,False,True
low_evidence,1776,0,,False,True
low_evidence,1777,0,,False,True
low_evidence,1778,0,,False,True
low_evidence,1779,0,,False,True
low_evidence,1780,0,,False,True
low_evidence,1781,0,,False,True
low_evidence,1782,0,,False,True
low_evidence,1783,1,0.8203125,True,False
low_evidence,1784,0,,False,True
low_evidence,1785,0,,False,True
low_evidence,1786,0,,False,True
low_evidence,1787,1,1.765625,True,False
low_evidence,1788,0,,False,True
low_evidence,1789,0,,False,True
low_evidence,1790,0,,False,True
low_evidence,1791,0,,False,True
low_evidence,1792,0,,False,True
low_evidence,1793,0,,False,True
low_evidence,1794,1,1.2578125,True,False
low_evidence,1795,0,,False,True
low_evidence,1796,0,,False,True
low_evidence,1797,0,,False,True
low_evidence,1798,0,,False,True
low_evidence,1799,0,,False,True
low_evidence,1800,0,,False,True
low_evidence,1801,1,1.60546875,True,False
low_evidence,1802,1,0.69140625,True,False
low_evidence,1803,0,,False,True
low_evidence,1804,0,,False,True
low_evidence,1805,0,,False,True
low_evidence,1806,0,,False,True
low_evidence,1807,-1,1.421875,False,False
low_evidence,1808,0,,False,True
low_evidence,1809,1,1.12109375,True,False
low_evidence,1810,1,1.68359375,True,False
low_evidence,1811,0,,False,True
low_evidence,1812,0,,False,True
low_evidence,1813,0,,False,True
low_evidence,1814,1,1.75390625,True,False
low_evidence,1815,0,,False,True
low_evidence,1816,0,,False,True
low_evidence,1817,1,1.24609375,True,False
low_evidence,1818,0,,False,True
low_evidence,1819,0,,False,True
low_evidence,1820,0,,False,True
low_evidence,1821,0,,False,True
low_evidence,1822,1,0.98828125,True,False
low_evidence,1823,0,,False,True
low_evidence,1824,0,,False,True
low_evidence,1825,0,,False,True
low_evidence,1826,0,,False,True
low_evidence,1827,0,,False,True
low_evidence,1828,0,,False,True
low_evidence,1829,0,,False,True
low_evidence,1830,0,,False,True
low_evidence,1831,0,,False,True
low_evidence,1832,0,,False,True
low_evidence,1833,1,1.04296875,True,False
low_evidence,1834,0,,False,True
low_evidence,1835,0,,False,True
low_evidence,1836,1,1.33984375,True,False
low_evidence,1837,0,,False,True
low_evidence,1838,0,,False,True
low_evidence,1839,1,0.62109375,True,False
low_evidence,1840,1,1.73046875,True,False
low_evidence,1841,0,,False,True
low_evidence,1842,1,1.03125,True,False
low_evidence,1843,1,1.640625,True,False
low_evidence,1844,0,,False,True
low_evidence,1845,0,,False,True
low_evidence,1846,0,,False,True
low_evidence,1847,0,,False,True
low_evidence,1848,1,1.66015625,True,False
low_evidence,1849,0,,False,True
low_evidence,1850,0,,False,True
low_evidence,1851,0,,False,True
low_evidence,1852,0,,False,True
low_evidence,1853,0,,False,True
low_evidence,1854,0,,False,True
low_evidence,1855,0,,False,True
low_evidence,1856,0,,False,True
low_evidence,1857,1,1.8671875,True,False
low_evidence,1858,0,,False,True
low_evidence,1859,0,,False,True
low_evidence,1860,0,,False,True
low_evidence,1861,0,,False,True
low_evidence,1862,1,0.67578125,True,False
low_evidence,1863,0,,False,True
low_evidence,1864,0,,False,True
low_evidence,1865,0,,False,True
low_evidence,1866,0,,False,True
low_evidence,1867,1,1.55078125,True,False
low_evidence,1868,0,,False,True
low_evidence,1869,0,,False,True
low_evidence,1870,0,,False,True
low_evidence,1871,0,,False,True
low_evidence,1872,0,,False,True
low_evidence,1873,0,,False,True
low_evidence,1874,0,,False,True
low_evidence,1875,0,,False,True
low_evidence,1876,0,,False,True
low_evidence,1877,1,1.6953125,True,False
low_evidence,1878,0,,False,True
low_evidence,1879,0,,False,True
low_evidence,1880,1,1.64453125,True,False
low_evidence,1881,0,,False,True
low_evidence,1882,1,1.58203125,True,False
low_evidence,1883,0,,False,True
low_evidence,1884,0,,False,True
low_evidence,1885,0,,False,True
low_evidence,1886,0,,False,True
low_evidence,1887,0,,False,True
low_evidence,1888,1,1.4453125,True,False
low_evidence,1889,1,1.0546875,True,False
low_evidence,1890,0,,False,True
low_evidence,1891,1,1.8671875,True,False
low_evidence,1892,1,1.921875,True,False
low_evidence,1893,0,,False,True
low_evidence,1894,-1,1.33203125,False,False
low_evidence,1895,0,,False,True
low_evidence,1896,0,,False,True
low_evidence,1897,0,,False,True
low_evidence,1898,0,,False,True
low_evidence,1899,0,,False,True
low_evidence,1900,0,,False,True
low_evidence,1901,0,,False,True
low_evidence,1902,1,0.5234375,True,False
low_evidence,1903,0,,False,True
low_evidence,1904,0,,False,True
low_evidence,1905,1,1.82421875,True,False
low_evidence,1906,0,,False,True
low_evidence,1907,1,1.9609375,True,False
low_evidence,1908,0,,False,True
low_evidence,1909,0,,False,True
low_evidence,1910,0,,False,True
low_evidence,1911,0,,False,True
low_evidence,1912,0,,False,True
low_evidence,1913,-1,0.984375,False,False
low_evidence,1914,0,,False,True
low_evidence,1915,0,,False,True
low_evidence,1916,0,,False,True
low_evidence,1917,1,1.671875,True,False
low_evidence,1918,-1,1.796875,False,False
low_evidence,1919,0,,False,True
low_evidence,1920,0,,False,True
low_evidence,1921,0,,False,True
low_evidence,1922,0,,False,True
low_evidence,1923,0,,False,True
low_evidence,1924,1,1.66015625,True,False
low_evidence,1925,0,,False,True
low_evidence,1926,0,,False,True
low_evidence,1927,0,,False,True
low_evidence,1928,0,,False,True
low_evidence,1929,0,,False,True
low_evidence,1930,1,1.65625,True,False
low_evidence,1931,0,,False,True
low_evidence,1932,1,1.34375,True,False
low_evidence,1933,-1,1.640625,False,False
low_evidence,1934,0,,False,True
low_evidence,1935,0,,False,True
low_evidence,1936,0,,False,True
low_evidence,1937,0,,False,True
low_evidence,1938,0,,False,True
low_evidence,1939,1,1.640625,True,False
low_evidence,1940,0,,False,True
low_evidence,1941,1,1.84375,True,False
low_evidence,1942,0,,False,True
low_evidence,1943,0,,False,True
low_evidence,1944,0,,False,True
low_evidence,1945,0,,False,True
low_evidence,1946,1,1.4375,True,False
low_evidence,1947,1,1.5,True,False
low_evidence,1948,1,0.734375,True,False
low_evidence,1949,0,,False,True
low_evidence,1950,0,,False,True
low_evidence,1951,1,1.64453125,True,False
low_evidence,1952,0,,False,True
low_evidence,1953,0,,False,True
low_evidence,1954,0,,False,True
low_evidence,1955,0,,False,True
low_evidence,1956,0,,False,True
low_evidence,1957,0,,False,True
low_evidence,1958,-1,1.81640625,False,False
low_evidence,1959,0,,False,True
low_evidence,1960,0,,False,True
low_evidence,1961,0,,False,True
low_evidence,1962,0,,False,True
low_evidence,1963,0,,False,True
low_evidence,1964,0,,False,True
low_evidence,1965,-1,1.86328125,False,False
low_evidence,1966,0,,False,True
low_evidence,1967,1,1.359375,True,False
low_evidence,1968,0,,False,True
low_evidence,1969,0,,False,True
low_evidence,1970,1,1.8671875,True,False
low_evidence,1971,0,,False,True
low_evidence,1972,0,,False,True
low_evidence,1973,0,,False,True
low_evidence,1974,0,,False,True
low_evidence,1975,1,1.6953125,True,False
low_evidence,1976,0,,False,True
low_evidence,1977,0,,False,True
low_evidence,1978,1,1.0078125,True,False
low_evidence,1979,0,,False,True
low_evidence,1980,0,,False,True
low_evidence,1981,0,,False,True
low_evidence,1982,0,,False,True
low_evidence,1983,0,,False,True
low_evidence,1984,0,,False,True
low_evidence,1985,0,,False,True
low_evidence,1986,0,,False,True
low_evidence,1987,0,,False,True
low_evidence,1988,0,,False,True
low_evidence,1989,0,,False,True
low_evidence,1990,0,,False,True
low_evidence,1991,-1,1.19921875,False,False
low_evidence,1992,0,,False,True
low_evidence,1993,0,,False,True
low_evidence,1994,0,,False,True
low_evidence,1995,0,,False,True
low_evidence,1996,0,,False,True
low_evidence,1997,0,,False,True
low_evidence,1998,0,,False,True
low_evidence,1999,0,,False,True
low_evidence,2000,0,,False,True
low_evidence,2001,0,,False,True
low_evidence,2002,0,,False,True
low_evidence,2003,0,,False,True
low_evidence,2004,0,,False,True
low_evidence,2005,0,,False,True
low_evidence,2006,0,,False,True
low_evidence,2007,0,,False,True
low_evidence,2008,0,,False,True
low_evidence,2009,0,,False,True
low_evidence,2010,0,,False,True
low_evidence,2011,0,,False,True
low_evidence,2012,0,,False,True
low_evidence,2013,0,,False,True
low_evidence,2014,0,,False,True
low_evidence,2015,0,,False,True
low_evidence,2016,0,,False,True
low_evidence,2017,0,,False,True
low_evidence,2018,0,,False,True
low_evidence,2019,1,0.6875,True,False
low_evidence,2020,1,1.73828125,True,False
low_evidence,2021,0,,False,True
low_evidence,2022,-1,1.640625,False,False
low_evidence,2023,1,1.88671875,True,False
low_evidence,2024,0,,False,True
low_evidence,2025,0,,False,True
low_evidence,2026,0,,False,True
low_evidence,2027,0,,False,True
low_evidence,2028,0,,False,True
low_evidence,2029,0,,False,True
low_evidence,2030,0,,False,True
low_evidence,2031,0,,False,True
low_evidence,2032,0,,False,True
low_evidence,2033,0,,False,True
low_evidence,2034,0,,False,True
low_evidence,2035,0,,False,True
low_evidence,2036,1,1.390625,True,False
low_evidence,2037,0,,False,True
low_evidence,2038,1,1.98046875,True,False
low_evidence,2039,1,1.09765625,True,False
low_evidence,2040,0,,False,True
low_evidence,2041,1,1.234375,True,False
low_evidence,2042,0,,False,True
low_evidence,2043,0,,False,True
low_evidence,2044,0,,False,True
low_evidence,2045,0,,False,True
low_evidence,2046,1,1.47265625,True,False
low_evidence,2047,0,,False,True
low_evidence,2048,1,1.3828125,True,False
low_evidence,2049,1,1.79296875,True,False
low_evidence,2050,0,,False,True
low_evidence,2051,0,,False,True
low_evidence,2052,-1,1.75,False,False
low_evidence,2053,0,,False,True
low_evidence,2054,0,,False,True
low_evidence,2055,0,,False,True
low_evidence,2056,0,,False,True
low_evidence,2057,0,,False,True
low_evidence,2058,0,,False,True
low_evidence,2059,0,,False,True
low_evidence,2060,0,,False,True
low_evidence,2061,0,,False,True
low_evidence,2062,0,,False,True
low_evidence,2063,-1,1.15625,False,False
low_evidence,2064,0,,False,True
low_evidence,2065,0,,False,True
low_evidence,2066,0,,False,True
low_evidence,2067,0,,False,True
low_evidence,2068,0,,False,True
low_evidence,2069,0,,False,True
low_evidence,2070,0,,False,True
low_evidence,2071,0,,False,True
low_evidence,2072,0,,False,True
low_evidence,2073,-1,1.87109375,False,False
low_evidence,2074,0,,False,True
low_evidence,2075,0,,False,True
low_evidence,2076,0,,False,True
low_evidence,2077,0,,False,True
low_evidence,2078,0,,False,True
low_evidence,2079,0,,False,True
low_evidence,2080,0,,False,True
low_evidence,2081,0,,False,True
low_evidence,2082,0,,False,True
low_evidence,2083,0,,False,True
low_evidence,2084,0,,False,True
low_evidence,2085,0,,False,True
low_evidence,2086,0,,False,True
low_evidence,2087,1,1.4453125,True,False
low_evidence,2088,0,,False,True
low_evidence,2089,0,,False,True
low_evidence,2090,-1,1.375,False,False
low_evidence,2091,0,,False,True
low_evidence,2092,0,,False,True
low_evidence,2093,0,,False,True
low_evidence,2094,0,,False,True
low_evidence,2095,0,,False,True
low_evidence,2096,0,,False,True
low_evidence,2097,0,,False,True
low_evidence,2098,0,,False,True
low_evidence,2099,0,,False,True
low_evidence,2100,0,,False,True
low_evidence,2101,0,,False,True
low_evidence,2102,0,,False,True
low_evidence,2103,0,,False,True
low_evidence,2104,1,1.27734375,True,False
low_evidence,2105,1,1.87890625,True,False
low_evidence,2106,0,,False,True
low_evidence,2107,0,,False,True
low_evidence,2108,0,,False,True
low_evidence,2109,0,,False,True
low_evidence,2110,1,1.8671875,True,False
low_evidence,2111,0,,False,True
low_evidence,2112,0,,False,True
low_evidence,2113,0,,False,True
low_evidence,2114,1,1.5234375,True,False
low_evidence,2115,0,,False,True
low_evidence,2116,0,,False,True
low_evidence,2117,0,,False,True
low_evidence,2118,0,,False,True
low_evidence,2119,0,,False,True
low_evidence,2120,0,,False,True
low_evidence,2121,0,,False,True
low_evidence,2122,0,,False,True
low_evidence,2123,0,,False,True
low_evidence,2124,0,,False,True
low_evidence,2125,1,1.3984375,True,False
low_evidence,2126,0,,False,True
low_evidence,2127,0,,False,True
low_evidence,2128,1,1.45703125,True,False
low_evidence,2129,0,,False,True
low_evidence,2130,0,,False,True
low_evidence,2131,0,,False,True
low_evidence,2132,0,,False,True
low_evidence,2133,1,1.8984375,True,False
low_evidence,2134,0,,False,True
low_evidence,2135,0,,False,True
low_evidence,2136,-1,1.64453125,False,False
low_evidence,2137,0,,False,True
low_evidence,2138,0,,False,True
low_evidence,2139,-1,1.98046875,False,False
low_evidence,2140,0,,False,True
low_evidence,2141,0,,False,True
low_evidence,2142,0,,False,True
low_evidence,2143,0,,False,True
low_evidence,2144,0,,False,True
low_evidence,2145,0,,False,True
low_evidence,2146,0,,False,True
low_evidence,2147,0,,False,True
low_evidence,2148,0,,False,True
low_evidence,2149,1,1.5703125,True,False
low_evidence,2150,1,1.7109375,True,False
low_evidence,2151,0,,False,True
low_evidence,2152,0,,False,True
low_evidence,2153,0,,False,True
low_evidence,2154,0,,False,True
low_evidence,2155,0,,False,True
low_evidence,2156,0,,False,True
low_evidence,2157,0,,False,True
low_evidence,2158,1,0.69921875,True,False
low_evidence,2159,0,,False,True
low_evidence,2160,0,,False,True
low_evidence,2161,0,,False,True
low_evidence,2162,0,,False,True
low_evidence,2163,0,,False,True
low_evidence,2164,1,1.70703125,True,False
low_evidence,2165,0,,False,True
low_evidence,2166,0,,False,True
low_evidence,2167,0,,False,True
low_evidence,2168,1,1.16015625,True,False
low_evidence,2169,0,,False,True
low_evidence,2170,-1,1.55078125,False,False
low_evidence,2171,1,1.45703125,True,False
low_evidence,2172,0,,False,True
low_evidence,2173,0,,False,True
low_evidence,2174,0,,False,True
low_evidence,2175,0,,False,True
low_evidence,2176,0,,False,True
low_evidence,2177,0,,False,True
low_evidence,2178,0,,False,True
low_evidence,2179,0,,False,True
low_evidence,2180,0,,False,True
low_evidence,2181,0,,False,True
low_evidence,2182,0,,False,True
low_evidence,2183,0,,False,True
low_evidence,2184,0,,False,True
low_evidence,2185,-1,1.640625,False,False
low_evidence,2186,0,,False,True
low_evidence,2187,0,,False,True
low_evidence,2188,0,,False,True
low_evidence,2189,0,,False,True
low_evidence,2190,-1,1.54296875,False,False
low_evidence,2191,1,1.96875,True,False
low_evidence,2192,0,,False,True
low_evidence,2193,0,,False,True
low_evidence,2194,0,,False,True
low_evidence,2195,0,,False,True
low_evidence,2196,0,,False,True
low_evidence,2197,0,,False,True
low_evidence,2198,1,1.26953125,True,False
low_evidence,2199,0,,False,True
low_evidence,2200,0,,False,True
low_evidence,2201,0,,False,True
low_evidence,2202,0,,False,True
low_evidence,2203,0,,False,True
low_evidence,2204,0,,False,True
low_evidence,2205,0,,False,True
low_evidence,2206,1,1.9375,True,False
low_evidence,2207,0,,False,True
low_evidence,2208,0,,False,True
low_evidence,2209,0,,False,True
low_evidence,2210,0,,False,True
low_evidence,2211,0,,False,True
low_evidence,2212,0,,False,True
low_evidence,2213,0,,False,True
low_evidence,2214,0,,False,True
low_evidence,2215,0,,False,True
low_evidence,2216,0,,False,True
low_evidence,2217,0,,False,True
low_evidence,2218,1,1.58203125,True,False
low_evidence,2219,0,,False,True
low_evidence,2220,0,,False,True
low_evidence,2221,0,,False,True
low_evidence,2222,0,,False,True
low_evidence,2223,0,,False,True
low_evidence,2224,0,,False,True
low_evidence,2225,1,1.41796875,True,False
low_evidence,2226,0,,False,True
low_evidence,2227,0,,False,True
low_evidence,2228,0,,False,True
low_evidence,2229,0,,False,True
low_evidence,2230,0,,False,True
low_evidence,2231,0,,False,True
low_evidence,2232,0,,False,True
low_evidence,2233,0,,False,True
low_evidence,2234,0,,False,True
low_evidence,2235,0,,False,True
low_evidence,2236,0,,False,True
low_evidence,2237,0,,False,True
low_evidence,2238,1,0.90625,True,False
low_evidence,2239,0,,False,True
low_evidence,2240,0,,False,True
low_evidence,2241,0,,False,True
low_evidence,2242,1,1.37890625,True,False
low_evidence,2243,0,,False,True
low_evidence,2244,0,,False,True
low_evidence,2245,1,1.36328125,True,False
low_evidence,2246,0,,False,True
low_evidence,2247,0,,False,True
low_evidence,2248,0,,False,True
low_evidence,2249,0,,False,True
low_evidence,2250,0,,False,True
low_evidence,2251,0,,False,True
low_evidence,2252,0,,False,True
low_evidence,2253,1,1.83203125,True,False
low_evidence,2254,1,0.98046875,True,False
low_evidence,2255,0,,False,True
low_evidence,2256,0,,False,True
low_evidence,2257,0,,False,True
low_evidence,2258,0,,False,True
low_evidence,2259,0,,False,True
low_evidence,2260,0,,False,True
low_evidence,2261,0,,False,True
low_evidence,2262,0,,False,True
low_evidence,2263,0,,False,True
low_evidence,2264,0,,False,True
low_evidence,2265,0,,False,True
low_evidence,2266,0,,False,True
low_evidence,2267,1,1.94921875,True,False
low_evidence,2268,0,,False,True
low_evidence,2269,0,,False,True
low_evidence,2270,0,,False,True
low_evidence,2271,0,,False,True
low_evidence,2272,0,,False,True
low_evidence,2273,0,,False,True
low_evidence,2274,0,,False,True
low_evidence,2275,0,,False,True
low_evidence,2276,1,0.99609375,True,False
low_evidence,2277,0,,False,True
low_evidence,2278,0,,False,True
low_evidence,2279,0,,False,True
low_evidence,2280,0,,False,True
low_evidence,2281,0,,False,True
low_evidence,2282,0,,False,True
low_evidence,2283,0,,False,True
low_evidence,2284,0,,False,True
low_evidence,2285,0,,False,True
low_evidence,2286,0,,False,True
low_evidence,2287,0,,False,True
low_evidence,2288,0,,False,True
low_evidence,2289,0,,False,True
low_evidence,2290,0,,False,True
low_evidence,2291,1,1.75,True,False
low_evidence,2292,0,,False,True
low_evidence,2293,1,1.87890625,True,False
low_evidence,2294,0,,False,True
low_evidence,2295,0,,False,True
low_evidence,2296,0,,False,True
low_evidence,2297,0,,False,True
low_evidence,2298,0,,False,True
low_evidence,2299,0,,False,True
low_evidence,2300,0,,False,True
low_evidence,2301,0,,False,True
low_evidence,2302,1,0.421875,True,False
low_evidence,2303,1,0.703125,True,False
low_evidence,2304,0,,False,True
low_evidence,2305,0,,False,True
low_evidence,2306,0,,False,True
low_evidence,2307,0,,False,True
low_evidence,2308,0,,False,True
low_evidence,2309,0,,False,True
low_evidence,2310,1,1.12109375,True,False
low_evidence,2311,0,,False,True
low_evidence,2312,0,,False,True
low_evidence,2313,0,,False,True
low_evidence,2314,0,,False,True
low_evidence,2315,0,,False,True
low_evidence,2316,0,,False,True
low_evidence,2317,0,,False,True
low_evidence,2318,0,,False,True
low_evidence,2319,0,,False,True
low_evidence,2320,0,,False,True
low_evidence,2321,0,,False,True
low_evidence,2322,0,,False,True
low_evidence,2323,0,,False,True
low_evidence,2324,-1,1.98046875,False,False
low_evidence,2325,1,1.71875,True,False
low_evidence,2326,1,1.68359375,True,False
low_evidence,2327,0,,False,True
low_evidence,2328,1,1.515625,True,False
low_evidence,2329,1,1.50390625,True,False
low_evidence,2330,0,,False,True
low_evidence,2331,0,,False,True
low_evidence,2332,0,,False,True
low_evidence,2333,0,,False,True
low_evidence,2334,0,,False,True
low_evidence,2335,0,,False,True
low_evidence,2336,0,,False,True
low_evidence,2337,0,,False,True
low_evidence,2338,0,,False,True
low_evidence,2339,0,,False,True
low_evidence,2340,0,,False,True
low_evidence,2341,0,,False,True
low_evidence,2342,0,,False,True
low_evidence,2343,1,1.86328125,True,False
low_evidence,2344,1,1.55859375,True,False
low_evidence,2345,0,,False,True
low_evidence,2346,0,,False,True
low_evidence,2347,0,,False,True
low_evidence,2348,0,,False,True
low_evidence,2349,0,,False,True
low_evidence,2350,0,,False,True
low_evidence,2351,0,,False,True
low_evidence,2352,1,1.64453125,True,False
low_evidence,2353,0,,False,True
low_evidence,2354,0,,False,True
low_evidence,2355,0,,False,True
low_evidence,2356,1,0.80859375,True,False
low_evidence,2357,0,,False,True
low_evidence,2358,0,,False,True
low_evidence,2359,0,,False,True
low_evidence,2360,0,,False,True
low_evidence,2361,0,,False,True
low_evidence,2362,0,,False,True
low_evidence,2363,-1,1.87109375,False,False
low_evidence,2364,0,,False,True
low_evidence,2365,0,,False,True
low_evidence,2366,0,,False,True
low_evidence,2367,0,,False,True
low_evidence,2368,-1,1.58203125,False,False
low_evidence,2369,1,1.46484375,True,False
low_evidence,2370,0,,False,True
low_evidence,2371,0,,False,True
low_evidence,2372,0,,False,True
low_evidence,2373,0,,False,True
low_evidence,2374,0,,False,True
low_evidence,2375,1,0.9765625,True,False
low_evidence,2376,0,,False,True
low_evidence,2377,0,,False,True
low_evidence,2378,1,1.7890625,True,False
low_evidence,2379,0,,False,True
low_evidence,2380,0,,False,True
low_evidence,2381,0,,False,True
low_evidence,2382,0,,False,True
low_evidence,2383,1,1.50390625,True,False
low_evidence,2384,0,,False,True
low_evidence,2385,0,,False,True
low_evidence,2386,0,,False,True
low_evidence,2387,0,,False,True
low_evidence,2388,-1,1.32421875,False,False
low_evidence,2389,0,,False,True
low_evidence,2390,0,,False,True
low_evidence,2391,-1,1.828125,False,False
low_evidence,2392,0,,False,True
low_evidence,2393,0,,False,True
low_evidence,2394,0,,False,True
low_evidence,2395,0,,False,True
low_evidence,2396,0,,False,True
low_evidence,2397,0,,False,True
low_evidence,2398,0,,False,True
low_evidence,2399,1,1.42578125,True,False
low_evidence,2400,0,,False,True
low_evidence,2401,0,,False,True
low_evidence,2402,0,,False,True
low_evidence,2403,1,0.78125,True,False
low_evidence,2404,0,,False,True
low_evidence,2405,0,,False,True
low_evidence,2406,-1,1.6328125,False,False
low_evidence,2407,0,,False,True
low_evidence,2408,0,,False,True
low_evidence,2409,0,,False,True
low_evidence,2410,0,,False,True
low_evidence,2411,0,,False,True
low_evidence,2412,0,,False,True
low_evidence,2413,0,,False,True
low_evidence,2414,0,,False,True
low_evidence,2415,0,,False,True
low_evidence,2416,0,,False,True
low_evidence,2417,1,1.24609375,True,False
low_evidence,2418,0,,False,True
low_evidence,2419,0,,False,True
low_evidence,2420,0,,False,True
low_evidence,2421,0,,False,True
low_evidence,2422,0,,False,True
low_evidence,2423,-1,1.01953125,False,False
low_evidence,2424,1,0.828125,True,False
low_evidence,2425,1,0.9609375,True,False
low_evidence,2426,1,1.921875,True,False
low_evidence,2427,1,1.86328125,True,False
low_evidence,2428,0,,False,True
low_evidence,2429,0,,False,True
low_evidence,2430,0,,False,True
low_evidence,2431,0,,False,True
low_evidence,2432,1,1.1328125,True,False
low_evidence,2433,1,1.73828125,True,False
low_evidence,2434,0,,False,True
low_evidence,2435,0,,False,True
low_evidence,2436,0,,False,True
low_evidence,2437,0,,False,True
low_evidence,2438,0,,False,True
low_evidence,2439,0,,False,True
low_evidence,2440,0,,False,True
low_evidence,2441,0,,False,True
low_evidence,2442,0,,False,True
low_evidence,2443,0,,False,True
low_evidence,2444,0,,False,True
low_evidence,2445,0,,False,True
low_evidence,2446,0,,False,True
low_evidence,2447,0,,False,True
low_evidence,2448,0,,False,True
low_evidence,2449,0,,False,True
low_evidence,2450,0,,False,True
low_evidence,2451,1,1.70703125,True,False
low_evidence,2452,0,,False,True
low_evidence,2453,0,,False,True
low_evidence,2454,0,,False,True
low_evidence,2455,0,,False,True
low_evidence,2456,0,,False,True
low_evidence,2457,0,,False,True
low_evidence,2458,0,,False,True
low_evidence,2459,0,,False,True
low_evidence,2460,0,,False,True
low_evidence,2461,0,,False,True
low_evidence,2462,0,,False,True
low_evidence,2463,0,,False,True
low_evidence,2464,0,,False,True
low_evidence,2465,0,,False,True
low_evidence,2466,0,,False,True
low_evidence,2467,1,1.91796875,True,False
low_evidence,2468,0,,False,True
low_evidence,2469,0,,False,True
low_evidence,2470,0,,False,True
low_evidence,2471,0,,False,True
low_evidence,2472,0,,False,True
low_evidence,2473,0,,False,True
low_evidence,2474,0,,False,True
low_evidence,2475,0,,False,True
low_evidence,2476,0,,False,True
low_evidence,2477,0,,False,True
low_evidence,2478,0,,False,True
low_evidence,2479,0,,False,True
low_evidence,2480,1,1.9296875,True,False
low_evidence,2481,0,,False,True
low_evidence,2482,0,,False,True
low_evidence,2483,0,,False,True
low_evidence,2484,0,,False,True
low_evidence,2485,1,1.8359375,True,False
low_evidence,2486,0,,False,True
low_evidence,2487,0,,False,True
low_evidence,2488,-1,0.8984375,False,False
low_evidence,2489,0,,False,True
low_evidence,2490,0,,False,True
low_evidence,2491,0,,False,True
low_evidence,2492,1,1.0859375,True,False
low_evidence,2493,0,,False,True
low_evidence,2494,0,,False,True
low_evidence,2495,-1,1.98046875,False,False
low_evidence,2496,0,,False,True
low_evidence,2497,0,,False,True
low_evidence,2498,0,,False,True
low_evidence,2499,0,,False,True
low_evidence,2500,0,,False,True
low_evidence,2501,0,,False,True
low_evidence,2502,0,,False,True
low_evidence,2503,0,,False,True
low_evidence,2504,0,,False,True
low_evidence,2505,1,1.8515625,True,False
low_evidence,2506,0,,False,True
low_evidence,2507,-1,1.8515625,False,False
low_evidence,2508,0,,False,True
low_evidence,2509,0,,False,True
low_evidence,2510,0,,False,True
low_evidence,2511,0,,False,True
low_evidence,2512,0,,False,True
low_evidence,2513,0,,False,True
low_evidence,2514,0,,False,True
low_evidence,2515,0,,False,True
low_evidence,2516,0,,False,True
low_evidence,2517,0,,False,True
low_evidence,2518,0,,False,True
low_evidence,2519,0,,False,True
low_evidence,2520,0,,False,True
low_evidence,2521,0,,False,True
low_evidence,2522,-1,0.96875,False,False
low_evidence,2523,0,,False,True
low_evidence,2524,1,1.796875,True,False
low_evidence,2525,0,,False,True
low_evidence,2526,0,,False,True
low_evidence,2527,1,1.70703125,True,False
low_evidence,2528,0,,False,True
low_evidence,2529,1,1.78125,True,False
low_evidence,2530,0,,False,True
low_evidence,2531,-1,0.765625,False,False
low_evidence,2532,1,1.4140625,True,False
low_evidence,2533,0,,False,True
low_evidence,2534,0,,False,True
low_evidence,2535,0,,False,True
low_evidence,2536,0,,False,True
low_evidence,2537,0,,False,True
low_evidence,2538,0,,False,True
low_evidence,2539,1,1.4921875,True,False
low_evidence,2540,0,,False,True
low_evidence,2541,0,,False,True
low_evidence,2542,0,,False,True
low_evidence,2543,0,,False,True
low_evidence,2544,0,,False,True
low_evidence,2545,0,,False,True
low_evidence,2546,0,,False,True
low_evidence,2547,0,,False,True
low_evidence,2548,1,1.0078125,True,False
low_evidence,2549,0,,False,True
low_evidence,2550,0,,False,True
low_evidence,2551,0,,False,True
low_evidence,2552,0,,False,True
low_evidence,2553,1,1.4453125,True,False
low_evidence,2554,0,,False,True
low_evidence,2555,0,,False,True
low_evidence,2556,0,,False,True
low_evidence,2557,0,,False,True
low_evidence,2558,0,,False,True
low_evidence,2559,0,,False,True
low_evidence,2560,0,,False,True
low_evidence,2561,1,1.66015625,True,False
low_evidence,2562,0,,False,True
low_evidence,2563,1,1.66796875,True,False
low_evidence,2564,0,,False,True
low_evidence,2565,0,,False,True
low_evidence,2566,1,1.97265625,True,False
low_evidence,2567,0,,False,True
low_evidence,2568,0,,False,True
low_evidence,2569,0,,False,True
low_evidence,2570,0,,False,True
low_evidence,2571,0,,False,True
low_evidence,2572,0,,False,True
low_evidence,2573,0,,False,True
low_evidence,2574,1,1.9375,True,False
low_evidence,2575,0,,False,True
low_evidence,2576,0,,False,True
low_evidence,2577,-1,1.4921875,False,False
low_evidence,2578,1,1.87890625,True,False
low_evidence,2579,0,,False,True
low_evidence,2580,0,,False,True
low_evidence,2581,0,,False,True
low_evidence,2582,0,,False,True
low_evidence,2583,0,,False,True
low_evidence,2584,0,,False,True
low_evidence,2585,0,,False,True
low_evidence,2586,0,,False,True
low_evidence,2587,0,,False,True
low_evidence,2588,0,,False,True
low_evidence,2589,1,0.87109375,True,False
low_evidence,2590,0,,False,True
low_evidence,2591,0,,False,True
low_evidence,2592,0,,False,True
low_evidence,2593,0,,False,True
low_evidence,2594,0,,False,True
low_evidence,2595,0,,False,True
low_evidence,2596,0,,False,True
low_evidence,2597,0,,False,True
low_evidence,2598,0,,False,True
low_evidence,2599,0,,False,True
low_evidence,2600,0,,False,True
low_evidence,2601,0,,False,True
low_evidence,2602,0,,False,True
low_evidence,2603,0,,False,True
low_evidence,2604,0,,False,True
low_evidence,2605,0,,False,True
low_evidence,2606,0,,False,True
low_evidence,2607,0,,False,True
low_evidence,2608,0,,False,True
low_evidence,2609,0,,False,True
low_evidence,2610,0,,False,True
low_evidence,2611,0,,False,True
low_evidence,2612,0,,False,True
low_evidence,2613,0,,False,True
low_evidence,2614,0,,False,True
low_evidence,2615,0,,False,True
low_evidence,2616,1,1.21875,True,False
low_evidence,2617,0,,False,True
low_evidence,2618,0,,False,True
low_evidence,2619,0,,False,True
low_evidence,2620,0,,False,True
low_evidence,2621,0,,False,True
low_evidence,2622,1,0.96484375,True,False
low_evidence,2623,0,,False,True
low_evidence,2624,0,,False,True
low_evidence,2625,1,1.54296875,True,False
low_evidence,2626,1,1.5625,True,False
low_evidence,2627,0,,False,True
low_evidence,2628,0,,False,True
low_evidence,2629,0,,False,True
low_evidence,2630,0,,False,True
low_evidence,2631,0,,False,True
low_evidence,2632,0,,False,True
low_evidence,2633,0,,False,True
low_evidence,2634,0,,False,True
low_evidence,2635,0,,False,True
low_evidence,2636,0,,False,True
low_evidence,2637,0,,False,True
low_evidence,2638,0,,False,True
low_evidence,2639,0,,False,True
low_evidence,2640,0,,False,True
low_evidence,2641,0,,False,True
low_evidence,2642,0,,False,True
low_evidence,2643,0,,False,True
low_evidence,2644,0,,False,True
low_evidence,2645,0,,False,True
low_evidence,2646,0,,False,True
low_evidence,2647,0,,False,True
low_evidence,2648,0,,False,True
low_evidence,2649,1,1.5078125,True,False
low_evidence,2650,1,1.359375,True,False
low_evidence,2651,0,,False,True
low_evidence,2652,0,,False,True
low_evidence,2653,0,,False,True
low_evidence,2654,0,,False,True
low_evidence,2655,0,,False,True
low_evidence,2656,0,,False,True
low_evidence,2657,0,,False,True
low_evidence,2658,0,,False,True
low_evidence,2659,0,,False,True
low_evidence,2660,0,,False,True
low_evidence,2661,0,,False,True
low_evidence,2662,0,,False,True
low_evidence,2663,0,,False,True
low_evidence,2664,0,,False,True
low_evidence,2665,0,,False,True
low_evidence,2666,1,1.5859375,True,False
low_evidence,2667,0,,False,True
low_evidence,2668,0,,False,True
low_evidence,2669,0,,False,True
low_evidence,2670,1,1.33203125,True,False
low_evidence,2671,0,,False,True
low_evidence,2672,1,1.6640625,True,False
low_evidence,2673,-1,1.27734375,False,False
low_evidence,2674,0,,False,True
low_evidence,2675,0,,False,True
low_evidence,2676,0,,False,True
low_evidence,2677,0,,False,True
low_evidence,2678,0,,False,True
low_evidence,2679,0,,False,True
low_evidence,2680,0,,False,True
low_evidence,2681,0,,False,True
low_evidence,2682,0,,False,True
low_evidence,2683,0,,False,True
low_evidence,2684,0,,False,True
low_evidence,2685,0,,False,True
low_evidence,2686,0,,False,True
low_evidence,2687,0,,False,True
low_evidence,2688,0,,False,True
low_evidence,2689,0,,False,True
low_evidence,2690,0,,False,True
low_evidence,2691,0,,False,True
low_evidence,2692,0,,False,True
low_evidence,2693,0,,False,True
low_evidence,2694,1,1.19921875,True,False
low_evidence,2695,0,,False,True
low_evidence,2696,0,,False,True
low_evidence,2697,0,,False,True
low_evidence,2698,0,,False,True
low_evidence,2699,0,,False,True
low_evidence,2700,0,,False,True
low_evidence,2701,0,,False,True
low_evidence,2702,0,,False,True
low_evidence,2703,0,,False,True
low_evidence,2704,0,,False,True
low_evidence,2705,0,,False,True
low_evidence,2706,0,,False,True
low_evidence,2707,0,,False,True
low_evidence,2708,0,,False,True
low_evidence,2709,0,,False,True
low_evidence,2710,0,,False,True
low_evidence,2711,0,,False,True
low_evidence,2712,0,,False,True
low_evidence,2713,0,,False,True
low_evidence,2714,1,1.4609375,True,False
low_evidence,2715,0,,False,True
low_evidence,2716,1,1.73046875,True,False
low_evidence,2717,0,,False,True
low_evidence,2718,1,0.828125,True,False
low_evidence,2719,0,,False,True
low_evidence,2720,0,,False,True
low_evidence,2721,0,,False,True
low_evidence,2722,0,,False,True
low_evidence,2723,0,,False,True
low_evidence,2724,0,,False,True
low_evidence,2725,1,1.0625,True,False
low_evidence,2726,0,,False,True
low_evidence,2727,0,,False,True
low_evidence,2728,0,,False,True
low_evidence,2729,0,,False,True
low_evidence,2730,0,,False,True
low_evidence,2731,0,,False,True
low_evidence,2732,0,,False,True
low_evidence,2733,0,,False,True
low_evidence,2734,0,,False,True
low_evidence,2735,0,,False,True
low_evidence,2736,1,1.30859375,True,False
low_evidence,2737,1,1.5859375,True,False
low_evidence,2738,0,,False,True
low_evidence,2739,0,,False,True
low_evidence,2740,0,,False,True
low_evidence,2741,0,,False,True
low_evidence,2742,0,,False,True
low_evidence,2743,1,1.50390625,True,False
low_evidence,2744,0,,False,True
low_evidence,2745,1,1.32421875,True,False
low_evidence,2746,1,1.60546875,True,False
low_evidence,2747,0,,False,True
low_evidence,2748,0,,False,True
low_evidence,2749,0,,False,True
low_evidence,2750,0,,False,True
low_evidence,2751,-1,1.35546875,False,False
low_evidence,2752,0,,False,True
low_evidence,2753,0,,False,True
low_evidence,2754,0,,False,True
low_evidence,2755,0,,False,True
low_evidence,2756,0,,False,True
low_evidence,2757,0,,False,True
low_evidence,2758,0,,False,True
low_evidence,2759,0,,False,True
low_evidence,2760,0,,False,True
low_evidence,2761,0,,False,True
low_evidence,2762,0,,False,True
low_evidence,2763,0,,False,True
low_evidence,2764,0,,False,True
low_evidence,2765,1,1.953125,True,False
low_evidence,2766,0,,False,True
low_evidence,2767,0,,False,True
low_evidence,2768,0,,False,True
low_evidence,2769,0,,False,True
low_evidence,2770,1,1.41015625,True,False
low_evidence,2771,1,1.57421875,True,False
low_evidence,2772,1,1.66015625,True,False
low_evidence,2773,0,,False,True
low_evidence,2774,0,,False,True
low_evidence,2775,-1,0.8671875,False,False
low_evidence,2776,0,,False,True
low_evidence,2777,1,1.8515625,True,False
low_evidence,2778,1,1.93359375,True,False
low_evidence,2779,0,,False,True
low_evidence,2780,0,,False,True
low_evidence,2781,1,0.7421875,True,False
low_evidence,2782,0,,False,True
low_evidence,2783,0,,False,True
low_evidence,2784,0,,False,True
low_evidence,2785,0,,False,True
low_evidence,2786,0,,False,True
low_evidence,2787,0,,False,True
low_evidence,2788,0,,False,True
low_evidence,2789,0,,False,True
low_evidence,2790,0,,False,True
low_evidence,2791,0,,False,True
low_evidence,2792,1,1.29296875,True,False
low_evidence,2793,0,,False,True
low_evidence,2794,0,,False,True
low_evidence,2795,1,1.5,True,False
low_evidence,2796,0,,False,True
low_evidence,2797,1,1.21875,True,False
low_evidence,2798,0,,False,True
low_evidence,2799,0,,False,True
low_evidence,2800,0,,False,True
low_evidence,2801,0,,False,True
low_evidence,2802,1,1.5390625,True,False
low_evidence,2803,0,,False,True
low_evidence,2804,0,,False,True
low_evidence,2805,0,,False,True
low_evidence,2806,-1,1.5859375,False,False
low_evidence,2807,0,,False,True
low_evidence,2808,0,,False,True
low_evidence,2809,0,,False,True
low_evidence,2810,0,,False,True
low_evidence,2811,0,,False,True
low_evidence,2812,0,,False,True
low_evidence,2813,0,,False,True
low_evidence,2814,0,,False,True
low_evidence,2815,0,,False,True
low_evidence,2816,0,,False,True
low_evidence,2817,0,,False,True
low_evidence,2818,0,,False,True
low_evidence,2819,0,,False,True
low_evidence,2820,0,,False,True
low_evidence,2821,0,,False,True
low_evidence,2822,1,0.83984375,True,False
low_evidence,2823,0,,False,True
low_evidence,2824,0,,False,True
low_evidence,2825,0,,False,True
low_evidence,2826,0,,False,True
low_evidence,2827,0,,False,True
low_evidence,2828,0,,False,True
low_evidence,2829,0,,False,True
low_evidence,2830,0,,False,True
low_evidence,2831,0,,False,True
low_evidence,2832,0,,False,True
low_evidence,2833,0,,False,True
low_evidence,2834,0,,False,True
low_evidence,2835,0,,False,True
low_evidence,2836,0,,False,True
low_evidence,2837,0,,False,True
low_evidence,2838,1,1.2734375,True,False
low_evidence,2839,0,,False,True
low_evidence,2840,1,0.6875,True,False
low_evidence,2841,0,,False,True
low_evidence,2842,0,,False,True
low_evidence,2843,0,,False,True
low_evidence,2844,0,,False,True
low_evidence,2845,0,,False,True
low_evidence,2846,0,,False,True
low_evidence,2847,0,,False,True
low_evidence,2848,0,,False,True
low_evidence,2849,1,1.7109375,True,False
low_evidence,2850,0,,False,True
low_evidence,2851,0,,False,True
low_evidence,2852,0,,False,True
low_evidence,2853,1,1.78515625,True,False
low_evidence,2854,1,1.51171875,True,False
low_evidence,2855,0,,False,True
low_evidence,2856,0,,False,True
low_evidence,2857,0,,False,True
low_evidence,2858,1,0.71875,True,False
low_evidence,2859,0,,False,True
low_evidence,2860,0,,False,True
low_evidence,2861,0,,False,True
low_evidence,2862,0,,False,True
low_evidence,2863,0,,False,True
low_evidence,2864,0,,False,True
low_evidence,2865,0,,False,True
low_evidence,2866,0,,False,True
low_evidence,2867,0,,False,True
low_evidence,2868,0,,False,True
low_evidence,2869,0,,False,True
low_evidence,2870,0,,False,True
low_evidence,2871,0,,False,True
low_evidence,2872,0,,False,True
low_evidence,2873,0,,False,True
low_evidence,2874,0,,False,True
low_evidence,2875,1,1.4921875,True,False
low_evidence,2876,0,,False,True
low_evidence,2877,0,,False,True
low_evidence,2878,0,,False,True
low_evidence,2879,0,,False,True
low_evidence,2880,0,,False,True
low_evidence,2881,0,,False,True
low_evidence,2882,0,,False,True
low_evidence,2883,0,,False,True
low_evidence,2884,0,,False,True
low_evidence,2885,0,,False,True
low_evidence,2886,0,,False,True
low_evidence,2887,0,,False,True
low_evidence,2888,0,,False,True
low_evidence,2889,0,,False,True
low_evidence,2890,0,,False,True
low_evidence,2891,0,,False,True
low_evidence,2892,0,,False,True
low_evidence,2893,0,,False,True
low_evidence,2894,0,,False,True
low_evidence,2895,0,,False,True
low_evidence,2896,1,1.66015625,True,False
low_evidence,2897,-1,1.953125,False,False
low_evidence,2898,0,,False,True
low_evidence,2899,1,0.859375,True,False
low_evidence,2900,0,,False,True
low_evidence,2901,0,,False,True
low_evidence,2902,0,,False,True
low_evidence,2903,0,,False,True
low_evidence,2904,0,,False,True
low_evidence,2905,0,,False,True
low_evidence,2906,1,1.75390625,True,False
low_evidence,2907,0,,False,True
low_evidence,2908,0,,False,True
low_evidence,2909,1,1.7421875,True,False
low_evidence,2910,0,,False,True
low_evidence,2911,0,,False,True
low_evidence,2912,0,,False,True
low_evidence,2913,-1,1.88671875,False,False
low_evidence,2914,0,,False,True
low_evidence,2915,1,1.5,True,False
low_evidence,2916,0,,False,True
low_evidence,2917,0,,False,True
low_evidence,2918,0,,False,True
low_evidence,2919,0,,False,True
low_evidence,2920,0,,False,True
low_evidence,2921,1,1.30859375,True,False
low_evidence,2922,1,1.3671875,True,False
low_evidence,2923,0,,False,True
low_evidence,2924,0,,False,True
low_evidence,2925,0,,False,True
low_evidence,2926,0,,False,True
low_evidence,2927,0,,False,True
low_evidence,2928,0,,False,True
low_evidence,2929,1,1.3984375,True,False
low_evidence,2930,0,,False,True
low_evidence,2931,0,,False,True
low_evidence,2932,0,,False,True
low_evidence,2933,0,,False,True
low_evidence,2934,0,,False,True
low_evidence,2935,0,,False,True
low_evidence,2936,0,,False,True
low_evidence,2937,0,,False,True
low_evidence,2938,0,,False,True
low_evidence,2939,0,,False,True
low_evidence,2940,0,,False,True
low_evidence,2941,0,,False,True
low_evidence,2942,0,,False,True
low_evidence,2943,0,,False,True
low_evidence,2944,0,,False,True
low_evidence,2945,0,,False,True
low_evidence,2946,0,,False,True
low_evidence,2947,0,,False,True
low_evidence,2948,0,,False,True
low_evidence,2949,0,,False,True
low_evidence,2950,0,,False,True
low_evidence,2951,0,,False,True
low_evidence,2952,0,,False,True
low_evidence,2953,1,1.3125,True,False
low_evidence,2954,0,,False,True
low_evidence,2955,-1,0.703125,False,False
low_evidence,2956,0,,False,True
low_evidence,2957,0,,False,True
low_evidence,2958,0,,False,True
low_evidence,2959,0,,False,True
low_evidence,2960,0,,False,True
low_evidence,2961,-1,2.0,False,False
low_evidence,2962,0,,False,True
low_evidence,2963,0,,False,True
low_evidence,2964,0,,False,True
low_evidence,2965,0,,False,True
low_evidence,2966,0,,False,True
low_evidence,2967,1,1.90625,True,False
low_evidence,2968,0,,False,True
low_evidence,2969,0,,False,True
low_evidence,2970,0,,False,True
low_evidence,2971,0,,False,True
low_evidence,2972,0,,False,True
low_evidence,2973,0,,False,True
low_evidence,2974,0,,False,True
low_evidence,2975,0,,False,True
low_evidence,2976,0,,False,True
low_evidence,2977,0,,False,True
low_evidence,2978,0,,False,True
low_evidence,2979,1,1.33984375,True,False
low_evidence,2980,0,,False,True
low_evidence,2981,1,1.40234375,True,False
low_evidence,2982,0,,False,True
low_evidence,2983,0,,False,True
low_evidence,2984,0,,False,True
low_evidence,2985,0,,False,True
low_evidence,2986,0,,False,True
low_evidence,2987,0,,False,True
low_evidence,2988,1,1.11328125,True,False
low_evidence,2989,-1,1.44921875,False,False
low_evidence,2990,0,,False,True
low_evidence,2991,0,,False,True
low_evidence,2992,0,,False,True
low_evidence,2993,0,,False,True
low_evidence,2994,0,,False,True
low_evidence,2995,0,,False,True
low_evidence,2996,1,1.5859375,True,False
low_evidence,2997,1,1.75,True,False
low_evidence,2998,0,,False,True
low_evidence,2999,0,,False,True
low_evidence,3000,1,1.61328125,True,False
low_evidence,3001,0,,False,True
low_evidence,3002,0,,False,True
low_evidence,3003,0,,False,True
low_evidence,3004,0,,False,True
low_evidence,3005,0,,False,True
low_evidence,3006,0,,False,True
low_evidence,3007,0,,False,True
low_evidence,3008,0,,False,True
low_evidence,3009,0,,False,True
low_evidence,3010,0,,False,True
low_evidence,3011,0,,False,True
low_evidence,3012,0,,False,True
low_evidence,3013,0,,False,True
low_evidence,3014,0,,False,True
low_evidence,3015,0,,False,True
low_evidence,3016,0,,False,True
low_evidence,3017,0,,False,True
low_evidence,3018,0,,False,True
low_evidence,3019,0,,False,True
low_evidence,3020,0,,False,True
low_evidence,3021,0,,False,True
low_evidence,3022,0,,False,True
low_evidence,3023,0,,False,True
low_evidence,3024,-1,1.578125,False,False
low_evidence,3025,0,,False,True
low_evidence,3026,0,,False,True
low_evidence,3027,0,,False,True
low_evidence,3028,0,,False,True
low_evidence,3029,0,,False,True
low_evidence,3030,0,,False,True
low_evidence,3031,0,,False,True
low_evidence,3032,0,,False,True
low_evidence,3033,0,,False,True
low_evidence,3034,0,,False,True
low_evidence,3035,0,,False,True
low_evidence,3036,0,,False,True
low_evidence,3037,0,,False,True
low_evidence,3038,0,,False,True
low_evidence,3039,0,,False,True
low_evidence,3040,0,,False,True
low_evidence,3041,0,,False,True
low_evidence,3042,0,,False,True
low_evidence,3043,0,,False,True
low_evidence,3044,0,,False,True
low_evidence,3045,0,,False,True
low_evidence,3046,0,,False,True
low_evidence,3047,0,,False,True
low_evidence,3048,0,,False,True
low_evidence,3049,-1,1.91015625,False,False
low_evidence,3050,0,,False,True
low_evidence,3051,0,,False,True
low_evidence,3052,0,,False,True
low_evidence,3053,0,,False,True
low_evidence,3054,0,,False,True
low_evidence,3055,0,,False,True
low_evidence,3056,0,,False,True
low_evidence,3057,0,,False,True
low_evidence,3058,0,,False,True
low_evidence,3059,0,,False,True
low_evidence,3060,0,,False,True
low_evidence,3061,0,,False,True
low_evidence,3062,0,,False,True
low_evidence,3063,-1,1.3125,False,False
low_evidence,3064,0,,False,True
low_evidence,3065,0,,False,True
low_evidence,3066,0,,False,True
low_evidence,3067,0,,False,True
low_evidence,3068,0,,False,True
low_evidence,3069,0,,False,True
low_evidence,3070,1,0.671875,True,False
low_evidence,3071,1,1.95703125,True,False
low_evidence,3072,0,,False,True
low_evidence,3073,0,,False,True
low_evidence,3074,0,,False,True
low_evidence,3075,0,,False,True
low_evidence,3076,0,,False,True
low_evidence,3077,0,,False,True
low_evidence,3078,0,,False,True
low_evidence,3079,0,,False,True
low_evidence,3080,0,,False,True
low_evidence,3081,0,,False,True
low_evidence,3082,0,,False,True
low_evidence,3083,0,,False,True
low_evidence,3084,0,,False,True
low_evidence,3085,0,,False,True
low_evidence,3086,0,,False,True
low_evidence,3087,0,,False,True
low_evidence,3088,0,,False,True
low_evidence,3089,0,,False,True
low_evidence,3090,0,,False,True
low_evidence,3091,1,1.734375,True,False
low_evidence,3092,0,,False,True
low_evidence,3093,0,,False,True
low_evidence,3094,0,,False,True
low_evidence,3095,0,,False,True
low_evidence,3096,0,,False,True
low_evidence,3097,0,,False,True
low_evidence,3098,0,,False,True
low_evidence,3099,0,,False,True
low_evidence,3100,0,,False,True
low_evidence,3101,0,,False,True
low_evidence,3102,0,,False,True
low_evidence,3103,0,,False,True
low_evidence,3104,0,,False,True
low_evidence,3105,0,,False,True
low_evidence,3106,0,,False,True
low_evidence,3107,0,,False,True
low_evidence,3108,0,,False,True
low_evidence,3109,0,,False,True
low_evidence,3110,0,,False,True
low_evidence,3111,0,,False,True
low_evidence,3112,0,,False,True
low_evidence,3113,1,1.640625,True,False
low_evidence,3114,0,,False,True
low_evidence,3115,0,,False,True
low_evidence,3116,1,1.56640625,True,False
low_evidence,3117,0,,False,True
low_evidence,3118,0,,False,True
low_evidence,3119,0,,False,True
low_evidence,3120,0,,False,True
low_evidence,3121,0,,False,True
low_evidence,3122,0,,False,True
low_evidence,3123,0,,False,True
low_evidence,3124,0,,False,True
low_evidence,3125,1,1.1796875,True,False
low_evidence,3126,0,,False,True
low_evidence,3127,0,,False,True
low_evidence,3128,0,,False,True
low_evidence,3129,0,,False,True
low_evidence,3130,0,,False,True
low_evidence,3131,0,,False,True
low_evidence,3132,0,,False,True
low_evidence,3133,0,,False,True
low_evidence,3134,0,,False,True
low_evidence,3135,0,,False,True
low_evidence,3136,1,1.51953125,True,False
low_evidence,3137,0,,False,True
low_evidence,3138,0,,False,True
low_evidence,3139,0,,False,True
low_evidence,3140,0,,False,True
low_evidence,3141,0,,False,True
low_evidence,3142,1,1.29296875,True,False
low_evidence,3143,1,1.8984375,True,False
low_evidence,3144,0,,False,True
low_evidence,3145,0,,False,True
low_evidence,3146,0,,False,True
low_evidence,3147,0,,False,True
low_evidence,3148,0,,False,True
low_evidence,3149,0,,False,True
low_evidence,3150,0,,False,True
low_evidence,3151,1,1.69921875,True,False
low_evidence,3152,0,,False,True
low_evidence,3153,1,1.47265625,True,False
low_evidence,3154,0,,False,True
low_evidence,3155,0,,False,True
low_evidence,3156,0,,False,True
low_evidence,3157,1,1.0546875,True,False
low_evidence,3158,1,0.984375,True,False
low_evidence,3159,0,,False,True
low_evidence,3160,0,,False,True
low_evidence,3161,0,,False,True
low_evidence,3162,1,1.64453125,True,False
low_evidence,3163,0,,False,True
low_evidence,3164,0,,False,True
low_evidence,3165,0,,False,True
low_evidence,3166,0,,False,True
low_evidence,3167,0,,False,True
low_evidence,3168,0,,False,True
low_evidence,3169,0,,False,True
low_evidence,3170,0,,False,True
low_evidence,3171,0,,False,True
low_evidence,3172,0,,False,True
low_evidence,3173,0,,False,True
low_evidence,3174,0,,False,True
low_evidence,3175,0,,False,True
low_evidence,3176,0,,False,True
low_evidence,3177,0,,False,True
low_evidence,3178,1,0.8828125,True,False
low_evidence,3179,0,,False,True
low_evidence,3180,0,,False,True
low_evidence,3181,1,0.73046875,True,False
low_evidence,3182,0,,False,True
low_evidence,3183,0,,False,True
low_evidence,3184,0,,False,True
low_evidence,3185,0,,False,True
low_evidence,3186,0,,False,True
low_evidence,3187,0,,False,True
low_evidence,3188,0,,False,True
low_evidence,3189,1,1.19140625,True,False
low_evidence,3190,1,1.875,True,False
low_evidence,3191,0,,False,True
low_evidence,3192,0,,False,True
low_evidence,3193,0,,False,True
low_evidence,3194,0,,False,True
low_evidence,3195,0,,False,True
low_evidence,3196,0,,False,True
low_evidence,3197,0,,False,True
low_evidence,3198,0,,False,True
low_evidence,3199,0,,False,True
low_evidence,3200,-1,1.671875,False,False
low_evidence,3201,0,,False,True
low_evidence,3202,0,,False,True
low_evidence,3203,0,,False,True
low_evidence,3204,0,,False,True
low_evidence,3205,0,,False,True
low_evidence,3206,0,,False,True
low_evidence,3207,1,1.8046875,True,False
low_evidence,3208,0,,False,True
low_evidence,3209,1,1.94140625,True,False
low_evidence,3210,0,,False,True
low_evidence,3211,0,,False,True
low_evidence,3212,1,1.7734375,True,False
low_evidence,3213,0,,False,True
low_evidence,3214,-1,1.37109375,False,False
low_evidence,3215,0,,False,True
low_evidence,3216,0,,False,True
low_evidence,3217,0,,False,True
low_evidence,3218,1,0.96484375,True,False
low_evidence,3219,0,,False,True
low_evidence,3220,0,,False,True
low_evidence,3221,0,,False,True
low_evidence,3222,0,,False,True
low_evidence,3223,0,,False,True
low_evidence,3224,0,,False,True
low_evidence,3225,0,,False,True
low_evidence,3226,1,1.34765625,True,False
low_evidence,3227,0,,False,True
low_evidence,3228,0,,False,True
low_evidence,3229,0,,False,True
low_evidence,3230,0,,False,True
low_evidence,3231,0,,False,True
low_evidence,3232,0,,False,True
low_evidence,3233,0,,False,True
low_evidence,3234,0,,False,True
low_evidence,3235,0,,False,True
low_evidence,3236,0,,False,True
low_evidence,3237,0,,False,True
low_evidence,3238,0,,False,True
low_evidence,3239,0,,False,True
low_evidence,3240,1,1.515625,True,False
low_evidence,3241,0,,False,True
low_evidence,3242,0,,False,True
low_evidence,3243,1,1.59765625,True,False
low_evidence,3244,0,,False,True
low_evidence,3245,0,,False,True
low_evidence,3246,0,,False,True
low_evidence,3247,0,,False,True
low_evidence,3248,0,,False,True
low_evidence,3249,0,,False,True
low_evidence,3250,0,,False,True
low_evidence,3251,0,,False,True
low_evidence,3252,0,,False,True
low_evidence,3253,0,,False,True
low_evidence,3254,1,1.5390625,True,False
low_evidence,3255,0,,False,True
low_evidence,3256,0,,False,True
low_evidence,3257,0,,False,True
low_evidence,3258,0,,False,True
low_evidence,3259,0,,False,True
low_evidence,3260,0,,False,True
low_evidence,3261,0,,False,True
low_evidence,3262,0,,False,True
low_evidence,3263,0,,False,True
low_evidence,3264,0,,False,True
low_evidence,3265,1,1.78515625,True,False
low_evidence,3266,0,,False,True
low_evidence,3267,0,,False,True
low_evidence,3268,1,1.83203125,True,False
low_evidence,3269,-1,1.17578125,False,False
low_evidence,3270,0,,False,True
low_evidence,3271,1,0.859375,True,False
low_evidence,3272,0,,False,True
low_evidence,3273,0,,False,True
low_evidence,3274,0,,False,True
low_evidence,3275,0,,False,True
low_evidence,3276,0,,False,True
low_evidence,3277,1,1.90234375,True,False
low_evidence,3278,0,,False,True
low_evidence,3279,0,,False,True
low_evidence,3280,0,,False,True
low_evidence,3281,0,,False,True
low_evidence,3282,0,,False,True
low_evidence,3283,0,,False,True
low_evidence,3284,0,,False,True
low_evidence,3285,0,,False,True
low_evidence,3286,0,,False,True
low_evidence,3287,0,,False,True
low_evidence,3288,0,,False,True
low_evidence,3289,0,,False,True
low_evidence,3290,0,,False,True
low_evidence,3291,0,,False,True
low_evidence,3292,0,,False,True
low_evidence,3293,1,1.4921875,True,False
low_evidence,3294,0,,False,True
low_evidence,3295,0,,False,True
low_evidence,3296,0,,False,True
low_evidence,3297,0,,False,True
low_evidence,3298,0,,False,True
low_evidence,3299,1,1.91796875,True,False
low_evidence,3300,0,,False,True
low_evidence,3301,0,,False,True
low_evidence,3302,1,1.5625,True,False
low_evidence,3303,0,,False,True
low_evidence,3304,0,,False,True
low_evidence,3305,0,,False,True
low_evidence,3306,0,,False,True
low_evidence,3307,0,,False,True
low_evidence,3308,0,,False,True
low_evidence,3309,0,,False,True
low_evidence,3310,1,0.75,True,False
low_evidence,3311,0,,False,True
low_evidence,3312,-1,1.96484375,False,False
low_evidence,3313,0,,False,True
low_evidence,3314,0,,False,True
low_evidence,3315,0,,False,True
low_evidence,3316,1,1.41796875,True,False
low_evidence,3317,0,,False,True
low_evidence,3318,0,,False,True
low_evidence,3319,0,,False,True
low_evidence,3320,0,,False,True
low_evidence,3321,0,,False,True
low_evidence,3322,0,,False,True
low_evidence,3323,0,,False,True
low_evidence,3324,0,,False,True
low_evidence,3325,0,,False,True
low_evidence,3326,0,,False,True
low_evidence,3327,1,1.93359375,True,False
low_evidence,3328,0,,False,True
low_evidence,3329,0,,False,True
low_evidence,3330,0,,False,True
low_evidence,3331,0,,False,True
low_evidence,3332,0,,False,True
low_evidence,3333,0,,False,True
low_evidence,3334,0,,False,True
low_evidence,3335,0,,False,True
low_evidence,3336,0,,False,True
low_evidence,3337,1,1.7421875,True,False
low_evidence,3338,0,,False,True
low_evidence,3339,0,,False,True
low_evidence,3340,1,0.97265625,True,False
low_evidence,3341,0,,False,True
low_evidence,3342,1,1.90625,True,False
low_evidence,3343,0,,False,True
low_evidence,3344,1,0.671875,True,False
low_evidence,3345,0,,False,True
low_evidence,3346,0,,False,True
low_evidence,3347,0,,False,True
low_evidence,3348,0,,False,True
low_evidence,3349,-1,1.0625,False,False
low_evidence,3350,0,,False,True
low_evidence,3351,0,,False,True
low_evidence,3352,0,,False,True
low_evidence,3353,0,,False,True
low_evidence,3354,1,0.86328125,True,False
low_evidence,3355,0,,False,True
low_evidence,3356,0,,False,True
low_evidence,3357,1,1.15234375,True,False
low_evidence,3358,1,1.18359375,True,False
low_evidence,3359,1,1.44140625,True,False
low_evidence,3360,-1,1.3046875,False,False
low_evidence,3361,1,1.79296875,True,False
low_evidence,3362,1,0.59375,True,False
low_evidence,3363,1,1.0625,True,False
low_evidence,3364,0,,False,True
low_evidence,3365,0,,False,True
low_evidence,3366,0,,False,True
low_evidence,3367,0,,False,True
low_evidence,3368,0,,False,True
low_evidence,3369,0,,False,True
low_evidence,3370,0,,False,True
low_evidence,3371,0,,False,True
low_evidence,3372,0,,False,True
low_evidence,3373,1,1.75,True,False
low_evidence,3374,0,,False,True
low_evidence,3375,0,,False,True
low_evidence,3376,0,,False,True
low_evidence,3377,0,,False,True
low_evidence,3378,0,,False,True
low_evidence,3379,0,,False,True
low_evidence,3380,0,,False,True
low_evidence,3381,0,,False,True
low_evidence,3382,1,1.8515625,True,False
low_evidence,3383,0,,False,True
low_evidence,3384,0,,False,True
low_evidence,3385,0,,False,True
low_evidence,3386,0,,False,True
low_evidence,3387,0,,False,True
low_evidence,3388,-1,1.73046875,False,False
low_evidence,3389,1,1.6796875,True,False
low_evidence,3390,0,,False,True
low_evidence,3391,0,,False,True
low_evidence,3392,1,0.6953125,True,False
low_evidence,3393,0,,False,True
low_evidence,3394,0,,False,True
low_evidence,3395,0,,False,True
low_evidence,3396,1,1.7578125,True,False
low_evidence,3397,0,,False,True
low_evidence,3398,1,0.59765625,True,False
low_evidence,3399,0,,False,True
low_evidence,3400,0,,False,True
low_evidence,3401,1,1.6953125,True,False
low_evidence,3402,0,,False,True
low_evidence,3403,0,,False,True
low_evidence,3404,0,,False,True
low_evidence,3405,0,,False,True
low_evidence,3406,0,,False,True
low_evidence,3407,1,1.7265625,True,False
low_evidence,3408,1,1.70703125,True,False
low_evidence,3409,0,,False,True
low_evidence,3410,1,1.70703125,True,False
low_evidence,3411,0,,False,True
low_evidence,3412,-1,1.5078125,False,False
low_evidence,3413,0,,False,True
low_evidence,3414,0,,False,True
low_evidence,3415,0,,False,True
low_evidence,3416,0,,False,True
low_evidence,3417,0,,False,True
low_evidence,3418,0,,False,True
low_evidence,3419,0,,False,True
low_evidence,3420,0,,False,True
low_evidence,3421,0,,False,True
low_evidence,3422,0,,False,True
low_evidence,3423,0,,False,True
low_evidence,3424,0,,False,True
low_evidence,3425,1,1.8125,True,False
low_evidence,3426,1,1.15625,True,False
low_evidence,3427,0,,False,True
low_evidence,3428,0,,False,True
low_evidence,3429,1,1.140625,True,False
low_evidence,3430,0,,False,True
low_evidence,3431,0,,False,True
low_evidence,3432,0,,False,True
low_evidence,3433,1,1.37890625,True,False
low_evidence,3434,0,,False,True
low_evidence,3435,0,,False,True
low_evidence,3436,0,,False,True
low_evidence,3437,1,1.328125,True,False
low_evidence,3438,0,,False,True
low_evidence,3439,0,,False,True
low_evidence,3440,0,,False,True
low_evidence,3441,0,,False,True
low_evidence,3442,0,,False,True
low_evidence,3443,0,,False,True
low_evidence,3444,1,1.2265625,True,False
low_evidence,3445,1,1.8203125,True,False
low_evidence,3446,0,,False,True
low_evidence,3447,1,1.84765625,True,False
low_evidence,3448,0,,False,True
low_evidence,3449,0,,False,True
low_evidence,3450,0,,False,True
low_evidence,3451,0,,False,True
low_evidence,3452,0,,False,True
low_evidence,3453,0,,False,True
low_evidence,3454,0,,False,True
low_evidence,3455,0,,False,True
low_evidence,3456,0,,False,True
low_evidence,3457,0,,False,True
low_evidence,3458,0,,False,True
low_evidence,3459,0,,False,True
low_evidence,3460,0,,False,True
low_evidence,3461,0,,False,True
low_evidence,3462,0,,False,True
low_evidence,3463,0,,False,True
low_evidence,3464,0,,False,True
low_evidence,3465,0,,False,True
low_evidence,3466,0,,False,True
low_evidence,3467,0,,False,True
low_evidence,3468,1,1.625,True,False
low_evidence,3469,0,,False,True
low_evidence,3470,0,,False,True
low_evidence,3471,0,,False,True
low_evidence,3472,0,,False,True
low_evidence,3473,0,,False,True
low_evidence,3474,0,,False,True
low_evidence,3475,0,,False,True
low_evidence,3476,0,,False,True
low_evidence,3477,0,,False,True
low_evidence,3478,-1,1.8203125,False,False
low_evidence,3479,0,,False,True
low_evidence,3480,0,,False,True
low_evidence,3481,1,0.78515625,True,False
low_evidence,3482,1,1.72265625,True,False
low_evidence,3483,0,,False,True
low_evidence,3484,0,,False,True
low_evidence,3485,0,,False,True
low_evidence,3486,0,,False,True
low_evidence,3487,0,,False,True
low_evidence,3488,1,1.72265625,True,False
low_evidence,3489,0,,False,True
low_evidence,3490,0,,False,True
low_evidence,3491,0,,False,True
low_evidence,3492,0,,False,True
low_evidence,3493,1,1.92578125,True,False
low_evidence,3494,1,1.1171875,True,False
low_evidence,3495,0,,False,True
low_evidence,3496,0,,False,True
low_evidence,3497,0,,False,True
low_evidence,3498,1,1.80078125,True,False
low_evidence,3499,0,,False,True
low_evidence,3500,0,,False,True
low_evidence,3501,0,,False,True
low_evidence,3502,0,,False,True
low_evidence,3503,0,,False,True
low_evidence,3504,0,,False,True
low_evidence,3505,0,,False,True
low_evidence,3506,1,1.90625,True,False
low_evidence,3507,1,0.93359375,True,False
low_evidence,3508,0,,False,True
low_evidence,3509,1,1.4921875,True,False
low_evidence,3510,0,,False,True
low_evidence,3511,0,,False,True
low_evidence,3512,0,,False,True
low_evidence,3513,0,,False,True
low_evidence,3514,0,,False,True
low_evidence,3515,0,,False,True
low_evidence,3516,1,1.5703125,True,False
low_evidence,3517,1,1.37890625,True,False
low_evidence,3518,0,,False,True
low_evidence,3519,0,,False,True
low_evidence,3520,0,,False,True
low_evidence,3521,1,1.38671875,True,False
low_evidence,3522,0,,False,True
low_evidence,3523,0,,False,True
low_evidence,3524,1,1.0546875,True,False
low_evidence,3525,1,1.421875,True,False
low_evidence,3526,0,,False,True
low_evidence,3527,0,,False,True
low_evidence,3528,1,1.65234375,True,False
low_evidence,3529,1,1.18359375,True,False
low_evidence,3530,0,,False,True
low_evidence,3531,0,,False,True
low_evidence,3532,0,,False,True
low_evidence,3533,0,,False,True
low_evidence,3534,0,,False,True
low_evidence,3535,0,,False,True
low_evidence,3536,0,,False,True
low_evidence,3537,-1,1.546875,False,False
low_evidence,3538,1,1.77734375,True,False
low_evidence,3539,0,,False,True
low_evidence,3540,1,1.47265625,True,False
low_evidence,3541,1,1.87890625,True,False
low_evidence,3542,0,,False,True
low_evidence,3543,0,,False,True
low_evidence,3544,1,1.8203125,True,False
low_evidence,3545,0,,False,True
low_evidence,3546,0,,False,True
low_evidence,3547,0,,False,True
low_evidence,3548,0,,False,True
low_evidence,3549,1,1.46484375,True,False
low_evidence,3550,0,,False,True
low_evidence,3551,0,,False,True
low_evidence,3552,0,,False,True
low_evidence,3553,0,,False,True
low_evidence,3554,0,,False,True
low_evidence,3555,1,1.6953125,True,False
low_evidence,3556,0,,False,True
low_evidence,3557,0,,False,True
low_evidence,3558,0,,False,True
low_evidence,3559,0,,False,True
low_evidence,3560,1,1.6875,True,False
low_evidence,3561,0,,False,True
low_evidence,3562,0,,False,True
low_evidence,3563,0,,False,True
low_evidence,3564,-1,1.94140625,False,False
low_evidence,3565,0,,False,True
low_evidence,3566,0,,False,True
low_evidence,3567,0,,False,True
low_evidence,3568,0,,False,True
low_evidence,3569,0,,False,True
low_evidence,3570,1,1.79296875,True,False
low_evidence,3571,0,,False,True
low_evidence,3572,0,,False,True
low_evidence,3573,0,,False,True
low_evidence,3574,0,,False,True
low_evidence,3575,0,,False,True
low_evidence,3576,0,,False,True
low_evidence,3577,0,,False,True
low_evidence,3578,0,,False,True
low_evidence,3579,0,,False,True
low_evidence,3580,0,,False,True
low_evidence,3581,0,,False,True
low_evidence,3582,0,,False,True
low_evidence,3583,1,1.44140625,True,False
low_evidence,3584,1,1.6953125,True,False
low_evidence,3585,0,,False,True
low_evidence,3586,0,,False,True
low_evidence,3587,0,,False,True
low_evidence,3588,0,,False,True
low_evidence,3589,0,,False,True
low_evidence,3590,0,,False,True
low_evidence,3591,0,,False,True
low_evidence,3592,1,0.7890625,True,False
low_evidence,3593,0,,False,True
low_evidence,3594,0,,False,True
low_evidence,3595,0,,False,True
low_evidence,3596,0,,False,True
low_evidence,3597,0,,False,True
low_evidence,3598,0,,False,True
low_evidence,3599,0,,False,True
low_evidence,3600,0,,False,True
low_evidence,3601,0,,False,True
low_evidence,3602,0,,False,True
low_evidence,3603,0,,False,True
low_evidence,3604,1,1.1640625,True,False
low_evidence,3605,0,,False,True
low_evidence,3606,0,,False,True
low_evidence,3607,0,,False,True
low_evidence,3608,0,,False,True
low_evidence,3609,0,,False,True
low_evidence,3610,0,,False,True
low_evidence,3611,0,,False,True
low_evidence,3612,0,,False,True
low_evidence,3613,0,,False,True
low_evidence,3614,0,,False,True
low_evidence,3615,0,,False,True
low_evidence,3616,0,,False,True
low_evidence,3617,0,,False,True
low_evidence,3618,0,,False,True
low_evidence,3619,0,,False,True
low_evidence,3620,0,,False,True
low_evidence,3621,0,,False,True
low_evidence,3622,0,,False,True
low_evidence,3623,0,,False,True
low_evidence,3624,0,,False,True
low_evidence,3625,0,,False,True
low_evidence,3626,0,,False,True
low_evidence,3627,0,,False,True
low_evidence,3628,0,,False,True
low_evidence,3629,0,,False,True
low_evidence,3630,1,1.73828125,True,False
low_evidence,3631,0,,False,True
low_evidence,3632,0,,False,True
low_evidence,3633,0,,False,True
low_evidence,3634,0,,False,True
low_evidence,3635,0,,False,True
low_evidence,3636,0,,False,True
low_evidence,3637,0,,False,True
low_evidence,3638,1,1.375,True,False
low_evidence,3639,1,1.79296875,True,False
low_evidence,3640,0,,False,True
low_evidence,3641,0,,False,True
low_evidence,3642,1,1.1953125,True,False
low_evidence,3643,1,1.96875,True,False
low_evidence,3644,0,,False,True
low_evidence,3645,0,,False,True
low_evidence,3646,0,,False,True
low_evidence,3647,0,,False,True
low_evidence,3648,0,,False,True
low_evidence,3649,-1,1.203125,False,False
low_evidence,3650,0,,False,True
low_evidence,3651,0,,False,True
low_evidence,3652,0,,False,True
low_evidence,3653,1,1.4609375,True,False
low_evidence,3654,0,,False,True
low_evidence,3655,0,,False,True
low_evidence,3656,0,,False,True
low_evidence,3657,0,,False,True
low_evidence,3658,0,,False,True
low_evidence,3659,0,,False,True
low_evidence,3660,1,0.859375,True,False
low_evidence,3661,0,,False,True
low_evidence,3662,0,,False,True
low_evidence,3663,0,,False,True
low_evidence,3664,1,1.4765625,True,False
low_evidence,3665,0,,False,True
low_evidence,3666,0,,False,True
low_evidence,3667,0,,False,True
low_evidence,3668,0,,False,True
low_evidence,3669,1,1.6640625,True,False
low_evidence,3670,0,,False,True
low_evidence,3671,1,1.6484375,True,False
low_evidence,3672,0,,False,True
low_evidence,3673,1,1.765625,True,False
low_evidence,3674,0,,False,True
low_evidence,3675,0,,False,True
low_evidence,3676,0,,False,True
low_evidence,3677,0,,False,True
low_evidence,3678,0,,False,True
low_evidence,3679,1,1.609375,True,False
low_evidence,3680,0,,False,True
low_evidence,3681,0,,False,True
low_evidence,3682,0,,False,True
low_evidence,3683,0,,False,True
low_evidence,3684,1,0.5546875,True,False
low_evidence,3685,0,,False,True
low_evidence,3686,0,,False,True
low_evidence,3687,0,,False,True
low_evidence,3688,0,,False,True
low_evidence,3689,1,1.21484375,True,False
low_evidence,3690,0,,False,True
low_evidence,3691,0,,False,True
low_evidence,3692,1,1.7265625,True,False
low_evidence,3693,0,,False,True
low_evidence,3694,0,,False,True
low_evidence,3695,0,,False,True
low_evidence,3696,0,,False,True
low_evidence,3697,0,,False,True
low_evidence,3698,0,,False,True
low_evidence,3699,1,1.28515625,True,False
low_evidence,3700,0,,False,True
low_evidence,3701,0,,False,True
low_evidence,3702,0,,False,True
low_evidence,3703,0,,False,True
low_evidence,3704,0,,False,True
low_evidence,3705,0,,False,True
low_evidence,3706,0,,False,True
low_evidence,3707,0,,False,True
low_evidence,3708,0,,False,True
low_evidence,3709,0,,False,True
low_evidence,3710,0,,False,True
low_evidence,3711,0,,False,True
low_evidence,3712,1,1.02734375,True,False
low_evidence,3713,0,,False,True
low_evidence,3714,0,,False,True
low_evidence,3715,0,,False,True
low_evidence,3716,0,,False,True
low_evidence,3717,0,,False,True
low_evidence,3718,0,,False,True
low_evidence,3719,0,,False,True
low_evidence,3720,0,,False,True
low_evidence,3721,0,,False,True
low_evidence,3722,0,,False,True
low_evidence,3723,0,,False,True
low_evidence,3724,0,,False,True
low_evidence,3725,1,1.69921875,True,False
low_evidence,3726,0,,False,True
low_evidence,3727,0,,False,True
low_evidence,3728,1,1.04296875,True,False
low_evidence,3729,0,,False,True
low_evidence,3730,0,,False,True
low_evidence,3731,0,,False,True
low_evidence,3732,0,,False,True
low_evidence,3733,0,,False,True
low_evidence,3734,1,1.6171875,True,False
low_evidence,3735,0,,False,True
low_evidence,3736,0,,False,True
low_evidence,3737,1,1.25390625,True,False
low_evidence,3738,0,,False,True
low_evidence,3739,0,,False,True
low_evidence,3740,0,,False,True
low_evidence,3741,0,,False,True
low_evidence,3742,1,0.94140625,True,False
low_evidence,3743,0,,False,True
low_evidence,3744,0,,False,True
low_evidence,3745,0,,False,True
low_evidence,3746,0,,False,True
low_evidence,3747,0,,False,True
low_evidence,3748,0,,False,True
low_evidence,3749,0,,False,True
low_evidence,3750,0,,False,True
low_evidence,3751,0,,False,True
low_evidence,3752,0,,False,True
low_evidence,3753,0,,False,True
low_evidence,3754,0,,False,True
low_evidence,3755,0,,False,True
low_evidence,3756,0,,False,True
low_evidence,3757,1,1.62109375,True,False
low_evidence,3758,0,,False,True
low_evidence,3759,0,,False,True
low_evidence,3760,0,,False,True
low_evidence,3761,1,1.50390625,True,False
low_evidence,3762,0,,False,True
low_evidence,3763,0,,False,True
low_evidence,3764,0,,False,True
low_evidence,3765,0,,False,True
low_evidence,3766,1,1.59375,True,False
low_evidence,3767,0,,False,True
low_evidence,3768,1,1.15625,True,False
low_evidence,3769,0,,False,True
low_evidence,3770,1,1.890625,True,False
low_evidence,3771,0,,False,True
low_evidence,3772,0,,False,True
low_evidence,3773,0,,False,True
low_evidence,3774,0,,False,True
low_evidence,3775,0,,False,True
low_evidence,3776,0,,False,True
low_evidence,3777,0,,False,True
low_evidence,3778,0,,False,True
low_evidence,3779,0,,False,True
low_evidence,3780,1,1.16015625,True,False
low_evidence,3781,0,,False,True
low_evidence,3782,0,,False,True
low_evidence,3783,1,1.8125,True,False
low_evidence,3784,0,,False,True
low_evidence,3785,0,,False,True
low_evidence,3786,0,,False,True
low_evidence,3787,1,1.8125,True,False
low_evidence,3788,1,1.88671875,True,False
low_evidence,3789,0,,False,True
low_evidence,3790,0,,False,True
low_evidence,3791,0,,False,True
low_evidence,3792,1,0.734375,True,False
low_evidence,3793,0,,False,True
low_evidence,3794,0,,False,True
low_evidence,3795,0,,False,True
low_evidence,3796,0,,False,True
low_evidence,3797,0,,False,True
low_evidence,3798,0,,False,True
low_evidence,3799,0,,False,True
low_evidence,3800,0,,False,True
low_evidence,3801,0,,False,True
low_evidence,3802,0,,False,True
low_evidence,3803,0,,False,True
low_evidence,3804,0,,False,True
low_evidence,3805,0,,False,True
low_evidence,3806,1,0.86328125,True,False
low_evidence,3807,-1,1.3671875,False,False
low_evidence,3808,0,,False,True
low_evidence,3809,0,,False,True
low_evidence,3810,0,,False,True
low_evidence,3811,0,,False,True
low_evidence,3812,0,,False,True
low_evidence,3813,0,,False,True
low_evidence,3814,0,,False,True
low_evidence,3815,0,,False,True
low_evidence,3816,0,,False,True
low_evidence,3817,0,,False,True
low_evidence,3818,1,1.39453125,True,False
low_evidence,3819,0,,False,True
low_evidence,3820,1,1.96875,True,False
low_evidence,3821,0,,False,True
low_evidence,3822,0,,False,True
low_evidence,3823,0,,False,True
low_evidence,3824,1,1.84375,True,False
low_evidence,3825,0,,False,True
low_evidence,3826,0,,False,True
low_evidence,3827,0,,False,True
low_evidence,3828,0,,False,True
low_evidence,3829,-1,1.46484375,False,False
low_evidence,3830,0,,False,True
low_evidence,3831,0,,False,True
low_evidence,3832,0,,False,True
low_evidence,3833,0,,False,True
low_evidence,3834,1,1.79296875,True,False
low_evidence,3835,0,,False,True
low_evidence,3836,-1,1.7734375,False,False
low_evidence,3837,0,,False,True
low_evidence,3838,0,,False,True
low_evidence,3839,0,,False,True
low_evidence,3840,0,,False,True
low_evidence,3841,1,1.37109375,True,False
low_evidence,3842,-1,1.03515625,False,False
low_evidence,3843,0,,False,True
low_evidence,3844,0,,False,True
low_evidence,3845,0,,False,True
low_evidence,3846,0,,False,True
low_evidence,3847,0,,False,True
low_evidence,3848,0,,False,True
low_evidence,3849,0,,False,True
low_evidence,3850,0,,False,True
low_evidence,3851,1,1.078125,True,False
low_evidence,3852,0,,False,True
low_evidence,3853,0,,False,True
low_evidence,3854,0,,False,True
low_evidence,3855,-1,1.76953125,False,False
low_evidence,3856,0,,False,True
low_evidence,3857,0,,False,True
low_evidence,3858,0,,False,True
low_evidence,3859,0,,False,True
low_evidence,3860,1,1.70703125,True,False
low_evidence,3861,0,,False,True
low_evidence,3862,0,,False,True
low_evidence,3863,0,,False,True
low_evidence,3864,0,,False,True
low_evidence,3865,0,,False,True
low_evidence,3866,1,1.4140625,True,False
low_evidence,3867,1,1.96875,True,False
low_evidence,3868,0,,False,True
low_evidence,3869,0,,False,True
low_evidence,3870,0,,False,True
low_evidence,3871,0,,False,True
low_evidence,3872,0,,False,True
low_evidence,3873,0,,False,True
low_evidence,3874,0,,False,True
low_evidence,3875,0,,False,True
low_evidence,3876,0,,False,True
low_evidence,3877,0,,False,True
low_evidence,3878,0,,False,True
low_evidence,3879,0,,False,True
low_evidence,3880,0,,False,True
low_evidence,3881,0,,False,True
low_evidence,3882,0,,False,True
low_evidence,3883,0,,False,True
low_evidence,3884,0,,False,True
low_evidence,3885,0,,False,True
low_evidence,3886,0,,False,True
low_evidence,3887,1,1.44921875,True,False
low_evidence,3888,0,,False,True
low_evidence,3889,0,,False,True
low_evidence,3890,0,,False,True
low_evidence,3891,0,,False,True
low_evidence,3892,0,,False,True
low_evidence,3893,0,,False,True
low_evidence,3894,0,,False,True
low_evidence,3895,0,,False,True
low_evidence,3896,0,,False,True
low_evidence,3897,0,,False,True
low_evidence,3898,0,,False,True
low_evidence,3899,0,,False,True
low_evidence,3900,0,,False,True
low_evidence,3901,0,,False,True
low_evidence,3902,0,,False,True
low_evidence,3903,0,,False,True
low_evidence,3904,0,,False,True
low_evidence,3905,0,,False,True
low_evidence,3906,0,,False,True
low_evidence,3907,0,,False,True
low_evidence,3908,1,1.859375,True,False
low_evidence,3909,0,,False,True
low_evidence,3910,0,,False,True
low_evidence,3911,0,,False,True
low_evidence,3912,0,,False,True
low_evidence,3913,0,,False,True
low_evidence,3914,1,1.94140625,True,False
low_evidence,3915,0,,False,True
low_evidence,3916,0,,False,True
low_evidence,3917,0,,False,True
low_evidence,3918,0,,False,True
low_evidence,3919,0,,False,True
low_evidence,3920,0,,False,True
low_evidence,3921,0,,False,True
low_evidence,3922,0,,False,True
low_evidence,3923,0,,False,True
low_evidence,3924,1,1.8515625,True,False
low_evidence,3925,0,,False,True
low_evidence,3926,0,,False,True
low_evidence,3927,0,,False,True
low_evidence,3928,0,,False,True
low_evidence,3929,0,,False,True
low_evidence,3930,0,,False,True
low_evidence,3931,0,,False,True
low_evidence,3932,0,,False,True
low_evidence,3933,0,,False,True
low_evidence,3934,0,,False,True
low_evidence,3935,1,0.5234375,True,False
low_evidence,3936,0,,False,True
low_evidence,3937,0,,False,True
low_evidence,3938,1,1.8359375,True,False
low_evidence,3939,0,,False,True
low_evidence,3940,0,,False,True
low_evidence,3941,0,,False,True
low_evidence,3942,1,0.70703125,True,False
low_evidence,3943,0,,False,True
low_evidence,3944,1,1.3046875,True,False
low_evidence,3945,1,1.328125,True,False
low_evidence,3946,0,,False,True
low_evidence,3947,1,2.0,True,False
low_evidence,3948,1,1.734375,True,False
low_evidence,3949,0,,False,True
low_evidence,3950,0,,False,True
low_evidence,3951,0,,False,True
low_evidence,3952,0,,False,True
low_evidence,3953,0,,False,True
low_evidence,3954,-1,1.59375,False,False
low_evidence,3955,1,0.5390625,True,False
low_evidence,3956,0,,False,True
low_evidence,3957,0,,False,True
low_evidence,3958,0,,False,True
low_evidence,3959,0,,False,True
low_evidence,3960,0,,False,True
low_evidence,3961,0,,False,True
low_evidence,3962,0,,False,True
low_evidence,3963,0,,False,True
low_evidence,3964,0,,False,True
low_evidence,3965,0,,False,True
low_evidence,3966,0,,False,True
low_evidence,3967,0,,False,True
low_evidence,3968,0,,False,True
low_evidence,3969,0,,False,True
low_evidence,3970,1,1.12109375,True,False
low_evidence,3971,0,,False,True
low_evidence,3972,0,,False,True
low_evidence,3973,0,,False,True
low_evidence,3974,0,,False,True
low_evidence,3975,0,,False,True
low_evidence,3976,0,,False,True
low_evidence,3977,0,,False,True
low_evidence,3978,0,,False,True
low_evidence,3979,0,,False,True
low_evidence,3980,0,,False,True
low_evidence,3981,0,,False,True
low_evidence,3982,0,,False,True
low_evidence,3983,0,,False,True
low_evidence,3984,1,1.65234375,True,False
low_evidence,3985,0,,False,True
low_evidence,3986,0,,False,True
low_evidence,3987,0,,False,True
low_evidence,3988,0,,False,True
low_evidence,3989,1,0.88671875,True,False
low_evidence,3990,0,,False,True
low_evidence,3991,0,,False,True
low_evidence,3992,0,,False,True
low_evidence,3993,1,1.90234375,True,False
low_evidence,3994,0,,False,True
low_evidence,3995,0,,False,True
low_evidence,3996,0,,False,True
low_evidence,3997,1,1.7578125,True,False
low_evidence,3998,0,,False,True
low_evidence,3999,-1,1.33203125,False,False
low_evidence,4000,1,1.703125,True,False
low_evidence,4001,0,,False,True
low_evidence,4002,1,1.2578125,True,False
low_evidence,4003,0,,False,True
low_evidence,4004,0,,False,True
low_evidence,4005,0,,False,True
low_evidence,4006,0,,False,True
low_evidence,4007,0,,False,True
low_evidence,4008,0,,False,True
low_evidence,4009,0,,False,True
low_evidence,4010,0,,False,True
low_evidence,4011,1,1.18359375,True,False
low_evidence,4012,0,,False,True
low_evidence,4013,0,,False,True
low_evidence,4014,0,,False,True
low_evidence,4015,0,,False,True
low_evidence,4016,0,,False,True
low_evidence,4017,0,,False,True
low_evidence,4018,0,,False,True
low_evidence,4019,0,,False,True
low_evidence,4020,0,,False,True
low_evidence,4021,0,,False,True
low_evidence,4022,0,,False,True
low_evidence,4023,0,,False,True
low_evidence,4024,0,,False,True
low_evidence,4025,0,,False,True
low_evidence,4026,0,,False,True
low_evidence,4027,0,,False,True
low_evidence,4028,0,,False,True
low_evidence,4029,0,,False,True
low_evidence,4030,0,,False,True
low_evidence,4031,-1,1.33984375,False,False
low_evidence,4032,0,,False,True
low_evidence,4033,1,1.14453125,True,False
low_evidence,4034,0,,False,True
low_evidence,4035,1,0.8828125,True,False
low_evidence,4036,-1,1.75,False,False
low_evidence,4037,0,,False,True
low_evidence,4038,0,,False,True
low_evidence,4039,0,,False,True
low_evidence,4040,1,1.17578125,True,False
low_evidence,4041,0,,False,True
low_evidence,4042,0,,False,True
low_evidence,4043,0,,False,True
low_evidence,4044,0,,False,True
low_evidence,4045,0,,False,True
low_evidence,4046,0,,False,True
low_evidence,4047,0,,False,True
low_evidence,4048,-1,0.95703125,False,False
low_evidence,4049,0,,False,True
low_evidence,4050,0,,False,True
low_evidence,4051,0,,False,True
low_evidence,4052,0,,False,True
low_evidence,4053,0,,False,True
low_evidence,4054,0,,False,True
low_evidence,4055,0,,False,True
low_evidence,4056,0,,False,True
low_evidence,4057,0,,False,True
low_evidence,4058,0,,False,True
low_evidence,4059,1,1.7421875,True,False
low_evidence,4060,-1,0.89453125,False,False
low_evidence,4061,0,,False,True
low_evidence,4062,0,,False,True
low_evidence,4063,0,,False,True
low_evidence,4064,0,,False,True
low_evidence,4065,0,,False,True
low_evidence,4066,-1,1.39453125,False,False
low_evidence,4067,0,,False,True
low_evidence,4068,0,,False,True
low_evidence,4069,0,,False,True
low_evidence,4070,0,,False,True
low_evidence,4071,0,,False,True
low_evidence,4072,0,,False,True
low_evidence,4073,0,,False,True
low_evidence,4074,0,,False,True
low_evidence,4075,0,,False,True
low_evidence,4076,0,,False,True
low_evidence,4077,1,1.046875,True,False
low_evidence,4078,0,,False,True
low_evidence,4079,0,,False,True
low_evidence,4080,0,,False,True
low_evidence,4081,0,,False,True
low_evidence,4082,1,1.90625,True,False
low_evidence,4083,0,,False,True
low_evidence,4084,0,,False,True
low_evidence,4085,0,,False,True
low_evidence,4086,0,,False,True
low_evidence,4087,0,,False,True
low_evidence,4088,0,,False,True
low_evidence,4089,0,,False,True
low_evidence,4090,0,,False,True
low_evidence,4091,0,,False,True
low_evidence,4092,0,,False,True
low_evidence,4093,0,,False,True
low_evidence,4094,0,,False,True
low_evidence,4095,0,,False,True
low_evidence,4096,0,,False,True
low_evidence,4097,0,,False,True
low_evidence,4098,0,,False,True
low_evidence,4099,0,,False,True
low_evidence,4100,0,,False,True
low_evidence,4101,0,,False,True
low_evidence,4102,0,,False,True
low_evidence,4103,0,,False,True
low_evidence,4104,0,,False,True
low_evidence,4105,0,,False,True
low_evidence,4106,0,,False,True
low_evidence,4107,1,1.984375,True,False
low_evidence,4108,0,,False,True
low_evidence,4109,0,,False,True
low_evidence,4110,1,1.50390625,True,False
low_evidence,4111,0,,False,True
low_evidence,4112,0,,False,True
low_evidence,4113,0,,False,True
low_evidence,4114,0,,False,True
low_evidence,4115,0,,False,True
low_evidence,4116,0,,False,True
low_evidence,4117,0,,False,True
low_evidence,4118,0,,False,True
low_evidence,4119,0,,False,True
low_evidence,4120,0,,False,True
low_evidence,4121,-1,1.19140625,False,False
low_evidence,4122,0,,False,True
low_evidence,4123,0,,False,True
low_evidence,4124,0,,False,True
low_evidence,4125,0,,False,True
low_evidence,4126,1,1.828125,True,False
low_evidence,4127,0,,False,True
low_evidence,4128,1,1.421875,True,False
low_evidence,4129,0,,False,True
low_evidence,4130,0,,False,True
low_evidence,4131,0,,False,True
low_evidence,4132,0,,False,True
low_evidence,4133,0,,False,True
low_evidence,4134,0,,False,True
low_evidence,4135,0,,False,True
low_evidence,4136,0,,False,True
low_evidence,4137,0,,False,True
low_evidence,4138,1,1.6328125,True,False
low_evidence,4139,0,,False,True
low_evidence,4140,0,,False,True
low_evidence,4141,0,,False,True
low_evidence,4142,0,,False,True
low_evidence,4143,0,,False,True
low_evidence,4144,1,1.6796875,True,False
low_evidence,4145,0,,False,True
low_evidence,4146,1,1.59765625,True,False
low_evidence,4147,0,,False,True
low_evidence,4148,1,1.7890625,True,False
low_evidence,4149,0,,False,True
low_evidence,4150,0,,False,True
low_evidence,4151,0,,False,True
low_evidence,4152,0,,False,True
low_evidence,4153,1,1.8515625,True,False
low_evidence,4154,0,,False,True
low_evidence,4155,0,,False,True
low_evidence,4156,0,,False,True
low_evidence,4157,0,,False,True
low_evidence,4158,0,,False,True
low_evidence,4159,0,,False,True
low_evidence,4160,0,,False,True
low_evidence,4161,0,,False,True
low_evidence,4162,0,,False,True
low_evidence,4163,0,,False,True
low_evidence,4164,1,0.75,True,False
low_evidence,4165,0,,False,True
low_evidence,4166,0,,False,True
low_evidence,4167,0,,False,True
low_evidence,4168,0,,False,True
low_evidence,4169,0,,False,True
low_evidence,4170,0,,False,True
low_evidence,4171,0,,False,True
low_evidence,4172,0,,False,True
low_evidence,4173,0,,False,True
low_evidence,4174,0,,False,True
low_evidence,4175,0,,False,True
low_evidence,4176,0,,False,True
low_evidence,4177,0,,False,True
low_evidence,4178,0,,False,True
low_evidence,4179,0,,False,True
low_evidence,4180,0,,False,True
low_evidence,4181,1,1.71875,True,False
low_evidence,4182,0,,False,True
low_evidence,4183,0,,False,True
low_evidence,4184,0,,False,True
low_evidence,4185,0,,False,True
low_evidence,4186,0,,False,True
low_evidence,4187,0,,False,True
low_evidence,4188,0,,False,True
low_evidence,4189,0,,False,True
low_evidence,4190,0,,False,True
low_evidence,4191,0,,False,True
low_evidence,4192,0,,False,True
low_evidence,4193,1,0.9375,True,False
low_evidence,4194,0,,False,True
low_evidence,4195,0,,False,True
low_evidence,4196,0,,False,True
low_evidence,4197,0,,False,True
low_evidence,4198,0,,False,True
low_evidence,4199,1,1.7578125,True,False
low_evidence,4200,1,1.703125,True,False
low_evidence,4201,0,,False,True
low_evidence,4202,0,,False,True
low_evidence,4203,0,,False,True
low_evidence,4204,0,,False,True
low_evidence,4205,0,,False,True
low_evidence,4206,0,,False,True
low_evidence,4207,0,,False,True
low_evidence,4208,1,1.90234375,True,False
low_evidence,4209,0,,False,True
low_evidence,4210,0,,False,True
low_evidence,4211,0,,False,True
low_evidence,4212,0,,False,True
low_evidence,4213,0,,False,True
low_evidence,4214,0,,False,True
low_evidence,4215,0,,False,True
low_evidence,4216,0,,False,True
low_evidence,4217,0,,False,True
low_evidence,4218,0,,False,True
low_evidence,4219,0,,False,True
low_evidence,4220,0,,False,True
low_evidence,4221,0,,False,True
low_evidence,4222,0,,False,True
low_evidence,4223,0,,False,True
low_evidence,4224,0,,False,True
low_evidence,4225,0,,False,True
low_evidence,4226,0,,False,True
low_evidence,4227,0,,False,True
low_evidence,4228,0,,False,True
low_evidence,4229,0,,False,True
low_evidence,4230,0,,False,True
low_evidence,4231,0,,False,True
low_evidence,4232,0,,False,True
low_evidence,4233,-1,1.1796875,False,False
low_evidence,4234,0,,False,True
low_evidence,4235,0,,False,True
low_evidence,4236,0,,False,True
low_evidence,4237,0,,False,True
low_evidence,4238,0,,False,True
low_evidence,4239,0,,False,True
low_evidence,4240,0,,False,True
low_evidence,4241,0,,False,True
low_evidence,4242,0,,False,True
low_evidence,4243,0,,False,True
low_evidence,4244,1,1.42578125,True,False
low_evidence,4245,0,,False,True
low_evidence,4246,1,1.9453125,True,False
low_evidence,4247,0,,False,True
low_evidence,4248,0,,False,True
low_evidence,4249,0,,False,True
low_evidence,4250,0,,False,True
low_evidence,4251,0,,False,True
low_evidence,4252,0,,False,True
low_evidence,4253,0,,False,True
low_evidence,4254,0,,False,True
low_evidence,4255,0,,False,True
low_evidence,4256,0,,False,True
low_evidence,4257,0,,False,True
low_evidence,4258,0,,False,True
low_evidence,4259,0,,False,True
low_evidence,4260,0,,False,True
low_evidence,4261,0,,False,True
low_evidence,4262,0,,False,True
low_evidence,4263,0,,False,True
low_evidence,4264,0,,False,True
low_evidence,4265,0,,False,True
low_evidence,4266,0,,False,True
low_evidence,4267,0,,False,True
low_evidence,4268,0,,False,True
low_evidence,4269,1,1.74609375,True,False
low_evidence,4270,0,,False,True
low_evidence,4271,0,,False,True
low_evidence,4272,0,,False,True
low_evidence,4273,0,,False,True
low_evidence,4274,0,,False,True
low_evidence,4275,0,,False,True
low_evidence,4276,0,,False,True
low_evidence,4277,-1,0.98828125,False,False
low_evidence,4278,0,,False,True
low_evidence,4279,0,,False,True
low_evidence,4280,0,,False,True
low_evidence,4281,0,,False,True
low_evidence,4282,0,,False,True
low_evidence,4283,0,,False,True
low_evidence,4284,-1,1.2734375,False,False
low_evidence,4285,0,,False,True
low_evidence,4286,0,,False,True
low_evidence,4287,0,,False,True
low_evidence,4288,0,,False,True
low_evidence,4289,1,1.328125,True,False
low_evidence,4290,0,,False,True
low_evidence,4291,0,,False,True
low_evidence,4292,0,,False,True
low_evidence,4293,0,,False,True
low_evidence,4294,0,,False,True
low_evidence,4295,0,,False,True
low_evidence,4296,1,1.828125,True,False
low_evidence,4297,0,,False,True
low_evidence,4298,0,,False,True
low_evidence,4299,0,,False,True
low_evidence,4300,0,,False,True
low_evidence,4301,0,,False,True
low_evidence,4302,0,,False,True
low_evidence,4303,0,,False,True
low_evidence,4304,0,,False,True
low_evidence,4305,0,,False,True
low_evidence,4306,0,,False,True
low_evidence,4307,0,,False,True
low_evidence,4308,1,1.2734375,True,False
low_evidence,4309,0,,False,True
low_evidence,4310,0,,False,True
low_evidence,4311,0,,False,True
low_evidence,4312,0,,False,True
low_evidence,4313,0,,False,True
low_evidence,4314,0,,False,True
low_evidence,4315,0,,False,True
low_evidence,4316,0,,False,True
low_evidence,4317,1,1.1953125,True,False
low_evidence,4318,0,,False,True
low_evidence,4319,1,1.72265625,True,False
low_evidence,4320,0,,False,True
low_evidence,4321,0,,False,True
low_evidence,4322,0,,False,True
low_evidence,4323,0,,False,True
low_evidence,4324,0,,False,True
low_evidence,4325,0,,False,True
low_evidence,4326,0,,False,True
low_evidence,4327,0,,False,True
low_evidence,4328,0,,False,True
low_evidence,4329,-1,1.33984375,False,False
low_evidence,4330,0,,False,True
low_evidence,4331,0,,False,True
low_evidence,4332,0,,False,True
low_evidence,4333,0,,False,True
low_evidence,4334,-1,1.6875,False,False
low_evidence,4335,0,,False,True
low_evidence,4336,0,,False,True
low_evidence,4337,0,,False,True
low_evidence,4338,0,,False,True
low_evidence,4339,0,,False,True
low_evidence,4340,0,,False,True
low_evidence,4341,0,,False,True
low_evidence,4342,0,,False,True
low_evidence,4343,0,,False,True
low_evidence,4344,1,1.2890625,True,False
low_evidence,4345,0,,False,True
low_evidence,4346,0,,False,True
low_evidence,4347,0,,False,True
low_evidence,4348,0,,False,True
low_evidence,4349,0,,False,True
low_evidence,4350,0,,False,True
low_evidence,4351,0,,False,True
low_evidence,4352,0,,False,True
low_evidence,4353,0,,False,True
low_evidence,4354,0,,False,True
low_evidence,4355,0,,False,True
low_evidence,4356,0,,False,True
low_evidence,4357,0,,False,True
low_evidence,4358,0,,False,True
low_evidence,4359,0,,False,True
low_evidence,4360,0,,False,True
low_evidence,4361,0,,False,True
low_evidence,4362,0,,False,True
low_evidence,4363,0,,False,True
low_evidence,4364,0,,False,True
low_evidence,4365,0,,False,True
low_evidence,4366,0,,False,True
low_evidence,4367,0,,False,True
low_evidence,4368,0,,False,True
low_evidence,4369,0,,False,True
low_evidence,4370,0,,False,True
low_evidence,4371,0,,False,True
low_evidence,4372,0,,False,True
low_evidence,4373,0,,False,True
low_evidence,4374,0,,False,True
low_evidence,4375,0,,False,True
low_evidence,4376,1,1.02734375,True,False
low_evidence,4377,0,,False,True
low_evidence,4378,0,,False,True
low_evidence,4379,0,,False,True
low_evidence,4380,0,,False,True
low_evidence,4381,0,,False,True
low_evidence,4382,0,,False,True
low_evidence,4383,1,1.91796875,True,False
low_evidence,4384,1,1.50390625,True,False
low_evidence,4385,1,0.8828125,True,False
low_evidence,4386,1,1.4765625,True,False
low_evidence,4387,0,,False,True
low_evidence,4388,0,,False,True
low_evidence,4389,1,1.33203125,True,False
low_evidence,4390,1,1.06640625,True,False
low_evidence,4391,0,,False,True
low_evidence,4392,0,,False,True
low_evidence,4393,1,1.796875,True,False
low_evidence,4394,0,,False,True
low_evidence,4395,0,,False,True
low_evidence,4396,0,,False,True
low_evidence,4397,0,,False,True
low_evidence,4398,0,,False,True
low_evidence,4399,0,,False,True
low_evidence,4400,0,,False,True
low_evidence,4401,0,,False,True
low_evidence,4402,0,,False,True
low_evidence,4403,-1,0.45703125,False,False
low_evidence,4404,1,1.58984375,True,False
low_evidence,4405,-1,1.37890625,False,False
low_evidence,4406,1,0.97265625,True,False
low_evidence,4407,0,,False,True
low_evidence,4408,0,,False,True
low_evidence,4409,0,,False,True
low_evidence,4410,0,,False,True
low_evidence,4411,1,1.32421875,True,False
low_evidence,4412,0,,False,True
low_evidence,4413,0,,False,True
low_evidence,4414,1,1.6015625,True,False
low_evidence,4415,0,,False,True
low_evidence,4416,0,,False,True
low_evidence,4417,0,,False,True
low_evidence,4418,-1,1.34375,False,False
low_evidence,4419,0,,False,True
low_evidence,4420,0,,False,True
low_evidence,4421,0,,False,True
low_evidence,4422,0,,False,True
low_evidence,4423,0,,False,True
low_evidence,4424,1,1.01171875,True,False
low_evidence,4425,0,,False,True
low_evidence,4426,1,1.94140625,True,False
low_evidence,4427,0,,False,True
low_evidence,4428,0,,False,True
low_evidence,4429,0,,False,True
low_evidence,4430,1,1.5625,True,False
low_evidence,4431,1,1.44140625,True,False
low_evidence,4432,0,,False,True
low_evidence,4433,0,,False,True
low_evidence,4434,0,,False,True
low_evidence,4435,1,1.45703125,True,False
low_evidence,4436,0,,False,True
low_evidence,4437,0,,False,True
low_evidence,4438,0,,False,True
low_evidence,4439,0,,False,True
low_evidence,4440,1,1.4453125,True,False
low_evidence,4441,0,,False,True
low_evidence,4442,0,,False,True
low_evidence,4443,0,,False,True
low_evidence,4444,1,1.18359375,True,False
low_evidence,4445,0,,False,True
low_evidence,4446,-1,1.84375,False,False
low_evidence,4447,0,,False,True
low_evidence,4448,0,,False,True
low_evidence,4449,0,,False,True
low_evidence,4450,0,,False,True
low_evidence,4451,0,,False,True
low_evidence,4452,0,,False,True
low_evidence,4453,0,,False,True
low_evidence,4454,1,1.015625,True,False
low_evidence,4455,1,0.90234375,True,False
low_evidence,4456,0,,False,True
low_evidence,4457,0,,False,True
low_evidence,4458,0,,False,True
low_evidence,4459,0,,False,True
low_evidence,4460,0,,False,True
low_evidence,4461,0,,False,True
low_evidence,4462,1,0.890625,True,False
low_evidence,4463,0,,False,True
low_evidence,4464,0,,False,True
low_evidence,4465,0,,False,True
low_evidence,4466,0,,False,True
low_evidence,4467,0,,False,True
low_evidence,4468,0,,False,True
low_evidence,4469,1,1.9453125,True,False
low_evidence,4470,1,1.64453125,True,False
low_evidence,4471,0,,False,True
low_evidence,4472,0,,False,True
low_evidence,4473,0,,False,True
low_evidence,4474,0,,False,True
low_evidence,4475,0,,False,True
low_evidence,4476,1,1.96484375,True,False
low_evidence,4477,0,,False,True
low_evidence,4478,0,,False,True
low_evidence,4479,0,,False,True
low_evidence,4480,0,,False,True
low_evidence,4481,0,,False,True
low_evidence,4482,0,,False,True
low_evidence,4483,0,,False,True
low_evidence,4484,0,,False,True
low_evidence,4485,0,,False,True
low_evidence,4486,0,,False,True
low_evidence,4487,0,,False,True
low_evidence,4488,0,,False,True
low_evidence,4489,0,,False,True
low_evidence,4490,1,1.78515625,True,False
low_evidence,4491,0,,False,True
low_evidence,4492,-1,1.921875,False,False
low_evidence,4493,0,,False,True
low_evidence,4494,1,1.59765625,True,False
low_evidence,4495,0,,False,True
low_evidence,4496,0,,False,True
low_evidence,4497,0,,False,True
low_evidence,4498,0,,False,True
low_evidence,4499,0,,False,True
low_evidence,4500,0,,False,True
low_evidence,4501,-1,1.2265625,False,False
low_evidence,4502,0,,False,True
low_evidence,4503,0,,False,True
low_evidence,4504,0,,False,True
low_evidence,4505,0,,False,True
low_evidence,4506,1,1.859375,True,False
low_evidence,4507,0,,False,True
low_evidence,4508,0,,False,True
low_evidence,4509,0,,False,True
low_evidence,4510,0,,False,True
low_evidence,4511,0,,False,True
low_evidence,4512,0,,False,True
low_evidence,4513,0,,False,True
low_evidence,4514,0,,False,True
low_evidence,4515,0,,False,True
low_evidence,4516,1,0.7421875,True,False
low_evidence,4517,0,,False,True
low_evidence,4518,0,,False,True
low_evidence,4519,0,,False,True
low_evidence,4520,0,,False,True
low_evidence,4521,0,,False,True
low_evidence,4522,1,1.59375,True,False
low_evidence,4523,0,,False,True
low_evidence,4524,0,,False,True
low_evidence,4525,0,,False,True
low_evidence,4526,0,,False,True
low_evidence,4527,0,,False,True
low_evidence,4528,0,,False,True
low_evidence,4529,0,,False,True
low_evidence,4530,0,,False,True
low_evidence,4531,0,,False,True
low_evidence,4532,0,,False,True
low_evidence,4533,1,1.40234375,True,False
low_evidence,4534,0,,False,True
low_evidence,4535,0,,False,True
low_evidence,4536,-1,1.328125,False,False
low_evidence,4537,0,,False,True
low_evidence,4538,0,,False,True
low_evidence,4539,0,,False,True
low_evidence,4540,0,,False,True
low_evidence,4541,1,1.62109375,True,False
low_evidence,4542,0,,False,True
low_evidence,4543,0,,False,True
low_evidence,4544,0,,False,True
low_evidence,4545,0,,False,True
low_evidence,4546,0,,False,True
low_evidence,4547,0,,False,True
low_evidence,4548,1,1.859375,True,False
low_evidence,4549,0,,False,True
low_evidence,4550,0,,False,True
low_evidence,4551,0,,False,True
low_evidence,4552,0,,False,True
low_evidence,4553,0,,False,True
low_evidence,4554,0,,False,True
low_evidence,4555,0,,False,True
low_evidence,4556,0,,False,True
low_evidence,4557,0,,False,True
low_evidence,4558,0,,False,True
low_evidence,4559,0,,False,True
low_evidence,4560,0,,False,True
low_evidence,4561,0,,False,True
low_evidence,4562,1,1.32421875,True,False
low_evidence,4563,-1,1.390625,False,False
low_evidence,4564,0,,False,True
low_evidence,4565,0,,False,True
low_evidence,4566,0,,False,True
low_evidence,4567,0,,False,True
low_evidence,4568,0,,False,True
low_evidence,4569,0,,False,True
low_evidence,4570,1,1.55078125,True,False
low_evidence,4571,0,,False,True
low_evidence,4572,0,,False,True
low_evidence,4573,0,,False,True
low_evidence,4574,0,,False,True
low_evidence,4575,0,,False,True
low_evidence,4576,0,,False,True
low_evidence,4577,0,,False,True
low_evidence,4578,1,1.828125,True,False
low_evidence,4579,0,,False,True
low_evidence,4580,0,,False,True
low_evidence,4581,0,,False,True
low_evidence,4582,0,,False,True
low_evidence,4583,0,,False,True
low_evidence,4584,0,,False,True
low_evidence,4585,0,,False,True
low_evidence,4586,1,1.515625,True,False
low_evidence,4587,1,1.5,True,False
low_evidence,4588,0,,False,True
low_evidence,4589,0,,False,True
low_evidence,4590,0,,False,True
low_evidence,4591,0,,False,True
low_evidence,4592,0,,False,True
low_evidence,4593,1,1.66015625,True,False
low_evidence,4594,0,,False,True
low_evidence,4595,1,1.7890625,True,False
low_evidence,4596,0,,False,True
low_evidence,4597,0,,False,True
low_evidence,4598,0,,False,True
low_evidence,4599,1,1.37109375,True,False
low_evidence,4600,0,,False,True
low_evidence,4601,0,,False,True
low_evidence,4602,0,,False,True
low_evidence,4603,0,,False,True
low_evidence,4604,1,0.8046875,True,False
low_evidence,4605,1,1.67578125,True,False
low_evidence,4606,0,,False,True
low_evidence,4607,0,,False,True
low_evidence,4608,0,,False,True
low_evidence,4609,0,,False,True
low_evidence,4610,1,0.859375,True,False
low_evidence,4611,1,0.51171875,True,False
low_evidence,4612,0,,False,True
low_evidence,4613,1,1.73828125,True,False
low_evidence,4614,0,,False,True
low_evidence,4615,0,,False,True
low_evidence,4616,0,,False,True
low_evidence,4617,1,0.76171875,True,False
low_evidence,4618,0,,False,True
low_evidence,4619,0,,False,True
low_evidence,4620,0,,False,True
low_evidence,4621,0,,False,True
low_evidence,4622,0,,False,True
low_evidence,4623,0,,False,True
low_evidence,4624,0,,False,True
low_evidence,4625,0,,False,True
low_evidence,4626,0,,False,True
low_evidence,4627,-1,1.19921875,False,False
low_evidence,4628,0,,False,True
low_evidence,4629,0,,False,True
low_evidence,4630,0,,False,True
low_evidence,4631,0,,False,True
low_evidence,4632,0,,False,True
low_evidence,4633,0,,False,True
low_evidence,4634,0,,False,True
low_evidence,4635,0,,False,True
low_evidence,4636,0,,False,True
low_evidence,4637,0,,False,True
low_evidence,4638,0,,False,True
low_evidence,4639,0,,False,True
low_evidence,4640,1,1.2421875,True,False
low_evidence,4641,0,,False,True
low_evidence,4642,0,,False,True
low_evidence,4643,0,,False,True
low_evidence,4644,0,,False,True
low_evidence,4645,1,1.55078125,True,False
low_evidence,4646,0,,False,True
low_evidence,4647,0,,False,True
low_evidence,4648,0,,False,True
low_evidence,4649,0,,False,True
low_evidence,4650,0,,False,True
low_evidence,4651,0,,False,True
low_evidence,4652,0,,False,True
low_evidence,4653,0,,False,True
low_evidence,4654,0,,False,True
low_evidence,4655,0,,False,True
low_evidence,4656,0,,False,True
low_evidence,4657,1,1.5390625,True,False
low_evidence,4658,0,,False,True
low_evidence,4659,0,,False,True
low_evidence,4660,0,,False,True
low_evidence,4661,0,,False,True
low_evidence,4662,0,,False,True
low_evidence,4663,1,1.15234375,True,False
low_evidence,4664,0,,False,True
low_evidence,4665,0,,False,True
low_evidence,4666,0,,False,True
low_evidence,4667,0,,False,True
low_evidence,4668,0,,False,True
low_evidence,4669,0,,False,True
low_evidence,4670,0,,False,True
low_evidence,4671,0,,False,True
low_evidence,4672,0,,False,True
low_evidence,4673,1,1.3515625,True,False
low_evidence,4674,0,,False,True
low_evidence,4675,0,,False,True
low_evidence,4676,-1,1.29296875,False,False
low_evidence,4677,0,,False,True
low_evidence,4678,0,,False,True
low_evidence,4679,1,1.265625,True,False
low_evidence,4680,0,,False,True
low_evidence,4681,1,1.4765625,True,False
low_evidence,4682,0,,False,True
low_evidence,4683,0,,False,True
low_evidence,4684,0,,False,True
low_evidence,4685,0,,False,True
low_evidence,4686,0,,False,True
low_evidence,4687,0,,False,True
low_evidence,4688,0,,False,True
low_evidence,4689,-1,1.37109375,False,False
low_evidence,4690,0,,False,True
low_evidence,4691,1,1.30078125,True,False
low_evidence,4692,1,1.33984375,True,False
low_evidence,4693,0,,False,True
low_evidence,4694,0,,False,True
low_evidence,4695,0,,False,True
low_evidence,4696,-1,1.55078125,False,False
low_evidence,4697,0,,False,True
low_evidence,4698,0,,False,True
low_evidence,4699,1,1.5859375,True,False
low_evidence,4700,0,,False,True
low_evidence,4701,-1,0.8671875,False,False
low_evidence,4702,0,,False,True
low_evidence,4703,0,,False,True
low_evidence,4704,1,1.80859375,True,False
low_evidence,4705,0,,False,True
low_evidence,4706,0,,False,True
low_evidence,4707,0,,False,True
low_evidence,4708,0,,False,True
low_evidence,4709,0,,False,True
low_evidence,4710,0,,False,True
low_evidence,4711,0,,False,True
low_evidence,4712,-1,1.70703125,False,False
low_evidence,4713,1,1.7421875,True,False
low_evidence,4714,-1,1.03125,False,False
low_evidence,4715,0,,False,True
low_evidence,4716,0,,False,True
low_evidence,4717,0,,False,True
low_evidence,4718,0,,False,True
low_evidence,4719,0,,False,True
low_evidence,4720,0,,False,True
low_evidence,4721,1,1.875,True,False
low_evidence,4722,0,,False,True
low_evidence,4723,0,,False,True
low_evidence,4724,0,,False,True
low_evidence,4725,0,,False,True
low_evidence,4726,0,,False,True
low_evidence,4727,0,,False,True
low_evidence,4728,0,,False,True
low_evidence,4729,0,,False,True
low_evidence,4730,0,,False,True
low_evidence,4731,0,,False,True
low_evidence,4732,0,,False,True
low_evidence,4733,0,,False,True
low_evidence,4734,0,,False,True
low_evidence,4735,0,,False,True
low_evidence,4736,0,,False,True
low_evidence,4737,0,,False,True
low_evidence,4738,0,,False,True
low_evidence,4739,0,,False,True
low_evidence,4740,0,,False,True
low_evidence,4741,0,,False,True
low_evidence,4742,0,,False,True
low_evidence,4743,0,,False,True
low_evidence,4744,0,,False,True
low_evidence,4745,0,,False,True
low_evidence,4746,0,,False,True
low_evidence,4747,0,,False,True
low_evidence,4748,0,,False,True
low_evidence,4749,0,,False,True
low_evidence,4750,0,,False,True
low_evidence,4751,0,,False,True
low_evidence,4752,0,,False,True
low_evidence,4753,1,1.65625,True,False
low_evidence,4754,0,,False,True
low_evidence,4755,0,,False,True
low_evidence,4756,1,1.40625,True,False
low_evidence,4757,0,,False,True
low_evidence,4758,0,,False,True
low_evidence,4759,1,1.62890625,True,False
low_evidence,4760,0,,False,True
low_evidence,4761,0,,False,True
low_evidence,4762,0,,False,True
low_evidence,4763,0,,False,True
low_evidence,4764,1,0.640625,True,False
low_evidence,4765,0,,False,True
low_evidence,4766,0,,False,True
low_evidence,4767,0,,False,True
low_evidence,4768,0,,False,True
low_evidence,4769,0,,False,True
low_evidence,4770,0,,False,True
low_evidence,4771,1,1.37109375,True,False
low_evidence,4772,0,,False,True
low_evidence,4773,0,,False,True
low_evidence,4774,0,,False,True
low_evidence,4775,0,,False,True
low_evidence,4776,1,1.8359375,True,False
low_evidence,4777,0,,False,True
low_evidence,4778,0,,False,True
low_evidence,4779,0,,False,True
low_evidence,4780,0,,False,True
low_evidence,4781,0,,False,True
low_evidence,4782,0,,False,True
low_evidence,4783,0,,False,True
low_evidence,4784,1,1.6171875,True,False
low_evidence,4785,0,,False,True
low_evidence,4786,1,1.7265625,True,False
low_evidence,4787,0,,False,True
low_evidence,4788,0,,False,True
low_evidence,4789,0,,False,True
low_evidence,4790,0,,False,True
low_evidence,4791,1,0.8046875,True,False
low_evidence,4792,0,,False,True
low_evidence,4793,0,,False,True
low_evidence,4794,0,,False,True
low_evidence,4795,0,,False,True
low_evidence,4796,0,,False,True
low_evidence,4797,0,,False,True
low_evidence,4798,0,,False,True
low_evidence,4799,0,,False,True
low_evidence,4800,0,,False,True
low_evidence,4801,0,,False,True
low_evidence,4802,0,,False,True
low_evidence,4803,0,,False,True
low_evidence,4804,1,1.80078125,True,False
low_evidence,4805,0,,False,True
low_evidence,4806,0,,False,True
low_evidence,4807,1,1.703125,True,False
low_evidence,4808,0,,False,True
low_evidence,4809,0,,False,True
low_evidence,4810,0,,False,True
low_evidence,4811,0,,False,True
low_evidence,4812,1,1.38671875,True,False
low_evidence,4813,0,,False,True
low_evidence,4814,0,,False,True
low_evidence,4815,0,,False,True
low_evidence,4816,0,,False,True
low_evidence,4817,0,,False,True
low_evidence,4818,0,,False,True
low_evidence,4819,0,,False,True
low_evidence,4820,1,0.984375,True,False
low_evidence,4821,0,,False,True
low_evidence,4822,1,1.44921875,True,False
low_evidence,4823,0,,False,True
low_evidence,4824,0,,False,True
low_evidence,4825,0,,False,True
low_evidence,4826,0,,False,True
low_evidence,4827,1,1.234375,True,False
low_evidence,4828,0,,False,True
low_evidence,4829,0,,False,True
low_evidence,4830,0,,False,True
low_evidence,4831,0,,False,True
low_evidence,4832,0,,False,True
low_evidence,4833,0,,False,True
low_evidence,4834,0,,False,True
low_evidence,4835,0,,False,True
low_evidence,4836,0,,False,True
low_evidence,4837,0,,False,True
low_evidence,4838,0,,False,True
low_evidence,4839,0,,False,True
low_evidence,4840,0,,False,True
low_evidence,4841,1,0.83984375,True,False
low_evidence,4842,0,,False,True
low_evidence,4843,0,,False,True
low_evidence,4844,0,,False,True
low_evidence,4845,0,,False,True
low_evidence,4846,0,,False,True
low_evidence,4847,1,1.2890625,True,False
low_evidence,4848,0,,False,True
low_evidence,4849,0,,False,True
low_evidence,4850,0,,False,True
low_evidence,4851,0,,False,True
low_evidence,4852,0,,False,True
low_evidence,4853,0,,False,True
low_evidence,4854,0,,False,True
low_evidence,4855,1,1.24609375,True,False
low_evidence,4856,0,,False,True
low_evidence,4857,0,,False,True
low_evidence,4858,1,1.31640625,True,False
low_evidence,4859,0,,False,True
low_evidence,4860,1,1.31640625,True,False
low_evidence,4861,0,,False,True
low_evidence,4862,0,,False,True
low_evidence,4863,0,,False,True
low_evidence,4864,0,,False,True
low_evidence,4865,0,,False,True
low_evidence,4866,0,,False,True
low_evidence,4867,0,,False,True
low_evidence,4868,0,,False,True
low_evidence,4869,0,,False,True
low_evidence,4870,0,,False,True
low_evidence,4871,0,,False,True
low_evidence,4872,0,,False,True
low_evidence,4873,0,,False,True
low_evidence,4874,0,,False,True
low_evidence,4875,0,,False,True
low_evidence,4876,0,,False,True
low_evidence,4877,0,,False,True
low_evidence,4878,1,1.02734375,True,False
low_evidence,4879,0,,False,True
low_evidence,4880,0,,False,True
low_evidence,4881,0,,False,True
low_evidence,4882,0,,False,True
low_evidence,4883,0,,False,True
low_evidence,4884,0,,False,True
low_evidence,4885,0,,False,True
low_evidence,4886,0,,False,True
low_evidence,4887,0,,False,True
low_evidence,4888,0,,False,True
low_evidence,4889,0,,False,True
low_evidence,4890,0,,False,True
low_evidence,4891,0,,False,True
low_evidence,4892,0,,False,True
low_evidence,4893,1,1.91796875,True,False
low_evidence,4894,0,,False,True
low_evidence,4895,0,,False,True
low_evidence,4896,0,,False,True
low_evidence,4897,1,1.3828125,True,False
low_evidence,4898,0,,False,True
low_evidence,4899,0,,False,True
low_evidence,4900,0,,False,True
low_evidence,4901,1,1.48828125,True,False
low_evidence,4902,0,,False,True
low_evidence,4903,0,,False,True
low_evidence,4904,0,,False,True
low_evidence,4905,0,,False,True
low_evidence,4906,0,,False,True
low_evidence,4907,1,1.78125,True,False
low_evidence,4908,0,,False,True
low_evidence,4909,0,,False,True
low_evidence,4910,0,,False,True
low_evidence,4911,0,,False,True
low_evidence,4912,0,,False,True
low_evidence,4913,0,,False,True
low_evidence,4914,0,,False,True
low_evidence,4915,0,,False,True
low_evidence,4916,0,,False,True
low_evidence,4917,0,,False,True
low_evidence,4918,0,,False,True
low_evidence,4919,0,,False,True
low_evidence,4920,0,,False,True
low_evidence,4921,0,,False,True
low_evidence,4922,0,,False,True
low_evidence,4923,0,,False,True
low_evidence,4924,0,,False,True
low_evidence,4925,0,,False,True
low_evidence,4926,0,,False,True
low_evidence,4927,0,,False,True
low_evidence,4928,0,,False,True
low_evidence,4929,0,,False,True
low_evidence,4930,0,,False,True
low_evidence,4931,0,,False,True
low_evidence,4932,0,,False,True
low_evidence,4933,0,,False,True
low_evidence,4934,0,,False,True
low_evidence,4935,0,,False,True
low_evidence,4936,0,,False,True
low_evidence,4937,0,,False,True
low_evidence,4938,0,,False,True
low_evidence,4939,0,,False,True
low_evidence,4940,1,1.43359375,True,False
low_evidence,4941,0,,False,True
low_evidence,4942,0,,False,True
low_evidence,4943,0,,False,True
low_evidence,4944,0,,False,True
low_evidence,4945,0,,False,True
low_evidence,4946,0,,False,True
low_evidence,4947,0,,False,True
low_evidence,4948,0,,False,True
low_evidence,4949,1,0.6484375,True,False
low_evidence,4950,0,,False,True
low_evidence,4951,0,,False,True
low_evidence,4952,0,,False,True
low_evidence,4953,0,,False,True
low_evidence,4954,0,,False,True
low_evidence,4955,0,,False,True
low_evidence,4956,0,,False,True
low_evidence,4957,0,,False,True
low_evidence,4958,1,1.9921875,True,False
low_evidence,4959,0,,False,True
low_evidence,4960,0,,False,True
low_evidence,4961,0,,False,True
low_evidence,4962,0,,False,True
low_evidence,4963,0,,False,True
low_evidence,4964,0,,False,True
low_evidence,4965,0,,False,True
low_evidence,4966,0,,False,True
low_evidence,4967,0,,False,True
low_evidence,4968,0,,False,True
low_evidence,4969,1,1.88671875,True,False
low_evidence,4970,0,,False,True
low_evidence,4971,0,,False,True
low_evidence,4972,0,,False,True
low_evidence,4973,0,,False,True
low_evidence,4974,1,1.5390625,True,False
low_evidence,4975,0,,False,True
low_evidence,4976,0,,False,True
low_evidence,4977,0,,False,True
low_evidence,4978,1,1.87890625,True,False
low_evidence,4979,0,,False,True
low_evidence,4980,1,1.78125,True,False
low_evidence,4981,0,,False,True
low_evidence,4982,0,,False,True
low_evidence,4983,0,,False,True
low_evidence,4984,0,,False,True
low_evidence,4985,0,,False,True
low_evidence,4986,0,,False,True
low_evidence,4987,1,1.6875,True,False
low_evidence,4988,0,,False,True
low_evidence,4989,0,,False,True
low_evidence,4990,0,,False,True
low_evidence,4991,0,,False,True
low_evidence,4992,0,,False,True
low_evidence,4993,0,,False,True
low_evidence,4994,0,,False,True
low_evidence,4995,0,,False,True
low_evidence,4996,0,,False,True
low_evidence,4997,0,,False,True
low_evidence,4998,0,,False,True
low_evidence,4999,0,,False,True
low_evidence,5000,0,,False,True
