dataset,fold,seed,level,stage,n_trials,V5_base,trend_strength,RMSE,normalized_RMSE,contrast_RMSE,positive_mean_error,latency_error_ms,latency_pairs,objective
VisualCogA_Task-1,1,2027,0.0,预处理,18,V3,0.0,3.969701898539267e-15,4.125932215913902e-17,4.861088017293574e-15,3.700743415417188e-17,0.0,4,6.690595823532296e-17
VisualCogA_Task-1,1,2027,0.0,V3,18,V3,0.0,86.2197017069687,0.8961293669183813,41.3246980517543,3.852776924701074,34.1796875,4,1.1509287209300691
VisualCogA_Task-1,1,2027,0.0,V4,18,V3,0.0,86.42469790660657,0.8982600065629778,41.32397828446367,3.7964516516174096,34.1796875,4,1.1524702001785203
VisualCogA_Task-1,1,2027,0.0,V5,18,V3,0.0,86.2197017069687,0.8961293669183813,41.3246980517543,3.852776924701074,34.1796875,4,1.1509287209300691
VisualCogA_Task-1,1,2027,0.5,预处理,18,V3,0.0,18.824001025846247,0.1956483238540263,11.555843571213119,2.7173095343725593,78.125,4,0.2839439931022393
VisualCogA_Task-1,1,2027,0.5,V3,18,V3,0.0,88.12914536189845,0.9159752780011404,50.31200173707595,5.216365395554425,63.4765625,4,1.2316521918990513
VisualCogA_Task-1,1,2027,0.5,V4,18,V3,0.0,88.33231598404672,0.918086943402407,50.12160460932298,5.111224749693574,63.4765625,4,1.231681620344767
VisualCogA_Task-1,1,2027,0.5,V5,18,V3,0.0,88.12914536189845,0.9159752780011404,50.31200173707595,5.216365395554425,63.4765625,4,1.2316521918990513
VisualCogA_Task-1,1,2027,1.0,预处理,18,V3,0.0,37.62195452784108,0.3910259212894193,22.917830305011513,5.561688322329313,76.171875,4,0.5679305302651189
VisualCogA_Task-1,1,2027,1.0,V3,18,V3,0.0,89.63540999414077,0.9316307250112726,50.951520138642294,6.120657782324979,90.8203125,4,1.2600298886098145
VisualCogA_Task-1,1,2027,1.0,V4,18,V3,0.0,89.76544814225475,0.9329822838897837,50.61425001622554,5.979162060810509,90.8203125,4,1.2581580855828542
VisualCogA_Task-1,1,2027,1.0,V5,18,V3,0.0,89.63540999414077,0.9316307250112726,50.951520138642294,6.120657782324979,90.8203125,4,1.2600298886098145
VisualCogA_Task-1,1,2027,2.0,预处理,18,V3,0.0,75.36692789281875,0.7833304458500134,46.47064340796603,12.533477982111188,77.1484375,4,1.1550954970336604
VisualCogA_Task-1,1,2027,2.0,V3,18,V3,0.0,90.22263139918041,0.9377340440383735,54.06345673851368,6.9115587575746025,84.63541666666667,3,1.2905255267493116
VisualCogA_Task-1,1,2027,2.0,V4,18,V3,0.0,90.27002113440274,0.9382265919431151,54.15330643600587,6.729849932251352,84.63541666666667,3,1.2895964026242515
VisualCogA_Task-1,1,2027,2.0,V5,18,V3,0.0,90.22263139918041,0.9377340440383735,54.06345673851368,6.9115587575746025,84.63541666666667,3,1.2905255267493116
VisualCogA_Task-1,1,2039,0.0,预处理,18,V3,0.0,3.969701898539267e-15,4.125932215913902e-17,4.861088017293574e-15,3.700743415417188e-17,0.0,4,6.690595823532296e-17
VisualCogA_Task-1,1,2039,0.0,V3,18,V3,0.0,86.2197017069687,0.8961293669183813,41.3246980517543,3.852776924701074,34.1796875,4,1.1509287209300691
VisualCogA_Task-1,1,2039,0.0,V4,18,V3,0.0,86.42469790660657,0.8982600065629778,41.32397828446367,3.7964516516174096,34.1796875,4,1.1524702001785203
VisualCogA_Task-1,1,2039,0.0,V5,18,V3,0.0,86.2197017069687,0.8961293669183813,41.3246980517543,3.852776924701074,34.1796875,4,1.1509287209300691
VisualCogA_Task-1,1,2039,0.5,预处理,18,V3,0.0,19.86451699319422,0.2064629856613362,14.659887679270607,3.463666848775643,82.03125,3,0.31864699142190583
VisualCogA_Task-1,1,2039,0.5,V3,18,V3,0.0,86.73139634289228,0.9014476941807994,43.64314396702541,3.754895287562713,80.078125,4,1.1672781594906212
VisualCogA_Task-1,1,2039,0.5,V4,18,V3,0.0,86.78102894922081,0.901963553493777,43.58111239505829,3.8845359304678566,80.078125,4,1.1688190818558455
VisualCogA_Task-1,1,2039,0.5,V5,18,V3,0.0,86.73139634289228,0.9014476941807994,43.64314396702541,3.754895287562713,80.078125,4,1.1672781594906212
VisualCogA_Task-1,1,2039,1.0,预处理,18,V3,0.0,39.723109190262214,0.4128643916176096,29.382374625828078,5.083626631158366,82.03125,3,0.6183950435428193
VisualCogA_Task-1,1,2039,1.0,V3,18,V3,0.0,88.33756184261684,0.9181414665314173,42.679269469857225,3.981519694869997,58.59375,4,1.1813183233238131
VisualCogA_Task-1,1,2039,1.0,V4,18,V3,0.0,88.32909858605319,0.9180535031936151,42.915441405661745,3.958973535378501,58.59375,4,1.1822233584113317
VisualCogA_Task-1,1,2039,1.0,V5,18,V3,0.0,88.33756184261684,0.9181414665314173,42.679269469857225,3.981519694869997,58.59375,4,1.1813183233238131
VisualCogA_Task-1,1,2039,2.0,预处理,18,V3,0.0,79.72907988118875,0.8286687203087364,59.55975756404623,6.921436973452072,106.4453125,4,1.2101259302258445
VisualCogA_Task-1,1,2039,2.0,V3,18,V3,0.0,90.25089765285617,0.9380278309514586,41.37123121956226,3.7301782613698156,62.5,4,1.191794771353617
VisualCogA_Task-1,1,2039,2.0,V4,18,V3,0.0,90.11824927504162,0.9366491425022953,41.052055962360804,3.9182951354159363,62.5,4,1.1907126032374342
VisualCogA_Task-1,1,2039,2.0,V5,18,V3,0.0,90.25089765285617,0.9380278309514586,41.37123121956226,3.7301782613698156,62.5,4,1.191794771353617
VisualCogA_Task-1,1,2053,0.0,预处理,18,V3,0.0,3.969701898539267e-15,4.125932215913902e-17,4.861088017293574e-15,3.700743415417188e-17,0.0,4,6.690595823532296e-17
VisualCogA_Task-1,1,2053,0.0,V3,18,V3,0.0,86.2197017069687,0.8961293669183813,41.3246980517543,3.852776924701074,34.1796875,4,1.1509287209300691
VisualCogA_Task-1,1,2053,0.0,V4,18,V3,0.0,86.42469790660657,0.8982600065629778,41.32397828446367,3.7964516516174096,34.1796875,4,1.1524702001785203
VisualCogA_Task-1,1,2053,0.0,V5,18,V3,0.0,86.2197017069687,0.8961293669183813,41.3246980517543,3.852776924701074,34.1796875,4,1.1509287209300691
VisualCogA_Task-1,1,2053,0.5,预处理,18,V3,0.0,20.97813667481101,0.21803745507514588,15.240282132433633,3.794884278992857,71.2890625,4,0.3366801693671304
VisualCogA_Task-1,1,2053,0.5,V3,18,V3,0.0,87.8942694796872,0.9135340821785695,44.64475823223267,4.510047475743447,103.515625,4,1.1924184320266946
VisualCogA_Task-1,1,2053,0.5,V4,18,V3,0.0,88.1089705824208,0.9157655902847242,44.33710813941637,4.542201857819556,103.515625,4,1.1933853491722939
VisualCogA_Task-1,1,2053,0.5,V5,18,V3,0.0,87.8942694796872,0.9135340821785695,44.64475823223267,4.510047475743447,103.515625,4,1.1924184320266946
VisualCogA_Task-1,1,2053,1.0,预处理,18,V3,0.0,42.06869204121694,0.43724334020669736,30.228968014568807,5.800356885862619,88.8671875,4,0.6546229269799564
VisualCogA_Task-1,1,2053,1.0,V3,18,V3,0.0,89.221419739523,0.9273278937855064,44.60313235108127,5.943966529955556,65.10416666666667,3,1.2208994422892856
VisualCogA_Task-1,1,2053,1.0,V4,18,V3,0.0,89.33164795666289,0.928473557021246,43.72928226464015,5.964398890355759,65.10416666666667,3,1.2177162651695987
VisualCogA_Task-1,1,2053,1.0,V5,18,V3,0.0,89.221419739523,0.9273278937855064,44.60313235108127,5.943966529955556,65.10416666666667,3,1.2208994422892856
VisualCogA_Task-1,1,2053,2.0,预处理,18,V3,0.0,83.84892158497576,0.871488529061568,60.78494859352186,7.9147173866308265,95.703125,4,1.26963650164826
VisualCogA_Task-1,1,2053,2.0,V3,18,V3,0.0,91.0325732478606,0.946152220646839,48.0852118486178,6.587377439265531,33.854166666666664,3,1.2645066925007122
VisualCogA_Task-1,1,2053,2.0,V4,18,V3,0.0,90.95620622703848,0.9453584956783236,47.07885264664564,6.462958688075532,33.854166666666664,3,1.2571899884116473
VisualCogA_Task-1,1,2053,2.0,V5,18,V3,0.0,91.0325732478606,0.946152220646839,48.0852118486178,6.587377439265531,33.854166666666664,3,1.2645066925007122
VisualCogA_Task-1,2,2027,0.0,预处理,18,V3,0.0,9.233673180100474e-15,9.5403862108894e-17,7.077414176530199e-15,7.401486830834377e-17,0.0,2,1.3273111212739164e-16
VisualCogA_Task-1,2,2027,0.0,V3,18,V3,0.0,92.45922968912193,0.9553042898427083,10.72785672570089,1.4882036842452893,0.0,2,1.0261016689812605
VisualCogA_Task-1,2,2027,0.0,V4,18,V3,0.0,92.19023594467815,0.9525250012971298,10.82002720868515,1.3716842264139892,0.0,2,1.022594642282912
VisualCogA_Task-1,2,2027,0.0,V5,18,V3,0.0,92.45922968912193,0.9553042898427083,10.72785672570089,1.4882036842452893,0.0,2,1.0261016689812605
VisualCogA_Task-1,2,2027,0.5,预处理,18,V3,0.0,19.69651597229973,0.20350771109125004,10.154769694324845,1.1885981437939666,0.0,2,0.26824889973697746
VisualCogA_Task-1,2,2027,0.5,V3,18,V3,0.0,93.01663385569415,0.9610634833087696,14.105053075788621,3.2676739890121094,1.953125,2,1.0676935284490938
VisualCogA_Task-1,2,2027,0.5,V4,18,V3,0.0,92.79437410960234,0.9587670582832231,14.265941440504834,3.1417772095620187,1.953125,2,1.064927479556547
VisualCogA_Task-1,2,2027,0.5,V5,18,V3,0.0,93.01663385569415,0.9610634833087696,14.105053075788621,3.2676739890121094,1.953125,2,1.0676935284490938
VisualCogA_Task-1,2,2027,1.0,预处理,18,V3,0.0,38.88532426833768,0.4017697012009418,20.741907167761187,2.458473267294467,66.40625,2,0.534325494152705
VisualCogA_Task-1,2,2027,1.0,V3,18,V3,0.0,92.85231618411083,0.9593657255285208,16.01965977245435,5.835452294875431,82.03125,2,1.102417506363834
VisualCogA_Task-1,2,2027,1.0,V4,18,V3,0.0,92.61711780921758,0.9569356164171317,16.007091019834352,5.753008391698326,82.03125,2,1.099070641766709
VisualCogA_Task-1,2,2027,1.0,V5,18,V3,0.0,92.85231618411083,0.9593657255285208,16.01965977245435,5.835452294875431,82.03125,2,1.102417506363834
VisualCogA_Task-1,2,2027,2.0,预处理,18,V3,0.0,77.40054375299746,0.7997154176171564,41.81387317172799,6.658059110789288,89.84375,2,1.0845215827458154
VisualCogA_Task-1,2,2027,2.0,V3,18,V3,0.0,91.97572331975576,0.9503086208286486,16.54473430673703,4.099943341807815,19.53125,2,1.078141410816715
VisualCogA_Task-1,2,2027,2.0,V4,18,V3,0.0,91.76762224192927,0.9481584855415933,16.32061478349662,3.986822049505866,19.53125,2,1.073664667060971
VisualCogA_Task-1,2,2027,2.0,V5,18,V3,0.0,91.97572331975576,0.9503086208286486,16.54473430673703,4.099943341807815,19.53125,2,1.078141410816715
VisualCogA_Task-1,2,2039,0.0,预处理,18,V3,0.0,9.233673180100474e-15,9.5403862108894e-17,7.077414176530199e-15,7.401486830834377e-17,0.0,2,1.3273111212739164e-16
VisualCogA_Task-1,2,2039,0.0,V3,18,V3,0.0,92.45922968912193,0.9553042898427083,10.72785672570089,1.4882036842452893,0.0,2,1.0261016689812605
VisualCogA_Task-1,2,2039,0.0,V4,18,V3,0.0,92.19023594467815,0.9525250012971298,10.82002720868515,1.3716842264139892,0.0,2,1.022594642282912
VisualCogA_Task-1,2,2039,0.0,V5,18,V3,0.0,92.45922968912193,0.9553042898427083,10.72785672570089,1.4882036842452893,0.0,2,1.0261016689812605
VisualCogA_Task-1,2,2039,0.5,预处理,18,V3,0.0,19.63641786069825,0.20288676730859712,24.249456950778253,2.443569200987851,3.90625,1,0.35340886567284374
VisualCogA_Task-1,2,2039,0.5,V3,18,V3,0.0,90.79711397606101,0.9381310311400255,16.00759385529964,2.8078588825105015,48.828125,2,1.0498388748077319
VisualCogA_Task-1,2,2039,0.5,V4,18,V3,0.0,90.66417548463598,0.9367574883193622,15.899656089853828,2.752332236217944,48.828125,2,1.047334005791309
VisualCogA_Task-1,2,2039,0.5,V5,18,V3,0.0,90.79711397606101,0.9381310311400255,16.00759385529964,2.8078588825105015,48.828125,2,1.0498388748077319
VisualCogA_Task-1,2,2039,1.0,预处理,18,V3,0.0,39.287165193871196,0.4059215891334636,48.62568911250907,4.415776702213704,136.71875,1,0.7027505289998106
VisualCogA_Task-1,2,2039,1.0,V3,18,V3,0.0,92.29419817159923,0.9535991564863223,19.168705084404447,4.9180454209916435,70.3125,2,1.1034403679459852
VisualCogA_Task-1,2,2039,1.0,V4,18,V3,0.0,91.5073943600338,0.9454697673601064,19.83263296285655,4.733363893942895,70.3125,2,1.0968327254387324
VisualCogA_Task-1,2,2039,1.0,V5,18,V3,0.0,92.29419817159923,0.9535991564863223,19.168705084404447,4.9180454209916435,70.3125,2,1.1034403679459852
VisualCogA_Task-1,2,2039,2.0,预处理,18,V3,0.0,77.87099019560345,0.8045761492744915,94.71081471980433,10.039670300132501,136.71875,1,1.3975917312649762
VisualCogA_Task-1,2,2039,2.0,V3,18,V3,0.0,92.48101418063378,0.9555293708677535,24.693908667705482,7.07437865550451,82.03125,2,1.1561938451617626
VisualCogA_Task-1,2,2039,2.0,V4,18,V3,0.0,91.97430816722776,0.950293999235052,25.06647985091414,6.718908594251796,82.03125,2,1.1492104311738167
VisualCogA_Task-1,2,2039,2.0,V5,18,V3,0.0,92.48101418063378,0.9555293708677535,24.693908667705482,7.07437865550451,82.03125,2,1.1561938451617626
VisualCogA_Task-1,2,2053,0.0,预处理,18,V3,0.0,9.233673180100474e-15,9.5403862108894e-17,7.077414176530199e-15,7.401486830834377e-17,0.0,2,1.3273111212739164e-16
VisualCogA_Task-1,2,2053,0.0,V3,18,V3,0.0,92.45922968912193,0.9553042898427083,10.72785672570089,1.4882036842452893,0.0,2,1.0261016689812605
VisualCogA_Task-1,2,2053,0.0,V4,18,V3,0.0,92.19023594467815,0.9525250012971298,10.82002720868515,1.3716842264139892,0.0,2,1.022594642282912
VisualCogA_Task-1,2,2053,0.0,V5,18,V3,0.0,92.45922968912193,0.9553042898427083,10.72785672570089,1.4882036842452893,0.0,2,1.0261016689812605
VisualCogA_Task-1,2,2053,0.5,预处理,18,V3,0.0,18.445095374988025,0.19057782330147488,8.99213638754136,1.1394981228010317,0.0,2,0.2488054409878402
VisualCogA_Task-1,2,2053,0.5,V3,18,V3,0.0,91.69330373239244,0.9473906142191308,9.668786032313612,1.9448083839651975,41.015625,2,1.0174344616643165
VisualCogA_Task-1,2,2053,0.5,V4,18,V3,0.0,91.58308599339031,0.9462518260284924,9.87455384077169,1.7425682794584834,41.015625,2,1.0152691085253558
VisualCogA_Task-1,2,2053,0.5,V5,18,V3,0.0,91.69330373239244,0.9473906142191308,9.668786032313612,1.9448083839651975,41.015625,2,1.0174344616643165
VisualCogA_Task-1,2,2053,1.0,预处理,18,V3,0.0,37.028024905445044,0.3825797722467509,17.168632345539518,2.294646661496412,46.875,2,0.4949830433918554
VisualCogA_Task-1,2,2053,1.0,V3,18,V3,0.0,91.54897480175491,0.9458993834674791,12.451072810298768,4.7840900799175925,52.734375,2,1.0596526933978538
VisualCogA_Task-1,2,2053,1.0,V4,18,V3,0.0,91.39538654849218,0.944312483839344,12.290418038036684,4.670645576773302,52.734375,2,1.056063710065387
VisualCogA_Task-1,2,2053,1.0,V5,18,V3,0.0,91.54897480175491,0.9458993834674791,12.451072810298768,4.7840900799175925,52.734375,2,1.0596526933978538
VisualCogA_Task-1,2,2053,2.0,预处理,18,V3,0.0,74.1407982886536,0.7660351799994144,33.42815985877523,5.200658034779903,70.3125,2,0.9924619332650344
VisualCogA_Task-1,2,2053,2.0,V3,18,V3,0.0,93.09865615602978,0.9619109514916309,13.928791183414052,6.370791624522471,41.015625,2,1.0996923454785037
VisualCogA_Task-1,2,2053,2.0,V4,18,V3,0.0,93.20848558130567,0.9630457275596318,13.845842057622932,6.340139947618119,41.015625,2,1.1000819011231595
VisualCogA_Task-1,2,2053,2.0,V5,18,V3,0.0,93.09865615602978,0.9619109514916309,13.928791183414052,6.370791624522471,41.015625,2,1.0996923454785037
VisualCogA_Task-1,3,2027,0.0,预处理,18,V3,0.0,9.215541987798065e-15,5.821060833239412e-17,1.0067897405123407e-14,2.3754146797709077e-15,0.0,4,1.0501236458421508e-16
VisualCogA_Task-1,3,2027,0.0,V3,18,V3,0.0,152.46164194921238,0.9630345059433504,90.36140609668499,16.58389317044316,19.53125,4,1.353174849730039
VisualCogA_Task-1,3,2027,0.0,V4,18,V3,0.0,75.23562141366422,0.47523100611486874,43.70899474290033,8.102519228187676,19.53125,4,0.6644565733574103
VisualCogA_Task-1,3,2027,0.0,V5,18,V3,0.0,152.46164194921238,0.9630345059433504,90.36140609668499,16.58389317044316,19.53125,4,1.353174849730039
VisualCogA_Task-1,3,2027,0.5,预处理,18,V3,0.0,19.29168346364978,0.12185725285196855,18.45308697460036,3.684649891235985,91.796875,4,0.20341169879306362
VisualCogA_Task-1,3,2027,0.5,V3,18,V3,0.0,153.1956110866766,0.9676706727630084,90.4998513742658,16.45085089684029,26.041666666666668,3,1.3574078954125026
VisualCogA_Task-1,3,2027,0.5,V4,18,V3,0.0,76.43396633564397,0.48280043469463524,45.96788842223532,8.791186935539947,113.28125,4,0.6835102482180928
VisualCogA_Task-1,3,2027,0.5,V5,18,V3,0.0,153.1956110866766,0.9676706727630084,90.4998513742658,16.45085089684029,26.041666666666668,3,1.3574078954125026
VisualCogA_Task-1,3,2027,1.0,预处理,18,V3,0.0,38.71624483190911,0.24455383817852158,36.65884979717842,6.9119783925745395,113.28125,4,0.403992907816249
VisualCogA_Task-1,3,2027,1.0,V3,18,V3,0.0,153.4444394522932,0.9692424143439243,93.27954775492732,17.3975642796938,20.5078125,4,1.3737386897720008
VisualCogA_Task-1,3,2027,1.0,V4,18,V3,0.0,77.91752040941934,0.4921714066073897,53.28340710745702,10.13540275924427,91.796875,4,0.7244765422161092
VisualCogA_Task-1,3,2027,1.0,V5,18,V3,0.0,153.4444394522932,0.9692424143439243,93.27954775492732,17.3975642796938,20.5078125,4,1.3737386897720008
VisualCogA_Task-1,3,2027,2.0,预处理,18,V3,0.0,78.09487545858995,0.493291682041728,71.82114640606393,11.719942930937114,113.28125,4,0.7941531314296583
VisualCogA_Task-1,3,2027,2.0,V3,18,V3,0.0,156.74890338163073,0.9901152892973324,93.34120794089333,18.06622975682799,54.6875,4,1.3990299768726544
VisualCogA_Task-1,3,2027,2.0,V4,18,V3,0.0,85.73681448683628,0.5415625184463889,69.276236164973,12.144680640187802,113.28125,4,0.837069302175938
VisualCogA_Task-1,3,2027,2.0,V5,18,V3,0.0,156.74890338163073,0.9901152892973324,93.34120794089333,18.06622975682799,54.6875,4,1.3990299768726544
VisualCogA_Task-1,3,2039,0.0,预处理,18,V3,0.0,9.215541987798065e-15,5.821060833239412e-17,1.0067897405123407e-14,2.3754146797709077e-15,0.0,4,1.0501236458421508e-16
VisualCogA_Task-1,3,2039,0.0,V3,18,V3,0.0,152.46164194921238,0.9630345059433504,90.36140609668499,16.58389317044316,19.53125,4,1.353174849730039
VisualCogA_Task-1,3,2039,0.0,V4,18,V3,0.0,75.23562141366422,0.47523100611486874,43.70899474290033,8.102519228187676,19.53125,4,0.6644565733574103
VisualCogA_Task-1,3,2039,0.0,V5,18,V3,0.0,152.46164194921238,0.9630345059433504,90.36140609668499,16.58389317044316,19.53125,4,1.353174849730039
VisualCogA_Task-1,3,2039,0.5,预处理,18,V3,0.0,24.257896511551753,0.15322668104288936,26.641921867894386,6.845702623432785,75.1953125,4,0.28061080617238743
VisualCogA_Task-1,3,2039,0.5,V3,18,V3,0.0,154.82702822979243,0.9779756319797761,86.84201161115601,16.493500009095204,26.3671875,4,1.3564297517727049
VisualCogA_Task-1,3,2039,0.5,V4,18,V3,0.0,74.77788506256738,0.47233968279514676,41.59006745242659,7.913210716910787,58.59375,4,0.653677294343333
VisualCogA_Task-1,3,2039,0.5,V5,18,V3,0.0,154.82702822979243,0.9779756319797761,86.84201161115601,16.493500009095204,26.3671875,4,1.3564297517727049
VisualCogA_Task-1,3,2039,1.0,预处理,18,V3,0.0,47.891873291777685,0.30251232995124466,52.672095119680726,14.06510563067342,118.1640625,4,0.5577090083087354
VisualCogA_Task-1,3,2039,1.0,V3,18,V3,0.0,155.3100721126338,0.981026812074085,90.86122676245715,19.116293985445456,45.8984375,4,1.3887418166569623
VisualCogA_Task-1,3,2039,1.0,V4,18,V3,0.0,76.91356640336348,0.48582986169254533,49.44685721470478,13.884302009033199,61.5234375,4,0.7296982623236388
VisualCogA_Task-1,3,2039,1.0,V5,18,V3,0.0,155.3100721126338,0.981026812074085,90.86122676245715,19.116293985445456,45.8984375,4,1.3887418166569623
VisualCogA_Task-1,3,2039,2.0,预处理,18,V3,0.0,95.45006272669038,0.602916922742317,104.60436054127425,27.825300245471727,117.1875,4,1.1090476952091484
VisualCogA_Task-1,3,2039,2.0,V3,18,V3,0.0,156.86103660511287,0.9908235865588293,90.68087298026308,19.58277638137582,26.3671875,4,1.4009155508890747
VisualCogA_Task-1,3,2039,2.0,V4,18,V3,0.0,88.03013727223444,0.5560484504314337,73.45373702844873,22.538125097055527,63.4765625,4,0.9303998814699842
VisualCogA_Task-1,3,2039,2.0,V5,18,V3,0.0,156.86103660511287,0.9908235865588293,90.68087298026308,19.58277638137582,26.3671875,4,1.4009155508890747
VisualCogA_Task-1,3,2053,0.0,预处理,18,V3,0.0,9.215541987798065e-15,5.821060833239412e-17,1.0067897405123407e-14,2.3754146797709077e-15,0.0,4,1.0501236458421508e-16
VisualCogA_Task-1,3,2053,0.0,V3,18,V3,0.0,152.46164194921238,0.9630345059433504,90.36140609668499,16.58389317044316,19.53125,4,1.353174849730039
VisualCogA_Task-1,3,2053,0.0,V4,18,V3,0.0,75.23562141366422,0.47523100611486874,43.70899474290033,8.102519228187676,19.53125,4,0.6644565733574103
VisualCogA_Task-1,3,2053,0.0,V5,18,V3,0.0,152.46164194921238,0.9630345059433504,90.36140609668499,16.58389317044316,19.53125,4,1.353174849730039
VisualCogA_Task-1,3,2053,0.5,预处理,18,V3,0.0,20.390510496359227,0.12879806980129047,9.359594346806627,3.065173882456106,16.6015625,4,0.17771971513428342
VisualCogA_Task-1,3,2053,0.5,V3,18,V3,0.0,153.69824865145927,0.9708456177044403,85.45673182421109,15.31568410486373,49.8046875,4,1.337484874086474
VisualCogA_Task-1,3,2053,0.5,V4,18,V3,0.0,78.41835793946277,0.49533498150489697,45.618872591772494,8.668017652730827,20.5078125,4,0.6941644964189438
VisualCogA_Task-1,3,2053,0.5,V5,18,V3,0.0,153.69824865145927,0.9708456177044403,85.45673182421109,15.31568410486373,49.8046875,4,1.337484874086474
VisualCogA_Task-1,3,2053,1.0,预处理,18,V3,0.0,40.5534214413121,0.2561584912948541,19.579772175047413,6.436259220120359,48.828125,4,0.35865206036527914
VisualCogA_Task-1,3,2053,1.0,V3,18,V3,0.0,154.85056378064516,0.9781242959145061,88.49060700332726,17.270205043502624,23.4375,4,1.3666912601833452
VisualCogA_Task-1,3,2053,1.0,V4,18,V3,0.0,82.1186122752642,0.51870789393444,47.35802218011292,9.570038132189195,20.5078125,4,0.7287278129216557
VisualCogA_Task-1,3,2053,1.0,V5,18,V3,0.0,154.85056378064516,0.9781242959145061,88.49060700332726,17.270205043502624,23.4375,4,1.3666912601833452
VisualCogA_Task-1,3,2053,2.0,预处理,18,V3,0.0,81.06672307940605,0.5120635630779098,37.324720085547874,14.126966851985017,113.28125,4,0.7191796141881827
VisualCogA_Task-1,3,2053,2.0,V3,18,V3,0.0,155.76705852266954,0.9839133983392271,94.23445336388552,20.22147979517716,63.4765625,4,1.4092629950899953
VisualCogA_Task-1,3,2053,2.0,V4,18,V3,0.0,92.66072868677163,0.5852979013629005,61.16975464886919,12.954546125752055,72.265625,4,0.860317680865055
VisualCogA_Task-1,3,2053,2.0,V5,18,V3,0.0,155.76705852266954,0.9839133983392271,94.23445336388552,20.22147979517716,63.4765625,4,1.4092629950899953
VisualCogA_Task-1,4,2027,0.0,预处理,18,V3,0.0,7.547014642035182e-15,7.398016518425298e-17,8.111246939010637e-15,1.5543122344752192e-15,0.0,6,1.289719718440583e-16
VisualCogA_Task-1,4,2027,0.0,V3,18,V3,0.0,85.98799016228672,0.842903587418035,24.794952297119394,11.403328765815628,23.4375,4,1.0762127252162415
VisualCogA_Task-1,4,2027,0.0,V4,18,V3,0.0,29.92511819551607,0.2933431684273991,9.55443742204437,4.097702206700723,34.375,5,0.38034023238344145
VisualCogA_Task-1,4,2027,0.0,V5,18,V3,0.0,85.98799016228672,0.842903587418035,24.794952297119394,11.403328765815628,23.4375,4,1.0762127252162415
VisualCogA_Task-1,4,2027,0.5,预处理,18,V3,0.0,20.978293078352134,0.2056412582766163,16.144769784851057,6.5641248322340475,28.90625,5,0.3491167195696452
VisualCogA_Task-1,4,2027,0.5,V3,18,V3,0.0,88.78663321718844,0.8703374914600653,32.75680647137624,11.754311423302108,59.5703125,4,1.146110492609604
VisualCogA_Task-1,4,2027,0.5,V4,18,V3,0.0,36.054936025370615,0.3534311577995422,18.717458481413715,6.179879804477333,48.4375,5,0.5057495139205869
VisualCogA_Task-1,4,2027,0.5,V5,18,V3,0.0,88.78663321718844,0.8703374914600653,32.75680647137624,11.754311423302108,59.5703125,4,1.146110492609604
VisualCogA_Task-1,4,2027,1.0,预处理,18,V3,0.0,41.87530089664242,0.4104857118229322,32.411754256915,13.091959916346958,48.4375,5,0.6976799107110196
VisualCogA_Task-1,4,2027,1.0,V3,18,V3,0.0,90.59858796672273,0.8880993109390309,33.56669805508876,12.160642876305857,55.46875,5,1.1718249168510777
VisualCogA_Task-1,4,2027,1.0,V4,18,V3,0.0,43.807628447483225,0.42942749452533535,28.86521379401593,10.253895159632986,92.96875,5,0.6714187435948088
VisualCogA_Task-1,4,2027,1.0,V5,18,V3,0.0,90.59858796672273,0.8880993109390309,33.56669805508876,12.160642876305857,55.46875,5,1.1718249168510777
VisualCogA_Task-1,4,2027,2.0,预处理,18,V3,0.0,83.7795261047343,0.8212549563326772,64.29345013465897,26.175496982585077,77.34375,5,1.392962820410947
VisualCogA_Task-1,4,2027,2.0,V3,18,V3,0.0,94.09594980515344,0.9223824571615263,38.25816458974679,12.412711280520726,60.9375,5,1.2315732047080301
VisualCogA_Task-1,4,2027,2.0,V4,18,V3,0.0,63.501858656385096,0.622481632239101,51.48621554319281,19.506433124239702,93.09895833333333,6,1.0660435794149232
VisualCogA_Task-1,4,2027,2.0,V5,18,V3,0.0,94.09594980515344,0.9223824571615263,38.25816458974679,12.412711280520726,60.9375,5,1.2315732047080301
VisualCogA_Task-1,4,2039,0.0,预处理,18,V3,0.0,7.547014642035182e-15,7.398016518425298e-17,8.111246939010637e-15,1.5543122344752192e-15,0.0,6,1.289719718440583e-16
VisualCogA_Task-1,4,2039,0.0,V3,18,V3,0.0,85.98799016228672,0.842903587418035,24.794952297119394,11.403328765815628,23.4375,4,1.0762127252162415
VisualCogA_Task-1,4,2039,0.0,V4,18,V3,0.0,29.92511819551607,0.2933431684273991,9.55443742204437,4.097702206700723,34.375,5,0.38034023238344145
VisualCogA_Task-1,4,2039,0.0,V5,18,V3,0.0,85.98799016228672,0.842903587418035,24.794952297119394,11.403328765815628,23.4375,4,1.0762127252162415
VisualCogA_Task-1,4,2039,0.5,预处理,18,V3,0.0,21.266206793938004,0.20846355361432758,17.228022133147817,4.639993697031944,35.15625,4,0.33838690851324155
VisualCogA_Task-1,4,2039,0.5,V3,18,V3,0.0,87.8106094825122,0.8607699471342699,27.704933781507094,10.813149668402453,45.572916666666664,3,1.1025564645810848
VisualCogA_Task-1,4,2039,0.5,V4,18,V3,0.0,33.49073546710636,0.3282953935452426,14.785665273846387,5.580058015021909,31.25,4,0.4554631067231968
VisualCogA_Task-1,4,2039,0.5,V5,18,V3,0.0,87.8106094825122,0.8607699471342699,27.704933781507094,10.813149668402453,45.572916666666664,3,1.1025564645810848
VisualCogA_Task-1,4,2039,1.0,预处理,18,V3,0.0,42.317240848931704,0.41481786065563475,34.601574578952004,8.64766453442916,78.125,4,0.6691794649800782
VisualCogA_Task-1,4,2039,1.0,V3,18,V3,0.0,88.825315580259,0.8707166781643999,30.211929085197475,10.8322278217732,119.53125,5,1.1249777133834462
VisualCogA_Task-1,4,2039,1.0,V4,18,V3,0.0,40.32097479912987,0.39524931612234493,26.183003148421882,7.398663189845191,53.7109375,4,0.5961056607562085
VisualCogA_Task-1,4,2039,1.0,V5,18,V3,0.0,88.825315580259,0.8707166781643999,30.211929085197475,10.8322278217732,119.53125,5,1.1249777133834462
VisualCogA_Task-1,4,2039,2.0,预处理,18,V3,0.0,83.65377738752338,0.8200222952988484,67.69940921992594,15.545911690669087,83.0078125,4,1.3042264510646433
VisualCogA_Task-1,4,2039,2.0,V3,18,V3,0.0,89.49103542334984,0.8772424458082022,32.92146436556115,12.33054711709898,41.9921875,4,1.1594710752065767
VisualCogA_Task-1,4,2039,2.0,V4,18,V3,0.0,57.600111012011084,0.5646293176066723,48.05699517094244,13.82799751737965,62.5,4,0.9357203905465459
VisualCogA_Task-1,4,2039,2.0,V5,18,V3,0.0,89.49103542334984,0.8772424458082022,32.92146436556115,12.33054711709898,41.9921875,4,1.1594710752065767
VisualCogA_Task-1,4,2053,0.0,预处理,18,V3,0.0,7.547014642035182e-15,7.398016518425298e-17,8.111246939010637e-15,1.5543122344752192e-15,0.0,6,1.289719718440583e-16
VisualCogA_Task-1,4,2053,0.0,V3,18,V3,0.0,85.98799016228672,0.842903587418035,24.794952297119394,11.403328765815628,23.4375,4,1.0762127252162415
VisualCogA_Task-1,4,2053,0.0,V4,18,V3,0.0,29.92511819551607,0.2933431684273991,9.55443742204437,4.097702206700723,34.375,5,0.38034023238344145
VisualCogA_Task-1,4,2053,0.0,V5,18,V3,0.0,85.98799016228672,0.842903587418035,24.794952297119394,11.403328765815628,23.4375,4,1.0762127252162415
VisualCogA_Task-1,4,2053,0.5,预处理,18,V3,0.0,19.305944191315497,0.18924793551564328,15.134322962983582,3.1569117592838563,22.786458333333332,6,0.2943714508963772
VisualCogA_Task-1,4,2053,0.5,V3,18,V3,0.0,88.32037747728083,0.8657669853337954,27.26452069890212,10.698575184254166,78.90625,5,1.1042717871966157
VisualCogA_Task-1,4,2053,0.5,V4,18,V3,0.0,36.09981972649185,0.3538711335754649,14.320159572475335,5.303969421997017,57.8125,5,0.47605089113867555
VisualCogA_Task-1,4,2053,0.5,V5,18,V3,0.0,88.32037747728083,0.8657669853337954,27.26452069890212,10.698575184254166,78.90625,5,1.1042717871966157
VisualCogA_Task-1,4,2053,1.0,预处理,18,V3,0.0,38.59216837316548,0.37830256419051694,29.459520222643324,5.583676740346882,32.2265625,4,0.577426520486576
VisualCogA_Task-1,4,2053,1.0,V3,18,V3,0.0,88.2895969666059,0.8654652571177796,24.855815097145864,10.374883586905154,137.5,5,1.0889912915670479
VisualCogA_Task-1,4,2053,1.0,V4,18,V3,0.0,44.70461067074295,0.4382202286316784,22.66028327369901,5.825112337132051,68.75,5,0.6063858653728734
VisualCogA_Task-1,4,2053,1.0,V5,18,V3,0.0,88.2895969666059,0.8654652571177796,24.855815097145864,10.374883586905154,137.5,5,1.0889912915670479
VisualCogA_Task-1,4,2053,2.0,预处理,18,V3,0.0,77.08684812384944,0.755649489000848,57.8114319617147,9.733558980694712,43.9453125,4,1.1344138189829265
VisualCogA_Task-1,4,2053,2.0,V3,18,V3,0.0,93.97108576295287,0.9211584682194457,32.603937380913884,12.008201582803588,82.03125,5,1.1986709910579272
VisualCogA_Task-1,4,2053,2.0,V4,18,V3,0.0,65.16865539704705,0.6388205296775579,40.797643233026086,9.214935893085318,92.96875,5,0.929111562118924
VisualCogA_Task-1,4,2053,2.0,V5,18,V3,0.0,93.97108576295287,0.9211584682194457,32.603937380913884,12.008201582803588,82.03125,5,1.1986709910579272
VisualCogA_Task-1,5,2027,0.0,预处理,18,V3,0.0,4.996836968632062e-15,3.728729837522732e-17,8.6069801417839e-15,0.0,0.0,4,6.940071719107182e-17
VisualCogA_Task-1,5,2027,0.0,V3,18,V3,0.0,129.73599103027578,0.9681133560929499,91.39834732347194,19.760035113208513,26.3671875,4,1.4565817740781475
VisualCogA_Task-1,5,2027,0.0,V4,18,V3,0.0,129.91398712232072,0.9694415950239712,91.47458256214946,19.74911235292881,26.3671875,4,1.4581129459506221
VisualCogA_Task-1,5,2027,0.0,V5,18,V3,0.0,129.73599103027578,0.9681133560929499,91.39834732347194,19.760035113208513,26.3671875,4,1.4565817740781475
VisualCogA_Task-1,5,2027,0.5,预处理,18,V3,0.0,17.582545462870677,0.13120412432618095,13.281661363002323,3.7471294141192026,21.484375,4,0.2087209554789471
VisualCogA_Task-1,5,2027,0.5,V3,18,V3,0.0,130.3108269617991,0.9724028854552376,99.72789601328878,22.01329658612382,10.7421875,4,1.5087638438663844
VisualCogA_Task-1,5,2027,0.5,V4,18,V3,0.0,130.4993511011991,0.973809686573799,99.90107035742798,22.079415659287232,10.7421875,4,1.51131016651937
VisualCogA_Task-1,5,2027,0.5,V5,18,V3,0.0,130.3108269617991,0.9724028854552376,99.72789601328878,22.01329658612382,10.7421875,4,1.5087638438663844
VisualCogA_Task-1,5,2027,1.0,预处理,18,V3,0.0,35.19958298110215,0.26266563458828224,26.9939570085596,7.291808030724876,30.2734375,4,0.41779530787074576
VisualCogA_Task-1,5,2027,1.0,V3,18,V3,0.0,132.1330310279542,0.9860005007350248,101.45426384062446,23.429543828842867,38.0859375,4,1.5393709854099942
VisualCogA_Task-1,5,2027,1.0,V4,18,V3,0.0,132.38328928190313,0.9878679729468333,101.99734768259786,23.62083395255891,38.0859375,4,1.5446921937866576
VisualCogA_Task-1,5,2027,1.0,V5,18,V3,0.0,132.1330310279542,0.9860005007350248,101.45426384062446,23.429543828842867,38.0859375,4,1.5393709854099942
VisualCogA_Task-1,5,2027,2.0,预处理,18,V3,0.0,70.67409167638057,0.5273828144240612,53.79910543444657,14.379907799798042,47.8515625,4,0.8354175913697581
VisualCogA_Task-1,5,2027,2.0,V3,18,V3,0.0,132.4372460189168,0.9882706078466733,105.22897569399302,25.557368559207372,56.640625,4,1.5716030945100339
VisualCogA_Task-1,5,2027,2.0,V4,18,V3,0.0,132.64126333315517,0.9897930218292534,105.68941850664275,25.720248478832215,56.640625,4,1.576058901461886
VisualCogA_Task-1,5,2027,2.0,V5,18,V3,0.0,132.4372460189168,0.9882706078466733,105.22897569399302,25.557368559207372,56.640625,4,1.5716030945100339
VisualCogA_Task-1,5,2039,0.0,预处理,18,V3,0.0,4.996836968632062e-15,3.728729837522732e-17,8.6069801417839e-15,0.0,0.0,4,6.940071719107182e-17
VisualCogA_Task-1,5,2039,0.0,V3,18,V3,0.0,129.73599103027578,0.9681133560929499,91.39834732347194,19.760035113208513,26.3671875,4,1.4565817740781475
VisualCogA_Task-1,5,2039,0.0,V4,18,V3,0.0,129.91398712232072,0.9694415950239712,91.47458256214946,19.74911235292881,26.3671875,4,1.4581129459506221
VisualCogA_Task-1,5,2039,0.0,V5,18,V3,0.0,129.73599103027578,0.9681133560929499,91.39834732347194,19.760035113208513,26.3671875,4,1.4565817740781475
VisualCogA_Task-1,5,2039,0.5,预处理,18,V3,0.0,17.12075531362264,0.12775816297305997,16.404454116222475,4.218998964710658,33.854166666666664,3,0.2204475910665868
VisualCogA_Task-1,5,2039,0.5,V3,18,V3,0.0,131.80393559137974,0.9835447312523481,99.06729063912879,21.886986340787505,80.72916666666667,3,1.5164983616358094
VisualCogA_Task-1,5,2039,0.5,V4,18,V3,0.0,131.80668809366645,0.9835652709206798,98.96399613527367,21.94046456039236,80.72916666666667,3,1.5165325643150676
VisualCogA_Task-1,5,2039,0.5,V5,18,V3,0.0,131.80393559137974,0.9835447312523481,99.06729063912879,21.886986340787505,80.72916666666667,3,1.5164983616358094
VisualCogA_Task-1,5,2039,1.0,预处理,18,V3,0.0,34.228333977780615,0.2554179994121027,32.604051018041936,8.308194289915482,33.854166666666664,3,0.4390638967034219
VisualCogA_Task-1,5,2039,1.0,V3,18,V3,0.0,134.63010205637775,1.0046340949638264,105.37469850331001,24.36654806123113,89.84375,3,1.5796241693080495
VisualCogA_Task-1,5,2039,1.0,V4,18,V3,0.0,134.73688717207898,1.0054309447502374,105.10150401391303,24.381764886894672,89.84375,3,1.5795152565230821
VisualCogA_Task-1,5,2039,1.0,V5,18,V3,0.0,134.63010205637775,1.0046340949638264,105.37469850331001,24.36654806123113,89.84375,3,1.5796241693080495
VisualCogA_Task-1,5,2039,2.0,预处理,18,V3,0.0,66.8841591977436,0.4991016549545762,62.62315832101555,15.820691212744656,41.666666666666664,3,0.8508111542922074
VisualCogA_Task-1,5,2039,2.0,V3,18,V3,0.0,136.87618843602806,1.0213947964916736,105.19781606944339,23.85659789683547,11.71875,3,1.5919195664601795
VisualCogA_Task-1,5,2039,2.0,V4,18,V3,0.0,138.3917945873836,1.032704522852507,105.76611709572026,23.926669162965368,11.71875,3,1.6058725596030785
VisualCogA_Task-1,5,2039,2.0,V5,18,V3,0.0,136.87618843602806,1.0213947964916736,105.19781606944339,23.85659789683547,11.71875,3,1.5919195664601795
VisualCogA_Task-1,5,2053,0.0,预处理,18,V3,0.0,4.996836968632062e-15,3.728729837522732e-17,8.6069801417839e-15,0.0,0.0,4,6.940071719107182e-17
VisualCogA_Task-1,5,2053,0.0,V3,18,V3,0.0,129.73599103027578,0.9681133560929499,91.39834732347194,19.760035113208513,26.3671875,4,1.4565817740781475
VisualCogA_Task-1,5,2053,0.0,V4,18,V3,0.0,129.91398712232072,0.9694415950239712,91.47458256214946,19.74911235292881,26.3671875,4,1.4581129459506221
VisualCogA_Task-1,5,2053,0.0,V5,18,V3,0.0,129.73599103027578,0.9681133560929499,91.39834732347194,19.760035113208513,26.3671875,4,1.4565817740781475
VisualCogA_Task-1,5,2053,0.5,预处理,18,V3,0.0,16.2652369122755,0.12137413041470711,12.765005036151212,3.723266092061516,36.1328125,4,0.1967851978244863
VisualCogA_Task-1,5,2053,0.5,V3,18,V3,0.0,130.48585371512328,0.9737089666453614,93.60845941176112,21.010279928072745,9.765625,4,1.479753064294435
VisualCogA_Task-1,5,2053,0.5,V4,18,V3,0.0,130.65649258176907,0.9749823046339678,93.79733797173455,20.89838336776522,9.765625,4,1.4808961329097903
VisualCogA_Task-1,5,2053,0.5,V5,18,V3,0.0,130.48585371512328,0.9737089666453614,93.60845941176112,21.010279928072745,9.765625,4,1.479753064294435
VisualCogA_Task-1,5,2053,1.0,预处理,18,V3,0.0,32.52490988034479,0.24270674167458434,26.126829449010025,8.282620444620983,54.6875,4,0.40199470473518284
VisualCogA_Task-1,5,2053,1.0,V3,18,V3,0.0,130.98605309393005,0.977441544594523,92.1950850062686,22.093218983764746,83.0078125,4,1.4862933014074018
VisualCogA_Task-1,5,2053,1.0,V4,18,V3,0.0,131.20051500800278,0.9790418980641983,91.97681258618253,21.884805160082603,83.0078125,4,1.4855240392720646
VisualCogA_Task-1,5,2053,1.0,V5,18,V3,0.0,130.98605309393005,0.977441544594523,92.1950850062686,22.093218983764746,83.0078125,4,1.4862933014074018
VisualCogA_Task-1,5,2053,2.0,预处理,18,V3,0.0,64.97329316211297,0.48484242807306505,52.68361055000571,17.405118681965938,54.6875,4,0.8112898620841921
VisualCogA_Task-1,5,2053,2.0,V3,18,V3,0.0,132.8969987566085,0.9917013656674215,94.80181433223727,24.833741045343242,24.4140625,4,1.530729334320102
VisualCogA_Task-1,5,2053,2.0,V4,18,V3,0.0,133.1459928668268,0.9935594046107904,94.26986608829361,24.563082740412725,24.4140625,4,1.5285829253406469
VisualCogA_Task-1,5,2053,2.0,V5,18,V3,0.0,132.8969987566085,0.9917013656674215,94.80181433223727,24.833741045343242,24.4140625,4,1.530729334320102
VisualCogA_Task-2,1,2027,0.0,预处理,19,V4,0.1,1.3793062589784674e-14,1.0068825578393047e-16,9.271327876054924e-15,3.552713678800501e-15,0.0,6,1.604627586959379e-16
VisualCogA_Task-2,1,2027,0.0,V3,19,V4,0.1,97.89216738867611,0.7146050070543637,32.392112501960895,22.310584670359106,39.713541666666664,6,0.9957004117355027
VisualCogA_Task-2,1,2027,0.0,V4,19,V4,0.1,42.823711529874046,0.3126096754850239,15.466878638030483,10.276488137109618,0.0,6,0.4440807081544001
VisualCogA_Task-2,1,2027,0.0,V5,19,V4,0.1,49.39065090692498,0.36054780868857894,12.65888470667826,14.835540776599414,0.0,6,0.5150504959038259
VisualCogA_Task-2,1,2027,0.5,预处理,19,V4,0.1,33.63158275878201,0.24550786927789423,21.74067826552665,11.339398221795557,67.70833333333333,6,0.4076371789285257
VisualCogA_Task-2,1,2027,0.5,V3,19,V4,0.1,103.94758636229307,0.7588090821483149,31.908157354302453,19.372151636333182,46.223958333333336,6,1.016687743289204
VisualCogA_Task-2,1,2027,0.5,V4,19,V4,0.1,52.709947950518,0.3847784121221965,26.80275199767759,9.68674099163705,66.40625,6,0.5533198229926184
VisualCogA_Task-2,1,2027,0.5,V5,19,V4,0.1,57.56382549022589,0.42021133066952054,25.936969979281685,9.66502862648341,55.338541666666664,6,0.5854341731988655
VisualCogA_Task-2,1,2027,1.0,预处理,19,V4,0.1,67.00747377655105,0.4891492092586605,43.377451006453924,20.512362718966816,102.21354166666667,6,0.7972137843025991
VisualCogA_Task-2,1,2027,1.0,V3,19,V4,0.1,106.74000518382793,0.7791935166224104,32.290738239182176,16.575780390801146,73.56770833333333,6,1.0180552958683522
VisualCogA_Task-2,1,2027,1.0,V4,19,V4,0.1,69.21591667799595,0.5052706661357993,40.42785596646243,13.211267946326037,84.63541666666667,6,0.7492719280365322
VisualCogA_Task-2,1,2027,1.0,V5,19,V4,0.1,73.42608900473601,0.5360045880164399,40.476672769242825,13.715876491177932,84.63541666666667,6,0.7838676313925
VisualCogA_Task-2,1,2027,2.0,预处理,19,V4,0.1,134.18814087808283,0.9795627159633896,86.86885620457959,38.366361544827576,119.79166666666667,6,1.576701950103922
VisualCogA_Task-2,1,2027,2.0,V3,19,V4,0.1,110.42843729905867,0.8061187766103601,30.21465023359766,21.657615687555033,61.197916666666664,6,1.0744999094801149
VisualCogA_Task-2,1,2027,2.0,V4,19,V4,0.1,97.52543654921422,0.7119279012029814,68.483089119816,23.162679606160093,78.77604166666667,6,1.1309741549473702
VisualCogA_Task-2,1,2027,2.0,V5,19,V4,0.1,103.0842540359806,0.7525068250873874,69.58220907737308,28.08316454456754,79.42708333333333,6,1.2114839700450968
VisualCogA_Task-2,1,2039,0.0,预处理,19,V4,0.1,1.3793062589784674e-14,1.0068825578393047e-16,9.271327876054924e-15,3.552713678800501e-15,0.0,6,1.604627586959379e-16
VisualCogA_Task-2,1,2039,0.0,V3,19,V4,0.1,97.89216738867611,0.7146050070543637,32.392112501960895,22.310584670359106,39.713541666666664,6,0.9957004117355027
VisualCogA_Task-2,1,2039,0.0,V4,19,V4,0.1,42.823711529874046,0.3126096754850239,15.466878638030483,10.276488137109618,0.0,6,0.4440807081544001
VisualCogA_Task-2,1,2039,0.0,V5,19,V4,0.1,49.39065090692498,0.36054780868857894,12.65888470667826,14.835540776599414,0.0,6,0.5150504959038259
VisualCogA_Task-2,1,2039,0.5,预处理,19,V4,0.1,37.77965323789332,0.2757884526285314,35.66699895105089,13.851476033160877,79.42708333333333,6,0.5070862443813916
VisualCogA_Task-2,1,2039,0.5,V3,19,V4,0.1,101.79239407140294,0.7430763504771474,47.011942811714896,25.073400338985845,31.901041666666668,6,1.097701886048199
VisualCogA_Task-2,1,2039,0.5,V4,19,V4,0.1,53.70944829659115,0.3920746848568735,26.028903216429388,12.855707902473592,27.994791666666668,6,0.5809247840300934
VisualCogA_Task-2,1,2039,0.5,V5,19,V4,0.1,56.63191017522586,0.4134084232662598,27.137790454621047,12.04202677619802,27.994791666666668,6,0.6003661093323982
VisualCogA_Task-2,1,2039,1.0,预处理,19,V4,0.1,75.91357577522187,0.5541630428610745,72.03559643706471,22.444783145036492,56.25,5,0.9809352196569286
VisualCogA_Task-2,1,2039,1.0,V3,19,V4,0.1,107.64361671097109,0.7857898086338511,43.4678986158984,21.203682895517122,22.786458333333332,6,1.0992310959416352
VisualCogA_Task-2,1,2039,1.0,V4,19,V4,0.1,75.05504340496122,0.5478958250961374,52.494102431360226,17.36654351273411,56.25,5,0.8662715848729085
VisualCogA_Task-2,1,2039,1.0,V5,19,V4,0.1,77.25539632075323,0.5639582257238461,58.00908719349973,17.713809826985695,56.25,5,0.9049984761187793
VisualCogA_Task-2,1,2039,2.0,预处理,19,V4,0.1,151.92959912937386,1.1090739448697904,142.86132574041608,36.20569958462469,56.25,5,1.89481079801295
VisualCogA_Task-2,1,2039,2.0,V3,19,V4,0.1,114.95755117138799,0.839180946312206,43.57691690317902,17.935462565621734,56.640625,6,1.1291623985158574
VisualCogA_Task-2,1,2039,2.0,V4,19,V4,0.1,109.8100033543235,0.8016042581843307,92.47359374466257,26.444285310093864,57.03125,5,1.3321703558729472
VisualCogA_Task-2,1,2039,2.0,V5,19,V4,0.1,115.3908381201642,0.8423439064483058,107.42073276536382,28.079071844417864,57.03125,5,1.4394002761289109
VisualCogA_Task-2,1,2053,0.0,预处理,19,V4,0.1,1.3793062589784674e-14,1.0068825578393047e-16,9.271327876054924e-15,3.552713678800501e-15,0.0,6,1.604627586959379e-16
VisualCogA_Task-2,1,2053,0.0,V3,19,V4,0.1,97.89216738867611,0.7146050070543637,32.392112501960895,22.310584670359106,39.713541666666664,6,0.9957004117355027
VisualCogA_Task-2,1,2053,0.0,V4,19,V4,0.1,42.823711529874046,0.3126096754850239,15.466878638030483,10.276488137109618,0.0,6,0.4440807081544001
VisualCogA_Task-2,1,2053,0.0,V5,19,V4,0.1,49.39065090692498,0.36054780868857894,12.65888470667826,14.835540776599414,0.0,6,0.5150504959038259
VisualCogA_Task-2,1,2053,0.5,预处理,19,V4,0.1,36.99318538632343,0.270047300097015,47.67707329557072,16.66764665893464,99.21875,5,0.5657392045648731
VisualCogA_Task-2,1,2053,0.5,V3,19,V4,0.1,104.3660651950022,0.7618639442192797,28.618713015205916,23.72871815796778,130.859375,6,1.0395388526396745
VisualCogA_Task-2,1,2053,0.5,V4,19,V4,0.1,53.51361309187799,0.3906451034962945,34.28087513167956,16.900384409308717,75.0,5,0.6391403863834652
VisualCogA_Task-2,1,2053,0.5,V5,19,V4,0.1,60.20751949355956,0.4395100858436794,35.8479555845348,21.221220774459685,95.3125,5,0.7252669103591037
VisualCogA_Task-2,1,2053,1.0,预处理,19,V4,0.1,74.07574923850055,0.5407470558595409,96.34677106368399,24.439986110770917,134.375,5,1.070818872012965
VisualCogA_Task-2,1,2053,1.0,V3,19,V4,0.1,112.63060147670399,0.8221943993050022,45.47513910897191,16.957097336876604,124.34895833333333,6,1.1119622987253603
VisualCogA_Task-2,1,2053,1.0,V4,19,V4,0.1,74.56206512894084,0.5442971230364061,74.79693981014516,19.299833093699878,124.21875,5,0.9581902086143143
VisualCogA_Task-2,1,2053,1.0,V5,19,V4,0.1,81.80688126572261,0.597183702470047,76.46104356850196,20.606155203602768,128.90625,4,1.0266867474585495
VisualCogA_Task-2,1,2053,2.0,预处理,19,V4,0.1,148.63573743848693,1.0850290174803838,193.15259107053052,37.07636827437692,139.6484375,4,2.060682793592118
VisualCogA_Task-2,1,2053,2.0,V3,19,V4,0.1,119.55903036620985,0.8727713770912119,36.38112443084934,14.366953225955422,111.328125,6,1.1104386406965256
VisualCogA_Task-2,1,2053,2.0,V4,19,V4,0.1,113.52456692796744,0.8287202757325822,128.94359444030684,27.15556192429283,135.9375,5,1.4975926827333896
VisualCogA_Task-2,1,2053,2.0,V5,19,V4,0.1,124.3610506208036,0.9078257415970499,130.28217700882715,26.83310093315315,134.765625,4,1.5792299820496387
VisualCogA_Task-2,2,2027,0.0,预处理,19,V4,0.1,1.4632948474401463e-14,8.35863856741616e-17,1.677790018170253e-14,1.4210854715202004e-14,0.0,6,2.126810793364932e-16
VisualCogA_Task-2,2,2027,0.0,V3,19,V4,0.1,142.83060724516952,0.8158775549681401,56.32891324461027,56.796634975641744,47.526041666666664,6,1.3011926356593018
VisualCogA_Task-2,2,2027,0.0,V4,19,V4,0.1,64.6225491325626,0.36913717864114715,50.349220579317354,27.469260358089457,0.6510416666666666,6,0.669849703054197
VisualCogA_Task-2,2,2027,0.0,V5,19,V4,0.1,78.00697540909484,0.4455917509192312,55.48503653797253,31.313472538285648,0.6510416666666666,6,0.7829316132594685
VisualCogA_Task-2,2,2027,0.5,预处理,19,V4,0.1,83.90970294664496,0.47930933431305506,63.211546252131775,27.2520440094117,74.21875,6,0.8155171882279195
VisualCogA_Task-2,2,2027,0.5,V3,19,V4,0.1,149.4391572087166,0.8536269399923778,64.74746859709498,50.449057863264095,105.46875,6,1.32672761825683
VisualCogA_Task-2,2,2027,0.5,V4,19,V4,0.1,88.44449166708802,0.5052129722299715,73.71130022614123,30.578516536141066,58.59375,6,0.8904106834784731
VisualCogA_Task-2,2,2027,0.5,V5,19,V4,0.1,106.6063671332593,0.6089573085089648,76.49132552630337,34.11994018090176,58.59375,6,1.0223243895047387
VisualCogA_Task-2,2,2027,1.0,预处理,19,V4,0.1,167.9229341836189,0.9592100433322238,126.28689230539139,53.8793854146929,87.23958333333333,6,1.6276683208410767
VisualCogA_Task-2,2,2027,1.0,V3,19,V4,0.1,144.03358938772317,0.8227492342816102,62.95335803277213,56.48204979671371,85.28645833333333,6,1.325187430031594
VisualCogA_Task-2,2,2027,1.0,V4,19,V4,0.1,118.93824957344677,0.6793995357564091,96.85046876643314,36.70102599004838,85.28645833333333,6,1.165658094173828
VisualCogA_Task-2,2,2027,1.0,V5,19,V4,0.1,143.0420700433562,0.8170854735934185,92.5216277869089,34.33685766038989,85.9375,6,1.2774758091928606
VisualCogA_Task-2,2,2027,2.0,预处理,19,V4,0.1,335.9555108240353,1.9190463867362457,252.63428709896453,105.07532805792773,93.75,6,3.2408073707040095
VisualCogA_Task-2,2,2027,2.0,V3,19,V4,0.1,151.58231438073884,0.8658690907970756,81.07825777254452,55.91461116137844,103.90625,5,1.4168325230432914
VisualCogA_Task-2,2,2027,2.0,V4,19,V4,0.1,203.1436199666824,1.160397782817654,180.33072460424356,68.19024049393413,112.63020833333333,6,2.0649572782693655
VisualCogA_Task-2,2,2027,2.0,V5,19,V4,0.1,242.73452678810298,1.386549116060862,164.4621102711135,54.16752971117133,112.63020833333333,6,2.1656856474546013
VisualCogA_Task-2,2,2039,0.0,预处理,19,V4,0.1,1.4632948474401463e-14,8.35863856741616e-17,1.677790018170253e-14,1.4210854715202004e-14,0.0,6,2.126810793364932e-16
VisualCogA_Task-2,2,2039,0.0,V3,19,V4,0.1,142.83060724516952,0.8158775549681401,56.32891324461027,56.796634975641744,47.526041666666664,6,1.3011926356593018
VisualCogA_Task-2,2,2039,0.0,V4,19,V4,0.1,64.6225491325626,0.36913717864114715,50.349220579317354,27.469260358089457,0.6510416666666666,6,0.669849703054197
VisualCogA_Task-2,2,2039,0.0,V5,19,V4,0.1,78.00697540909484,0.4455917509192312,55.48503653797253,31.313472538285648,0.6510416666666666,6,0.7829316132594685
VisualCogA_Task-2,2,2039,0.5,预处理,19,V4,0.1,88.14927457234045,0.5035266319833464,26.166033380883178,5.233406644945043,26.692708333333332,6,0.6081537772070956
VisualCogA_Task-2,2,2039,0.5,V3,19,V4,0.1,153.43921710159836,0.8764760978029903,49.654589933514956,54.69594699143847,55.989583333333336,6,1.3307290724516503
VisualCogA_Task-2,2,2039,0.5,V4,19,V4,0.1,97.39578659497398,0.5563445942290743,41.00737122945154,18.81417052805421,22.786458333333332,6,0.7809362063146925
VisualCogA_Task-2,2,2039,0.5,V5,19,V4,0.1,118.53492994735511,0.677095691806201,39.75833011630727,16.02452750114335,22.786458333333332,6,0.8821849052779706
VisualCogA_Task-2,2,2039,1.0,预处理,19,V4,0.1,175.2616821531572,1.0011304682705335,52.179230479563564,9.386988266433967,30.598958333333332,6,1.203780061978008
VisualCogA_Task-2,2,2039,1.0,V3,19,V4,0.1,157.39753073313418,0.89908679245579,87.2767333082639,55.06765340634905,84.63541666666667,6,1.4629157074260088
VisualCogA_Task-2,2,2039,1.0,V4,19,V4,0.1,144.59613286431045,0.8259625973351852,57.317783095984744,26.177892716452533,29.947916666666668,6,1.1392014915113755
VisualCogA_Task-2,2,2039,1.0,V5,19,V4,0.1,175.82214905984347,1.0043319695333743,50.11370708159281,17.338540199382486,29.296875,6,1.2465031039546945
VisualCogA_Task-2,2,2039,2.0,预处理,19,V4,0.1,349.78364578597507,1.9980355135075907,104.4362569152456,18.152256023968068,32.552083333333336,6,2.4000054997757125
VisualCogA_Task-2,2,2039,2.0,V3,19,V4,0.1,154.83630653155285,0.8844565575249498,74.4658107424959,58.17596283533994,52.734375,6,1.4294514687420694
VisualCogA_Task-2,2,2039,2.0,V4,19,V4,0.1,220.2046338864653,1.2578537734531672,99.37551811521196,33.01058712853111,33.854166666666664,6,1.7302435909272238
VisualCogA_Task-2,2,2039,2.0,V5,19,V4,0.1,270.960436508409,1.547781268283148,81.3966329763766,17.13917402001898,33.854166666666664,6,1.878160808435422
VisualCogA_Task-2,2,2053,0.0,预处理,19,V4,0.1,1.4632948474401463e-14,8.35863856741616e-17,1.677790018170253e-14,1.4210854715202004e-14,0.0,6,2.126810793364932e-16
VisualCogA_Task-2,2,2053,0.0,V3,19,V4,0.1,142.83060724516952,0.8158775549681401,56.32891324461027,56.796634975641744,47.526041666666664,6,1.3011926356593018
VisualCogA_Task-2,2,2053,0.0,V4,19,V4,0.1,64.6225491325626,0.36913717864114715,50.349220579317354,27.469260358089457,0.6510416666666666,6,0.669849703054197
VisualCogA_Task-2,2,2053,0.0,V5,19,V4,0.1,78.00697540909484,0.4455917509192312,55.48503653797253,31.313472538285648,0.6510416666666666,6,0.7829316132594685
VisualCogA_Task-2,2,2053,0.5,预处理,19,V4,0.1,77.70793022503057,0.44388354384579526,31.49545571583464,16.27656565764132,16.276041666666668,6,0.6268128388827292
VisualCogA_Task-2,2,2053,0.5,V3,19,V4,0.1,150.88276598733174,0.8618731277202318,50.25409143443437,63.47964701771463,128.25520833333334,6,1.3680126255261849
VisualCogA_Task-2,2,2053,0.5,V4,19,V4,0.1,83.8456545933211,0.47894347705796475,33.70994156978144,17.518749424846867,0.6510416666666666,6,0.6752931764731656
VisualCogA_Task-2,2,2053,0.5,V5,19,V4,0.1,95.36964176015474,0.5447708417559358,37.05820359921917,19.914898567464864,0.6510416666666666,6,0.7643708114518131
VisualCogA_Task-2,2,2053,1.0,预处理,19,V4,0.1,155.56658246956803,0.8886280426026347,62.480765787757186,32.99084717698481,65.75520833333333,6,1.2555299269645694
VisualCogA_Task-2,2,2053,1.0,V3,19,V4,0.1,152.35883389964349,0.8703047286389107,39.64821851043128,68.64115360639308,124.34895833333333,6,1.3756363501676996
VisualCogA_Task-2,2,2053,1.0,V4,19,V4,0.1,120.55988310289096,0.6886626371642625,35.16602529041306,15.665922650124097,36.458333333333336,6,0.8785873357793463
VisualCogA_Task-2,2,2053,1.0,V5,19,V4,0.1,134.41771882264624,0.7678214207209043,27.733233316040664,15.963436089790562,36.458333333333336,6,0.9382167650372584
VisualCogA_Task-2,2,2053,2.0,预处理,19,V4,0.1,310.77381649250736,1.7752034135988695,121.69695575198264,64.7903028510129,108.07291666666667,6,2.4928777496938954
VisualCogA_Task-2,2,2053,2.0,V3,19,V4,0.1,156.2020616882087,0.8922580294880621,45.21623008528806,67.47893891595817,86.58854166666667,6,1.4068536524826778
VisualCogA_Task-2,2,2053,2.0,V4,19,V4,0.1,183.35488327391698,1.0473604834586416,85.80894474836163,31.00576152648483,82.03125,6,1.4695508114636902
VisualCogA_Task-2,2,2053,2.0,V5,19,V4,0.1,204.8884589244872,1.17036465875667,65.44140692411482,23.299941196024815,82.03125,6,1.4903660049171645
VisualCogA_Task-2,3,2027,0.0,预处理,19,V4,0.1,1.3829687641532538e-14,8.601378367799223e-17,1.4632739896536142e-14,2.3684757858670005e-15,0.0,6,1.4624871070764622e-16
VisualCogA_Task-2,3,2027,0.0,V3,19,V4,0.1,127.564448570386,0.7933874696767663,78.30503916744415,68.26512566505363,69.01041666666667,6,1.4614718357965235
VisualCogA_Task-2,3,2027,0.0,V4,19,V4,0.1,127.65214904690946,0.7939329230529866,77.8615445686498,68.90306665804637,69.01041666666667,6,1.4646058070957055
VisualCogA_Task-2,3,2027,0.0,V5,19,V4,0.1,141.01190075582008,0.8770239387915448,83.82865760798393,77.34574919119684,69.01041666666667,6,1.6187623508213562
VisualCogA_Task-2,3,2027,0.5,预处理,19,V4,0.1,55.644778025777505,0.3460828634730276,66.79844381272105,25.692717944785162,41.666666666666664,6,0.7136053602360948
VisualCogA_Task-2,3,2027,0.5,V3,19,V4,0.1,132.04665858810642,0.8212645882969821,76.76113567698611,74.17695411655517,74.21875,6,1.5213164329747642
VisualCogA_Task-2,3,2027,0.5,V4,19,V4,0.1,131.9784012455704,0.8208400615507889,76.72301961227303,74.19460885042719,74.21875,6,1.5208831784094465
VisualCogA_Task-2,3,2027,0.5,V5,19,V4,0.1,144.5601832071033,0.8990924921171116,91.61668538735553,80.44101649511582,74.21875,6,1.6843007594490749
VisualCogA_Task-2,3,2027,1.0,预处理,19,V4,0.1,111.07381667350973,0.6908239352386066,133.54288489193326,43.03962133160314,125.0,6,1.3737941750615659
VisualCogA_Task-2,3,2027,1.0,V3,19,V4,0.1,133.55774081470346,0.8306627687278868,66.32058333033643,77.94017769168522,29.296875,6,1.5216524704103196
VisualCogA_Task-2,3,2027,1.0,V4,19,V4,0.1,133.9457453796692,0.8330759642809672,66.03626439927139,78.54731953817875,29.296875,6,1.5269576252734531
VisualCogA_Task-2,3,2027,1.0,V5,19,V4,0.1,146.90362310327868,0.9136675235651587,91.32771253312653,82.61737196888656,52.734375,6,1.7115130065140707
VisualCogA_Task-2,3,2027,2.0,预处理,19,V4,0.1,222.1974881169198,1.381957942367821,267.2001830707564,71.92132277239519,125.0,6,2.6601989937691006
VisualCogA_Task-2,3,2027,2.0,V3,19,V4,0.1,134.83802038286007,0.8386254713338419,63.134662054988006,75.39495602079572,54.036458333333336,6,1.5038777357628146
VisualCogA_Task-2,3,2027,2.0,V4,19,V4,0.1,134.58884788064594,0.8370757422105618,62.06651789564076,75.1347211675076,54.036458333333336,6,1.497387812292663
VisualCogA_Task-2,3,2027,2.0,V5,19,V4,0.1,152.19066206910077,0.9465502782369007,107.21228866000355,76.08033604264618,54.036458333333336,6,1.7531357310589577
VisualCogA_Task-2,3,2039,0.0,预处理,19,V4,0.1,1.3829687641532538e-14,8.601378367799223e-17,1.4632739896536142e-14,2.3684757858670005e-15,0.0,6,1.4624871070764622e-16
VisualCogA_Task-2,3,2039,0.0,V3,19,V4,0.1,127.564448570386,0.7933874696767663,78.30503916744415,68.26512566505363,69.01041666666667,6,1.4614718357965235
VisualCogA_Task-2,3,2039,0.0,V4,19,V4,0.1,127.65214904690946,0.7939329230529866,77.8615445686498,68.90306665804637,69.01041666666667,6,1.4646058070957055
VisualCogA_Task-2,3,2039,0.0,V5,19,V4,0.1,141.01190075582008,0.8770239387915448,83.82865760798393,77.34574919119684,69.01041666666667,6,1.6187623508213562
VisualCogA_Task-2,3,2039,0.5,预处理,19,V4,0.1,69.95901743375316,0.43511031831264907,100.64967459391967,43.45936076479461,118.48958333333333,6,1.0184014188485835
VisualCogA_Task-2,3,2039,0.5,V3,19,V4,0.1,132.78711959252342,0.8258698877301119,57.925995018998556,78.03984637745894,126.953125,6,1.4913743955385677
VisualCogA_Task-2,3,2039,0.5,V4,19,V4,0.1,133.44892989847708,0.8299860189087518,59.33060193460903,79.61192103063861,126.953125,6,1.5096360281855647
VisualCogA_Task-2,3,2039,0.5,V5,19,V4,0.1,147.87972815844762,0.9197384118772096,69.59786765247972,83.47249506952623,126.953125,6,1.6553279178741902
VisualCogA_Task-2,3,2039,1.0,预处理,19,V4,0.1,139.8440370756947,0.8697604071376545,201.27848492972078,82.10385639177552,164.0625,6,2.0063316574163625
VisualCogA_Task-2,3,2039,1.0,V3,19,V4,0.1,132.5486083516869,0.8243864663538785,44.31046441950538,78.82525069559789,111.97916666666667,6,1.4524348820126363
VisualCogA_Task-2,3,2039,1.0,V4,19,V4,0.1,133.00165396934415,0.8272041849288377,46.16661616127965,80.4149118519377,111.97916666666667,6,1.4709116735638796
VisualCogA_Task-2,3,2039,1.0,V5,19,V4,0.1,150.69483987805538,0.9372470076427818,63.4048671259049,81.02661771625668,151.04166666666666,6,1.6383656794655603
VisualCogA_Task-2,3,2039,2.0,预处理,19,V4,0.1,279.8013899764362,1.7402255823883355,403.14799372660013,132.35683580015223,166.015625,6,3.817109395574958
VisualCogA_Task-2,3,2039,2.0,V3,19,V4,0.1,137.27783350389944,0.8537998963423703,56.27677686412291,74.95567976292037,146.484375,6,1.4949937620358322
VisualCogA_Task-2,3,2039,2.0,V4,19,V4,0.1,137.7366630729888,0.8566535882205727,56.06278631438243,76.6211554675129,146.484375,6,1.5075404276111373
VisualCogA_Task-2,3,2039,2.0,V5,19,V4,0.1,167.42433143757734,1.04129613046766,84.80361179008095,70.28607148309113,146.484375,6,1.7421587210894556
VisualCogA_Task-2,3,2053,0.0,预处理,19,V4,0.1,1.3829687641532538e-14,8.601378367799223e-17,1.4632739896536142e-14,2.3684757858670005e-15,0.0,6,1.4624871070764622e-16
VisualCogA_Task-2,3,2053,0.0,V3,19,V4,0.1,127.564448570386,0.7933874696767663,78.30503916744415,68.26512566505363,69.01041666666667,6,1.4614718357965235
VisualCogA_Task-2,3,2053,0.0,V4,19,V4,0.1,127.65214904690946,0.7939329230529866,77.8615445686498,68.90306665804637,69.01041666666667,6,1.4646058070957055
VisualCogA_Task-2,3,2053,0.0,V5,19,V4,0.1,141.01190075582008,0.8770239387915448,83.82865760798393,77.34574919119684,69.01041666666667,6,1.6187623508213562
VisualCogA_Task-2,3,2053,0.5,预处理,19,V4,0.1,60.68806115190048,0.37744957797021333,35.81290227491806,24.716701774393883,52.734375,6,0.6425444050741921
VisualCogA_Task-2,3,2053,0.5,V3,19,V4,0.1,131.9572805086326,0.820708701064191,63.945659885520946,82.82669238857021,14.322916666666666,6,1.5347046737924437
VisualCogA_Task-2,3,2053,0.5,V4,19,V4,0.1,131.97420289824942,0.8208139499170606,63.277204964066115,83.18527867039401,14.322916666666666,6,1.5349614224060266
VisualCogA_Task-2,3,2053,0.5,V5,19,V4,0.1,145.7447494969516,0.9064599057021637,69.6366626993279,86.52878466917873,14.322916666666666,6,1.6611786569664782
VisualCogA_Task-2,3,2053,1.0,预处理,19,V4,0.1,121.0978923897322,0.7531687041571495,71.67189326109164,48.928216506264526,78.77604166666667,6,1.2803596704809348
VisualCogA_Task-2,3,2053,1.0,V3,19,V4,0.1,133.96275339038755,0.833181745654534,53.50532205949777,80.60321858829424,13.671875,6,1.5008819602490886
VisualCogA_Task-2,3,2053,1.0,V4,19,V4,0.1,134.45397252185688,0.8362368845128988,53.98028368005996,82.03225795505992,13.671875,6,1.5143020263363975
VisualCogA_Task-2,3,2053,1.0,V5,19,V4,0.1,152.40309651062515,0.9478715148817659,62.54204350358716,81.24539001679504,13.671875,6,1.647667674631822
VisualCogA_Task-2,3,2053,2.0,预处理,19,V4,0.1,241.52819519433834,1.5021853328915493,142.95805763138313,96.64788334451286,99.609375,6,2.547851166266373
VisualCogA_Task-2,3,2053,2.0,V3,19,V4,0.1,141.3743594200622,0.8792782515386173,57.31383929845742,76.13803433125621,17.578125,6,1.5310507814656718
VisualCogA_Task-2,3,2053,2.0,V4,19,V4,0.1,141.61624644619837,0.8807826686216255,55.85973785051579,77.4390214470361,17.578125,6,1.536124797655296
VisualCogA_Task-2,3,2053,2.0,V5,19,V4,0.1,177.02348374073873,1.1009980869468976,68.57216724814204,67.73293741441587,17.578125,6,1.7355056936329833
VisualCogA_Task-2,4,2027,0.0,预处理,19,V4,0.1,1.2543725723489306e-14,6.942810642910967e-17,1.4174369790521295e-14,0.0,0.0,3,1.0865487509717175e-16
VisualCogA_Task-2,4,2027,0.0,V3,19,V4,0.1,152.10254829503742,0.8418704413627045,120.8938762777325,29.17921144253896,70.3125,3,1.337941065763934
VisualCogA_Task-2,4,2027,0.0,V4,19,V4,0.1,62.66706706178638,0.34685514475324275,29.223247078214843,2.4719354038559174,0.0,3,0.4414107157714278
VisualCogA_Task-2,4,2027,0.0,V5,19,V4,0.1,74.40229360540003,0.41180829945384473,37.82041298907487,5.415499185755007,0.0,3,0.546448335449844
VisualCogA_Task-2,4,2027,0.5,预处理,19,V4,0.1,67.10301322442639,0.371407606205493,75.93913898578677,14.581057773305405,54.6875,3,0.6622693982424458
VisualCogA_Task-2,4,2027,0.5,V3,19,V4,0.1,161.47975327523181,0.8937722127920157,125.9355762034266,30.363704299466928,70.3125,3,1.4103514915849737
VisualCogA_Task-2,4,2027,0.5,V4,19,V4,0.1,86.30871900907205,0.47770902052656666,87.45825281290546,14.885063455014938,53.385416666666664,3,0.8021319473080052
VisualCogA_Task-2,4,2027,0.5,V5,19,V4,0.1,96.80952963737407,0.5358298224290239,99.7153013471695,18.5593884764642,53.385416666666664,3,0.9145104138564351
VisualCogA_Task-2,4,2027,1.0,预处理,19,V4,0.1,133.3139136559034,0.7378774687691847,149.70479892937365,38.534090951919985,55.989583333333336,3,1.3654588985453435
VisualCogA_Task-2,4,2027,1.0,V3,19,V4,0.1,167.62015063939464,0.9277586193121937,125.16998691412532,30.02003669861941,72.91666666666667,3,1.4403170115512687
VisualCogA_Task-2,4,2027,1.0,V4,19,V4,0.1,115.08947646229836,0.6370072653718907,136.3130223781343,31.230802471396043,50.78125,3,1.1871048314881947
VisualCogA_Task-2,4,2027,1.0,V5,19,V4,0.1,128.3758547699313,0.7105458700523472,150.75938446721264,37.42077200978616,50.78125,3,1.334883711087724
VisualCogA_Task-2,4,2027,2.0,预处理,19,V4,0.1,266.09429112317673,1.4728018749392227,298.1745431373745,90.15310175400833,66.40625,3,2.7969703450839614
VisualCogA_Task-2,4,2027,2.0,V3,19,V4,0.1,169.06414646205397,0.9357509732482373,103.58013931385545,21.86070444172672,153.64583333333334,3,1.3433996970346884
VisualCogA_Task-2,4,2027,2.0,V4,19,V4,0.1,179.66172903277823,0.9944073969321292,224.07846900948763,59.311131352249795,57.291666666666664,3,1.9428123365513732
VisualCogA_Task-2,4,2027,2.0,V5,19,V4,0.1,200.10339223278612,1.1075496960801827,239.98536198543817,68.51043045766579,57.291666666666664,3,2.1508931470206183
VisualCogA_Task-2,4,2039,0.0,预处理,19,V4,0.1,1.2543725723489306e-14,6.942810642910967e-17,1.4174369790521295e-14,0.0,0.0,3,1.0865487509717175e-16
VisualCogA_Task-2,4,2039,0.0,V3,19,V4,0.1,152.10254829503742,0.8418704413627045,120.8938762777325,29.17921144253896,70.3125,3,1.337941065763934
VisualCogA_Task-2,4,2039,0.0,V4,19,V4,0.1,62.66706706178638,0.34685514475324275,29.223247078214843,2.4719354038559174,0.0,3,0.4414107157714278
VisualCogA_Task-2,4,2039,0.0,V5,19,V4,0.1,74.40229360540003,0.41180829945384473,37.82041298907487,5.415499185755007,0.0,3,0.546448335449844
VisualCogA_Task-2,4,2039,0.5,预处理,19,V4,0.1,67.14606864628585,0.3716459131070551,45.343602562349275,9.980253417865402,97.65625,3,0.5523713513657175
VisualCogA_Task-2,4,2039,0.5,V3,19,V4,0.1,158.45716919516286,0.8770425509811718,147.1771591929438,41.57488237064625,93.75,3,1.514459317773619
VisualCogA_Task-2,4,2039,0.5,V4,19,V4,0.1,83.62024836579238,0.46282863888655457,70.3174138282692,11.552053677991005,97.65625,3,0.7213674278606997
VisualCogA_Task-2,4,2039,0.5,V5,19,V4,0.1,97.00464118268876,0.5369097428156989,75.6521847565593,15.948318065670437,98.95833333333333,3,0.8345450366482121
VisualCogA_Task-2,4,2039,1.0,预处理,19,V4,0.1,133.67188702657737,0.739858810981682,92.89745339602162,19.979145634403313,113.28125,3,1.1075295885336678
VisualCogA_Task-2,4,2039,1.0,V3,19,V4,0.1,159.60834329209285,0.8834141697076897,138.0657534436783,37.940964832252924,134.11458333333334,3,1.4755023116415076
VisualCogA_Task-2,4,2039,1.0,V4,19,V4,0.1,112.14532845659448,0.6207117383818282,107.96786995076009,22.82763781108017,100.26041666666667,3,1.0458551262366296
VisualCogA_Task-2,4,2039,1.0,V5,19,V4,0.1,130.81704448023385,0.7240575796318345,109.53859779862078,27.820136252516164,101.5625,3,1.1811807836973984
VisualCogA_Task-2,4,2039,2.0,预处理,19,V4,0.1,267.4290493399133,1.4801896110529982,184.01474512666556,40.42341438709085,160.15625,3,2.213179073160524
VisualCogA_Task-2,4,2039,2.0,V3,19,V4,0.1,167.32771283551278,0.9261400090667716,132.55263953957078,35.332907399354696,93.75,3,1.4885356157299785
VisualCogA_Task-2,4,2039,2.0,V4,19,V4,0.1,176.1388102497931,0.9749084389990659,167.30491575286356,35.4199500638046,113.28125,3,1.6339607806621501
VisualCogA_Task-2,4,2039,2.0,V5,19,V4,0.1,205.8708916212777,1.1394721543833153,155.63716831986738,37.865438898364594,105.46875,2,1.7797701680746505
VisualCogA_Task-2,4,2053,0.0,预处理,19,V4,0.1,1.2543725723489306e-14,6.942810642910967e-17,1.4174369790521295e-14,0.0,0.0,3,1.0865487509717175e-16
VisualCogA_Task-2,4,2053,0.0,V3,19,V4,0.1,152.10254829503742,0.8418704413627045,120.8938762777325,29.17921144253896,70.3125,3,1.337941065763934
VisualCogA_Task-2,4,2053,0.0,V4,19,V4,0.1,62.66706706178638,0.34685514475324275,29.223247078214843,2.4719354038559174,0.0,3,0.4414107157714278
VisualCogA_Task-2,4,2053,0.0,V5,19,V4,0.1,74.40229360540003,0.41180829945384473,37.82041298907487,5.415499185755007,0.0,3,0.546448335449844
VisualCogA_Task-2,4,2053,0.5,预处理,19,V4,0.1,60.428269041102574,0.33446365033765235,54.20348526342185,8.198121373080978,75.52083333333333,3,0.529844414321389
VisualCogA_Task-2,4,2053,0.5,V3,19,V4,0.1,161.04898195081694,0.8913879421201786,123.65251276351272,29.810755569645895,128.90625,3,1.398588462831004
VisualCogA_Task-2,4,2053,0.5,V4,19,V4,0.1,83.5623285996937,0.46250805951694046,42.372899151305845,6.836480879681129,100.26041666666667,3,0.6176118174431195
VisualCogA_Task-2,4,2053,0.5,V5,19,V4,0.1,97.08734587212805,0.5373675039392402,49.48523448245377,8.032377831725597,100.26041666666667,3,0.7187734032947554
VisualCogA_Task-2,4,2053,1.0,预处理,19,V4,0.1,120.79919969542985,0.668609939174642,109.73588188680036,16.611820981675653,125.0,3,1.0642423555601865
VisualCogA_Task-2,4,2053,1.0,V3,19,V4,0.1,169.7118193308415,0.9393357694927235,132.61071469644537,35.92052228291259,76.82291666666667,3,1.5051444779492036
VisualCogA_Task-2,4,2053,1.0,V4,19,V4,0.1,109.89017094618906,0.6082296960366549,69.47361372502982,11.913681833022432,101.5625,3,0.8664348868643436
VisualCogA_Task-2,4,2053,1.0,V5,19,V4,0.1,126.64939588578999,0.7009901149445017,77.13786328132606,15.251146245666106,101.5625,3,0.9988781729174089
VisualCogA_Task-2,4,2053,2.0,预处理,19,V4,0.1,241.52096086966642,1.336791264872743,216.77849390758317,31.46342511664658,128.90625,3,2.110860023624333
VisualCogA_Task-2,4,2053,2.0,V3,19,V4,0.1,177.7796342232662,0.9839902145395182,140.38225481148422,39.384280010901925,53.385416666666664,3,1.5904777299584694
VisualCogA_Task-2,4,2053,2.0,V4,19,V4,0.1,168.90673633510113,0.9348797259579178,119.9033906819932,19.172454960006462,104.16666666666667,3,1.3728229694014449
VisualCogA_Task-2,4,2053,2.0,V5,19,V4,0.1,194.13591277276942,1.0745203706471713,120.71155604169142,22.621817911914253,127.60416666666667,3,1.533792000834632
VisualCogA_Task-2,5,2027,0.0,预处理,19,V4,0.1,8.107548201355371e-15,4.863419029017255e-17,9.614063940325392e-15,6.19874522082379e-16,0.0,5,8.11882000198584e-17
VisualCogA_Task-2,5,2027,0.0,V3,19,V4,0.1,139.2654408576313,0.8354019961771588,77.68751485876115,33.541951532628524,93.75,5,1.2696171567307373
VisualCogA_Task-2,5,2027,0.0,V4,19,V4,0.1,139.3293031873379,0.8357850827303546,78.70424389723983,33.83797873988772,93.75,5,1.2748254924619558
VisualCogA_Task-2,5,2027,0.0,V5,19,V4,0.1,152.93068498937137,0.9173747537802043,84.86206112789773,37.964613524423534,93.75,5,1.3996385598025036
VisualCogA_Task-2,5,2027,0.5,预处理,19,V4,0.1,59.080049258235505,0.3543994172612443,44.302023907097734,16.691979583753987,56.640625,4,0.5874041919413309
VisualCogA_Task-2,5,2027,0.5,V3,19,V4,0.1,143.28599838945237,0.8595198373812956,72.08578357239696,30.862066537297864,82.8125,5,1.2608579970381228
VisualCogA_Task-2,5,2027,0.5,V4,19,V4,0.1,143.62177427781901,0.8615340330473719,74.17124287080985,31.732409511903068,82.8125,5,1.2743480095250996
VisualCogA_Task-2,5,2027,0.5,V5,19,V4,0.1,159.01176868012695,0.9538529311578275,85.4555938722083,38.03042388663827,138.671875,4,1.4382917012329084
VisualCogA_Task-2,5,2027,1.0,预处理,19,V4,0.1,117.07649598211864,0.7022987027260725,85.39525264290985,30.515852734106772,176.7578125,4,1.1414793506559235
VisualCogA_Task-2,5,2027,1.0,V3,19,V4,0.1,147.4189294993828,0.8843117662190333,92.05297380424662,37.58628492991412,95.703125,4,1.3858739345806452
VisualCogA_Task-2,5,2027,1.0,V4,19,V4,0.1,147.81179636103033,0.8866684295694743,94.49574942201478,38.545455494338135,95.703125,4,1.4013109630713845
VisualCogA_Task-2,5,2027,1.0,V5,19,V4,0.1,166.0774813685168,0.9962375346024783,111.4439583044472,42.41895520425464,131.8359375,4,1.5849487896216434
VisualCogA_Task-2,5,2027,2.0,预处理,19,V4,0.1,232.2200153156793,1.3930021917306017,167.111811155195,51.23593994524964,181.640625,4,2.201568740076967
VisualCogA_Task-2,5,2027,2.0,V3,19,V4,0.1,156.19495456820556,0.9369559025951942,83.85889388194943,36.194615731497834,100.78125,5,1.4055933298286478
VisualCogA_Task-2,5,2027,2.0,V4,19,V4,0.1,156.17632002048063,0.9368441208188153,83.94480629131306,35.7918846126703,100.78125,5,1.4033233910852505
VisualCogA_Task-2,5,2027,2.0,V5,19,V4,0.1,183.53957080583012,1.1009861663055047,109.74375921082527,42.89497998006737,152.34375,3,1.6874534847924838
VisualCogA_Task-2,5,2039,0.0,预处理,19,V4,0.1,8.107548201355371e-15,4.863419029017255e-17,9.614063940325392e-15,6.19874522082379e-16,0.0,5,8.11882000198584e-17
VisualCogA_Task-2,5,2039,0.0,V3,19,V4,0.1,139.2654408576313,0.8354019961771588,77.68751485876115,33.541951532628524,93.75,5,1.2696171567307373
VisualCogA_Task-2,5,2039,0.0,V4,19,V4,0.1,139.3293031873379,0.8357850827303546,78.70424389723983,33.83797873988772,93.75,5,1.2748254924619558
VisualCogA_Task-2,5,2039,0.0,V5,19,V4,0.1,152.93068498937137,0.9173747537802043,84.86206112789773,37.964613524423534,93.75,5,1.3996385598025036
VisualCogA_Task-2,5,2039,0.5,预处理,19,V4,0.1,55.3892054201745,0.33225940685445304,23.8532592689762,6.230878400284486,39.0625,4,0.4411795981412393
VisualCogA_Task-2,5,2039,0.5,V3,19,V4,0.1,145.98851401305737,0.8757312314842128,95.05348055585903,37.67054219042344,93.75,5,1.3867982945303226
VisualCogA_Task-2,5,2039,0.5,V4,19,V4,0.1,146.20021274853002,0.8770011340897187,94.46148808136348,37.383473759730386,93.75,5,1.3845706073210222
VisualCogA_Task-2,5,2039,0.5,V5,19,V4,0.1,157.39912398352624,0.9441792706260523,94.92405360912699,37.23847210644444,117.1875,4,1.4522663124054482
VisualCogA_Task-2,5,2039,1.0,预处理,19,V4,0.1,110.34665797961496,0.6619288875973653,47.54806740681063,10.563847678032094,0.0,3,0.8679091686627336
VisualCogA_Task-2,5,2039,1.0,V3,19,V4,0.1,148.8074372335598,0.8926409118110448,84.5314392229561,34.82849506713546,42.96875,4,1.3551006609031684
VisualCogA_Task-2,5,2039,1.0,V4,19,V4,0.1,147.62968509859698,0.8855760112981051,87.44163074430507,34.76526446309938,42.96875,4,1.3563850459208282
VisualCogA_Task-2,5,2039,1.0,V5,19,V4,0.1,156.80058788820222,0.940588873426729,81.66720521742366,35.104586736327775,42.96875,4,1.396114053071101
VisualCogA_Task-2,5,2039,2.0,预处理,19,V4,0.1,220.52061633980566,1.322821813897243,95.82002296426164,18.461100063343526,0.0,3,1.720957623701401
VisualCogA_Task-2,5,2039,2.0,V3,19,V4,0.1,148.49544086215363,0.890769360693498,76.43966814604664,32.77582351606312,55.46875,5,1.3166461159357723
VisualCogA_Task-2,5,2039,2.0,V4,19,V4,0.1,147.78874822173427,0.8865301722857036,76.00045404762702,32.165576100645005,55.46875,5,1.3074289367786764
VisualCogA_Task-2,5,2039,2.0,V5,19,V4,0.1,158.33345362304988,0.9497839694022797,59.226440704997664,28.689144822959236,55.46875,5,1.2995183467861031
VisualCogA_Task-2,5,2053,0.0,预处理,19,V4,0.1,8.107548201355371e-15,4.863419029017255e-17,9.614063940325392e-15,6.19874522082379e-16,0.0,5,8.11882000198584e-17
VisualCogA_Task-2,5,2053,0.0,V3,19,V4,0.1,139.2654408576313,0.8354019961771588,77.68751485876115,33.541951532628524,93.75,5,1.2696171567307373
VisualCogA_Task-2,5,2053,0.0,V4,19,V4,0.1,139.3293031873379,0.8357850827303546,78.70424389723983,33.83797873988772,93.75,5,1.2748254924619558
VisualCogA_Task-2,5,2053,0.0,V5,19,V4,0.1,152.93068498937137,0.9173747537802043,84.86206112789773,37.964613524423534,93.75,5,1.3996385598025036
VisualCogA_Task-2,5,2053,0.5,预处理,19,V4,0.1,56.43182554527005,0.3385137002986516,42.13421992140406,12.690017215525414,46.09375,5,0.5410102511626653
VisualCogA_Task-2,5,2053,0.5,V3,19,V4,0.1,148.91843301237304,0.8933067345350229,92.05645174016054,39.27561857408185,64.84375,5,1.4050130235567897
VisualCogA_Task-2,5,2053,0.5,V4,19,V4,0.1,149.205647838991,0.8950296303088108,93.6820846663149,39.681073297539264,64.84375,5,1.4140438786839433
VisualCogA_Task-2,5,2053,0.5,V5,19,V4,0.1,161.38161398725683,0.9680687587746105,99.5112206608537,42.561815100684726,64.84375,5,1.5218469323986563
VisualCogA_Task-2,5,2053,1.0,预处理,19,V4,0.1,112.40168668785651,0.6742562465924903,84.05808626896251,27.33119228691068,46.09375,5,1.090322707657898
VisualCogA_Task-2,5,2053,1.0,V3,19,V4,0.1,149.7251162618441,0.898145729713875,83.76381547176902,36.32286380452154,66.40625,5,1.3672672996676305
VisualCogA_Task-2,5,2053,1.0,V4,19,V4,0.1,150.8355895389143,0.9048070491815969,87.6275063967998,37.61472545990649,66.40625,5,1.3932664487131696
VisualCogA_Task-2,5,2053,1.0,V5,19,V4,0.1,163.0833494973625,0.978276842225559,93.21118229619009,40.84198040827416,66.40625,5,1.502842559241581
VisualCogA_Task-2,5,2053,2.0,预处理,19,V4,0.1,224.88477433985005,1.3490007875350507,167.92398388563848,56.779366108674935,96.09375,5,2.193256266402188
VisualCogA_Task-2,5,2053,2.0,V3,19,V4,0.1,149.14390727846072,0.8946592714660535,63.04707471939391,27.79017832077157,66.40625,5,1.2504603673804575
VisualCogA_Task-2,5,2053,2.0,V4,19,V4,0.1,149.21895941807173,0.8951094815602614,66.17216385226943,30.200061452334975,66.40625,5,1.2747397055637522
VisualCogA_Task-2,5,2053,2.0,V5,19,V4,0.1,165.50335536955436,0.9927935645648525,70.84847654160407,34.48334154679787,93.75,5,1.4121433427143313
VisualCogB_Task-1,1,2027,0.0,预处理,19,V3,0.0,9.235068937130886e-15,8.118496721456662e-17,6.642561250403486e-15,1.933638434555481e-15,0.0,5,1.2738066261065666e-16
VisualCogB_Task-1,1,2027,0.0,V3,19,V3,0.0,85.26633155060864,0.7495714843676236,30.301877962793576,8.985999311984763,35.9375,5,0.9617579398611529
VisualCogB_Task-1,1,2027,0.0,V4,19,V3,0.0,85.3493701933744,0.7503014723662377,30.25805699090825,8.835879679559271,35.9375,5,0.9609756208467156
VisualCogB_Task-1,1,2027,0.0,V5,19,V3,0.0,85.26633155060864,0.7495714843676236,30.301877962793576,8.985999311984763,35.9375,5,0.9617579398611529
VisualCogB_Task-1,1,2027,0.5,预处理,19,V3,0.0,38.48605550251818,0.3383287309992331,23.535465342422594,9.584418173813216,48.4375,5,0.5260342779869901
VisualCogB_Task-1,1,2027,0.5,V3,19,V3,0.0,89.3573509814119,0.7855354041417949,28.065322791763222,9.618593754164197,58.59375,5,0.9934522466701363
VisualCogB_Task-1,1,2027,0.5,V4,19,V3,0.0,89.27417515002715,0.7848042101258125,27.72238688507871,9.577113505522638,58.59375,5,0.9908490370889048
VisualCogB_Task-1,1,2027,0.5,V5,19,V3,0.0,89.3573509814119,0.7855354041417949,28.065322791763222,9.618593754164197,58.59375,5,0.9934522466701363
VisualCogB_Task-1,1,2027,1.0,预处理,19,V3,0.0,76.92719829639641,0.6762626369242548,46.56720618263091,19.57025666506325,71.875,5,1.0529884873779614
VisualCogB_Task-1,1,2027,1.0,V3,19,V3,0.0,93.88968928887498,0.8253789331291411,26.007451361050705,12.042417665478327,89.0625,5,1.045558158670295
VisualCogB_Task-1,1,2027,1.0,V4,19,V3,0.0,93.77901976117474,0.8244060435882876,26.44276607572655,12.30181015624281,89.0625,5,1.0487789872859123
VisualCogB_Task-1,1,2027,1.0,V5,19,V3,0.0,93.88968928887498,0.8253789331291411,26.007451361050705,12.042417665478327,89.0625,5,1.045558158670295
VisualCogB_Task-1,1,2027,2.0,预处理,19,V3,0.0,154.0900351411224,1.3545967589614911,94.53440851809815,41.022904828175314,73.4375,5,2.1307501001452867
VisualCogB_Task-1,1,2027,2.0,V3,19,V3,0.0,96.68218847660837,0.8499276350983624,26.07405804158548,10.823303057371135,114.84375,5,1.0596824610429771
VisualCogB_Task-1,1,2027,2.0,V4,19,V3,0.0,96.39061210119156,0.8473644037202424,25.620555044923425,11.114929911350947,114.84375,5,1.0576895452366448
VisualCogB_Task-1,1,2027,2.0,V5,19,V3,0.0,96.68218847660837,0.8499276350983624,26.07405804158548,10.823303057371135,114.84375,5,1.0596824610429771
VisualCogB_Task-1,1,2039,0.0,预处理,19,V3,0.0,9.235068937130886e-15,8.118496721456662e-17,6.642561250403486e-15,1.933638434555481e-15,0.0,5,1.2738066261065666e-16
VisualCogB_Task-1,1,2039,0.0,V3,19,V3,0.0,85.26633155060864,0.7495714843676236,30.301877962793576,8.985999311984763,35.9375,5,0.9617579398611529
VisualCogB_Task-1,1,2039,0.0,V4,19,V3,0.0,85.3493701933744,0.7503014723662377,30.25805699090825,8.835879679559271,35.9375,5,0.9609756208467156
VisualCogB_Task-1,1,2039,0.0,V5,19,V3,0.0,85.26633155060864,0.7495714843676236,30.301877962793576,8.985999311984763,35.9375,5,0.9617579398611529
VisualCogB_Task-1,1,2039,0.5,预处理,19,V3,0.0,43.502735894410336,0.3824300837789836,36.31438246647324,9.433754688734941,76.171875,4,0.6249805244246434
VisualCogB_Task-1,1,2039,0.5,V3,19,V3,0.0,88.38822849432059,0.77701590332626,19.885226442836174,9.843211365716973,39.84375,5,0.9509519650227056
VisualCogB_Task-1,1,2039,0.5,V4,19,V3,0.0,88.34826805297799,0.7766646133529677,19.625051198287398,9.470552152623911,39.84375,5,0.9461810561354245
VisualCogB_Task-1,1,2039,0.5,V5,19,V3,0.0,88.38822849432059,0.77701590332626,19.885226442836174,9.843211365716973,39.84375,5,0.9509519650227056
VisualCogB_Task-1,1,2039,1.0,预处理,19,V3,0.0,86.97074934172393,0.7645549244949917,72.02683550285758,16.808755658802976,100.26041666666667,3,1.2289116548784371
VisualCogB_Task-1,1,2039,1.0,V3,19,V3,0.0,88.75692893515442,0.7802571279889955,21.279068869143313,9.750046265773031,43.75,5,0.9595007754317091
VisualCogB_Task-1,1,2039,1.0,V4,19,V3,0.0,88.50393113426104,0.7780330386713399,21.21060730610326,9.74126090058928,43.75,5,0.9568985336082501
VisualCogB_Task-1,1,2039,1.0,V5,19,V3,0.0,88.75692893515442,0.7802571279889955,21.279068869143313,9.750046265773031,43.75,5,0.9595007754317091
VisualCogB_Task-1,1,2039,2.0,预处理,19,V3,0.0,173.98699290999093,1.529509786155098,143.31608334261387,31.514756139257912,100.26041666666667,3,2.436495999761865
VisualCogB_Task-1,1,2039,2.0,V3,19,V3,0.0,95.03010248943463,0.835404240891192,24.09696112764452,9.790260811663655,89.84375,5,1.027387377632892
VisualCogB_Task-1,1,2039,2.0,V4,19,V3,0.0,95.00881473579607,0.8352171014563937,23.24787706713744,8.688514391182315,89.84375,5,1.0137827229985394
VisualCogB_Task-1,1,2039,2.0,V5,19,V3,0.0,95.03010248943463,0.835404240891192,24.09696112764452,9.790260811663655,89.84375,5,1.027387377632892
VisualCogB_Task-1,1,2053,0.0,预处理,19,V3,0.0,9.235068937130886e-15,8.118496721456662e-17,6.642561250403486e-15,1.933638434555481e-15,0.0,5,1.2738066261065666e-16
VisualCogB_Task-1,1,2053,0.0,V3,19,V3,0.0,85.26633155060864,0.7495714843676236,30.301877962793576,8.985999311984763,35.9375,5,0.9617579398611529
VisualCogB_Task-1,1,2053,0.0,V4,19,V3,0.0,85.3493701933744,0.7503014723662377,30.25805699090825,8.835879679559271,35.9375,5,0.9609756208467156
VisualCogB_Task-1,1,2053,0.0,V5,19,V3,0.0,85.26633155060864,0.7495714843676236,30.301877962793576,8.985999311984763,35.9375,5,0.9617579398611529
VisualCogB_Task-1,1,2053,0.5,预处理,19,V3,0.0,42.10871186456341,0.3701752976014371,36.68978294637333,5.815577602994075,13.020833333333334,3,0.5825686108718916
VisualCogB_Task-1,1,2053,0.5,V3,19,V3,0.0,91.2127687275035,0.8018462763086647,27.14515163238386,10.706126898226328,74.21875,5,1.0152789747866708
VisualCogB_Task-1,1,2053,0.5,V4,19,V3,0.0,91.27630725991527,0.8024048399432003,26.5746814312576,9.871504279537234,74.21875,5,1.005992932729425
VisualCogB_Task-1,1,2053,0.5,V5,19,V3,0.0,91.2127687275035,0.8018462763086647,27.14515163238386,10.706126898226328,74.21875,5,1.0152789747866708
VisualCogB_Task-1,1,2053,1.0,预处理,19,V3,0.0,84.4501983429644,0.7423969036301784,74.09816728691996,9.145808153597633,13.020833333333334,3,1.1484935772506475
VisualCogB_Task-1,1,2053,1.0,V3,19,V3,0.0,94.6988062864423,0.8324918347617585,25.476247373116458,9.737867066653632,103.90625,5,1.0300769946383561
VisualCogB_Task-1,1,2053,1.0,V4,19,V3,0.0,95.04093805463381,0.8354994957302664,25.479632480936942,9.371564302694917,103.90625,5,1.0298793879309656
VisualCogB_Task-1,1,2053,1.0,V5,19,V3,0.0,94.6988062864423,0.8324918347617585,25.476247373116458,9.737867066653632,103.90625,5,1.0300769946383561
VisualCogB_Task-1,1,2053,2.0,预处理,19,V3,0.0,169.49437777756432,1.4900154613464047,148.51075839427241,15.94990363991428,13.020833333333334,3,2.2830049863365485
VisualCogB_Task-1,1,2053,2.0,V3,19,V3,0.0,98.58062743065493,0.8666167042642076,31.549899349595616,9.576918791986964,103.125,5,1.0894835420014641
VisualCogB_Task-1,1,2053,2.0,V4,19,V3,0.0,100.01844135417186,0.8792564449132507,32.3044752472093,9.729866588261219,103.125,5,1.1067845550106217
VisualCogB_Task-1,1,2053,2.0,V5,19,V3,0.0,98.58062743065493,0.8666167042642076,31.549899349595616,9.576918791986964,103.125,5,1.0894835420014641
VisualCogB_Task-1,2,2027,0.0,预处理,19,V3,0.0,1.153408224358787e-14,8.853517215795098e-17,1.206260358828684e-14,2.6645352591003757e-15,0.0,3,1.5528408328128124e-16
VisualCogB_Task-1,2,2027,0.0,V3,19,V3,0.0,117.64341924613343,0.9030263662283794,62.5028682503212,18.836602093981956,3.90625,3,1.2875002078451032
VisualCogB_Task-1,2,2027,0.0,V4,19,V3,0.0,42.717143819303075,0.3278951547480473,18.62472306909721,4.020419755437178,1.3020833333333333,3,0.4302370716794468
VisualCogB_Task-1,2,2027,0.0,V5,19,V3,0.0,117.64341924613343,0.9030263662283794,62.5028682503212,18.836602093981956,3.90625,3,1.2875002078451032
VisualCogB_Task-1,2,2027,0.5,预处理,19,V3,0.0,36.788578287193275,0.2823877135013166,22.03040705331563,4.285690463850346,1.3020833333333333,3,0.3998367879062868
VisualCogB_Task-1,2,2027,0.5,V3,19,V3,0.0,121.35442763981288,0.931511924079908,69.90106673128419,19.14739067603855,76.82291666666667,3,1.3467655105610181
VisualCogB_Task-1,2,2027,0.5,V4,19,V3,0.0,51.93270879461701,0.3986334774330434,33.88156111049176,8.076040041510716,0.0,3,0.5906616311779787
VisualCogB_Task-1,2,2027,0.5,V5,19,V3,0.0,121.35442763981288,0.931511924079908,69.90106673128419,19.14739067603855,76.82291666666667,3,1.3467655105610181
VisualCogB_Task-1,2,2027,1.0,预处理,19,V3,0.0,73.8044630457704,0.5665202227437744,43.530331666885814,9.4781123064335,9.114583333333334,3,0.8063424253668289
VisualCogB_Task-1,2,2027,1.0,V3,19,V3,0.0,121.87482946501207,0.9355065084961007,71.33043120419275,20.608593273615128,85.9375,3,1.3674621033649084
VisualCogB_Task-1,2,2027,1.0,V4,19,V3,0.0,67.28496153170609,0.5164767796035462,50.340274657249964,12.987355594956432,1.3020833333333333,3,0.8093722292595568
VisualCogB_Task-1,2,2027,1.0,V5,19,V3,0.0,121.87482946501207,0.9355065084961007,71.33043120419275,20.608593273615128,85.9375,3,1.3674621033649084
VisualCogB_Task-1,2,2027,2.0,预处理,19,V3,0.0,148.4584053960699,1.1395610159917962,86.05644594865521,22.988622486498382,11.71875,3,1.6463037853567686
VisualCogB_Task-1,2,2027,2.0,V3,19,V3,0.0,126.21639843920646,0.9688322251372846,68.01119193018825,19.809783545681032,83.33333333333333,3,1.3819170106546323
VisualCogB_Task-1,2,2027,2.0,V4,19,V3,0.0,99.99069653282795,0.7675247449053716,80.29333010631518,21.744614926874476,96.35416666666667,3,1.242599832145566
VisualCogB_Task-1,2,2027,2.0,V5,19,V3,0.0,126.21639843920646,0.9688322251372846,68.01119193018825,19.809783545681032,83.33333333333333,3,1.3819170106546323
VisualCogB_Task-1,2,2039,0.0,预处理,19,V3,0.0,1.153408224358787e-14,8.853517215795098e-17,1.206260358828684e-14,2.6645352591003757e-15,0.0,3,1.5528408328128124e-16
VisualCogB_Task-1,2,2039,0.0,V3,19,V3,0.0,117.64341924613343,0.9030263662283794,62.5028682503212,18.836602093981956,3.90625,3,1.2875002078451032
VisualCogB_Task-1,2,2039,0.0,V4,19,V3,0.0,42.717143819303075,0.3278951547480473,18.62472306909721,4.020419755437178,1.3020833333333333,3,0.4302370716794468
VisualCogB_Task-1,2,2039,0.0,V5,19,V3,0.0,117.64341924613343,0.9030263662283794,62.5028682503212,18.836602093981956,3.90625,3,1.2875002078451032
VisualCogB_Task-1,2,2039,0.5,预处理,19,V3,0.0,38.25187965192716,0.29361995855641854,9.36977550340247,1.2317490414617238,48.177083333333336,3,0.33903583526130004
VisualCogB_Task-1,2,2039,0.5,V3,19,V3,0.0,121.67126511755265,0.933943956386022,65.03979154578055,19.640173535958887,2.6041666666666665,3,1.3343226443910339
VisualCogB_Task-1,2,2039,0.5,V4,19,V3,0.0,53.523184402110125,0.4108419070894824,21.542884711424733,5.164863721668798,48.177083333333336,3,0.5331683802605156
VisualCogB_Task-1,2,2039,0.5,V5,19,V3,0.0,121.67126511755265,0.933943956386022,65.03979154578055,19.640173535958887,2.6041666666666665,3,1.3343226443910339
VisualCogB_Task-1,2,2039,1.0,预处理,19,V3,0.0,76.45830533093368,0.5868910141630572,18.141815836326323,2.6025964560859545,126.30208333333333,3,0.6764963852393125
VisualCogB_Task-1,2,2039,1.0,V3,19,V3,0.0,123.24015451354849,0.9459866911123583,65.81790758307721,18.534615017225693,76.82291666666667,3,1.340865548806941
VisualCogB_Task-1,2,2039,1.0,V4,19,V3,0.0,68.09529839196846,0.5226968942094695,29.119934929872098,6.596030722678066,127.60416666666667,3,0.6850895234760934
VisualCogB_Task-1,2,2039,1.0,V5,19,V3,0.0,123.24015451354849,0.9459866911123583,65.81790758307721,18.534615017225693,76.82291666666667,3,1.340865548806941
VisualCogB_Task-1,2,2039,2.0,预处理,19,V3,0.0,153.54503794074867,1.178605811974392,35.97747674420006,6.323641584559241,126.30208333333333,3,1.365226706430818
VisualCogB_Task-1,2,2039,2.0,V3,19,V3,0.0,129.04506971501618,0.990544997171773,66.24874233780754,19.30276816853491,14.322916666666666,3,1.3929737044553059
VisualCogB_Task-1,2,2039,2.0,V4,19,V3,0.0,99.47394425628246,0.7635581742844275,40.55753088886396,8.583051756466178,126.30208333333333,3,0.9851003742365206
VisualCogB_Task-1,2,2039,2.0,V5,19,V3,0.0,129.04506971501618,0.990544997171773,66.24874233780754,19.30276816853491,14.322916666666666,3,1.3929737044553059
VisualCogB_Task-1,2,2053,0.0,预处理,19,V3,0.0,1.153408224358787e-14,8.853517215795098e-17,1.206260358828684e-14,2.6645352591003757e-15,0.0,3,1.5528408328128124e-16
VisualCogB_Task-1,2,2053,0.0,V3,19,V3,0.0,117.64341924613343,0.9030263662283794,62.5028682503212,18.836602093981956,3.90625,3,1.2875002078451032
VisualCogB_Task-1,2,2053,0.0,V4,19,V3,0.0,42.717143819303075,0.3278951547480473,18.62472306909721,4.020419755437178,1.3020833333333333,3,0.4302370716794468
VisualCogB_Task-1,2,2053,0.0,V5,19,V3,0.0,117.64341924613343,0.9030263662283794,62.5028682503212,18.836602093981956,3.90625,3,1.2875002078451032
VisualCogB_Task-1,2,2053,0.5,预处理,19,V3,0.0,36.60031506148527,0.2809426122139267,19.120148510733767,5.695822564367557,35.15625,3,0.39804629006484626
VisualCogB_Task-1,2,2053,0.5,V3,19,V3,0.0,120.52238862740835,0.9251252245879463,69.27204662825889,19.567789032297075,50.78125,3,1.3411916056280166
VisualCogB_Task-1,2,2053,0.5,V4,19,V3,0.0,52.907740672691254,0.4061177846680455,30.751626180469554,9.252540057011897,54.6875,3,0.5951640771956098
VisualCogB_Task-1,2,2053,0.5,V5,19,V3,0.0,120.52238862740835,0.9251252245879463,69.27204662825889,19.567789032297075,50.78125,3,1.3411916056280166
VisualCogB_Task-1,2,2053,1.0,预处理,19,V3,0.0,69.92257696337136,0.5367230143188201,35.07808904970467,10.860066710122235,61.197916666666664,3,0.7547135010538231
VisualCogB_Task-1,2,2053,1.0,V3,19,V3,0.0,123.39093292411977,0.9471440603989395,68.22750145779442,20.737742739317333,96.35416666666667,3,1.3681820168456995
VisualCogB_Task-1,2,2053,1.0,V4,19,V3,0.0,69.03354268027562,0.5298988213188127,38.47864581018615,11.870689929892881,61.197916666666664,3,0.7686980845816317
VisualCogB_Task-1,2,2053,1.0,V5,19,V3,0.0,123.39093292411977,0.9471440603989395,68.22750145779442,20.737742739317333,96.35416666666667,3,1.3681820168456995
VisualCogB_Task-1,2,2053,2.0,预处理,19,V3,0.0,136.61515193593792,1.0486526574541284,67.42427009034922,23.98639178593587,63.802083333333336,3,1.4915443326103723
VisualCogB_Task-1,2,2053,2.0,V3,19,V3,0.0,125.42730687808579,0.9627751886313204,65.0682107620969,20.968306214610482,125.0,3,1.3734576444565827
VisualCogB_Task-1,2,2053,2.0,V4,19,V3,0.0,102.63656077964745,0.7878342972088467,48.659296558194036,16.079712684611284,59.895833333333336,3,1.0980149994232442
VisualCogB_Task-1,2,2053,2.0,V5,19,V3,0.0,125.42730687808579,0.9627751886313204,65.0682107620969,20.968306214610482,125.0,3,1.3734576444565827
VisualCogB_Task-1,3,2027,0.0,预处理,19,V3,0.0,9.994762024792973e-15,6.495918908612016e-17,1.0365659686273779e-14,3.1826393372587822e-15,0.0,4,1.1932907732712498e-16
VisualCogB_Task-1,3,2027,0.0,V3,19,V3,0.0,121.06084515616463,0.7868135641366313,75.56870916701462,12.256193310901862,72.265625,4,1.1120432599095338
VisualCogB_Task-1,3,2027,0.0,V4,19,V3,0.0,50.870445224591656,0.3306234667761202,30.63615630892086,2.924090350670887,41.9921875,4,0.44918521645322035
VisualCogB_Task-1,3,2027,0.0,V5,19,V3,0.0,121.06084515616463,0.7868135641366313,75.56870916701462,12.256193310901862,72.265625,4,1.1120432599095338
VisualCogB_Task-1,3,2027,0.5,预处理,19,V3,0.0,32.65056384469545,0.21220656832996906,29.823355875401123,5.773394884654064,34.1796875,4,0.34664554280423443
VisualCogB_Task-1,3,2027,0.5,V3,19,V3,0.0,122.47412761592746,0.7959989436692402,78.3348111938315,14.464798684269681,33.203125,4,1.1445719752596657
VisualCogB_Task-1,3,2027,0.5,V4,19,V3,0.0,55.862631089670046,0.3630692963774909,42.90691010014851,5.475952859248461,34.1796875,4,0.5380922229884113
VisualCogB_Task-1,3,2027,0.5,V5,19,V3,0.0,122.47412761592746,0.7959989436692402,78.3348111938315,14.464798684269681,33.203125,4,1.1445719752596657
VisualCogB_Task-1,3,2027,1.0,预处理,19,V3,0.0,65.18583635099306,0.42366382098514777,60.01223078443378,7.463404810277406,34.1796875,4,0.6671903443543166
VisualCogB_Task-1,3,2027,1.0,V3,19,V3,0.0,124.17606574074466,0.8070603896735203,70.92271617354386,13.416268757552436,52.734375,4,1.1247318856416353
VisualCogB_Task-1,3,2027,1.0,V4,19,V3,0.0,66.91883305030734,0.43492712670439626,56.26308628665025,7.837684164224406,34.1796875,4,0.6687027615976288
VisualCogB_Task-1,3,2027,1.0,V5,19,V3,0.0,124.17606574074466,0.8070603896735203,70.92271617354386,13.416268757552436,52.734375,4,1.1247318856416353
VisualCogB_Task-1,3,2027,2.0,预处理,19,V3,0.0,130.21625289044135,0.8463175183774755,119.90715794029462,11.694589504596903,45.572916666666664,3,1.3119821247062597
VisualCogB_Task-1,3,2027,2.0,V3,19,V3,0.0,127.5656922582129,0.8290906680666777,70.07881533503391,15.322728420334712,90.8203125,4,1.1564104694582908
VisualCogB_Task-1,3,2027,2.0,V4,19,V3,0.0,98.28649003599693,0.6387956686734257,92.60631831374752,13.472870505460088,45.572916666666664,3,1.027299407333827
VisualCogB_Task-1,3,2027,2.0,V5,19,V3,0.0,127.5656922582129,0.8290906680666777,70.07881533503391,15.322728420334712,90.8203125,4,1.1564104694582908
VisualCogB_Task-1,3,2039,0.0,预处理,19,V3,0.0,9.994762024792973e-15,6.495918908612016e-17,1.0365659686273779e-14,3.1826393372587822e-15,0.0,4,1.1932907732712498e-16
VisualCogB_Task-1,3,2039,0.0,V3,19,V3,0.0,121.06084515616463,0.7868135641366313,75.56870916701462,12.256193310901862,72.265625,4,1.1120432599095338
VisualCogB_Task-1,3,2039,0.0,V4,19,V3,0.0,50.870445224591656,0.3306234667761202,30.63615630892086,2.924090350670887,41.9921875,4,0.44918521645322035
VisualCogB_Task-1,3,2039,0.0,V5,19,V3,0.0,121.06084515616463,0.7868135641366313,75.56870916701462,12.256193310901862,72.265625,4,1.1120432599095338
VisualCogB_Task-1,3,2039,0.5,预处理,19,V3,0.0,40.86712587949042,0.2656086608992655,32.09826015333883,8.056093749025495,114.2578125,4,0.42227630226704477
VisualCogB_Task-1,3,2039,0.5,V3,19,V3,0.0,123.96532271124475,0.8056907026046429,82.84197200424035,13.37792533254814,131.8359375,4,1.1618465404597205
VisualCogB_Task-1,3,2039,0.5,V4,19,V3,0.0,59.62825648749702,0.3875433130312297,41.82560347866457,5.553677286144119,129.8828125,4,0.5595575151898216
VisualCogB_Task-1,3,2039,0.5,V5,19,V3,0.0,123.96532271124475,0.8056907026046429,82.84197200424035,13.37792533254814,131.8359375,4,1.1618465404597205
VisualCogB_Task-1,3,2039,1.0,预处理,19,V3,0.0,81.71304275324614,0.5310794776147043,63.35516522920021,15.31786157880939,135.7421875,4,0.8365180601415483
VisualCogB_Task-1,3,2039,1.0,V3,19,V3,0.0,125.50312942894993,0.8156854055405925,74.79362658233036,13.402822730323324,170.8984375,4,1.1458486604175195
VisualCogB_Task-1,3,2039,1.0,V4,19,V3,0.0,74.61020868212994,0.4849158630805673,56.34664751327029,12.194093236695638,193.359375,4,0.7472767544037752
VisualCogB_Task-1,3,2039,1.0,V5,19,V3,0.0,125.50312942894993,0.8156854055405925,74.79362658233036,13.402822730323324,170.8984375,4,1.1458486604175195
VisualCogB_Task-1,3,2039,2.0,预处理,19,V3,0.0,163.34869983477165,1.0616560007349056,126.0059683111711,33.215228118262935,180.98958333333334,3,1.6870092636861402
VisualCogB_Task-1,3,2039,2.0,V3,19,V3,0.0,127.68218461633927,0.8298477895568991,74.39125930712677,15.403516945884496,155.2734375,4,1.1717066453502027
VisualCogB_Task-1,3,2039,2.0,V4,19,V3,0.0,113.24595524421956,0.7360220685294341,99.46897836855946,25.50433811489856,128.90625,3,1.2250235271956296
VisualCogB_Task-1,3,2039,2.0,V5,19,V3,0.0,127.68218461633927,0.8298477895568991,74.39125930712677,15.403516945884496,155.2734375,4,1.1717066453502027
VisualCogB_Task-1,3,2053,0.0,预处理,19,V3,0.0,9.994762024792973e-15,6.495918908612016e-17,1.0365659686273779e-14,3.1826393372587822e-15,0.0,4,1.1932907732712498e-16
VisualCogB_Task-1,3,2053,0.0,V3,19,V3,0.0,121.06084515616463,0.7868135641366313,75.56870916701462,12.256193310901862,72.265625,4,1.1120432599095338
VisualCogB_Task-1,3,2053,0.0,V4,19,V3,0.0,50.870445224591656,0.3306234667761202,30.63615630892086,2.924090350670887,41.9921875,4,0.44918521645322035
VisualCogB_Task-1,3,2053,0.0,V5,19,V3,0.0,121.06084515616463,0.7868135641366313,75.56870916701462,12.256193310901862,72.265625,4,1.1120432599095338
VisualCogB_Task-1,3,2053,0.5,预处理,19,V3,0.0,35.57443815433244,0.23120977257561418,23.260422561487818,6.80634543210451,43.9453125,4,0.35103491404832526
VisualCogB_Task-1,3,2053,0.5,V3,19,V3,0.0,124.34605667273513,0.808165215688057,81.40890454634079,14.756016803047709,103.515625,4,1.1686207311460748
VisualCogB_Task-1,3,2053,0.5,V4,19,V3,0.0,57.366921663789554,0.3728461670625857,38.33340103014779,3.292975890322611,77.1484375,4,0.5188188638423716
VisualCogB_Task-1,3,2053,0.5,V5,19,V3,0.0,124.34605667273513,0.808165215688057,81.40890454634079,14.756016803047709,103.515625,4,1.1686207311460748
VisualCogB_Task-1,3,2053,1.0,预处理,19,V3,0.0,71.01222495187947,0.46153140381256735,47.895235376042606,14.752920662666988,43.9453125,4,0.7130587120387057
VisualCogB_Task-1,3,2053,1.0,V3,19,V3,0.0,126.44298548740393,0.8217938338616875,79.2001944343718,14.258307646013582,134.765625,4,1.1718370161512484
VisualCogB_Task-1,3,2053,1.0,V4,19,V3,0.0,69.03314685575316,0.44866873555257636,52.504587413462964,7.436328619336634,78.125,4,0.6676219814929445
VisualCogB_Task-1,3,2053,1.0,V5,19,V3,0.0,126.44298548740393,0.8217938338616875,79.2001944343718,14.258307646013582,134.765625,4,1.1718370161512484
VisualCogB_Task-1,3,2053,2.0,预处理,19,V3,0.0,141.25224295407426,0.918043985052496,95.85169311729912,39.62700839751965,76.171875,4,1.4870782898232746
VisualCogB_Task-1,3,2053,2.0,V3,19,V3,0.0,128.19958413161828,0.8332105362498872,71.99992335142203,11.569919208903633,170.8984375,4,1.1423825685126465
VisualCogB_Task-1,3,2053,2.0,V4,19,V3,0.0,100.09961042111452,0.6505797241257307,79.37754653837989,20.277711604259252,78.125,4,1.040321292765534
VisualCogB_Task-1,3,2053,2.0,V5,19,V3,0.0,128.19958413161828,0.8332105362498872,71.99992335142203,11.569919208903633,170.8984375,4,1.1423825685126465
VisualCogB_Task-1,4,2027,0.0,预处理,19,V3,0.0,9.125615909523337e-15,4.8984472949463527e-17,8.251839501739107e-15,3.2566542055671257e-15,0.0,5,8.861264685596051e-17
VisualCogB_Task-1,4,2027,0.0,V3,19,V3,0.0,127.14466716011017,0.682487031113528,16.812991436839727,29.383180853512275,126.953125,4,0.8853344233509114
VisualCogB_Task-1,4,2027,0.0,V4,19,V3,0.0,55.10270022489702,0.29578022517823166,10.931841834584343,12.915026252762205,51.5625,5,0.39444545702273925
VisualCogB_Task-1,4,2027,0.0,V5,19,V3,0.0,127.14466716011017,0.682487031113528,16.812991436839727,29.383180853512275,126.953125,4,0.8853344233509114
VisualCogB_Task-1,4,2027,0.5,预处理,19,V3,0.0,37.8729166579399,0.20329420829690023,37.938092155437666,16.390624140879606,61.71875,5,0.39309781459566223
VisualCogB_Task-1,4,2027,0.5,V3,19,V3,0.0,128.97952372932767,0.6923361725711674,29.83297906404857,26.7308024691575,125.0,5,0.9158904694730692
VisualCogB_Task-1,4,2027,0.5,V4,19,V3,0.0,62.48737048896202,0.3354196516429484,37.20901370235931,17.152674153076383,88.28125,5,0.5273570159828356
VisualCogB_Task-1,4,2027,0.5,V5,19,V3,0.0,128.97952372932767,0.6923361725711674,29.83297906404857,26.7308024691575,125.0,5,0.9158904694730692
VisualCogB_Task-1,4,2027,1.0,预处理,19,V3,0.0,75.43103840494958,0.40489866075134834,75.4506336450084,31.81733302294427,62.5,5,0.7781896346387556
VisualCogB_Task-1,4,2027,1.0,V3,19,V3,0.0,135.46643177547907,0.7271565918023509,28.886908596389805,28.760108846233916,146.875,5,0.9590646395605493
VisualCogB_Task-1,4,2027,1.0,V4,19,V3,0.0,80.37413484102821,0.4314322093973083,61.13388856038108,25.843744524234424,43.75,5,0.7342334545074911
VisualCogB_Task-1,4,2027,1.0,V5,19,V3,0.0,135.46643177547907,0.7271565918023509,28.886908596389805,28.760108846233916,146.875,5,0.9590646395605493
VisualCogB_Task-1,4,2027,2.0,预处理,19,V3,0.0,150.9206195317763,0.8101115670730353,148.13654602352625,62.43885796023182,123.4375,5,1.5428544230953236
VisualCogB_Task-1,4,2027,2.0,V3,19,V3,0.0,141.3265099909213,0.7586123144266734,35.580137010430555,31.164464147192167,135.9375,5,1.0213904111864722
VisualCogB_Task-1,4,2027,2.0,V4,19,V3,0.0,115.13637521860375,0.6180289323276559,105.76723310179862,43.26720777168427,57.8125,5,1.1341472414691842
VisualCogB_Task-1,4,2027,2.0,V5,19,V3,0.0,141.3265099909213,0.7586123144266734,35.580137010430555,31.164464147192167,135.9375,5,1.0213904111864722
VisualCogB_Task-1,4,2039,0.0,预处理,19,V3,0.0,9.125615909523337e-15,4.8984472949463527e-17,8.251839501739107e-15,3.2566542055671257e-15,0.0,5,8.861264685596051e-17
VisualCogB_Task-1,4,2039,0.0,V3,19,V3,0.0,127.14466716011017,0.682487031113528,16.812991436839727,29.383180853512275,126.953125,4,0.8853344233509114
VisualCogB_Task-1,4,2039,0.0,V4,19,V3,0.0,55.10270022489702,0.29578022517823166,10.931841834584343,12.915026252762205,51.5625,5,0.39444545702273925
VisualCogB_Task-1,4,2039,0.0,V5,19,V3,0.0,127.14466716011017,0.682487031113528,16.812991436839727,29.383180853512275,126.953125,4,0.8853344233509114
VisualCogB_Task-1,4,2039,0.5,预处理,19,V3,0.0,38.37803713025569,0.20600559351820363,22.75563752333658,8.912213319276733,0.0,5,0.31491840964665646
VisualCogB_Task-1,4,2039,0.5,V3,19,V3,0.0,129.25296060361407,0.6938039267813672,23.970382384368325,29.947098111209698,78.125,4,0.9188880319481892
VisualCogB_Task-1,4,2039,0.5,V4,19,V3,0.0,64.3593635020008,0.34546813407064825,22.099588798703817,15.277673382682224,26.5625,5,0.48678869217687754
VisualCogB_Task-1,4,2039,0.5,V5,19,V3,0.0,129.25296060361407,0.6938039267813672,23.970382384368325,29.947098111209698,78.125,4,0.9188880319481892
VisualCogB_Task-1,4,2039,1.0,预处理,19,V3,0.0,76.33668034994233,0.4097599647768773,45.00224236645028,17.469691284276088,60.15625,5,0.6243152563314025
VisualCogB_Task-1,4,2039,1.0,V3,19,V3,0.0,136.52766557782292,0.732853081661158,28.357019999716577,32.26647012117896,121.09375,4,0.9821604045787359
VisualCogB_Task-1,4,2039,1.0,V4,19,V3,0.0,82.85700945558983,0.4447597815414504,38.95660950904299,20.161475007411692,60.9375,5,0.6575381560339324
VisualCogB_Task-1,4,2039,1.0,V5,19,V3,0.0,136.52766557782292,0.732853081661158,28.357019999716577,32.26647012117896,121.09375,4,0.9821604045787359
VisualCogB_Task-1,4,2039,2.0,预处理,19,V3,0.0,152.70955009121073,0.819714186936275,89.61543012480699,32.487801590861004,97.65625,5,1.234620992367933
VisualCogB_Task-1,4,2039,2.0,V3,19,V3,0.0,142.0602054202903,0.762550644098818,31.995679971449867,33.19993705319376,80.078125,4,1.0266344278598343
VisualCogB_Task-1,4,2039,2.0,V4,19,V3,0.0,117.94331039639314,0.6330959964743984,68.83570187931079,26.086809316592518,60.9375,5,0.9578728578965077
VisualCogB_Task-1,4,2039,2.0,V5,19,V3,0.0,142.0602054202903,0.762550644098818,31.995679971449867,33.19993705319376,80.078125,4,1.0266344278598343
VisualCogB_Task-1,4,2053,0.0,预处理,19,V3,0.0,9.125615909523337e-15,4.8984472949463527e-17,8.251839501739107e-15,3.2566542055671257e-15,0.0,5,8.861264685596051e-17
VisualCogB_Task-1,4,2053,0.0,V3,19,V3,0.0,127.14466716011017,0.682487031113528,16.812991436839727,29.383180853512275,126.953125,4,0.8853344233509114
VisualCogB_Task-1,4,2053,0.0,V4,19,V3,0.0,55.10270022489702,0.29578022517823166,10.931841834584343,12.915026252762205,51.5625,5,0.39444545702273925
VisualCogB_Task-1,4,2053,0.0,V5,19,V3,0.0,127.14466716011017,0.682487031113528,16.812991436839727,29.383180853512275,126.953125,4,0.8853344233509114
VisualCogB_Task-1,4,2053,0.5,预处理,19,V3,0.0,34.682147156583895,0.18616679861006072,35.751861000427155,12.965851195150508,47.65625,5,0.35171928691862625
VisualCogB_Task-1,4,2053,0.5,V3,19,V3,0.0,134.05189262516004,0.7195636298114294,26.60978050880972,28.45727637515363,121.09375,5,0.943734550641194
VisualCogB_Task-1,4,2053,0.5,V4,19,V3,0.0,66.13393684495257,0.35499368728004255,33.10560665281458,17.787124456924857,50.78125,5,0.5393235210432332
VisualCogB_Task-1,4,2053,0.5,V5,19,V3,0.0,134.05189262516004,0.7195636298114294,26.60978050880972,28.45727637515363,121.09375,5,0.943734550641194
VisualCogB_Task-1,4,2053,1.0,预处理,19,V3,0.0,68.6070703717844,0.3682689712221467,70.32822521303031,24.39183354345448,67.1875,5,0.68795332590975
VisualCogB_Task-1,4,2053,1.0,V3,19,V3,0.0,134.79798084509042,0.7235684814937091,32.35329942570994,27.86720601858862,170.3125,5,0.9599870510518997
VisualCogB_Task-1,4,2053,1.0,V4,19,V3,0.0,78.02336789712001,0.41881376469000975,54.64978688107977,22.95456110008503,77.34375,5,0.6887037759810578
VisualCogB_Task-1,4,2053,1.0,V5,19,V3,0.0,134.79798084509042,0.7235684814937091,32.35329942570994,27.86720601858862,170.3125,5,0.9599870510518997
VisualCogB_Task-1,4,2053,2.0,预处理,19,V3,0.0,137.17107615511114,0.736306780384735,140.18648308291174,40.163737231703315,49.8046875,4,1.3281440928194084
VisualCogB_Task-1,4,2053,2.0,V3,19,V3,0.0,139.71707531085679,0.7499731923848093,51.20256190974727,28.373908464533358,125.0,5,1.0397011660657896
VisualCogB_Task-1,4,2053,2.0,V4,19,V3,0.0,109.97863827022557,0.5903432365309897,103.72514837415414,33.37515314994681,50.78125,4,1.0478822333955078
VisualCogB_Task-1,4,2053,2.0,V5,19,V3,0.0,139.71707531085679,0.7499731923848093,51.20256190974727,28.373908464533358,125.0,5,1.0397011660657896
VisualCogB_Task-1,5,2027,0.0,预处理,18,V3,0.0,1.3844429162313109e-14,8.667294145704358e-17,1.459287463128075e-14,2.7385501274087196e-15,0.0,4,1.494969025591164e-16
VisualCogB_Task-1,5,2027,0.0,V3,18,V3,0.0,103.00281837804896,0.644848346040403,52.090122657025205,5.633016165921824,1.3020833333333333,3,0.843168704645067
VisualCogB_Task-1,5,2027,0.0,V4,18,V3,0.0,102.83230499390696,0.6437808483206983,53.07190646378642,5.428077769791353,1.3020833333333333,3,0.8438914166409636
VisualCogB_Task-1,5,2027,0.0,V5,18,V3,0.0,103.00281837804896,0.644848346040403,52.090122657025205,5.633016165921824,1.3020833333333333,3,0.843168704645067
VisualCogB_Task-1,5,2027,0.5,预处理,18,V3,0.0,30.639542567806185,0.1918186187466008,30.673222227506546,7.695084435045902,77.1484375,4,0.3360083702021238
VisualCogB_Task-1,5,2027,0.5,V3,18,V3,0.0,103.79910719266348,0.6498335059919493,49.48355915368895,5.0447796222965104,49.8046875,4,0.8363120289708313
VisualCogB_Task-1,5,2027,0.5,V4,18,V3,0.0,103.79498956371081,0.6498077276078085,50.362300867774536,5.2241438599396295,49.8046875,4,0.8401598368509124
VisualCogB_Task-1,5,2027,0.5,V5,18,V3,0.0,103.79910719266348,0.6498335059919493,49.48355915368895,5.0447796222965104,49.8046875,4,0.8363120289708313
VisualCogB_Task-1,5,2027,1.0,预处理,18,V3,0.0,61.083700502149476,0.3824140335099103,61.02896696817014,14.890071187330783,111.328125,4,0.6666688960817413
VisualCogB_Task-1,5,2027,1.0,V3,18,V3,0.0,106.85090456440156,0.6689392597820334,52.31618683966035,4.352466697227816,61.197916666666664,3,0.8599503848955188
VisualCogB_Task-1,5,2027,1.0,V4,18,V3,0.0,106.95578848735168,0.669595884768666,52.76073407897862,4.706825121350832,61.197916666666664,3,0.8642170103225477
VisualCogB_Task-1,5,2027,1.0,V5,18,V3,0.0,106.85090456440156,0.6689392597820334,52.31618683966035,4.352466697227816,61.197916666666664,3,0.8599503848955188
VisualCogB_Task-1,5,2027,2.0,预处理,18,V3,0.0,120.59411963564567,0.7549785512064897,118.8121490434538,28.180349239480183,114.2578125,4,1.3033126782466946
VisualCogB_Task-1,5,2027,2.0,V3,18,V3,0.0,111.11414412438481,0.6956292380012612,56.38909486724279,8.487848132307095,38.0859375,4,0.9252790911020757
VisualCogB_Task-1,5,2027,2.0,V4,18,V3,0.0,112.31630573983449,0.7031553614763563,57.839837304322884,9.411225843270772,28.645833333333332,3,0.9431271944702271
VisualCogB_Task-1,5,2027,2.0,V5,18,V3,0.0,111.11414412438481,0.6956292380012612,56.38909486724279,8.487848132307095,38.0859375,4,0.9252790911020757
VisualCogB_Task-1,5,2039,0.0,预处理,18,V3,0.0,1.3844429162313109e-14,8.667294145704358e-17,1.459287463128075e-14,2.7385501274087196e-15,0.0,4,1.494969025591164e-16
VisualCogB_Task-1,5,2039,0.0,V3,18,V3,0.0,103.00281837804896,0.644848346040403,52.090122657025205,5.633016165921824,1.3020833333333333,3,0.843168704645067
VisualCogB_Task-1,5,2039,0.0,V4,18,V3,0.0,102.83230499390696,0.6437808483206983,53.07190646378642,5.428077769791353,1.3020833333333333,3,0.8438914166409636
VisualCogB_Task-1,5,2039,0.0,V5,18,V3,0.0,103.00281837804896,0.644848346040403,52.090122657025205,5.633016165921824,1.3020833333333333,3,0.843168704645067
VisualCogB_Task-1,5,2039,0.5,预处理,18,V3,0.0,28.158886694664602,0.17628849188133763,27.73612553245736,5.898668061845076,69.01041666666667,3,0.3000379570107854
VisualCogB_Task-1,5,2039,0.5,V3,18,V3,0.0,107.00485714935309,0.6699030787467753,56.209468254915016,5.322020104071217,1.953125,2,0.8791710145093368
VisualCogB_Task-1,5,2039,0.5,V4,18,V3,0.0,106.90715301389665,0.6692914027640935,56.492383872661584,5.46358560438075,1.953125,2,0.880331203759969
VisualCogB_Task-1,5,2039,0.5,V5,18,V3,0.0,107.00485714935309,0.6699030787467753,56.209468254915016,5.322020104071217,1.953125,2,0.8791710145093368
VisualCogB_Task-1,5,2039,1.0,预处理,18,V3,0.0,56.63036876724656,0.35453398470307707,56.28932465991841,7.774097752121254,105.46875,2,0.5794031037764998
VisualCogB_Task-1,5,2039,1.0,V3,18,V3,0.0,109.60687816185921,0.6861930111262813,55.48753334658991,5.108634785500886,13.671875,2,0.891865215807183
VisualCogB_Task-1,5,2039,1.0,V4,18,V3,0.0,109.92409628644903,0.6881789527363933,56.50551590602288,5.145930355312305,59.895833333333336,3,0.89727118200428
VisualCogB_Task-1,5,2039,1.0,V5,18,V3,0.0,109.60687816185921,0.6861930111262813,55.48753334658991,5.108634785500886,13.671875,2,0.891865215807183
VisualCogB_Task-1,5,2039,2.0,预处理,18,V3,0.0,113.39303189072959,0.709896197197907,111.20639163800645,11.343196065336713,125.0,2,1.129013564661993
VisualCogB_Task-1,5,2039,2.0,V3,18,V3,0.0,113.20603344436661,0.7087254948739501,55.436207689143444,4.633217554701933,49.479166666666664,3,0.9112606917262818
VisualCogB_Task-1,5,2039,2.0,V4,18,V3,0.0,113.2480102957199,0.7089882906264683,55.53359533532025,4.106252055778748,49.479166666666664,3,0.9085292713595082
VisualCogB_Task-1,5,2039,2.0,V5,18,V3,0.0,113.20603344436661,0.7087254948739501,55.436207689143444,4.633217554701933,49.479166666666664,3,0.9112606917262818
VisualCogB_Task-1,5,2053,0.0,预处理,18,V3,0.0,1.3844429162313109e-14,8.667294145704358e-17,1.459287463128075e-14,2.7385501274087196e-15,0.0,4,1.494969025591164e-16
VisualCogB_Task-1,5,2053,0.0,V3,18,V3,0.0,103.00281837804896,0.644848346040403,52.090122657025205,5.633016165921824,1.3020833333333333,3,0.843168704645067
VisualCogB_Task-1,5,2053,0.0,V4,18,V3,0.0,102.83230499390696,0.6437808483206983,53.07190646378642,5.428077769791353,1.3020833333333333,3,0.8438914166409636
VisualCogB_Task-1,5,2053,0.0,V5,18,V3,0.0,103.00281837804896,0.644848346040403,52.090122657025205,5.633016165921824,1.3020833333333333,3,0.843168704645067
VisualCogB_Task-1,5,2053,0.5,预处理,18,V3,0.0,27.329320738735856,0.17109500064453784,22.559337469390357,8.08846756178127,36.1328125,4,0.2923490677985837
VisualCogB_Task-1,5,2053,0.5,V3,18,V3,0.0,104.42220613300341,0.6537344120780624,50.85357540456383,5.519004864704446,14.6484375,4,0.8474703065706665
VisualCogB_Task-1,5,2053,0.5,V4,18,V3,0.0,104.46145057290349,0.6539801015898578,51.47672059058828,5.634667505921045,14.6484375,4,0.8503906989546829
VisualCogB_Task-1,5,2053,0.5,V5,18,V3,0.0,104.42220613300341,0.6537344120780624,50.85357540456383,5.519004864704446,14.6484375,4,0.8474703065706665
VisualCogB_Task-1,5,2053,1.0,预处理,18,V3,0.0,54.84475829441277,0.3433551841788705,44.28984600189154,15.957630280618979,45.8984375,4,0.5818959236502244
VisualCogB_Task-1,5,2053,1.0,V3,18,V3,0.0,106.17468329067273,0.6647057817395112,56.49014302866805,6.392590444702159,75.1953125,4,0.881554595943911
VisualCogB_Task-1,5,2053,1.0,V4,18,V3,0.0,106.43158970577328,0.6663141423598654,57.50429066279195,6.740821108663515,75.1953125,4,0.8885175836379099
VisualCogB_Task-1,5,2053,1.0,V5,18,V3,0.0,106.17468329067273,0.6647057817395112,56.49014302866805,6.392590444702159,75.1953125,4,0.881554595943911
VisualCogB_Task-1,5,2053,2.0,预处理,18,V3,0.0,109.57329747413488,0.6859827794910802,87.06693063138823,34.75334884134719,47.8515625,4,1.176096772689338
VisualCogB_Task-1,5,2053,2.0,V3,18,V3,0.0,108.59556173960416,0.6798616725038651,53.76454124348495,6.470985795582603,88.8671875,4,0.8886694757703151
VisualCogB_Task-1,5,2053,2.0,V4,18,V3,0.0,108.9009104091457,0.6817733054826521,55.59804038917927,6.297887438213205,88.8671875,4,0.8952367314192675
VisualCogB_Task-1,5,2053,2.0,V5,18,V3,0.0,108.59556173960416,0.6798616725038651,53.76454124348495,6.470985795582603,88.8671875,4,0.8886694757703151
VisualCogB_Task-2,1,2027,0.0,预处理,19,V3,0.15,1.8342993433467015e-14,8.632454766416588e-17,1.3481600519334531e-14,5.921189464667502e-15,0.0,6,1.459135422002076e-16
VisualCogB_Task-2,1,2027,0.0,V3,19,V3,0.15,183.15139667215703,0.8619346416456648,75.40235463756154,68.5885412806657,103.90625,5,1.3621480835099598
VisualCogB_Task-2,1,2027,0.0,V4,19,V3,0.15,82.40455379504203,0.38780670437605325,52.146429372669665,28.85301797006494,65.75520833333333,6,0.6462968033971626
VisualCogB_Task-2,1,2027,0.0,V5,19,V3,0.15,208.76474506609333,0.9824744391596918,75.72430484938084,78.58420138802654,129.8828125,4,1.5304863466209835
VisualCogB_Task-2,1,2027,0.5,预处理,19,V3,0.15,66.723831880598,0.31401115779736677,41.560124092797814,18.463365200080386,46.875,6,0.49869590503513667
VisualCogB_Task-2,1,2027,0.5,V3,19,V3,0.15,184.48879134988536,0.8682285974834683,79.28286588894768,64.55905326272124,129.6875,5,1.3586098360118906
VisualCogB_Task-2,1,2027,0.5,V4,19,V3,0.15,93.55062226956521,0.44026157346745926,54.83642176004729,24.958705311278283,93.09895833333333,6,0.6867542527925629
VisualCogB_Task-2,1,2027,0.5,V5,19,V3,0.15,204.4086460644536,0.9619740624212479,84.22116102768902,71.45343291336644,129.6875,5,1.4964212956708054
VisualCogB_Task-2,1,2027,1.0,预处理,19,V3,0.15,132.7160107071093,0.624579059772273,82.35093894756498,35.07588493022853,57.291666666666664,6,0.9834279958296045
VisualCogB_Task-2,1,2027,1.0,V3,19,V3,0.15,187.11791387109145,0.8806015950108347,84.15745216641011,61.024662119428235,80.46875,5,1.3658197455552499
VisualCogB_Task-2,1,2027,1.0,V4,19,V3,0.15,117.01809726672958,0.5507026076039162,71.42931491496144,22.312499150287085,119.140625,6,0.8237860639422904
VisualCogB_Task-2,1,2027,1.0,V5,19,V3,0.15,201.49929829317398,0.9482822878881317,95.50097553830892,62.68165650935301,75.78125,5,1.4679905316381936
VisualCogB_Task-2,1,2027,2.0,预处理,19,V3,0.15,264.87255543420855,1.24652519881473,166.99116913589128,65.59319730977182,61.197916666666664,6,1.9481566802889556
VisualCogB_Task-2,1,2027,2.0,V3,19,V3,0.15,190.345103185664,0.8957891737894882,75.50232710541991,65.88506912771147,91.14583333333333,6,1.3835149607612538
VisualCogB_Task-2,1,2027,2.0,V4,19,V3,0.15,174.69437817681214,0.8221347966069509,118.57281211193272,34.75085633988543,123.69791666666667,6,1.2646865627264054
VisualCogB_Task-2,1,2027,2.0,V5,19,V3,0.15,199.16994326597407,0.937320035745283,100.09125810614327,55.56418097177227,91.14583333333333,6,1.4343337381358414
VisualCogB_Task-2,1,2039,0.0,预处理,19,V3,0.15,1.8342993433467015e-14,8.632454766416588e-17,1.3481600519334531e-14,5.921189464667502e-15,0.0,6,1.459135422002076e-16
VisualCogB_Task-2,1,2039,0.0,V3,19,V3,0.15,183.15139667215703,0.8619346416456648,75.40235463756154,68.5885412806657,103.90625,5,1.3621480835099598
VisualCogB_Task-2,1,2039,0.0,V4,19,V3,0.15,82.40455379504203,0.38780670437605325,52.146429372669665,28.85301797006494,65.75520833333333,6,0.6462968033971626
VisualCogB_Task-2,1,2039,0.0,V5,19,V3,0.15,208.76474506609333,0.9824744391596918,75.72430484938084,78.58420138802654,129.8828125,4,1.5304863466209835
VisualCogB_Task-2,1,2039,0.5,预处理,19,V3,0.15,74.60132066818477,0.35108365955584536,48.187717685506826,19.62187148313856,0.0,6,0.556815655256506
VisualCogB_Task-2,1,2039,0.5,V3,19,V3,0.15,186.41030142600823,0.877271477466776,51.38540842049706,59.937157487280956,114.58333333333333,6,1.2802569064479365
VisualCogB_Task-2,1,2039,0.5,V4,19,V3,0.15,95.98282326841817,0.451707832324601,58.94695294990853,26.75443312649145,74.86979166666667,6,0.7163237948201501
VisualCogB_Task-2,1,2039,0.5,V5,19,V3,0.15,206.72965331157607,0.9728970288094678,38.355600144893806,67.49621395206508,114.58333333333333,6,1.3807963764291642
VisualCogB_Task-2,1,2039,1.0,预处理,19,V3,0.15,149.25046056601752,0.7023923627167045,97.02686665934145,37.84750890605205,34.505208333333336,6,1.1088183531849811
VisualCogB_Task-2,1,2039,1.0,V3,19,V3,0.15,188.42333098287423,0.8867450602034955,59.22789878087899,66.06157380910041,97.00520833333333,6,1.337006697852222
VisualCogB_Task-2,1,2039,1.0,V4,19,V3,0.15,120.08134418894207,0.565118651850063,86.08704951086679,32.136108112064655,24.739583333333332,6,0.9189239249307382
VisualCogB_Task-2,1,2039,1.0,V5,19,V3,0.15,207.54928975025547,0.9767543460502283,30.139962390597155,68.14938911874583,97.00520833333333,6,1.3683956844889986
VisualCogB_Task-2,1,2039,2.0,预处理,19,V3,0.15,298.9094292972662,1.4067072187662777,194.7101699726711,61.864951689306984,35.15625,6,2.1560177222536505
VisualCogB_Task-2,1,2039,2.0,V3,19,V3,0.15,194.18991554866926,0.9138833681364406,65.97652456808818,65.42007961129572,93.09895833333333,6,1.3770060111940596
VisualCogB_Task-2,1,2039,2.0,V4,19,V3,0.15,191.84171271132908,0.9028324157118892,149.05319338764355,49.109105862028,41.40625,5,1.4846783470745666
VisualCogB_Task-2,1,2039,2.0,V5,19,V3,0.15,222.3406476592225,1.0463644282574605,21.202477856283085,54.26655308946618,93.09895833333333,6,1.3516408175340595
VisualCogB_Task-2,1,2053,0.0,预处理,19,V3,0.15,1.8342993433467015e-14,8.632454766416588e-17,1.3481600519334531e-14,5.921189464667502e-15,0.0,6,1.459135422002076e-16
VisualCogB_Task-2,1,2053,0.0,V3,19,V3,0.15,183.15139667215703,0.8619346416456648,75.40235463756154,68.5885412806657,103.90625,5,1.3621480835099598
VisualCogB_Task-2,1,2053,0.0,V4,19,V3,0.15,82.40455379504203,0.38780670437605325,52.146429372669665,28.85301797006494,65.75520833333333,6,0.6462968033971626
VisualCogB_Task-2,1,2053,0.0,V5,19,V3,0.15,208.76474506609333,0.9824744391596918,75.72430484938084,78.58420138802654,129.8828125,4,1.5304863466209835
VisualCogB_Task-2,1,2053,0.5,预处理,19,V3,0.15,73.01358417003863,0.34361156207570975,53.949112911244434,28.8774871001589,38.411458333333336,6,0.6064586493605685
VisualCogB_Task-2,1,2053,0.5,V3,19,V3,0.15,187.38167210411484,0.8818428760613367,61.02919742135812,73.57134583592149,85.9375,5,1.3716850664199285
VisualCogB_Task-2,1,2053,0.5,V4,19,V3,0.15,101.17352267938736,0.47613594872435017,52.46480596694757,42.8482289366255,77.47395833333333,6,0.8012385185141369
VisualCogB_Task-2,1,2053,0.5,V5,19,V3,0.15,208.1762997720209,0.9797051379537486,49.129722706643015,86.34033429462498,85.9375,5,1.5016396238728902
VisualCogB_Task-2,1,2053,1.0,预处理,19,V3,0.15,146.36794955431787,0.6888268855155867,108.01570838884926,53.511427395004084,39.0625,6,1.1948268130655364
VisualCogB_Task-2,1,2053,1.0,V3,19,V3,0.15,192.0939981134177,0.9040197041060418,73.14715643464122,67.75059711752829,82.03125,5,1.3949830399913878
VisualCogB_Task-2,1,2053,1.0,V4,19,V3,0.15,133.455356411821,0.6280585182237074,76.04362140813014,48.10589357408492,46.09375,5,1.0333868600852496
VisualCogB_Task-2,1,2053,1.0,V5,19,V3,0.15,209.36947259035566,0.9853203666895338,50.3180176608871,84.11814733810047,103.515625,4,1.4995930839803118
VisualCogB_Task-2,1,2053,2.0,预处理,19,V3,0.15,292.8873307319087,1.3783664282334183,214.8404998226961,68.94028829470301,58.59375,4,2.208342393806703
VisualCogB_Task-2,1,2053,2.0,V3,19,V3,0.15,197.44944081135807,0.9292231241540247,83.23373863362777,63.56648959081661,113.93229166666667,6,1.4242298913119096
VisualCogB_Task-2,1,2053,2.0,V4,19,V3,0.15,197.24973268703997,0.9282832713672291,145.00735914243495,56.390789936942554,50.78125,5,1.5348776539614915
VisualCogB_Task-2,1,2053,2.0,V5,19,V3,0.15,216.06226580249128,1.0168175347359059,42.92499868209507,86.48994811404252,141.6015625,4,1.5248559980108123
VisualCogB_Task-2,2,2027,0.0,预处理,19,V3,0.15,1.7942561386197944e-14,8.738230434093989e-17,1.480862048843045e-14,7.105427357601002e-15,0.0,6,1.5804636839170548e-16
VisualCogB_Task-2,2,2027,0.0,V3,19,V3,0.15,166.39817986953162,0.8103779656745526,32.232452630601514,47.51923375588567,143.88020833333334,6,1.120289857245037
VisualCogB_Task-2,2,2027,0.0,V4,19,V3,0.15,74.48907545994375,0.36277022671484443,10.417559711983014,24.63313402209694,0.6510416666666666,6,0.508103724228591
VisualCogB_Task-2,2,2027,0.0,V5,19,V3,0.15,196.39633047921734,0.9564723537510126,42.25810341373877,57.663262813138,128.90625,5,1.3401998416452756
VisualCogB_Task-2,2,2027,0.5,预处理,19,V3,0.15,75.20731662166295,0.3662681424489835,46.91056027253698,22.546050981232998,45.572916666666664,6,0.590299830527251
VisualCogB_Task-2,2,2027,0.5,V3,19,V3,0.15,173.98649744404347,0.8473339309606329,42.02892626986378,45.95535750815713,128.90625,5,1.173484535834367
VisualCogB_Task-2,2,2027,0.5,V4,19,V3,0.15,82.93083691612352,0.4038825602808286,37.7591846013748,18.910947930927012,103.515625,6,0.5879267676071945
VisualCogB_Task-2,2,2027,0.5,V5,19,V3,0.15,207.42939427519448,1.010204622945014,50.29191906165865,59.83778921623533,128.90625,5,1.4240850961511624
VisualCogB_Task-2,2,2027,1.0,预处理,19,V3,0.15,150.40958226829997,0.7325116860780195,95.03181981964524,44.47682906767056,95.703125,6,1.1805267348475605
VisualCogB_Task-2,2,2027,1.0,V3,19,V3,0.15,175.96465655875818,0.8569677896988714,49.75151344968369,49.38179240987618,118.75,5,1.2186104570102196
VisualCogB_Task-2,2,2027,1.0,V4,19,V3,0.15,106.64457722716163,0.5193711590555345,70.36971430809915,26.74714319596858,119.140625,6,0.8209870090194868
VisualCogB_Task-2,2,2027,1.0,V5,19,V3,0.15,214.54506035468185,1.0448587219648207,56.74887438128899,62.77942829847938,134.765625,4,1.488788361918616
VisualCogB_Task-2,2,2027,2.0,预处理,19,V3,0.15,300.97675628382433,1.465790861798191,192.03870159949312,88.035846505003,173.17708333333334,6,2.3621605004601
VisualCogB_Task-2,2,2027,2.0,V3,19,V3,0.15,179.08029523133933,0.8721413026017346,54.97650426197492,56.11270238542793,139.84375,5,1.2792874114268624
VisualCogB_Task-2,2,2027,2.0,V4,19,V3,0.15,174.73779564657002,0.8509928382242568,137.21555915782253,50.25223145691556,93.75,6,1.4298545422332272
VisualCogB_Task-2,2,2027,2.0,V5,19,V3,0.15,232.17216211399247,1.1307047022252337,67.71973282132242,66.43721071192275,106.4453125,4,1.6191628174848576
VisualCogB_Task-2,2,2039,0.0,预处理,19,V3,0.15,1.7942561386197944e-14,8.738230434093989e-17,1.480862048843045e-14,7.105427357601002e-15,0.0,6,1.5804636839170548e-16
VisualCogB_Task-2,2,2039,0.0,V3,19,V3,0.15,166.39817986953162,0.8103779656745526,32.232452630601514,47.51923375588567,143.88020833333334,6,1.120289857245037
VisualCogB_Task-2,2,2039,0.0,V4,19,V3,0.15,74.48907545994375,0.36277022671484443,10.417559711983014,24.63313402209694,0.6510416666666666,6,0.508103724228591
VisualCogB_Task-2,2,2039,0.0,V5,19,V3,0.15,196.39633047921734,0.9564723537510126,42.25810341373877,57.663262813138,128.90625,5,1.3401998416452756
VisualCogB_Task-2,2,2039,0.5,预处理,19,V3,0.15,78.32051690344774,0.38142978011273865,40.9276271264209,17.123281374406403,1.953125,6,0.5644831858353547
VisualCogB_Task-2,2,2039,0.5,V3,19,V3,0.15,175.23204815413996,0.8533999038660091,45.31231345903749,45.37968929420964,29.947916666666668,6,1.1847421729754777
VisualCogB_Task-2,2,2039,0.5,V4,19,V3,0.15,94.96790643654992,0.46250445096674003,18.11528362147037,10.136332700220924,1.3020833333333333,6,0.5559812788358525
VisualCogB_Task-2,2,2039,0.5,V5,19,V3,0.15,211.97069197875248,1.0323212566570976,57.2459007276262,50.13183035788262,29.947916666666668,6,1.4158659507062374
VisualCogB_Task-2,2,2039,1.0,预处理,19,V3,0.15,156.34277241085837,0.7614069934753523,82.6220509367515,31.584610209807035,32.552083333333336,6,1.1164169881384953
VisualCogB_Task-2,2,2039,1.0,V3,19,V3,0.15,184.07974111445765,0.8964891697925781,47.62034032131806,54.60762744666499,29.947916666666668,6,1.2783927179415324
VisualCogB_Task-2,2,2039,1.0,V4,19,V3,0.15,125.81459862930448,0.6127313325741794,39.08025615033851,14.509793501311092,31.901041666666668,6,0.7785583037595697
VisualCogB_Task-2,2,2039,1.0,V5,19,V3,0.15,229.1953387905028,1.1162072357808677,64.56171381847437,50.531545569402965,24.21875,5,1.5195130069490461
VisualCogB_Task-2,2,2039,2.0,预处理,19,V3,0.15,312.61206074346666,1.522456111174128,167.92299898718957,55.96207952733002,64.0625,5,2.2038997748355116
VisualCogB_Task-2,2,2039,2.0,V3,19,V3,0.15,190.14053468134142,0.9260059203060493,59.30785047612919,56.82367837145265,58.59375,6,1.3471616357377834
VisualCogB_Task-2,2,2039,2.0,V4,19,V3,0.15,195.22877370496917,0.9507862201390546,84.72505845101712,15.442057383005567,58.59375,5,1.2323010981214637
VisualCogB_Task-2,2,2039,2.0,V5,19,V3,0.15,258.5340744536057,1.2590901984477099,94.6598455010037,39.46710048931069,49.21875,5,1.6818015236246835
VisualCogB_Task-2,2,2053,0.0,预处理,19,V3,0.15,1.7942561386197944e-14,8.738230434093989e-17,1.480862048843045e-14,7.105427357601002e-15,0.0,6,1.5804636839170548e-16
VisualCogB_Task-2,2,2053,0.0,V3,19,V3,0.15,166.39817986953162,0.8103779656745526,32.232452630601514,47.51923375588567,143.88020833333334,6,1.120289857245037
VisualCogB_Task-2,2,2053,0.0,V4,19,V3,0.15,74.48907545994375,0.36277022671484443,10.417559711983014,24.63313402209694,0.6510416666666666,6,0.508103724228591
VisualCogB_Task-2,2,2053,0.0,V5,19,V3,0.15,196.39633047921734,0.9564723537510126,42.25810341373877,57.663262813138,128.90625,5,1.3401998416452756
VisualCogB_Task-2,2,2053,0.5,预处理,19,V3,0.15,69.9555139907973,0.34069126933978156,18.12693019652398,15.350997345982739,17.578125,6,0.4595924641973073
VisualCogB_Task-2,2,2053,0.5,V3,19,V3,0.15,176.33736088697006,0.8587829019526909,53.54600535261964,56.06536469639508,125.78125,5,1.2622151250931664
VisualCogB_Task-2,2,2053,0.5,V4,19,V3,0.15,87.97157133194206,0.42843150729815527,19.46621455056044,13.95055203929351,17.578125,6,0.5437736082160975
VisualCogB_Task-2,2,2053,0.5,V5,19,V3,0.15,205.59001618181313,1.0012466434852056,60.547960899711555,63.54244643623969,164.0625,5,1.4581432587391705
VisualCogB_Task-2,2,2053,1.0,预处理,19,V3,0.15,138.23182112085388,0.6732046112477801,36.7833596421994,28.32472733719928,17.578125,6,0.9007188005631309
VisualCogB_Task-2,2,2053,1.0,V3,19,V3,0.15,182.84064477385408,0.8904546303970124,52.268984749172404,52.3585122673822,139.84375,5,1.2727244453151545
VisualCogB_Task-2,2,2053,1.0,V4,19,V3,0.15,110.88434641185873,0.5400193147596319,35.750209620375784,13.642520870544585,28.645833333333332,6,0.6935137183767278
VisualCogB_Task-2,2,2053,1.0,V5,19,V3,0.15,213.33586403958216,1.0389697990769624,56.84075362233025,60.141004742926015,139.97395833333334,6,1.4702737489002342
VisualCogB_Task-2,2,2053,2.0,预处理,19,V3,0.15,276.7056906853247,1.3475880258063102,73.51048146497502,56.4723661040857,26.041666666666668,6,1.8016170207878999
VisualCogB_Task-2,2,2053,2.0,V3,19,V3,0.15,194.1874113790539,0.9457146677707113,49.10234925257424,49.17109813705019,116.53645833333333,6,1.3047504785812656
VisualCogB_Task-2,2,2053,2.0,V4,19,V3,0.15,171.1307315099048,0.8334260277013272,59.598597024334985,22.48924955756551,78.125,6,1.0880771738019048
VisualCogB_Task-2,2,2053,2.0,V5,19,V3,0.15,233.9375707074849,1.1393024418501534,59.3858088061908,51.85281777468385,116.53645833333333,6,1.5364393366148965
VisualCogB_Task-2,3,2027,0.0,预处理,18,V3,0.15,1.1152928859305201e-14,4.7691002957894044e-17,1.2150818817390729e-14,1.924386576016938e-15,0.0,5,8.189890464742665e-17
VisualCogB_Task-2,3,2027,0.0,V3,18,V3,0.15,219.31580336451694,0.9378155961466142,42.15708689662245,19.839264702741797,62.5,5,1.1127841030006946
VisualCogB_Task-2,3,2027,0.0,V4,18,V3,0.15,219.45943612131364,0.9384297837125581,42.55978767504834,19.984738468330665,62.5,5,1.114881344211217
VisualCogB_Task-2,3,2027,0.0,V5,18,V3,0.15,250.28506519345822,1.0702431563076897,53.1848626411488,24.358450667186627,125.0,4,1.2881140576860561
VisualCogB_Task-2,3,2027,0.5,预处理,18,V3,0.15,81.21557846088903,0.34728567190436005,81.73483554499518,16.474270148326784,71.2890625,4,0.5924842778258038
VisualCogB_Task-2,3,2027,0.5,V3,18,V3,0.15,221.60590839973494,0.9476083068673813,51.106410604378034,20.258520733211906,60.15625,5,1.1435036801295977
VisualCogB_Task-2,3,2027,0.5,V4,18,V3,0.15,221.55690008473084,0.9473987425703875,49.61858276068795,19.447711504588256,60.15625,5,1.1366459692064514
VisualCogB_Task-2,3,2027,0.5,V5,18,V3,0.15,258.34815519092894,1.1047217093200952,71.29291506353856,26.317741836594575,89.84375,4,1.3696866214646415
VisualCogB_Task-2,3,2027,1.0,预处理,18,V3,0.15,162.20674090919974,0.6936117192244798,162.91989854817328,30.023238286224018,46.875,3,1.17032461632669
VisualCogB_Task-2,3,2027,1.0,V3,18,V3,0.15,223.65712810837852,0.9563795208172123,65.81846175817385,27.689251238057654,44.53125,5,1.2155044938489752
VisualCogB_Task-2,3,2027,1.0,V4,18,V3,0.15,223.7968655233766,0.9569770515247127,65.4429739551333,27.49265291347395,44.53125,5,1.2144585400087664
VisualCogB_Task-2,3,2027,1.0,V5,18,V3,0.15,270.6790308433296,1.1574497267431973,96.76727559522921,38.32548820789514,89.84375,5,1.5282263395030844
VisualCogB_Task-2,3,2027,2.0,预处理,18,V3,0.15,324.0226844784862,1.3855523512100063,325.07265473489883,52.511340734554075,46.875,3,2.305116987990069
VisualCogB_Task-2,3,2027,2.0,V3,18,V3,0.15,225.3146932802954,0.9634674298780538,80.96255847331167,31.48542679893229,66.40625,5,1.2712040283725
VisualCogB_Task-2,3,2027,2.0,V4,18,V3,0.15,225.79409780205975,0.9655174100002185,79.37488745010415,30.62050578983379,66.40625,5,1.266161005111142
VisualCogB_Task-2,3,2027,2.0,V5,18,V3,0.15,299.72345414319034,1.2816464911068748,132.14093828100243,50.762647575942914,66.40625,5,1.78123620293895
VisualCogB_Task-2,3,2039,0.0,预处理,18,V3,0.15,1.1152928859305201e-14,4.7691002957894044e-17,1.2150818817390729e-14,1.924386576016938e-15,0.0,5,8.189890464742665e-17
VisualCogB_Task-2,3,2039,0.0,V3,18,V3,0.15,219.31580336451694,0.9378155961466142,42.15708689662245,19.839264702741797,62.5,5,1.1127841030006946
VisualCogB_Task-2,3,2039,0.0,V4,18,V3,0.15,219.45943612131364,0.9384297837125581,42.55978767504834,19.984738468330665,62.5,5,1.114881344211217
VisualCogB_Task-2,3,2039,0.0,V5,18,V3,0.15,250.28506519345822,1.0702431563076897,53.1848626411488,24.358450667186627,125.0,4,1.2881140576860561
VisualCogB_Task-2,3,2039,0.5,预处理,18,V3,0.15,99.4936232792387,0.42544436012814013,90.09420401362794,28.05980495895194,141.6015625,4,0.738056568125675
VisualCogB_Task-2,3,2039,0.5,V3,18,V3,0.15,224.22276069904646,0.9587982205054221,65.24648057141805,22.209758446668975,64.453125,4,1.1932694287167287
VisualCogB_Task-2,3,2039,0.5,V4,18,V3,0.15,224.5621331620317,0.9602494099947689,67.983317102374,23.290497028360132,64.453125,4,1.2051934498645718
VisualCogB_Task-2,3,2039,0.5,V5,18,V3,0.15,254.9321017075832,1.090114334088553,66.32470038978525,22.08352169858159,84.9609375,4,1.3263510278862443
VisualCogB_Task-2,3,2039,1.0,预处理,18,V3,0.15,198.45206163897436,0.8486002177560831,180.34138020779287,52.14529437627755,160.15625,4,1.45715713786383
VisualCogB_Task-2,3,2039,1.0,V3,18,V3,0.15,226.29266734564186,0.9676493416100801,60.59796504328738,19.94601791149656,133.59375,5,1.1825018251599084
VisualCogB_Task-2,3,2039,1.0,V4,18,V3,0.15,226.9026787997099,0.9702578096122798,62.05762490472075,20.743820351517993,133.59375,5,1.1916425969928335
VisualCogB_Task-2,3,2039,1.0,V5,18,V3,0.15,256.822766358883,1.098198999077902,48.822086693184254,18.966897447505875,133.59375,5,1.2836872711556597
VisualCogB_Task-2,3,2039,2.0,预处理,18,V3,0.15,396.8234765725101,1.6968555823963491,361.2806355175847,97.85845762845804,178.7109375,4,2.887743293446508
VisualCogB_Task-2,3,2039,2.0,V3,18,V3,0.15,229.40407895076325,0.9809540386932384,61.77655761504796,20.018927791062982,65.625,5,1.1986381798814734
VisualCogB_Task-2,3,2039,2.0,V4,18,V3,0.15,229.76467499719442,0.9824959822789904,65.05993338850287,21.567366624761505,65.625,5,1.2138214139998873
VisualCogB_Task-2,3,2039,2.0,V5,18,V3,0.15,271.3153942173782,1.1601708781050413,47.70126755967472,21.12485207687742,65.625,5,1.3524904074487378
VisualCogB_Task-2,3,2053,0.0,预处理,18,V3,0.15,1.1152928859305201e-14,4.7691002957894044e-17,1.2150818817390729e-14,1.924386576016938e-15,0.0,5,8.189890464742665e-17
VisualCogB_Task-2,3,2053,0.0,V3,18,V3,0.15,219.31580336451694,0.9378155961466142,42.15708689662245,19.839264702741797,62.5,5,1.1127841030006946
VisualCogB_Task-2,3,2053,0.0,V4,18,V3,0.15,219.45943612131364,0.9384297837125581,42.55978767504834,19.984738468330665,62.5,5,1.114881344211217
VisualCogB_Task-2,3,2053,0.0,V5,18,V3,0.15,250.28506519345822,1.0702431563076897,53.1848626411488,24.358450667186627,125.0,4,1.2881140576860561
VisualCogB_Task-2,3,2053,0.5,预处理,18,V3,0.15,84.88097568146843,0.362959265082771,75.29651600270782,36.798931399102024,25.78125,5,0.6813026504565415
VisualCogB_Task-2,3,2053,0.5,V3,18,V3,0.15,223.2372408532048,0.95458404228587,49.340094157232855,19.76380219331486,53.90625,5,1.1445874811843681
VisualCogB_Task-2,3,2053,0.5,V4,18,V3,0.15,223.57635204808653,0.956034114567526,49.06776212219384,19.913877311702276,53.90625,5,1.1460970301271776
VisualCogB_Task-2,3,2053,0.5,V5,18,V3,0.15,255.15132463326512,1.0910517525307422,56.04652637994492,22.35512801616041,53.90625,5,1.3064746279327557
VisualCogB_Task-2,3,2053,1.0,预处理,18,V3,0.15,169.2947508765133,0.723920735679355,150.7023826891181,72.53648266125545,26.5625,5,1.3563027393144744
VisualCogB_Task-2,3,2053,1.0,V3,18,V3,0.15,216.50336821049666,0.925789351297275,51.27255616805191,20.06663579442138,89.84375,5,1.121219433247712
VisualCogB_Task-2,3,2053,1.0,V4,18,V3,0.15,215.91541321896506,0.9232751988630606,48.240368169667775,18.61000150469395,89.84375,5,1.1059936070093925
VisualCogB_Task-2,3,2053,1.0,V5,18,V3,0.15,255.9143740264555,1.094314625568554,49.33018134168904,20.26049883978848,89.84375,5,1.2864207933084428
VisualCogB_Task-2,3,2053,2.0,预处理,18,V3,0.15,338.50871879092466,1.4474960355962165,299.865005922322,140.0218005997003,37.109375,4,2.687368693551699
VisualCogB_Task-2,3,2053,2.0,V3,18,V3,0.15,217.5608614011508,0.9303112945033739,56.98650322939305,21.84212822274671,71.09375,5,1.1455502491310978
VisualCogB_Task-2,3,2053,2.0,V4,18,V3,0.15,217.48159766941924,0.9299723551169445,52.70972646704238,19.208230298129553,71.09375,5,1.1248045517354863
VisualCogB_Task-2,3,2053,2.0,V5,18,V3,0.15,290.16975456070554,1.2407939472778184,56.84362270116726,22.58199537301346,71.09375,5,1.4588911599476084
VisualCogB_Task-2,4,2027,0.0,预处理,18,V3,0.15,2.1259791646382316e-14,1.0707043598803299e-16,1.4826093793020138e-14,3.265906064105669e-15,0.0,5,1.608527198601983e-16
VisualCogB_Task-2,4,2027,0.0,V3,18,V3,0.15,170.74520449243806,0.8599220440141105,52.18234228040262,16.857264692992718,115.234375,4,1.0762227409424667
VisualCogB_Task-2,4,2027,0.0,V4,18,V3,0.15,70.65975516122029,0.3558628851006129,26.311114760312428,8.54504171108628,0.0,4,0.4651533543840325
VisualCogB_Task-2,4,2027,0.0,V5,18,V3,0.15,199.17294697912507,1.0030923456253706,62.87351588642591,20.159976598374367,173.828125,4,1.2629483665505161
VisualCogB_Task-2,4,2027,0.5,预处理,18,V3,0.15,50.6170266877387,0.254921929905005,42.87625362358222,15.679701607401489,97.65625,5,0.4418580080131942
VisualCogB_Task-2,4,2027,0.5,V3,18,V3,0.15,175.20219675852243,0.882368741190757,49.72579949561243,16.725355865055707,142.1875,5,1.0918191786417097
VisualCogB_Task-2,4,2027,0.5,V4,18,V3,0.15,78.59287195596694,0.3958163469259103,54.0186233069041,16.95192703616456,98.4375,5,0.6172178108425237
VisualCogB_Task-2,4,2027,0.5,V5,18,V3,0.15,203.19476906588233,1.0233474004000338,60.76083727109354,19.486408684323113,142.1875,5,1.2744911101450436
VisualCogB_Task-2,4,2027,1.0,预处理,18,V3,0.15,100.82431739669748,0.5077803113699474,84.8595619367578,31.30908036173818,100.0,5,0.879150462272637
VisualCogB_Task-2,4,2027,1.0,V3,18,V3,0.15,179.52453692326455,0.9041372915898047,41.250757937555775,13.06565651738547,139.0625,5,1.0738150531781052
VisualCogB_Task-2,4,2027,1.0,V4,18,V3,0.15,102.89713470839098,0.5182196165606138,74.0353846633814,22.27871157040099,96.09375,5,0.8168533907725929
VisualCogB_Task-2,4,2027,1.0,V5,18,V3,0.15,207.58563935702284,1.0454610882601554,51.96619750097459,14.554910428525304,139.0625,5,1.2496221820788878
VisualCogB_Task-2,4,2027,2.0,预处理,18,V3,0.15,202.2265798356528,1.0184713204871232,169.6941789599001,60.50099965044924,110.15625,5,1.7504861742576927
VisualCogB_Task-2,4,2027,2.0,V3,18,V3,0.15,185.28567545033113,0.9331520450803658,56.68201813859308,16.988613626080006,173.4375,5,1.161445085101428
VisualCogB_Task-2,4,2027,2.0,V4,18,V3,0.15,151.43022041198353,0.7626462192555882,130.3719545174399,38.66764742391964,110.9375,5,1.285682994905266
VisualCogB_Task-2,4,2027,2.0,V5,18,V3,0.15,223.3317484090762,1.1247630301305667,77.80668190996212,20.47557487937188,173.4375,5,1.4238123582063078
VisualCogB_Task-2,4,2039,0.0,预处理,18,V3,0.15,2.1259791646382316e-14,1.0707043598803299e-16,1.4826093793020138e-14,3.265906064105669e-15,0.0,5,1.608527198601983e-16
VisualCogB_Task-2,4,2039,0.0,V3,18,V3,0.15,170.74520449243806,0.8599220440141105,52.18234228040262,16.857264692992718,115.234375,4,1.0762227409424667
VisualCogB_Task-2,4,2039,0.0,V4,18,V3,0.15,70.65975516122029,0.3558628851006129,26.311114760312428,8.54504171108628,0.0,4,0.4651533543840325
VisualCogB_Task-2,4,2039,0.0,V5,18,V3,0.15,199.17294697912507,1.0030923456253706,62.87351588642591,20.159976598374367,173.828125,4,1.2629483665505161
VisualCogB_Task-2,4,2039,0.5,预处理,18,V3,0.15,52.23946153522406,0.26309297924414543,32.33161863605549,5.844177712120051,64.84375,5,0.3739416153270815
VisualCogB_Task-2,4,2039,0.5,V3,18,V3,0.15,168.06541163805042,0.8464258351119068,54.333761074076214,17.153738556975792,111.328125,4,1.0696372422878146
VisualCogB_Task-2,4,2039,0.5,V4,18,V3,0.15,88.77794584864466,0.44711131351815836,35.83907101202322,12.128402995467859,106.25,5,0.5984413890620772
VisualCogB_Task-2,4,2039,0.5,V5,18,V3,0.15,201.11545228240277,1.01287536199686,69.16899634609817,21.593930277981425,142.578125,4,1.2958061135029741
VisualCogB_Task-2,4,2039,1.0,预处理,18,V3,0.15,102.56773051587719,0.5165606421409497,62.51234909653116,12.125646777538293,64.84375,5,0.7350439932747869
VisualCogB_Task-2,4,2039,1.0,V3,18,V3,0.15,177.278406369146,0.8928251309762063,45.16155394136666,13.855587397823669,125.9765625,4,1.0763291597853848
VisualCogB_Task-2,4,2039,1.0,V4,18,V3,0.15,113.35808531298721,0.5709039777581983,47.78801380760596,14.570298015767014,111.71875,5,0.7646212994618572
VisualCogB_Task-2,4,2039,1.0,V5,18,V3,0.15,220.2700934259761,1.1093436535281038,63.96094715101504,18.62176828805922,125.9765625,4,1.3641911227988548
VisualCogB_Task-2,4,2039,2.0,预处理,18,V3,0.15,202.27303291214992,1.0187052715641731,119.26792996832991,22.39409528987701,65.625,5,1.4318222165878958
VisualCogB_Task-2,4,2039,2.0,V3,18,V3,0.15,185.77947371912433,0.9356389554325103,44.60078791120292,12.734779958481681,183.59375,4,1.112086185409751
VisualCogB_Task-2,4,2039,2.0,V4,18,V3,0.15,161.40568696571898,0.8128855428979835,86.76275854652397,22.42091836788134,71.09375,5,1.1442848724229475
VisualCogB_Task-2,4,2039,2.0,V5,18,V3,0.15,252.80291255129248,1.273188303824109,84.9535819775786,16.55634551182582,205.078125,2,1.5704961875510641
VisualCogB_Task-2,4,2053,0.0,预处理,18,V3,0.15,2.1259791646382316e-14,1.0707043598803299e-16,1.4826093793020138e-14,3.265906064105669e-15,0.0,5,1.608527198601983e-16
VisualCogB_Task-2,4,2053,0.0,V3,18,V3,0.15,170.74520449243806,0.8599220440141105,52.18234228040262,16.857264692992718,115.234375,4,1.0762227409424667
VisualCogB_Task-2,4,2053,0.0,V4,18,V3,0.15,70.65975516122029,0.3558628851006129,26.311114760312428,8.54504171108628,0.0,4,0.4651533543840325
VisualCogB_Task-2,4,2053,0.0,V5,18,V3,0.15,199.17294697912507,1.0030923456253706,62.87351588642591,20.159976598374367,173.828125,4,1.2629483665505161
VisualCogB_Task-2,4,2053,0.5,预处理,18,V3,0.15,46.93557662761216,0.2363810867226122,40.08366971756482,11.914809224114427,28.90625,5,0.39732395350053756
VisualCogB_Task-2,4,2053,0.5,V3,18,V3,0.15,174.71744743523587,0.8799274039353175,60.70044656776772,21.23950742927263,142.96875,5,1.1397481515625798
VisualCogB_Task-2,4,2053,0.5,V4,18,V3,0.15,75.85836932005954,0.382044603801285,50.65668890999969,16.139379556871525,84.9609375,4,0.5908880093827326
VisualCogB_Task-2,4,2053,0.5,V5,18,V3,0.15,205.46403106245586,1.0347760576223424,79.82884036161765,26.66005536317579,185.9375,5,1.3700642975417605
VisualCogB_Task-2,4,2053,1.0,预处理,18,V3,0.15,93.25290480623913,0.4696484961297163,78.6973366566654,18.7022764126024,81.0546875,4,0.7620097791711145
VisualCogB_Task-2,4,2053,1.0,V3,18,V3,0.15,178.09358904898934,0.8969306258179477,71.05676482723302,23.747146354960382,153.125,5,1.1954592668431152
VisualCogB_Task-2,4,2053,1.0,V4,18,V3,0.15,97.97095199771486,0.4934099411243752,71.12363213949017,19.658827091330128,133.7890625,4,0.7715170099583267
VisualCogB_Task-2,4,2053,1.0,V5,18,V3,0.15,212.73157105878767,1.0713774829284144,99.16718052337113,26.98726682636529,180.98958333333334,3,1.4570103804074481
VisualCogB_Task-2,4,2053,2.0,预处理,18,V3,0.15,186.07853992739925,0.9371451390227306,155.12523757579896,24.961431836836592,108.07291666666667,3,1.4534857966470782
VisualCogB_Task-2,4,2053,2.0,V3,18,V3,0.15,188.8458567610777,0.9510821439015811,79.90376197725683,23.011650187941765,129.6875,5,1.2681846276208255
VisualCogB_Task-2,4,2053,2.0,V4,18,V3,0.15,150.1075950883985,0.7559850970583177,128.91499821904344,23.88231440867015,158.85416666666666,3,1.2008898499279848
VisualCogB_Task-2,4,2053,2.0,V5,18,V3,0.15,234.6239236396803,1.1816336780326964,127.14602251514961,30.109169588945665,123.046875,4,1.6534441319819742
VisualCogB_Task-2,5,2027,0.0,预处理,18,V3,0.15,1.3358991204567832e-14,5.778943825322084e-17,1.4101116743087056e-14,4.736951571734001e-15,0.0,3,1.0878083180944558e-16
VisualCogB_Task-2,5,2027,0.0,V3,18,V3,0.15,212.12553451303435,0.9176303278409886,207.11246215824346,73.67455072463865,0.0,3,1.6843100242926488
VisualCogB_Task-2,5,2027,0.0,V4,18,V3,0.15,212.2126611000456,0.9180072272971825,208.4949487364221,73.9106508716677,0.0,3,1.6886985033225137
VisualCogB_Task-2,5,2027,0.0,V5,18,V3,0.15,244.45713141490205,1.0574930460789975,239.34744295836637,83.4769051688602,0.0,2,1.9362989689967387
VisualCogB_Task-2,5,2027,0.5,预处理,18,V3,0.15,74.3141170972782,0.3214742053177893,82.87424116626885,22.73745325670585,65.10416666666667,3,0.5990859288045244
VisualCogB_Task-2,5,2027,0.5,V3,18,V3,0.15,213.53276438830855,0.9237178401942746,233.2708875190226,81.04542138746687,23.4375,2,1.7788622126487168
VisualCogB_Task-2,5,2027,0.5,V4,18,V3,0.15,213.10999673416154,0.9218889966183889,234.4698346024629,81.54813159072211,23.4375,2,1.7818012874357219
VisualCogB_Task-2,5,2027,0.5,V5,18,V3,0.15,250.82848528976587,1.085054780023022,265.77799755468476,86.17560276239048,234.375,1,2.0327027027058455
VisualCogB_Task-2,5,2027,1.0,预处理,18,V3,0.15,146.82020713146105,0.6351270963819114,162.6492718529075,50.254018931559465,132.8125,3,1.204321014838795
VisualCogB_Task-2,5,2027,1.0,V3,18,V3,0.15,217.89159113679344,0.9425736164561771,235.69095688316514,81.33055634952272,121.09375,2,1.8041859184499267
VisualCogB_Task-2,5,2027,1.0,V4,18,V3,0.15,217.66593914949937,0.9415974722708296,237.91502164960642,82.06960894686416,121.09375,2,1.8112173520485273
VisualCogB_Task-2,5,2027,1.0,V5,18,V3,0.15,261.6073884187608,1.1316830581071868,270.16073536025107,86.30742852871852,222.65625,1,2.089380850037241
VisualCogB_Task-2,5,2027,2.0,预处理,18,V3,0.15,293.0798214639765,1.2678291336823564,325.7321963374,81.41936563233075,191.40625,1,2.324579565680696
VisualCogB_Task-2,5,2027,2.0,V3,18,V3,0.15,217.05328795468057,0.9389472146389781,216.29641468111336,75.94589010772061,22.135416666666668,3,1.73531681428599
VisualCogB_Task-2,5,2027,2.0,V4,18,V3,0.15,216.12529689559858,0.9349328335238815,218.4811667939321,76.50590575301071,22.135416666666668,3,1.7384504869987039
VisualCogB_Task-2,5,2027,2.0,V5,18,V3,0.15,278.3289202787695,1.2040184551536959,252.7614224203348,79.37071873787933,19.53125,1,2.094075149885923
VisualCogB_Task-2,5,2039,0.0,预处理,18,V3,0.15,1.3358991204567832e-14,5.778943825322084e-17,1.4101116743087056e-14,4.736951571734001e-15,0.0,3,1.0878083180944558e-16
VisualCogB_Task-2,5,2039,0.0,V3,18,V3,0.15,212.12553451303435,0.9176303278409886,207.11246215824346,73.67455072463865,0.0,3,1.6843100242926488
VisualCogB_Task-2,5,2039,0.0,V4,18,V3,0.15,212.2126611000456,0.9180072272971825,208.4949487364221,73.9106508716677,0.0,3,1.6886985033225137
VisualCogB_Task-2,5,2039,0.0,V5,18,V3,0.15,244.45713141490205,1.0574930460789975,239.34744295836637,83.4769051688602,0.0,2,1.9362989689967387
VisualCogB_Task-2,5,2039,0.5,预处理,18,V3,0.15,68.6854392345227,0.29712520120393393,25.247136027178556,7.0119152723086104,0.0,3,0.3820660123435169
VisualCogB_Task-2,5,2039,0.5,V3,18,V3,0.15,211.9520148514694,0.9168797020179624,219.29380478193642,78.40734030163146,190.10416666666666,3,1.730380428227308
VisualCogB_Task-2,5,2039,0.5,V4,18,V3,0.15,212.27758978211958,0.9182881012049589,221.74334323442685,79.3294694866117,190.10416666666666,3,1.7410760596065846
VisualCogB_Task-2,5,2039,0.5,V5,18,V3,0.15,236.37145837248593,1.0225153673108083,245.10119818533147,88.57790500645392,190.10416666666666,3,1.9358326578378862
VisualCogB_Task-2,5,2039,1.0,预处理,18,V3,0.15,136.55939060693177,0.5907400005382403,50.46111801190472,14.549723257235357,0.0,3,0.7628248631106573
VisualCogB_Task-2,5,2039,1.0,V3,18,V3,0.15,215.2201408132871,0.9310172338556684,209.22783167849093,74.3249337004586,88.54166666666667,3,1.70508583216729
VisualCogB_Task-2,5,2039,1.0,V4,18,V3,0.15,214.85729384553218,0.9294476001821863,209.01476891766083,74.28188918376047,88.54166666666667,3,1.7028691506038864
VisualCogB_Task-2,5,2039,1.0,V5,18,V3,0.15,231.80918781628134,1.0027795168588578,224.91962123147027,81.53317940236026,126.30208333333333,3,1.8419705715228598
VisualCogB_Task-2,5,2039,2.0,预处理,18,V3,0.15,273.0914727356702,1.1813618677840652,101.66102838392406,31.55086582826186,0.0,3,1.5377341118398888
VisualCogB_Task-2,5,2039,2.0,V3,18,V3,0.15,218.90280017474583,0.9469479888444057,205.8354155668654,72.71621141155104,190.10416666666666,3,1.706719843849384
VisualCogB_Task-2,5,2039,2.0,V4,18,V3,0.15,218.18742124469242,0.9438533430082858,205.03348531609137,72.3633255993959,190.10416666666666,3,1.7003641267586975
VisualCogB_Task-2,5,2039,2.0,V5,18,V3,0.15,231.220359778231,1.0002323154253363,207.5535247151591,74.1372478795311,127.60416666666667,3,1.7698675784132214
VisualCogB_Task-2,5,2053,0.0,预处理,18,V3,0.15,1.3358991204567832e-14,5.778943825322084e-17,1.4101116743087056e-14,4.736951571734001e-15,0.0,3,1.0878083180944558e-16
VisualCogB_Task-2,5,2053,0.0,V3,18,V3,0.15,212.12553451303435,0.9176303278409886,207.11246215824346,73.67455072463865,0.0,3,1.6843100242926488
VisualCogB_Task-2,5,2053,0.0,V4,18,V3,0.15,212.2126611000456,0.9180072272971825,208.4949487364221,73.9106508716677,0.0,3,1.6886985033225137
VisualCogB_Task-2,5,2053,0.0,V5,18,V3,0.15,244.45713141490205,1.0574930460789975,239.34744295836637,83.4769051688602,0.0,2,1.9362989689967387
VisualCogB_Task-2,5,2053,0.5,预处理,18,V3,0.15,67.51052358003038,0.2920426530812276,54.02422231034684,16.782959169175466,0.0,3,0.48149502067010946
VisualCogB_Task-2,5,2053,0.5,V3,18,V3,0.15,214.49469334951135,0.9278790327166865,196.99544388662923,69.97375932701605,145.83333333333334,3,1.6566670164209834
VisualCogB_Task-2,5,2053,0.5,V4,18,V3,0.15,214.57562102584626,0.9282291164081058,197.16231681733555,69.91630905233485,145.83333333333334,3,1.657129513343183
VisualCogB_Task-2,5,2053,0.5,V5,18,V3,0.15,250.845272270862,1.0851273985458323,225.31602451531927,78.30848148106463,93.75,2,1.9112261832036594
VisualCogB_Task-2,5,2053,1.0,预处理,18,V3,0.15,134.89331299486506,0.5835327430579987,107.98578267311616,36.80367854632688,7.8125,3,0.9763081172237589
VisualCogB_Task-2,5,2053,1.0,V3,18,V3,0.15,218.00064423670975,0.9430453674505023,204.78809236757644,76.0115803222917,101.5625,3,1.7148073050940427
VisualCogB_Task-2,5,2053,1.0,V4,18,V3,0.15,218.13467611679027,0.9436251737352185,203.98383509710226,75.6220872530353,101.5625,3,1.7119626481905434
VisualCogB_Task-2,5,2053,1.0,V5,18,V3,0.15,260.94066963092064,1.1287989103723655,228.5926331893055,83.67844680363233,60.546875,2,1.985214652392559
VisualCogB_Task-2,5,2053,2.0,预处理,18,V3,0.15,269.710598872684,1.1667366016726417,216.05429889921572,85.88206464161595,11.71875,3,2.0055652514455176
VisualCogB_Task-2,5,2053,2.0,V3,18,V3,0.15,218.0618123951627,0.9433099737715822,201.4260989382386,72.55641607445968,121.09375,3,1.6928534779828464
VisualCogB_Task-2,5,2053,2.0,V4,18,V3,0.15,218.12649063975536,0.9435897643160162,199.1736116382614,71.78555770284312,121.09375,3,1.6849266263895024
VisualCogB_Task-2,5,2053,2.0,V5,18,V3,0.15,279.7612834498254,1.2102146912139171,218.56326699008042,80.25824488700191,121.09375,3,2.030142104186292
