scenario,time_s,correct_cdf,error_cdf,unresolved_survival
nominal,0.0,0.0,0.0,1.0
nominal,0.00390625,0.0,0.0,1.0
nominal,0.0078125,0.0,0.0,1.0
nominal,0.01171875,0.0,0.0,1.0
nominal,0.015625,0.0,0.0,1.0
nominal,0.01953125,0.0,0.0,1.0
nominal,0.0234375,0.0,0.0,1.0
nominal,0.02734375,0.0,0.0,1.0
nominal,0.03125,0.0,0.0,1.0
nominal,0.03515625,0.0,0.0,1.0
nominal,0.0390625,0.0,0.0,1.0
nominal,0.04296875,0.0,0.0,1.0
nominal,0.046875,0.0,0.0,1.0
nominal,0.05078125,0.0,0.0,1.0
nominal,0.0546875,0.0,0.0,1.0
nominal,0.05859375,0.0,0.0,1.0
nominal,0.0625,0.0,0.0,1.0
nominal,0.06640625,0.0,0.0,1.0
nominal,0.0703125,0.0,0.0,1.0
nominal,0.07421875,0.0,0.0,1.0
nominal,0.078125,0.0,0.0,1.0
nominal,0.08203125,0.0,0.0,1.0
nominal,0.0859375,0.0,0.0,1.0
nominal,0.08984375,0.0,0.0,1.0
nominal,0.09375,0.0,0.0,1.0
nominal,0.09765625,0.0,0.0,1.0
nominal,0.1015625,0.0,0.0,1.0
nominal,0.10546875,0.0,0.0,1.0
nominal,0.109375,0.0,0.0,1.0
nominal,0.11328125,0.0,0.0,1.0
nominal,0.1171875,0.0,0.0,1.0
nominal,0.12109375,0.0,0.0,1.0
nominal,0.125,0.0,0.0,1.0
nominal,0.12890625,0.0,0.0,1.0
nominal,0.1328125,0.0,0.0,1.0
nominal,0.13671875,0.0,0.0,1.0
nominal,0.140625,0.0,0.0,1.0
nominal,0.14453125,0.0,0.0,1.0
nominal,0.1484375,0.0,0.0,1.0
nominal,0.15234375,0.0,0.0,1.0
nominal,0.15625,0.0,0.0,1.0
nominal,0.16015625,0.0,0.0,1.0
nominal,0.1640625,0.0,0.0,1.0
nominal,0.16796875,0.0,0.0,1.0
nominal,0.171875,0.0,0.0,1.0
nominal,0.17578125,0.00016666666666666666,0.0,0.9998333333333334
nominal,0.1796875,0.00016666666666666666,0.0,0.9998333333333334
nominal,0.18359375,0.00016666666666666666,0.0,0.9998333333333334
nominal,0.1875,0.00016666666666666666,0.0,0.9998333333333334
nominal,0.19140625,0.0005,0.0,0.9995
nominal,0.1953125,0.0006666666666666666,0.0,0.9993333333333333
nominal,0.19921875,0.0006666666666666666,0.0,0.9993333333333333
nominal,0.203125,0.0008333333333333334,0.0,0.9991666666666666
nominal,0.20703125,0.001,0.0,0.999
nominal,0.2109375,0.001,0.0,0.999
nominal,0.21484375,0.0011666666666666668,0.0,0.9988333333333334
nominal,0.21875,0.0011666666666666668,0.0,0.9988333333333334
nominal,0.22265625,0.0013333333333333333,0.0,0.9986666666666667
nominal,0.2265625,0.0016666666666666668,0.0,0.9983333333333333
nominal,0.23046875,0.0016666666666666668,0.0,0.9983333333333333
nominal,0.234375,0.0023333333333333335,0.0,0.9976666666666667
nominal,0.23828125,0.0025,0.0,0.9975
nominal,0.2421875,0.0028333333333333335,0.0,0.9971666666666666
nominal,0.24609375,0.0033333333333333335,0.0,0.9966666666666667
nominal,0.25,0.0036666666666666666,0.0,0.9963333333333333
nominal,0.25390625,0.004,0.0,0.996
nominal,0.2578125,0.005,0.0,0.995
nominal,0.26171875,0.005166666666666667,0.0,0.9948333333333333
nominal,0.265625,0.0055,0.0,0.9945
nominal,0.26953125,0.006,0.0,0.994
nominal,0.2734375,0.006833333333333334,0.0,0.9931666666666666
nominal,0.27734375,0.007833333333333333,0.0,0.9921666666666666
nominal,0.28125,0.008333333333333333,0.0,0.9916666666666667
nominal,0.28515625,0.009166666666666667,0.0,0.9908333333333333
nominal,0.2890625,0.009833333333333333,0.0,0.9901666666666666
nominal,0.29296875,0.010666666666666666,0.0,0.9893333333333333
nominal,0.296875,0.011333333333333334,0.0,0.9886666666666667
nominal,0.30078125,0.012,0.0,0.988
nominal,0.3046875,0.012833333333333334,0.0,0.9871666666666666
nominal,0.30859375,0.014166666666666666,0.0,0.9858333333333333
nominal,0.3125,0.01633333333333333,0.0,0.9836666666666667
nominal,0.31640625,0.017666666666666667,0.0,0.9823333333333333
nominal,0.3203125,0.018333333333333333,0.0,0.9816666666666667
nominal,0.32421875,0.019333333333333334,0.0,0.9806666666666667
nominal,0.328125,0.021,0.0,0.979
nominal,0.33203125,0.02266666666666667,0.0,0.9773333333333334
nominal,0.3359375,0.023833333333333335,0.0,0.9761666666666666
nominal,0.33984375,0.025833333333333333,0.0,0.9741666666666666
nominal,0.34375,0.0275,0.0,0.9725
nominal,0.34765625,0.0285,0.0,0.9715
nominal,0.3515625,0.030833333333333334,0.0,0.9691666666666666
nominal,0.35546875,0.03216666666666667,0.0,0.9678333333333333
nominal,0.359375,0.03383333333333333,0.0,0.9661666666666666
nominal,0.36328125,0.0355,0.0,0.9645
nominal,0.3671875,0.03716666666666667,0.0,0.9628333333333333
nominal,0.37109375,0.03866666666666667,0.0,0.9613333333333334
nominal,0.375,0.04066666666666666,0.0,0.9593333333333334
nominal,0.37890625,0.042166666666666665,0.0,0.9578333333333333
nominal,0.3828125,0.044833333333333336,0.0,0.9551666666666667
nominal,0.38671875,0.04633333333333333,0.0,0.9536666666666667
nominal,0.390625,0.04766666666666667,0.0,0.9523333333333334
nominal,0.39453125,0.049,0.0,0.951
nominal,0.3984375,0.053,0.0,0.947
nominal,0.40234375,0.056,0.0,0.944
nominal,0.40625,0.058333333333333334,0.0,0.9416666666666667
nominal,0.41015625,0.061,0.0,0.9390000000000001
nominal,0.4140625,0.06316666666666666,0.0,0.9368333333333333
nominal,0.41796875,0.06633333333333333,0.0,0.9336666666666666
nominal,0.421875,0.06966666666666667,0.0,0.9303333333333333
nominal,0.42578125,0.072,0.0,0.928
nominal,0.4296875,0.07516666666666667,0.0,0.9248333333333333
nominal,0.43359375,0.078,0.0,0.922
nominal,0.4375,0.081,0.0,0.919
nominal,0.44140625,0.08383333333333333,0.0,0.9161666666666667
nominal,0.4453125,0.087,0.00016666666666666666,0.9128333333333334
nominal,0.44921875,0.09016666666666667,0.00016666666666666666,0.9096666666666666
nominal,0.453125,0.096,0.00016666666666666666,0.9038333333333334
nominal,0.45703125,0.09933333333333333,0.00016666666666666666,0.9005000000000001
nominal,0.4609375,0.10333333333333333,0.0003333333333333333,0.8963333333333334
nominal,0.46484375,0.10666666666666667,0.0003333333333333333,0.893
nominal,0.46875,0.11033333333333334,0.0003333333333333333,0.8893333333333333
nominal,0.47265625,0.11466666666666667,0.0003333333333333333,0.885
nominal,0.4765625,0.1185,0.0003333333333333333,0.8811666666666667
nominal,0.48046875,0.123,0.0003333333333333333,0.8766666666666667
nominal,0.484375,0.1265,0.0003333333333333333,0.8731666666666666
nominal,0.48828125,0.1295,0.0003333333333333333,0.8701666666666668
nominal,0.4921875,0.1355,0.0003333333333333333,0.8641666666666667
nominal,0.49609375,0.1375,0.0003333333333333333,0.8621666666666667
nominal,0.5,0.14166666666666666,0.0003333333333333333,0.8580000000000001
nominal,0.50390625,0.14633333333333334,0.0003333333333333333,0.8533333333333334
nominal,0.5078125,0.15,0.0003333333333333333,0.8496666666666667
nominal,0.51171875,0.1545,0.0003333333333333333,0.8451666666666667
nominal,0.515625,0.15866666666666668,0.0003333333333333333,0.841
nominal,0.51953125,0.16383333333333333,0.0003333333333333333,0.8358333333333334
nominal,0.5234375,0.16766666666666666,0.0003333333333333333,0.8320000000000001
nominal,0.52734375,0.17283333333333334,0.0003333333333333333,0.8268333333333333
nominal,0.53125,0.17833333333333334,0.0003333333333333333,0.8213333333333334
nominal,0.53515625,0.18183333333333335,0.0003333333333333333,0.8178333333333334
nominal,0.5390625,0.18733333333333332,0.0003333333333333333,0.8123333333333334
nominal,0.54296875,0.19133333333333333,0.0003333333333333333,0.8083333333333333
nominal,0.546875,0.197,0.0005,0.8025
nominal,0.55078125,0.20166666666666666,0.0005,0.7978333333333334
nominal,0.5546875,0.20733333333333334,0.0005,0.7921666666666667
nominal,0.55859375,0.213,0.0005,0.7865000000000001
nominal,0.5625,0.21783333333333332,0.0005,0.7816666666666667
nominal,0.56640625,0.2235,0.0005,0.776
nominal,0.5703125,0.2285,0.0005,0.771
nominal,0.57421875,0.234,0.0005,0.7655000000000001
nominal,0.578125,0.23783333333333334,0.0005,0.7616666666666667
nominal,0.58203125,0.24316666666666667,0.0005,0.7563333333333334
nominal,0.5859375,0.24783333333333332,0.0005,0.7516666666666667
nominal,0.58984375,0.25166666666666665,0.0005,0.7478333333333333
nominal,0.59375,0.25533333333333336,0.0005,0.7441666666666666
nominal,0.59765625,0.2605,0.0005,0.7390000000000001
nominal,0.6015625,0.2655,0.0005,0.734
nominal,0.60546875,0.2703333333333333,0.0005,0.7291666666666667
nominal,0.609375,0.27566666666666667,0.0005,0.7238333333333333
nominal,0.61328125,0.2806666666666667,0.0005,0.7188333333333334
nominal,0.6171875,0.28683333333333333,0.0005,0.7126666666666668
nominal,0.62109375,0.29233333333333333,0.0005,0.7071666666666667
nominal,0.625,0.297,0.0005,0.7025000000000001
nominal,0.62890625,0.3016666666666667,0.0005,0.6978333333333333
nominal,0.6328125,0.30666666666666664,0.0005,0.6928333333333334
nominal,0.63671875,0.30966666666666665,0.0005,0.6898333333333334
nominal,0.640625,0.31466666666666665,0.0005,0.6848333333333334
nominal,0.64453125,0.3185,0.0005,0.681
nominal,0.6484375,0.323,0.0005,0.6765000000000001
nominal,0.65234375,0.32666666666666666,0.0005,0.6728333333333334
nominal,0.65625,0.3308333333333333,0.0005,0.6686666666666667
nominal,0.66015625,0.33566666666666667,0.0005,0.6638333333333334
nominal,0.6640625,0.3413333333333333,0.0005,0.6581666666666668
nominal,0.66796875,0.3468333333333333,0.0005,0.6526666666666667
nominal,0.671875,0.34983333333333333,0.0005,0.6496666666666667
nominal,0.67578125,0.356,0.0005,0.6435000000000001
nominal,0.6796875,0.36083333333333334,0.0005,0.6386666666666667
nominal,0.68359375,0.36733333333333335,0.0005,0.6321666666666668
nominal,0.6875,0.37283333333333335,0.0005,0.6266666666666667
nominal,0.69140625,0.37716666666666665,0.0005,0.6223333333333334
nominal,0.6953125,0.38183333333333336,0.0006666666666666666,0.6174999999999999
nominal,0.69921875,0.38666666666666666,0.0006666666666666666,0.6126666666666666
nominal,0.703125,0.3923333333333333,0.0006666666666666666,0.607
nominal,0.70703125,0.3978333333333333,0.0006666666666666666,0.6015
nominal,0.7109375,0.40116666666666667,0.0006666666666666666,0.5981666666666666
nominal,0.71484375,0.407,0.0006666666666666666,0.5923333333333333
nominal,0.71875,0.413,0.0006666666666666666,0.5863333333333333
nominal,0.72265625,0.4186666666666667,0.0006666666666666666,0.5806666666666666
nominal,0.7265625,0.42283333333333334,0.0006666666666666666,0.5764999999999999
nominal,0.73046875,0.427,0.0006666666666666666,0.5723333333333332
nominal,0.734375,0.43133333333333335,0.0006666666666666666,0.568
nominal,0.73828125,0.43666666666666665,0.0006666666666666666,0.5626666666666666
nominal,0.7421875,0.44166666666666665,0.0006666666666666666,0.5576666666666666
nominal,0.74609375,0.44666666666666666,0.0006666666666666666,0.5526666666666666
nominal,0.75,0.4505,0.0006666666666666666,0.5488333333333333
nominal,0.75390625,0.45566666666666666,0.0006666666666666666,0.5436666666666666
nominal,0.7578125,0.461,0.0006666666666666666,0.5383333333333332
nominal,0.76171875,0.4668333333333333,0.0006666666666666666,0.5325
nominal,0.765625,0.4718333333333333,0.0006666666666666666,0.5275
nominal,0.76953125,0.4771666666666667,0.0006666666666666666,0.5221666666666666
nominal,0.7734375,0.484,0.0006666666666666666,0.5153333333333333
nominal,0.77734375,0.48833333333333334,0.0006666666666666666,0.511
nominal,0.78125,0.49216666666666664,0.0006666666666666666,0.5071666666666667
nominal,0.78515625,0.497,0.0006666666666666666,0.5023333333333333
nominal,0.7890625,0.501,0.0006666666666666666,0.49833333333333335
nominal,0.79296875,0.5045,0.0006666666666666666,0.4948333333333334
nominal,0.796875,0.5076666666666667,0.0006666666666666666,0.49166666666666664
nominal,0.80078125,0.5133333333333333,0.0006666666666666666,0.48600000000000004
nominal,0.8046875,0.5185,0.0006666666666666666,0.4808333333333334
nominal,0.80859375,0.5241666666666667,0.0006666666666666666,0.4751666666666667
nominal,0.8125,0.5283333333333333,0.0006666666666666666,0.47100000000000003
nominal,0.81640625,0.5331666666666667,0.0006666666666666666,0.4661666666666667
nominal,0.8203125,0.5368333333333334,0.0006666666666666666,0.46249999999999997
nominal,0.82421875,0.5418333333333333,0.0006666666666666666,0.4575000000000001
nominal,0.828125,0.5488333333333333,0.0006666666666666666,0.45050000000000007
nominal,0.83203125,0.5531666666666667,0.0006666666666666666,0.44616666666666666
nominal,0.8359375,0.5568333333333333,0.0006666666666666666,0.44250000000000006
nominal,0.83984375,0.5618333333333333,0.0006666666666666666,0.43750000000000006
nominal,0.84375,0.5648333333333333,0.0006666666666666666,0.43450000000000005
nominal,0.84765625,0.5698333333333333,0.0006666666666666666,0.42950000000000005
nominal,0.8515625,0.5741666666666667,0.0006666666666666666,0.42516666666666664
nominal,0.85546875,0.5788333333333333,0.0008333333333333334,0.42033333333333334
nominal,0.859375,0.584,0.0008333333333333334,0.4151666666666667
nominal,0.86328125,0.5871666666666666,0.0008333333333333334,0.41200000000000003
nominal,0.8671875,0.5926666666666667,0.0008333333333333334,0.4065
nominal,0.87109375,0.597,0.0008333333333333334,0.4021666666666667
nominal,0.875,0.6003333333333334,0.0008333333333333334,0.39883333333333326
nominal,0.87890625,0.6045,0.0008333333333333334,0.3946666666666666
nominal,0.8828125,0.6073333333333333,0.0008333333333333334,0.39183333333333337
nominal,0.88671875,0.6115,0.0008333333333333334,0.3876666666666666
nominal,0.890625,0.6156666666666667,0.0008333333333333334,0.38349999999999995
nominal,0.89453125,0.6208333333333333,0.0008333333333333334,0.3783333333333333
nominal,0.8984375,0.6255,0.0008333333333333334,0.3736666666666667
nominal,0.90234375,0.6281666666666667,0.0008333333333333334,0.371
nominal,0.90625,0.632,0.0008333333333333334,0.36716666666666664
nominal,0.91015625,0.6346666666666667,0.0008333333333333334,0.36449999999999994
nominal,0.9140625,0.6381666666666667,0.0008333333333333334,0.361
nominal,0.91796875,0.6413333333333333,0.0008333333333333334,0.35783333333333334
nominal,0.921875,0.6456666666666667,0.0008333333333333334,0.3534999999999999
nominal,0.92578125,0.6498333333333334,0.0008333333333333334,0.3493333333333333
nominal,0.9296875,0.6543333333333333,0.0008333333333333334,0.3448333333333333
nominal,0.93359375,0.6596666666666666,0.0008333333333333334,0.3395
nominal,0.9375,0.6643333333333333,0.0008333333333333334,0.3348333333333333
nominal,0.94140625,0.6675,0.0008333333333333334,0.33166666666666667
nominal,0.9453125,0.6715,0.0008333333333333334,0.32766666666666666
nominal,0.94921875,0.6756666666666666,0.0008333333333333334,0.3235
nominal,0.953125,0.6803333333333333,0.0008333333333333334,0.3188333333333333
nominal,0.95703125,0.6833333333333333,0.0008333333333333334,0.3158333333333333
nominal,0.9609375,0.6868333333333333,0.0008333333333333334,0.31233333333333335
nominal,0.96484375,0.6901666666666667,0.0008333333333333334,0.30899999999999994
nominal,0.96875,0.693,0.0008333333333333334,0.3061666666666667
nominal,0.97265625,0.6971666666666667,0.0008333333333333334,0.30199999999999994
nominal,0.9765625,0.7003333333333334,0.0008333333333333334,0.2988333333333333
nominal,0.98046875,0.704,0.0008333333333333334,0.2951666666666667
nominal,0.984375,0.7061666666666667,0.0008333333333333334,0.2929999999999999
nominal,0.98828125,0.7093333333333334,0.0008333333333333334,0.2898333333333333
nominal,0.9921875,0.7123333333333334,0.0008333333333333334,0.2868333333333333
nominal,0.99609375,0.7141666666666666,0.0008333333333333334,0.28500000000000003
nominal,1.0,0.7178333333333333,0.0008333333333333334,0.2813333333333333
nominal,1.00390625,0.7215,0.0008333333333333334,0.2776666666666666
nominal,1.0078125,0.7255,0.0008333333333333334,0.2736666666666666
nominal,1.01171875,0.7286666666666667,0.0008333333333333334,0.27049999999999996
nominal,1.015625,0.731,0.0008333333333333334,0.26816666666666666
nominal,1.01953125,0.7336666666666667,0.0008333333333333334,0.26549999999999996
nominal,1.0234375,0.7356666666666667,0.0008333333333333334,0.26349999999999996
nominal,1.02734375,0.74,0.0008333333333333334,0.25916666666666666
nominal,1.03125,0.7436666666666667,0.0008333333333333334,0.25549999999999995
nominal,1.03515625,0.7456666666666667,0.0008333333333333334,0.25349999999999995
nominal,1.0390625,0.7481666666666666,0.0008333333333333334,0.251
nominal,1.04296875,0.7503333333333333,0.0008333333333333334,0.24883333333333338
nominal,1.046875,0.752,0.0008333333333333334,0.24716666666666667
nominal,1.05078125,0.7536666666666667,0.001,0.2453333333333333
nominal,1.0546875,0.756,0.001,0.243
nominal,1.05859375,0.7578333333333334,0.001,0.24116666666666664
nominal,1.0625,0.7596666666666667,0.001,0.2393333333333333
nominal,1.06640625,0.7618333333333334,0.001,0.23716666666666664
nominal,1.0703125,0.764,0.001,0.235
nominal,1.07421875,0.767,0.001,0.23199999999999998
nominal,1.078125,0.7691666666666667,0.001,0.22983333333333333
nominal,1.08203125,0.7708333333333334,0.001,0.22816666666666663
nominal,1.0859375,0.774,0.001,0.22499999999999998
nominal,1.08984375,0.7758333333333334,0.001,0.22316666666666662
nominal,1.09375,0.7775,0.001,0.22150000000000003
nominal,1.09765625,0.7798333333333334,0.001,0.21916666666666662
nominal,1.1015625,0.7816666666666666,0.001,0.21733333333333338
nominal,1.10546875,0.7835,0.001,0.21550000000000002
nominal,1.109375,0.7851666666666667,0.001,0.21383333333333332
nominal,1.11328125,0.7885,0.001,0.21050000000000002
nominal,1.1171875,0.7906666666666666,0.001,0.20833333333333337
nominal,1.12109375,0.792,0.001,0.20699999999999996
nominal,1.125,0.7953333333333333,0.001,0.20366666666666666
nominal,1.12890625,0.7973333333333333,0.001,0.20166666666666666
nominal,1.1328125,0.7988333333333333,0.001,0.20016666666666671
nominal,1.13671875,0.8005,0.001,0.1985
nominal,1.140625,0.802,0.001,0.19699999999999995
nominal,1.14453125,0.8051666666666667,0.001,0.1938333333333333
nominal,1.1484375,0.8076666666666666,0.001,0.19133333333333336
nominal,1.15234375,0.8108333333333333,0.001,0.1881666666666667
nominal,1.15625,0.812,0.001,0.18699999999999994
nominal,1.16015625,0.8136666666666666,0.001,0.18533333333333335
nominal,1.1640625,0.8148333333333333,0.001,0.1841666666666667
nominal,1.16796875,0.8165,0.001,0.1825
nominal,1.171875,0.8191666666666667,0.001,0.1798333333333333
nominal,1.17578125,0.8221666666666667,0.001,0.1768333333333333
nominal,1.1796875,0.8226666666666667,0.001,0.17633333333333334
nominal,1.18359375,0.824,0.001,0.17500000000000004
nominal,1.1875,0.8251666666666667,0.001,0.17383333333333328
nominal,1.19140625,0.8266666666666667,0.001,0.17233333333333334
nominal,1.1953125,0.829,0.001,0.17000000000000004
nominal,1.19921875,0.83,0.001,0.16900000000000004
nominal,1.203125,0.832,0.001,0.16700000000000004
nominal,1.20703125,0.834,0.001,0.16500000000000004
nominal,1.2109375,0.8366666666666667,0.001,0.16233333333333333
nominal,1.21484375,0.8388333333333333,0.001,0.16016666666666668
nominal,1.21875,0.8401666666666666,0.001,0.15883333333333338
nominal,1.22265625,0.8411666666666666,0.001,0.15783333333333338
nominal,1.2265625,0.8426666666666667,0.001,0.15633333333333332
nominal,1.23046875,0.8443333333333334,0.001,0.15466666666666662
nominal,1.234375,0.845,0.001,0.15400000000000003
nominal,1.23828125,0.8468333333333333,0.001,0.15216666666666667
nominal,1.2421875,0.848,0.001,0.15100000000000002
nominal,1.24609375,0.8503333333333334,0.001,0.1486666666666666
nominal,1.25,0.8523333333333334,0.001,0.1466666666666666
nominal,1.25390625,0.8536666666666667,0.001,0.14533333333333331
nominal,1.2578125,0.8556666666666667,0.001,0.1433333333333333
nominal,1.26171875,0.8568333333333333,0.001,0.14216666666666666
nominal,1.265625,0.8581666666666666,0.001,0.14083333333333337
nominal,1.26953125,0.8596666666666667,0.001,0.1393333333333333
nominal,1.2734375,0.8603333333333333,0.001,0.13866666666666672
nominal,1.27734375,0.8628333333333333,0.001,0.13616666666666666
nominal,1.28125,0.864,0.001,0.135
nominal,1.28515625,0.8651666666666666,0.001,0.13383333333333336
nominal,1.2890625,0.8666666666666667,0.001,0.1323333333333333
nominal,1.29296875,0.8676666666666667,0.001,0.1313333333333333
nominal,1.296875,0.8693333333333333,0.001,0.1296666666666667
nominal,1.30078125,0.8711666666666666,0.001,0.12783333333333335
nominal,1.3046875,0.873,0.001,0.126
nominal,1.30859375,0.8743333333333333,0.001,0.1246666666666667
nominal,1.3125,0.876,0.001,0.123
nominal,1.31640625,0.8781666666666667,0.001,0.12083333333333335
nominal,1.3203125,0.8795,0.001,0.11950000000000005
nominal,1.32421875,0.88,0.001,0.119
nominal,1.328125,0.8813333333333333,0.001,0.1176666666666667
nominal,1.33203125,0.8821666666666667,0.001,0.11683333333333334
nominal,1.3359375,0.8841666666666667,0.001,0.11483333333333334
nominal,1.33984375,0.8851666666666667,0.001,0.11383333333333334
nominal,1.34375,0.8863333333333333,0.001,0.11266666666666669
nominal,1.34765625,0.887,0.001,0.11199999999999999
nominal,1.3515625,0.8881666666666667,0.001,0.11083333333333334
nominal,1.35546875,0.8895,0.001,0.10950000000000004
nominal,1.359375,0.8903333333333333,0.001,0.10866666666666669
nominal,1.36328125,0.8913333333333333,0.001,0.10766666666666669
nominal,1.3671875,0.8926666666666667,0.001,0.10633333333333328
nominal,1.37109375,0.8935,0.001,0.10550000000000004
nominal,1.375,0.8948333333333334,0.001,0.10416666666666663
nominal,1.37890625,0.8958333333333334,0.001,0.10316666666666663
nominal,1.3828125,0.8971666666666667,0.001,0.10183333333333333
nominal,1.38671875,0.898,0.001,0.10099999999999998
nominal,1.390625,0.899,0.001,0.09999999999999998
nominal,1.39453125,0.8998333333333334,0.001,0.09916666666666663
nominal,1.3984375,0.9005,0.001,0.09850000000000003
nominal,1.40234375,0.9018333333333334,0.001,0.09716666666666662
nominal,1.40625,0.9023333333333333,0.001,0.09666666666666668
nominal,1.41015625,0.903,0.001,0.09599999999999997
nominal,1.4140625,0.9038333333333334,0.001,0.09516666666666662
nominal,1.41796875,0.9055,0.001,0.09350000000000003
nominal,1.421875,0.9061666666666667,0.001,0.09283333333333332
nominal,1.42578125,0.907,0.001,0.09199999999999997
nominal,1.4296875,0.9076666666666666,0.001,0.09133333333333338
nominal,1.43359375,0.9093333333333333,0.001,0.08966666666666667
nominal,1.4375,0.9103333333333333,0.001,0.08866666666666667
nominal,1.44140625,0.9111666666666667,0.001,0.08783333333333332
nominal,1.4453125,0.9118333333333334,0.001,0.08716666666666661
nominal,1.44921875,0.9126666666666666,0.001,0.08633333333333337
nominal,1.453125,0.914,0.001,0.08499999999999996
nominal,1.45703125,0.9148333333333334,0.001,0.08416666666666661
nominal,1.4609375,0.9165,0.001,0.08250000000000002
nominal,1.46484375,0.9175,0.001,0.08150000000000002
nominal,1.46875,0.9183333333333333,0.001,0.08066666666666666
nominal,1.47265625,0.919,0.001,0.07999999999999996
nominal,1.4765625,0.9191666666666667,0.001,0.07983333333333331
nominal,1.48046875,0.9203333333333333,0.001,0.07866666666666666
nominal,1.484375,0.921,0.001,0.07799999999999996
nominal,1.48828125,0.9223333333333333,0.001,0.07666666666666666
nominal,1.4921875,0.9235,0.001,0.07550000000000001
nominal,1.49609375,0.924,0.001,0.07499999999999996
nominal,1.5,0.9248333333333333,0.001,0.07416666666666671
nominal,1.50390625,0.9253333333333333,0.001,0.07366666666666666
nominal,1.5078125,0.9265,0.001,0.07250000000000001
nominal,1.51171875,0.9268333333333333,0.001,0.07216666666666671
nominal,1.515625,0.9276666666666666,0.001,0.07133333333333336
nominal,1.51953125,0.9283333333333333,0.001,0.07066666666666666
nominal,1.5234375,0.9285,0.001,0.07050000000000001
nominal,1.52734375,0.9296666666666666,0.001,0.06933333333333336
nominal,1.53125,0.9305,0.001,0.0685
nominal,1.53515625,0.9311666666666667,0.001,0.0678333333333333
nominal,1.5390625,0.9316666666666666,0.001,0.06733333333333336
nominal,1.54296875,0.9325,0.001,0.0665
nominal,1.546875,0.9326666666666666,0.001,0.06633333333333336
nominal,1.55078125,0.933,0.001,0.06599999999999995
nominal,1.5546875,0.9336666666666666,0.001,0.06533333333333335
nominal,1.55859375,0.9346666666666666,0.001,0.06433333333333335
nominal,1.5625,0.9358333333333333,0.001,0.0631666666666667
nominal,1.56640625,0.9363333333333334,0.001,0.06266666666666665
nominal,1.5703125,0.9373333333333334,0.001,0.06166666666666665
nominal,1.57421875,0.9375,0.001,0.0615
nominal,1.578125,0.938,0.001,0.061000000000000054
nominal,1.58203125,0.9385,0.001,0.0605
nominal,1.5859375,0.939,0.001,0.06000000000000005
nominal,1.58984375,0.94,0.001,0.05900000000000005
nominal,1.59375,0.9413333333333334,0.001,0.057666666666666644
nominal,1.59765625,0.9418333333333333,0.001,0.0571666666666667
nominal,1.6015625,0.9421666666666667,0.001,0.05683333333333329
nominal,1.60546875,0.9426666666666667,0.001,0.056333333333333346
nominal,1.609375,0.9426666666666667,0.001,0.056333333333333346
nominal,1.61328125,0.9433333333333334,0.001,0.05566666666666664
nominal,1.6171875,0.9438333333333333,0.001,0.0551666666666667
nominal,1.62109375,0.9443333333333334,0.001,0.05466666666666664
nominal,1.625,0.9446666666666667,0.001,0.054333333333333345
nominal,1.62890625,0.9448333333333333,0.001,0.054166666666666696
nominal,1.6328125,0.9453333333333334,0.001,0.05366666666666664
nominal,1.63671875,0.9456666666666667,0.001,0.053333333333333344
nominal,1.640625,0.946,0.001,0.05300000000000005
nominal,1.64453125,0.9465,0.001,0.05249999999999999
nominal,1.6484375,0.9471666666666667,0.001,0.05183333333333329
nominal,1.65234375,0.9475,0.001,0.05149999999999999
nominal,1.65625,0.9483333333333334,0.001,0.05066666666666664
nominal,1.66015625,0.9486666666666667,0.001,0.05033333333333334
nominal,1.6640625,0.9488333333333333,0.001,0.05016666666666669
nominal,1.66796875,0.9493333333333334,0.001,0.04966666666666664
nominal,1.671875,0.9498333333333333,0.001,0.04916666666666669
nominal,1.67578125,0.9506666666666667,0.001,0.04833333333333334
nominal,1.6796875,0.9508333333333333,0.001,0.04816666666666669
nominal,1.68359375,0.9513333333333334,0.001,0.047666666666666635
nominal,1.6875,0.9518333333333333,0.001,0.04716666666666669
nominal,1.69140625,0.952,0.001,0.04700000000000004
nominal,1.6953125,0.9521666666666667,0.001,0.04683333333333328
nominal,1.69921875,0.9526666666666667,0.001,0.04633333333333334
nominal,1.703125,0.953,0.001,0.04600000000000004
nominal,1.70703125,0.9536666666666667,0.001,0.04533333333333334
nominal,1.7109375,0.9536666666666667,0.001,0.04533333333333334
nominal,1.71484375,0.9541666666666667,0.001,0.04483333333333328
nominal,1.71875,0.9546666666666667,0.001,0.044333333333333336
nominal,1.72265625,0.9546666666666667,0.001,0.044333333333333336
nominal,1.7265625,0.9553333333333334,0.001,0.04366666666666663
nominal,1.73046875,0.9558333333333333,0.001,0.043166666666666687
nominal,1.734375,0.9563333333333334,0.001,0.04266666666666663
nominal,1.73828125,0.957,0.001,0.04200000000000004
nominal,1.7421875,0.9573333333333334,0.001,0.04166666666666663
nominal,1.74609375,0.9576666666666667,0.001,0.04133333333333333
nominal,1.75,0.9581666666666667,0.001,0.04083333333333328
nominal,1.75390625,0.9585,0.001,0.04049999999999998
nominal,1.7578125,0.9588333333333333,0.001,0.040166666666666684
nominal,1.76171875,0.959,0.001,0.040000000000000036
nominal,1.765625,0.9591666666666666,0.001,0.03983333333333339
nominal,1.76953125,0.9593333333333334,0.001,0.03966666666666663
nominal,1.7734375,0.9598333333333333,0.001,0.03916666666666668
nominal,1.77734375,0.9603333333333334,0.001,0.03866666666666663
nominal,1.78125,0.9606666666666667,0.001,0.03833333333333333
nominal,1.78515625,0.9608333333333333,0.001,0.03816666666666668
nominal,1.7890625,0.9608333333333333,0.001,0.03816666666666668
nominal,1.79296875,0.9615,0.001,0.03749999999999998
nominal,1.796875,0.9616666666666667,0.001,0.03733333333333333
nominal,1.80078125,0.9616666666666667,0.001,0.03733333333333333
nominal,1.8046875,0.9618333333333333,0.001,0.03716666666666668
nominal,1.80859375,0.962,0.001,0.03700000000000003
nominal,1.8125,0.9625,0.001,0.03649999999999998
nominal,1.81640625,0.9625,0.001,0.03649999999999998
nominal,1.8203125,0.9628333333333333,0.001,0.03616666666666668
nominal,1.82421875,0.9635,0.001,0.035499999999999976
nominal,1.828125,0.9635,0.001,0.035499999999999976
nominal,1.83203125,0.9635,0.001,0.035499999999999976
nominal,1.8359375,0.964,0.001,0.03500000000000003
nominal,1.83984375,0.9648333333333333,0.001,0.03416666666666668
nominal,1.84375,0.9648333333333333,0.001,0.03416666666666668
nominal,1.84765625,0.9648333333333333,0.001,0.03416666666666668
nominal,1.8515625,0.965,0.001,0.03400000000000003
nominal,1.85546875,0.9651666666666666,0.001,0.03383333333333338
nominal,1.859375,0.9653333333333334,0.001,0.03366666666666662
nominal,1.86328125,0.9656666666666667,0.001,0.033333333333333326
nominal,1.8671875,0.966,0.001,0.03300000000000003
nominal,1.87109375,0.966,0.001,0.03300000000000003
nominal,1.875,0.9665,0.001,0.03249999999999997
nominal,1.87890625,0.967,0.001,0.03200000000000003
nominal,1.8828125,0.9673333333333334,0.001,0.03166666666666662
nominal,1.88671875,0.9675,0.001,0.03149999999999997
nominal,1.890625,0.9676666666666667,0.001,0.031333333333333324
nominal,1.89453125,0.9683333333333334,0.001,0.03066666666666662
nominal,1.8984375,0.9685,0.001,0.03049999999999997
nominal,1.90234375,0.9685,0.001,0.03049999999999997
nominal,1.90625,0.9686666666666667,0.001,0.030333333333333323
nominal,1.91015625,0.969,0.001,0.030000000000000027
nominal,1.9140625,0.969,0.001,0.030000000000000027
nominal,1.91796875,0.9693333333333334,0.001,0.02966666666666662
nominal,1.921875,0.9693333333333334,0.001,0.02966666666666662
nominal,1.92578125,0.9696666666666667,0.001,0.029333333333333322
nominal,1.9296875,0.97,0.001,0.029000000000000026
nominal,1.93359375,0.9701666666666666,0.001,0.028833333333333377
nominal,1.9375,0.9701666666666666,0.001,0.028833333333333377
nominal,1.94140625,0.9703333333333334,0.001,0.028666666666666618
nominal,1.9453125,0.9708333333333333,0.001,0.028166666666666673
nominal,1.94921875,0.9708333333333333,0.001,0.028166666666666673
nominal,1.953125,0.971,0.001,0.028000000000000025
nominal,1.95703125,0.971,0.001,0.028000000000000025
nominal,1.9609375,0.9711666666666666,0.001,0.027833333333333377
nominal,1.96484375,0.9715,0.001,0.02749999999999997
nominal,1.96875,0.9718333333333333,0.001,0.027166666666666672
nominal,1.97265625,0.9721666666666666,0.001,0.026833333333333376
nominal,1.9765625,0.9723333333333334,0.001,0.026666666666666616
nominal,1.98046875,0.9728333333333333,0.001,0.02616666666666667
nominal,1.984375,0.973,0.001,0.026000000000000023
nominal,1.98828125,0.973,0.001,0.026000000000000023
nominal,1.9921875,0.9731666666666666,0.001,0.025833333333333375
nominal,1.99609375,0.9736666666666667,0.001,0.02533333333333332
nominal,2.0,0.9741666666666666,0.001,0.024833333333333374
weak_memory,0.0,0.0,0.0,1.0
weak_memory,0.00390625,0.0,0.0,1.0
weak_memory,0.0078125,0.0,0.0,1.0
weak_memory,0.01171875,0.0,0.0,1.0
weak_memory,0.015625,0.0,0.0,1.0
weak_memory,0.01953125,0.0,0.0,1.0
weak_memory,0.0234375,0.0,0.0,1.0
weak_memory,0.02734375,0.0,0.0,1.0
weak_memory,0.03125,0.0,0.0,1.0
weak_memory,0.03515625,0.0,0.0,1.0
weak_memory,0.0390625,0.0,0.0,1.0
weak_memory,0.04296875,0.0,0.0,1.0
weak_memory,0.046875,0.0,0.0,1.0
weak_memory,0.05078125,0.0,0.0,1.0
weak_memory,0.0546875,0.0,0.0,1.0
weak_memory,0.05859375,0.0,0.0,1.0
weak_memory,0.0625,0.0,0.0,1.0
weak_memory,0.06640625,0.0,0.0,1.0
weak_memory,0.0703125,0.0,0.0,1.0
weak_memory,0.07421875,0.0,0.0,1.0
weak_memory,0.078125,0.0,0.0,1.0
weak_memory,0.08203125,0.0,0.0,1.0
weak_memory,0.0859375,0.0,0.0,1.0
weak_memory,0.08984375,0.0,0.0,1.0
weak_memory,0.09375,0.0,0.0,1.0
weak_memory,0.09765625,0.0,0.0,1.0
weak_memory,0.1015625,0.0,0.0,1.0
weak_memory,0.10546875,0.0,0.0,1.0
weak_memory,0.109375,0.0,0.0,1.0
weak_memory,0.11328125,0.0,0.0,1.0
weak_memory,0.1171875,0.0,0.0,1.0
weak_memory,0.12109375,0.0,0.0,1.0
weak_memory,0.125,0.0,0.0,1.0
weak_memory,0.12890625,0.0,0.0,1.0
weak_memory,0.1328125,0.0,0.0,1.0
weak_memory,0.13671875,0.0,0.0,1.0
weak_memory,0.140625,0.0,0.0,1.0
weak_memory,0.14453125,0.0,0.0,1.0
weak_memory,0.1484375,0.0,0.0,1.0
weak_memory,0.15234375,0.0,0.0,1.0
weak_memory,0.15625,0.0,0.0,1.0
weak_memory,0.16015625,0.0,0.0,1.0
weak_memory,0.1640625,0.0,0.0,1.0
weak_memory,0.16796875,0.0,0.0,1.0
weak_memory,0.171875,0.0,0.0,1.0
weak_memory,0.17578125,0.0,0.0,1.0
weak_memory,0.1796875,0.0,0.0,1.0
weak_memory,0.18359375,0.0,0.0,1.0
weak_memory,0.1875,0.0,0.0,1.0
weak_memory,0.19140625,0.0,0.0,1.0
weak_memory,0.1953125,0.0,0.0,1.0
weak_memory,0.19921875,0.0,0.0,1.0
weak_memory,0.203125,0.0,0.0,1.0
weak_memory,0.20703125,0.00016666666666666666,0.0,0.9998333333333334
weak_memory,0.2109375,0.00016666666666666666,0.0,0.9998333333333334
weak_memory,0.21484375,0.00016666666666666666,0.0,0.9998333333333334
weak_memory,0.21875,0.0005,0.0,0.9995
weak_memory,0.22265625,0.0006666666666666666,0.0,0.9993333333333333
weak_memory,0.2265625,0.0006666666666666666,0.0,0.9993333333333333
weak_memory,0.23046875,0.0006666666666666666,0.00016666666666666666,0.9991666666666666
weak_memory,0.234375,0.0006666666666666666,0.00016666666666666666,0.9991666666666666
weak_memory,0.23828125,0.0006666666666666666,0.00016666666666666666,0.9991666666666666
weak_memory,0.2421875,0.0006666666666666666,0.00016666666666666666,0.9991666666666666
weak_memory,0.24609375,0.0006666666666666666,0.00016666666666666666,0.9991666666666666
weak_memory,0.25,0.0008333333333333334,0.00016666666666666666,0.999
weak_memory,0.25390625,0.001,0.00016666666666666666,0.9988333333333334
weak_memory,0.2578125,0.0011666666666666668,0.00016666666666666666,0.9986666666666667
weak_memory,0.26171875,0.0015,0.00016666666666666666,0.9983333333333334
weak_memory,0.265625,0.0015,0.00016666666666666666,0.9983333333333334
weak_memory,0.26953125,0.0016666666666666668,0.0003333333333333333,0.998
weak_memory,0.2734375,0.0016666666666666668,0.0005,0.9978333333333333
weak_memory,0.27734375,0.002,0.0005,0.9975
weak_memory,0.28125,0.0023333333333333335,0.0005,0.9971666666666668
weak_memory,0.28515625,0.0023333333333333335,0.0005,0.9971666666666668
weak_memory,0.2890625,0.0023333333333333335,0.0005,0.9971666666666668
weak_memory,0.29296875,0.0023333333333333335,0.0005,0.9971666666666668
weak_memory,0.296875,0.0028333333333333335,0.0006666666666666666,0.9964999999999999
weak_memory,0.30078125,0.003,0.0006666666666666666,0.9963333333333333
weak_memory,0.3046875,0.0033333333333333335,0.0006666666666666666,0.996
weak_memory,0.30859375,0.0035,0.0006666666666666666,0.9958333333333333
weak_memory,0.3125,0.004,0.0006666666666666666,0.9953333333333333
weak_memory,0.31640625,0.004166666666666667,0.0006666666666666666,0.9951666666666666
weak_memory,0.3203125,0.004833333333333334,0.0008333333333333334,0.9943333333333333
weak_memory,0.32421875,0.005166666666666667,0.0008333333333333334,0.994
weak_memory,0.328125,0.005333333333333333,0.0008333333333333334,0.9938333333333333
weak_memory,0.33203125,0.005333333333333333,0.0008333333333333334,0.9938333333333333
weak_memory,0.3359375,0.0055,0.0008333333333333334,0.9936666666666667
weak_memory,0.33984375,0.005833333333333334,0.0008333333333333334,0.9933333333333333
weak_memory,0.34375,0.006166666666666667,0.001,0.9928333333333333
weak_memory,0.34765625,0.007166666666666667,0.0011666666666666668,0.9916666666666667
weak_memory,0.3515625,0.0075,0.0015,0.9910000000000001
weak_memory,0.35546875,0.007833333333333333,0.0015,0.9906666666666667
weak_memory,0.359375,0.008166666666666666,0.0016666666666666668,0.9901666666666666
weak_memory,0.36328125,0.008666666666666666,0.0016666666666666668,0.9896666666666666
weak_memory,0.3671875,0.009,0.0016666666666666668,0.9893333333333333
weak_memory,0.37109375,0.01,0.0018333333333333333,0.9881666666666666
weak_memory,0.375,0.010833333333333334,0.0018333333333333333,0.9873333333333333
weak_memory,0.37890625,0.011333333333333334,0.0018333333333333333,0.9868333333333333
weak_memory,0.3828125,0.0115,0.0018333333333333333,0.9866666666666667
weak_memory,0.38671875,0.011833333333333333,0.002,0.9861666666666666
weak_memory,0.390625,0.012166666666666666,0.002,0.9858333333333333
weak_memory,0.39453125,0.012833333333333334,0.002,0.9851666666666666
weak_memory,0.3984375,0.013166666666666667,0.002,0.9848333333333333
weak_memory,0.40234375,0.013333333333333334,0.0021666666666666666,0.9845
weak_memory,0.40625,0.013833333333333333,0.0025,0.9836666666666667
weak_memory,0.41015625,0.014333333333333333,0.0025,0.9831666666666667
weak_memory,0.4140625,0.0145,0.0025,0.9830000000000001
weak_memory,0.41796875,0.015166666666666667,0.0026666666666666666,0.9821666666666666
weak_memory,0.421875,0.015833333333333335,0.0031666666666666666,0.981
weak_memory,0.42578125,0.01633333333333333,0.0033333333333333335,0.9803333333333334
weak_memory,0.4296875,0.017166666666666667,0.0036666666666666666,0.9791666666666666
weak_memory,0.43359375,0.0175,0.004,0.9785
weak_memory,0.4375,0.018,0.004333333333333333,0.9776666666666667
weak_memory,0.44140625,0.018833333333333334,0.0045,0.9766666666666667
weak_memory,0.4453125,0.019,0.004833333333333334,0.9761666666666666
weak_memory,0.44921875,0.019833333333333335,0.005166666666666667,0.975
weak_memory,0.453125,0.020166666666666666,0.005333333333333333,0.9745
weak_memory,0.45703125,0.020833333333333332,0.005666666666666667,0.9734999999999999
weak_memory,0.4609375,0.021833333333333333,0.005833333333333334,0.9723333333333333
weak_memory,0.46484375,0.02266666666666667,0.005833333333333334,0.9715
weak_memory,0.46875,0.022833333333333334,0.006,0.9711666666666666
weak_memory,0.47265625,0.024,0.0065,0.9695
weak_memory,0.4765625,0.025166666666666667,0.006833333333333334,0.968
weak_memory,0.48046875,0.025333333333333333,0.007166666666666667,0.9675
weak_memory,0.484375,0.0255,0.007166666666666667,0.9673333333333334
weak_memory,0.48828125,0.026166666666666668,0.0075,0.9663333333333334
weak_memory,0.4921875,0.026833333333333334,0.008,0.9651666666666666
weak_memory,0.49609375,0.027333333333333334,0.008,0.9646666666666667
weak_memory,0.5,0.028333333333333332,0.008166666666666666,0.9635
weak_memory,0.50390625,0.029166666666666667,0.008166666666666666,0.9626666666666667
weak_memory,0.5078125,0.0305,0.008333333333333333,0.9611666666666667
weak_memory,0.51171875,0.031166666666666665,0.0085,0.9603333333333334
weak_memory,0.515625,0.0315,0.008833333333333334,0.9596666666666667
weak_memory,0.51953125,0.03216666666666667,0.009333333333333334,0.9585
weak_memory,0.5234375,0.033,0.01,0.957
weak_memory,0.52734375,0.034333333333333334,0.010333333333333333,0.9553333333333334
weak_memory,0.53125,0.035,0.010333333333333333,0.9546666666666667
weak_memory,0.53515625,0.036,0.010666666666666666,0.9533333333333333
weak_memory,0.5390625,0.036833333333333336,0.011,0.9521666666666666
weak_memory,0.54296875,0.037333333333333336,0.011166666666666667,0.9515
weak_memory,0.546875,0.03783333333333333,0.0115,0.9506666666666667
weak_memory,0.55078125,0.03883333333333333,0.0115,0.9496666666666668
weak_memory,0.5546875,0.03983333333333333,0.011666666666666667,0.9484999999999999
weak_memory,0.55859375,0.041,0.011833333333333333,0.9471666666666666
weak_memory,0.5625,0.04133333333333333,0.012,0.9466666666666667
weak_memory,0.56640625,0.041833333333333333,0.012333333333333333,0.9458333333333333
weak_memory,0.5703125,0.042666666666666665,0.0125,0.9448333333333334
weak_memory,0.57421875,0.043833333333333335,0.013,0.9431666666666666
weak_memory,0.578125,0.044833333333333336,0.013,0.9421666666666667
weak_memory,0.58203125,0.0465,0.013,0.9405
weak_memory,0.5859375,0.04733333333333333,0.0135,0.9391666666666667
weak_memory,0.58984375,0.049,0.013666666666666667,0.9373333333333332
weak_memory,0.59375,0.049833333333333334,0.013833333333333333,0.9363333333333334
weak_memory,0.59765625,0.050666666666666665,0.014333333333333333,0.935
weak_memory,0.6015625,0.051833333333333335,0.0145,0.9336666666666668
weak_memory,0.60546875,0.052333333333333336,0.015,0.9326666666666666
weak_memory,0.609375,0.05316666666666667,0.015166666666666667,0.9316666666666666
weak_memory,0.61328125,0.054,0.015166666666666667,0.9308333333333333
weak_memory,0.6171875,0.05483333333333333,0.015333333333333332,0.9298333333333334
weak_memory,0.62109375,0.0555,0.016,0.9285
weak_memory,0.625,0.057166666666666664,0.016,0.9268333333333333
weak_memory,0.62890625,0.057833333333333334,0.016166666666666666,0.926
weak_memory,0.6328125,0.0585,0.01633333333333333,0.9251666666666667
weak_memory,0.63671875,0.0595,0.0165,0.924
weak_memory,0.640625,0.060333333333333336,0.0165,0.9231666666666667
weak_memory,0.64453125,0.06116666666666667,0.016833333333333332,0.9219999999999999
weak_memory,0.6484375,0.06233333333333333,0.017,0.9206666666666666
weak_memory,0.65234375,0.06433333333333334,0.017166666666666667,0.9185
weak_memory,0.65625,0.065,0.0175,0.9175000000000001
weak_memory,0.66015625,0.06566666666666666,0.018,0.9163333333333333
weak_memory,0.6640625,0.0665,0.018,0.9155
weak_memory,0.66796875,0.06733333333333333,0.018,0.9146666666666666
weak_memory,0.671875,0.0685,0.018,0.9135
weak_memory,0.67578125,0.07,0.018166666666666668,0.9118333333333333
weak_memory,0.6796875,0.07166666666666667,0.018333333333333333,0.91
weak_memory,0.68359375,0.073,0.0185,0.9085000000000001
weak_memory,0.6875,0.07366666666666667,0.0185,0.9078333333333334
weak_memory,0.69140625,0.0755,0.018666666666666668,0.9058333333333333
weak_memory,0.6953125,0.076,0.019666666666666666,0.9043333333333334
weak_memory,0.69921875,0.0765,0.019666666666666666,0.9038333333333333
weak_memory,0.703125,0.07866666666666666,0.019666666666666666,0.9016666666666666
weak_memory,0.70703125,0.07983333333333334,0.019833333333333335,0.9003333333333333
weak_memory,0.7109375,0.08033333333333334,0.020166666666666666,0.8995
weak_memory,0.71484375,0.08166666666666667,0.020166666666666666,0.8981666666666667
weak_memory,0.71875,0.08366666666666667,0.0205,0.8958333333333334
weak_memory,0.72265625,0.08416666666666667,0.0205,0.8953333333333333
weak_memory,0.7265625,0.0845,0.021,0.8945
weak_memory,0.73046875,0.08466666666666667,0.021,0.8943333333333333
weak_memory,0.734375,0.08716666666666667,0.021,0.8918333333333334
weak_memory,0.73828125,0.088,0.021333333333333333,0.8906666666666667
weak_memory,0.7421875,0.0885,0.021666666666666667,0.8898333333333333
weak_memory,0.74609375,0.0895,0.022,0.8885
weak_memory,0.75,0.09083333333333334,0.0225,0.8866666666666667
weak_memory,0.75390625,0.09183333333333334,0.023333333333333334,0.8848333333333334
weak_memory,0.7578125,0.09233333333333334,0.023666666666666666,0.884
weak_memory,0.76171875,0.093,0.024166666666666666,0.8828333333333334
weak_memory,0.765625,0.0935,0.0245,0.882
weak_memory,0.76953125,0.09483333333333334,0.024666666666666667,0.8805000000000001
weak_memory,0.7734375,0.09516666666666666,0.025,0.8798333333333334
weak_memory,0.77734375,0.09616666666666666,0.025,0.8788333333333334
weak_memory,0.78125,0.0975,0.0255,0.877
weak_memory,0.78515625,0.0985,0.025833333333333333,0.8756666666666666
weak_memory,0.7890625,0.09933333333333333,0.026333333333333334,0.8743333333333334
weak_memory,0.79296875,0.1005,0.026833333333333334,0.8726666666666666
weak_memory,0.796875,0.10233333333333333,0.026833333333333334,0.8708333333333332
weak_memory,0.80078125,0.1035,0.027,0.8694999999999999
weak_memory,0.8046875,0.10416666666666667,0.027,0.8688333333333333
weak_memory,0.80859375,0.10483333333333333,0.027166666666666665,0.868
weak_memory,0.8125,0.1055,0.027666666666666666,0.8668333333333333
weak_memory,0.81640625,0.10616666666666667,0.027833333333333335,0.866
weak_memory,0.8203125,0.107,0.028,0.865
weak_memory,0.82421875,0.10783333333333334,0.028166666666666666,0.864
weak_memory,0.828125,0.10933333333333334,0.028333333333333332,0.8623333333333334
weak_memory,0.83203125,0.11033333333333334,0.028666666666666667,0.861
weak_memory,0.8359375,0.11133333333333334,0.029,0.8596666666666667
weak_memory,0.83984375,0.11283333333333333,0.029333333333333333,0.8578333333333333
weak_memory,0.84375,0.11383333333333333,0.029666666666666668,0.8565
weak_memory,0.84765625,0.115,0.030333333333333334,0.8546666666666667
weak_memory,0.8515625,0.11566666666666667,0.030666666666666665,0.8536666666666667
weak_memory,0.85546875,0.11616666666666667,0.031166666666666665,0.8526666666666667
weak_memory,0.859375,0.11716666666666667,0.0315,0.8513333333333334
weak_memory,0.86328125,0.1175,0.03233333333333333,0.8501666666666667
weak_memory,0.8671875,0.1185,0.033166666666666664,0.8483333333333333
weak_memory,0.87109375,0.11966666666666667,0.0335,0.8468333333333333
weak_memory,0.875,0.12033333333333333,0.034166666666666665,0.8455
weak_memory,0.87890625,0.12083333333333333,0.035,0.8441666666666666
weak_memory,0.8828125,0.1215,0.035333333333333335,0.8431666666666667
weak_memory,0.88671875,0.12316666666666666,0.036,0.8408333333333333
weak_memory,0.890625,0.12383333333333334,0.036,0.8401666666666666
weak_memory,0.89453125,0.1245,0.036166666666666666,0.8393333333333333
weak_memory,0.8984375,0.125,0.0365,0.8385
weak_memory,0.90234375,0.126,0.0365,0.8375
weak_memory,0.90625,0.12683333333333333,0.036833333333333336,0.8363333333333333
weak_memory,0.91015625,0.1275,0.037333333333333336,0.8351666666666667
weak_memory,0.9140625,0.12933333333333333,0.037333333333333336,0.8333333333333334
weak_memory,0.91796875,0.12983333333333333,0.0375,0.8326666666666667
weak_memory,0.921875,0.1305,0.03766666666666667,0.8318333333333333
weak_memory,0.92578125,0.1315,0.03783333333333333,0.8306666666666667
weak_memory,0.9296875,0.132,0.03816666666666667,0.8298333333333333
weak_memory,0.93359375,0.1325,0.03833333333333333,0.8291666666666666
weak_memory,0.9375,0.13333333333333333,0.03883333333333333,0.8278333333333334
weak_memory,0.94140625,0.134,0.03933333333333333,0.8266666666666667
weak_memory,0.9453125,0.13583333333333333,0.03983333333333333,0.8243333333333334
weak_memory,0.94921875,0.13633333333333333,0.04066666666666666,0.8230000000000001
weak_memory,0.953125,0.1365,0.041166666666666664,0.8223333333333332
weak_memory,0.95703125,0.13816666666666666,0.041666666666666664,0.8201666666666667
weak_memory,0.9609375,0.139,0.041666666666666664,0.8193333333333334
weak_memory,0.96484375,0.14033333333333334,0.041833333333333333,0.8178333333333334
weak_memory,0.96875,0.14166666666666666,0.042166666666666665,0.8161666666666667
weak_memory,0.97265625,0.14233333333333334,0.042333333333333334,0.8153333333333334
weak_memory,0.9765625,0.14283333333333334,0.0425,0.8146666666666667
weak_memory,0.98046875,0.14383333333333334,0.042833333333333334,0.8133333333333332
weak_memory,0.984375,0.14433333333333334,0.043333333333333335,0.8123333333333334
weak_memory,0.98828125,0.1445,0.043333333333333335,0.8121666666666667
weak_memory,0.9921875,0.14533333333333334,0.0435,0.8111666666666667
weak_memory,0.99609375,0.14633333333333334,0.043666666666666666,0.81
weak_memory,1.0,0.14716666666666667,0.043666666666666666,0.8091666666666667
weak_memory,1.00390625,0.14866666666666667,0.044333333333333336,0.8069999999999999
weak_memory,1.0078125,0.1495,0.045,0.8055
weak_memory,1.01171875,0.15066666666666667,0.04533333333333334,0.8039999999999999
weak_memory,1.015625,0.15233333333333332,0.04583333333333333,0.8018333333333334
weak_memory,1.01953125,0.15333333333333332,0.046,0.8006666666666666
weak_memory,1.0234375,0.154,0.0465,0.7995
weak_memory,1.02734375,0.155,0.04666666666666667,0.7983333333333333
weak_memory,1.03125,0.15583333333333332,0.047,0.7971666666666667
weak_memory,1.03515625,0.15633333333333332,0.04733333333333333,0.7963333333333333
weak_memory,1.0390625,0.15733333333333333,0.04766666666666667,0.795
weak_memory,1.04296875,0.158,0.048,0.7939999999999999
weak_memory,1.046875,0.15916666666666668,0.0485,0.7923333333333333
weak_memory,1.05078125,0.16016666666666668,0.04883333333333333,0.791
weak_memory,1.0546875,0.16066666666666668,0.049166666666666664,0.7901666666666666
weak_memory,1.05859375,0.16166666666666665,0.04933333333333333,0.789
weak_memory,1.0625,0.16366666666666665,0.0495,0.7868333333333334
weak_memory,1.06640625,0.1645,0.049666666666666665,0.7858333333333334
weak_memory,1.0703125,0.165,0.049833333333333334,0.7851666666666667
weak_memory,1.07421875,0.16566666666666666,0.050166666666666665,0.7841666666666667
weak_memory,1.078125,0.16683333333333333,0.0505,0.7826666666666666
weak_memory,1.08203125,0.167,0.050666666666666665,0.7823333333333333
weak_memory,1.0859375,0.16816666666666666,0.050833333333333335,0.781
weak_memory,1.08984375,0.16883333333333334,0.051,0.7801666666666666
weak_memory,1.09375,0.16916666666666666,0.051333333333333335,0.7795
weak_memory,1.09765625,0.17016666666666666,0.051833333333333335,0.778
weak_memory,1.1015625,0.17033333333333334,0.052,0.7776666666666666
weak_memory,1.10546875,0.172,0.052333333333333336,0.7756666666666667
weak_memory,1.109375,0.17283333333333334,0.052833333333333336,0.7743333333333333
weak_memory,1.11328125,0.17366666666666666,0.05333333333333334,0.773
weak_memory,1.1171875,0.17516666666666666,0.05366666666666667,0.7711666666666667
weak_memory,1.12109375,0.17583333333333334,0.05383333333333333,0.7703333333333334
weak_memory,1.125,0.17666666666666667,0.0545,0.7688333333333334
weak_memory,1.12890625,0.17816666666666667,0.055,0.7668333333333333
weak_memory,1.1328125,0.17866666666666667,0.05533333333333333,0.766
weak_memory,1.13671875,0.1795,0.05583333333333333,0.7646666666666667
weak_memory,1.140625,0.18033333333333335,0.056,0.7636666666666666
weak_memory,1.14453125,0.18083333333333335,0.0565,0.7626666666666666
weak_memory,1.1484375,0.1815,0.057166666666666664,0.7613333333333333
weak_memory,1.15234375,0.18183333333333335,0.057666666666666665,0.7605000000000001
weak_memory,1.15625,0.18266666666666667,0.058166666666666665,0.7591666666666667
weak_memory,1.16015625,0.18366666666666667,0.058666666666666666,0.7576666666666667
weak_memory,1.1640625,0.18483333333333332,0.058833333333333335,0.7563333333333334
weak_memory,1.16796875,0.18583333333333332,0.059,0.7551666666666668
weak_memory,1.171875,0.18633333333333332,0.059,0.7546666666666666
weak_memory,1.17578125,0.188,0.059166666666666666,0.7528333333333334
weak_memory,1.1796875,0.18916666666666668,0.059833333333333336,0.751
weak_memory,1.18359375,0.18983333333333333,0.06016666666666667,0.75
weak_memory,1.1875,0.1905,0.060333333333333336,0.7491666666666666
weak_memory,1.19140625,0.19216666666666668,0.060833333333333336,0.747
weak_memory,1.1953125,0.19316666666666665,0.06133333333333333,0.7454999999999999
weak_memory,1.19921875,0.19383333333333333,0.06166666666666667,0.7445
weak_memory,1.203125,0.19433333333333333,0.06166666666666667,0.744
weak_memory,1.20703125,0.19533333333333333,0.06216666666666667,0.7424999999999999
weak_memory,1.2109375,0.19633333333333333,0.06216666666666667,0.7414999999999999
weak_memory,1.21484375,0.1975,0.06233333333333333,0.7401666666666666
weak_memory,1.21875,0.198,0.06233333333333333,0.7396666666666667
weak_memory,1.22265625,0.19883333333333333,0.06283333333333334,0.7383333333333334
weak_memory,1.2265625,0.19933333333333333,0.06316666666666666,0.7374999999999999
weak_memory,1.23046875,0.20016666666666666,0.06333333333333334,0.7365
weak_memory,1.234375,0.20166666666666666,0.06433333333333334,0.734
weak_memory,1.23828125,0.203,0.06483333333333334,0.7321666666666666
weak_memory,1.2421875,0.20383333333333334,0.06483333333333334,0.7313333333333334
weak_memory,1.24609375,0.20533333333333334,0.06566666666666666,0.729
weak_memory,1.25,0.206,0.066,0.728
weak_memory,1.25390625,0.20683333333333334,0.0665,0.7266666666666667
weak_memory,1.2578125,0.20766666666666667,0.067,0.7253333333333334
weak_memory,1.26171875,0.2085,0.06733333333333333,0.7241666666666666
weak_memory,1.265625,0.20933333333333334,0.0675,0.7231666666666666
weak_memory,1.26953125,0.21016666666666667,0.0675,0.7223333333333334
weak_memory,1.2734375,0.2105,0.068,0.7215
weak_memory,1.27734375,0.21116666666666667,0.06816666666666667,0.7206666666666666
weak_memory,1.28125,0.212,0.06833333333333333,0.7196666666666667
weak_memory,1.28515625,0.21233333333333335,0.069,0.7186666666666666
weak_memory,1.2890625,0.21333333333333335,0.06966666666666667,0.717
weak_memory,1.29296875,0.21416666666666667,0.07033333333333333,0.7155
weak_memory,1.296875,0.21483333333333332,0.07083333333333333,0.7143333333333334
weak_memory,1.30078125,0.2155,0.071,0.7135
weak_memory,1.3046875,0.21633333333333332,0.07133333333333333,0.7123333333333334
weak_memory,1.30859375,0.21716666666666667,0.07166666666666667,0.7111666666666666
weak_memory,1.3125,0.218,0.0725,0.7095
weak_memory,1.31640625,0.21866666666666668,0.07266666666666667,0.7086666666666667
weak_memory,1.3203125,0.22016666666666668,0.07333333333333333,0.7065
weak_memory,1.32421875,0.22066666666666668,0.07416666666666667,0.7051666666666666
weak_memory,1.328125,0.22133333333333333,0.07433333333333333,0.7043333333333333
weak_memory,1.33203125,0.222,0.07466666666666667,0.7033333333333334
weak_memory,1.3359375,0.22233333333333333,0.07483333333333334,0.7028333333333334
weak_memory,1.33984375,0.22333333333333333,0.07516666666666667,0.7014999999999999
weak_memory,1.34375,0.22416666666666665,0.07533333333333334,0.7005
weak_memory,1.34765625,0.22483333333333333,0.0755,0.6996666666666667
weak_memory,1.3515625,0.22533333333333333,0.07583333333333334,0.6988333333333333
weak_memory,1.35546875,0.22616666666666665,0.0765,0.6973333333333334
weak_memory,1.359375,0.22733333333333333,0.07683333333333334,0.6958333333333333
weak_memory,1.36328125,0.22766666666666666,0.07733333333333334,0.695
weak_memory,1.3671875,0.22866666666666666,0.07816666666666666,0.6931666666666667
weak_memory,1.37109375,0.229,0.079,0.6920000000000001
weak_memory,1.375,0.22983333333333333,0.07966666666666666,0.6905
weak_memory,1.37890625,0.23166666666666666,0.07983333333333334,0.6885
weak_memory,1.3828125,0.23216666666666666,0.0805,0.6873333333333334
weak_memory,1.38671875,0.233,0.08066666666666666,0.6863333333333334
weak_memory,1.390625,0.23366666666666666,0.08116666666666666,0.6851666666666667
weak_memory,1.39453125,0.23416666666666666,0.08133333333333333,0.6845
weak_memory,1.3984375,0.235,0.0815,0.6835
weak_memory,1.40234375,0.23583333333333334,0.08183333333333333,0.6823333333333333
weak_memory,1.40625,0.23666666666666666,0.08233333333333333,0.6809999999999999
weak_memory,1.41015625,0.23683333333333334,0.08233333333333333,0.6808333333333333
weak_memory,1.4140625,0.23733333333333334,0.08266666666666667,0.6799999999999999
weak_memory,1.41796875,0.23833333333333334,0.08266666666666667,0.679
weak_memory,1.421875,0.23933333333333334,0.08266666666666667,0.6779999999999999
weak_memory,1.42578125,0.23966666666666667,0.08266666666666667,0.6776666666666666
weak_memory,1.4296875,0.24016666666666667,0.08333333333333333,0.6765
weak_memory,1.43359375,0.241,0.0835,0.6755
weak_memory,1.4375,0.242,0.08383333333333333,0.6741666666666667
weak_memory,1.44140625,0.24266666666666667,0.08483333333333333,0.6725
weak_memory,1.4453125,0.2435,0.08483333333333333,0.6716666666666666
weak_memory,1.44921875,0.24416666666666667,0.08533333333333333,0.6705
weak_memory,1.453125,0.24483333333333332,0.0855,0.6696666666666666
weak_memory,1.45703125,0.24483333333333332,0.08633333333333333,0.6688333333333333
weak_memory,1.4609375,0.2455,0.087,0.6675
weak_memory,1.46484375,0.24633333333333332,0.08716666666666667,0.6665000000000001
weak_memory,1.46875,0.24733333333333332,0.08733333333333333,0.6653333333333333
weak_memory,1.47265625,0.248,0.08816666666666667,0.6638333333333333
weak_memory,1.4765625,0.24833333333333332,0.08833333333333333,0.6633333333333333
weak_memory,1.48046875,0.249,0.08883333333333333,0.6621666666666667
weak_memory,1.484375,0.249,0.08883333333333333,0.6621666666666667
weak_memory,1.48828125,0.24916666666666668,0.08916666666666667,0.6616666666666666
weak_memory,1.4921875,0.25,0.0895,0.6605
weak_memory,1.49609375,0.25033333333333335,0.08983333333333333,0.6598333333333334
weak_memory,1.5,0.25133333333333335,0.09033333333333333,0.6583333333333332
weak_memory,1.50390625,0.252,0.09066666666666667,0.6573333333333333
weak_memory,1.5078125,0.253,0.09083333333333334,0.6561666666666667
weak_memory,1.51171875,0.25383333333333336,0.09116666666666666,0.655
weak_memory,1.515625,0.2545,0.09166666666666666,0.6538333333333334
weak_memory,1.51953125,0.25533333333333336,0.09216666666666666,0.6525
weak_memory,1.5234375,0.25633333333333336,0.093,0.6506666666666667
weak_memory,1.52734375,0.2575,0.09316666666666666,0.6493333333333333
weak_memory,1.53125,0.25866666666666666,0.0935,0.6478333333333334
weak_memory,1.53515625,0.2595,0.094,0.6465
weak_memory,1.5390625,0.26016666666666666,0.09433333333333334,0.6455
weak_memory,1.54296875,0.2608333333333333,0.09483333333333334,0.6443333333333334
weak_memory,1.546875,0.26166666666666666,0.09483333333333334,0.6435
weak_memory,1.55078125,0.2625,0.09516666666666666,0.6423333333333334
weak_memory,1.5546875,0.26266666666666666,0.0955,0.6418333333333334
weak_memory,1.55859375,0.26366666666666666,0.0955,0.6408333333333333
weak_memory,1.5625,0.26416666666666666,0.09616666666666666,0.6396666666666667
weak_memory,1.56640625,0.2653333333333333,0.097,0.6376666666666667
weak_memory,1.5703125,0.2658333333333333,0.09783333333333333,0.6363333333333333
weak_memory,1.57421875,0.2665,0.0985,0.635
weak_memory,1.578125,0.2675,0.09866666666666667,0.6338333333333332
weak_memory,1.58203125,0.2685,0.099,0.6325000000000001
weak_memory,1.5859375,0.2698333333333333,0.0995,0.6306666666666666
weak_memory,1.58984375,0.27116666666666667,0.0995,0.6293333333333333
weak_memory,1.59375,0.272,0.10016666666666667,0.6278333333333334
weak_memory,1.59765625,0.2725,0.10016666666666667,0.6273333333333334
weak_memory,1.6015625,0.273,0.10083333333333333,0.6261666666666666
weak_memory,1.60546875,0.2738333333333333,0.101,0.6251666666666666
weak_memory,1.609375,0.2745,0.10133333333333333,0.6241666666666668
weak_memory,1.61328125,0.276,0.10216666666666667,0.6218333333333333
weak_memory,1.6171875,0.2765,0.10233333333333333,0.6211666666666666
weak_memory,1.62109375,0.2771666666666667,0.10266666666666667,0.6201666666666666
weak_memory,1.625,0.278,0.103,0.619
weak_memory,1.62890625,0.279,0.10333333333333333,0.6176666666666666
weak_memory,1.6328125,0.2793333333333333,0.10383333333333333,0.6168333333333333
weak_memory,1.63671875,0.28,0.10433333333333333,0.6156666666666666
weak_memory,1.640625,0.2801666666666667,0.1045,0.6153333333333333
weak_memory,1.64453125,0.281,0.10466666666666667,0.6143333333333333
weak_memory,1.6484375,0.2815,0.10483333333333333,0.6136666666666667
weak_memory,1.65234375,0.2825,0.10533333333333333,0.6121666666666667
weak_memory,1.65625,0.2836666666666667,0.106,0.6103333333333333
weak_memory,1.66015625,0.2841666666666667,0.10633333333333334,0.6094999999999999
weak_memory,1.6640625,0.2846666666666667,0.107,0.6083333333333334
weak_memory,1.66796875,0.2848333333333333,0.1075,0.6076666666666667
weak_memory,1.671875,0.2851666666666667,0.10816666666666666,0.6066666666666667
weak_memory,1.67578125,0.2856666666666667,0.10883333333333334,0.6054999999999999
weak_memory,1.6796875,0.28583333333333333,0.109,0.6051666666666666
weak_memory,1.68359375,0.2865,0.1095,0.604
weak_memory,1.6875,0.287,0.11,0.6030000000000001
weak_memory,1.69140625,0.2876666666666667,0.11033333333333334,0.6019999999999999
weak_memory,1.6953125,0.2885,0.111,0.6005
weak_memory,1.69921875,0.28983333333333333,0.11133333333333334,0.5988333333333333
weak_memory,1.703125,0.2901666666666667,0.1115,0.5983333333333333
weak_memory,1.70703125,0.29033333333333333,0.112,0.5976666666666667
weak_memory,1.7109375,0.2911666666666667,0.11216666666666666,0.5966666666666667
weak_memory,1.71484375,0.29183333333333333,0.113,0.5951666666666666
weak_memory,1.71875,0.2925,0.1135,0.594
weak_memory,1.72265625,0.29333333333333333,0.11383333333333333,0.5928333333333333
weak_memory,1.7265625,0.2945,0.11416666666666667,0.5913333333333334
weak_memory,1.73046875,0.29533333333333334,0.11433333333333333,0.5903333333333334
weak_memory,1.734375,0.296,0.11466666666666667,0.5893333333333333
weak_memory,1.73828125,0.29733333333333334,0.11466666666666667,0.588
weak_memory,1.7421875,0.29783333333333334,0.11466666666666667,0.5874999999999999
weak_memory,1.74609375,0.2981666666666667,0.11516666666666667,0.5866666666666667
weak_memory,1.75,0.2986666666666667,0.116,0.5853333333333334
weak_memory,1.75390625,0.29933333333333334,0.11633333333333333,0.5843333333333334
weak_memory,1.7578125,0.29983333333333334,0.1165,0.5836666666666666
weak_memory,1.76171875,0.3005,0.11666666666666667,0.5828333333333333
weak_memory,1.765625,0.30183333333333334,0.11683333333333333,0.5813333333333333
weak_memory,1.76953125,0.30216666666666664,0.117,0.5808333333333333
weak_memory,1.7734375,0.30316666666666664,0.11766666666666667,0.5791666666666667
weak_memory,1.77734375,0.30333333333333334,0.11833333333333333,0.5783333333333334
weak_memory,1.78125,0.30366666666666664,0.119,0.5773333333333334
weak_memory,1.78515625,0.304,0.11933333333333333,0.5766666666666667
weak_memory,1.7890625,0.30466666666666664,0.11966666666666667,0.5756666666666667
weak_memory,1.79296875,0.30533333333333335,0.12,0.5746666666666667
weak_memory,1.796875,0.30583333333333335,0.1205,0.5736666666666665
weak_memory,1.80078125,0.30633333333333335,0.121,0.5726666666666667
weak_memory,1.8046875,0.307,0.12116666666666667,0.5718333333333334
weak_memory,1.80859375,0.30816666666666664,0.12166666666666667,0.5701666666666666
weak_memory,1.8125,0.30866666666666664,0.12183333333333334,0.5695
weak_memory,1.81640625,0.30916666666666665,0.12216666666666667,0.5686666666666668
weak_memory,1.8203125,0.3095,0.12216666666666667,0.5683333333333334
weak_memory,1.82421875,0.31,0.1225,0.5674999999999999
weak_memory,1.828125,0.31033333333333335,0.12283333333333334,0.5668333333333333
weak_memory,1.83203125,0.311,0.12316666666666666,0.5658333333333334
weak_memory,1.8359375,0.31166666666666665,0.12366666666666666,0.5646666666666667
weak_memory,1.83984375,0.312,0.124,0.564
weak_memory,1.84375,0.31283333333333335,0.1245,0.5626666666666666
weak_memory,1.84765625,0.31366666666666665,0.12483333333333334,0.5615
weak_memory,1.8515625,0.31433333333333335,0.125,0.5606666666666666
weak_memory,1.85546875,0.31466666666666665,0.12533333333333332,0.56
weak_memory,1.859375,0.31533333333333335,0.12566666666666668,0.5589999999999999
weak_memory,1.86328125,0.31583333333333335,0.12566666666666668,0.5584999999999999
weak_memory,1.8671875,0.31616666666666665,0.12616666666666668,0.5576666666666666
weak_memory,1.87109375,0.31616666666666665,0.1265,0.5573333333333332
weak_memory,1.875,0.31683333333333336,0.12716666666666668,0.556
weak_memory,1.87890625,0.31716666666666665,0.12733333333333333,0.5555000000000001
weak_memory,1.8828125,0.31766666666666665,0.128,0.5543333333333333
weak_memory,1.88671875,0.318,0.12833333333333333,0.5536666666666666
weak_memory,1.890625,0.31866666666666665,0.12866666666666668,0.5526666666666666
weak_memory,1.89453125,0.31866666666666665,0.12916666666666668,0.5521666666666667
weak_memory,1.8984375,0.31933333333333336,0.12916666666666668,0.5515
weak_memory,1.90234375,0.31966666666666665,0.1295,0.5508333333333333
weak_memory,1.90625,0.32,0.12983333333333333,0.5501666666666666
weak_memory,1.91015625,0.32,0.13016666666666668,0.5498333333333333
weak_memory,1.9140625,0.3205,0.13066666666666665,0.5488333333333333
weak_memory,1.91796875,0.32083333333333336,0.13116666666666665,0.548
weak_memory,1.921875,0.32083333333333336,0.13133333333333333,0.5478333333333334
weak_memory,1.92578125,0.3215,0.1315,0.5469999999999999
weak_memory,1.9296875,0.3233333333333333,0.132,0.5446666666666667
weak_memory,1.93359375,0.3235,0.13233333333333333,0.5441666666666667
weak_memory,1.9375,0.324,0.13266666666666665,0.5433333333333332
weak_memory,1.94140625,0.32416666666666666,0.133,0.5428333333333333
weak_memory,1.9453125,0.3245,0.13316666666666666,0.5423333333333333
weak_memory,1.94921875,0.325,0.13366666666666666,0.5413333333333334
weak_memory,1.953125,0.32566666666666666,0.1345,0.5398333333333334
weak_memory,1.95703125,0.327,0.13533333333333333,0.5376666666666667
weak_memory,1.9609375,0.3278333333333333,0.13616666666666666,0.536
weak_memory,1.96484375,0.3283333333333333,0.1365,0.5351666666666666
weak_memory,1.96875,0.3285,0.13683333333333333,0.5346666666666666
weak_memory,1.97265625,0.32916666666666666,0.13716666666666666,0.5336666666666667
weak_memory,1.9765625,0.3293333333333333,0.1375,0.5331666666666668
weak_memory,1.98046875,0.32966666666666666,0.138,0.5323333333333333
weak_memory,1.984375,0.3303333333333333,0.13833333333333334,0.5313333333333333
weak_memory,1.98828125,0.3303333333333333,0.13916666666666666,0.5305
weak_memory,1.9921875,0.33066666666666666,0.1395,0.5298333333333334
weak_memory,1.99609375,0.33116666666666666,0.13983333333333334,0.529
weak_memory,2.0,0.3315,0.1405,0.528
retrieval_off,0.0,0.0,0.0,1.0
retrieval_off,0.00390625,0.0,0.0,1.0
retrieval_off,0.0078125,0.0,0.0,1.0
retrieval_off,0.01171875,0.0,0.0,1.0
retrieval_off,0.015625,0.0,0.0,1.0
retrieval_off,0.01953125,0.0,0.0,1.0
retrieval_off,0.0234375,0.0,0.0,1.0
retrieval_off,0.02734375,0.0,0.0,1.0
retrieval_off,0.03125,0.0,0.0,1.0
retrieval_off,0.03515625,0.0,0.0,1.0
retrieval_off,0.0390625,0.0,0.0,1.0
retrieval_off,0.04296875,0.0,0.0,1.0
retrieval_off,0.046875,0.0,0.0,1.0
retrieval_off,0.05078125,0.0,0.0,1.0
retrieval_off,0.0546875,0.0,0.0,1.0
retrieval_off,0.05859375,0.0,0.0,1.0
retrieval_off,0.0625,0.0,0.0,1.0
retrieval_off,0.06640625,0.0,0.0,1.0
retrieval_off,0.0703125,0.0,0.0,1.0
retrieval_off,0.07421875,0.0,0.0,1.0
retrieval_off,0.078125,0.0,0.0,1.0
retrieval_off,0.08203125,0.0,0.0,1.0
retrieval_off,0.0859375,0.0,0.0,1.0
retrieval_off,0.08984375,0.0,0.0,1.0
retrieval_off,0.09375,0.0,0.0,1.0
retrieval_off,0.09765625,0.0,0.0,1.0
retrieval_off,0.1015625,0.0,0.0,1.0
retrieval_off,0.10546875,0.0,0.0,1.0
retrieval_off,0.109375,0.0,0.0,1.0
retrieval_off,0.11328125,0.0,0.0,1.0
retrieval_off,0.1171875,0.0,0.0,1.0
retrieval_off,0.12109375,0.0,0.0,1.0
retrieval_off,0.125,0.0,0.0,1.0
retrieval_off,0.12890625,0.0,0.0,1.0
retrieval_off,0.1328125,0.0,0.0,1.0
retrieval_off,0.13671875,0.0,0.0,1.0
retrieval_off,0.140625,0.0,0.0,1.0
retrieval_off,0.14453125,0.0,0.0,1.0
retrieval_off,0.1484375,0.0,0.0,1.0
retrieval_off,0.15234375,0.0,0.0,1.0
retrieval_off,0.15625,0.0,0.0,1.0
retrieval_off,0.16015625,0.0,0.0,1.0
retrieval_off,0.1640625,0.0,0.0,1.0
retrieval_off,0.16796875,0.0,0.0,1.0
retrieval_off,0.171875,0.0,0.0,1.0
retrieval_off,0.17578125,0.0,0.0,1.0
retrieval_off,0.1796875,0.0,0.0,1.0
retrieval_off,0.18359375,0.0,0.0,1.0
retrieval_off,0.1875,0.0,0.0,1.0
retrieval_off,0.19140625,0.0,0.0,1.0
retrieval_off,0.1953125,0.0,0.0,1.0
retrieval_off,0.19921875,0.0,0.0,1.0
retrieval_off,0.203125,0.0,0.0,1.0
retrieval_off,0.20703125,0.0,0.0,1.0
retrieval_off,0.2109375,0.0,0.0,1.0
retrieval_off,0.21484375,0.0,0.0,1.0
retrieval_off,0.21875,0.0003333333333333333,0.0,0.9996666666666667
retrieval_off,0.22265625,0.0005,0.0,0.9995
retrieval_off,0.2265625,0.0005,0.0,0.9995
retrieval_off,0.23046875,0.0005,0.00016666666666666666,0.9993333333333334
retrieval_off,0.234375,0.0005,0.00016666666666666666,0.9993333333333334
retrieval_off,0.23828125,0.0005,0.00016666666666666666,0.9993333333333334
retrieval_off,0.2421875,0.0005,0.00016666666666666666,0.9993333333333334
retrieval_off,0.24609375,0.0005,0.00016666666666666666,0.9993333333333334
retrieval_off,0.25,0.0005,0.00016666666666666666,0.9993333333333334
retrieval_off,0.25390625,0.0006666666666666666,0.00016666666666666666,0.9991666666666666
retrieval_off,0.2578125,0.0006666666666666666,0.0003333333333333333,0.999
retrieval_off,0.26171875,0.001,0.0003333333333333333,0.9986666666666667
retrieval_off,0.265625,0.001,0.0003333333333333333,0.9986666666666667
retrieval_off,0.26953125,0.0011666666666666668,0.0005,0.9983333333333334
retrieval_off,0.2734375,0.0011666666666666668,0.0005,0.9983333333333334
retrieval_off,0.27734375,0.0011666666666666668,0.0005,0.9983333333333334
retrieval_off,0.28125,0.0015,0.0005,0.9980000000000001
retrieval_off,0.28515625,0.0016666666666666668,0.0006666666666666666,0.9976666666666666
retrieval_off,0.2890625,0.0016666666666666668,0.0006666666666666666,0.9976666666666666
retrieval_off,0.29296875,0.0016666666666666668,0.001,0.9973333333333333
retrieval_off,0.296875,0.0016666666666666668,0.001,0.9973333333333333
retrieval_off,0.30078125,0.0018333333333333333,0.001,0.9971666666666666
retrieval_off,0.3046875,0.0018333333333333333,0.001,0.9971666666666666
retrieval_off,0.30859375,0.0021666666666666666,0.0011666666666666668,0.9966666666666667
retrieval_off,0.3125,0.0023333333333333335,0.0011666666666666668,0.9965
retrieval_off,0.31640625,0.0025,0.0011666666666666668,0.9963333333333334
retrieval_off,0.3203125,0.0026666666666666666,0.0013333333333333333,0.996
retrieval_off,0.32421875,0.003,0.0013333333333333333,0.9956666666666667
retrieval_off,0.328125,0.0031666666666666666,0.0015,0.9953333333333334
retrieval_off,0.33203125,0.0035,0.0018333333333333333,0.9946666666666667
retrieval_off,0.3359375,0.0035,0.002,0.9945
retrieval_off,0.33984375,0.0035,0.002,0.9945
retrieval_off,0.34375,0.003833333333333333,0.0021666666666666666,0.994
retrieval_off,0.34765625,0.003833333333333333,0.0023333333333333335,0.9938333333333333
retrieval_off,0.3515625,0.004166666666666667,0.0023333333333333335,0.9935
retrieval_off,0.35546875,0.004333333333333333,0.0023333333333333335,0.9933333333333334
retrieval_off,0.359375,0.0045,0.0023333333333333335,0.9931666666666668
retrieval_off,0.36328125,0.004833333333333334,0.0025,0.9926666666666667
retrieval_off,0.3671875,0.004833333333333334,0.0026666666666666666,0.9924999999999999
retrieval_off,0.37109375,0.005333333333333333,0.0028333333333333335,0.9918333333333333
retrieval_off,0.375,0.0065,0.0031666666666666666,0.9903333333333334
retrieval_off,0.37890625,0.007,0.0031666666666666666,0.9898333333333333
retrieval_off,0.3828125,0.0075,0.0031666666666666666,0.9893333333333334
retrieval_off,0.38671875,0.007666666666666666,0.0033333333333333335,0.989
retrieval_off,0.390625,0.007666666666666666,0.0035,0.9888333333333333
retrieval_off,0.39453125,0.007833333333333333,0.004166666666666667,0.988
retrieval_off,0.3984375,0.008166666666666666,0.005,0.9868333333333333
retrieval_off,0.40234375,0.0085,0.0055,0.9860000000000001
retrieval_off,0.40625,0.0085,0.006,0.9855
retrieval_off,0.41015625,0.008666666666666666,0.0065,0.9848333333333333
retrieval_off,0.4140625,0.008833333333333334,0.006833333333333334,0.9843333333333333
retrieval_off,0.41796875,0.0095,0.007166666666666667,0.9833333333333334
retrieval_off,0.421875,0.010333333333333333,0.0075,0.9821666666666667
retrieval_off,0.42578125,0.011,0.008,0.981
retrieval_off,0.4296875,0.011166666666666667,0.0085,0.9803333333333334
retrieval_off,0.43359375,0.011833333333333333,0.008833333333333334,0.9793333333333333
retrieval_off,0.4375,0.012,0.009,0.979
retrieval_off,0.44140625,0.012333333333333333,0.009333333333333334,0.9783333333333334
retrieval_off,0.4453125,0.012666666666666666,0.009666666666666667,0.9776666666666666
retrieval_off,0.44921875,0.012833333333333334,0.010166666666666666,0.977
retrieval_off,0.453125,0.013,0.010166666666666666,0.9768333333333333
retrieval_off,0.45703125,0.013166666666666667,0.011,0.9758333333333333
retrieval_off,0.4609375,0.013833333333333333,0.011166666666666667,0.975
retrieval_off,0.46484375,0.014,0.0115,0.9745
retrieval_off,0.46875,0.014833333333333334,0.012,0.9731666666666666
retrieval_off,0.47265625,0.015,0.012166666666666666,0.9728333333333333
retrieval_off,0.4765625,0.015,0.012666666666666666,0.9723333333333333
retrieval_off,0.48046875,0.015833333333333335,0.013166666666666667,0.971
retrieval_off,0.484375,0.0165,0.013333333333333334,0.9701666666666667
retrieval_off,0.48828125,0.016833333333333332,0.014166666666666666,0.969
retrieval_off,0.4921875,0.017,0.014333333333333333,0.9686666666666667
retrieval_off,0.49609375,0.0175,0.014666666666666666,0.9678333333333333
retrieval_off,0.5,0.017833333333333333,0.015166666666666667,0.967
retrieval_off,0.50390625,0.017833333333333333,0.016,0.9661666666666666
retrieval_off,0.5078125,0.018166666666666668,0.01633333333333333,0.9655
retrieval_off,0.51171875,0.018666666666666668,0.016666666666666666,0.9646666666666666
retrieval_off,0.515625,0.019,0.017166666666666667,0.9638333333333333
retrieval_off,0.51953125,0.019833333333333335,0.0175,0.9626666666666667
retrieval_off,0.5234375,0.02033333333333333,0.017666666666666667,0.962
retrieval_off,0.52734375,0.0205,0.018,0.9615
retrieval_off,0.53125,0.020833333333333332,0.0185,0.9606666666666667
retrieval_off,0.53515625,0.021666666666666667,0.019166666666666665,0.9591666666666666
retrieval_off,0.5390625,0.021833333333333333,0.019166666666666665,0.959
retrieval_off,0.54296875,0.0225,0.0195,0.9580000000000001
retrieval_off,0.546875,0.023166666666666665,0.020166666666666666,0.9566666666666667
retrieval_off,0.55078125,0.023333333333333334,0.020833333333333332,0.9558333333333333
retrieval_off,0.5546875,0.023666666666666666,0.021666666666666667,0.9546666666666668
retrieval_off,0.55859375,0.024166666666666666,0.022166666666666668,0.9536666666666667
retrieval_off,0.5625,0.024333333333333332,0.022333333333333334,0.9533333333333334
retrieval_off,0.56640625,0.025,0.022333333333333334,0.9526666666666667
retrieval_off,0.5703125,0.025666666666666667,0.0225,0.9518333333333334
retrieval_off,0.57421875,0.026,0.023,0.951
retrieval_off,0.578125,0.026166666666666668,0.023666666666666666,0.9501666666666667
retrieval_off,0.58203125,0.02666666666666667,0.024333333333333332,0.9490000000000001
retrieval_off,0.5859375,0.027166666666666665,0.0245,0.9483333333333334
retrieval_off,0.58984375,0.028,0.0245,0.9475
retrieval_off,0.59375,0.028333333333333332,0.024666666666666667,0.9470000000000001
retrieval_off,0.59765625,0.029,0.025,0.946
retrieval_off,0.6015625,0.029166666666666667,0.0255,0.9453333333333334
retrieval_off,0.60546875,0.029666666666666668,0.026333333333333334,0.9440000000000001
retrieval_off,0.609375,0.030666666666666665,0.0265,0.9428333333333334
retrieval_off,0.61328125,0.031166666666666665,0.02666666666666667,0.9421666666666667
retrieval_off,0.6171875,0.03166666666666667,0.027333333333333334,0.9410000000000001
retrieval_off,0.62109375,0.0325,0.0275,0.9400000000000001
retrieval_off,0.625,0.03333333333333333,0.028333333333333332,0.9383333333333334
retrieval_off,0.62890625,0.0335,0.028833333333333332,0.9376666666666666
retrieval_off,0.6328125,0.034,0.029666666666666668,0.9363333333333334
retrieval_off,0.63671875,0.034333333333333334,0.030333333333333334,0.9353333333333333
retrieval_off,0.640625,0.035333333333333335,0.0305,0.9341666666666667
retrieval_off,0.64453125,0.0355,0.031,0.9335
retrieval_off,0.6484375,0.036166666666666666,0.03166666666666667,0.9321666666666667
retrieval_off,0.65234375,0.03666666666666667,0.03283333333333333,0.9305
retrieval_off,0.65625,0.037333333333333336,0.033166666666666664,0.9295
retrieval_off,0.66015625,0.038,0.033666666666666664,0.9283333333333333
retrieval_off,0.6640625,0.03833333333333333,0.034,0.9276666666666666
retrieval_off,0.66796875,0.039,0.034833333333333334,0.9261666666666666
retrieval_off,0.671875,0.04,0.0355,0.9245
retrieval_off,0.67578125,0.041,0.035666666666666666,0.9233333333333333
retrieval_off,0.6796875,0.042166666666666665,0.036333333333333336,0.9215
retrieval_off,0.68359375,0.042666666666666665,0.036833333333333336,0.9205
retrieval_off,0.6875,0.043333333333333335,0.037,0.9196666666666666
retrieval_off,0.69140625,0.04416666666666667,0.038,0.9178333333333333
retrieval_off,0.6953125,0.044333333333333336,0.03833333333333333,0.9173333333333333
retrieval_off,0.69921875,0.04466666666666667,0.03883333333333333,0.9165000000000001
retrieval_off,0.703125,0.04516666666666667,0.03933333333333333,0.9155
retrieval_off,0.70703125,0.04633333333333333,0.03966666666666667,0.914
retrieval_off,0.7109375,0.04666666666666667,0.04033333333333333,0.913
retrieval_off,0.71484375,0.04733333333333333,0.04083333333333333,0.9118333333333333
retrieval_off,0.71875,0.048,0.0415,0.9105
retrieval_off,0.72265625,0.049166666666666664,0.041666666666666664,0.9091666666666667
retrieval_off,0.7265625,0.04933333333333333,0.042333333333333334,0.9083333333333333
retrieval_off,0.73046875,0.0505,0.042666666666666665,0.9068333333333334
retrieval_off,0.734375,0.051,0.043666666666666666,0.9053333333333333
retrieval_off,0.73828125,0.051333333333333335,0.04466666666666667,0.904
retrieval_off,0.7421875,0.05216666666666667,0.04516666666666667,0.9026666666666666
retrieval_off,0.74609375,0.05266666666666667,0.04616666666666667,0.9011666666666667
retrieval_off,0.75,0.05333333333333334,0.04683333333333333,0.8998333333333334
retrieval_off,0.75390625,0.05383333333333333,0.04716666666666667,0.899
retrieval_off,0.7578125,0.0545,0.04766666666666667,0.8978333333333334
retrieval_off,0.76171875,0.0555,0.04883333333333333,0.8956666666666667
retrieval_off,0.765625,0.0565,0.049166666666666664,0.8943333333333333
retrieval_off,0.76953125,0.056666666666666664,0.050333333333333334,0.893
retrieval_off,0.7734375,0.0575,0.051333333333333335,0.8911666666666667
retrieval_off,0.77734375,0.057833333333333334,0.0525,0.8896666666666667
retrieval_off,0.78125,0.058666666666666666,0.0525,0.8888333333333334
retrieval_off,0.78515625,0.059,0.05266666666666667,0.8883333333333334
retrieval_off,0.7890625,0.059333333333333335,0.05366666666666667,0.887
retrieval_off,0.79296875,0.059666666666666666,0.05416666666666667,0.8861666666666667
retrieval_off,0.796875,0.060333333333333336,0.05416666666666667,0.8855
retrieval_off,0.80078125,0.0615,0.05433333333333333,0.8841666666666667
retrieval_off,0.8046875,0.06216666666666667,0.05466666666666667,0.8831666666666667
retrieval_off,0.80859375,0.06316666666666666,0.05533333333333333,0.8815
retrieval_off,0.8125,0.06366666666666666,0.05616666666666666,0.8801666666666667
retrieval_off,0.81640625,0.0645,0.05633333333333333,0.8791666666666667
retrieval_off,0.8203125,0.065,0.057166666666666664,0.8778333333333334
retrieval_off,0.82421875,0.06633333333333333,0.058,0.8756666666666666
retrieval_off,0.828125,0.0665,0.0585,0.875
retrieval_off,0.83203125,0.06733333333333333,0.058666666666666666,0.874
retrieval_off,0.8359375,0.06766666666666667,0.058666666666666666,0.8736666666666667
retrieval_off,0.83984375,0.06783333333333333,0.059833333333333336,0.8723333333333334
retrieval_off,0.84375,0.06866666666666667,0.06016666666666667,0.8711666666666666
retrieval_off,0.84765625,0.06916666666666667,0.0605,0.8703333333333333
retrieval_off,0.8515625,0.06983333333333333,0.06116666666666667,0.869
retrieval_off,0.85546875,0.07066666666666667,0.06183333333333333,0.8675
retrieval_off,0.859375,0.07083333333333333,0.062,0.8671666666666666
retrieval_off,0.86328125,0.071,0.0625,0.8665
retrieval_off,0.8671875,0.07183333333333333,0.063,0.8651666666666666
retrieval_off,0.87109375,0.07183333333333333,0.0635,0.8646666666666667
retrieval_off,0.875,0.07266666666666667,0.06383333333333334,0.8635
retrieval_off,0.87890625,0.07283333333333333,0.0645,0.8626666666666667
retrieval_off,0.8828125,0.07316666666666667,0.06483333333333334,0.862
retrieval_off,0.88671875,0.07383333333333333,0.0655,0.8606666666666667
retrieval_off,0.890625,0.07466666666666667,0.06616666666666667,0.8591666666666666
retrieval_off,0.89453125,0.07533333333333334,0.06716666666666667,0.8574999999999999
retrieval_off,0.8984375,0.07566666666666666,0.06883333333333333,0.8555
retrieval_off,0.90234375,0.076,0.06933333333333333,0.8546666666666667
retrieval_off,0.90625,0.0765,0.07,0.8534999999999999
retrieval_off,0.91015625,0.07733333333333334,0.0705,0.8521666666666666
retrieval_off,0.9140625,0.0775,0.07116666666666667,0.8513333333333333
retrieval_off,0.91796875,0.07816666666666666,0.07166666666666667,0.8501666666666666
retrieval_off,0.921875,0.0785,0.07233333333333333,0.8491666666666666
retrieval_off,0.92578125,0.07866666666666666,0.0735,0.8478333333333333
retrieval_off,0.9296875,0.07866666666666666,0.07483333333333334,0.8465
retrieval_off,0.93359375,0.07966666666666666,0.07533333333333334,0.845
retrieval_off,0.9375,0.0805,0.076,0.8435
retrieval_off,0.94140625,0.081,0.07666666666666666,0.8423333333333334
retrieval_off,0.9453125,0.081,0.07716666666666666,0.8418333333333334
retrieval_off,0.94921875,0.082,0.07833333333333334,0.8396666666666667
retrieval_off,0.953125,0.0825,0.07883333333333334,0.8386666666666667
retrieval_off,0.95703125,0.083,0.0795,0.8375
retrieval_off,0.9609375,0.0835,0.08,0.8365
retrieval_off,0.96484375,0.084,0.0805,0.8355
retrieval_off,0.96875,0.08433333333333333,0.08066666666666666,0.835
retrieval_off,0.97265625,0.08516666666666667,0.0815,0.8333333333333334
retrieval_off,0.9765625,0.08516666666666667,0.0825,0.8323333333333334
retrieval_off,0.98046875,0.08533333333333333,0.08316666666666667,0.8314999999999999
retrieval_off,0.984375,0.08616666666666667,0.084,0.8298333333333333
retrieval_off,0.98828125,0.08666666666666667,0.08416666666666667,0.8291666666666666
retrieval_off,0.9921875,0.08716666666666667,0.08466666666666667,0.8281666666666667
retrieval_off,0.99609375,0.08816666666666667,0.08516666666666667,0.8266666666666667
retrieval_off,1.0,0.08866666666666667,0.08616666666666667,0.8251666666666666
retrieval_off,1.00390625,0.08933333333333333,0.08683333333333333,0.8238333333333333
retrieval_off,1.0078125,0.08983333333333333,0.08733333333333333,0.8228333333333333
retrieval_off,1.01171875,0.0905,0.08766666666666667,0.8218333333333333
retrieval_off,1.015625,0.09116666666666666,0.08866666666666667,0.8201666666666667
retrieval_off,1.01953125,0.09166666666666666,0.08966666666666667,0.8186666666666667
retrieval_off,1.0234375,0.09183333333333334,0.09016666666666667,0.8180000000000001
retrieval_off,1.02734375,0.09233333333333334,0.09133333333333334,0.8163333333333332
retrieval_off,1.03125,0.0925,0.09233333333333334,0.8151666666666666
retrieval_off,1.03515625,0.09283333333333334,0.09333333333333334,0.8138333333333333
retrieval_off,1.0390625,0.09316666666666666,0.09416666666666666,0.8126666666666668
retrieval_off,1.04296875,0.0935,0.09516666666666666,0.8113333333333334
retrieval_off,1.046875,0.09416666666666666,0.09583333333333334,0.81
retrieval_off,1.05078125,0.0945,0.09583333333333334,0.8096666666666666
retrieval_off,1.0546875,0.09466666666666666,0.09683333333333333,0.8085
retrieval_off,1.05859375,0.09533333333333334,0.09783333333333333,0.8068333333333333
retrieval_off,1.0625,0.09633333333333334,0.098,0.8056666666666666
retrieval_off,1.06640625,0.09683333333333333,0.09866666666666667,0.8045
retrieval_off,1.0703125,0.098,0.09933333333333333,0.8026666666666666
retrieval_off,1.07421875,0.0985,0.09983333333333333,0.8016666666666666
retrieval_off,1.078125,0.0995,0.1005,0.7999999999999999
retrieval_off,1.08203125,0.0995,0.1015,0.7989999999999999
retrieval_off,1.0859375,0.1,0.102,0.798
retrieval_off,1.08984375,0.10016666666666667,0.1025,0.7973333333333333
retrieval_off,1.09375,0.101,0.10266666666666667,0.7963333333333333
retrieval_off,1.09765625,0.10116666666666667,0.10383333333333333,0.795
retrieval_off,1.1015625,0.10116666666666667,0.10483333333333333,0.794
retrieval_off,1.10546875,0.10183333333333333,0.10533333333333333,0.7928333333333333
retrieval_off,1.109375,0.102,0.1065,0.7915
retrieval_off,1.11328125,0.10233333333333333,0.10666666666666667,0.7909999999999999
retrieval_off,1.1171875,0.10266666666666667,0.10716666666666666,0.7901666666666667
retrieval_off,1.12109375,0.10283333333333333,0.1075,0.7896666666666666
retrieval_off,1.125,0.10383333333333333,0.108,0.7881666666666667
retrieval_off,1.12890625,0.10416666666666667,0.1085,0.7873333333333333
retrieval_off,1.1328125,0.105,0.109,0.786
retrieval_off,1.13671875,0.1055,0.10983333333333334,0.7846666666666666
retrieval_off,1.140625,0.10633333333333334,0.11066666666666666,0.7829999999999999
retrieval_off,1.14453125,0.107,0.1115,0.7815
retrieval_off,1.1484375,0.10716666666666666,0.11216666666666666,0.7806666666666667
retrieval_off,1.15234375,0.10816666666666666,0.11333333333333333,0.7785000000000001
retrieval_off,1.15625,0.1085,0.11366666666666667,0.7778333333333333
retrieval_off,1.16015625,0.10933333333333334,0.11433333333333333,0.7763333333333334
retrieval_off,1.1640625,0.10966666666666666,0.11516666666666667,0.7751666666666667
retrieval_off,1.16796875,0.11016666666666666,0.116,0.7738333333333334
retrieval_off,1.171875,0.11066666666666666,0.1165,0.7728333333333333
retrieval_off,1.17578125,0.11116666666666666,0.11766666666666667,0.7711666666666667
retrieval_off,1.1796875,0.112,0.11766666666666667,0.7703333333333333
retrieval_off,1.18359375,0.11233333333333333,0.11833333333333333,0.7693333333333334
retrieval_off,1.1875,0.11266666666666666,0.1185,0.7688333333333333
retrieval_off,1.19140625,0.113,0.119,0.768
retrieval_off,1.1953125,0.11333333333333333,0.1195,0.7671666666666668
retrieval_off,1.19921875,0.11433333333333333,0.11966666666666667,0.766
retrieval_off,1.203125,0.11466666666666667,0.1205,0.7648333333333333
retrieval_off,1.20703125,0.11516666666666667,0.12166666666666667,0.7631666666666667
retrieval_off,1.2109375,0.11533333333333333,0.12216666666666667,0.7625000000000001
retrieval_off,1.21484375,0.11633333333333333,0.1235,0.7601666666666667
retrieval_off,1.21875,0.11683333333333333,0.12416666666666666,0.759
retrieval_off,1.22265625,0.11716666666666667,0.12516666666666668,0.7576666666666667
retrieval_off,1.2265625,0.11783333333333333,0.12583333333333332,0.7563333333333333
retrieval_off,1.23046875,0.11816666666666667,0.12633333333333333,0.7555000000000001
retrieval_off,1.234375,0.11866666666666667,0.12683333333333333,0.7545
retrieval_off,1.23828125,0.11933333333333333,0.12716666666666668,0.7535000000000001
retrieval_off,1.2421875,0.11983333333333333,0.1275,0.7526666666666666
retrieval_off,1.24609375,0.1205,0.12816666666666668,0.7513333333333333
retrieval_off,1.25,0.12116666666666667,0.12816666666666668,0.7506666666666667
retrieval_off,1.25390625,0.12183333333333334,0.12816666666666668,0.75
retrieval_off,1.2578125,0.12233333333333334,0.1285,0.7491666666666668
retrieval_off,1.26171875,0.12283333333333334,0.12933333333333333,0.7478333333333333
retrieval_off,1.265625,0.12316666666666666,0.12966666666666668,0.7471666666666666
retrieval_off,1.26953125,0.124,0.13016666666666668,0.7458333333333333
retrieval_off,1.2734375,0.1245,0.13066666666666665,0.7448333333333332
retrieval_off,1.27734375,0.12516666666666668,0.13116666666666665,0.7436666666666667
retrieval_off,1.28125,0.126,0.13266666666666665,0.7413333333333334
retrieval_off,1.28515625,0.12633333333333333,0.13316666666666666,0.7405
retrieval_off,1.2890625,0.12666666666666668,0.1335,0.7398333333333333
retrieval_off,1.29296875,0.127,0.134,0.739
retrieval_off,1.296875,0.12733333333333333,0.135,0.7376666666666667
retrieval_off,1.30078125,0.12783333333333333,0.13616666666666666,0.736
retrieval_off,1.3046875,0.12833333333333333,0.13633333333333333,0.7353333333333334
retrieval_off,1.30859375,0.12883333333333333,0.13733333333333334,0.7338333333333333
retrieval_off,1.3125,0.12933333333333333,0.13833333333333334,0.7323333333333334
retrieval_off,1.31640625,0.13033333333333333,0.13933333333333334,0.7303333333333334
retrieval_off,1.3203125,0.13066666666666665,0.14016666666666666,0.7291666666666666
retrieval_off,1.32421875,0.13116666666666665,0.1405,0.7283333333333333
retrieval_off,1.328125,0.13183333333333333,0.14066666666666666,0.7275
retrieval_off,1.33203125,0.13233333333333333,0.141,0.7266666666666667
retrieval_off,1.3359375,0.133,0.1415,0.7255
retrieval_off,1.33984375,0.13383333333333333,0.142,0.7241666666666666
retrieval_off,1.34375,0.1345,0.14266666666666666,0.7228333333333332
retrieval_off,1.34765625,0.13483333333333333,0.14266666666666666,0.7224999999999999
retrieval_off,1.3515625,0.13516666666666666,0.14383333333333334,0.721
retrieval_off,1.35546875,0.136,0.14416666666666667,0.7198333333333333
retrieval_off,1.359375,0.13716666666666666,0.145,0.7178333333333333
retrieval_off,1.36328125,0.13766666666666666,0.1455,0.7168333333333334
retrieval_off,1.3671875,0.138,0.146,0.716
retrieval_off,1.37109375,0.13916666666666666,0.14683333333333334,0.714
retrieval_off,1.375,0.13983333333333334,0.14716666666666667,0.713
retrieval_off,1.37890625,0.14,0.14716666666666667,0.7128333333333333
retrieval_off,1.3828125,0.14033333333333334,0.14783333333333334,0.7118333333333333
retrieval_off,1.38671875,0.1405,0.1485,0.711
retrieval_off,1.390625,0.14083333333333334,0.1495,0.7096666666666667
retrieval_off,1.39453125,0.141,0.14983333333333335,0.7091666666666666
retrieval_off,1.3984375,0.14216666666666666,0.14983333333333335,0.708
retrieval_off,1.40234375,0.143,0.15033333333333335,0.7066666666666667
retrieval_off,1.40625,0.14316666666666666,0.15083333333333335,0.706
retrieval_off,1.41015625,0.14366666666666666,0.1515,0.7048333333333334
retrieval_off,1.4140625,0.14466666666666667,0.15183333333333332,0.7035
retrieval_off,1.41796875,0.14466666666666667,0.15266666666666667,0.7026666666666666
retrieval_off,1.421875,0.14533333333333334,0.1535,0.7011666666666667
retrieval_off,1.42578125,0.14633333333333334,0.15416666666666667,0.6995
retrieval_off,1.4296875,0.14716666666666667,0.155,0.6978333333333333
retrieval_off,1.43359375,0.1475,0.15516666666666667,0.6973333333333334
retrieval_off,1.4375,0.148,0.156,0.696
retrieval_off,1.44140625,0.14883333333333335,0.1565,0.6946666666666667
retrieval_off,1.4453125,0.1495,0.15716666666666668,0.6933333333333334
retrieval_off,1.44921875,0.15033333333333335,0.15783333333333333,0.6918333333333333
retrieval_off,1.453125,0.151,0.15883333333333333,0.6901666666666666
retrieval_off,1.45703125,0.151,0.15916666666666668,0.6898333333333333
retrieval_off,1.4609375,0.15116666666666667,0.15983333333333333,0.6890000000000001
retrieval_off,1.46484375,0.152,0.1605,0.6875
retrieval_off,1.46875,0.1525,0.16066666666666668,0.6868333333333334
retrieval_off,1.47265625,0.1525,0.16116666666666668,0.6863333333333334
retrieval_off,1.4765625,0.15283333333333332,0.16133333333333333,0.6858333333333333
retrieval_off,1.48046875,0.15333333333333332,0.16166666666666665,0.685
retrieval_off,1.484375,0.15416666666666667,0.16216666666666665,0.6836666666666666
retrieval_off,1.48828125,0.15466666666666667,0.16316666666666665,0.6821666666666666
retrieval_off,1.4921875,0.155,0.16366666666666665,0.6813333333333333
retrieval_off,1.49609375,0.15533333333333332,0.164,0.6806666666666666
retrieval_off,1.5,0.15566666666666668,0.1645,0.6798333333333334
retrieval_off,1.50390625,0.15566666666666668,0.1655,0.6788333333333334
retrieval_off,1.5078125,0.15633333333333332,0.16633333333333333,0.6773333333333333
retrieval_off,1.51171875,0.15633333333333332,0.16716666666666666,0.6765
retrieval_off,1.515625,0.157,0.16816666666666666,0.6748333333333333
retrieval_off,1.51953125,0.15733333333333333,0.16866666666666666,0.674
retrieval_off,1.5234375,0.15833333333333333,0.16933333333333334,0.6723333333333333
retrieval_off,1.52734375,0.15866666666666668,0.16983333333333334,0.6715
retrieval_off,1.53125,0.15883333333333333,0.17066666666666666,0.6705
retrieval_off,1.53515625,0.15933333333333333,0.17133333333333334,0.6693333333333333
retrieval_off,1.5390625,0.1595,0.17183333333333334,0.6686666666666667
retrieval_off,1.54296875,0.16,0.1725,0.6675
retrieval_off,1.546875,0.16066666666666668,0.17333333333333334,0.6659999999999999
retrieval_off,1.55078125,0.16083333333333333,0.17333333333333334,0.6658333333333333
retrieval_off,1.5546875,0.16166666666666665,0.1735,0.6648333333333334
retrieval_off,1.55859375,0.16216666666666665,0.17383333333333334,0.6639999999999999
retrieval_off,1.5625,0.16316666666666665,0.17516666666666666,0.6616666666666666
retrieval_off,1.56640625,0.16416666666666666,0.17583333333333334,0.6599999999999999
retrieval_off,1.5703125,0.16466666666666666,0.17616666666666667,0.6591666666666667
retrieval_off,1.57421875,0.16516666666666666,0.177,0.6578333333333333
retrieval_off,1.578125,0.16566666666666666,0.17733333333333334,0.657
retrieval_off,1.58203125,0.16616666666666666,0.178,0.6558333333333333
retrieval_off,1.5859375,0.16633333333333333,0.17816666666666667,0.6555
retrieval_off,1.58984375,0.1665,0.17866666666666667,0.6548333333333334
retrieval_off,1.59375,0.16683333333333333,0.1795,0.6536666666666666
retrieval_off,1.59765625,0.16766666666666666,0.18066666666666667,0.6516666666666667
retrieval_off,1.6015625,0.16816666666666666,0.181,0.6508333333333334
retrieval_off,1.60546875,0.1685,0.1815,0.65
retrieval_off,1.609375,0.16883333333333334,0.18166666666666667,0.6495
retrieval_off,1.61328125,0.16983333333333334,0.182,0.6481666666666668
retrieval_off,1.6171875,0.16983333333333334,0.18233333333333332,0.6478333333333334
retrieval_off,1.62109375,0.17016666666666666,0.183,0.6468333333333334
retrieval_off,1.625,0.1705,0.18366666666666667,0.6458333333333334
retrieval_off,1.62890625,0.17133333333333334,0.18366666666666667,0.645
retrieval_off,1.6328125,0.1715,0.18383333333333332,0.6446666666666667
retrieval_off,1.63671875,0.17216666666666666,0.1845,0.6433333333333333
retrieval_off,1.640625,0.173,0.18466666666666667,0.6423333333333333
retrieval_off,1.64453125,0.1735,0.18566666666666667,0.6408333333333334
retrieval_off,1.6484375,0.174,0.18566666666666667,0.6403333333333334
retrieval_off,1.65234375,0.17466666666666666,0.18616666666666667,0.6391666666666667
retrieval_off,1.65625,0.175,0.18683333333333332,0.6381666666666667
retrieval_off,1.66015625,0.17516666666666666,0.18733333333333332,0.6375
retrieval_off,1.6640625,0.17566666666666667,0.18766666666666668,0.6366666666666667
retrieval_off,1.66796875,0.17616666666666667,0.18816666666666668,0.6356666666666666
retrieval_off,1.671875,0.17683333333333334,0.18816666666666668,0.6349999999999999
retrieval_off,1.67578125,0.17716666666666667,0.189,0.6338333333333332
retrieval_off,1.6796875,0.1775,0.18933333333333333,0.6331666666666667
retrieval_off,1.68359375,0.17816666666666667,0.1895,0.6323333333333333
retrieval_off,1.6875,0.17866666666666667,0.19016666666666668,0.6311666666666667
retrieval_off,1.69140625,0.17883333333333334,0.19066666666666668,0.6305
retrieval_off,1.6953125,0.17933333333333334,0.19116666666666668,0.6295
retrieval_off,1.69921875,0.18066666666666667,0.19183333333333333,0.6275000000000001
retrieval_off,1.703125,0.18116666666666667,0.19216666666666668,0.6266666666666666
retrieval_off,1.70703125,0.18133333333333335,0.1925,0.6261666666666666
retrieval_off,1.7109375,0.18133333333333335,0.19283333333333333,0.6258333333333334
retrieval_off,1.71484375,0.18166666666666667,0.1935,0.6248333333333334
retrieval_off,1.71875,0.18183333333333335,0.19383333333333333,0.6243333333333334
retrieval_off,1.72265625,0.18216666666666667,0.19433333333333333,0.6234999999999999
retrieval_off,1.7265625,0.18283333333333332,0.19483333333333333,0.6223333333333334
retrieval_off,1.73046875,0.18316666666666667,0.19566666666666666,0.6211666666666666
retrieval_off,1.734375,0.18383333333333332,0.19683333333333333,0.6193333333333334
retrieval_off,1.73828125,0.18433333333333332,0.1975,0.6181666666666666
retrieval_off,1.7421875,0.1845,0.19766666666666666,0.6178333333333333
retrieval_off,1.74609375,0.18483333333333332,0.19866666666666666,0.6165
retrieval_off,1.75,0.185,0.19933333333333333,0.6156666666666666
retrieval_off,1.75390625,0.18533333333333332,0.19983333333333334,0.6148333333333333
retrieval_off,1.7578125,0.18633333333333332,0.20033333333333334,0.6133333333333333
retrieval_off,1.76171875,0.18683333333333332,0.20116666666666666,0.6120000000000001
retrieval_off,1.765625,0.18716666666666668,0.2015,0.6113333333333333
retrieval_off,1.76953125,0.18783333333333332,0.20183333333333334,0.6103333333333334
retrieval_off,1.7734375,0.18833333333333332,0.20233333333333334,0.6093333333333333
retrieval_off,1.77734375,0.1895,0.20283333333333334,0.6076666666666667
retrieval_off,1.78125,0.19016666666666668,0.203,0.6068333333333333
retrieval_off,1.78515625,0.1905,0.20416666666666666,0.6053333333333333
retrieval_off,1.7890625,0.19083333333333333,0.205,0.6041666666666667
retrieval_off,1.79296875,0.19183333333333333,0.20566666666666666,0.6025
retrieval_off,1.796875,0.192,0.20583333333333334,0.6021666666666667
retrieval_off,1.80078125,0.19266666666666668,0.20583333333333334,0.6015
retrieval_off,1.8046875,0.1935,0.20683333333333334,0.5996666666666667
retrieval_off,1.80859375,0.194,0.20733333333333334,0.5986666666666667
retrieval_off,1.8125,0.19416666666666665,0.2085,0.5973333333333334
retrieval_off,1.81640625,0.195,0.20866666666666667,0.5963333333333333
retrieval_off,1.8203125,0.1955,0.2095,0.595
retrieval_off,1.82421875,0.19583333333333333,0.20983333333333334,0.5943333333333334
retrieval_off,1.828125,0.19616666666666666,0.20983333333333334,0.5940000000000001
retrieval_off,1.83203125,0.19616666666666666,0.21033333333333334,0.5935
retrieval_off,1.8359375,0.1965,0.21066666666666667,0.5928333333333333
retrieval_off,1.83984375,0.19683333333333333,0.21066666666666667,0.5925
retrieval_off,1.84375,0.19716666666666666,0.211,0.5918333333333333
retrieval_off,1.84765625,0.19816666666666666,0.21133333333333335,0.5905
retrieval_off,1.8515625,0.19833333333333333,0.21183333333333335,0.5898333333333333
retrieval_off,1.85546875,0.19866666666666666,0.213,0.5883333333333334
retrieval_off,1.859375,0.199,0.21333333333333335,0.5876666666666666
retrieval_off,1.86328125,0.19933333333333333,0.21366666666666667,0.587
retrieval_off,1.8671875,0.20033333333333334,0.21416666666666667,0.5854999999999999
retrieval_off,1.87109375,0.20066666666666666,0.21483333333333332,0.5845
retrieval_off,1.875,0.20133333333333334,0.2155,0.5831666666666666
retrieval_off,1.87890625,0.20166666666666666,0.216,0.5823333333333334
retrieval_off,1.8828125,0.20216666666666666,0.21683333333333332,0.5810000000000001
retrieval_off,1.88671875,0.2025,0.21716666666666667,0.5803333333333334
retrieval_off,1.890625,0.20283333333333334,0.21766666666666667,0.5795
retrieval_off,1.89453125,0.20366666666666666,0.21766666666666667,0.5786666666666667
retrieval_off,1.8984375,0.20383333333333334,0.218,0.5781666666666667
retrieval_off,1.90234375,0.204,0.21883333333333332,0.5771666666666667
retrieval_off,1.90625,0.2045,0.21916666666666668,0.5763333333333334
retrieval_off,1.91015625,0.205,0.21966666666666668,0.5753333333333334
retrieval_off,1.9140625,0.20516666666666666,0.22066666666666668,0.5741666666666666
retrieval_off,1.91796875,0.2055,0.22066666666666668,0.5738333333333333
retrieval_off,1.921875,0.2065,0.22116666666666668,0.5723333333333334
retrieval_off,1.92578125,0.207,0.22133333333333333,0.5716666666666668
retrieval_off,1.9296875,0.20733333333333334,0.22166666666666668,0.571
retrieval_off,1.93359375,0.20816666666666667,0.22183333333333333,0.5700000000000001
retrieval_off,1.9375,0.2085,0.2235,0.568
retrieval_off,1.94140625,0.209,0.224,0.5670000000000001
retrieval_off,1.9453125,0.20983333333333334,0.22466666666666665,0.5655
retrieval_off,1.94921875,0.2105,0.22516666666666665,0.5643333333333334
retrieval_off,1.953125,0.21083333333333334,0.2255,0.5636666666666666
retrieval_off,1.95703125,0.2115,0.22633333333333333,0.5621666666666667
retrieval_off,1.9609375,0.21166666666666667,0.22633333333333333,0.562
retrieval_off,1.96484375,0.212,0.22633333333333333,0.5616666666666668
retrieval_off,1.96875,0.21216666666666667,0.2265,0.5613333333333334
retrieval_off,1.97265625,0.21233333333333335,0.22716666666666666,0.5605
retrieval_off,1.9765625,0.21266666666666667,0.228,0.5593333333333333
retrieval_off,1.98046875,0.21283333333333335,0.22816666666666666,0.559
retrieval_off,1.984375,0.21316666666666667,0.22883333333333333,0.5579999999999999
retrieval_off,1.98828125,0.21383333333333332,0.22916666666666666,0.557
retrieval_off,1.9921875,0.21433333333333332,0.22966666666666666,0.556
retrieval_off,1.99609375,0.21466666666666667,0.23066666666666666,0.5546666666666666
retrieval_off,2.0,0.215,0.231,0.554
high_noise,0.0,0.0,0.0,1.0
high_noise,0.00390625,0.0,0.0,1.0
high_noise,0.0078125,0.0,0.0,1.0
high_noise,0.01171875,0.0,0.0,1.0
high_noise,0.015625,0.0,0.0,1.0
high_noise,0.01953125,0.0,0.0,1.0
high_noise,0.0234375,0.0,0.0,1.0
high_noise,0.02734375,0.0,0.0,1.0
high_noise,0.03125,0.0,0.0,1.0
high_noise,0.03515625,0.0,0.0,1.0
high_noise,0.0390625,0.0,0.0,1.0
high_noise,0.04296875,0.0,0.00016666666666666666,0.9998333333333334
high_noise,0.046875,0.00016666666666666666,0.00016666666666666666,0.9996666666666667
high_noise,0.05078125,0.0003333333333333333,0.00016666666666666666,0.9995
high_noise,0.0546875,0.0006666666666666666,0.0003333333333333333,0.999
high_noise,0.05859375,0.001,0.0006666666666666666,0.9983333333333333
high_noise,0.0625,0.0016666666666666668,0.001,0.9973333333333333
high_noise,0.06640625,0.0023333333333333335,0.0011666666666666668,0.9965
high_noise,0.0703125,0.0031666666666666666,0.0021666666666666666,0.9946666666666667
high_noise,0.07421875,0.0035,0.0028333333333333335,0.9936666666666667
high_noise,0.078125,0.0045,0.0035,0.9920000000000001
high_noise,0.08203125,0.006333333333333333,0.003833333333333333,0.9898333333333333
high_noise,0.0859375,0.0075,0.005166666666666667,0.9873333333333334
high_noise,0.08984375,0.008666666666666666,0.007,0.9843333333333333
high_noise,0.09375,0.011,0.008166666666666666,0.9808333333333333
high_noise,0.09765625,0.013,0.009166666666666667,0.9778333333333333
high_noise,0.1015625,0.0145,0.01,0.9755
high_noise,0.10546875,0.017166666666666667,0.0105,0.9723333333333334
high_noise,0.109375,0.02033333333333333,0.011666666666666667,0.968
high_noise,0.11328125,0.023,0.013666666666666667,0.9633333333333333
high_noise,0.1171875,0.024666666666666667,0.014666666666666666,0.9606666666666667
high_noise,0.12109375,0.027833333333333335,0.016166666666666666,0.956
high_noise,0.125,0.029666666666666668,0.017833333333333333,0.9525
high_noise,0.12890625,0.03133333333333333,0.019166666666666665,0.9495
high_noise,0.1328125,0.034333333333333334,0.019833333333333335,0.9458333333333333
high_noise,0.13671875,0.0375,0.0215,0.9410000000000001
high_noise,0.140625,0.0415,0.023166666666666665,0.9353333333333333
high_noise,0.14453125,0.0445,0.024333333333333332,0.9311666666666667
high_noise,0.1484375,0.049,0.026833333333333334,0.9241666666666666
high_noise,0.15234375,0.052833333333333336,0.0285,0.9186666666666667
high_noise,0.15625,0.057166666666666664,0.030333333333333334,0.9125
high_noise,0.16015625,0.0605,0.03183333333333333,0.9076666666666666
high_noise,0.1640625,0.0635,0.034,0.9025
high_noise,0.16796875,0.0675,0.036,0.8965
high_noise,0.171875,0.07083333333333333,0.0375,0.8916666666666667
high_noise,0.17578125,0.07533333333333334,0.04016666666666667,0.8845
high_noise,0.1796875,0.0805,0.04133333333333333,0.8781666666666667
high_noise,0.18359375,0.083,0.042166666666666665,0.8748333333333334
high_noise,0.1875,0.086,0.04416666666666667,0.8698333333333333
high_noise,0.19140625,0.08983333333333333,0.04516666666666667,0.865
high_noise,0.1953125,0.094,0.04683333333333333,0.8591666666666667
high_noise,0.19921875,0.09783333333333333,0.04833333333333333,0.8538333333333333
high_noise,0.203125,0.10233333333333333,0.049666666666666665,0.848
high_noise,0.20703125,0.109,0.05216666666666667,0.8388333333333333
high_noise,0.2109375,0.1135,0.053,0.8334999999999999
high_noise,0.21484375,0.11616666666666667,0.05383333333333333,0.8300000000000001
high_noise,0.21875,0.12066666666666667,0.05516666666666667,0.8241666666666666
high_noise,0.22265625,0.12616666666666668,0.05616666666666666,0.8176666666666667
high_noise,0.2265625,0.12866666666666668,0.058,0.8133333333333332
high_noise,0.23046875,0.1335,0.06016666666666667,0.8063333333333333
high_noise,0.234375,0.13866666666666666,0.06166666666666667,0.7996666666666666
high_noise,0.23828125,0.1445,0.06333333333333334,0.7921666666666667
high_noise,0.2421875,0.1505,0.0645,0.785
high_noise,0.24609375,0.15333333333333332,0.06716666666666667,0.7795
high_noise,0.25,0.15583333333333332,0.06933333333333333,0.7748333333333334
high_noise,0.25390625,0.15966666666666668,0.07066666666666667,0.7696666666666667
high_noise,0.2578125,0.16383333333333333,0.07266666666666667,0.7635000000000001
high_noise,0.26171875,0.1675,0.07366666666666667,0.7588333333333334
high_noise,0.265625,0.1725,0.07633333333333334,0.7511666666666666
high_noise,0.26953125,0.17683333333333334,0.07816666666666666,0.7449999999999999
high_noise,0.2734375,0.18183333333333335,0.08083333333333333,0.7373333333333334
high_noise,0.27734375,0.18583333333333332,0.08233333333333333,0.7318333333333333
high_noise,0.28125,0.19033333333333333,0.08483333333333333,0.7248333333333333
high_noise,0.28515625,0.19433333333333333,0.08666666666666667,0.719
high_noise,0.2890625,0.20066666666666666,0.08783333333333333,0.7115
high_noise,0.29296875,0.205,0.08883333333333333,0.7061666666666667
high_noise,0.296875,0.20933333333333334,0.08966666666666667,0.701
high_noise,0.30078125,0.21416666666666667,0.09016666666666667,0.6956666666666667
high_noise,0.3046875,0.21683333333333332,0.0915,0.6916666666666667
high_noise,0.30859375,0.2205,0.093,0.6865
high_noise,0.3125,0.22366666666666668,0.095,0.6813333333333333
high_noise,0.31640625,0.22816666666666666,0.09616666666666666,0.6756666666666667
high_noise,0.3203125,0.23133333333333334,0.09666666666666666,0.6719999999999999
high_noise,0.32421875,0.2365,0.09766666666666667,0.6658333333333334
high_noise,0.328125,0.24133333333333334,0.0985,0.6601666666666666
high_noise,0.33203125,0.2455,0.09933333333333333,0.6551666666666667
high_noise,0.3359375,0.24983333333333332,0.101,0.6491666666666667
high_noise,0.33984375,0.2555,0.10283333333333333,0.6416666666666666
high_noise,0.34375,0.25866666666666666,0.10416666666666667,0.6371666666666668
high_noise,0.34765625,0.2635,0.1055,0.6309999999999999
high_noise,0.3515625,0.268,0.10683333333333334,0.6251666666666666
high_noise,0.35546875,0.27116666666666667,0.108,0.6208333333333333
high_noise,0.359375,0.27566666666666667,0.10916666666666666,0.6151666666666666
high_noise,0.36328125,0.2805,0.11066666666666666,0.6088333333333333
high_noise,0.3671875,0.2851666666666667,0.11283333333333333,0.602
high_noise,0.37109375,0.288,0.11383333333333333,0.5981666666666666
high_noise,0.375,0.29133333333333333,0.114,0.5946666666666667
high_noise,0.37890625,0.2956666666666667,0.11516666666666667,0.5891666666666666
high_noise,0.3828125,0.2985,0.11633333333333333,0.5851666666666667
high_noise,0.38671875,0.30216666666666664,0.118,0.5798333333333333
high_noise,0.390625,0.30733333333333335,0.11916666666666667,0.5735
high_noise,0.39453125,0.31133333333333335,0.1205,0.5681666666666667
high_noise,0.3984375,0.315,0.12183333333333334,0.5631666666666667
high_noise,0.40234375,0.31883333333333336,0.1225,0.5586666666666666
high_noise,0.40625,0.32283333333333336,0.12383333333333334,0.5533333333333333
high_noise,0.41015625,0.3248333333333333,0.12466666666666666,0.5505
high_noise,0.4140625,0.32916666666666666,0.12566666666666668,0.5451666666666667
high_noise,0.41796875,0.332,0.1265,0.5414999999999999
high_noise,0.421875,0.336,0.1275,0.5365
high_noise,0.42578125,0.3396666666666667,0.129,0.5313333333333333
high_noise,0.4296875,0.3443333333333333,0.12983333333333333,0.5258333333333333
high_noise,0.43359375,0.34883333333333333,0.13083333333333333,0.5203333333333333
high_noise,0.4375,0.3531666666666667,0.1315,0.5153333333333334
high_noise,0.44140625,0.357,0.13166666666666665,0.5113333333333334
high_noise,0.4453125,0.36133333333333334,0.13216666666666665,0.5065000000000001
high_noise,0.44921875,0.365,0.134,0.501
high_noise,0.453125,0.3695,0.13416666666666666,0.4963333333333334
high_noise,0.45703125,0.37283333333333335,0.13466666666666666,0.4925
high_noise,0.4609375,0.37733333333333335,0.1355,0.4871666666666667
high_noise,0.46484375,0.382,0.1365,0.4815
high_noise,0.46875,0.38533333333333336,0.13733333333333334,0.4773333333333334
high_noise,0.47265625,0.3895,0.13783333333333334,0.4726666666666667
high_noise,0.4765625,0.393,0.13866666666666666,0.4683333333333333
high_noise,0.48046875,0.396,0.13916666666666666,0.4648333333333333
high_noise,0.484375,0.399,0.14016666666666666,0.4608333333333333
high_noise,0.48828125,0.4018333333333333,0.141,0.4571666666666667
high_noise,0.4921875,0.407,0.14133333333333334,0.45166666666666666
high_noise,0.49609375,0.41,0.142,0.44800000000000006
high_noise,0.5,0.41333333333333333,0.14283333333333334,0.4438333333333333
high_noise,0.50390625,0.4175,0.14366666666666666,0.43883333333333335
high_noise,0.5078125,0.4206666666666667,0.14416666666666667,0.4351666666666666
high_noise,0.51171875,0.4245,0.14416666666666667,0.43133333333333335
high_noise,0.515625,0.42833333333333334,0.1455,0.4261666666666667
high_noise,0.51953125,0.43133333333333335,0.14633333333333334,0.42233333333333334
high_noise,0.5234375,0.43483333333333335,0.147,0.4181666666666666
high_noise,0.52734375,0.438,0.14783333333333334,0.4141666666666667
high_noise,0.53125,0.44116666666666665,0.14833333333333334,0.4105
high_noise,0.53515625,0.44433333333333336,0.149,0.4066666666666666
high_noise,0.5390625,0.44716666666666666,0.14966666666666667,0.4031666666666666
high_noise,0.54296875,0.45,0.1505,0.3995000000000001
high_noise,0.546875,0.45316666666666666,0.15066666666666667,0.3961666666666666
high_noise,0.55078125,0.4563333333333333,0.1515,0.3921666666666668
high_noise,0.5546875,0.459,0.152,0.3889999999999999
high_noise,0.55859375,0.4615,0.1535,0.385
high_noise,0.5625,0.465,0.15383333333333332,0.3811666666666666
high_noise,0.56640625,0.469,0.15416666666666667,0.37683333333333335
high_noise,0.5703125,0.4726666666666667,0.15466666666666667,0.37266666666666665
high_noise,0.57421875,0.4746666666666667,0.15616666666666668,0.36916666666666664
high_noise,0.578125,0.4785,0.1565,0.3650000000000001
high_noise,0.58203125,0.4811666666666667,0.157,0.36183333333333323
high_noise,0.5859375,0.4841666666666667,0.1575,0.3583333333333334
high_noise,0.58984375,0.4865,0.1575,0.3560000000000001
high_noise,0.59375,0.489,0.158,0.353
high_noise,0.59765625,0.49216666666666664,0.1585,0.3493333333333334
high_noise,0.6015625,0.49416666666666664,0.15933333333333333,0.34650000000000003
high_noise,0.60546875,0.49733333333333335,0.15966666666666668,0.3429999999999999
high_noise,0.609375,0.4995,0.16016666666666668,0.34033333333333327
high_noise,0.61328125,0.5015,0.16066666666666668,0.3378333333333334
high_noise,0.6171875,0.5038333333333334,0.161,0.3351666666666666
high_noise,0.62109375,0.5058333333333334,0.16116666666666668,0.33299999999999996
high_noise,0.625,0.5083333333333333,0.16183333333333333,0.32983333333333337
high_noise,0.62890625,0.5101666666666667,0.16283333333333333,0.327
high_noise,0.6328125,0.5135,0.16333333333333333,0.3231666666666667
high_noise,0.63671875,0.5166666666666667,0.16333333333333333,0.31999999999999995
high_noise,0.640625,0.5188333333333334,0.16383333333333333,0.3173333333333333
high_noise,0.64453125,0.5205,0.16433333333333333,0.3151666666666667
high_noise,0.6484375,0.5221666666666667,0.16433333333333333,0.3135
high_noise,0.65234375,0.525,0.16483333333333333,0.31016666666666665
high_noise,0.65625,0.5268333333333334,0.1655,0.30766666666666664
high_noise,0.66015625,0.5293333333333333,0.16583333333333333,0.30483333333333335
high_noise,0.6640625,0.5313333333333333,0.16616666666666666,0.3025
high_noise,0.66796875,0.5345,0.16633333333333333,0.2991666666666667
high_noise,0.671875,0.5356666666666666,0.167,0.29733333333333334
high_noise,0.67578125,0.5383333333333333,0.16766666666666666,0.29400000000000004
high_noise,0.6796875,0.5405,0.16833333333333333,0.2911666666666667
high_noise,0.68359375,0.544,0.169,0.2869999999999999
high_noise,0.6875,0.5468333333333333,0.16916666666666666,0.28400000000000003
high_noise,0.69140625,0.5493333333333333,0.1695,0.2811666666666667
high_noise,0.6953125,0.551,0.17016666666666666,0.27883333333333327
high_noise,0.69921875,0.5531666666666667,0.17083333333333334,0.27599999999999997
high_noise,0.703125,0.5553333333333333,0.17116666666666666,0.27349999999999997
high_noise,0.70703125,0.5571666666666667,0.17166666666666666,0.27116666666666667
high_noise,0.7109375,0.5601666666666667,0.17183333333333334,0.26799999999999996
high_noise,0.71484375,0.5623333333333334,0.17216666666666666,0.26549999999999996
high_noise,0.71875,0.5643333333333334,0.17216666666666666,0.26349999999999996
high_noise,0.72265625,0.5675,0.17233333333333334,0.26016666666666666
high_noise,0.7265625,0.5696666666666667,0.17233333333333334,0.258
high_noise,0.73046875,0.5721666666666667,0.1725,0.2553333333333333
high_noise,0.734375,0.5746666666666667,0.1725,0.25283333333333335
high_noise,0.73828125,0.577,0.173,0.25000000000000006
high_noise,0.7421875,0.5785,0.1735,0.248
high_noise,0.74609375,0.5806666666666667,0.17366666666666666,0.24566666666666667
high_noise,0.75,0.583,0.174,0.24300000000000005
high_noise,0.75390625,0.5855,0.17433333333333334,0.24016666666666664
high_noise,0.7578125,0.5875,0.1745,0.238
high_noise,0.76171875,0.5895,0.17466666666666666,0.2358333333333333
high_noise,0.765625,0.5908333333333333,0.17516666666666666,0.234
high_noise,0.76953125,0.5921666666666666,0.17583333333333334,0.23200000000000004
high_noise,0.7734375,0.5948333333333333,0.17633333333333334,0.22883333333333333
high_noise,0.77734375,0.597,0.1765,0.22650000000000003
high_noise,0.78125,0.5981666666666666,0.17683333333333334,0.22500000000000003
high_noise,0.78515625,0.6,0.17733333333333334,0.22266666666666668
high_noise,0.7890625,0.6021666666666666,0.1775,0.22033333333333338
high_noise,0.79296875,0.6041666666666666,0.1775,0.21833333333333338
high_noise,0.796875,0.6065,0.17816666666666667,0.2153333333333333
high_noise,0.80078125,0.609,0.17866666666666667,0.21233333333333335
high_noise,0.8046875,0.6105,0.179,0.21049999999999996
high_noise,0.80859375,0.6125,0.17933333333333334,0.2081666666666666
high_noise,0.8125,0.614,0.1795,0.20650000000000002
high_noise,0.81640625,0.6148333333333333,0.17983333333333335,0.2053333333333333
high_noise,0.8203125,0.616,0.18016666666666667,0.20383333333333334
high_noise,0.82421875,0.619,0.18033333333333335,0.20066666666666666
high_noise,0.828125,0.621,0.18066666666666667,0.19833333333333333
high_noise,0.83203125,0.622,0.181,0.197
high_noise,0.8359375,0.6235,0.18116666666666667,0.19533333333333328
high_noise,0.83984375,0.6253333333333333,0.18116666666666667,0.19350000000000003
high_noise,0.84375,0.6268333333333334,0.1815,0.19166666666666665
high_noise,0.84765625,0.6283333333333333,0.18166666666666667,0.19000000000000003
high_noise,0.8515625,0.6298333333333334,0.18183333333333335,0.1883333333333333
high_noise,0.85546875,0.6315,0.18216666666666667,0.18633333333333338
high_noise,0.859375,0.6341666666666667,0.18216666666666667,0.18366666666666667
high_noise,0.86328125,0.6353333333333333,0.18266666666666667,0.18200000000000002
high_noise,0.8671875,0.6363333333333333,0.183,0.1806666666666667
high_noise,0.87109375,0.6381666666666667,0.18316666666666667,0.17866666666666667
high_noise,0.875,0.6403333333333333,0.1835,0.1761666666666667
high_noise,0.87890625,0.6415,0.18383333333333332,0.17466666666666672
high_noise,0.8828125,0.6431666666666667,0.18433333333333332,0.17250000000000001
high_noise,0.88671875,0.6451666666666667,0.1845,0.17033333333333334
high_noise,0.890625,0.6463333333333333,0.18466666666666667,0.169
high_noise,0.89453125,0.6473333333333333,0.18466666666666667,0.168
high_noise,0.8984375,0.6493333333333333,0.18533333333333332,0.16533333333333336
high_noise,0.90234375,0.6506666666666666,0.1855,0.1638333333333334
high_noise,0.90625,0.6521666666666667,0.186,0.16183333333333333
high_noise,0.91015625,0.6526666666666666,0.18633333333333332,0.16100000000000006
high_noise,0.9140625,0.6541666666666667,0.1865,0.15933333333333333
high_noise,0.91796875,0.6555,0.18683333333333332,0.1576666666666667
high_noise,0.921875,0.657,0.18683333333333332,0.15616666666666665
high_noise,0.92578125,0.658,0.187,0.15499999999999997
high_noise,0.9296875,0.6593333333333333,0.18716666666666668,0.1535
high_noise,0.93359375,0.6601666666666667,0.1875,0.15233333333333332
high_noise,0.9375,0.661,0.18783333333333332,0.15116666666666664
high_noise,0.94140625,0.6623333333333333,0.18783333333333332,0.14983333333333335
high_noise,0.9453125,0.6641666666666667,0.188,0.14783333333333332
high_noise,0.94921875,0.6646666666666666,0.18816666666666668,0.1471666666666667
high_noise,0.953125,0.6665,0.18833333333333332,0.1451666666666667
high_noise,0.95703125,0.6676666666666666,0.18866666666666668,0.1436666666666667
high_noise,0.9609375,0.669,0.18883333333333333,0.14216666666666664
high_noise,0.96484375,0.6711666666666667,0.18883333333333333,0.13999999999999999
high_noise,0.96875,0.6723333333333333,0.18883333333333333,0.13883333333333334
high_noise,0.97265625,0.674,0.189,0.13699999999999996
high_noise,0.9765625,0.6745,0.189,0.1365
high_noise,0.98046875,0.676,0.18916666666666668,0.13483333333333328
high_noise,0.984375,0.6775,0.18966666666666668,0.13283333333333333
high_noise,0.98828125,0.6778333333333333,0.18983333333333333,0.13233333333333339
high_noise,0.9921875,0.6783333333333333,0.19016666666666668,0.13149999999999998
high_noise,0.99609375,0.6806666666666666,0.1905,0.12883333333333336
high_noise,1.0,0.6815,0.19066666666666668,0.12783333333333333
high_noise,1.00390625,0.6826666666666666,0.19083333333333333,0.12650000000000003
high_noise,1.0078125,0.6835,0.19083333333333333,0.12566666666666668
high_noise,1.01171875,0.6841666666666667,0.191,0.1248333333333333
high_noise,1.015625,0.6851666666666667,0.191,0.1238333333333333
high_noise,1.01953125,0.687,0.1915,0.12149999999999994
high_noise,1.0234375,0.6885,0.1915,0.12
high_noise,1.02734375,0.6896666666666667,0.19183333333333333,0.11850000000000002
high_noise,1.03125,0.6908333333333333,0.19183333333333333,0.11733333333333337
high_noise,1.03515625,0.6915,0.192,0.11649999999999999
high_noise,1.0390625,0.6921666666666667,0.19266666666666668,0.11516666666666661
high_noise,1.04296875,0.6935,0.19266666666666668,0.11383333333333331
high_noise,1.046875,0.6946666666666667,0.19333333333333333,0.11200000000000002
high_noise,1.05078125,0.6956666666666667,0.1935,0.11083333333333334
high_noise,1.0546875,0.697,0.1935,0.10950000000000004
high_noise,1.05859375,0.6978333333333333,0.1935,0.10866666666666669
high_noise,1.0625,0.6983333333333334,0.194,0.10766666666666663
high_noise,1.06640625,0.6988333333333333,0.1945,0.10666666666666669
high_noise,1.0703125,0.6996666666666667,0.1945,0.10583333333333333
high_noise,1.07421875,0.7001666666666667,0.19483333333333333,0.10499999999999995
high_noise,1.078125,0.7008333333333333,0.19516666666666665,0.10400000000000004
high_noise,1.08203125,0.7015,0.19533333333333333,0.10316666666666666
high_noise,1.0859375,0.7023333333333334,0.19533333333333333,0.1023333333333333
high_noise,1.08984375,0.7033333333333334,0.19533333333333333,0.1013333333333333
high_noise,1.09375,0.7041666666666667,0.19533333333333333,0.10049999999999995
high_noise,1.09765625,0.7051666666666667,0.1955,0.09933333333333327
high_noise,1.1015625,0.7055,0.1955,0.09899999999999998
high_noise,1.10546875,0.7065,0.19566666666666666,0.09783333333333333
high_noise,1.109375,0.7073333333333334,0.196,0.09666666666666662
high_noise,1.11328125,0.7083333333333334,0.19616666666666666,0.09549999999999997
high_noise,1.1171875,0.7088333333333333,0.19633333333333333,0.09483333333333335
high_noise,1.12109375,0.7093333333333334,0.1965,0.09416666666666662
high_noise,1.125,0.7098333333333333,0.19683333333333333,0.09333333333333335
high_noise,1.12890625,0.7105,0.19683333333333333,0.09266666666666665
high_noise,1.1328125,0.711,0.19716666666666666,0.09183333333333338
high_noise,1.13671875,0.7116666666666667,0.19733333333333333,0.091
high_noise,1.140625,0.712,0.19766666666666666,0.09033333333333338
high_noise,1.14453125,0.7126666666666667,0.19766666666666666,0.08966666666666667
high_noise,1.1484375,0.7133333333333334,0.198,0.08866666666666662
high_noise,1.15234375,0.7136666666666667,0.198,0.08833333333333332
high_noise,1.15625,0.7138333333333333,0.19816666666666666,0.08800000000000002
high_noise,1.16015625,0.7141666666666666,0.19816666666666666,0.08766666666666673
high_noise,1.1640625,0.7148333333333333,0.19816666666666666,0.08700000000000002
high_noise,1.16796875,0.716,0.19833333333333333,0.0856666666666667
high_noise,1.171875,0.717,0.19833333333333333,0.0846666666666667
high_noise,1.17578125,0.7173333333333334,0.1985,0.08416666666666661
high_noise,1.1796875,0.7176666666666667,0.19866666666666666,0.08366666666666667
high_noise,1.18359375,0.718,0.19866666666666666,0.08333333333333337
high_noise,1.1875,0.7191666666666666,0.19883333333333333,0.08200000000000005
high_noise,1.19140625,0.7198333333333333,0.199,0.08116666666666666
high_noise,1.1953125,0.7206666666666667,0.1995,0.07983333333333331
high_noise,1.19921875,0.721,0.19966666666666666,0.07933333333333337
high_noise,1.203125,0.7221666666666666,0.19966666666666666,0.07816666666666672
high_noise,1.20703125,0.7226666666666667,0.19966666666666666,0.07766666666666666
high_noise,1.2109375,0.7231666666666666,0.19983333333333334,0.07700000000000004
high_noise,1.21484375,0.7236666666666667,0.19983333333333334,0.07649999999999998
high_noise,1.21875,0.7246666666666667,0.2,0.07533333333333331
high_noise,1.22265625,0.7251666666666666,0.20033333333333334,0.07450000000000004
high_noise,1.2265625,0.7255,0.2005,0.07399999999999995
high_noise,1.23046875,0.7261666666666666,0.2005,0.07333333333333336
high_noise,1.234375,0.7263333333333334,0.20066666666666666,0.07299999999999995
high_noise,1.23828125,0.727,0.20083333333333334,0.07216666666666668
high_noise,1.2421875,0.7276666666666667,0.201,0.0713333333333333
high_noise,1.24609375,0.7283333333333334,0.20116666666666666,0.07049999999999995
high_noise,1.25,0.729,0.20133333333333334,0.06966666666666668
high_noise,1.25390625,0.729,0.2015,0.0695
high_noise,1.2578125,0.7296666666666667,0.20166666666666666,0.06866666666666665
high_noise,1.26171875,0.7303333333333333,0.20183333333333334,0.06783333333333338
high_noise,1.265625,0.7305,0.20216666666666666,0.0673333333333333
high_noise,1.26953125,0.731,0.20216666666666666,0.06683333333333336
high_noise,1.2734375,0.7316666666666667,0.20233333333333334,0.06599999999999998
high_noise,1.27734375,0.7326666666666667,0.20233333333333334,0.06499999999999997
high_noise,1.28125,0.7328333333333333,0.2025,0.06466666666666665
high_noise,1.28515625,0.733,0.20283333333333334,0.06416666666666668
high_noise,1.2890625,0.7338333333333333,0.203,0.06316666666666665
high_noise,1.29296875,0.7345,0.203,0.062499999999999944
high_noise,1.296875,0.7348333333333333,0.20316666666666666,0.062
high_noise,1.30078125,0.7353333333333333,0.20316666666666666,0.061500000000000055
high_noise,1.3046875,0.7356666666666667,0.20316666666666666,0.06116666666666665
high_noise,1.30859375,0.7366666666666667,0.20333333333333334,0.05999999999999997
high_noise,1.3125,0.7373333333333333,0.2035,0.05916666666666673
high_noise,1.31640625,0.7376666666666667,0.20366666666666666,0.058666666666666645
high_noise,1.3203125,0.7378333333333333,0.20383333333333334,0.05833333333333332
high_noise,1.32421875,0.7385,0.20383333333333334,0.057666666666666616
high_noise,1.328125,0.7391666666666666,0.20383333333333334,0.05700000000000002
high_noise,1.33203125,0.7396666666666667,0.20383333333333334,0.05649999999999997
high_noise,1.3359375,0.7406666666666667,0.204,0.05533333333333332
high_noise,1.33984375,0.7416666666666667,0.20416666666666666,0.05416666666666664
high_noise,1.34375,0.742,0.20416666666666666,0.053833333333333344
high_noise,1.34765625,0.7425,0.20416666666666666,0.05333333333333329
high_noise,1.3515625,0.7431666666666666,0.20416666666666666,0.052666666666666695
high_noise,1.35546875,0.7433333333333333,0.20433333333333334,0.05233333333333337
high_noise,1.359375,0.7438333333333333,0.20433333333333334,0.051833333333333315
high_noise,1.36328125,0.7448333333333333,0.20483333333333334,0.05033333333333331
high_noise,1.3671875,0.7456666666666667,0.205,0.04933333333333331
high_noise,1.37109375,0.7461666666666666,0.205,0.04883333333333337
high_noise,1.375,0.7463333333333333,0.205,0.04866666666666672
high_noise,1.37890625,0.7468333333333333,0.205,0.04816666666666666
high_noise,1.3828125,0.7468333333333333,0.20516666666666666,0.04799999999999999
high_noise,1.38671875,0.747,0.20516666666666666,0.04783333333333334
high_noise,1.390625,0.7475,0.20516666666666666,0.04733333333333328
high_noise,1.39453125,0.7476666666666667,0.20516666666666666,0.047166666666666635
high_noise,1.3984375,0.748,0.20516666666666666,0.04683333333333334
high_noise,1.40234375,0.7481666666666666,0.20533333333333334,0.046500000000000014
high_noise,1.40625,0.7485,0.20566666666666666,0.04583333333333328
high_noise,1.41015625,0.7485,0.20566666666666666,0.04583333333333328
high_noise,1.4140625,0.7488333333333334,0.20566666666666666,0.045499999999999985
high_noise,1.41796875,0.7491666666666666,0.20566666666666666,0.04516666666666669
high_noise,1.421875,0.7495,0.20566666666666666,0.04483333333333328
high_noise,1.42578125,0.7496666666666667,0.20583333333333334,0.044499999999999956
high_noise,1.4296875,0.7498333333333334,0.20583333333333334,0.04433333333333331
high_noise,1.43359375,0.7503333333333333,0.20583333333333334,0.04383333333333336
high_noise,1.4375,0.7506666666666667,0.20583333333333334,0.043499999999999955
high_noise,1.44140625,0.7508333333333334,0.206,0.04316666666666666
high_noise,1.4453125,0.7508333333333334,0.206,0.04316666666666666
high_noise,1.44921875,0.751,0.206,0.04300000000000001
high_noise,1.453125,0.7511666666666666,0.20616666666666666,0.042666666666666686
high_noise,1.45703125,0.7511666666666666,0.20616666666666666,0.042666666666666686
high_noise,1.4609375,0.7513333333333333,0.20616666666666666,0.04250000000000004
high_noise,1.46484375,0.7515,0.20616666666666666,0.04233333333333339
high_noise,1.46875,0.7515,0.20616666666666666,0.04233333333333339
high_noise,1.47265625,0.7516666666666667,0.20616666666666666,0.04216666666666663
high_noise,1.4765625,0.752,0.20616666666666666,0.041833333333333333
high_noise,1.48046875,0.7521666666666667,0.20616666666666666,0.041666666666666685
high_noise,1.484375,0.7521666666666667,0.20616666666666666,0.041666666666666685
high_noise,1.48828125,0.7528333333333334,0.20633333333333334,0.040833333333333305
high_noise,1.4921875,0.7533333333333333,0.20633333333333334,0.04033333333333336
high_noise,1.49609375,0.7535,0.20666666666666667,0.03983333333333339
high_noise,1.5,0.7535,0.20666666666666667,0.03983333333333339
high_noise,1.50390625,0.7536666666666667,0.20683333333333334,0.03949999999999995
high_noise,1.5078125,0.7536666666666667,0.20716666666666667,0.03916666666666663
high_noise,1.51171875,0.7538333333333334,0.20716666666666667,0.03899999999999998
high_noise,1.515625,0.7541666666666667,0.20716666666666667,0.03866666666666668
high_noise,1.51953125,0.7541666666666667,0.20716666666666667,0.03866666666666668
high_noise,1.5234375,0.7543333333333333,0.20716666666666667,0.038500000000000034
high_noise,1.52734375,0.7548333333333334,0.20716666666666667,0.03799999999999998
high_noise,1.53125,0.7555,0.20733333333333334,0.03716666666666671
high_noise,1.53515625,0.7558333333333334,0.20733333333333334,0.0368333333333333
high_noise,1.5390625,0.7561666666666667,0.20733333333333334,0.036500000000000005
high_noise,1.54296875,0.7565,0.20733333333333334,0.03616666666666671
high_noise,1.546875,0.7568333333333334,0.20733333333333334,0.0358333333333333
high_noise,1.55078125,0.7573333333333333,0.20733333333333334,0.035333333333333355
high_noise,1.5546875,0.7575,0.20733333333333334,0.03516666666666671
high_noise,1.55859375,0.7576666666666667,0.2075,0.0348333333333333
high_noise,1.5625,0.758,0.2075,0.0345
high_noise,1.56640625,0.7581666666666667,0.2075,0.034333333333333355
high_noise,1.5703125,0.7581666666666667,0.20766666666666667,0.03416666666666668
high_noise,1.57421875,0.7585,0.20766666666666667,0.03383333333333338
high_noise,1.578125,0.7585,0.20783333333333334,0.033666666666666706
high_noise,1.58203125,0.7586666666666667,0.20783333333333334,0.033499999999999946
high_noise,1.5859375,0.759,0.208,0.033
high_noise,1.58984375,0.7591666666666667,0.208,0.03283333333333335
high_noise,1.59375,0.7593333333333333,0.208,0.032666666666666705
high_noise,1.59765625,0.7598333333333334,0.20816666666666667,0.03199999999999997
high_noise,1.6015625,0.7603333333333333,0.20816666666666667,0.03150000000000003
high_noise,1.60546875,0.7605,0.20816666666666667,0.03133333333333338
high_noise,1.609375,0.7605,0.20816666666666667,0.03133333333333338
high_noise,1.61328125,0.7608333333333334,0.20816666666666667,0.030999999999999972
high_noise,1.6171875,0.761,0.20816666666666667,0.030833333333333324
high_noise,1.62109375,0.761,0.20833333333333334,0.030666666666666648
high_noise,1.625,0.7613333333333333,0.20833333333333334,0.03033333333333335
high_noise,1.62890625,0.7616666666666667,0.2085,0.029833333333333295
high_noise,1.6328125,0.7618333333333334,0.2085,0.029666666666666647
high_noise,1.63671875,0.762,0.20866666666666667,0.029333333333333322
high_noise,1.640625,0.762,0.20883333333333334,0.029166666666666646
high_noise,1.64453125,0.762,0.20883333333333334,0.029166666666666646
high_noise,1.6484375,0.762,0.20883333333333334,0.029166666666666646
high_noise,1.65234375,0.7621666666666667,0.20883333333333334,0.028999999999999998
high_noise,1.65625,0.7623333333333333,0.20883333333333334,0.02883333333333335
high_noise,1.66015625,0.7623333333333333,0.20883333333333334,0.02883333333333335
high_noise,1.6640625,0.7625,0.20883333333333334,0.0286666666666667
high_noise,1.66796875,0.7626666666666667,0.20916666666666667,0.028166666666666618
high_noise,1.671875,0.7631666666666667,0.20916666666666667,0.027666666666666673
high_noise,1.67578125,0.7635,0.20916666666666667,0.027333333333333376
high_noise,1.6796875,0.7635,0.20933333333333334,0.0271666666666667
high_noise,1.68359375,0.7635,0.20933333333333334,0.0271666666666667
high_noise,1.6875,0.7636666666666667,0.20933333333333334,0.02699999999999994
high_noise,1.69140625,0.764,0.20933333333333334,0.026666666666666644
high_noise,1.6953125,0.764,0.2095,0.026499999999999996
high_noise,1.69921875,0.764,0.2095,0.026499999999999996
high_noise,1.703125,0.7645,0.2095,0.02600000000000005
high_noise,1.70703125,0.765,0.2095,0.025499999999999995
high_noise,1.7109375,0.7651666666666667,0.2095,0.025333333333333347
high_noise,1.71484375,0.7653333333333333,0.20966666666666667,0.025000000000000022
high_noise,1.71875,0.7653333333333333,0.20966666666666667,0.025000000000000022
high_noise,1.72265625,0.7653333333333333,0.20983333333333334,0.024833333333333346
high_noise,1.7265625,0.7658333333333334,0.20983333333333334,0.02433333333333329
high_noise,1.73046875,0.7658333333333334,0.20983333333333334,0.02433333333333329
high_noise,1.734375,0.766,0.20983333333333334,0.024166666666666642
high_noise,1.73828125,0.7663333333333333,0.21,0.023666666666666697
high_noise,1.7421875,0.7665,0.21,0.02350000000000005
high_noise,1.74609375,0.7666666666666667,0.21,0.02333333333333329
high_noise,1.75,0.7666666666666667,0.21,0.02333333333333329
high_noise,1.75390625,0.7666666666666667,0.21,0.02333333333333329
high_noise,1.7578125,0.7668333333333334,0.21,0.02316666666666664
high_noise,1.76171875,0.7668333333333334,0.21,0.02316666666666664
high_noise,1.765625,0.7668333333333334,0.21,0.02316666666666664
high_noise,1.76953125,0.767,0.21016666666666667,0.022833333333333317
high_noise,1.7734375,0.7671666666666667,0.2105,0.022333333333333344
high_noise,1.77734375,0.7671666666666667,0.2105,0.022333333333333344
high_noise,1.78125,0.7671666666666667,0.2105,0.022333333333333344
high_noise,1.78515625,0.7671666666666667,0.2105,0.022333333333333344
high_noise,1.7890625,0.7675,0.2105,0.022000000000000047
high_noise,1.79296875,0.7678333333333334,0.21066666666666667,0.021499999999999964
high_noise,1.796875,0.768,0.21066666666666667,0.021333333333333315
high_noise,1.80078125,0.7683333333333333,0.21066666666666667,0.02100000000000002
high_noise,1.8046875,0.7685,0.21066666666666667,0.02083333333333337
high_noise,1.80859375,0.7685,0.21083333333333334,0.020666666666666694
high_noise,1.8125,0.7686666666666667,0.211,0.020333333333333287
high_noise,1.81640625,0.7686666666666667,0.21116666666666667,0.02016666666666661
high_noise,1.8203125,0.7688333333333334,0.21116666666666667,0.019999999999999962
high_noise,1.82421875,0.7688333333333334,0.2115,0.019666666666666638
high_noise,1.828125,0.7688333333333334,0.2115,0.019666666666666638
high_noise,1.83203125,0.7693333333333333,0.2115,0.019166666666666693
high_noise,1.8359375,0.7693333333333333,0.2115,0.019166666666666693
high_noise,1.83984375,0.7693333333333333,0.2115,0.019166666666666693
high_noise,1.84375,0.7696666666666667,0.2115,0.018833333333333285
high_noise,1.84765625,0.7696666666666667,0.2115,0.018833333333333285
high_noise,1.8515625,0.7696666666666667,0.2115,0.018833333333333285
high_noise,1.85546875,0.7696666666666667,0.2115,0.018833333333333285
high_noise,1.859375,0.7701666666666667,0.2115,0.01833333333333334
high_noise,1.86328125,0.7703333333333333,0.21166666666666667,0.018000000000000016
high_noise,1.8671875,0.7705,0.21183333333333335,0.01766666666666669
high_noise,1.87109375,0.7705,0.21183333333333335,0.01766666666666669
high_noise,1.875,0.7705,0.21183333333333335,0.01766666666666669
high_noise,1.87890625,0.7705,0.21183333333333335,0.01766666666666669
high_noise,1.8828125,0.7705,0.212,0.017500000000000043
high_noise,1.88671875,0.7705,0.212,0.017500000000000043
high_noise,1.890625,0.7705,0.212,0.017500000000000043
high_noise,1.89453125,0.7706666666666667,0.21216666666666667,0.017166666666666608
high_noise,1.8984375,0.7706666666666667,0.21216666666666667,0.017166666666666608
high_noise,1.90234375,0.7706666666666667,0.21216666666666667,0.017166666666666608
high_noise,1.90625,0.7706666666666667,0.21216666666666667,0.017166666666666608
high_noise,1.91015625,0.7706666666666667,0.21216666666666667,0.017166666666666608
high_noise,1.9140625,0.771,0.21233333333333335,0.016666666666666635
high_noise,1.91796875,0.7711666666666667,0.2125,0.01633333333333334
high_noise,1.921875,0.7713333333333333,0.2125,0.01616666666666669
high_noise,1.92578125,0.7716666666666666,0.21266666666666667,0.015666666666666718
high_noise,1.9296875,0.7718333333333334,0.21266666666666667,0.015499999999999958
high_noise,1.93359375,0.7718333333333334,0.21266666666666667,0.015499999999999958
high_noise,1.9375,0.7721666666666667,0.21266666666666667,0.015166666666666662
high_noise,1.94140625,0.7723333333333333,0.21266666666666667,0.015000000000000013
high_noise,1.9453125,0.7723333333333333,0.21266666666666667,0.015000000000000013
high_noise,1.94921875,0.7725,0.21266666666666667,0.014833333333333365
high_noise,1.953125,0.7725,0.21266666666666667,0.014833333333333365
high_noise,1.95703125,0.7725,0.21266666666666667,0.014833333333333365
high_noise,1.9609375,0.7725,0.21266666666666667,0.014833333333333365
high_noise,1.96484375,0.7725,0.21266666666666667,0.014833333333333365
high_noise,1.96875,0.7726666666666666,0.21266666666666667,0.014666666666666717
high_noise,1.97265625,0.7726666666666666,0.21266666666666667,0.014666666666666717
high_noise,1.9765625,0.7726666666666666,0.21266666666666667,0.014666666666666717
high_noise,1.98046875,0.7728333333333334,0.21266666666666667,0.014499999999999957
high_noise,1.984375,0.773,0.21266666666666667,0.014333333333333309
high_noise,1.98828125,0.7733333333333333,0.21266666666666667,0.014000000000000012
high_noise,1.9921875,0.7735,0.21266666666666667,0.013833333333333364
high_noise,1.99609375,0.7735,0.21283333333333335,0.013666666666666688
high_noise,2.0,0.7736666666666666,0.21283333333333335,0.01350000000000004
low_evidence,0.0,0.0,0.0,1.0
low_evidence,0.00390625,0.0,0.0,1.0
low_evidence,0.0078125,0.0,0.0,1.0
low_evidence,0.01171875,0.0,0.0,1.0
low_evidence,0.015625,0.0,0.0,1.0
low_evidence,0.01953125,0.0,0.0,1.0
low_evidence,0.0234375,0.0,0.0,1.0
low_evidence,0.02734375,0.0,0.0,1.0
low_evidence,0.03125,0.0,0.0,1.0
low_evidence,0.03515625,0.0,0.0,1.0
low_evidence,0.0390625,0.0,0.0,1.0
low_evidence,0.04296875,0.0,0.0,1.0
low_evidence,0.046875,0.0,0.0,1.0
low_evidence,0.05078125,0.0,0.0,1.0
low_evidence,0.0546875,0.0,0.0,1.0
low_evidence,0.05859375,0.0,0.0,1.0
low_evidence,0.0625,0.0,0.0,1.0
low_evidence,0.06640625,0.0,0.0,1.0
low_evidence,0.0703125,0.0,0.0,1.0
low_evidence,0.07421875,0.0,0.0,1.0
low_evidence,0.078125,0.0,0.0,1.0
low_evidence,0.08203125,0.0,0.0,1.0
low_evidence,0.0859375,0.0,0.0,1.0
low_evidence,0.08984375,0.0,0.0,1.0
low_evidence,0.09375,0.0,0.0,1.0
low_evidence,0.09765625,0.0,0.0,1.0
low_evidence,0.1015625,0.0,0.0,1.0
low_evidence,0.10546875,0.0,0.0,1.0
low_evidence,0.109375,0.0,0.0,1.0
low_evidence,0.11328125,0.0,0.0,1.0
low_evidence,0.1171875,0.0,0.0,1.0
low_evidence,0.12109375,0.0,0.0,1.0
low_evidence,0.125,0.0,0.0,1.0
low_evidence,0.12890625,0.0,0.0,1.0
low_evidence,0.1328125,0.0,0.0,1.0
low_evidence,0.13671875,0.0,0.0,1.0
low_evidence,0.140625,0.0,0.0,1.0
low_evidence,0.14453125,0.0,0.0,1.0
low_evidence,0.1484375,0.0,0.0,1.0
low_evidence,0.15234375,0.0,0.0,1.0
low_evidence,0.15625,0.0,0.0,1.0
low_evidence,0.16015625,0.0,0.0,1.0
low_evidence,0.1640625,0.0,0.0,1.0
low_evidence,0.16796875,0.0,0.0,1.0
low_evidence,0.171875,0.0,0.0,1.0
low_evidence,0.17578125,0.0,0.0,1.0
low_evidence,0.1796875,0.0,0.0,1.0
low_evidence,0.18359375,0.0,0.0,1.0
low_evidence,0.1875,0.0,0.0,1.0
low_evidence,0.19140625,0.0,0.0,1.0
low_evidence,0.1953125,0.0,0.0,1.0
low_evidence,0.19921875,0.0,0.0,1.0
low_evidence,0.203125,0.0,0.0,1.0
low_evidence,0.20703125,0.0,0.0,1.0
low_evidence,0.2109375,0.0,0.0,1.0
low_evidence,0.21484375,0.0,0.0,1.0
low_evidence,0.21875,0.0,0.0,1.0
low_evidence,0.22265625,0.0,0.0,1.0
low_evidence,0.2265625,0.0,0.0,1.0
low_evidence,0.23046875,0.0,0.0,1.0
low_evidence,0.234375,0.0,0.0,1.0
low_evidence,0.23828125,0.0,0.0,1.0
low_evidence,0.2421875,0.0,0.0,1.0
low_evidence,0.24609375,0.0,0.0,1.0
low_evidence,0.25,0.0,0.0,1.0
low_evidence,0.25390625,0.0,0.0,1.0
low_evidence,0.2578125,0.0,0.0,1.0
low_evidence,0.26171875,0.0,0.0,1.0
low_evidence,0.265625,0.0,0.0,1.0
low_evidence,0.26953125,0.0,0.0,1.0
low_evidence,0.2734375,0.0,0.0,1.0
low_evidence,0.27734375,0.0,0.0,1.0
low_evidence,0.28125,0.0,0.0,1.0
low_evidence,0.28515625,0.0,0.0,1.0
low_evidence,0.2890625,0.0,0.0,1.0
low_evidence,0.29296875,0.0,0.0,1.0
low_evidence,0.296875,0.0,0.0,1.0
low_evidence,0.30078125,0.0,0.0,1.0
low_evidence,0.3046875,0.0,0.0,1.0
low_evidence,0.30859375,0.0,0.0,1.0
low_evidence,0.3125,0.0,0.0,1.0
low_evidence,0.31640625,0.0,0.0,1.0
low_evidence,0.3203125,0.0,0.0,1.0
low_evidence,0.32421875,0.0,0.0,1.0
low_evidence,0.328125,0.0,0.0,1.0
low_evidence,0.33203125,0.0,0.0,1.0
low_evidence,0.3359375,0.0,0.0,1.0
low_evidence,0.33984375,0.0,0.0,1.0
low_evidence,0.34375,0.0,0.0,1.0
low_evidence,0.34765625,0.0,0.0,1.0
low_evidence,0.3515625,0.0,0.0,1.0
low_evidence,0.35546875,0.0,0.0,1.0
low_evidence,0.359375,0.0,0.0,1.0
low_evidence,0.36328125,0.0,0.0,1.0
low_evidence,0.3671875,0.0,0.0,1.0
low_evidence,0.37109375,0.0,0.0,1.0
low_evidence,0.375,0.00016666666666666666,0.0,0.9998333333333334
low_evidence,0.37890625,0.00016666666666666666,0.0,0.9998333333333334
low_evidence,0.3828125,0.00016666666666666666,0.0,0.9998333333333334
low_evidence,0.38671875,0.00016666666666666666,0.0,0.9998333333333334
low_evidence,0.390625,0.00016666666666666666,0.0,0.9998333333333334
low_evidence,0.39453125,0.0003333333333333333,0.0,0.9996666666666667
low_evidence,0.3984375,0.0005,0.0,0.9995
low_evidence,0.40234375,0.0005,0.0,0.9995
low_evidence,0.40625,0.0005,0.0,0.9995
low_evidence,0.41015625,0.0005,0.0,0.9995
low_evidence,0.4140625,0.0005,0.0,0.9995
low_evidence,0.41796875,0.0005,0.0,0.9995
low_evidence,0.421875,0.0005,0.0,0.9995
low_evidence,0.42578125,0.0005,0.0,0.9995
low_evidence,0.4296875,0.0005,0.0,0.9995
low_evidence,0.43359375,0.0006666666666666666,0.0,0.9993333333333333
low_evidence,0.4375,0.0006666666666666666,0.0,0.9993333333333333
low_evidence,0.44140625,0.0006666666666666666,0.0,0.9993333333333333
low_evidence,0.4453125,0.0006666666666666666,0.0,0.9993333333333333
low_evidence,0.44921875,0.0008333333333333334,0.0,0.9991666666666666
low_evidence,0.453125,0.0008333333333333334,0.0,0.9991666666666666
low_evidence,0.45703125,0.0008333333333333334,0.0,0.9991666666666666
low_evidence,0.4609375,0.0008333333333333334,0.0,0.9991666666666666
low_evidence,0.46484375,0.0008333333333333334,0.0,0.9991666666666666
low_evidence,0.46875,0.0008333333333333334,0.0,0.9991666666666666
low_evidence,0.47265625,0.0008333333333333334,0.0,0.9991666666666666
low_evidence,0.4765625,0.0008333333333333334,0.0,0.9991666666666666
low_evidence,0.48046875,0.0008333333333333334,0.0,0.9991666666666666
low_evidence,0.484375,0.0008333333333333334,0.0,0.9991666666666666
low_evidence,0.48828125,0.0008333333333333334,0.0,0.9991666666666666
low_evidence,0.4921875,0.0008333333333333334,0.0,0.9991666666666666
low_evidence,0.49609375,0.0008333333333333334,0.0,0.9991666666666666
low_evidence,0.5,0.0008333333333333334,0.0,0.9991666666666666
low_evidence,0.50390625,0.0008333333333333334,0.0,0.9991666666666666
low_evidence,0.5078125,0.0008333333333333334,0.0,0.9991666666666666
low_evidence,0.51171875,0.0008333333333333334,0.0,0.9991666666666666
low_evidence,0.515625,0.0008333333333333334,0.0,0.9991666666666666
low_evidence,0.51953125,0.0008333333333333334,0.0,0.9991666666666666
low_evidence,0.5234375,0.0008333333333333334,0.0,0.9991666666666666
low_evidence,0.52734375,0.0008333333333333334,0.0,0.9991666666666666
low_evidence,0.53125,0.0008333333333333334,0.0,0.9991666666666666
low_evidence,0.53515625,0.001,0.0,0.999
low_evidence,0.5390625,0.001,0.0,0.999
low_evidence,0.54296875,0.0011666666666666668,0.0,0.9988333333333334
low_evidence,0.546875,0.0013333333333333333,0.00016666666666666666,0.9985
low_evidence,0.55078125,0.0013333333333333333,0.00016666666666666666,0.9985
low_evidence,0.5546875,0.0013333333333333333,0.00016666666666666666,0.9985
low_evidence,0.55859375,0.0013333333333333333,0.00016666666666666666,0.9985
low_evidence,0.5625,0.0013333333333333333,0.00016666666666666666,0.9985
low_evidence,0.56640625,0.0013333333333333333,0.00016666666666666666,0.9985
low_evidence,0.5703125,0.0013333333333333333,0.00016666666666666666,0.9985
low_evidence,0.57421875,0.0015,0.00016666666666666666,0.9983333333333334
low_evidence,0.578125,0.0015,0.00016666666666666666,0.9983333333333334
low_evidence,0.58203125,0.0015,0.00016666666666666666,0.9983333333333334
low_evidence,0.5859375,0.0015,0.00016666666666666666,0.9983333333333334
low_evidence,0.58984375,0.0016666666666666668,0.00016666666666666666,0.9981666666666666
low_evidence,0.59375,0.0016666666666666668,0.00016666666666666666,0.9981666666666666
low_evidence,0.59765625,0.0016666666666666668,0.00016666666666666666,0.9981666666666666
low_evidence,0.6015625,0.002,0.00016666666666666666,0.9978333333333333
low_evidence,0.60546875,0.002,0.00016666666666666666,0.9978333333333333
low_evidence,0.609375,0.002,0.00016666666666666666,0.9978333333333333
low_evidence,0.61328125,0.0023333333333333335,0.00016666666666666666,0.9975
low_evidence,0.6171875,0.0025,0.00016666666666666666,0.9973333333333334
low_evidence,0.62109375,0.0028333333333333335,0.00016666666666666666,0.997
low_evidence,0.625,0.0028333333333333335,0.00016666666666666666,0.997
low_evidence,0.62890625,0.0028333333333333335,0.00016666666666666666,0.997
low_evidence,0.6328125,0.0028333333333333335,0.00016666666666666666,0.997
low_evidence,0.63671875,0.0028333333333333335,0.00016666666666666666,0.997
low_evidence,0.640625,0.0028333333333333335,0.00016666666666666666,0.997
low_evidence,0.64453125,0.0028333333333333335,0.0003333333333333333,0.9968333333333333
low_evidence,0.6484375,0.0031666666666666666,0.0003333333333333333,0.9965
low_evidence,0.65234375,0.0033333333333333335,0.0003333333333333333,0.9963333333333334
low_evidence,0.65625,0.0033333333333333335,0.0003333333333333333,0.9963333333333334
low_evidence,0.66015625,0.0035,0.0003333333333333333,0.9961666666666668
low_evidence,0.6640625,0.0035,0.0005,0.9960000000000001
low_evidence,0.66796875,0.0035,0.0005,0.9960000000000001
low_evidence,0.671875,0.0036666666666666666,0.0005,0.9958333333333333
low_evidence,0.67578125,0.004166666666666667,0.0005,0.9953333333333334
low_evidence,0.6796875,0.004166666666666667,0.0005,0.9953333333333334
low_evidence,0.68359375,0.004166666666666667,0.0005,0.9953333333333334
low_evidence,0.6875,0.004166666666666667,0.0005,0.9953333333333334
low_evidence,0.69140625,0.004166666666666667,0.0005,0.9953333333333334
low_evidence,0.6953125,0.004333333333333333,0.0005,0.9951666666666668
low_evidence,0.69921875,0.004333333333333333,0.0005,0.9951666666666668
low_evidence,0.703125,0.004333333333333333,0.0005,0.9951666666666668
low_evidence,0.70703125,0.004833333333333334,0.0008333333333333334,0.9943333333333333
low_evidence,0.7109375,0.004833333333333334,0.0008333333333333334,0.9943333333333333
low_evidence,0.71484375,0.004833333333333334,0.0008333333333333334,0.9943333333333333
low_evidence,0.71875,0.004833333333333334,0.0008333333333333334,0.9943333333333333
low_evidence,0.72265625,0.004833333333333334,0.0008333333333333334,0.9943333333333333
low_evidence,0.7265625,0.004833333333333334,0.0008333333333333334,0.9943333333333333
low_evidence,0.73046875,0.005,0.001,0.994
low_evidence,0.734375,0.005,0.001,0.994
low_evidence,0.73828125,0.005666666666666667,0.0011666666666666668,0.9931666666666666
low_evidence,0.7421875,0.005666666666666667,0.0011666666666666668,0.9931666666666666
low_evidence,0.74609375,0.005833333333333334,0.0011666666666666668,0.993
low_evidence,0.75,0.006333333333333333,0.0011666666666666668,0.9925
low_evidence,0.75390625,0.006333333333333333,0.0011666666666666668,0.9925
low_evidence,0.7578125,0.0065,0.0011666666666666668,0.9923333333333334
low_evidence,0.76171875,0.006666666666666667,0.0013333333333333333,0.992
low_evidence,0.765625,0.006666666666666667,0.0013333333333333333,0.992
low_evidence,0.76953125,0.006666666666666667,0.0015,0.9918333333333333
low_evidence,0.7734375,0.007,0.0015,0.9915
low_evidence,0.77734375,0.007166666666666667,0.0015,0.9913333333333334
low_evidence,0.78125,0.007166666666666667,0.0015,0.9913333333333334
low_evidence,0.78515625,0.007166666666666667,0.0016666666666666668,0.9911666666666666
low_evidence,0.7890625,0.007333333333333333,0.0018333333333333333,0.9908333333333333
low_evidence,0.79296875,0.0075,0.0018333333333333333,0.9906666666666667
low_evidence,0.796875,0.007833333333333333,0.002,0.9901666666666666
low_evidence,0.80078125,0.008166666666666666,0.002,0.9898333333333333
low_evidence,0.8046875,0.008333333333333333,0.0021666666666666666,0.9895
low_evidence,0.80859375,0.008333333333333333,0.0021666666666666666,0.9895
low_evidence,0.8125,0.008333333333333333,0.0021666666666666666,0.9895
low_evidence,0.81640625,0.008666666666666666,0.0021666666666666666,0.9891666666666666
low_evidence,0.8203125,0.008833333333333334,0.0023333333333333335,0.9888333333333333
low_evidence,0.82421875,0.009166666666666667,0.0023333333333333335,0.9885
low_evidence,0.828125,0.009333333333333334,0.0023333333333333335,0.9883333333333334
low_evidence,0.83203125,0.010166666666666666,0.0023333333333333335,0.9875
low_evidence,0.8359375,0.010666666666666666,0.0025,0.9868333333333333
low_evidence,0.83984375,0.010833333333333334,0.0025,0.9866666666666667
low_evidence,0.84375,0.011166666666666667,0.0028333333333333335,0.986
low_evidence,0.84765625,0.0115,0.0028333333333333335,0.9856666666666667
low_evidence,0.8515625,0.011833333333333333,0.0028333333333333335,0.9853333333333333
low_evidence,0.85546875,0.011833333333333333,0.0028333333333333335,0.9853333333333333
low_evidence,0.859375,0.012,0.0031666666666666666,0.9848333333333333
low_evidence,0.86328125,0.012166666666666666,0.0035,0.9843333333333334
low_evidence,0.8671875,0.012333333333333333,0.0035,0.9841666666666667
low_evidence,0.87109375,0.012666666666666666,0.0035,0.9838333333333333
low_evidence,0.875,0.013,0.0035,0.9835
low_evidence,0.87890625,0.013,0.0035,0.9835
low_evidence,0.8828125,0.013333333333333334,0.0035,0.9831666666666667
low_evidence,0.88671875,0.013833333333333333,0.0035,0.9826666666666667
low_evidence,0.890625,0.014333333333333333,0.0035,0.9821666666666667
low_evidence,0.89453125,0.014833333333333334,0.0035,0.9816666666666667
low_evidence,0.8984375,0.015333333333333332,0.0035,0.9811666666666667
low_evidence,0.90234375,0.015333333333333332,0.0035,0.9811666666666667
low_evidence,0.90625,0.0155,0.0035,0.9810000000000001
low_evidence,0.91015625,0.015666666666666666,0.0035,0.9808333333333333
low_evidence,0.9140625,0.015833333333333335,0.0035,0.9806666666666667
low_evidence,0.91796875,0.01633333333333333,0.0035,0.9801666666666667
low_evidence,0.921875,0.016833333333333332,0.0035,0.9796666666666667
low_evidence,0.92578125,0.017333333333333333,0.0035,0.9791666666666667
low_evidence,0.9296875,0.018,0.0035,0.9785
low_evidence,0.93359375,0.018333333333333333,0.0035,0.9781666666666667
low_evidence,0.9375,0.019166666666666665,0.0035,0.9773333333333334
low_evidence,0.94140625,0.0195,0.0035,0.9770000000000001
low_evidence,0.9453125,0.019833333333333335,0.0035,0.9766666666666667
low_evidence,0.94921875,0.02033333333333333,0.0035,0.9761666666666667
low_evidence,0.953125,0.020833333333333332,0.0035,0.9756666666666667
low_evidence,0.95703125,0.021,0.003833333333333333,0.9751666666666666
low_evidence,0.9609375,0.021833333333333333,0.003833333333333333,0.9743333333333333
low_evidence,0.96484375,0.0225,0.003833333333333333,0.9736666666666667
low_evidence,0.96875,0.02266666666666667,0.003833333333333333,0.9735
low_evidence,0.97265625,0.022833333333333334,0.003833333333333333,0.9733333333333333
low_evidence,0.9765625,0.023666666666666666,0.003833333333333333,0.9725
low_evidence,0.98046875,0.023833333333333335,0.004,0.9721666666666666
low_evidence,0.984375,0.024166666666666666,0.004,0.9718333333333333
low_evidence,0.98828125,0.024666666666666667,0.004166666666666667,0.9711666666666667
low_evidence,0.9921875,0.024833333333333332,0.004166666666666667,0.971
low_evidence,0.99609375,0.025333333333333333,0.004333333333333333,0.9703333333333334
low_evidence,1.0,0.025666666666666667,0.004666666666666667,0.9696666666666667
low_evidence,1.00390625,0.025833333333333333,0.004666666666666667,0.9694999999999999
low_evidence,1.0078125,0.026,0.004666666666666667,0.9693333333333333
low_evidence,1.01171875,0.026166666666666668,0.004666666666666667,0.9691666666666666
low_evidence,1.015625,0.026333333333333334,0.004666666666666667,0.969
low_evidence,1.01953125,0.026833333333333334,0.004833333333333334,0.9683333333333333
low_evidence,1.0234375,0.027,0.005,0.968
low_evidence,1.02734375,0.027166666666666665,0.005,0.9678333333333333
low_evidence,1.03125,0.027666666666666666,0.005,0.9673333333333334
low_evidence,1.03515625,0.027666666666666666,0.005,0.9673333333333334
low_evidence,1.0390625,0.027833333333333335,0.005166666666666667,0.967
low_evidence,1.04296875,0.028166666666666666,0.005166666666666667,0.9666666666666667
low_evidence,1.046875,0.028666666666666667,0.005166666666666667,0.9661666666666667
low_evidence,1.05078125,0.028833333333333332,0.005166666666666667,0.966
low_evidence,1.0546875,0.029166666666666667,0.005166666666666667,0.9656666666666667
low_evidence,1.05859375,0.029166666666666667,0.005166666666666667,0.9656666666666667
low_evidence,1.0625,0.029833333333333333,0.005166666666666667,0.965
low_evidence,1.06640625,0.030333333333333334,0.005333333333333333,0.9643333333333334
low_evidence,1.0703125,0.030666666666666665,0.005666666666666667,0.9636666666666667
low_evidence,1.07421875,0.03166666666666667,0.005666666666666667,0.9626666666666667
low_evidence,1.078125,0.03183333333333333,0.006,0.9621666666666666
low_evidence,1.08203125,0.03233333333333333,0.006,0.9616666666666667
low_evidence,1.0859375,0.0325,0.006166666666666667,0.9613333333333334
low_evidence,1.08984375,0.03333333333333333,0.006333333333333333,0.9603333333333334
low_evidence,1.09375,0.0335,0.006333333333333333,0.9601666666666667
low_evidence,1.09765625,0.033666666666666664,0.006666666666666667,0.9596666666666667
low_evidence,1.1015625,0.034,0.006666666666666667,0.9593333333333333
low_evidence,1.10546875,0.034166666666666665,0.006666666666666667,0.9591666666666666
low_evidence,1.109375,0.034166666666666665,0.006666666666666667,0.9591666666666666
low_evidence,1.11328125,0.035,0.006666666666666667,0.9583333333333333
low_evidence,1.1171875,0.035333333333333335,0.006833333333333334,0.9578333333333333
low_evidence,1.12109375,0.0355,0.006833333333333334,0.9576666666666667
low_evidence,1.125,0.035833333333333335,0.007,0.9571666666666666
low_evidence,1.12890625,0.036,0.007,0.957
low_evidence,1.1328125,0.036,0.007166666666666667,0.9568333333333333
low_evidence,1.13671875,0.036166666666666666,0.007166666666666667,0.9566666666666667
low_evidence,1.140625,0.036333333333333336,0.007166666666666667,0.9565
low_evidence,1.14453125,0.03666666666666667,0.007166666666666667,0.9561666666666667
low_evidence,1.1484375,0.03666666666666667,0.007333333333333333,0.9560000000000001
low_evidence,1.15234375,0.03783333333333333,0.007333333333333333,0.9548333333333333
low_evidence,1.15625,0.038,0.007333333333333333,0.9546666666666667
low_evidence,1.16015625,0.0385,0.007333333333333333,0.9541666666666667
low_evidence,1.1640625,0.03883333333333333,0.0075,0.9536666666666668
low_evidence,1.16796875,0.03983333333333333,0.0075,0.9526666666666667
low_evidence,1.171875,0.04016666666666667,0.0075,0.9523333333333334
low_evidence,1.17578125,0.04066666666666666,0.007666666666666666,0.9516666666666667
low_evidence,1.1796875,0.041166666666666664,0.007666666666666666,0.9511666666666666
low_evidence,1.18359375,0.0415,0.007666666666666666,0.9508333333333333
low_evidence,1.1875,0.041833333333333333,0.007666666666666666,0.9504999999999999
low_evidence,1.19140625,0.0425,0.007666666666666666,0.9498333333333333
low_evidence,1.1953125,0.042666666666666665,0.007666666666666666,0.9496666666666667
low_evidence,1.19921875,0.043166666666666666,0.007833333333333333,0.949
low_evidence,1.203125,0.043666666666666666,0.008333333333333333,0.9480000000000001
low_evidence,1.20703125,0.04416666666666667,0.0085,0.9473333333333334
low_evidence,1.2109375,0.04466666666666667,0.0085,0.9468333333333334
low_evidence,1.21484375,0.045,0.008833333333333334,0.9461666666666666
low_evidence,1.21875,0.045,0.008833333333333334,0.9461666666666666
low_evidence,1.22265625,0.04583333333333333,0.008833333333333334,0.9453333333333334
low_evidence,1.2265625,0.04633333333333333,0.009,0.9446666666666667
low_evidence,1.23046875,0.0465,0.009166666666666667,0.9443333333333334
low_evidence,1.234375,0.04683333333333333,0.009333333333333334,0.9438333333333334
low_evidence,1.23828125,0.0475,0.009666666666666667,0.9428333333333333
low_evidence,1.2421875,0.0475,0.009833333333333333,0.9426666666666667
low_evidence,1.24609375,0.048,0.01,0.942
low_evidence,1.25,0.048666666666666664,0.01,0.9413333333333334
low_evidence,1.25390625,0.04883333333333333,0.01,0.9411666666666667
low_evidence,1.2578125,0.04933333333333333,0.01,0.9406666666666667
low_evidence,1.26171875,0.0495,0.01,0.9405
low_evidence,1.265625,0.049833333333333334,0.01,0.9401666666666667
low_evidence,1.26953125,0.050333333333333334,0.01,0.9396666666666667
low_evidence,1.2734375,0.0505,0.01,0.9395
low_evidence,1.27734375,0.0505,0.010333333333333333,0.9391666666666667
low_evidence,1.28125,0.050833333333333335,0.010666666666666666,0.9385
low_evidence,1.28515625,0.050833333333333335,0.010666666666666666,0.9385
low_evidence,1.2890625,0.051,0.010666666666666666,0.9383333333333332
low_evidence,1.29296875,0.05216666666666667,0.011,0.9368333333333333
low_evidence,1.296875,0.052833333333333336,0.011166666666666667,0.936
low_evidence,1.30078125,0.05333333333333334,0.011166666666666667,0.9355
low_evidence,1.3046875,0.05366666666666667,0.0115,0.9348333333333334
low_evidence,1.30859375,0.05366666666666667,0.0115,0.9348333333333334
low_evidence,1.3125,0.054,0.0115,0.9345
low_evidence,1.31640625,0.054,0.011666666666666667,0.9343333333333332
low_evidence,1.3203125,0.05483333333333333,0.011666666666666667,0.9335
low_evidence,1.32421875,0.05566666666666667,0.011833333333333333,0.9325
low_evidence,1.328125,0.05583333333333333,0.012166666666666666,0.932
low_evidence,1.33203125,0.056,0.012333333333333333,0.9316666666666666
low_evidence,1.3359375,0.056666666666666664,0.0125,0.9308333333333334
low_evidence,1.33984375,0.057,0.012666666666666666,0.9303333333333332
low_evidence,1.34375,0.057833333333333334,0.012666666666666666,0.9295
low_evidence,1.34765625,0.058666666666666666,0.012666666666666666,0.9286666666666666
low_evidence,1.3515625,0.058833333333333335,0.012833333333333334,0.9283333333333333
low_evidence,1.35546875,0.059166666666666666,0.013,0.9278333333333333
low_evidence,1.359375,0.0595,0.013,0.9275
low_evidence,1.36328125,0.059666666666666666,0.013,0.9273333333333333
low_evidence,1.3671875,0.06016666666666667,0.013,0.9268333333333333
low_evidence,1.37109375,0.06133333333333333,0.013,0.9256666666666666
low_evidence,1.375,0.06166666666666667,0.013333333333333334,0.925
low_evidence,1.37890625,0.06216666666666667,0.013666666666666667,0.9241666666666666
low_evidence,1.3828125,0.06266666666666666,0.013833333333333333,0.9235
low_evidence,1.38671875,0.06316666666666666,0.013833333333333333,0.9229999999999999
low_evidence,1.390625,0.0635,0.013833333333333333,0.9226666666666666
low_evidence,1.39453125,0.064,0.013833333333333333,0.9221666666666666
low_evidence,1.3984375,0.0645,0.013833333333333333,0.9216666666666666
low_evidence,1.40234375,0.06516666666666666,0.013833333333333333,0.9209999999999999
low_evidence,1.40625,0.06583333333333333,0.013833333333333333,0.9203333333333333
low_evidence,1.41015625,0.0665,0.013833333333333333,0.9196666666666666
low_evidence,1.4140625,0.067,0.014166666666666666,0.9188333333333334
low_evidence,1.41796875,0.06716666666666667,0.014166666666666666,0.9186666666666666
low_evidence,1.421875,0.06783333333333333,0.014166666666666666,0.918
low_evidence,1.42578125,0.06833333333333333,0.014333333333333333,0.9173333333333333
low_evidence,1.4296875,0.06866666666666667,0.0145,0.9168333333333334
low_evidence,1.43359375,0.06933333333333333,0.0145,0.9161666666666667
low_evidence,1.4375,0.07,0.0145,0.9155
low_evidence,1.44140625,0.07016666666666667,0.015,0.9148333333333333
low_evidence,1.4453125,0.0705,0.015,0.9145
low_evidence,1.44921875,0.07166666666666667,0.015,0.9133333333333333
low_evidence,1.453125,0.0725,0.015,0.9125
low_evidence,1.45703125,0.0725,0.015166666666666667,0.9123333333333333
low_evidence,1.4609375,0.07266666666666667,0.015166666666666667,0.9121666666666667
low_evidence,1.46484375,0.07366666666666667,0.0155,0.9108333333333334
low_evidence,1.46875,0.07466666666666667,0.0155,0.9098333333333334
low_evidence,1.47265625,0.07533333333333334,0.0155,0.9091666666666667
low_evidence,1.4765625,0.07583333333333334,0.015666666666666666,0.9085
low_evidence,1.48046875,0.07616666666666666,0.015833333333333335,0.9079999999999999
low_evidence,1.484375,0.07733333333333334,0.015833333333333335,0.9068333333333333
low_evidence,1.48828125,0.07783333333333334,0.015833333333333335,0.9063333333333333
low_evidence,1.4921875,0.078,0.016166666666666666,0.9058333333333334
low_evidence,1.49609375,0.07816666666666666,0.016166666666666666,0.9056666666666666
low_evidence,1.5,0.07883333333333334,0.01633333333333333,0.9048333333333334
low_evidence,1.50390625,0.07916666666666666,0.0165,0.9043333333333334
low_evidence,1.5078125,0.07966666666666666,0.016666666666666666,0.9036666666666666
low_evidence,1.51171875,0.07983333333333334,0.016833333333333332,0.9033333333333333
low_evidence,1.515625,0.08,0.017,0.903
low_evidence,1.51953125,0.08033333333333334,0.017166666666666667,0.9025
low_evidence,1.5234375,0.08066666666666666,0.0175,0.9018333333333334
low_evidence,1.52734375,0.08116666666666666,0.017666666666666667,0.9011666666666667
low_evidence,1.53125,0.0815,0.018,0.9005
low_evidence,1.53515625,0.08166666666666667,0.018,0.9003333333333333
low_evidence,1.5390625,0.082,0.018,0.9
low_evidence,1.54296875,0.083,0.018166666666666668,0.8988333333333334
low_evidence,1.546875,0.0835,0.018166666666666668,0.8983333333333333
low_evidence,1.55078125,0.08383333333333333,0.018166666666666668,0.898
low_evidence,1.5546875,0.084,0.018166666666666668,0.8978333333333334
low_evidence,1.55859375,0.0845,0.018333333333333333,0.8971666666666667
low_evidence,1.5625,0.08466666666666667,0.018333333333333333,0.897
low_evidence,1.56640625,0.08466666666666667,0.018333333333333333,0.897
low_evidence,1.5703125,0.08533333333333333,0.018666666666666668,0.8959999999999999
low_evidence,1.57421875,0.0855,0.019,0.8955
low_evidence,1.578125,0.086,0.019,0.895
low_evidence,1.58203125,0.0865,0.019,0.8945
low_evidence,1.5859375,0.08716666666666667,0.019333333333333334,0.8935000000000001
low_evidence,1.58984375,0.08733333333333333,0.019333333333333334,0.8933333333333333
low_evidence,1.59375,0.08766666666666667,0.019333333333333334,0.893
low_evidence,1.59765625,0.08866666666666667,0.0195,0.8918333333333334
low_evidence,1.6015625,0.08883333333333333,0.0195,0.8916666666666667
low_evidence,1.60546875,0.08916666666666667,0.0195,0.8913333333333334
low_evidence,1.609375,0.09016666666666667,0.0195,0.8903333333333333
low_evidence,1.61328125,0.09066666666666667,0.0195,0.8898333333333334
low_evidence,1.6171875,0.09116666666666666,0.019666666666666666,0.8891666666666667
low_evidence,1.62109375,0.0915,0.019833333333333335,0.8886666666666666
low_evidence,1.625,0.09166666666666666,0.019833333333333335,0.8885
low_evidence,1.62890625,0.09216666666666666,0.019833333333333335,0.888
low_evidence,1.6328125,0.0925,0.020166666666666666,0.8873333333333333
low_evidence,1.63671875,0.09283333333333334,0.020166666666666666,0.887
low_evidence,1.640625,0.09316666666666666,0.020166666666666666,0.8866666666666667
low_evidence,1.64453125,0.09316666666666666,0.02033333333333333,0.8865000000000001
low_evidence,1.6484375,0.0935,0.02033333333333333,0.8861666666666667
low_evidence,1.65234375,0.09383333333333334,0.02033333333333333,0.8858333333333334
low_evidence,1.65625,0.09416666666666666,0.02033333333333333,0.8855000000000001
low_evidence,1.66015625,0.09433333333333334,0.02033333333333333,0.8853333333333333
low_evidence,1.6640625,0.09466666666666666,0.02033333333333333,0.885
low_evidence,1.66796875,0.09483333333333334,0.02033333333333333,0.8848333333333334
low_evidence,1.671875,0.09516666666666666,0.0205,0.8843333333333334
low_evidence,1.67578125,0.09616666666666666,0.0205,0.8833333333333334
low_evidence,1.6796875,0.09683333333333333,0.020666666666666667,0.8825000000000001
low_evidence,1.68359375,0.09733333333333333,0.020666666666666667,0.8820000000000001
low_evidence,1.6875,0.09833333333333333,0.021,0.8806666666666666
low_evidence,1.69140625,0.09916666666666667,0.021,0.8798333333333334
low_evidence,1.6953125,0.0995,0.021,0.8795
low_evidence,1.69921875,0.1,0.021,0.879
low_evidence,1.703125,0.10066666666666667,0.021166666666666667,0.8781666666666667
low_evidence,1.70703125,0.101,0.021333333333333333,0.8776666666666667
low_evidence,1.7109375,0.1015,0.021333333333333333,0.8771666666666667
low_evidence,1.71484375,0.10183333333333333,0.021333333333333333,0.8768333333333334
low_evidence,1.71875,0.10283333333333333,0.021333333333333333,0.8758333333333334
low_evidence,1.72265625,0.10366666666666667,0.021666666666666667,0.8746666666666667
low_evidence,1.7265625,0.104,0.021833333333333333,0.8741666666666666
low_evidence,1.73046875,0.10416666666666667,0.021833333333333333,0.874
low_evidence,1.734375,0.10466666666666667,0.0225,0.8728333333333333
low_evidence,1.73828125,0.10533333333333333,0.0225,0.8721666666666668
low_evidence,1.7421875,0.10583333333333333,0.0225,0.8716666666666667
low_evidence,1.74609375,0.10666666666666667,0.0225,0.8708333333333333
low_evidence,1.75,0.10733333333333334,0.0225,0.8701666666666668
low_evidence,1.75390625,0.10783333333333334,0.0225,0.8696666666666667
low_evidence,1.7578125,0.1085,0.0225,0.869
low_evidence,1.76171875,0.10866666666666666,0.02266666666666667,0.8686666666666667
low_evidence,1.765625,0.10883333333333334,0.02266666666666667,0.8685
low_evidence,1.76953125,0.10916666666666666,0.023333333333333334,0.8675
low_evidence,1.7734375,0.11,0.023833333333333335,0.8661666666666666
low_evidence,1.77734375,0.11033333333333334,0.023833333333333335,0.8658333333333332
low_evidence,1.78125,0.111,0.024333333333333332,0.8646666666666667
low_evidence,1.78515625,0.11133333333333334,0.024666666666666667,0.8640000000000001
low_evidence,1.7890625,0.1115,0.024833333333333332,0.8636666666666666
low_evidence,1.79296875,0.112,0.025,0.863
low_evidence,1.796875,0.1125,0.025166666666666667,0.8623333333333333
low_evidence,1.80078125,0.113,0.025166666666666667,0.8618333333333333
low_evidence,1.8046875,0.11333333333333333,0.025166666666666667,0.8615
low_evidence,1.80859375,0.11366666666666667,0.025166666666666667,0.8611666666666666
low_evidence,1.8125,0.11383333333333333,0.025333333333333333,0.8608333333333333
low_evidence,1.81640625,0.11416666666666667,0.0255,0.8603333333333334
low_evidence,1.8203125,0.11483333333333333,0.026,0.8591666666666666
low_evidence,1.82421875,0.11483333333333333,0.026166666666666668,0.859
low_evidence,1.828125,0.116,0.026333333333333334,0.8576666666666667
low_evidence,1.83203125,0.1165,0.026333333333333334,0.8571666666666666
low_evidence,1.8359375,0.11683333333333333,0.02666666666666667,0.8565
low_evidence,1.83984375,0.11733333333333333,0.027,0.8556666666666667
low_evidence,1.84375,0.11783333333333333,0.027166666666666665,0.855
low_evidence,1.84765625,0.11816666666666667,0.027333333333333334,0.8545
low_evidence,1.8515625,0.11866666666666667,0.0275,0.8538333333333333
low_evidence,1.85546875,0.11883333333333333,0.027833333333333335,0.8533333333333333
low_evidence,1.859375,0.11916666666666667,0.027833333333333335,0.853
low_evidence,1.86328125,0.11933333333333333,0.027833333333333335,0.8528333333333333
low_evidence,1.8671875,0.12,0.028166666666666666,0.8518333333333333
low_evidence,1.87109375,0.121,0.028166666666666666,0.8508333333333333
low_evidence,1.875,0.12166666666666667,0.028333333333333332,0.85
low_evidence,1.87890625,0.12233333333333334,0.028333333333333332,0.8493333333333334
low_evidence,1.8828125,0.1225,0.028333333333333332,0.8491666666666666
low_evidence,1.88671875,0.12283333333333334,0.0285,0.8486666666666667
low_evidence,1.890625,0.12366666666666666,0.028666666666666667,0.8476666666666667
low_evidence,1.89453125,0.12466666666666666,0.028666666666666667,0.8466666666666667
low_evidence,1.8984375,0.12483333333333334,0.028833333333333332,0.8463333333333333
low_evidence,1.90234375,0.12583333333333332,0.029333333333333333,0.8448333333333333
low_evidence,1.90625,0.12616666666666668,0.029333333333333333,0.8445
low_evidence,1.91015625,0.12666666666666668,0.029666666666666668,0.8436666666666667
low_evidence,1.9140625,0.12716666666666668,0.029666666666666668,0.8431666666666667
low_evidence,1.91796875,0.1275,0.029833333333333333,0.8426666666666667
low_evidence,1.921875,0.12816666666666668,0.03,0.8418333333333333
low_evidence,1.92578125,0.12833333333333333,0.030166666666666668,0.8415
low_evidence,1.9296875,0.129,0.0305,0.8405
low_evidence,1.93359375,0.12983333333333333,0.030833333333333334,0.8393333333333333
low_evidence,1.9375,0.13033333333333333,0.030833333333333334,0.8388333333333333
low_evidence,1.94140625,0.13116666666666665,0.031166666666666665,0.8376666666666667
low_evidence,1.9453125,0.13133333333333333,0.03133333333333333,0.8373333333333334
low_evidence,1.94921875,0.132,0.0315,0.8365
low_evidence,1.953125,0.13233333333333333,0.03166666666666667,0.8360000000000001
low_evidence,1.95703125,0.13283333333333333,0.03183333333333333,0.8353333333333333
low_evidence,1.9609375,0.13316666666666666,0.032,0.8348333333333333
low_evidence,1.96484375,0.13383333333333333,0.032,0.8341666666666666
low_evidence,1.96875,0.13416666666666666,0.03216666666666667,0.8336666666666667
low_evidence,1.97265625,0.1345,0.03233333333333333,0.8331666666666666
low_evidence,1.9765625,0.13516666666666666,0.03233333333333333,0.8325
low_evidence,1.98046875,0.136,0.03233333333333333,0.8316666666666667
low_evidence,1.984375,0.13716666666666666,0.03233333333333333,0.8305
low_evidence,1.98828125,0.138,0.03233333333333333,0.8296666666666667
low_evidence,1.9921875,0.1385,0.03233333333333333,0.8291666666666666
low_evidence,1.99609375,0.13933333333333334,0.03233333333333333,0.8283333333333334
low_evidence,2.0,0.13966666666666666,0.03283333333333333,0.8275
short_deadline,0.0,0.0,0.0,1.0
short_deadline,0.00390625,0.0,0.0,1.0
short_deadline,0.0078125,0.0,0.0,1.0
short_deadline,0.01171875,0.0,0.0,1.0
short_deadline,0.015625,0.0,0.0,1.0
short_deadline,0.01953125,0.0,0.0,1.0
short_deadline,0.0234375,0.0,0.0,1.0
short_deadline,0.02734375,0.0,0.0,1.0
short_deadline,0.03125,0.0,0.0,1.0
short_deadline,0.03515625,0.0,0.0,1.0
short_deadline,0.0390625,0.0,0.0,1.0
short_deadline,0.04296875,0.0,0.0,1.0
short_deadline,0.046875,0.0,0.0,1.0
short_deadline,0.05078125,0.0,0.0,1.0
short_deadline,0.0546875,0.0,0.0,1.0
short_deadline,0.05859375,0.0,0.0,1.0
short_deadline,0.0625,0.0,0.0,1.0
short_deadline,0.06640625,0.0,0.0,1.0
short_deadline,0.0703125,0.0,0.0,1.0
short_deadline,0.07421875,0.0,0.0,1.0
short_deadline,0.078125,0.0,0.0,1.0
short_deadline,0.08203125,0.0,0.0,1.0
short_deadline,0.0859375,0.0,0.0,1.0
short_deadline,0.08984375,0.0,0.0,1.0
short_deadline,0.09375,0.0,0.0,1.0
short_deadline,0.09765625,0.0,0.0,1.0
short_deadline,0.1015625,0.0,0.0,1.0
short_deadline,0.10546875,0.0,0.0,1.0
short_deadline,0.109375,0.0,0.0,1.0
short_deadline,0.11328125,0.0,0.0,1.0
short_deadline,0.1171875,0.0,0.0,1.0
short_deadline,0.12109375,0.0,0.0,1.0
short_deadline,0.125,0.0,0.0,1.0
short_deadline,0.12890625,0.0,0.0,1.0
short_deadline,0.1328125,0.0,0.0,1.0
short_deadline,0.13671875,0.0,0.0,1.0
short_deadline,0.140625,0.0,0.0,1.0
short_deadline,0.14453125,0.0,0.0,1.0
short_deadline,0.1484375,0.0,0.0,1.0
short_deadline,0.15234375,0.0,0.0,1.0
short_deadline,0.15625,0.0,0.0,1.0
short_deadline,0.16015625,0.0,0.0,1.0
short_deadline,0.1640625,0.0,0.0,1.0
short_deadline,0.16796875,0.0,0.0,1.0
short_deadline,0.171875,0.0,0.0,1.0
short_deadline,0.17578125,0.00016666666666666666,0.0,0.9998333333333334
short_deadline,0.1796875,0.00016666666666666666,0.0,0.9998333333333334
short_deadline,0.18359375,0.00016666666666666666,0.0,0.9998333333333334
short_deadline,0.1875,0.00016666666666666666,0.0,0.9998333333333334
short_deadline,0.19140625,0.0005,0.0,0.9995
short_deadline,0.1953125,0.0006666666666666666,0.0,0.9993333333333333
short_deadline,0.19921875,0.0006666666666666666,0.0,0.9993333333333333
short_deadline,0.203125,0.0008333333333333334,0.0,0.9991666666666666
short_deadline,0.20703125,0.001,0.0,0.999
short_deadline,0.2109375,0.001,0.0,0.999
short_deadline,0.21484375,0.0011666666666666668,0.0,0.9988333333333334
short_deadline,0.21875,0.0011666666666666668,0.0,0.9988333333333334
short_deadline,0.22265625,0.0013333333333333333,0.0,0.9986666666666667
short_deadline,0.2265625,0.0016666666666666668,0.0,0.9983333333333333
short_deadline,0.23046875,0.0016666666666666668,0.0,0.9983333333333333
short_deadline,0.234375,0.0023333333333333335,0.0,0.9976666666666667
short_deadline,0.23828125,0.0025,0.0,0.9975
short_deadline,0.2421875,0.0028333333333333335,0.0,0.9971666666666666
short_deadline,0.24609375,0.0033333333333333335,0.0,0.9966666666666667
short_deadline,0.25,0.0036666666666666666,0.0,0.9963333333333333
short_deadline,0.25390625,0.004,0.0,0.996
short_deadline,0.2578125,0.005,0.0,0.995
short_deadline,0.26171875,0.005166666666666667,0.0,0.9948333333333333
short_deadline,0.265625,0.0055,0.0,0.9945
short_deadline,0.26953125,0.006,0.0,0.994
short_deadline,0.2734375,0.006833333333333334,0.0,0.9931666666666666
short_deadline,0.27734375,0.007833333333333333,0.0,0.9921666666666666
short_deadline,0.28125,0.008333333333333333,0.0,0.9916666666666667
short_deadline,0.28515625,0.009166666666666667,0.0,0.9908333333333333
short_deadline,0.2890625,0.009833333333333333,0.0,0.9901666666666666
short_deadline,0.29296875,0.010666666666666666,0.0,0.9893333333333333
short_deadline,0.296875,0.011333333333333334,0.0,0.9886666666666667
short_deadline,0.30078125,0.012,0.0,0.988
short_deadline,0.3046875,0.012833333333333334,0.0,0.9871666666666666
short_deadline,0.30859375,0.014166666666666666,0.0,0.9858333333333333
short_deadline,0.3125,0.01633333333333333,0.0,0.9836666666666667
short_deadline,0.31640625,0.017666666666666667,0.0,0.9823333333333333
short_deadline,0.3203125,0.018333333333333333,0.0,0.9816666666666667
short_deadline,0.32421875,0.019333333333333334,0.0,0.9806666666666667
short_deadline,0.328125,0.021,0.0,0.979
short_deadline,0.33203125,0.02266666666666667,0.0,0.9773333333333334
short_deadline,0.3359375,0.023833333333333335,0.0,0.9761666666666666
short_deadline,0.33984375,0.025833333333333333,0.0,0.9741666666666666
short_deadline,0.34375,0.0275,0.0,0.9725
short_deadline,0.34765625,0.0285,0.0,0.9715
short_deadline,0.3515625,0.030833333333333334,0.0,0.9691666666666666
short_deadline,0.35546875,0.03216666666666667,0.0,0.9678333333333333
short_deadline,0.359375,0.03383333333333333,0.0,0.9661666666666666
short_deadline,0.36328125,0.0355,0.0,0.9645
short_deadline,0.3671875,0.03716666666666667,0.0,0.9628333333333333
short_deadline,0.37109375,0.03866666666666667,0.0,0.9613333333333334
short_deadline,0.375,0.04066666666666666,0.0,0.9593333333333334
short_deadline,0.37890625,0.042166666666666665,0.0,0.9578333333333333
short_deadline,0.3828125,0.044833333333333336,0.0,0.9551666666666667
short_deadline,0.38671875,0.04633333333333333,0.0,0.9536666666666667
short_deadline,0.390625,0.04766666666666667,0.0,0.9523333333333334
short_deadline,0.39453125,0.049,0.0,0.951
short_deadline,0.3984375,0.053,0.0,0.947
short_deadline,0.40234375,0.056,0.0,0.944
short_deadline,0.40625,0.058333333333333334,0.0,0.9416666666666667
short_deadline,0.41015625,0.061,0.0,0.9390000000000001
short_deadline,0.4140625,0.06316666666666666,0.0,0.9368333333333333
short_deadline,0.41796875,0.06633333333333333,0.0,0.9336666666666666
short_deadline,0.421875,0.06966666666666667,0.0,0.9303333333333333
short_deadline,0.42578125,0.072,0.0,0.928
short_deadline,0.4296875,0.07516666666666667,0.0,0.9248333333333333
short_deadline,0.43359375,0.078,0.0,0.922
short_deadline,0.4375,0.081,0.0,0.919
short_deadline,0.44140625,0.08383333333333333,0.0,0.9161666666666667
short_deadline,0.4453125,0.087,0.00016666666666666666,0.9128333333333334
short_deadline,0.44921875,0.09016666666666667,0.00016666666666666666,0.9096666666666666
short_deadline,0.453125,0.096,0.00016666666666666666,0.9038333333333334
short_deadline,0.45703125,0.09933333333333333,0.00016666666666666666,0.9005000000000001
short_deadline,0.4609375,0.10333333333333333,0.0003333333333333333,0.8963333333333334
short_deadline,0.46484375,0.10666666666666667,0.0003333333333333333,0.893
short_deadline,0.46875,0.11033333333333334,0.0003333333333333333,0.8893333333333333
short_deadline,0.47265625,0.11466666666666667,0.0003333333333333333,0.885
short_deadline,0.4765625,0.1185,0.0003333333333333333,0.8811666666666667
short_deadline,0.48046875,0.123,0.0003333333333333333,0.8766666666666667
short_deadline,0.484375,0.1265,0.0003333333333333333,0.8731666666666666
short_deadline,0.48828125,0.1295,0.0003333333333333333,0.8701666666666668
short_deadline,0.4921875,0.1355,0.0003333333333333333,0.8641666666666667
short_deadline,0.49609375,0.1375,0.0003333333333333333,0.8621666666666667
short_deadline,0.5,0.14166666666666666,0.0003333333333333333,0.8580000000000001
short_deadline,0.50390625,0.14633333333333334,0.0003333333333333333,0.8533333333333334
short_deadline,0.5078125,0.15,0.0003333333333333333,0.8496666666666667
short_deadline,0.51171875,0.1545,0.0003333333333333333,0.8451666666666667
short_deadline,0.515625,0.15866666666666668,0.0003333333333333333,0.841
short_deadline,0.51953125,0.16383333333333333,0.0003333333333333333,0.8358333333333334
short_deadline,0.5234375,0.16766666666666666,0.0003333333333333333,0.8320000000000001
short_deadline,0.52734375,0.17283333333333334,0.0003333333333333333,0.8268333333333333
short_deadline,0.53125,0.17833333333333334,0.0003333333333333333,0.8213333333333334
short_deadline,0.53515625,0.18183333333333335,0.0003333333333333333,0.8178333333333334
short_deadline,0.5390625,0.18733333333333332,0.0003333333333333333,0.8123333333333334
short_deadline,0.54296875,0.19133333333333333,0.0003333333333333333,0.8083333333333333
short_deadline,0.546875,0.197,0.0005,0.8025
short_deadline,0.55078125,0.20166666666666666,0.0005,0.7978333333333334
short_deadline,0.5546875,0.20733333333333334,0.0005,0.7921666666666667
short_deadline,0.55859375,0.213,0.0005,0.7865000000000001
short_deadline,0.5625,0.21783333333333332,0.0005,0.7816666666666667
short_deadline,0.56640625,0.2235,0.0005,0.776
short_deadline,0.5703125,0.2285,0.0005,0.771
short_deadline,0.57421875,0.234,0.0005,0.7655000000000001
short_deadline,0.578125,0.23783333333333334,0.0005,0.7616666666666667
short_deadline,0.58203125,0.24316666666666667,0.0005,0.7563333333333334
short_deadline,0.5859375,0.24783333333333332,0.0005,0.7516666666666667
short_deadline,0.58984375,0.25166666666666665,0.0005,0.7478333333333333
short_deadline,0.59375,0.25533333333333336,0.0005,0.7441666666666666
short_deadline,0.59765625,0.2605,0.0005,0.7390000000000001
short_deadline,0.6015625,0.2655,0.0005,0.734
short_deadline,0.60546875,0.2703333333333333,0.0005,0.7291666666666667
short_deadline,0.609375,0.27566666666666667,0.0005,0.7238333333333333
short_deadline,0.61328125,0.2806666666666667,0.0005,0.7188333333333334
short_deadline,0.6171875,0.28683333333333333,0.0005,0.7126666666666668
short_deadline,0.62109375,0.29233333333333333,0.0005,0.7071666666666667
short_deadline,0.625,0.297,0.0005,0.7025000000000001
short_deadline,0.62890625,0.3016666666666667,0.0005,0.6978333333333333
short_deadline,0.6328125,0.30666666666666664,0.0005,0.6928333333333334
short_deadline,0.63671875,0.30966666666666665,0.0005,0.6898333333333334
short_deadline,0.640625,0.31466666666666665,0.0005,0.6848333333333334
short_deadline,0.64453125,0.3185,0.0005,0.681
short_deadline,0.6484375,0.323,0.0005,0.6765000000000001
short_deadline,0.65234375,0.32666666666666666,0.0005,0.6728333333333334
short_deadline,0.65625,0.3308333333333333,0.0005,0.6686666666666667
short_deadline,0.66015625,0.33566666666666667,0.0005,0.6638333333333334
short_deadline,0.6640625,0.3413333333333333,0.0005,0.6581666666666668
short_deadline,0.66796875,0.3468333333333333,0.0005,0.6526666666666667
short_deadline,0.671875,0.34983333333333333,0.0005,0.6496666666666667
short_deadline,0.67578125,0.356,0.0005,0.6435000000000001
short_deadline,0.6796875,0.36083333333333334,0.0005,0.6386666666666667
short_deadline,0.68359375,0.36733333333333335,0.0005,0.6321666666666668
short_deadline,0.6875,0.37283333333333335,0.0005,0.6266666666666667
short_deadline,0.69140625,0.37716666666666665,0.0005,0.6223333333333334
short_deadline,0.6953125,0.38183333333333336,0.0006666666666666666,0.6174999999999999
short_deadline,0.69921875,0.38666666666666666,0.0006666666666666666,0.6126666666666666
short_deadline,0.703125,0.3923333333333333,0.0006666666666666666,0.607
short_deadline,0.70703125,0.3978333333333333,0.0006666666666666666,0.6015
short_deadline,0.7109375,0.40116666666666667,0.0006666666666666666,0.5981666666666666
short_deadline,0.71484375,0.407,0.0006666666666666666,0.5923333333333333
short_deadline,0.71875,0.413,0.0006666666666666666,0.5863333333333333
short_deadline,0.72265625,0.4186666666666667,0.0006666666666666666,0.5806666666666666
short_deadline,0.7265625,0.42283333333333334,0.0006666666666666666,0.5764999999999999
short_deadline,0.73046875,0.427,0.0006666666666666666,0.5723333333333332
short_deadline,0.734375,0.43133333333333335,0.0006666666666666666,0.568
short_deadline,0.73828125,0.43666666666666665,0.0006666666666666666,0.5626666666666666
short_deadline,0.7421875,0.44166666666666665,0.0006666666666666666,0.5576666666666666
short_deadline,0.74609375,0.44666666666666666,0.0006666666666666666,0.5526666666666666
short_deadline,0.75,0.4505,0.0006666666666666666,0.5488333333333333
short_deadline,0.75390625,0.45566666666666666,0.0006666666666666666,0.5436666666666666
short_deadline,0.7578125,0.461,0.0006666666666666666,0.5383333333333332
short_deadline,0.76171875,0.4668333333333333,0.0006666666666666666,0.5325
short_deadline,0.765625,0.4718333333333333,0.0006666666666666666,0.5275
short_deadline,0.76953125,0.4771666666666667,0.0006666666666666666,0.5221666666666666
short_deadline,0.7734375,0.484,0.0006666666666666666,0.5153333333333333
short_deadline,0.77734375,0.48833333333333334,0.0006666666666666666,0.511
short_deadline,0.78125,0.49216666666666664,0.0006666666666666666,0.5071666666666667
short_deadline,0.78515625,0.497,0.0006666666666666666,0.5023333333333333
short_deadline,0.7890625,0.501,0.0006666666666666666,0.49833333333333335
short_deadline,0.79296875,0.5045,0.0006666666666666666,0.4948333333333334
short_deadline,0.796875,0.5076666666666667,0.0006666666666666666,0.49166666666666664
short_deadline,0.80078125,0.5133333333333333,0.0006666666666666666,0.48600000000000004
short_deadline,0.8046875,0.5185,0.0006666666666666666,0.4808333333333334
short_deadline,0.80859375,0.5241666666666667,0.0006666666666666666,0.4751666666666667
short_deadline,0.8125,0.5283333333333333,0.0006666666666666666,0.47100000000000003
short_deadline,0.81640625,0.5331666666666667,0.0006666666666666666,0.4661666666666667
short_deadline,0.8203125,0.5368333333333334,0.0006666666666666666,0.46249999999999997
short_deadline,0.82421875,0.5418333333333333,0.0006666666666666666,0.4575000000000001
short_deadline,0.828125,0.5488333333333333,0.0006666666666666666,0.45050000000000007
short_deadline,0.83203125,0.5531666666666667,0.0006666666666666666,0.44616666666666666
short_deadline,0.8359375,0.5568333333333333,0.0006666666666666666,0.44250000000000006
short_deadline,0.83984375,0.5618333333333333,0.0006666666666666666,0.43750000000000006
short_deadline,0.84375,0.5648333333333333,0.0006666666666666666,0.43450000000000005
short_deadline,0.84765625,0.5698333333333333,0.0006666666666666666,0.42950000000000005
short_deadline,0.8515625,0.5741666666666667,0.0006666666666666666,0.42516666666666664
short_deadline,0.85546875,0.5788333333333333,0.0008333333333333334,0.42033333333333334
short_deadline,0.859375,0.584,0.0008333333333333334,0.4151666666666667
short_deadline,0.86328125,0.5871666666666666,0.0008333333333333334,0.41200000000000003
short_deadline,0.8671875,0.5926666666666667,0.0008333333333333334,0.4065
short_deadline,0.87109375,0.597,0.0008333333333333334,0.4021666666666667
short_deadline,0.875,0.6003333333333334,0.0008333333333333334,0.39883333333333326
short_deadline,0.87890625,0.6045,0.0008333333333333334,0.3946666666666666
short_deadline,0.8828125,0.6073333333333333,0.0008333333333333334,0.39183333333333337
short_deadline,0.88671875,0.6115,0.0008333333333333334,0.3876666666666666
short_deadline,0.890625,0.6156666666666667,0.0008333333333333334,0.38349999999999995
short_deadline,0.89453125,0.6208333333333333,0.0008333333333333334,0.3783333333333333
short_deadline,0.8984375,0.6255,0.0008333333333333334,0.3736666666666667
short_deadline,0.90234375,0.6281666666666667,0.0008333333333333334,0.371
short_deadline,0.90625,0.632,0.0008333333333333334,0.36716666666666664
short_deadline,0.91015625,0.6346666666666667,0.0008333333333333334,0.36449999999999994
short_deadline,0.9140625,0.6381666666666667,0.0008333333333333334,0.361
short_deadline,0.91796875,0.6413333333333333,0.0008333333333333334,0.35783333333333334
short_deadline,0.921875,0.6456666666666667,0.0008333333333333334,0.3534999999999999
short_deadline,0.92578125,0.6498333333333334,0.0008333333333333334,0.3493333333333333
short_deadline,0.9296875,0.6543333333333333,0.0008333333333333334,0.3448333333333333
short_deadline,0.93359375,0.6596666666666666,0.0008333333333333334,0.3395
short_deadline,0.9375,0.6643333333333333,0.0008333333333333334,0.3348333333333333
short_deadline,0.94140625,0.6675,0.0008333333333333334,0.33166666666666667
short_deadline,0.9453125,0.6715,0.0008333333333333334,0.32766666666666666
short_deadline,0.94921875,0.6756666666666666,0.0008333333333333334,0.3235
short_deadline,0.953125,0.6803333333333333,0.0008333333333333334,0.3188333333333333
short_deadline,0.95703125,0.6833333333333333,0.0008333333333333334,0.3158333333333333
short_deadline,0.9609375,0.6868333333333333,0.0008333333333333334,0.31233333333333335
short_deadline,0.96484375,0.6901666666666667,0.0008333333333333334,0.30899999999999994
short_deadline,0.96875,0.693,0.0008333333333333334,0.3061666666666667
short_deadline,0.97265625,0.6971666666666667,0.0008333333333333334,0.30199999999999994
short_deadline,0.9765625,0.7003333333333334,0.0008333333333333334,0.2988333333333333
short_deadline,0.98046875,0.704,0.0008333333333333334,0.2951666666666667
short_deadline,0.984375,0.7061666666666667,0.0008333333333333334,0.2929999999999999
short_deadline,0.98828125,0.7093333333333334,0.0008333333333333334,0.2898333333333333
short_deadline,0.9921875,0.7123333333333334,0.0008333333333333334,0.2868333333333333
short_deadline,0.99609375,0.7141666666666666,0.0008333333333333334,0.28500000000000003
short_deadline,1.0,0.7178333333333333,0.0008333333333333334,0.2813333333333333
short_deadline,1.00390625,0.7215,0.0008333333333333334,0.2776666666666666
short_deadline,1.0078125,0.7255,0.0008333333333333334,0.2736666666666666
short_deadline,1.01171875,0.7286666666666667,0.0008333333333333334,0.27049999999999996
short_deadline,1.015625,0.731,0.0008333333333333334,0.26816666666666666
short_deadline,1.01953125,0.7336666666666667,0.0008333333333333334,0.26549999999999996
short_deadline,1.0234375,0.7356666666666667,0.0008333333333333334,0.26349999999999996
short_deadline,1.02734375,0.74,0.0008333333333333334,0.25916666666666666
short_deadline,1.03125,0.7436666666666667,0.0008333333333333334,0.25549999999999995
short_deadline,1.03515625,0.7456666666666667,0.0008333333333333334,0.25349999999999995
short_deadline,1.0390625,0.7481666666666666,0.0008333333333333334,0.251
short_deadline,1.04296875,0.7503333333333333,0.0008333333333333334,0.24883333333333338
short_deadline,1.046875,0.752,0.0008333333333333334,0.24716666666666667
short_deadline,1.05078125,0.7536666666666667,0.001,0.2453333333333333
short_deadline,1.0546875,0.756,0.001,0.243
short_deadline,1.05859375,0.7578333333333334,0.001,0.24116666666666664
short_deadline,1.0625,0.7596666666666667,0.001,0.2393333333333333
short_deadline,1.06640625,0.7618333333333334,0.001,0.23716666666666664
short_deadline,1.0703125,0.764,0.001,0.235
short_deadline,1.07421875,0.767,0.001,0.23199999999999998
short_deadline,1.078125,0.7691666666666667,0.001,0.22983333333333333
short_deadline,1.08203125,0.7708333333333334,0.001,0.22816666666666663
short_deadline,1.0859375,0.774,0.001,0.22499999999999998
short_deadline,1.08984375,0.7758333333333334,0.001,0.22316666666666662
short_deadline,1.09375,0.7775,0.001,0.22150000000000003
short_deadline,1.09765625,0.7798333333333334,0.001,0.21916666666666662
short_deadline,1.1015625,0.7816666666666666,0.001,0.21733333333333338
short_deadline,1.10546875,0.7835,0.001,0.21550000000000002
short_deadline,1.109375,0.7851666666666667,0.001,0.21383333333333332
short_deadline,1.11328125,0.7885,0.001,0.21050000000000002
short_deadline,1.1171875,0.7906666666666666,0.001,0.20833333333333337
short_deadline,1.12109375,0.792,0.001,0.20699999999999996
short_deadline,1.125,0.7953333333333333,0.001,0.20366666666666666
short_deadline,1.12890625,0.7973333333333333,0.001,0.20166666666666666
short_deadline,1.1328125,0.7988333333333333,0.001,0.20016666666666671
short_deadline,1.13671875,0.8005,0.001,0.1985
short_deadline,1.140625,0.802,0.001,0.19699999999999995
short_deadline,1.14453125,0.8051666666666667,0.001,0.1938333333333333
short_deadline,1.1484375,0.8076666666666666,0.001,0.19133333333333336
short_deadline,1.15234375,0.8108333333333333,0.001,0.1881666666666667
short_deadline,1.15625,0.812,0.001,0.18699999999999994
short_deadline,1.16015625,0.8136666666666666,0.001,0.18533333333333335
short_deadline,1.1640625,0.8148333333333333,0.001,0.1841666666666667
short_deadline,1.16796875,0.8165,0.001,0.1825
short_deadline,1.171875,0.8191666666666667,0.001,0.1798333333333333
short_deadline,1.17578125,0.8221666666666667,0.001,0.1768333333333333
short_deadline,1.1796875,0.8226666666666667,0.001,0.17633333333333334
short_deadline,1.18359375,0.824,0.001,0.17500000000000004
short_deadline,1.1875,0.8251666666666667,0.001,0.17383333333333328
short_deadline,1.19140625,0.8266666666666667,0.001,0.17233333333333334
short_deadline,1.1953125,0.829,0.001,0.17000000000000004
short_deadline,1.19921875,0.83,0.001,0.16900000000000004
