dataset,setting,trial_id,block,cue,model,stage,channel,n_samples,MSE,zero_MSE,baseline_MSE,normalized_MSE
A2,past,2,0,-1,B0,encoding,0,205,15338.540680167667,17704.319062562845,10041.680637797777,0.36302944908187956
A2,past,2,0,-1,B0,encoding,1,205,13311.218677715344,25502.861191340715,19616.95554895514,0.12377873296589544
A2,past,2,0,-1,B0,encoding,2,205,28210.514093192844,39981.3242949262,33437.40089179911,0.20803109831237399
A2,past,2,0,-1,B0,maintenance,0,362,65987.20765477806,89270.12535940799,101532.87736181154,1.5617717578791082
A2,past,2,0,-1,B0,maintenance,1,362,151110.61473014214,249270.85338202107,330557.7484352128,1.4051516154796477
A2,past,2,0,-1,B0,maintenance,2,362,200903.81828556923,292974.3200044752,380746.0705452436,1.4815129506335891
A2,past,2,0,-1,B0,retrieval,0,480,33905.83767015661,65135.628993483966,95389.40153070005,0.8024764432754398
A2,past,2,0,-1,B0,retrieval,1,480,47674.699604997295,131104.1636054363,232269.3129110626,0.4433188316194858
A2,past,2,0,-1,B0,retrieval,2,480,77282.08669527424,168483.137287682,291660.8940461728,0.5698966464056526
A2,past,3,0,-1,B0,encoding,0,205,940.2492456850869,726.409480579543,3105.7003615431477,0.022253627172111053
A2,past,3,0,-1,B0,encoding,1,205,940.202620764704,954.0683523544016,2481.5545668912528,0.008742782456447752
A2,past,3,0,-1,B0,encoding,2,205,1408.9433092142108,856.5254137618575,1621.2303964388664,0.010389885952004987
A2,past,3,0,-1,B0,maintenance,0,362,19711.69398624314,13965.033677641288,9984.884899702027,0.4665323486444099
A2,past,3,0,-1,B0,maintenance,1,362,37498.228026916724,31680.80490289129,13306.23991513041,0.34868957275928536
A2,past,3,0,-1,B0,maintenance,2,362,61075.90602649028,40144.82499465216,18812.363127999724,0.45038838247119994
A2,past,3,0,-1,B0,retrieval,0,360,3225.956640155935,8012.891169328908,19012.005797658392,0.07635128310166196
A2,past,3,0,-1,B0,retrieval,1,360,18824.91168903454,29406.782421823416,75296.96418548435,0.17504961592769047
A2,past,3,0,-1,B0,retrieval,2,360,13014.88760505689,28951.09709910813,80876.91920087236,0.0959749033267495
A2,past,4,0,-1,B0,encoding,0,205,554.3455484856948,572.3128621939094,1997.2363536371865,0.013120137258426227
A2,past,4,0,-1,B0,encoding,1,205,1337.8801267601236,481.06218796160175,1507.087574755453,0.012440717184509698
A2,past,4,0,-1,B0,encoding,2,205,2415.940566231614,782.6855593639508,1480.0739407565725,0.017815725292714746
A2,past,4,0,-1,B0,maintenance,0,362,1482.2434629589777,1318.926697364024,2704.2414312330084,0.03508143564524112
A2,past,4,0,-1,B0,maintenance,1,362,3001.91988891937,2689.3939294534944,13990.644977157828,0.027914336719418693
A2,past,4,0,-1,B0,maintenance,2,362,1982.5688787737886,7689.548761747011,25337.76095352507,0.014619938508343713
A2,past,4,0,-1,B0,retrieval,0,363,1807.0574562161373,2198.772435962912,10226.08635277396,0.04276906691897081
A2,past,4,0,-1,B0,retrieval,1,363,5939.271840702898,3837.801395759074,34373.074836692904,0.05522826729704091
A2,past,4,0,-1,B0,retrieval,2,363,7736.081237285786,7460.692006860506,48688.38213756133,0.057047718843757055
A2,past,5,0,1,B0,encoding,0,205,3115.2334487867297,21568.924729032493,12652.680932932577,0.07373070921516947
A2,past,5,0,1,B0,encoding,1,205,21967.234075048003,64967.53886508249,52099.98263116973,0.2042695313184782
A2,past,5,0,1,B0,encoding,2,205,23255.663226051383,63254.575598622534,53812.06898076127,0.17149283940435292
A2,past,5,0,1,B0,maintenance,0,362,29110.094118448786,128745.89376147125,143462.43577856204,0.6889717640613651
A2,past,5,0,1,B0,maintenance,1,362,57219.5678257404,226409.75032172134,304733.9366936679,0.5320749194950402
A2,past,5,0,1,B0,maintenance,2,362,70387.23814317024,232504.00504092238,312160.71365577524,0.519052379184809
A2,past,5,0,1,B0,retrieval,0,346,6010.5486937673595,52743.7806023514,79746.37444584703,0.14225643928430898
A2,past,5,0,1,B0,retrieval,1,346,9136.393834962932,77933.06101914124,159569.89318461943,0.08495775481942795
A2,past,5,0,1,B0,retrieval,2,346,7895.2633569231375,89062.37995197842,184862.15705807926,0.058221565979986324
A2,past,6,0,-1,B0,encoding,0,205,3168.732033130732,4428.347000244747,4132.025360547781,0.0749969027863855
A2,past,6,0,-1,B0,encoding,1,205,4364.049627858829,3484.8615724099436,3680.9008219531793,0.04058054687667156
A2,past,6,0,-1,B0,encoding,2,205,5840.15461522928,9413.011214100992,8043.748616239607,0.04306670112096217
A2,past,6,0,-1,B0,maintenance,0,362,30142.145123787017,18973.766277863306,15214.30936257987,0.7133981365373835
A2,past,6,0,-1,B0,maintenance,1,362,16365.295473733084,20535.98637057796,8937.5922484946,0.15217806779347867
A2,past,6,0,-1,B0,maintenance,2,362,43161.0896096238,23073.53120543711,14153.026902637897,0.318280228647638
A2,past,6,0,-1,B0,retrieval,0,318,1719.9566042233967,578.6943498354115,5074.68156951499,0.04070758173776508
A2,past,6,0,-1,B0,retrieval,1,318,3869.572440250128,2536.7697434168535,26705.65959580302,0.0359824885587498
A2,past,6,0,-1,B0,retrieval,2,318,1419.4712708118993,5779.15873252052,42099.813282479045,0.010467521666367462
A2,past,7,0,1,B0,encoding,0,205,505.4528712441556,499.1654549699783,1873.1191930791415,0.01196295535610329
A2,past,7,0,1,B0,encoding,1,205,2442.48568552603,828.8630208107691,879.1156314870311,0.022712254284266507
A2,past,7,0,1,B0,encoding,2,205,860.6164505249894,708.6474306878368,1510.10615858168,0.006346392158504169
A2,past,7,0,1,B0,maintenance,0,363,4576.961667756423,5141.559407991913,4746.7267992645775,0.1083265942543585
A2,past,7,0,1,B0,maintenance,1,363,7820.747952089532,11574.99567207281,7906.3762857357115,0.07272379004455005
A2,past,7,0,1,B0,maintenance,2,363,22108.6152219022,18842.255671311654,8118.55348085239,0.1630342322576739
A2,past,7,0,1,B0,retrieval,0,312,15292.158386074165,18295.088753019158,36061.00638219853,0.36193168241534857
A2,past,7,0,1,B0,retrieval,1,312,57697.30350481155,55536.274897863106,129008.01152441259,0.5365173014045963
A2,past,7,0,1,B0,retrieval,2,312,17253.01820235032,32952.85120330225,99224.90765235049,0.12722789503167461
A2,past,8,0,1,B0,encoding,0,205,6554.885089688977,3488.7557884171306,1779.2889875733147,0.15513968196346076
A2,past,8,0,1,B0,encoding,1,205,16629.618105433397,3591.28037353719,1820.6659145201086,0.1546359584823943
A2,past,8,0,1,B0,encoding,2,205,12590.887295394157,5733.004270998983,3807.6630990967724,0.09284822333032898
A2,past,8,0,1,B0,maintenance,0,362,6144.943980881044,8683.575660684784,7286.6539579854725,0.14543727949964744
A2,past,8,0,1,B0,maintenance,1,362,8957.812136683367,11061.732225895905,6407.529553030427,0.08329715432302501
A2,past,8,0,1,B0,maintenance,2,362,15143.894411590656,22246.88764640641,15068.145279809616,0.11167471024322859
A2,past,8,0,1,B0,retrieval,0,316,70.40040788480545,2394.3819520964066,108.50159752899515,0.0016662224798611785
A2,past,8,0,1,B0,retrieval,1,316,819.9879151091841,19920.469570686382,476.0293296664913,0.007624926585383194
A2,past,8,0,1,B0,retrieval,2,316,16813.341343510954,29854.315501413508,1534.8512147547126,0.12398561240099554
A2,past,9,0,-1,B0,encoding,0,205,7810.348282498542,12624.65388720093,5756.025121711348,0.18485372847751616
A2,past,9,0,-1,B0,encoding,1,205,17870.06573702012,38663.465384395284,28911.114721254908,0.16617066765259197
A2,past,9,0,-1,B0,encoding,2,205,24916.502907038535,34198.20444550154,27323.303797336226,0.18374026962895496
A2,past,9,0,-1,B0,maintenance,0,363,9159.27915856839,24038.43873383934,30562.05137253725,0.216779949035274
A2,past,9,0,-1,B0,maintenance,1,363,35099.52254239422,102393.75317390522,156886.2977897351,0.3263844230339937
A2,past,9,0,-1,B0,maintenance,2,363,37559.04007652729,72681.42373288432,119478.10115545354,0.2769693715210889
A2,past,9,0,-1,B0,retrieval,0,401,1302.548941334421,5793.642066149461,16525.80955419034,0.030828462396440406
A2,past,9,0,-1,B0,retrieval,1,401,4090.9395780808113,30909.033415914655,87562.37894759912,0.03804094349847976
A2,past,9,0,-1,B0,retrieval,2,401,3340.9905737497434,12037.909580859507,56461.43416642947,0.02463726595738138
A2,past,10,0,-1,B0,encoding,0,205,6532.717012405456,25805.444328389676,15522.753884455053,0.15461501243646678
A2,past,10,0,-1,B0,encoding,1,205,76366.64518395228,103683.10952490508,86730.35134924114,0.710120298568192
A2,past,10,0,-1,B0,encoding,2,205,30015.767713770063,66237.05974089712,56504.99262672224,0.22134347157081413
A2,past,10,0,-1,B0,maintenance,0,362,17883.418258641846,16283.236843178136,19785.98070980331,0.4232610920105216
A2,past,10,0,-1,B0,maintenance,1,362,54150.28678702852,94911.92385052804,139780.43960717844,0.5035342030297608
A2,past,10,0,-1,B0,maintenance,2,362,35926.80277856359,55110.77463263879,85611.43797764795,0.2649328621302961
A2,past,10,0,-1,B0,retrieval,0,319,22222.74912534238,6919.208044447099,14616.113186215674,0.5259634889835999
A2,past,10,0,-1,B0,retrieval,1,319,3563.166013880872,49847.80156068697,119814.08544029926,0.03313326790158425
A2,past,10,0,-1,B0,retrieval,2,319,30828.452144305968,11578.592518167514,44876.19027326145,0.22733640151555928
A2,past,11,0,1,B0,encoding,0,205,5150.275200140084,5833.904755562515,2840.493514158768,0.12189566188290632
A2,past,11,0,1,B0,encoding,1,205,5896.854527411635,3710.384974310278,1717.354881565481,0.0548338359964869
A2,past,11,0,1,B0,encoding,2,205,7258.800954796884,8399.172277053745,5861.104287089991,0.05352813954644234
A2,past,11,0,1,B0,maintenance,0,362,8275.930954711954,9942.725016641556,11595.339223809327,0.19587304410343118
A2,past,11,0,1,B0,maintenance,1,362,23206.24599858268,25914.396779439016,33467.071440944055,0.21579089008644053
A2,past,11,0,1,B0,maintenance,2,362,16371.941051742222,17459.15527040788,23291.337450643972,0.1207306207624628
A2,past,11,0,1,B0,retrieval,0,353,19060.71780022699,32570.28201869697,55150.9217763567,0.451125177186409
A2,past,11,0,1,B0,retrieval,1,353,82213.59796778359,103214.96245336476,197312.4583416627,0.7644901068341826
A2,past,11,0,1,B0,retrieval,2,353,24212.784784221643,56070.99764017845,136929.14496806246,0.17855088337713737
A2,past,12,0,1,B0,encoding,0,205,23457.029900631886,85817.99309361778,65334.366461734426,0.5551761943646966
A2,past,12,0,1,B0,encoding,1,205,247858.7602351949,316754.5891360599,286003.7377074054,2.304795979933204
A2,past,12,0,1,B0,encoding,2,205,70744.59161528172,215830.4362968699,197524.94756308742,0.5216875894132902
A2,past,12,0,1,B0,maintenance,0,363,51156.14967034709,248339.8870682934,268629.56615549745,1.210753305624983
A2,past,12,0,1,B0,maintenance,1,363,312816.2164839766,606492.4838469204,730744.1038549104,2.908824192963942
A2,past,12,0,1,B0,maintenance,2,363,60262.20305391469,384214.1729724352,484382.79128397425,0.44438794155311717
A2,past,12,0,1,B0,retrieval,0,333,37620.99095407521,58372.89510741403,84834.06849349225,0.8904059326602775
A2,past,12,0,1,B0,retrieval,1,333,30953.55172091322,137615.22662351196,237278.81463454248,0.2878317534684622
A2,past,12,0,1,B0,retrieval,2,333,110438.834709341,64612.30427416033,143984.74886082002,0.8144024601971611
A2,past,13,0,1,B0,encoding,0,205,3278.582932141214,2857.0059340495222,1165.9973072456687,0.07759683143543143
A2,past,13,0,1,B0,encoding,1,205,20707.747435765585,5849.436357905965,3180.9332464801596,0.19255778169041113
A2,past,13,0,1,B0,encoding,2,205,3581.7604133134673,4555.813656528475,5372.6292849267675,0.026412760512336035
A2,past,13,0,1,B0,maintenance,0,362,1445.0321726938241,2889.9659052129023,1879.3400062982396,0.03420072642483588
A2,past,13,0,1,B0,maintenance,1,362,9547.26480162437,10129.306448071937,4463.8599819818355,0.08877837326895933
A2,past,13,0,1,B0,maintenance,2,362,27764.601375680923,37401.828938663726,15412.1969399238,0.20474283096393017
A2,past,13,0,1,B0,retrieval,0,321,5698.243786131879,9368.644705955472,2444.3668713813095,0.13486487049503898
A2,past,13,0,1,B0,retrieval,1,321,9513.9525863445,42091.22690683248,10187.566627322482,0.0884686087087442
A2,past,13,0,1,B0,retrieval,2,321,16679.472239205475,18449.506900119675,2889.8076560276827,0.12299842951213485
A2,past,14,0,-1,B0,encoding,0,205,9319.602299687722,936.7399858316709,4401.753083212642,0.22057444440541576
A2,past,14,0,-1,B0,encoding,1,205,39386.109062034324,485.0178953765101,1251.0545264923185,0.36624465379092735
A2,past,14,0,-1,B0,encoding,2,205,14404.74836293347,2504.257132960944,4801.322831776999,0.10622406996749853
A2,past,14,0,-1,B0,maintenance,0,363,40533.89274058133,218878.7874658669,201553.92021219386,0.959347897403522
A2,past,14,0,-1,B0,maintenance,1,363,17865.164106891676,105300.37309909635,65199.8224452407,0.16612508823710379
A2,past,14,0,-1,B0,maintenance,2,363,47315.84453335474,325412.709367525,248197.24004821526,0.34891838813481485
A2,past,14,0,-1,B0,retrieval,0,368,144452.02779326896,514656.93857588357,438810.3116057669,3.4188611004145124
A2,past,14,0,-1,B0,retrieval,1,368,32496.347008021963,426027.7755506574,280082.3691101856,0.3021779414838221
A2,past,14,0,-1,B0,retrieval,2,368,187285.37253911688,763296.9361504263,545805.1879927869,1.381087264785291
A2,past,15,0,-1,B0,encoding,0,205,9716.632182074509,4098.778908176631,3449.0925875578514,0.22997126659843453
A2,past,15,0,-1,B0,encoding,1,205,6384.596608352737,4368.700358629751,3859.7620694286134,0.05936926571593921
A2,past,15,0,-1,B0,encoding,2,205,19615.81623783539,5280.095117721337,4429.275806915545,0.14465173455436117
A2,past,15,0,-1,B0,maintenance,0,362,4147.7035710765695,3322.9640388852763,2042.468199257773,0.09816700126562576
A2,past,15,0,-1,B0,maintenance,1,362,11328.343119318075,2134.3172237946437,12809.521116621308,0.10534031420125223
A2,past,15,0,-1,B0,maintenance,2,362,17997.037806412576,4429.7754889683665,3924.640097509061,0.1327144740740735
A2,past,15,0,-1,B0,retrieval,0,408,6284.457352028998,3953.410433153651,731.8201666027701,0.14873925348292757
A2,past,15,0,-1,B0,retrieval,1,408,13543.52569131492,2644.7810302985795,16288.424988483133,0.12593891592875114
A2,past,15,0,-1,B0,retrieval,2,408,36336.32029658729,2408.145327847099,9478.788288009344,0.2679527425469094
A2,past,16,0,-1,B0,encoding,0,205,418.3062245136706,833.2739879867365,4177.723037501433,0.009900386314394733
A2,past,16,0,-1,B0,encoding,1,205,2531.5435636644343,3624.5441001303175,7497.956697405036,0.023540388175196977
A2,past,16,0,-1,B0,encoding,2,205,428.0733976539453,2242.6876138299303,4316.188958857566,0.0031567159243563055
A2,past,16,0,-1,B0,maintenance,0,363,4965.102561460437,7003.489860892765,5497.213006536518,0.11751303367813659
A2,past,16,0,-1,B0,maintenance,1,363,40818.315206386695,46237.32216136847,31855.202795791334,0.3795624923890334
A2,past,16,0,-1,B0,maintenance,2,363,12557.692642466785,18781.687513044213,11477.898742297844,0.0926034379966138
A2,past,16,0,-1,B0,retrieval,0,365,51819.28068045293,31755.286953563227,54137.95944732699,1.2264481549778357
A2,past,16,0,-1,B0,retrieval,1,365,181490.6369205672,157647.00944201578,270800.50294005946,1.6876502164906875
A2,past,16,0,-1,B0,retrieval,2,365,100667.53992033491,63468.556784070846,148956.29435388188,0.74234658839788
A2,past,17,0,1,B0,encoding,0,205,20275.38908040157,3477.3600390357146,1564.1948544116917,0.4798737690408811
A2,past,17,0,1,B0,encoding,1,205,70066.16784483725,3855.3447458150454,4810.913004374084,0.6515332434684524
A2,past,17,0,1,B0,encoding,2,205,29014.023707419125,3404.295769056171,2697.469705255866,0.2139563709607154
A2,past,17,0,1,B0,maintenance,0,363,7592.39515478138,58462.29985217812,50280.25079177193,0.1796952583511411
A2,past,17,0,1,B0,maintenance,1,363,33594.03540828407,199381.40518262782,141932.7903998633,0.31238515711639736
A2,past,17,0,1,B0,maintenance,2,363,12205.078381587638,135605.63831990358,89988.68249034394,0.0900031758486441
A2,past,17,0,1,B0,retrieval,0,338,21914.560488903095,195140.04051464924,149623.99808296247,0.5186693432605647
A2,past,17,0,1,B0,retrieval,1,338,18877.759437948138,603733.5165683281,426377.6515698155,0.1755410380550706
A2,past,17,0,1,B0,retrieval,2,338,69458.86146697245,441900.799840706,280829.4557735779,0.5122063068672675
A2,past,2,0,-1,N0,encoding,0,205,16151.952317734169,17704.319062562845,10041.680637797777,0.38228110964202416
A2,past,2,0,-1,N0,encoding,1,205,16799.593267378605,25502.861191340715,19616.95554895514,0.1562165282777409
A2,past,2,0,-1,N0,encoding,2,205,28851.642075608088,39981.3242949262,33437.40089179911,0.2127589298541899
A2,past,2,0,-1,N0,maintenance,0,362,75696.76213783829,89270.12535940799,101532.87736181154,1.7915755109423566
A2,past,2,0,-1,N0,maintenance,1,362,189310.42933115215,249270.85338202107,330557.7484352128,1.7603651211191382
A2,past,2,0,-1,N0,maintenance,2,362,224017.71221103228,292974.3200044752,380746.0705452436,1.651960349206522
A2,past,2,0,-1,N0,retrieval,0,480,43568.176874934616,65135.628993483966,95389.40153070005,1.031162714772453
A2,past,2,0,-1,N0,retrieval,1,480,70897.83792632763,131104.1636054363,232269.3129110626,0.6592668005096918
A2,past,2,0,-1,N0,retrieval,2,480,92967.54066806046,168483.137287682,291660.8940461728,0.6855649467672644
A2,past,3,0,-1,N0,encoding,0,205,840.465114065991,726.409480579543,3105.7003615431477,0.01989195671830891
A2,past,3,0,-1,N0,encoding,1,205,821.9644582961814,954.0683523544016,2481.5545668912528,0.0076433061205153485
A2,past,3,0,-1,N0,encoding,2,205,1170.4643987318307,856.5254137618575,1621.2303964388664,0.008631285257664616
A2,past,3,0,-1,N0,maintenance,0,362,16781.799940923738,13965.033677641288,9984.884899702027,0.39718821458895587
A2,past,3,0,-1,N0,maintenance,1,362,29692.202073451914,31680.80490289129,13306.23991513041,0.2761026800477755
A2,past,3,0,-1,N0,maintenance,2,362,50758.96719151008,40144.82499465216,18812.363127999724,0.37430880058295635
A2,past,3,0,-1,N0,retrieval,0,360,4668.449300152952,8012.891169328908,19012.005797658392,0.11049190485849313
A2,past,3,0,-1,N0,retrieval,1,360,25451.399785648686,29406.782421823416,75296.96418548435,0.23666818898784428
A2,past,3,0,-1,N0,retrieval,2,360,16595.726003864544,28951.09709910813,80876.91920087236,0.12238086468293863
A2,past,4,0,-1,N0,encoding,0,205,589.8700191082952,572.3128621939094,1997.2363536371865,0.013960923175936803
A2,past,4,0,-1,N0,encoding,1,205,1564.619505424136,481.06218796160175,1507.087574755453,0.014549127667727967
A2,past,4,0,-1,N0,encoding,2,205,2146.351902106035,782.6855593639508,1480.0739407565725,0.015827713812124864
A2,past,4,0,-1,N0,maintenance,0,362,779.2474526698603,1318.926697364024,2704.2414312330084,0.01844306960746054
A2,past,4,0,-1,N0,maintenance,1,362,1085.1794692485526,2689.3939294534944,13990.644977157828,0.010090897234605645
A2,past,4,0,-1,N0,maintenance,2,362,1007.0758165929743,7689.548761747011,25337.76095352507,0.007426418657865585
A2,past,4,0,-1,N0,retrieval,0,363,363.73774530817724,2198.772435962912,10226.08635277396,0.008608870690042021
A2,past,4,0,-1,N0,retrieval,1,363,1271.0425494076285,3837.801395759074,34373.074836692904,0.011819206048714743
A2,past,4,0,-1,N0,retrieval,2,363,1920.4546305651274,7460.692006860506,48688.38213756133,0.014161893141534427
A2,past,5,0,1,N0,encoding,0,205,7276.466578135687,21568.924729032493,12652.680932932577,0.1722179253035976
A2,past,5,0,1,N0,encoding,1,205,34076.74769681267,64967.53886508249,52099.98263116973,0.31687381566132583
A2,past,5,0,1,N0,encoding,2,205,32811.38582847844,63254.575598622534,53812.06898076127,0.24195903018642564
A2,past,5,0,1,N0,maintenance,0,362,55771.51077144375,128745.89376147125,143462.43577856204,1.3199887298274593
A2,past,5,0,1,N0,maintenance,1,362,110980.5388944982,226409.75032172134,304733.9366936679,1.0319889426225706
A2,past,5,0,1,N0,maintenance,2,362,118292.75944508423,232504.00504092238,312160.71365577524,0.8723191852678905
A2,past,5,0,1,N0,retrieval,0,346,10032.995577773043,52743.7806023514,79746.37444584703,0.23745889085454167
A2,past,5,0,1,N0,retrieval,1,346,13098.735840867246,77933.06101914124,159569.89318461943,0.12180289161291041
A2,past,5,0,1,N0,retrieval,2,346,18871.937921655473,89062.37995197842,184862.15705807926,0.13916619740270011
A2,past,6,0,-1,N0,encoding,0,205,3843.701090492207,4428.347000244747,4132.025360547781,0.09097193262465912
A2,past,6,0,-1,N0,encoding,1,205,6222.152340997253,3484.8615724099436,3680.9008219531793,0.05785872441407502
A2,past,6,0,-1,N0,encoding,2,205,8180.354495641014,9413.011214100992,8043.748616239607,0.06032389642709138
A2,past,6,0,-1,N0,maintenance,0,362,22894.56959670547,18973.766277863306,15214.30936257987,0.5418639987313241
A2,past,6,0,-1,N0,maintenance,1,362,11828.802897509411,20535.98637057796,8937.5922484946,0.10999400360000146
A2,past,6,0,-1,N0,maintenance,2,362,28088.944447022164,23073.53120543711,14153.026902637897,0.20713461457830276
A2,past,6,0,-1,N0,retrieval,0,318,473.11850098561627,578.6943498354115,5074.68156951499,0.011197672082672696
A2,past,6,0,-1,N0,retrieval,1,318,7001.379361220996,2536.7697434168535,26705.65959580302,0.06510462244875742
A2,past,6,0,-1,N0,retrieval,2,318,2264.5471739762834,5779.15873252052,42099.813282479045,0.016699314100629723
A2,past,7,0,1,N0,encoding,0,205,474.1846664452617,499.1654549699783,1873.1191930791415,0.011222905869087965
A2,past,7,0,1,N0,encoding,1,205,1815.0926831221232,828.8630208107691,879.1156314870311,0.016878234665970115
A2,past,7,0,1,N0,encoding,2,205,774.0879477060646,708.6474306878368,1510.10615858168,0.005708310221490133
A2,past,7,0,1,N0,maintenance,0,363,4590.082727382285,5141.559407991913,4746.7267992645775,0.1086371408145998
A2,past,7,0,1,N0,maintenance,1,363,7432.89006351619,11574.99567207281,7906.3762857357115,0.06911716624993028
A2,past,7,0,1,N0,maintenance,2,363,18196.832858454858,18842.255671311654,8118.55348085239,0.13418781071644834
A2,past,7,0,1,N0,retrieval,0,312,15680.311394066759,18295.088753019158,36061.00638219853,0.37111840855763534
A2,past,7,0,1,N0,retrieval,1,312,62769.54278702948,55536.274897863106,129008.01152441259,0.5836831820691406
A2,past,7,0,1,N0,retrieval,2,312,21810.351109838237,32952.85120330225,99224.90765235049,0.16083476114506476
A2,past,8,0,1,N0,encoding,0,205,5287.963304814446,3488.7557884171306,1779.2889875733147,0.12515443583196206
A2,past,8,0,1,N0,encoding,1,205,10902.75870042022,3591.28037353719,1820.6659145201086,0.10138287789007559
A2,past,8,0,1,N0,encoding,2,205,9189.554744444184,5733.004270998983,3807.6630990967724,0.06776598115770263
A2,past,8,0,1,N0,maintenance,0,362,6563.8426300063675,8683.575660684784,7286.6539579854725,0.15535168719879291
A2,past,8,0,1,N0,maintenance,1,362,6729.716784643534,11061.732225895905,6407.529553030427,0.06257847887489344
A2,past,8,0,1,N0,maintenance,2,362,17750.173133537115,22246.88764640641,15068.145279809616,0.13089403475619518
A2,past,8,0,1,N0,retrieval,0,316,519.4622721338054,2394.3819520964066,108.50159752899515,0.012294526995999425
A2,past,8,0,1,N0,retrieval,1,316,3713.70679920746,19920.469570686382,476.0293296664913,0.034533120771450425
A2,past,8,0,1,N0,retrieval,2,316,25293.584299544626,29854.315501413508,1534.8512147547126,0.18652095827493495
A2,past,9,0,-1,N0,encoding,0,205,8639.280042197719,12624.65388720093,5756.025121711348,0.2044727161194862
A2,past,9,0,-1,N0,encoding,1,205,21205.28655522769,38663.465384395284,28911.114721254908,0.19718431238598805
A2,past,9,0,-1,N0,encoding,2,205,24086.21407929839,34198.20444550154,27323.303797336226,0.1776175206361262
A2,past,9,0,-1,N0,maintenance,0,363,13187.147624218944,24038.43873383934,30562.05137253725,0.31211071749292973
A2,past,9,0,-1,N0,maintenance,1,363,55074.804459791005,102393.75317390522,156886.2977897351,0.5121311338525334
A2,past,9,0,-1,N0,maintenance,2,363,46930.28234168649,72681.42373288432,119478.10115545354,0.34607516004136346
A2,past,9,0,-1,N0,retrieval,0,401,1047.0731314942218,5793.642066149461,16525.80955419034,0.02478191309074591
A2,past,9,0,-1,N0,retrieval,1,401,5802.184365146193,30909.033415914655,87562.37894759912,0.053953514440767174
A2,past,9,0,-1,N0,retrieval,2,401,3061.3481121884374,12037.909580859507,56461.43416642947,0.02257511536270605
A2,past,10,0,-1,N0,encoding,0,205,12228.602500860834,25805.444328389676,15522.753884455053,0.2894240672236022
A2,past,10,0,-1,N0,encoding,1,205,96323.08301561222,103683.10952490508,86730.35134924114,0.8956917814746316
A2,past,10,0,-1,N0,encoding,2,205,42650.88814895957,66237.05974089712,56504.99262672224,0.3145178806850333
A2,past,10,0,-1,N0,maintenance,0,362,12501.991574423357,16283.236843178136,19785.98070980331,0.29589458399764795
A2,past,10,0,-1,N0,maintenance,1,362,82098.89889678604,94911.92385052804,139780.43960717844,0.7634235399011182
A2,past,10,0,-1,N0,maintenance,2,362,39549.64665563789,55110.77463263879,85611.43797764795,0.2916485819598713
A2,past,10,0,-1,N0,retrieval,0,319,9591.25306882518,6919.208044447099,14616.113186215674,0.22700381934524627
A2,past,10,0,-1,N0,retrieval,1,319,22092.96464906444,49847.80156068697,119814.08544029926,0.2054386783007063
A2,past,10,0,-1,N0,retrieval,2,319,13109.124608503602,11578.592518167514,44876.19027326145,0.09666982959657656
A2,past,11,0,1,N0,encoding,0,205,5512.645681720116,5833.904755562515,2840.493514158768,0.13047217245419074
A2,past,11,0,1,N0,encoding,1,205,6095.683546345132,3710.384974310278,1717.354881565481,0.056682712845129005
A2,past,11,0,1,N0,encoding,2,205,7733.669921987954,8399.172277053745,5861.104287089991,0.05702993722630307
A2,past,11,0,1,N0,maintenance,0,362,8852.425147258436,9942.725016641556,11595.339223809327,0.20951739094730348
A2,past,11,0,1,N0,maintenance,1,362,24929.121977542425,25914.396779439016,33467.071440944055,0.23181161748159854
A2,past,11,0,1,N0,maintenance,2,362,15570.417802840291,17459.15527040788,23291.337450643972,0.11481999604853017
A2,past,11,0,1,N0,retrieval,0,353,23808.133270619586,32570.28201869697,55150.9217763567,0.5634860372392686
A2,past,11,0,1,N0,retrieval,1,353,101011.12168794843,103214.96245336476,197312.4583416627,0.9392850467500611
A2,past,11,0,1,N0,retrieval,2,353,30624.16909835621,56070.99764017845,136929.14496806246,0.22582996932949073
A2,past,12,0,1,N0,encoding,0,205,39036.656776104,85817.99309361778,65334.366461734426,0.9239116222934283
A2,past,12,0,1,N0,encoding,1,205,290989.3547022257,316754.5891360599,286003.7377074054,2.70585995945692
A2,past,12,0,1,N0,encoding,2,205,127900.99752615795,215830.4362968699,197524.94756308742,0.943172637787384
A2,past,12,0,1,N0,maintenance,0,363,100339.60627071245,248339.8870682934,268629.56615549745,2.3748173144429328
A2,past,12,0,1,N0,maintenance,1,363,460104.44503204076,606492.4838469204,730744.1038549104,4.278432096783587
A2,past,12,0,1,N0,maintenance,2,363,163442.06186748765,384214.1729724352,484382.79128397425,1.2052609721471483
A2,past,12,0,1,N0,retrieval,0,333,16016.565196491096,58372.89510741403,84834.06849349225,0.3790767948990184
A2,past,12,0,1,N0,retrieval,1,333,48700.325551608395,137615.22662351196,237278.81463454248,0.45285595089024056
A2,past,12,0,1,N0,retrieval,2,333,27309.037177513044,64612.30427416033,143984.74886082002,0.2013833912818462
A2,past,13,0,1,N0,encoding,0,205,2999.4236836018404,2857.0059340495222,1165.9973072456687,0.07098974733815522
A2,past,13,0,1,N0,encoding,1,205,15041.147270710553,5849.436357905965,3180.9332464801596,0.13986504140592582
A2,past,13,0,1,N0,encoding,2,205,3336.3767361267496,4555.813656528475,5372.6292849267675,0.024603242411940996
A2,past,13,0,1,N0,maintenance,0,362,1628.5747799142168,2889.9659052129023,1879.3400062982396,0.038544775377838535
A2,past,13,0,1,N0,maintenance,1,362,6256.030405702923,10129.306448071937,4463.8599819818355,0.058173750710775025
A2,past,13,0,1,N0,maintenance,2,362,25739.115610287186,37401.828938663726,15412.1969399238,0.1898064130383663
A2,past,13,0,1,N0,retrieval,0,321,6549.104368981591,9368.644705955472,2444.3668713813095,0.15500286504603308
A2,past,13,0,1,N0,retrieval,1,321,12659.58171095966,42091.22690683248,10187.566627322482,0.117719272893033
A2,past,13,0,1,N0,retrieval,2,321,16511.88759977908,18449.506900119675,2889.8076560276827,0.12176262017930994
A2,past,14,0,-1,N0,encoding,0,205,4368.787103270286,936.7399858316709,4401.753083212642,0.10339956116600371
A2,past,14,0,-1,N0,encoding,1,205,29032.294501800876,485.0178953765101,1251.0545264923185,0.269966313042528
A2,past,14,0,-1,N0,encoding,2,205,5845.951124330242,2504.257132960944,4801.322831776999,0.04310944596959084
A2,past,14,0,-1,N0,maintenance,0,363,73979.55812733156,218878.7874658669,201553.92021219386,1.7509330770306692
A2,past,14,0,-1,N0,maintenance,1,363,10711.240552875675,105300.37309909635,65199.8224452407,0.09960198357701575
A2,past,14,0,-1,N0,maintenance,2,363,97161.89417412333,325412.709367525,248197.24004821526,0.7164951156998172
A2,past,14,0,-1,N0,retrieval,0,368,227066.2443401169,514656.93857588357,438810.3116057669,5.374157509942662
A2,past,14,0,-1,N0,retrieval,1,368,66948.1169053427,426027.7755506574,280082.3691101856,0.6225390240841763
A2,past,14,0,-1,N0,retrieval,2,368,320611.34638324357,763296.9361504263,545805.1879927869,2.364264979332973
A2,past,15,0,-1,N0,encoding,0,205,6898.903094915722,4098.778908176631,3449.0925875578514,0.1632818298715202
A2,past,15,0,-1,N0,encoding,1,205,4988.226948129911,4368.700358629751,3859.7620694286134,0.04638466441990936
A2,past,15,0,-1,N0,encoding,2,205,10634.95278063573,5280.095117721337,4429.275806915545,0.07842469301152279
A2,past,15,0,-1,N0,maintenance,0,362,1860.3578007589833,3322.9640388852763,2042.468199257773,0.044030568591048536
A2,past,15,0,-1,N0,maintenance,1,362,5554.555103140391,2134.3172237946437,12809.521116621308,0.05165085252539559
A2,past,15,0,-1,N0,maintenance,2,362,6155.697611462427,4429.7754889683665,3924.640097509061,0.045393590870447385
A2,past,15,0,-1,N0,retrieval,0,408,1031.9886481790395,3953.410433153651,731.8201666027701,0.024424896619506517
A2,past,15,0,-1,N0,retrieval,1,408,4428.00054775656,2644.7810302985795,16288.424988483133,0.041175215481297274
A2,past,15,0,-1,N0,retrieval,2,408,10155.517204369837,2408.145327847099,9478.788288009344,0.07488922006086551
A2,past,16,0,-1,N0,encoding,0,205,465.3480235748392,833.2739879867365,4177.723037501433,0.011013762009846478
A2,past,16,0,-1,N0,encoding,1,205,5039.821730313366,3624.5441001303175,7497.956697405036,0.0468644354251751
A2,past,16,0,-1,N0,encoding,2,205,1601.8506208573658,2242.6876138299303,4316.188958857566,0.011812430744384237
A2,past,16,0,-1,N0,maintenance,0,363,5034.160404055042,7003.489860892765,5497.213006536518,0.11914748059682671
A2,past,16,0,-1,N0,maintenance,1,363,43361.171898279885,46237.32216136847,31855.202795791334,0.40320807939778125
A2,past,16,0,-1,N0,maintenance,2,363,13872.066958979285,18781.687513044213,11477.898742297844,0.1022959495103848
A2,past,16,0,-1,N0,retrieval,0,365,43298.05351400812,31755.286953563227,54137.95944732699,1.0247694902183022
A2,past,16,0,-1,N0,retrieval,1,365,161395.95127783687,157647.00944201578,270800.50294005946,1.5007931909676087
A2,past,16,0,-1,N0,retrieval,2,365,77824.24031765293,63468.556784070846,148956.29435388188,0.5738946172737088
A2,past,17,0,1,N0,encoding,0,205,13513.654644701848,3477.3600390357146,1564.1948544116917,0.3198384189893656
A2,past,17,0,1,N0,encoding,1,205,35067.22652375208,3855.3447458150454,4810.913004374084,0.32608410791152787
A2,past,17,0,1,N0,encoding,2,205,15414.658785924428,3404.295769056171,2697.469705255866,0.1136713916929335
A2,past,17,0,1,N0,maintenance,0,363,9427.837590806554,58462.29985217812,50280.25079177193,0.22313613517674785
A2,past,17,0,1,N0,maintenance,1,363,17809.75921943422,199381.40518262782,141932.7903998633,0.16560988771822996
A2,past,17,0,1,N0,maintenance,2,363,27034.22230417058,135605.63831990358,89988.68249034394,0.19935684048078142
A2,past,17,0,1,N0,retrieval,0,338,54330.87251945909,195140.04051464924,149623.99808296247,1.2858919978208423
A2,past,17,0,1,N0,retrieval,1,338,109423.89876272876,603733.5165683281,426377.6515698155,1.0175140137780119
A2,past,17,0,1,N0,retrieval,2,338,169174.37523349075,441900.799840706,280829.4557735779,1.2475324260263978
A2,past,2,0,-1,N1,encoding,0,205,8386.08533505761,17704.319062562845,10041.680637797777,0.1984801554867549
A2,past,2,0,-1,N1,encoding,1,205,6342.342218675332,25502.861191340715,19616.95554895514,0.058976349414047786
A2,past,2,0,-1,N1,encoding,2,205,13468.184432422442,39981.3242949262,33437.40089179911,0.09931762287262
A2,past,2,0,-1,N1,maintenance,0,362,78247.01807790216,89270.12535940799,101532.87736181154,1.8519344478349808
A2,past,2,0,-1,N1,maintenance,1,362,179104.2117241956,249270.85338202107,330557.7484352128,1.665459259052712
A2,past,2,0,-1,N1,maintenance,2,362,236610.68150932822,292974.3200044752,380746.0705452436,1.7448239257256986
A2,past,2,0,-1,N1,retrieval,0,480,40681.52563176739,65135.628993483966,95389.40153070005,0.9628420425292664
A2,past,2,0,-1,N1,retrieval,1,480,60640.45462298973,131104.1636054363,232269.3129110626,0.5638851574330705
A2,past,2,0,-1,N1,retrieval,2,480,98154.67509321825,168483.137287682,291660.8940461728,0.7238161203543448
A2,past,3,0,-1,N1,encoding,0,205,3027.8590253282814,726.409480579543,3105.7003615431477,0.07166274920036966
A2,past,3,0,-1,N1,encoding,1,205,3352.841766421553,954.0683523544016,2481.5545668912528,0.031177498900049977
A2,past,3,0,-1,N1,encoding,2,205,6540.178331264012,856.5254137618575,1621.2303964388664,0.048228843930920876
A2,past,3,0,-1,N1,maintenance,0,362,13848.109818809553,13965.033677641288,9984.884899702027,0.3277542357629844
A2,past,3,0,-1,N1,maintenance,1,362,25290.369768101937,31680.80490289129,13306.23991513041,0.23517079855170178
A2,past,3,0,-1,N1,maintenance,2,362,43359.05772412477,40144.82499465216,18812.363127999724,0.31974009301432116
A2,past,3,0,-1,N1,retrieval,0,360,5057.325646617259,8012.891169328908,19012.005797658392,0.11969575082804126
A2,past,3,0,-1,N1,retrieval,1,360,26001.671487035484,29406.782421823416,75296.96418548435,0.24178507089278015
A2,past,3,0,-1,N1,retrieval,2,360,18730.35333295079,28951.09709910813,80876.91920087236,0.13812211868102062
A2,past,4,0,-1,N1,encoding,0,205,2180.2667793968594,572.3128621939094,1997.2363536371865,0.05160210898024714
A2,past,4,0,-1,N1,encoding,1,205,6389.526691193041,481.06218796160175,1507.087574755453,0.05941510970830119
A2,past,4,0,-1,N1,encoding,2,205,9387.184913195462,782.6855593639508,1480.0739407565725,0.06922335343135819
A2,past,4,0,-1,N1,maintenance,0,362,1562.5576772809736,1318.926697364024,2704.2414312330084,0.0369822960717129
A2,past,4,0,-1,N1,maintenance,1,362,2518.468845052644,2689.3939294534944,13990.644977157828,0.023418808615666316
A2,past,4,0,-1,N1,maintenance,2,362,3354.536570117414,7689.548761747011,25337.76095352507,0.02473715738413074
A2,past,4,0,-1,N1,retrieval,0,363,862.981264964843,2198.772435962912,10226.08635277396,0.020424864380562825
A2,past,4,0,-1,N1,retrieval,1,363,3749.1886031774634,3837.801395759074,34373.074836692904,0.03486305996372768
A2,past,4,0,-1,N1,retrieval,2,363,4846.279940531382,7460.692006860506,48688.38213756133,0.03573763085023827
A2,past,5,0,1,N1,encoding,0,205,560.0269668003695,21568.924729032493,12652.680932932577,0.013254603907098147
A2,past,5,0,1,N1,encoding,1,205,11026.588917055065,64967.53886508249,52099.98263116973,0.10253435377587208
A2,past,5,0,1,N1,encoding,2,205,9727.652580073114,63254.575598622534,53812.06898076127,0.07173404368132777
A2,past,5,0,1,N1,maintenance,0,362,37589.08866753791,128745.89376147125,143462.43577856204,0.8896508758561409
A2,past,5,0,1,N1,maintenance,1,362,70904.97543316142,226409.75032172134,304733.9366936679,0.6593331709580942
A2,past,5,0,1,N1,maintenance,2,362,88991.81969720338,232504.00504092238,312160.71365577524,0.6562470265968372
A2,past,5,0,1,N1,retrieval,0,346,6826.222387516647,52743.7806023514,79746.37444584703,0.16156163772833393
A2,past,5,0,1,N1,retrieval,1,346,8411.853748290227,77933.06101914124,159569.89318461943,0.07822038117373109
A2,past,5,0,1,N1,retrieval,2,346,13085.434399901093,89062.37995197842,184862.15705807926,0.09649513231532363
A2,past,6,0,-1,N1,encoding,0,205,2774.9516705601773,4428.347000244747,4132.025360547781,0.0656769895649089
A2,past,6,0,-1,N1,encoding,1,205,2586.533981532177,3484.8615724099436,3680.9008219531793,0.02405173461264448
A2,past,6,0,-1,N1,encoding,2,205,5747.881113459188,9413.011214100992,8043.748616239607,0.04238625418352073
A2,past,6,0,-1,N1,maintenance,0,362,21601.5136441234,18973.766277863306,15214.30936257987,0.5112602144544497
A2,past,6,0,-1,N1,maintenance,1,362,7784.59140954067,20535.98637057796,8937.5922484946,0.07238757657428246
A2,past,6,0,-1,N1,maintenance,2,362,26656.919380049163,23073.53120543711,14153.026902637897,0.19657451820752708
A2,past,6,0,-1,N1,retrieval,0,318,678.1051293820701,578.6943498354115,5074.68156951499,0.01604925375055162
A2,past,6,0,-1,N1,retrieval,1,318,10900.841249688316,2536.7697434168535,26705.65959580302,0.1013650478455195
A2,past,6,0,-1,N1,retrieval,2,318,3859.4198620200864,5779.15873252052,42099.813282479045,0.028460287894518134
A2,past,7,0,1,N1,encoding,0,205,2039.5839685466476,499.1654549699783,1873.1191930791415,0.04827245693686353
A2,past,7,0,1,N1,encoding,1,205,762.0774626680054,828.8630208107691,879.1156314870311,0.007086427248680753
A2,past,7,0,1,N1,encoding,2,205,7251.340903908093,708.6474306878368,1510.10615858168,0.053473127341605
A2,past,7,0,1,N1,maintenance,0,363,7281.717568868979,5141.559407991913,4746.7267992645775,0.17234220468015563
A2,past,7,0,1,N1,maintenance,1,363,8202.542020701752,11574.99567207281,7906.3762857357115,0.07627402742032324
A2,past,7,0,1,N1,maintenance,2,363,17113.688484316157,18842.255671311654,8118.55348085239,0.12620044426723806
A2,past,7,0,1,N1,retrieval,0,312,22887.615984645094,18295.088753019158,36061.00638219853,0.5416994220608282
A2,past,7,0,1,N1,retrieval,1,312,78043.23328166403,55536.274897863106,129008.01152441259,0.725710602917101
A2,past,7,0,1,N1,retrieval,2,312,34577.34786322111,32952.85120330225,99224.90765235049,0.2549816578653065
A2,past,8,0,1,N1,encoding,0,205,2097.378967821021,3488.7557884171306,1779.2889875733147,0.04964033717943392
A2,past,8,0,1,N1,encoding,1,205,7204.553838821803,3591.28037353719,1820.6659145201086,0.06699390697013168
A2,past,8,0,1,N1,encoding,2,205,3485.279823707724,5733.004270998983,3807.6630990967724,0.025701289499960856
A2,past,8,0,1,N1,maintenance,0,362,3533.783527683331,8683.575660684784,7286.6539579854725,0.0836368670253106
A2,past,8,0,1,N1,maintenance,1,362,9379.081082989424,11061.732225895905,6407.529553030427,0.08721446179682811
A2,past,8,0,1,N1,maintenance,2,362,6901.245658838233,22246.88764640641,15068.145279809616,0.05089144102049691
A2,past,8,0,1,N1,retrieval,0,316,670.5028927946379,2394.3819520964066,108.50159752899515,0.015869325567181868
A2,past,8,0,1,N1,retrieval,1,316,858.028750906999,19920.469570686382,476.0293296664913,0.007978661774475992
A2,past,8,0,1,N1,retrieval,2,316,7476.314817326954,29854.315501413508,1534.8512147547126,0.055132138947900096
A2,past,9,0,-1,N1,encoding,0,205,3624.1292436766826,12624.65388720093,5756.025121711348,0.0857751509851649
A2,past,9,0,-1,N1,encoding,1,205,8301.054948529087,38663.465384395284,28911.114721254908,0.07719008219205063
A2,past,9,0,-1,N1,encoding,2,205,12067.574229219608,34198.20444550154,27323.303797336226,0.08898918724336251
A2,past,9,0,-1,N1,maintenance,0,363,12404.734609319883,24038.43873383934,30562.05137253725,0.29359272600495495
A2,past,9,0,-1,N1,maintenance,1,363,46778.95745326493,102393.75317390522,156886.2977897351,0.4349894794174072
A2,past,9,0,-1,N1,maintenance,2,363,49608.92379392014,72681.42373288432,119478.10115545354,0.3658281046864836
A2,past,9,0,-1,N1,retrieval,0,401,1883.0443506999477,5793.642066149461,16525.80955419034,0.04456750922304006
A2,past,9,0,-1,N1,retrieval,1,401,6582.337217074257,30909.033415914655,87562.37894759912,0.06120802162522576
A2,past,9,0,-1,N1,retrieval,2,401,6768.365915284313,12037.909580859507,56461.43416642947,0.0499115539151549
A2,past,10,0,-1,N1,encoding,0,205,2475.6487279992944,25805.444328389676,15522.753884455053,0.058593148630356896
A2,past,10,0,-1,N1,encoding,1,205,54205.16972412776,103683.10952490508,86730.35134924114,0.5040445500220284
A2,past,10,0,-1,N1,encoding,2,205,15272.40898128938,66237.05974089712,56504.99262672224,0.11262240750940561
A2,past,10,0,-1,N1,maintenance,0,362,11593.849610454992,16283.236843178136,19785.98070980331,0.2744008654137254
A2,past,10,0,-1,N1,maintenance,1,362,58596.59654930855,94911.92385052804,139780.43960717844,0.5448796727477425
A2,past,10,0,-1,N1,maintenance,2,362,28355.094896155904,55110.77463263879,85611.43797764795,0.20909727183675328
A2,past,10,0,-1,N1,retrieval,0,319,16188.108238940358,6919.208044447099,14616.113186215674,0.38313684060302117
A2,past,10,0,-1,N1,retrieval,1,319,10068.307769487534,49847.80156068697,119814.08544029926,0.09362346220817595
A2,past,10,0,-1,N1,retrieval,2,319,19760.210763576328,11578.592518167514,44876.19027326145,0.14571653442581867
A2,past,11,0,1,N1,encoding,0,205,1430.7033668926122,5833.904755562515,2840.493514158768,0.03386159517470719
A2,past,11,0,1,N1,encoding,1,205,1578.3521959664206,3710.384974310278,1717.354881565481,0.01467682559506969
A2,past,11,0,1,N1,encoding,2,205,1585.6259114481459,8399.172277053745,5861.104287089991,0.01169278584507297
A2,past,11,0,1,N1,maintenance,0,362,10812.04325197746,9942.725016641556,11595.339223809327,0.25589723214607185
A2,past,11,0,1,N1,maintenance,1,362,27824.227119803098,25914.396779439016,33467.071440944055,0.25873270224388273
A2,past,11,0,1,N1,maintenance,2,362,17078.854665491195,17459.15527040788,23291.337450643972,0.12594357133097636
A2,past,11,0,1,N1,retrieval,0,353,26063.76315248897,32570.28201869697,55150.9217763567,0.6168718247416242
A2,past,11,0,1,N1,retrieval,1,353,101655.89661038965,103214.96245336476,197312.4583416627,0.945280697853109
A2,past,11,0,1,N1,retrieval,2,353,40774.02469187202,56070.99764017845,136929.14496806246,0.3006774393137611
A2,past,12,0,1,N1,encoding,0,205,13274.82585710128,85817.99309361778,65334.366461734426,0.31418586800714393
A2,past,12,0,1,N1,encoding,1,205,206489.58691986362,316754.5891360599,286003.7377074054,1.9201111527362165
A2,past,12,0,1,N1,encoding,2,205,44215.67619677199,215830.4362968699,197524.94756308742,0.3260570031248842
A2,past,12,0,1,N1,maintenance,0,363,61389.92762227671,248339.8870682934,268629.56615549745,1.4529642727164551
A2,past,12,0,1,N1,maintenance,1,363,344127.6745751544,606492.4838469204,730744.1038549104,3.1999840562099062
A2,past,12,0,1,N1,maintenance,2,363,72268.30783529035,384214.1729724352,484382.79128397425,0.5329238383422403
A2,past,12,0,1,N1,retrieval,0,333,30983.805870879845,58372.89510741403,84834.06849349225,0.733318391254054
A2,past,12,0,1,N1,retrieval,1,333,30349.673700761883,137615.22662351196,237278.81463454248,0.2822163956255757
A2,past,12,0,1,N1,retrieval,2,333,82674.95563205754,64612.30427416033,143984.74886082002,0.6096649556348851
A2,past,13,0,1,N1,encoding,0,205,3229.7509046853193,2857.0059340495222,1165.9973072456687,0.07644108497985201
A2,past,13,0,1,N1,encoding,1,205,13082.302391840713,5849.436357905965,3180.9332464801596,0.12165007979695182
A2,past,13,0,1,N1,encoding,2,205,12638.103333855906,4555.813656528475,5372.6292849267675,0.0931964057245494
A2,past,13,0,1,N1,maintenance,0,362,1171.8205282320205,2889.9659052129023,1879.3400062982396,0.02773440900651948
A2,past,13,0,1,N1,maintenance,1,362,15855.767066263881,10129.306448071937,4463.8599819818355,0.14744005077087102
A2,past,13,0,1,N1,maintenance,2,362,18458.666341704455,37401.828938663726,15412.1969399238,0.13611863363287696
A2,past,13,0,1,N1,retrieval,0,321,2733.103590750434,9368.644705955472,2444.3668713813095,0.06468653775627572
A2,past,13,0,1,N1,retrieval,1,321,5962.786274657248,42091.22690683248,10187.566627322482,0.05544692397391996
A2,past,13,0,1,N1,retrieval,2,321,7301.642570702612,18449.506900119675,2889.8076560276827,0.05384406389935926
A2,past,14,0,-1,N1,encoding,0,205,4195.660155262475,936.7399858316709,4401.753083212642,0.09930202790863414
A2,past,14,0,-1,N1,encoding,1,205,24607.86075899344,485.0178953765101,1251.0545264923185,0.22882426466696526
A2,past,14,0,-1,N1,encoding,2,205,5369.199159193775,2504.257132960944,4801.322831776999,0.03959376261117046
A2,past,14,0,-1,N1,maintenance,0,363,28792.359395806707,218878.7874658669,201553.92021219386,0.6814516835191476
A2,past,14,0,-1,N1,maintenance,1,363,25732.251607177328,105300.37309909635,65199.8224452407,0.23927978176996706
A2,past,14,0,-1,N1,maintenance,2,363,26697.444971952864,325412.709367525,248197.24004821526,0.19687336364386457
A2,past,14,0,-1,N1,retrieval,0,368,124528.57071677783,514656.93857588357,438810.3116057669,2.947316786186701
A2,past,14,0,-1,N1,retrieval,1,368,19172.474566167373,426027.7755506574,280082.3691101856,0.17828154334163235
A2,past,14,0,-1,N1,retrieval,2,368,142646.96650243967,763296.9361504263,545805.1879927869,1.0519129504127498
A2,past,15,0,-1,N1,encoding,0,205,4035.4280407733404,4098.778908176631,3449.0925875578514,0.09550968693819055
A2,past,15,0,-1,N1,encoding,1,205,2420.980194188179,4368.700358629751,3859.7620694286134,0.022512278419241867
A2,past,15,0,-1,N1,encoding,2,205,7629.582095621377,5280.095117721337,4429.275806915545,0.05626236862516184
A2,past,15,0,-1,N1,maintenance,0,362,7641.620753298429,3322.9640388852763,2042.468199257773,0.1808603197662388
A2,past,15,0,-1,N1,maintenance,1,362,21236.037609147334,2134.3172237946437,12809.521116621308,0.197470261147232
A2,past,15,0,-1,N1,maintenance,2,362,30510.69279856405,4429.7754889683665,3924.640097509061,0.2249931678731187
A2,past,15,0,-1,N1,retrieval,0,408,11106.649482708857,3953.410433153651,731.8201666027701,0.26286991226399153
A2,past,15,0,-1,N1,retrieval,1,408,23850.35991128597,2644.7810302985795,16288.424988483133,0.22178039457362866
A2,past,15,0,-1,N1,retrieval,2,408,55242.74032068023,2408.145327847099,9478.788288009344,0.4073732192448569
A2,past,16,0,-1,N1,encoding,0,205,1328.1859548434936,833.2739879867365,4177.723037501433,0.03143523399775297
A2,past,16,0,-1,N1,encoding,1,205,9439.339766682593,3624.5441001303175,7497.956697405036,0.08777479693204908
A2,past,16,0,-1,N1,encoding,2,205,4616.955066008287,2242.6876138299303,4316.188958857566,0.03404653421301328
A2,past,16,0,-1,N1,maintenance,0,363,7880.467715673708,7003.489860892765,5497.213006536518,0.18651330090531745
A2,past,16,0,-1,N1,maintenance,1,363,38215.3809781436,46237.32216136847,31855.202795791334,0.3553582547030525
A2,past,16,0,-1,N1,maintenance,2,363,17030.27073154609,18781.687513044213,11477.898742297844,0.1255853017473187
A2,past,16,0,-1,N1,retrieval,0,365,64943.15351990048,31755.286953563227,54137.95944732699,1.5370612977838831
A2,past,16,0,-1,N1,retrieval,1,365,216036.3922057956,157647.00944201578,270800.50294005946,2.0088852530477883
A2,past,16,0,-1,N1,retrieval,2,365,135313.029855228,63468.556784070846,148956.29435388188,0.9978307422462225
A2,past,17,0,1,N1,encoding,0,205,13214.375718268084,3477.3600390357146,1564.1948544116917,0.31275514646360675
A2,past,17,0,1,N1,encoding,1,205,50447.559957811616,3855.3447458150454,4810.913004374084,0.4691031831107071
A2,past,17,0,1,N1,encoding,2,205,16469.255018280986,3404.295769056171,2697.469705255866,0.12144823729625996
A2,past,17,0,1,N1,maintenance,0,363,6917.69725559254,58462.29985217812,50280.25079177193,0.1637266462291339
A2,past,17,0,1,N1,maintenance,1,363,40150.405157753026,199381.40518262782,141932.7903998633,0.3733517117267436
A2,past,17,0,1,N1,maintenance,2,363,9063.236708044851,135605.63831990358,89988.68249034394,0.06683448165499928
A2,past,17,0,1,N1,retrieval,0,338,13800.964473485172,195140.04051464924,149623.99808296247,0.32663840935571636
A2,past,17,0,1,N1,retrieval,1,338,9457.27525178986,603733.5165683281,426377.6515698155,0.0879415759231735
A2,past,17,0,1,N1,retrieval,2,338,42551.324447022234,441900.799840706,280829.4557735779,0.31378367406272045
A2,past,2,0,-1,N2,encoding,0,205,10419.392793706664,17704.319062562845,10041.680637797777,0.2466040612688644
A2,past,2,0,-1,N2,encoding,1,205,9846.311632738461,25502.861191340715,19616.95554895514,0.09155915831569116
A2,past,2,0,-1,N2,encoding,2,205,16447.753737425137,39981.3242949262,33437.40089179911,0.1212896816933104
A2,past,2,0,-1,N2,maintenance,0,362,82583.74984568957,89270.12535940799,101532.87736181154,1.9545753298656519
A2,past,2,0,-1,N2,maintenance,1,362,203082.95797720779,249270.85338202107,330557.7484352128,1.8884334961357117
A2,past,2,0,-1,N2,maintenance,2,362,243953.50341109137,292974.3200044752,380746.0705452436,1.7989716558907625
A2,past,2,0,-1,N2,retrieval,0,480,51127.91389238319,65135.628993483966,95389.40153070005,1.2100850269971548
A2,past,2,0,-1,N2,retrieval,1,480,85388.4615763336,131104.1636054363,232269.3129110626,0.7940126174562756
A2,past,2,0,-1,N2,retrieval,2,480,114288.47689122564,168483.137287682,291660.8940461728,0.8427906451328037
A2,past,3,0,-1,N2,encoding,0,205,1974.831504459479,726.409480579543,3105.7003615431477,0.04673990883763967
A2,past,3,0,-1,N2,encoding,1,205,1998.488727121723,954.0683523544016,2481.5545668912528,0.01858360293516035
A2,past,3,0,-1,N2,encoding,2,205,4210.265503060314,856.5254137618575,1621.2303964388664,0.031047507815523363
A2,past,3,0,-1,N2,maintenance,0,362,13691.731517310638,13965.033677641288,9984.884899702027,0.3240531060515436
A2,past,3,0,-1,N2,maintenance,1,362,23522.229935197727,31680.80490289129,13306.23991513041,0.21872917036405815
A2,past,3,0,-1,N2,maintenance,2,362,40787.00862380062,40144.82499465216,18812.363127999724,0.30077318594250363
A2,past,3,0,-1,N2,retrieval,0,360,6497.7995659157805,8012.891169328908,19012.005797658392,0.1537885934421955
A2,past,3,0,-1,N2,retrieval,1,360,31350.390697767416,29406.782421823416,75296.96418548435,0.2915218908582662
A2,past,3,0,-1,N2,retrieval,2,360,21678.304791100818,28951.09709910813,80876.91920087236,0.15986101991424898
A2,past,4,0,-1,N2,encoding,0,205,1356.5251290095516,572.3128621939094,1997.2363536371865,0.03210595978578322
A2,past,4,0,-1,N2,encoding,1,205,4164.233728741181,481.06218796160175,1507.087574755453,0.03872249319893958
A2,past,4,0,-1,N2,encoding,2,205,5993.136352072603,782.6855593639508,1480.0739407565725,0.04419482514706526
A2,past,4,0,-1,N2,maintenance,0,362,1167.2785289521278,1318.926697364024,2704.2414312330084,0.027626909894922655
A2,past,4,0,-1,N2,maintenance,1,362,2177.845580743019,2689.3939294534944,13990.644977157828,0.020251411467760008
A2,past,4,0,-1,N2,maintenance,2,362,3427.3897409968663,7689.548761747011,25337.76095352507,0.025274394142862783
A2,past,4,0,-1,N2,retrieval,0,363,138.70081075009918,2198.772435962912,10226.08635277396,0.00328274246968768
A2,past,4,0,-1,N2,retrieval,1,363,821.0329584687449,3837.801395759074,34373.074836692904,0.00763464426383719
A2,past,4,0,-1,N2,retrieval,2,363,1561.9137226744149,7460.692006860506,48688.38213756133,0.011517926476764619
A2,past,5,0,1,N2,encoding,0,205,3289.1019185723326,21568.924729032493,12652.680932932577,0.07784579265857611
A2,past,5,0,1,N2,encoding,1,205,22886.157678088148,64967.53886508249,52099.98263116973,0.21281444384907802
A2,past,5,0,1,N2,encoding,2,205,19140.74826972302,63254.575598622534,53812.06898076127,0.14114846939396866
A2,past,5,0,1,N2,maintenance,0,362,62069.492755683044,128745.89376147125,143462.43577856204,1.4690480815441578
A2,past,5,0,1,N2,maintenance,1,362,119847.75148156182,226409.75032172134,304733.9366936679,1.1144436273167266
A2,past,5,0,1,N2,maintenance,2,362,130769.86558728055,232504.00504092238,312160.71365577524,0.9643283590797032
A2,past,5,0,1,N2,retrieval,0,346,14774.317419726678,52743.7806023514,79746.37444584703,0.34967552815367065
A2,past,5,0,1,N2,retrieval,1,346,20890.45949956766,77933.06101914124,159569.89318461943,0.19425678974538865
A2,past,5,0,1,N2,retrieval,2,346,32213.279754245214,89062.37995197842,184862.15705807926,0.23754845251602208
A2,past,6,0,-1,N2,encoding,0,205,2598.7238202355484,4428.347000244747,4132.025360547781,0.06150606478462957
A2,past,6,0,-1,N2,encoding,1,205,2983.655222358322,3484.8615724099436,3680.9008219531793,0.027744496726574468
A2,past,6,0,-1,N2,encoding,2,205,4843.071597152554,9413.011214100992,8043.748616239607,0.03571397175651683
A2,past,6,0,-1,N2,maintenance,0,362,18814.328270327613,18973.766277863306,15214.30936257987,0.44529368009916875
A2,past,6,0,-1,N2,maintenance,1,362,7631.107595591363,20535.98637057796,8937.5922484946,0.07096035698745203
A2,past,6,0,-1,N2,maintenance,2,362,20248.24405463584,23073.53120543711,14153.026902637897,0.14931540898786047
A2,past,6,0,-1,N2,retrieval,0,318,573.253500706533,578.6943498354115,5074.68156951499,0.01356764681107047
A2,past,6,0,-1,N2,retrieval,1,318,13137.798478266288,2536.7697434168535,26705.65959580302,0.12216612835934407
A2,past,6,0,-1,N2,retrieval,2,318,7161.430098490713,5779.15873252052,42099.813282479045,0.0528101034938531
A2,past,7,0,1,N2,encoding,0,205,1405.1197279025598,499.1654549699783,1873.1191930791415,0.033256086830613076
A2,past,7,0,1,N2,encoding,1,205,640.0717801476792,828.8630208107691,879.1156314870311,0.0059519173917968425
A2,past,7,0,1,N2,encoding,2,205,4490.636599222792,708.6474306878368,1510.10615858168,0.03311503153653908
A2,past,7,0,1,N2,maintenance,0,363,6778.864700339968,5141.559407991913,4746.7267992645775,0.16044078565746053
A2,past,7,0,1,N2,maintenance,1,363,9152.63306399101,11574.99567207281,7906.3762857357115,0.08510876061702663
A2,past,7,0,1,N2,maintenance,2,363,17763.9408654954,18842.255671311654,8118.55348085239,0.13099556131438164
A2,past,7,0,1,N2,retrieval,0,312,22292.05760458055,18295.088753019158,36061.00638219853,0.5276038679191963
A2,past,7,0,1,N2,retrieval,1,312,80895.84332063318,55536.274897863106,129008.01152441259,0.7522365330229985
A2,past,7,0,1,N2,retrieval,2,312,37079.272364194694,32952.85120330225,99224.90765235049,0.2734314493194
A2,past,8,0,1,N2,encoding,0,205,2199.9449449588983,3488.7557884171306,1779.2889875733147,0.05206784778499309
A2,past,8,0,1,N2,encoding,1,205,5023.201050365735,3591.28037353719,1820.6659145201086,0.046709882581084744
A2,past,8,0,1,N2,encoding,2,205,3142.30073485748,5733.004270998983,3807.6630990967724,0.023172079421903104
A2,past,8,0,1,N2,maintenance,0,362,4028.590965263677,8683.575660684784,7286.6539579854725,0.09534786843098317
A2,past,8,0,1,N2,maintenance,1,362,4264.858998403921,11061.732225895905,6407.529553030427,0.03965819027407344
A2,past,8,0,1,N2,maintenance,2,362,10077.627118208307,22246.88764640641,15068.145279809616,0.0743148398805434
A2,past,8,0,1,N2,retrieval,0,316,95.64786270509921,2394.3819520964066,108.50159752899515,0.002263774085665616
A2,past,8,0,1,N2,retrieval,1,316,1136.9811772117112,19920.469570686382,476.0293296664913,0.01057259240710578
A2,past,8,0,1,N2,retrieval,2,316,13968.705809251287,29854.315501413508,1534.8512147547126,0.10300858757487795
A2,past,9,0,-1,N2,encoding,0,205,4871.877645875701,12624.65388720093,5756.025121711348,0.11530660541021218
A2,past,9,0,-1,N2,encoding,1,205,13159.651426742386,38663.465384395284,28911.114721254908,0.12236933516853492
A2,past,9,0,-1,N2,encoding,2,205,13541.624151830276,34198.20444550154,27323.303797336226,0.09985918498090682
A2,past,9,0,-1,N2,maintenance,0,363,14854.561354367164,24038.43873383934,30562.05137253725,0.35157472521498984
A2,past,9,0,-1,N2,maintenance,1,363,60191.97576893933,102393.75317390522,156886.2977897351,0.5597148297072336
A2,past,9,0,-1,N2,maintenance,2,363,52492.55695861596,72681.42373288432,119478.10115545354,0.38709270739453594
A2,past,9,0,-1,N2,retrieval,0,401,2340.683673452729,5793.642066149461,16525.80955419034,0.05539882327574894
A2,past,9,0,-1,N2,retrieval,1,401,10870.723872891076,30909.033415914655,87562.37894759912,0.1010849915388449
A2,past,9,0,-1,N2,retrieval,2,401,7399.92354948929,12037.909580859507,56461.43416642947,0.05456881141344803
A2,past,10,0,-1,N2,encoding,0,205,7297.771498059736,25805.444328389676,15522.753884455053,0.1727221657984421
A2,past,10,0,-1,N2,encoding,1,205,77691.97176862684,103683.10952490508,86730.35134924114,0.7224442825240467
A2,past,10,0,-1,N2,encoding,2,205,27492.91674996416,66237.05974089712,56504.99262672224,0.20273936335976897
A2,past,10,0,-1,N2,maintenance,0,362,8966.884560875074,16283.236843178136,19785.98070980331,0.21222639297910748
A2,past,10,0,-1,N2,maintenance,1,362,80570.63583725032,94911.92385052804,139780.43960717844,0.7492124845704291
A2,past,10,0,-1,N2,maintenance,2,362,33113.688221458026,55110.77463263879,85611.43797764795,0.2441882805512453
A2,past,10,0,-1,N2,retrieval,0,319,6557.454544950604,6919.208044447099,14616.113186215674,0.15520049530597607
A2,past,10,0,-1,N2,retrieval,1,319,33249.20159387435,49847.80156068697,119814.08544029926,0.30917860678732123
A2,past,10,0,-1,N2,retrieval,2,319,8267.758710589807,11578.592518167514,44876.19027326145,0.06096843607542466
A2,past,11,0,1,N2,encoding,0,205,2285.9204286980753,5833.904755562515,2840.493514158768,0.05410269798014483
A2,past,11,0,1,N2,encoding,1,205,2212.8192036093083,3710.384974310278,1717.354881565481,0.020576625171360535
A2,past,11,0,1,N2,encoding,2,205,2502.617080966696,8399.172277053745,5861.104287089991,0.018454898705104937
A2,past,11,0,1,N2,maintenance,0,362,11125.855545823279,9942.725016641556,11595.339223809327,0.26332447744439846
A2,past,11,0,1,N2,maintenance,1,362,30428.539165174327,25914.396779439016,33467.071440944055,0.2829497520143549
A2,past,11,0,1,N2,maintenance,2,362,18090.206001564038,17459.15527040788,23291.337450643972,0.13340151869513617
A2,past,11,0,1,N2,retrieval,0,353,31108.4712466996,32570.28201869697,55150.9217763567,0.7362689459154859
A2,past,11,0,1,N2,retrieval,1,353,121430.72230185643,103214.96245336476,197312.4583416627,1.1291634007050244
A2,past,11,0,1,N2,retrieval,2,353,46711.75795507757,56070.99764017845,136929.14496806246,0.34446370879293475
A2,past,12,0,1,N2,encoding,0,205,28241.079987740104,85817.99309361778,65334.366461734426,0.6684041150461333
A2,past,12,0,1,N2,encoding,1,205,255115.757479339,316754.5891360599,286003.7377074054,2.372277549109206
A2,past,12,0,1,N2,encoding,2,205,97816.30386952405,215830.4362968699,197524.94756308742,0.7213208897793235
A2,past,12,0,1,N2,maintenance,0,363,107209.17100893195,248339.8870682934,268629.56615549745,2.537404770078306
A2,past,12,0,1,N2,maintenance,1,363,473405.4004558305,606492.4838469204,730744.1038549104,4.4021153935165
A2,past,12,0,1,N2,maintenance,2,363,171507.16636932374,384214.1729724352,484382.79128397425,1.264734987472728
A2,past,12,0,1,N2,retrieval,0,333,16460.769903545046,58372.89510741403,84834.06849349225,0.38959014121037117
A2,past,12,0,1,N2,retrieval,1,333,61691.05655516279,137615.22662351196,237278.81463454248,0.5736545240977178
A2,past,12,0,1,N2,retrieval,2,333,22717.40852856028,64612.30427416033,143984.74886082002,0.16752362014372674
A2,past,13,0,1,N2,encoding,0,205,2603.4154609947273,2857.0059340495222,1165.9973072456687,0.061617105580205174
A2,past,13,0,1,N2,encoding,1,205,10295.802069778016,5849.436357905965,3180.9332464801596,0.09573889257775287
A2,past,13,0,1,N2,encoding,2,205,8973.324592815188,4555.813656528475,5372.6292849267675,0.06617144814837737
A2,past,13,0,1,N2,maintenance,0,362,938.2381264131014,2889.9659052129023,1879.3400062982396,0.022206028411800638
A2,past,13,0,1,N2,maintenance,1,362,8683.03318923603,10129.306448071937,4463.8599819818355,0.08074203215245522
A2,past,13,0,1,N2,maintenance,2,362,22555.968025547107,37401.828938663726,15412.1969399238,0.16633311914672302
A2,past,13,0,1,N2,retrieval,0,321,4002.489548540065,9368.644705955472,2444.3668713813095,0.0947301054292081
A2,past,13,0,1,N2,retrieval,1,321,8955.616384128087,42091.22690683248,10187.566627322482,0.083276736397681
A2,past,13,0,1,N2,retrieval,2,321,9548.499005724458,18449.506900119675,2889.8076560276827,0.07041292224712706
A2,past,14,0,-1,N2,encoding,0,205,1609.5386647989003,936.7399858316709,4401.753083212642,0.038094232491975355
A2,past,14,0,-1,N2,encoding,1,205,18393.757964140343,485.0178953765101,1251.0545264923185,0.17104039159796972
A2,past,14,0,-1,N2,encoding,2,205,1285.647404469093,2504.257132960944,4801.322831776999,0.009480672373095632
A2,past,14,0,-1,N2,maintenance,0,363,66805.61219171443,218878.7874658669,201553.92021219386,1.5811415893621166
A2,past,14,0,-1,N2,maintenance,1,363,8412.71560892015,105300.37309909635,65199.8224452407,0.07822839546748947
A2,past,14,0,-1,N2,maintenance,2,363,83722.23022165056,325412.709367525,248197.24004821526,0.6173878096880926
A2,past,14,0,-1,N2,retrieval,0,368,211718.96750276524,514656.93857588357,438810.3116057669,5.01092129527625
A2,past,14,0,-1,N2,retrieval,1,368,55572.85346935713,426027.7755506574,280082.3691101856,0.5167624059284869
A2,past,14,0,-1,N2,retrieval,2,368,285852.531049293,763296.9361504263,545805.1879927869,2.1079451368064763
A2,past,15,0,-1,N2,encoding,0,205,3314.043508385294,4098.778908176631,3449.0925875578514,0.07843610511383675
A2,past,15,0,-1,N2,encoding,1,205,2624.9549912278767,4368.700358629751,3859.7620694286134,0.024409004973424124
A2,past,15,0,-1,N2,encoding,2,205,4073.4846175987177,5280.095117721337,4429.275806915545,0.030038852753913516
A2,past,15,0,-1,N2,maintenance,0,362,2722.4006005512783,3322.9640388852763,2042.468199257773,0.06443322156951799
A2,past,15,0,-1,N2,maintenance,1,362,9122.855112524063,2134.3172237946437,12809.521116621308,0.08483186056811756
A2,past,15,0,-1,N2,maintenance,2,362,10063.20884578845,4429.7754889683665,3924.640097509061,0.07420851608093586
A2,past,15,0,-1,N2,retrieval,0,408,2806.918865744284,3953.410433153651,731.8201666027701,0.06643358261364556
A2,past,15,0,-1,N2,retrieval,1,408,9757.439506928582,2644.7810302985795,16288.424988483133,0.09073275170371442
A2,past,15,0,-1,N2,retrieval,2,408,19541.10236526032,2408.145327847099,9478.788288009344,0.14410077653496398
A2,past,16,0,-1,N2,encoding,0,205,1535.0359631857214,833.2739879867365,4177.723037501433,0.03633091776173411
A2,past,16,0,-1,N2,encoding,1,205,10614.97143635952,3624.5441001303175,7497.956697405036,0.09870679362073738
A2,past,16,0,-1,N2,encoding,2,205,6398.193682922365,2242.6876138299303,4316.188958857566,0.04718181507350862
A2,past,16,0,-1,N2,maintenance,0,363,6874.437336451025,7003.489860892765,5497.213006536518,0.16270277929545768
A2,past,16,0,-1,N2,maintenance,1,363,45459.71357811945,46237.32216136847,31855.202795791334,0.4227220575312429
A2,past,16,0,-1,N2,maintenance,2,363,17415.729022166895,18781.687513044213,11477.898742297844,0.12842776364952152
A2,past,16,0,-1,N2,retrieval,0,365,52413.81619300014,31755.286953563227,54137.95944732699,1.2405195000999107
A2,past,16,0,-1,N2,retrieval,1,365,187521.97089834613,157647.00944201578,270800.50294005946,1.7437345537657898
A2,past,16,0,-1,N2,retrieval,2,365,101857.39602745452,63468.556784070846,148956.29435388188,0.7511208727650519
A2,past,17,0,1,N2,encoding,0,205,8721.269167461669,3477.3600390357146,1564.1948544116917,0.2064132179961585
A2,past,17,0,1,N2,encoding,1,205,24513.83178795337,3855.3447458150454,4810.913004374084,0.22794990543816593
A2,past,17,0,1,N2,encoding,2,205,8393.108949401645,3404.295769056171,2697.469705255866,0.061892798806553975
A2,past,17,0,1,N2,maintenance,0,363,5802.388747498971,58462.29985217812,50280.25079177193,0.13732975217694715
A2,past,17,0,1,N2,maintenance,1,363,12123.750659483972,199381.40518262782,141932.7903998633,0.11273667210784115
A2,past,17,0,1,N2,maintenance,2,363,17851.13906217487,135605.63831990358,89988.68249034394,0.13163858173457552
A2,past,17,0,1,N2,retrieval,0,338,45057.85514072628,195140.04051464924,149623.99808296247,1.066420115813142
A2,past,17,0,1,N2,retrieval,1,338,91430.52827758381,603733.5165683281,426377.6515698155,0.8501967564809181
A2,past,17,0,1,N2,retrieval,2,338,139468.01373890883,441900.799840706,280829.4557735779,1.0284705901389946
A2,past,2,0,-1,N3,encoding,0,205,11229.570369912632,17704.319062562845,10041.680637797777,0.2657791787250402
A2,past,2,0,-1,N3,encoding,1,205,12009.651860900782,25502.861191340715,19616.95554895514,0.11167568700471141
A2,past,2,0,-1,N3,encoding,2,205,19280.297849884588,39981.3242949262,33437.40089179911,0.14217754147447526
A2,past,2,0,-1,N3,maintenance,0,362,75112.31938199134,89270.12535940799,101532.87736181154,1.7777430391251818
A2,past,2,0,-1,N3,maintenance,1,362,188393.9047588697,249270.85338202107,330557.7484352128,1.7518425167629228
A2,past,2,0,-1,N3,maintenance,2,362,223495.48233112783,292974.3200044752,380746.0705452436,1.648109300794956
A2,past,2,0,-1,N3,retrieval,0,480,55662.83226151893,65135.628993483966,95389.40153070005,1.3174165490439214
A2,past,2,0,-1,N3,retrieval,1,480,95568.92178480166,131104.1636054363,232269.3129110626,0.8886789659044082
A2,past,2,0,-1,N3,retrieval,2,480,125883.15986473819,168483.137287682,291660.8940461728,0.9282926188152195
A2,past,3,0,-1,N3,encoding,0,205,1949.6666294230472,726.409480579543,3105.7003615431477,0.04614431171329898
A2,past,3,0,-1,N3,encoding,1,205,1995.415549418642,954.0683523544016,2481.5545668912528,0.018555025984283324
A2,past,3,0,-1,N3,encoding,2,205,3890.71575793728,856.5254137618575,1621.2303964388664,0.02869107133854954
A2,past,3,0,-1,N3,maintenance,0,362,17037.734740883487,13965.033677641288,9984.884899702027,0.4032456271790859
A2,past,3,0,-1,N3,maintenance,1,362,28674.383761653502,31680.80490289129,13306.23991513041,0.2666381626302375
A2,past,3,0,-1,N3,maintenance,2,362,49775.083131089654,40144.82499465216,18812.363127999724,0.3670534034985519
A2,past,3,0,-1,N3,retrieval,0,360,8351.036750050973,8012.891169328908,19012.005797658392,0.19765063273283934
A2,past,3,0,-1,N3,retrieval,1,360,38284.89617677863,29406.782421823416,75296.96418548435,0.356004664578605
A2,past,3,0,-1,N3,retrieval,2,360,27825.56311532569,28951.09709910813,80876.91920087236,0.2051923774561153
A2,past,4,0,-1,N3,encoding,0,205,1449.0165019853569,572.3128621939094,1997.2363536371865,0.034295026717010096
A2,past,4,0,-1,N3,encoding,1,205,4034.3430019797793,481.06218796160175,1507.087574755453,0.03751466167187874
A2,past,4,0,-1,N3,encoding,2,205,5894.163912749142,782.6855593639508,1480.0739407565725,0.04346497863710455
A2,past,4,0,-1,N3,maintenance,0,362,1087.7864870777,1318.926697364024,2704.2414312330084,0.02574550847807341
A2,past,4,0,-1,N3,maintenance,1,362,2041.7568420905325,2689.3939294534944,13990.644977157828,0.018985945694176692
A2,past,4,0,-1,N3,maintenance,2,362,2132.583927202932,7689.548761747011,25337.76095352507,0.015726185462405035
A2,past,4,0,-1,N3,retrieval,0,363,274.2610870663458,2198.772435962912,10226.08635277396,0.006491155411611464
A2,past,4,0,-1,N3,retrieval,1,363,628.7717543754186,3837.801395759074,34373.074836692904,0.00584684039573532
A2,past,4,0,-1,N3,retrieval,2,363,1068.8746674817078,7460.692006860506,48688.38213756133,0.007882138209177414
A2,past,5,0,1,N3,encoding,0,205,3743.79792484254,21568.924729032493,12652.680932932577,0.0886074448977251
A2,past,5,0,1,N3,encoding,1,205,23615.49881940372,64967.53886508249,52099.98263116973,0.2195964616761217
A2,past,5,0,1,N3,encoding,2,205,19833.365403583724,63254.575598622534,53812.06898076127,0.1462559942902193
A2,past,5,0,1,N3,maintenance,0,362,55361.76185944959,128745.89376147125,143462.43577856204,1.310290876238593
A2,past,5,0,1,N3,maintenance,1,362,108619.38575005913,226409.75032172134,304733.9366936679,1.0100329856487444
A2,past,5,0,1,N3,maintenance,2,362,116013.60239637525,232504.00504092238,312160.71365577524,0.8555121344462351
A2,past,5,0,1,N3,retrieval,0,346,16812.475670291562,52743.7806023514,79746.37444584703,0.3979142414884368
A2,past,5,0,1,N3,retrieval,1,346,24598.953866308704,77933.06101914124,159569.89318461943,0.2287414410038678
A2,past,5,0,1,N3,retrieval,2,346,39669.27926294439,89062.37995197842,184862.15705807926,0.2925307815046839
A2,past,6,0,-1,N3,encoding,0,205,3391.1077591028234,4428.347000244747,4132.025360547781,0.0802600460652772
A2,past,6,0,-1,N3,encoding,1,205,4245.068803776116,3484.8615724099436,3680.9008219531793,0.03947416465812594
A2,past,6,0,-1,N3,encoding,2,205,6807.655764242153,9413.011214100992,8043.748616239607,0.05020128668656864
A2,past,6,0,-1,N3,maintenance,0,362,22789.762201670837,18973.766277863306,15214.30936257987,0.5393834387046246
A2,past,6,0,-1,N3,maintenance,1,362,10781.777590681615,20535.98637057796,8937.5922484946,0.10025789535926326
A2,past,6,0,-1,N3,maintenance,2,362,27018.450267657587,23073.53120543711,14153.026902637897,0.19924053369999817
A2,past,6,0,-1,N3,retrieval,0,318,909.6095634928228,578.6943498354115,5074.68156951499,0.021528453429821254
A2,past,6,0,-1,N3,retrieval,1,318,17283.047408629314,2536.7697434168535,26705.65959580302,0.16071208518353416
A2,past,6,0,-1,N3,retrieval,2,318,10025.364389606597,5779.15873252052,42099.813282479045,0.07392944198258593
A2,past,7,0,1,N3,encoding,0,205,1135.2082229106452,499.1654549699783,1873.1191930791415,0.026867876439466223
A2,past,7,0,1,N3,encoding,1,205,681.2279079230261,828.8630208107691,879.1156314870311,0.006334621145161168
A2,past,7,0,1,N3,encoding,2,205,3849.47779413911,708.6474306878368,1510.10615858168,0.02838697270097209
A2,past,7,0,1,N3,maintenance,0,363,7178.932379014459,5141.559407991913,4746.7267992645775,0.16990950579277647
A2,past,7,0,1,N3,maintenance,1,363,10385.713088671404,11574.99567207281,7906.3762857357115,0.09657495967782447
A2,past,7,0,1,N3,maintenance,2,363,22975.60259550748,18842.255671311654,8118.55348085239,0.16942760513128585
A2,past,7,0,1,N3,retrieval,0,312,26339.591429937187,18295.088753019158,36061.00638219853,0.6234000720952139
A2,past,7,0,1,N3,retrieval,1,312,91887.22404496501,55536.274897863106,129008.01152441259,0.8544434918705162
A2,past,7,0,1,N3,retrieval,2,312,46761.17728818865,32952.85120330225,99224.90765235049,0.3448281388104452
A2,past,8,0,1,N3,encoding,0,205,2636.8115167733818,3488.7557884171306,1779.2889875733147,0.06240751660975693
A2,past,8,0,1,N3,encoding,1,205,5679.864870481502,3591.28037353719,1820.6659145201086,0.05281608649872822
A2,past,8,0,1,N3,encoding,2,205,3902.019739235585,5733.004270998983,3807.6630990967724,0.028774429608342856
A2,past,8,0,1,N3,maintenance,0,362,5126.047172317784,8683.575660684784,7286.6539579854725,0.12132223786714956
A2,past,8,0,1,N3,maintenance,1,362,4127.945859488872,11061.732225895905,6407.529553030427,0.03838505854424469
A2,past,8,0,1,N3,maintenance,2,362,13689.645191118725,22246.88764640641,15068.145279809616,0.100950727633224
A2,past,8,0,1,N3,retrieval,0,316,317.5501695475058,2394.3819520964066,108.50159752899515,0.007515712577255972
A2,past,8,0,1,N3,retrieval,1,316,297.4124310360161,19920.469570686382,476.0293296664913,0.0027655870415212243
A2,past,8,0,1,N3,retrieval,2,316,8573.491626424944,29854.315501413508,1534.8512147547126,0.06322298393872558
A2,past,9,0,-1,N3,encoding,0,205,5068.425486110113,12624.65388720093,5756.025121711348,0.11995845956285577
A2,past,9,0,-1,N3,encoding,1,205,14205.60781471434,38663.465384395284,28911.114721254908,0.13209550371668577
A2,past,9,0,-1,N3,encoding,2,205,14731.941556190837,34198.20444550154,27323.303797336226,0.10863687106459331
A2,past,9,0,-1,N3,maintenance,0,363,12069.484758267337,24038.43873383934,30562.05137253725,0.2856581009796585
A2,past,9,0,-1,N3,maintenance,1,363,52893.13364596133,102393.75317390522,156886.2977897351,0.49184415220023747
A2,past,9,0,-1,N3,maintenance,2,363,43958.3163274512,72681.42373288432,119478.10115545354,0.32415916971073694
A2,past,9,0,-1,N3,retrieval,0,401,2583.5689782370423,5793.642066149461,16525.80955419034,0.061147383078438707
A2,past,9,0,-1,N3,retrieval,1,401,13298.72323952691,30909.033415914655,87562.37894759912,0.12366254003538588
A2,past,9,0,-1,N3,retrieval,2,401,8321.912703679784,12037.909580859507,56461.43416642947,0.06136778061141195
A2,past,10,0,-1,N3,encoding,0,205,8006.3840059194545,25805.444328389676,15522.753884455053,0.18949346195397904
A2,past,10,0,-1,N3,encoding,1,205,79669.41930506659,103683.10952490508,86730.35134924114,0.7408322270461221
A2,past,10,0,-1,N3,encoding,2,205,29627.4942891828,66237.05974089712,56504.99262672224,0.2184802501954233
A2,past,10,0,-1,N3,maintenance,0,362,9443.379314707221,16283.236843178136,19785.98070980331,0.2235039735248077
A2,past,10,0,-1,N3,maintenance,1,362,74277.59187479534,94911.92385052804,139780.43960717844,0.6906945511617169
A2,past,10,0,-1,N3,maintenance,2,362,30999.49721147581,55110.77463263879,85611.43797764795,0.2285977288726825
A2,past,10,0,-1,N3,retrieval,0,319,6468.688993885686,6919.208044447099,14616.113186215674,0.15309961036701886
A2,past,10,0,-1,N3,retrieval,1,319,40097.61583372373,49847.80156068697,119814.08544029926,0.37286083288231353
A2,past,10,0,-1,N3,retrieval,2,319,8467.930902083652,11578.592518167514,44876.19027326145,0.062444553834586934
A2,past,11,0,1,N3,encoding,0,205,2842.2315122945665,5833.904755562515,2840.493514158768,0.06726935512226156
A2,past,11,0,1,N3,encoding,1,205,2538.468438461437,3710.384974310278,1717.354881565481,0.023604781394861794
A2,past,11,0,1,N3,encoding,2,205,3357.987997612802,8399.172277053745,5861.104287089991,0.024762609038440873
A2,past,11,0,1,N3,maintenance,0,362,10916.386356507152,9942.725016641556,11595.339223809327,0.2583668034398966
A2,past,11,0,1,N3,maintenance,1,362,29737.869200991132,25914.396779439016,33467.071440944055,0.276527330812056
A2,past,11,0,1,N3,maintenance,2,362,20091.457613302802,17459.15527040788,23291.337450643972,0.14815922815814386
A2,past,11,0,1,N3,retrieval,0,353,36040.595139691744,32570.28201869697,55150.9217763567,0.8530014472017124
A2,past,11,0,1,N3,retrieval,1,353,135320.06643508485,103214.96245336476,197312.4583416627,1.2583180228446542
A2,past,11,0,1,N3,retrieval,2,353,57100.68337042273,56070.99764017845,136929.14496806246,0.421074136993571
A2,past,12,0,1,N3,encoding,0,205,29391.99919341169,85817.99309361778,65334.366461734426,0.6956438358178063
A2,past,12,0,1,N3,encoding,1,205,256540.60653967777,316754.5891360599,286003.7377074054,2.385526975448482
A2,past,12,0,1,N3,encoding,2,205,99404.56106125539,215830.4362968699,197524.94756308742,0.7330330793164194
A2,past,12,0,1,N3,maintenance,0,363,98600.3135553844,248339.8870682934,268629.56615549745,2.3336520895754806
A2,past,12,0,1,N3,maintenance,1,363,450868.1290162183,606492.4838469204,730744.1038549104,4.192545182790876
A2,past,12,0,1,N3,maintenance,2,363,154959.13485110167,384214.1729724352,484382.79128397425,1.142705833368295
A2,past,12,0,1,N3,retrieval,0,333,15043.752657117535,58372.89510741403,84834.06849349225,0.35605246634047744
A2,past,12,0,1,N3,retrieval,1,333,66960.50738895324,137615.22662351196,237278.81463454248,0.6226542410601178
A2,past,12,0,1,N3,retrieval,2,333,17923.392131086042,64612.30427416033,143984.74886082002,0.13217139319743562
A2,past,13,0,1,N3,encoding,0,205,1506.1503096148758,2857.0059340495222,1165.9973072456687,0.035647258010728426
A2,past,13,0,1,N3,encoding,1,205,8623.875247731648,5849.436357905965,3180.9332464801596,0.08019193262952108
A2,past,13,0,1,N3,encoding,2,205,6216.294736212051,4555.813656528475,5372.6292849267675,0.045840448604928655
A2,past,13,0,1,N3,maintenance,0,362,1486.4678556815038,2889.9659052129023,1879.3400062982396,0.0351814177096853
A2,past,13,0,1,N3,maintenance,1,362,7532.022930404587,10129.306448071937,4463.8599819818355,0.07003898572835751
A2,past,13,0,1,N3,maintenance,2,362,29420.260907135707,37401.828938663726,15412.1969399238,0.21695206152322008
A2,past,13,0,1,N3,retrieval,0,321,2415.0816863273762,9368.644705955472,2444.3668713813095,0.057159660254301345
A2,past,13,0,1,N3,retrieval,1,321,6463.435432317439,42091.22690683248,10187.566627322482,0.06010237437977698
A2,past,13,0,1,N3,retrieval,2,321,5538.014007040728,18449.506900119675,2889.8076560276827,0.04083864379600188
A2,past,14,0,-1,N3,encoding,0,205,1968.1808569170237,936.7399858316709,4401.753083212642,0.04658250266949636
A2,past,14,0,-1,N3,encoding,1,205,19934.687056415718,485.0178953765101,1251.0545264923185,0.18536922618855808
A2,past,14,0,-1,N3,encoding,2,205,2140.8194323889975,2504.257132960944,4801.322831776999,0.01578691605325336
A2,past,14,0,-1,N3,maintenance,0,363,73826.8561734667,218878.7874658669,201553.92021219386,1.7473189583644149
A2,past,14,0,-1,N3,maintenance,1,363,7480.594923965974,105300.37309909635,65199.8224452407,0.0695607655420578
A2,past,14,0,-1,N3,maintenance,2,363,96766.4277280501,325412.709367525,248197.24004821526,0.7135788512584625
A2,past,14,0,-1,N3,retrieval,0,368,203127.89352950186,514656.93857588357,438810.3116057669,4.807589510553861
A2,past,14,0,-1,N3,retrieval,1,368,46342.33757495026,426027.7755506574,280082.3691101856,0.4309294262672031
A2,past,14,0,-1,N3,retrieval,2,368,264895.085498809,763296.9361504263,545805.1879927869,1.9533999058586655
A2,past,15,0,-1,N3,encoding,0,205,4494.723759297353,4098.778908176631,3449.0925875578514,0.10638020422781942
A2,past,15,0,-1,N3,encoding,1,205,4238.933232975575,4368.700358629751,3859.7620694286134,0.03941711104056464
A2,past,15,0,-1,N3,encoding,2,205,6449.050004383047,5280.095117721337,4429.275806915545,0.04755684178782663
A2,past,15,0,-1,N3,maintenance,0,362,2393.1466834738885,3322.9640388852763,2042.468199257773,0.0566405070853296
A2,past,15,0,-1,N3,maintenance,1,362,6800.111991817303,2134.3172237946437,12809.521116621308,0.06323307179848715
A2,past,15,0,-1,N3,maintenance,2,362,7624.372079871813,4429.7754889683665,3924.640097509061,0.056223948719199626
A2,past,15,0,-1,N3,retrieval,0,408,3494.84461694518,3953.410433153651,731.8201666027701,0.08271526883628624
A2,past,15,0,-1,N3,retrieval,1,408,12860.033501038957,2644.7810302985795,16288.424988483133,0.11958323961144465
A2,past,15,0,-1,N3,retrieval,2,408,25759.689174607396,2408.145327847099,9478.788288009344,0.18995812743703325
A2,past,16,0,-1,N3,encoding,0,205,1246.908936529509,833.2739879867365,4177.723037501433,0.02951158612297867
A2,past,16,0,-1,N3,encoding,1,205,9573.148181550569,3624.5441001303175,7497.956697405036,0.08901905836697391
A2,past,16,0,-1,N3,encoding,2,205,5116.995412324387,2242.6876138299303,4316.188958857566,0.037733951680876385
A2,past,16,0,-1,N3,maintenance,0,363,7186.6203337001025,7003.489860892765,5497.213006536518,0.17009146273459327
A2,past,16,0,-1,N3,maintenance,1,363,49408.09748698183,46237.32216136847,31855.202795791334,0.45943740038111314
A2,past,16,0,-1,N3,maintenance,2,363,19072.11332149369,18781.687513044213,11477.898742297844,0.14064233882096341
A2,past,16,0,-1,N3,retrieval,0,365,56789.20319311143,31755.286953563227,54137.95944732699,1.344075266276818
A2,past,16,0,-1,N3,retrieval,1,365,204970.57270924334,157647.00944201578,270800.50294005946,1.905986100860798
A2,past,16,0,-1,N3,retrieval,2,365,114801.75823159592,63468.556784070846,148956.29435388188,0.8465757048671897
A2,past,17,0,1,N3,encoding,0,205,8025.199028861537,3477.3600390357146,1564.1948544116917,0.18993877207542753
A2,past,17,0,1,N3,encoding,1,205,23675.272101377905,3855.3447458150454,4810.913004374084,0.22015228314424645
A2,past,17,0,1,N3,encoding,2,205,6797.038132553032,3404.295769056171,2697.469705255866,0.05012298972344108
A2,past,17,0,1,N3,maintenance,0,363,6930.736255033398,58462.29985217812,50280.25079177193,0.1640352506056711
A2,past,17,0,1,N3,maintenance,1,363,12981.469059163725,199381.40518262782,141932.7903998633,0.12071244797963515
A2,past,17,0,1,N3,maintenance,2,363,22748.92602313781,135605.63831990358,89988.68249034394,0.1677560377094385
A2,past,17,0,1,N3,retrieval,0,338,39029.8621187288,195140.04051464924,149623.99808296247,0.9237508077299669
A2,past,17,0,1,N3,retrieval,1,338,78887.0852628439,603733.5165683281,426377.6515698155,0.7335574373482767
A2,past,17,0,1,N3,retrieval,2,338,120354.27693363078,441900.799840706,280829.4557735779,0.8875213097635939
A2,past,24,1,1,B0,encoding,0,205,129.59141129593104,229.32359347545744,2776.6576304927075,0.002864244395458853
A2,past,24,1,1,B0,encoding,1,205,1171.3020574537315,138.35359227026248,933.1854133691994,0.011876281009503246
A2,past,24,1,1,B0,encoding,2,205,662.9482492192437,192.37983886251655,1355.4328454257409,0.0049158814316745325
A2,past,24,1,1,B0,maintenance,0,363,851.3365739972659,3503.878062294219,1851.1047249081169,0.01881633965041457
A2,past,24,1,1,B0,maintenance,1,363,3363.95961017514,819.7857033246984,4998.248940034023,0.03410847729740039
A2,past,24,1,1,B0,maintenance,2,363,1605.6497739382562,7477.799058825393,2221.9759518452424,0.011906184108293997
A2,past,24,1,1,B0,retrieval,0,333,7755.651527140123,18517.160272369234,7713.3289397895005,0.17141630913344705
A2,past,24,1,1,B0,retrieval,1,333,32396.114954407694,43428.75716983631,24206.123494365693,0.3284766404757334
A2,past,24,1,1,B0,retrieval,2,333,27717.047893908904,59783.77920520817,19689.3667234098,0.20552693402986874
A2,past,25,1,-1,B0,encoding,0,205,5719.738343319107,8515.221124110856,4619.364475916302,0.12641831992964228
A2,past,25,1,-1,B0,encoding,1,205,12047.62788703433,7426.778389602292,3996.5004555711325,0.12215552203108757
A2,past,25,1,-1,B0,encoding,2,205,22241.55669566914,22181.21582586897,16595.42896727478,0.16492517432626558
A2,past,25,1,-1,B0,maintenance,0,362,5362.594590944027,4468.871188780106,4417.19568404473,0.11852468731245054
A2,past,25,1,-1,B0,maintenance,1,362,2986.3702061765316,2978.4023841130775,4067.72802336589,0.030279953442634202
A2,past,25,1,-1,B0,maintenance,2,362,9151.992895839576,8958.474087458017,18054.48186715186,0.06786368618132717
A2,past,25,1,-1,B0,retrieval,0,289,545.9877076756229,1444.3878279796884,8004.159923138176,0.012067483609142792
A2,past,25,1,-1,B0,retrieval,1,289,13922.220906533325,2847.001943086191,20090.554332998534,0.14116273996974704
A2,past,25,1,-1,B0,retrieval,2,289,4374.291253805788,2736.3611033584257,28870.787744930727,0.03243616251592025
A2,past,26,1,-1,B0,encoding,0,205,3125.812977955998,1232.8013297910386,1861.7013861917792,0.06908708080135034
A2,past,26,1,-1,B0,encoding,1,205,1002.6769143044583,2646.227477607035,6339.727316030882,0.010166525978711295
A2,past,26,1,-1,B0,encoding,2,205,4216.1460427574575,1529.543444534078,1443.6251835836836,0.03126348711114121
A2,past,26,1,-1,B0,maintenance,0,363,1122.1581620305421,5127.616067639473,2737.74165535686,0.024802069784352346
A2,past,26,1,-1,B0,maintenance,1,363,10307.1828809541,37707.35613882725,17895.315877049852,0.10450848227540795
A2,past,26,1,-1,B0,maintenance,2,363,2338.0863748094985,10938.125974381264,2030.4433208570813,0.01733733426268713
A2,past,26,1,-1,B0,retrieval,0,300,2885.287122155206,592.2791656660216,1098.745652635606,0.06377095045327387
A2,past,26,1,-1,B0,retrieval,1,300,4111.280053497377,5295.184421636819,762.6251720913923,0.04168584603210187
A2,past,26,1,-1,B0,retrieval,2,300,4730.201156722878,746.1743401197351,8758.80713562254,0.03507529895705231
A2,past,27,1,1,B0,encoding,0,205,4310.059117218506,6002.2106099380335,2583.412718751079,0.09526142625608594
A2,past,27,1,1,B0,encoding,1,205,63271.06216814965,19535.50548553919,11824.389696558246,0.6415295775303268
A2,past,27,1,1,B0,encoding,2,205,15397.792551360422,17956.65372946352,12693.853304921191,0.11417742271912462
A2,past,27,1,1,B0,maintenance,0,362,10194.070320780509,11788.77474126416,9441.579414033602,0.22531052398628976
A2,past,27,1,1,B0,maintenance,1,362,22768.204794185345,71673.1266373823,49609.70262225812,0.23085556496458687
A2,past,27,1,1,B0,maintenance,2,362,22742.169176692394,28862.881427277436,20118.6650208863,0.16863730661234524
A2,past,27,1,1,B0,retrieval,0,331,10176.205743320003,14137.744728025431,4356.734874139406,0.22491567902429108
A2,past,27,1,1,B0,retrieval,1,331,77110.46626462338,270368.9933563132,182110.35386066453,0.7818526060846286
A2,past,27,1,1,B0,retrieval,2,331,42384.78778782262,59829.11864336328,16070.228315436889,0.3142908839671985
A2,past,28,1,1,B0,encoding,0,205,12250.014231451867,15049.461341656217,8635.468085949129,0.27075123463702017
A2,past,28,1,1,B0,encoding,1,205,41046.376323432494,42642.38154352623,32034.313283549276,0.41618495975207587
A2,past,28,1,1,B0,encoding,2,205,16427.44344449774,20760.225155603264,15661.347925444163,0.12181247072270852
A2,past,28,1,1,B0,maintenance,0,362,4706.040197712419,7755.822471764093,11647.77451108604,0.10401344600161092
A2,past,28,1,1,B0,maintenance,1,362,28984.765693202182,32633.867382875767,57956.33650481008,0.2938876613223025
A2,past,28,1,1,B0,maintenance,2,362,4176.784012095912,7418.184099059508,23028.394126819865,0.030971610519159885
A2,past,28,1,1,B0,retrieval,0,346,2739.439841797369,1155.5401113892754,2440.7479092453827,0.060547416955333104
A2,past,28,1,1,B0,retrieval,1,346,11538.67097999878,9220.73521529407,5191.324007295632,0.11699501265503323
A2,past,28,1,1,B0,retrieval,2,346,6203.818231951133,2587.3096009416513,8141.4568737877435,0.04600243667261992
A2,past,29,1,1,B0,encoding,0,205,21810.43526562684,8526.1248373425,3760.8999932433426,0.48205676863441393
A2,past,29,1,1,B0,encoding,1,205,90546.46138409276,7277.208124862353,2965.1397466702488,0.9180853162260395
A2,past,29,1,1,B0,encoding,2,205,34505.91422176554,9473.131620515456,5834.125435209007,0.2558676083774286
A2,past,29,1,1,B0,maintenance,0,362,10725.711956753446,41507.59494374317,35067.385242962366,0.237060929055579
A2,past,29,1,1,B0,maintenance,1,362,35962.11467785915,264839.3874161322,211389.30148805917,0.36463368000794943
A2,past,29,1,1,B0,maintenance,2,362,30537.026020903653,124510.30962115477,87403.88060775834,0.2264375829810471
A2,past,29,1,1,B0,retrieval,0,402,8377.880686045071,82443.1715113308,54778.987839143985,0.1851688901360164
A2,past,29,1,1,B0,retrieval,1,402,101655.12769002671,719965.9281710618,569841.5419107069,1.030720346490454
A2,past,29,1,1,B0,retrieval,2,402,71133.84970721295,311818.5282959268,193629.70123643067,0.5274703890553161
A2,past,32,1,-1,B0,encoding,0,205,12129.743173196628,13556.100198927072,6627.270168023572,0.2680929897649366
A2,past,32,1,-1,B0,encoding,1,205,18741.744773708364,15474.395061731148,9161.004052858547,0.19002974179420135
A2,past,32,1,-1,B0,encoding,2,205,25684.868024701533,20645.893645123037,14853.517604236084,0.19045795195377996
A2,past,32,1,-1,B0,maintenance,0,362,24944.232900563824,29515.734471420095,37360.36988261594,0.5513203272499864
A2,past,32,1,-1,B0,maintenance,1,362,15309.333320307473,11912.60912373752,27493.89323716519,0.15522720499217177
A2,past,32,1,-1,B0,maintenance,2,362,37849.667865034535,39457.28624796139,73376.26144989718,0.2806621477195246
A2,past,32,1,-1,B0,retrieval,0,274,40245.64491680501,57376.4040585655,85540.68614139727,0.8895139094623413
A2,past,32,1,-1,B0,retrieval,1,274,94767.11561102966,97972.23112256451,159546.51023905491,0.9608801489714182
A2,past,32,1,-1,B0,retrieval,2,274,42994.375739271774,71949.9062793917,148892.0875083704,0.31881108911900424
A2,past,35,1,-1,B0,encoding,0,205,9863.468488790664,13525.570762059724,6499.925678070492,0.21800352397034745
A2,past,35,1,-1,B0,encoding,1,205,11135.941368122169,9118.18365522034,4550.486060911154,0.11291158258585678
A2,past,35,1,-1,B0,encoding,2,205,14778.747462639958,18685.836981896715,13034.940234586475,0.10958709118028397
A2,past,35,1,-1,B0,maintenance,0,362,10590.563356081799,19712.111139686418,26196.153984595127,0.23407385901631614
A2,past,35,1,-1,B0,maintenance,1,362,18250.56668747123,14399.963114336182,32765.458451895855,0.18504949870426496
A2,past,35,1,-1,B0,maintenance,2,362,16744.897903988316,33031.97129714013,64369.07539667214,0.1241664530805319
A2,past,35,1,-1,B0,retrieval,0,349,7837.657036054232,5900.106738063526,11203.514928199682,0.17322880439802607
A2,past,35,1,-1,B0,retrieval,1,349,83066.78149913801,85595.45643494252,80833.2754550545,0.8422459717891669
A2,past,35,1,-1,B0,retrieval,2,349,16613.051353996594,12071.419787083467,34724.91054201375,0.12318878701429221
A2,past,36,1,1,B0,encoding,0,205,2478.5751280587474,5477.11234131991,2179.940382664916,0.05478175481131504
A2,past,36,1,1,B0,encoding,1,205,6171.563707458541,10254.68050566144,5838.966019599405,0.06257585256630066
A2,past,36,1,1,B0,encoding,2,205,4272.162691453266,10159.118565781304,6548.85529511342,0.031678860714605225
A2,past,36,1,1,B0,maintenance,0,363,8543.421405111632,25203.631429336176,32328.40737498775,0.18882769029927626
A2,past,36,1,1,B0,maintenance,1,363,36412.55977902987,71674.3171169821,108276.01306055693,0.3692009157323423
A2,past,36,1,1,B0,maintenance,2,363,11462.95595473436,43696.4110687689,78608.75914581571,0.08499989614022796
A2,past,36,1,1,B0,retrieval,0,277,14355.07644274382,49943.041658201786,76490.72498044072,0.31727756366214827
A2,past,36,1,1,B0,retrieval,1,277,65542.58836682545,146421.79467504873,226901.472144716,0.6645614532828273
A2,past,36,1,1,B0,retrieval,2,277,10376.491334661976,68573.4552614682,144580.36049938388,0.07694356405356026
A2,past,37,1,1,B0,encoding,0,205,25203.71981672779,48685.46406213779,34916.03815481027,0.557055537152287
A2,past,37,1,1,B0,encoding,1,205,98233.98452580908,281994.2981070338,253372.06072015618,0.9960320631962922
A2,past,37,1,1,B0,encoding,2,205,34916.953697092664,87456.88088977372,75710.07494457759,0.2589155405905775
A2,past,37,1,1,B0,maintenance,0,362,50506.43264627253,163596.4932880929,181426.3410279002,1.1162990293497046
A2,past,37,1,1,B0,maintenance,1,362,286443.3987533066,988554.1631249924,1117263.8937564078,2.904359533275935
A2,past,37,1,1,B0,maintenance,2,362,88389.3294759763,337067.39105824963,425835.77231330355,0.6554228992094631
A2,past,37,1,1,B0,retrieval,0,319,10439.140856920178,108619.29532676963,146114.50665458743,0.230727101386062
A2,past,37,1,1,B0,retrieval,1,319,39139.26874053605,541614.9302140332,687058.2298406934,0.3968480641787261
A2,past,37,1,1,B0,retrieval,2,319,11634.694998036468,197114.85097709956,314893.8486465799,0.08627337227513994
A2,past,24,1,1,N0,encoding,0,205,152.90801211992192,229.32359347545744,2776.6576304927075,0.0033795906098677713
A2,past,24,1,1,N0,encoding,1,205,1110.117334742978,138.35359227026248,933.1854133691994,0.01125590562829621
A2,past,24,1,1,N0,encoding,2,205,543.5549018613464,192.37983886251655,1355.4328454257409,0.004030558120189246
A2,past,24,1,1,N0,maintenance,0,363,899.0015132317073,3503.878062294219,1851.1047249081169,0.019869835662973415
A2,past,24,1,1,N0,maintenance,1,363,4814.943407139712,819.7857033246984,4998.248940034023,0.0488205587825539
A2,past,24,1,1,N0,maintenance,2,363,2009.2648945893498,7477.799058825393,2221.9759518452424,0.014899063385806982
A2,past,24,1,1,N0,retrieval,0,333,7533.241506766426,18517.160272369234,7713.3289397895005,0.16650057708007404
A2,past,24,1,1,N0,retrieval,1,333,30458.861444955568,43428.75716983631,24206.123494365693,0.3088340837855189
A2,past,24,1,1,N0,retrieval,2,333,27300.696843322847,59783.77920520817,19689.3667234098,0.20243961552341733
A2,past,25,1,-1,N0,encoding,0,205,5777.825677779044,8515.221124110856,4619.364475916302,0.1277021729297001
A2,past,25,1,-1,N0,encoding,1,205,11162.37306934731,7426.778389602292,3996.5004555711325,0.11317958374688213
A2,past,25,1,-1,N0,encoding,2,205,21151.440788153857,22181.21582586897,16595.42896727478,0.15684176728138902
A2,past,25,1,-1,N0,maintenance,0,362,5161.685041262103,4468.871188780106,4417.19568404473,0.11408416115476769
A2,past,25,1,-1,N0,maintenance,1,362,3862.39031931983,2978.4023841130775,4067.72802336589,0.03916225751395409
A2,past,25,1,-1,N0,maintenance,2,362,10153.875014663587,8958.474087458017,18054.48186715186,0.07529282369010562
A2,past,25,1,-1,N0,retrieval,0,289,589.3995460280692,1444.3878279796884,8004.159923138176,0.013026977092963384
A2,past,25,1,-1,N0,retrieval,1,289,13978.167125350732,2847.001943086191,20090.554332998534,0.14173000014987433
A2,past,25,1,-1,N0,retrieval,2,289,4235.0256675443125,2736.3611033584257,28870.787744930727,0.03140348295099143
A2,past,26,1,-1,N0,encoding,0,205,2910.672671961521,1232.8013297910386,1861.7013861917792,0.0643320248179348
A2,past,26,1,-1,N0,encoding,1,205,1501.1297381283553,2646.227477607035,6339.727316030882,0.015220530424483264
A2,past,26,1,-1,N0,encoding,2,205,3786.4867641482824,1529.543444534078,1443.6251835836836,0.02807748568169477
A2,past,26,1,-1,N0,maintenance,0,363,953.2989183510689,5127.616067639473,2737.74165535686,0.021069923205395084
A2,past,26,1,-1,N0,maintenance,1,363,8255.002655774486,37707.35613882725,17895.315877049852,0.0837006395150519
A2,past,26,1,-1,N0,maintenance,2,363,1726.3694089467404,10938.125974381264,2030.4433208570813,0.012801342083106711
A2,past,26,1,-1,N0,retrieval,0,300,2766.6808880581166,592.2791656660216,1098.745652635606,0.06114950171772996
A2,past,26,1,-1,N0,retrieval,1,300,3816.2710569266433,5295.184421636819,762.6251720913923,0.038694636615786135
A2,past,26,1,-1,N0,retrieval,2,300,4483.873711898151,746.1743401197351,8758.80713562254,0.03324873630521364
A2,past,27,1,1,N0,encoding,0,205,4287.445202974602,6002.2106099380335,2583.412718751079,0.09476161090192968
A2,past,27,1,1,N0,encoding,1,205,58214.839778152746,19535.50548553919,11824.389696558246,0.5902625985576402
A2,past,27,1,1,N0,encoding,2,205,14536.7756451412,17956.65372946352,12693.853304921191,0.10779282629455339
A2,past,27,1,1,N0,maintenance,0,362,9971.704291256789,11788.77474126416,9441.579414033602,0.22039576422378257
A2,past,27,1,1,N0,maintenance,1,362,24509.437253457156,71673.1266373823,49609.70262225812,0.24851058901033546
A2,past,27,1,1,N0,maintenance,2,362,22339.19747722042,28862.881427277436,20118.6650208863,0.1656491984194997
A2,past,27,1,1,N0,retrieval,0,331,10293.940557277454,14137.744728025431,4356.734874139406,0.22751786753088857
A2,past,27,1,1,N0,retrieval,1,331,77556.28108366815,270368.9933563132,182110.35386066453,0.7863728936018267
A2,past,27,1,1,N0,retrieval,2,331,42804.2194674305,59829.11864336328,16070.228315436889,0.3174010458962311
A2,past,28,1,1,N0,encoding,0,205,11968.4353334786,15049.461341656217,8635.468085949129,0.26452774519173816
A2,past,28,1,1,N0,encoding,1,205,38253.841785675264,42642.38154352623,32034.313283549276,0.3878703805296636
A2,past,28,1,1,N0,encoding,2,205,15866.447995985094,20760.225155603264,15661.347925444163,0.11765258778788655
A2,past,28,1,1,N0,maintenance,0,362,5140.1830959876015,7755.822471764093,11647.77451108604,0.11360892266767914
A2,past,28,1,1,N0,maintenance,1,362,33216.21577432868,32633.867382875767,57956.33650481008,0.3367919573758665
A2,past,28,1,1,N0,maintenance,2,362,5155.2541411689135,7418.184099059508,23028.394126819865,0.038227143880358076
A2,past,28,1,1,N0,retrieval,0,346,2583.74812233337,1155.5401113892754,2440.7479092453827,0.05710630052304288
A2,past,28,1,1,N0,retrieval,1,346,10736.635667310517,9220.73521529407,5191.324007295632,0.10886286886478218
A2,past,28,1,1,N0,retrieval,2,346,6068.572893561947,2587.3096009416513,8141.4568737877435,0.044999567974360416
A2,past,29,1,1,N0,encoding,0,205,21191.11195280491,8526.1248373425,3760.8999932433426,0.46836841297883414
A2,past,29,1,1,N0,encoding,1,205,84463.79418161839,7277.208124862353,2965.1397466702488,0.8564108194349094
A2,past,29,1,1,N0,encoding,2,205,32504.990190357046,9473.131620515456,5834.125435209007,0.24103039400394383
A2,past,29,1,1,N0,maintenance,0,362,10963.463374569332,41507.59494374317,35067.385242962366,0.24231573845368398
A2,past,29,1,1,N0,maintenance,1,362,37881.89441916488,264839.3874161322,211389.30148805917,0.38409906345793876
A2,past,29,1,1,N0,maintenance,2,362,30751.186584877643,124510.30962115477,87403.88060775834,0.22802562238091953
A2,past,29,1,1,N0,retrieval,0,402,8412.485815573256,82443.1715113308,54778.987839143985,0.18593373672047783
A2,past,29,1,1,N0,retrieval,1,402,101983.78999784696,719965.9281710618,569841.5419107069,1.0340527797428896
A2,past,29,1,1,N0,retrieval,2,402,71631.47847435082,311818.5282959268,193629.70123643067,0.531160396562118
A2,past,32,1,-1,N0,encoding,0,205,11310.54069972494,13556.100198927072,6627.270168023572,0.24998688172951172
A2,past,32,1,-1,N0,encoding,1,205,16674.203096595975,15474.395061731148,9161.004052858547,0.16906614337824252
A2,past,32,1,-1,N0,encoding,2,205,23329.532736444897,20645.893645123037,14853.517604236084,0.17299271387140372
A2,past,32,1,-1,N0,maintenance,0,362,26271.18946103234,29515.734471420095,37360.36988261594,0.5806488749780457
A2,past,32,1,-1,N0,maintenance,1,362,18132.28742736756,11912.60912373752,27493.89323716519,0.18385021990026368
A2,past,32,1,-1,N0,maintenance,2,362,41102.199737050214,39457.28624796139,73376.26144989718,0.3047802610932334
A2,past,32,1,-1,N0,retrieval,0,274,39486.00691454438,57376.4040585655,85540.68614139727,0.8727243022746858
A2,past,32,1,-1,N0,retrieval,1,274,94550.2312204973,97972.23112256451,159546.51023905491,0.958681074913496
A2,past,32,1,-1,N0,retrieval,2,274,41718.508856553315,71949.9062793917,148892.0875083704,0.3093503049244149
A2,past,35,1,-1,N0,encoding,0,205,8996.20779815004,13525.570762059724,6499.925678070492,0.19883522764786446
A2,past,35,1,-1,N0,encoding,1,205,9433.311549239528,9118.18365522034,4550.486060911154,0.09564796552351873
A2,past,35,1,-1,N0,encoding,2,205,12884.35007435517,18685.836981896715,13034.940234586475,0.09553979117421346
A2,past,35,1,-1,N0,maintenance,0,362,11564.664246359001,19712.111139686418,26196.153984595127,0.2556035498167092
A2,past,35,1,-1,N0,maintenance,1,362,21058.82300625722,14399.963114336182,32765.458451895855,0.2135234870972487
A2,past,35,1,-1,N0,maintenance,2,362,19072.47994003918,33031.97129714013,64369.07539667214,0.1414258957673435
A2,past,35,1,-1,N0,retrieval,0,349,8291.850721811865,5900.106738063526,11203.514928199682,0.18326744589343621
A2,past,35,1,-1,N0,retrieval,1,349,88179.58256585783,85595.45643494252,80833.2754550545,0.8940866236753701
A2,past,35,1,-1,N0,retrieval,2,349,17592.269709741442,12071.419787083467,34724.91054201375,0.13044986861188312
A2,past,36,1,1,N0,encoding,0,205,2323.8823410456107,5477.11234131991,2179.940382664916,0.05136271689985588
A2,past,36,1,1,N0,encoding,1,205,5449.849041582415,10254.68050566144,5838.966019599405,0.05525811063450764
A2,past,36,1,1,N0,encoding,2,205,3866.6630039411334,10159.118565781304,6548.85529511342,0.02867200703222754
A2,past,36,1,1,N0,maintenance,0,363,9031.85236279655,25203.631429336176,32328.40737498775,0.19962304794780855
A2,past,36,1,1,N0,maintenance,1,363,40147.9943999165,71674.3171169821,108276.01306055693,0.4070759207047716
A2,past,36,1,1,N0,maintenance,2,363,13112.280251644008,43696.4110687689,78608.75914581571,0.09722993475264824
A2,past,36,1,1,N0,retrieval,0,277,13958.739288766414,49943.041658201786,76490.72498044072,0.3085176739392131
A2,past,36,1,1,N0,retrieval,1,277,63735.35305638385,146421.79467504873,226901.472144716,0.6462372010026259
A2,past,36,1,1,N0,retrieval,2,277,9745.608002401388,68573.4552614682,144580.36049938388,0.07226544979311045
A2,past,37,1,1,N0,encoding,0,205,24325.451625769103,48685.46406213779,34916.03815481027,0.5376439517817203
A2,past,37,1,1,N0,encoding,1,205,93310.91661210243,281994.2981070338,253372.06072015618,0.9461151885524016
A2,past,37,1,1,N0,encoding,2,205,32755.305837095788,87456.88088977372,75710.07494457759,0.2428865298958627
A2,past,37,1,1,N0,maintenance,0,362,51997.313722804334,163596.4932880929,181426.3410279002,1.149250655734886
A2,past,37,1,1,N0,maintenance,1,362,298839.74172854825,988554.1631249924,1117263.8937564078,3.0300508113944034
A2,past,37,1,1,N0,maintenance,2,362,93440.18466061004,337067.39105824963,425835.77231330355,0.692875905904118
A2,past,37,1,1,N0,retrieval,0,319,10006.563032717995,108619.29532676963,146114.50665458743,0.2211662161685879
A2,past,37,1,1,N0,retrieval,1,319,36842.48288573037,541614.9302140332,687058.2298406934,0.3735600710801553
A2,past,37,1,1,N0,retrieval,2,319,10813.128955476594,197114.85097709956,314893.8486465799,0.08018131115533028
A2,past,24,1,1,N1,encoding,0,205,940.5371220600467,229.32359347545744,2776.6576304927075,0.02078786050434867
A2,past,24,1,1,N1,encoding,1,205,260.56304951990165,138.35359227026248,933.1854133691994,0.002641948741658127
A2,past,24,1,1,N1,encoding,2,205,1529.290941598372,192.37983886251655,1355.4328454257409,0.011339969525955083
A2,past,24,1,1,N1,maintenance,0,363,569.8884584777737,3503.878062294219,1851.1047249081169,0.01259574077408709
A2,past,24,1,1,N1,maintenance,1,363,6670.460331324151,819.7857033246984,4998.248940034023,0.06763435687098934
A2,past,24,1,1,N1,maintenance,2,363,1932.4457917600703,7477.799058825393,2221.9759518452424,0.01432943581436216
A2,past,24,1,1,N1,retrieval,0,333,4617.853521059651,18517.160272369234,7713.3289397895005,0.10206433385111482
A2,past,24,1,1,N1,retrieval,1,333,26711.8342994407,43428.75716983631,24206.123494365693,0.2708415377576305
A2,past,24,1,1,N1,retrieval,2,333,17861.66862060093,59783.77920520817,19689.3667234098,0.13244751036622396
A2,past,25,1,-1,N1,encoding,0,205,1811.313963877852,8515.221124110856,4619.364475916302,0.04003387120776261
A2,past,25,1,-1,N1,encoding,1,205,5136.720310422061,7426.778389602292,3996.5004555711325,0.05208317827633028
A2,past,25,1,-1,N1,encoding,2,205,9600.820959011653,22181.21582586897,16595.42896727478,0.07119182762277529
A2,past,25,1,-1,N1,maintenance,0,362,2481.564154967207,4468.871188780106,4417.19568404473,0.05484781863055135
A2,past,25,1,-1,N1,maintenance,1,362,3780.3154031968525,2978.4023841130775,4067.72802336589,0.038330068445809815
A2,past,25,1,-1,N1,maintenance,2,362,7723.228587330063,8958.474087458017,18054.48186715186,0.05726913986083686
A2,past,25,1,-1,N1,retrieval,0,289,2165.6990426677094,1444.3878279796884,8004.159923138176,0.04786653130157213
A2,past,25,1,-1,N1,retrieval,1,289,21359.373118987405,2847.001943086191,20090.554332998534,0.21657088001652786
A2,past,25,1,-1,N1,retrieval,2,289,11506.125391410245,2736.3611033584257,28870.787744930727,0.08532000533792286
A2,past,26,1,-1,N1,encoding,0,205,898.7977485630813,1232.8013297910386,1861.7013861917792,0.019865332032645844
A2,past,26,1,-1,N1,encoding,1,205,2077.625559994316,2646.227477607035,6339.727316030882,0.02106584277386
A2,past,26,1,-1,N1,encoding,2,205,1250.5587432880725,1529.543444534078,1443.6251835836836,0.009273119753447006
A2,past,26,1,-1,N1,maintenance,0,363,2758.69097007194,5127.616067639473,2737.74165535686,0.060972907624161334
A2,past,26,1,-1,N1,maintenance,1,363,7831.386295347787,37707.35613882725,17895.315877049852,0.07940543068771727
A2,past,26,1,-1,N1,maintenance,2,363,4286.286854363733,10938.125974381264,2030.4433208570813,0.0317835939426834
A2,past,26,1,-1,N1,retrieval,0,300,5926.317918922568,592.2791656660216,1098.745652635606,0.1309841656575455
A2,past,26,1,-1,N1,retrieval,1,300,8089.785949300189,5295.184421636819,762.6251720913923,0.082025443931584
A2,past,26,1,-1,N1,retrieval,2,300,11874.449132174841,746.1743401197351,8758.80713562254,0.08805119263678367
A2,past,27,1,1,N1,encoding,0,205,1316.4941796383255,6002.2106099380335,2583.412718751079,0.02909730697409012
A2,past,27,1,1,N1,encoding,1,205,44977.01246848165,19535.50548553919,11824.389696558246,0.45603918788021053
A2,past,27,1,1,N1,encoding,2,205,5040.401415167449,17956.65372946352,12693.853304921191,0.0373754900992481
A2,past,27,1,1,N1,maintenance,0,362,5252.0223642994515,11788.77474126416,9441.579414033602,0.11608080714097128
A2,past,27,1,1,N1,maintenance,1,362,18261.157226753527,71673.1266373823,49609.70262225812,0.18515688024582233
A2,past,27,1,1,N1,maintenance,2,362,11166.723651130951,28862.881427277436,20118.6650208863,0.08280327991496272
A2,past,27,1,1,N1,retrieval,0,331,6436.594609368989,14137.744728025431,4356.734874139406,0.142262360224058
A2,past,27,1,1,N1,retrieval,1,331,65192.186286201075,270368.9933563132,182110.35386066453,0.6610085921320017
A2,past,27,1,1,N1,retrieval,2,331,29579.35714718405,59829.11864336328,16070.228315436889,0.2193362946986581
A2,past,28,1,1,N1,encoding,0,205,5966.550385636172,15049.461341656217,8635.468085949129,0.131873388300833
A2,past,28,1,1,N1,encoding,1,205,27195.926464790584,42642.38154352623,32034.313283549276,0.2757499339766998
A2,past,28,1,1,N1,encoding,2,205,5781.621527851322,20760.225155603264,15661.347925444163,0.042871771585800945
A2,past,28,1,1,N1,maintenance,0,362,6663.113162987676,7755.822471764093,11647.77451108604,0.14726889955549702
A2,past,28,1,1,N1,maintenance,1,362,36484.883500698736,32633.867382875767,57956.33650481008,0.3699342336982132
A2,past,28,1,1,N1,maintenance,2,362,6957.735861043768,7418.184099059508,23028.394126819865,0.05159287254485179
A2,past,28,1,1,N1,retrieval,0,346,1486.2234721509776,1155.5401113892754,2440.7479092453827,0.03284868347321946
A2,past,28,1,1,N1,retrieval,1,346,7716.026015533169,9220.73521529407,5191.324007295632,0.07823574854493023
A2,past,28,1,1,N1,retrieval,2,346,3069.8242223784537,2587.3096009416513,8141.4568737877435,0.022763303034690187
A2,past,29,1,1,N1,encoding,0,205,12664.537395056288,8526.1248373425,3760.8999932433426,0.2799130736529605
A2,past,29,1,1,N1,encoding,1,205,67734.58954867124,7277.208124862353,2965.1397466702488,0.6867869943745557
A2,past,29,1,1,N1,encoding,2,205,16175.715545788526,9473.131620515456,5834.125435209007,0.11994586272644868
A2,past,29,1,1,N1,maintenance,0,362,6353.008568983876,41507.59494374317,35067.385242962366,0.14041493186968232
A2,past,29,1,1,N1,maintenance,1,362,29584.68150997156,264839.3874161322,211389.30148805917,0.29997043798666445
A2,past,29,1,1,N1,maintenance,2,362,17424.09205135724,124510.30962115477,87403.88060775834,0.1292028007916618
A2,past,29,1,1,N1,retrieval,0,402,6219.2909777724135,82443.1715113308,54778.987839143985,0.13745949016739945
A2,past,29,1,1,N1,retrieval,1,402,93084.1951574156,719965.9281710618,569841.5419107069,0.9438163727263648
A2,past,29,1,1,N1,retrieval,2,402,59758.06421897108,311818.5282959268,193629.70123643067,0.44311687772434816
A2,past,32,1,-1,N1,encoding,0,205,5243.5753855184985,13556.100198927072,6627.270168023572,0.11589411103673138
A2,past,32,1,-1,N1,encoding,1,205,8920.97355639884,15474.395061731148,9161.004052858547,0.09045317402110456
A2,past,32,1,-1,N1,encoding,2,205,10776.64732105264,20645.893645123037,14853.517604236084,0.07991079322354139
A2,past,32,1,-1,N1,maintenance,0,362,28106.021783627868,29515.734471420095,37360.36988261594,0.6212025516765725
A2,past,32,1,-1,N1,maintenance,1,362,17056.47455035538,11912.60912373752,27493.89323716519,0.17294214033211736
A2,past,32,1,-1,N1,maintenance,2,362,41891.13962414273,39457.28624796139,73376.26144989718,0.3106303933565481
A2,past,32,1,-1,N1,retrieval,0,274,42352.31965453026,57376.4040585655,85540.68614139727,0.9360758787336317
A2,past,32,1,-1,N1,retrieval,1,274,100298.479779128,97972.23112256451,159546.51023905491,1.0169647727524431
A2,past,32,1,-1,N1,retrieval,2,274,47830.029803337275,71949.9062793917,148892.0875083704,0.35466834049803253
A2,past,35,1,-1,N1,encoding,0,205,4022.8605483264905,13525.570762059724,6499.925678070492,0.08891373019269269
A2,past,35,1,-1,N1,encoding,1,205,4055.4092168364095,9118.18365522034,4550.486060911154,0.04111935018058415
A2,past,35,1,-1,N1,encoding,2,205,4813.619676483116,18685.836981896715,13034.940234586475,0.03569386240122775
A2,past,35,1,-1,N1,maintenance,0,362,12930.861020900127,19712.111139686418,26196.153984595127,0.28579938930515714
A2,past,35,1,-1,N1,maintenance,1,362,22756.326175515194,14399.963114336182,32765.458451895855,0.2307351230918576
A2,past,35,1,-1,N1,maintenance,2,362,20640.066330926056,33031.97129714013,64369.07539667214,0.15304983299107397
A2,past,35,1,-1,N1,retrieval,0,349,6999.0360680164895,5900.106738063526,11203.514928199682,0.1546935065445965
A2,past,35,1,-1,N1,retrieval,1,349,82583.87746764647,85595.45643494252,80833.2754550545,0.8373496225151947
A2,past,35,1,-1,N1,retrieval,2,349,13979.911892226168,12071.419787083467,34724.91054201375,0.1036635806314846
A2,past,36,1,1,N1,encoding,0,205,599.5861769975072,5477.11234131991,2179.940382664916,0.01325212319154389
A2,past,36,1,1,N1,encoding,1,205,1832.3229494444756,10254.68050566144,5838.966019599405,0.018578625478615288
A2,past,36,1,1,N1,encoding,2,205,895.8409962348893,10159.118565781304,6548.85529511342,0.006642823364131867
A2,past,36,1,1,N1,maintenance,0,363,12961.512495917194,25203.631429336176,32328.40737498775,0.286476851759283
A2,past,36,1,1,N1,maintenance,1,363,46397.09707875108,71674.3171169821,108276.01306055693,0.4704379706549064
A2,past,36,1,1,N1,maintenance,2,363,20407.24046070787,43696.4110687689,78608.75914581571,0.15132338696219164
A2,past,36,1,1,N1,retrieval,0,277,19182.080696097546,49943.041658201786,76490.72498044072,0.42396457124440584
A2,past,36,1,1,N1,retrieval,1,277,75697.20236452881,146421.79467504873,226901.472144716,0.7675229811076211
A2,past,36,1,1,N1,retrieval,2,277,18652.619010278107,68573.4552614682,144580.36049938388,0.1383125508706207
A2,past,37,1,1,N1,encoding,0,205,15792.39762166754,48685.46406213779,34916.03815481027,0.34904540298141834
A2,past,37,1,1,N1,encoding,1,205,75945.7466986667,281994.2981070338,253372.06072015618,0.7700430674822307
A2,past,37,1,1,N1,encoding,2,205,17410.670708302114,87456.88088977372,75710.07494457759,0.12910327910020164
A2,past,37,1,1,N1,maintenance,0,362,61534.03700693682,163596.4932880929,181426.3410279002,1.3600324193136584
A2,past,37,1,1,N1,maintenance,1,362,319017.1802950575,988554.1631249924,1117263.8937564078,3.2346376034545012
A2,past,37,1,1,N1,maintenance,2,362,116295.63228318846,337067.39105824963,425835.77231330355,0.8623531927251687
A2,past,37,1,1,N1,retrieval,0,319,15375.76688632889,108619.29532676963,146114.50665458743,0.33983698217068586
A2,past,37,1,1,N1,retrieval,1,319,47922.05730107603,541614.9302140332,687058.2298406934,0.4859001275028304
A2,past,37,1,1,N1,retrieval,2,319,20421.88181343204,197114.85097709956,314893.8486465799,0.1514319552464825
A2,past,24,1,1,N2,encoding,0,205,1249.1068401815385,229.32359347545744,2776.6576304927075,0.027607904185480734
A2,past,24,1,1,N2,encoding,1,205,430.31775176489333,138.35359227026248,933.1854133691994,0.004363156805553048
A2,past,24,1,1,N2,encoding,2,205,2195.2930570763197,192.37983886251655,1355.4328454257409,0.016278495929471178
A2,past,24,1,1,N2,maintenance,0,363,523.4690982779624,3503.878062294219,1851.1047249081169,0.011569774693746477
A2,past,24,1,1,N2,maintenance,1,363,5924.490871601722,819.7857033246984,4998.248940034023,0.060070686277402224
A2,past,24,1,1,N2,maintenance,2,363,1319.6635511511797,7477.799058825393,2221.9759518452424,0.009785544429451147
A2,past,24,1,1,N2,retrieval,0,333,3811.588884317039,18517.160272369234,7713.3289397895005,0.08424417938290583
A2,past,24,1,1,N2,retrieval,1,333,25560.26610206354,43428.75716983631,24206.123494365693,0.2591653459276691
A2,past,24,1,1,N2,retrieval,2,333,15237.688717664761,59783.77920520817,19689.3667234098,0.11299022377240243
A2,past,25,1,-1,N2,encoding,0,205,1901.1448877542223,8515.221124110856,4619.364475916302,0.04201932470100554
A2,past,25,1,-1,N2,encoding,1,205,4748.739219291095,7426.778389602292,3996.5004555711325,0.04814928911825796
A2,past,25,1,-1,N2,encoding,2,205,9211.543223921673,22181.21582586897,16595.42896727478,0.06830526265794305
A2,past,25,1,-1,N2,maintenance,0,362,3085.544972988439,4468.871188780106,4417.19568404473,0.06819707268745415
A2,past,25,1,-1,N2,maintenance,1,362,3531.816288698879,2978.4023841130775,4067.72802336589,0.035810440570480793
A2,past,25,1,-1,N2,maintenance,2,362,7288.489071297485,8958.474087458017,18054.48186715186,0.05404546755006957
A2,past,25,1,-1,N2,retrieval,0,289,2059.1122557350277,1444.3878279796884,8004.159923138176,0.045510737780620744
A2,past,25,1,-1,N2,retrieval,1,289,20586.085302454183,2847.001943086191,20090.554332998534,0.20873021812070722
A2,past,25,1,-1,N2,retrieval,2,289,10487.399341798875,2736.3611033584257,28870.787744930727,0.07776596702928334
A2,past,26,1,-1,N2,encoding,0,205,864.7816695569703,1232.8013297910386,1861.7013861917792,0.019113504711109456
A2,past,26,1,-1,N2,encoding,1,205,2490.953621170782,2646.227477607035,6339.727316030882,0.025256734587297085
A2,past,26,1,-1,N2,encoding,2,205,1244.1739693417676,1529.543444534078,1443.6251835836836,0.009225775497353043
A2,past,26,1,-1,N2,maintenance,0,363,2981.036895693522,5127.616067639473,2737.74165535686,0.06588722304789285
A2,past,26,1,-1,N2,maintenance,1,363,9639.724735745434,37707.35613882725,17895.315877049852,0.09774086802583333
A2,past,26,1,-1,N2,maintenance,2,363,5456.472620255387,10938.125974381264,2030.4433208570813,0.04046073350060721
A2,past,26,1,-1,N2,retrieval,0,300,5870.665891323436,592.2791656660216,1098.745652635606,0.12975413809204014
A2,past,26,1,-1,N2,retrieval,1,300,7603.324886935882,5295.184421636819,762.6251720913923,0.07709302855669833
A2,past,26,1,-1,N2,retrieval,2,300,10791.709546358337,746.1743401197351,8758.80713562254,0.08002248235431018
A2,past,27,1,1,N2,encoding,0,205,1181.0078306712676,6002.2106099380335,2583.412718751079,0.02610277198284828
A2,past,27,1,1,N2,encoding,1,205,42892.73228187181,19535.50548553919,11824.389696558246,0.43490587129359976
A2,past,27,1,1,N2,encoding,2,205,4045.7901181853717,17956.65372946352,12693.853304921191,0.03000026705231167
A2,past,27,1,1,N2,maintenance,0,362,5610.792124225823,11788.77474126416,9441.579414033602,0.12401037796555801
A2,past,27,1,1,N2,maintenance,1,362,16598.015693545953,71673.1266373823,49609.70262225812,0.16829365006428615
A2,past,27,1,1,N2,maintenance,2,362,10628.357862160728,28862.881427277436,20118.6650208863,0.07881120000742185
A2,past,27,1,1,N2,retrieval,0,331,5277.086942340504,14137.744728025431,4356.734874139406,0.11663478735046748
A2,past,27,1,1,N2,retrieval,1,331,64434.67152833113,270368.9933563132,182110.35386066453,0.6533278593303649
A2,past,27,1,1,N2,retrieval,2,331,25701.518459794912,59829.11864336328,16070.228315436889,0.19058141794799777
A2,past,28,1,1,N2,encoding,0,205,5249.495747207614,15049.461341656217,8635.468085949129,0.11602496355710726
A2,past,28,1,1,N2,encoding,1,205,25373.111510075185,42642.38154352623,32034.313283549276,0.2572677137050257
A2,past,28,1,1,N2,encoding,2,205,4641.18842946248,20760.225155603264,15661.347925444163,0.03441525345027643
A2,past,28,1,1,N2,maintenance,0,362,5903.8931066223395,7755.822471764093,11647.77451108604,0.13048852985647014
A2,past,28,1,1,N2,maintenance,1,362,34051.74498360576,32633.867382875767,57956.33650481008,0.34526370863582245
A2,past,28,1,1,N2,maintenance,2,362,5925.778103857528,7418.184099059508,23028.394126819865,0.0439407187262109
A2,past,28,1,1,N2,retrieval,0,346,1166.918874196701,1155.5401113892754,2440.7479092453827,0.025791376233572975
A2,past,28,1,1,N2,retrieval,1,346,7247.220943693769,9220.73521529407,5191.324007295632,0.0734823540328874
A2,past,28,1,1,N2,retrieval,2,346,2019.4199990953632,2587.3096009416513,8141.4568737877435,0.014974365326398295
A2,past,29,1,1,N2,encoding,0,205,11615.075429713599,8526.1248373425,3760.8999932433426,0.25671774363517236
A2,past,29,1,1,N2,encoding,1,205,65191.257602734884,7277.208124862353,2965.1397466702488,0.6609991758539859
A2,past,29,1,1,N2,encoding,2,205,14011.159157782457,9473.131620515456,5834.125435209007,0.10389528476935611
A2,past,29,1,1,N2,maintenance,0,362,5588.26698661307,41507.59494374317,35067.385242962366,0.1235125247627949
A2,past,29,1,1,N2,maintenance,1,362,27460.42471892034,264839.3874161322,211389.30148805917,0.27843178326790385
A2,past,29,1,1,N2,maintenance,2,362,15185.733796293884,124510.30962115477,87403.88060775834,0.1126049686132674
A2,past,29,1,1,N2,retrieval,0,402,4229.959318578373,82443.1715113308,54778.987839143985,0.09349105122090345
A2,past,29,1,1,N2,retrieval,1,402,87537.48064435802,719965.9281710618,569841.5419107069,0.8875761059076035
A2,past,29,1,1,N2,retrieval,2,402,50126.573993649705,311818.5282959268,193629.70123643067,0.3716976319328808
A2,past,32,1,-1,N2,encoding,0,205,4975.051803928798,13556.100198927072,6627.270168023572,0.10995917170760788
A2,past,32,1,-1,N2,encoding,1,205,8339.95518696449,15474.395061731148,9161.004052858547,0.08456200582655173
A2,past,32,1,-1,N2,encoding,2,205,10049.124819837256,20645.893645123037,14853.517604236084,0.07451608200880926
A2,past,32,1,-1,N2,maintenance,0,362,26322.528461985115,29515.734471420095,37360.36988261594,0.581783575528622
A2,past,32,1,-1,N2,maintenance,1,362,15260.54629072371,11912.60912373752,27493.89323716519,0.15473253457878985
A2,past,32,1,-1,N2,maintenance,2,362,38287.80407525852,39457.28624796139,73376.26144989718,0.28391100713339423
A2,past,32,1,-1,N2,retrieval,0,274,42300.28157110897,57376.4040585655,85540.68614139727,0.9349257269812946
A2,past,32,1,-1,N2,retrieval,1,274,98372.03272023165,97972.23112256451,159546.51023905491,0.9974317868110368
A2,past,32,1,-1,N2,retrieval,2,274,45691.29768833518,71949.9062793917,148892.0875083704,0.3388092542060831
A2,past,35,1,-1,N2,encoding,0,205,3757.8509229133583,13525.570762059724,6499.925678070492,0.08305645673034211
A2,past,35,1,-1,N2,encoding,1,205,3670.4913764624334,9118.18365522034,4550.486060911154,0.037216520497359566
A2,past,35,1,-1,N2,encoding,2,205,4312.32708719966,18685.836981896715,13034.940234586475,0.03197668698912462
A2,past,35,1,-1,N2,maintenance,0,362,11574.66756657495,19712.111139686418,26196.153984595127,0.2558246443597656
A2,past,35,1,-1,N2,maintenance,1,362,21507.809498358467,14399.963114336182,32765.458451895855,0.2180759334245925
A2,past,35,1,-1,N2,maintenance,2,362,18133.96666666038,33031.97129714013,64369.07539667214,0.1344666497335597
A2,past,35,1,-1,N2,retrieval,0,349,7284.345720823531,5900.106738063526,11203.514928199682,0.16099945356570544
A2,past,35,1,-1,N2,retrieval,1,349,85692.716665948,85595.45643494252,80833.2754550545,0.8688713360624674
A2,past,35,1,-1,N2,retrieval,2,349,15304.083173889176,12071.419787083467,34724.91054201375,0.11348255069973665
A2,past,36,1,1,N2,encoding,0,205,510.6562371877272,5477.11234131991,2179.940382664916,0.011286583352588114
A2,past,36,1,1,N2,encoding,1,205,1543.803951772438,10254.68050566144,5838.966019599405,0.01565322065145892
A2,past,36,1,1,N2,encoding,2,205,923.0017623742712,10159.118565781304,6548.85529511342,0.006844225368122204
A2,past,36,1,1,N2,maintenance,0,363,12426.257998757244,25203.631429336176,32328.40737498775,0.27464659481321435
A2,past,36,1,1,N2,maintenance,1,363,45208.805703560065,71674.3171169821,108276.01306055693,0.45838942843376806
A2,past,36,1,1,N2,maintenance,2,363,19504.65618936041,43696.4110687689,78608.75914581571,0.1446305609908373
A2,past,36,1,1,N2,retrieval,0,277,20550.441564381963,49943.041658201786,76490.72498044072,0.45420824178364255
A2,past,36,1,1,N2,retrieval,1,277,74716.55408431675,146421.79467504873,226901.472144716,0.7575798119027426
A2,past,36,1,1,N2,retrieval,2,277,20767.948899764702,68573.4552614682,144580.36049938388,0.15399810541856607
A2,past,37,1,1,N2,encoding,0,205,14171.720304169527,48685.46406213779,34916.03815481027,0.31322500503166073
A2,past,37,1,1,N2,encoding,1,205,72012.71120302938,281994.2981070338,253372.06072015618,0.7301645114178101
A2,past,37,1,1,N2,encoding,2,205,14607.778343361973,87456.88088977372,75710.07494457759,0.1083193241715647
A2,past,37,1,1,N2,maintenance,0,362,58220.21175451686,163596.4932880929,181426.3410279002,1.2867898694266204
A2,past,37,1,1,N2,maintenance,1,362,310556.28994401224,988554.1631249924,1117263.8937564078,3.148849389594408
A2,past,37,1,1,N2,maintenance,2,362,108921.25544195293,337067.39105824963,425835.77231330355,0.8076708517932877
A2,past,37,1,1,N2,retrieval,0,319,16537.148046934362,108619.29532676963,146114.50665458743,0.3655059632165015
A2,past,37,1,1,N2,retrieval,1,319,47378.95974711929,541614.9302140332,687058.2298406934,0.48039345300728165
A2,past,37,1,1,N2,retrieval,2,319,22541.421584954805,197114.85097709956,314893.8486465799,0.1671487268327947
A2,past,24,1,1,N3,encoding,0,205,801.9389611661863,229.32359347545744,2776.6576304927075,0.017724547885161163
A2,past,24,1,1,N3,encoding,1,205,463.4180865359064,138.35359227026248,933.1854133691994,0.004698773800970739
A2,past,24,1,1,N3,encoding,2,205,1562.4123680214784,192.37983886251655,1355.4328454257409,0.011585570906357973
A2,past,24,1,1,N3,maintenance,0,363,670.670159150676,3503.878062294219,1851.1047249081169,0.014823229605565199
A2,past,24,1,1,N3,maintenance,1,363,3252.172705203678,819.7857033246984,4998.248940034023,0.032975026973314225
A2,past,24,1,1,N3,maintenance,2,363,968.4979255750972,7477.799058825393,2221.9759518452424,0.007181587664734005
A2,past,24,1,1,N3,retrieval,0,333,5603.590863039542,18517.160272369234,7713.3289397895005,0.12385121485600635
A2,past,24,1,1,N3,retrieval,1,333,25558.065645795188,43428.75716983631,24206.123494365693,0.2591430346572109
A2,past,24,1,1,N3,retrieval,2,333,22658.904627016025,59783.77920520817,19689.3667234098,0.16801988488424976
A2,past,25,1,-1,N3,encoding,0,205,4232.134407218583,8515.221124110856,4619.364475916302,0.09353912528217839
A2,past,25,1,-1,N3,encoding,1,205,6762.655842487791,7426.778389602292,3996.5004555711325,0.06856916253569931
A2,past,25,1,-1,N3,encoding,2,205,13543.931250392927,22181.21582586897,16595.42896727478,0.10043070514794318
A2,past,25,1,-1,N3,maintenance,0,362,4124.538273074771,4468.871188780106,4417.19568404473,0.09116102305215715
A2,past,25,1,-1,N3,maintenance,1,362,2220.1971223579885,2978.4023841130775,4067.72802336589,0.02251143055185448
A2,past,25,1,-1,N3,maintenance,2,362,7898.419408834549,8958.474087458017,18054.48186715186,0.05856821155677689
A2,past,25,1,-1,N3,retrieval,0,289,2955.6073385445766,1444.3878279796884,8004.159923138176,0.0653251760278435
A2,past,25,1,-1,N3,retrieval,1,289,16392.02992990024,2847.001943086191,20090.554332998534,0.1662050813663606
A2,past,25,1,-1,N3,retrieval,2,289,13288.113604116326,2736.3611033584257,28870.787744930727,0.09853377093217769
A2,past,26,1,-1,N3,encoding,0,205,1286.1052426694869,1232.8013297910386,1861.7013861917792,0.028425647166341106
A2,past,26,1,-1,N3,encoding,1,205,3908.4935394275985,2646.227477607035,6339.727316030882,0.0396297157532345
A2,past,26,1,-1,N3,encoding,2,205,1632.483212804809,1529.543444534078,1443.6251835836836,0.012105158921226097
A2,past,26,1,-1,N3,maintenance,0,363,2316.4746584867107,5127.616067639473,2737.74165535686,0.05119899144119707
A2,past,26,1,-1,N3,maintenance,1,363,21143.098846704692,37707.35613882725,17895.315877049852,0.21437799218165202
A2,past,26,1,-1,N3,maintenance,2,363,5024.615063054714,10938.125974381264,2030.4433208570813,0.03725843143695242
A2,past,26,1,-1,N3,retrieval,0,300,3352.285963162066,592.2791656660216,1098.745652635606,0.07409261297445113
A2,past,26,1,-1,N3,retrieval,1,300,1069.479150206769,5295.184421636819,762.6251720913923,0.010843859481705086
A2,past,26,1,-1,N3,retrieval,2,300,8052.197120785505,746.1743401197351,8758.80713562254,0.05970850116411107
A2,past,27,1,1,N3,encoding,0,205,2328.6408446182472,6002.2106099380335,2583.412718751079,0.05146788989745194
A2,past,27,1,1,N3,encoding,1,205,30462.96719056232,19535.50548553919,11824.389696558246,0.3088757135156718
A2,past,27,1,1,N3,encoding,2,205,10938.84907359348,17956.65372946352,12693.853304921191,0.08111354861876215
A2,past,27,1,1,N3,maintenance,0,362,9232.065040770814,11788.77474126416,9441.579414033602,0.20404817176622325
A2,past,27,1,1,N3,maintenance,1,362,26935.737060185656,71673.1266373823,49609.70262225812,0.27311177376420875
A2,past,27,1,1,N3,maintenance,2,362,15772.288662023639,28862.881427277436,20118.6650208863,0.1169543792595661
A2,past,27,1,1,N3,retrieval,0,331,6054.922844615677,14137.744728025431,4356.734874139406,0.13382660663385154
A2,past,27,1,1,N3,retrieval,1,331,117547.29153278502,270368.9933563132,182110.35386066453,1.1918570937919675
A2,past,27,1,1,N3,retrieval,2,331,19263.52338906419,59829.11864336328,16070.228315436889,0.14284251756974084
A2,past,28,1,1,N3,encoding,0,205,8204.401734596135,15049.461341656217,8635.468085949129,0.1813346382403948
A2,past,28,1,1,N3,encoding,1,205,30426.447923025222,42642.38154352623,32034.313283549276,0.30850543064903485
A2,past,28,1,1,N3,encoding,2,205,10269.731630927015,20760.225155603264,15661.347925444163,0.07615192149946973
A2,past,28,1,1,N3,maintenance,0,362,5279.332306215353,7755.822471764093,11647.77451108604,0.11668441464312512
A2,past,28,1,1,N3,maintenance,1,362,30540.436541685285,32633.867382875767,57956.33650481008,0.3096612049930455
A2,past,28,1,1,N3,maintenance,2,362,5197.282674936314,7418.184099059508,23028.394126819865,0.038538793076190465
A2,past,28,1,1,N3,retrieval,0,346,981.8272612083705,1155.5401113892754,2440.7479092453827,0.021700459946399932
A2,past,28,1,1,N3,retrieval,1,346,6503.101790716591,9220.73521529407,5191.324007295632,0.06593744440938526
A2,past,28,1,1,N3,retrieval,2,346,1671.1233287469106,2587.3096009416513,8141.4568737877435,0.012391682384710964
A2,past,29,1,1,N3,encoding,0,205,11025.769704378441,8526.1248373425,3760.8999932433426,0.24369284017803997
A2,past,29,1,1,N3,encoding,1,205,35183.39237095787,7277.208124862353,2965.1397466702488,0.35673791572897845
A2,past,29,1,1,N3,encoding,2,205,16858.583443136355,9473.131620515456,5834.125435209007,0.12500945195956342
A2,past,29,1,1,N3,maintenance,0,362,11407.529248298219,41507.59494374317,35067.385242962366,0.2521305338735595
A2,past,29,1,1,N3,maintenance,1,362,68326.49260903482,264839.3874161322,211389.30148805917,0.6927885266270853
A2,past,29,1,1,N3,maintenance,2,362,35662.523659613005,124510.30962115477,87403.88060775834,0.2644440770021064
A2,past,29,1,1,N3,retrieval,0,402,13344.123205777938,82443.1715113308,54778.987839143985,0.29493335802310194
A2,past,29,1,1,N3,retrieval,1,402,240760.3448894314,719965.9281710618,569841.5419107069,2.44116152076746
A2,past,29,1,1,N3,retrieval,2,402,84426.62941723176,311818.5282959268,193629.70123643067,0.626038760008523
A2,past,32,1,-1,N3,encoding,0,205,8263.03657075785,13556.100198927072,6627.270168023572,0.18263059218653505
A2,past,32,1,-1,N3,encoding,1,205,13613.273306994632,15474.395061731148,9161.004052858547,0.13803020170945463
A2,past,32,1,-1,N3,encoding,2,205,11853.126456324884,20645.893645123037,14853.517604236084,0.0878930811304815
A2,past,32,1,-1,N3,maintenance,0,362,29187.3007242982,29515.734471420095,37360.36988261594,0.6451011041714625
A2,past,32,1,-1,N3,maintenance,1,362,16991.662478387934,11912.60912373752,27493.89323716519,0.17228498586491967
A2,past,32,1,-1,N3,maintenance,2,362,35651.19068142746,39457.28624796139,73376.26144989718,0.264360040914684
A2,past,32,1,-1,N3,retrieval,0,274,61527.779658411135,57376.4040585655,85540.68614139727,1.3598941186711553
A2,past,32,1,-1,N3,retrieval,1,274,116482.47829059909,97972.23112256451,159546.51023905491,1.1810605437420756
A2,past,32,1,-1,N3,retrieval,2,274,68698.24185460985,71949.9062793917,148892.0875083704,0.5094099153583826
A2,past,35,1,-1,N3,encoding,0,205,7349.5439567686335,13525.570762059724,6499.925678070492,0.16244047253472582
A2,past,35,1,-1,N3,encoding,1,205,8160.8196430881,9118.18365522034,4550.486060911154,0.08274568180976391
A2,past,35,1,-1,N3,encoding,2,205,7871.916487156245,18685.836981896715,13034.940234586475,0.05837168758870405
A2,past,35,1,-1,N3,maintenance,0,362,16762.59743456424,19712.111139686418,26196.153984595127,0.3704888717173117
A2,past,35,1,-1,N3,maintenance,1,362,22336.69225077126,14399.963114336182,32765.458451895855,0.22648029370804032
A2,past,35,1,-1,N3,maintenance,2,362,23028.212228136446,33031.97129714013,64369.07539667214,0.1707583676859801
A2,past,35,1,-1,N3,retrieval,0,349,4781.086840320712,5900.106738063526,11203.514928199682,0.10567213559638618
A2,past,35,1,-1,N3,retrieval,1,349,77958.63833957879,85595.45643494252,80833.2754550545,0.7904525482109847
A2,past,35,1,-1,N3,retrieval,2,349,7690.854251165869,12071.419787083467,34724.91054201375,0.05702907829011881
A2,past,36,1,1,N3,encoding,0,205,1388.2908775249846,5477.11234131991,2179.940382664916,0.030684165913875214
A2,past,36,1,1,N3,encoding,1,205,4156.216351641686,10254.68050566144,5838.966019599405,0.042141472401826495
A2,past,36,1,1,N3,encoding,2,205,1944.6064343615028,10159.118565781304,6548.85529511342,0.014419609183447929
A2,past,36,1,1,N3,maintenance,0,363,15361.333412268717,25203.631429336176,32328.40737498775,0.3395179718537951
A2,past,36,1,1,N3,maintenance,1,363,53679.138661071964,71674.3171169821,108276.01306055693,0.5442733845041192
A2,past,36,1,1,N3,maintenance,2,363,21607.597730528327,43696.4110687689,78608.75914581571,0.16022425369053028
A2,past,36,1,1,N3,retrieval,0,277,36976.01432172836,49943.041658201786,76490.72498044072,0.8172481550152091
A2,past,36,1,1,N3,retrieval,1,277,114561.97830891034,146421.79467504873,226901.472144716,1.1615878574984742
A2,past,36,1,1,N3,retrieval,2,277,41659.59316867289,68573.4552614682,144580.36049938388,0.3089134344199271
A2,past,37,1,1,N3,encoding,0,205,23384.457789608776,48685.46406213779,34916.03815481027,0.516845996929382
A2,past,37,1,1,N3,encoding,1,205,127485.1048937641,281994.2981070338,253372.06072015618,1.2926203967708372
A2,past,37,1,1,N3,encoding,2,205,28215.02649975305,87456.88088977372,75710.07494457759,0.20921953565408813
A2,past,37,1,1,N3,maintenance,0,362,80269.07560288423,163596.4932880929,181426.3410279002,1.774116414236805
A2,past,37,1,1,N3,maintenance,1,362,495689.45193456835,988554.1631249924,1117263.8937564078,5.025985557832192
A2,past,37,1,1,N3,maintenance,2,362,140838.9092906606,337067.39105824963,425835.77231330355,1.044346040365341
A2,past,37,1,1,N3,retrieval,0,319,39394.96808010932,108619.29532676963,146114.50665458743,0.8707121514022468
A2,past,37,1,1,N3,retrieval,1,319,172804.6347424673,541614.9302140332,687058.2298406934,1.752132499798992
A2,past,37,1,1,N3,retrieval,2,319,56362.49058302359,197114.85097709956,314893.8486465799,0.4179380837438279
A2,past,44,2,-1,B0,encoding,0,205,14696.585642719723,6559.9048285563385,15612.123684462515,0.3570866662657315
A2,past,44,2,-1,B0,encoding,1,205,17111.31523487153,4989.7690485801295,4792.294389558329,0.15921265166797383
A2,past,44,2,-1,B0,encoding,2,205,31312.857703236208,10006.196601661284,26729.2904427232,0.3466117814901414
A2,past,44,2,-1,B0,maintenance,0,363,89582.98159840112,26706.354973888654,22833.906619899935,2.17662040903792
A2,past,44,2,-1,B0,maintenance,1,363,88496.0838592642,12405.507154504181,17950.158129827574,0.8234139795841715
A2,past,44,2,-1,B0,maintenance,2,363,228517.80293746493,62612.10381339676,54501.49266019292,2.529534785008833
A2,past,44,2,-1,B0,retrieval,0,393,56940.87168327086,4413.653718280336,2630.500266329849,1.3835067911652181
A2,past,44,2,-1,B0,retrieval,1,393,118789.54311890232,28221.904792639856,53559.486886389575,1.1052802131682282
A2,past,44,2,-1,B0,retrieval,2,393,256580.92770985115,40356.57174054717,22731.129162674803,2.8401742598125526
A2,past,45,2,-1,B0,encoding,0,205,22160.578980431364,44913.93191821859,30945.066882600146,0.5384412041691247
A2,past,45,2,-1,B0,encoding,1,205,667041.6170817864,118048.59601801631,90152.42823076408,6.206505062337588
A2,past,45,2,-1,B0,encoding,2,205,3554905.738800463,3170371.626504141,3410393.32337743,39.35035961370622
A2,past,45,2,-1,B0,maintenance,0,363,139134.65012196524,221569.24784706382,234550.79740355458,3.3805898582105796
A2,past,45,2,-1,B0,maintenance,1,363,492362.0151648569,40415.91676099148,47677.91367348761,4.5811944283061745
A2,past,45,2,-1,B0,maintenance,2,363,2084041.3652815106,1580104.7125366656,1533078.1115668966,23.06890342508455
A2,past,45,2,-1,B0,retrieval,0,283,17301.820127597006,37933.37359945344,47518.19184304883,0.420386708851214
A2,past,45,2,-1,B0,retrieval,1,283,145730.48871568977,23586.21010067336,8041.505336238027,1.355952901271467
A2,past,45,2,-1,B0,retrieval,2,283,2460468.4200478233,1961943.4198515096,1818106.6935656674,27.235691818855265
A2,past,46,2,-1,B0,encoding,0,205,11052.500412610787,380.5204188261928,1579.6480082353185,0.26854540382275066
A2,past,46,2,-1,B0,encoding,1,205,5732.354562925457,2460.9639950612604,8023.4957419541815,0.053336833419118726
A2,past,46,2,-1,B0,encoding,2,205,21067.201393779145,933.59225677149,2472.630542194879,0.2331994184406458
A2,past,46,2,-1,B0,maintenance,0,363,5533.041179383657,24932.48695906247,21231.464383603332,0.1344377039054554
A2,past,46,2,-1,B0,maintenance,1,363,3621.6527498997634,100547.91323442501,86319.49205308105,0.03369775670762339
A2,past,46,2,-1,B0,maintenance,2,363,12593.795135608329,44131.912599949326,37721.87914834362,0.1394046435826883
A2,past,46,2,-1,B0,retrieval,0,318,10490.453423108012,118883.41020621816,100850.8434170907,0.2548892056658912
A2,past,46,2,-1,B0,retrieval,1,318,41008.7621342666,294089.7540965822,229588.2435527623,0.38156703160444116
A2,past,46,2,-1,B0,retrieval,2,318,45384.23795609634,273909.131472237,223011.15224180178,0.5023722752685476
A2,past,47,2,-1,B0,encoding,0,205,1369.0497559248197,7366.998600815259,2613.95763080007,0.0332641489104838
A2,past,47,2,-1,B0,encoding,1,205,4542.950147346851,3284.6982669588288,380.14316405310905,0.04226999090522775
A2,past,47,2,-1,B0,encoding,2,205,465.9530849463472,1941.324637052426,1448.2165324086006,0.005157779925253801
A2,past,47,2,-1,B0,maintenance,0,362,6401.047995467081,24403.919991205945,28769.245590162875,0.1555278855154067
A2,past,47,2,-1,B0,maintenance,1,362,14793.564482614884,26921.77088333372,21358.11275881514,0.1376470830306667
A2,past,47,2,-1,B0,maintenance,2,362,13579.030049961406,5546.972855111497,5778.468556931204,0.15031051592709946
A2,past,47,2,-1,B0,retrieval,0,288,104051.87698086437,152089.6073546885,174211.1802737079,2.5281748273412514
A2,past,47,2,-1,B0,retrieval,1,288,71345.55289122212,26845.20470401307,51170.61272754593,0.6638364441664985
A2,past,47,2,-1,B0,retrieval,2,288,177441.42329652645,230245.20113157402,281276.12779278134,1.9641544193074045
A2,past,48,2,-1,B0,encoding,0,205,986.1468932061705,2363.071408906516,1702.053776394919,0.023960661006846854
A2,past,48,2,-1,B0,encoding,1,205,7432.040146954473,22255.392420393942,14797.059996190019,0.0691515995619108
A2,past,48,2,-1,B0,encoding,2,205,1208.14410198989,2761.149567218826,3987.9116490219667,0.013373323618567207
A2,past,48,2,-1,B0,maintenance,0,363,3855.3376165203435,16136.700974452968,19678.36930884672,0.09367411521832583
A2,past,48,2,-1,B0,maintenance,1,363,36266.402018106906,117630.3635141572,134876.5697935747,0.33744162576073944
A2,past,48,2,-1,B0,maintenance,2,363,16956.296833002125,44811.493463309496,52792.25173686324,0.18769453457309615
A2,past,48,2,-1,B0,retrieval,0,359,1337.0720413253696,11635.524901506014,18150.227130633,0.032487178273989656
A2,past,48,2,-1,B0,retrieval,1,359,11322.128626209389,31464.465114657356,55700.617846710986,0.1053470230874514
A2,past,48,2,-1,B0,retrieval,2,359,5742.302357096457,29172.198016594033,48871.51513838339,0.06356333454811237
A2,past,49,2,1,B0,encoding,0,205,14556.819335257791,999.766068846012,2503.762016497032,0.35369072886903563
A2,past,49,2,1,B0,encoding,1,205,63212.55691637437,14121.82783388081,6286.99761632893,0.5881627839371778
A2,past,49,2,1,B0,encoding,2,205,42365.084866184094,13392.8969248668,2728.318186448992,0.4689523287084547
A2,past,49,2,1,B0,maintenance,0,363,22861.17529398865,13310.683163149324,11399.736947878931,0.5554637703683807
A2,past,49,2,1,B0,maintenance,1,363,24919.75841116835,60116.86184572373,51831.928116775,0.23186650243470863
A2,past,49,2,1,B0,maintenance,2,363,18599.225228667925,39427.035568156185,34521.31295942492,0.20588062105167426
A2,past,49,2,1,B0,retrieval,0,357,15388.091293214015,144247.4956445523,124166.2012458176,0.3738883543204833
A2,past,49,2,1,B0,retrieval,1,357,27859.329158015826,137747.9028997212,94251.18617496073,0.259217810440385
A2,past,49,2,1,B0,retrieval,2,357,77749.75125810494,296276.5186647045,242417.0249787392,0.8606362296725769
A2,past,50,2,1,B0,encoding,0,205,2331.9272456816984,5353.329649016173,12510.10098564683,0.056659427324005925
A2,past,50,2,1,B0,encoding,1,205,45124.6267765214,53969.36032279958,69939.89828087621,0.4198631949679913
A2,past,50,2,1,B0,encoding,2,205,12047.130979283902,18510.537036149057,35977.1237974261,0.13335344765237137
A2,past,50,2,1,B0,maintenance,0,363,6700.841697845363,13653.369001838859,11180.818637955806,0.16281204908592642
A2,past,50,2,1,B0,maintenance,1,363,133444.70144774055,114382.71355865174,118472.96151965138,1.2416394927514403
A2,past,50,2,1,B0,maintenance,2,363,33350.350470338984,38936.9643069129,35143.89517445218,0.3691654239737459
A2,past,50,2,1,B0,retrieval,0,354,9235.358149524482,3932.1998463621144,3281.0901124930433,0.2243938376950432
A2,past,50,2,1,B0,retrieval,1,354,107345.18329833353,67880.63300791499,96231.23582018385,0.9987958869393534
A2,past,50,2,1,B0,retrieval,2,354,33699.51393538895,12698.321598765906,18754.902200304277,0.3730304231954468
A2,past,51,2,-1,B0,encoding,0,205,3285.3195012229153,42413.248325967696,27133.30192768689,0.07982424059772203
A2,past,51,2,-1,B0,encoding,1,205,93792.35157718924,190660.3305175854,155038.91486144278,0.8726932322739877
A2,past,51,2,-1,B0,encoding,2,205,47857.747874200155,211565.33448930937,157455.70890293448,0.529752327494151
A2,past,51,2,-1,B0,maintenance,0,362,8731.798538349607,84524.10905377129,92364.86529600045,0.21215872219326137
A2,past,51,2,-1,B0,maintenance,1,362,49174.44760461656,41619.823777408914,51696.44299027127,0.45754485204524536
A2,past,51,2,-1,B0,maintenance,2,362,10776.2918839017,226038.93055055809,244118.25347285203,0.11928613361120616
A2,past,51,2,-1,B0,retrieval,0,348,111845.47562944767,16074.233292641657,23563.610532958297,2.717537869022592
A2,past,51,2,-1,B0,retrieval,1,348,343392.2637034062,5404.288103588749,1279.318809580082,3.195101727485526
A2,past,51,2,-1,B0,retrieval,2,348,258701.64759957962,30222.05272766098,50251.129879405125,2.8636491692566812
A2,past,52,2,1,B0,encoding,0,205,23290.57557546664,1566.1253910323185,6340.429774720263,0.565897017840558
A2,past,52,2,1,B0,encoding,1,205,40549.22128059436,134356.50901372917,167273.6097810067,0.37729122247705077
A2,past,52,2,1,B0,encoding,2,205,12624.186615509112,33742.28242866414,61563.35782124307,0.13974105634610856
A2,past,52,2,1,B0,maintenance,0,362,9950.206115416158,237068.19787077577,224477.43928889057,0.24176267990320244
A2,past,52,2,1,B0,maintenance,1,362,53919.275962606975,469457.9029818008,436768.6810269012,0.5016932237055096
A2,past,52,2,1,B0,maintenance,2,362,18771.430129338296,529105.5505235334,502591.56893908384,0.20778681076991642
A2,past,52,2,1,B0,retrieval,0,271,8053.749866042468,378066.5520020158,344731.1260848295,0.19568400174824416
A2,past,52,2,1,B0,retrieval,1,271,44506.326266064556,222189.20302769655,165794.35970386813,0.41411020272594085
A2,past,52,2,1,B0,retrieval,2,271,14471.476122830607,772189.8019250256,682811.3856652093,0.1601892796647543
A2,past,53,2,1,B0,encoding,0,205,2554.6718394401582,946.6981988435333,2130.327162519376,0.06207150917400516
A2,past,53,2,1,B0,encoding,1,205,2467.1390700946217,813.8453909289736,2376.7297143964774,0.0229555558992291
A2,past,53,2,1,B0,encoding,2,205,3183.80715566824,1200.4956066720038,4440.438540528829,0.03524255373322813
A2,past,53,2,1,B0,maintenance,0,363,487.1623672848619,7099.819094036017,5005.684318393576,0.0118367075110434
A2,past,53,2,1,B0,maintenance,1,363,8178.213993073373,23099.7268217121,17109.48638903066,0.07609439238731414
A2,past,53,2,1,B0,maintenance,2,363,2456.5516246807665,21440.448738363106,16414.49045798129,0.027192335590152845
A2,past,53,2,1,B0,retrieval,0,344,7180.720385018221,3069.7387095215613,870.6078871886469,0.1744717831752125
A2,past,53,2,1,B0,retrieval,1,344,78208.66895398346,7984.656931130279,22983.85669903838,0.7276944756537843
A2,past,53,2,1,B0,retrieval,2,344,4291.960721879679,11560.151509883613,3170.2917813487197,0.047509050946272446
A2,past,54,2,-1,B0,encoding,0,205,21033.96886323927,18491.617139394373,9826.440173786606,0.5110676726081629
A2,past,54,2,-1,B0,encoding,1,205,1005.4637292193446,2612.1712313437693,7348.130254724149,0.009355361892857055
A2,past,54,2,-1,B0,encoding,2,205,27367.971511197702,22554.681931602536,9039.201879917864,0.30294460669066564
A2,past,54,2,-1,B0,maintenance,0,362,18089.20819321888,27827.095524515422,25028.73419711961,0.43951807624807737
A2,past,54,2,-1,B0,maintenance,1,362,222739.41666699774,310688.13712917187,284890.81047583406,2.0724843573835687
A2,past,54,2,-1,B0,maintenance,2,362,75961.9836756218,106567.06866733868,96870.25373262489,0.8408468730917251
A2,past,54,2,-1,B0,retrieval,0,334,47735.47399513907,77930.4491240611,63237.72237808795,1.1598409103942242
A2,past,54,2,-1,B0,retrieval,1,334,139835.13023298353,229351.45743555838,171431.49818263526,1.3010993938886966
A2,past,54,2,-1,B0,retrieval,2,334,170287.95448220705,238662.17466934596,190226.88293897634,1.8849704434127625
A2,past,55,2,-1,B0,encoding,0,205,16232.862713508715,27411.54285807265,17012.64643404544,0.39441397962985825
A2,past,55,2,-1,B0,encoding,1,205,29872.64408399271,6188.791761995861,1677.3181123377835,0.27795074847627865
A2,past,55,2,-1,B0,encoding,2,205,11415.83778770948,34486.9797984124,14431.187321467187,0.12636546655374456
A2,past,55,2,-1,B0,maintenance,0,363,48117.603721324755,80461.08485309957,88184.3260145496,1.1691256132035655
A2,past,55,2,-1,B0,maintenance,1,363,67827.59115806124,127774.67807279892,113853.31839353222,0.6311034830635697
A2,past,55,2,-1,B0,maintenance,2,363,39200.1947871376,17561.328457662883,18000.150060097894,0.43391917399241603
A2,past,55,2,-1,B0,retrieval,0,299,30690.562965198118,18165.124477413072,13976.910376035963,0.7456963870033305
A2,past,55,2,-1,B0,retrieval,1,299,146203.32690980553,284218.0590701534,219491.60958869266,1.3603524358286732
A2,past,55,2,-1,B0,retrieval,2,299,286305.56649905315,158737.97345794077,120294.6375972901,3.169205551128115
A2,past,56,2,1,B0,encoding,0,205,22274.285766901245,10459.276458197239,5269.97396573727,0.5412039667793935
A2,past,56,2,1,B0,encoding,1,205,106987.94869981932,61078.15128880702,43702.225418323505,0.9954719888686147
A2,past,56,2,1,B0,encoding,2,205,57957.69963144039,29628.647334605183,15644.164357355452,0.6415518414420498
A2,past,56,2,1,B0,maintenance,0,362,12771.336046666598,12869.50164192261,11724.901458682076,0.3103083888687216
A2,past,56,2,1,B0,maintenance,1,362,62841.01441013962,32815.276960236806,33265.543047315085,0.5847057575886451
A2,past,56,2,1,B0,maintenance,2,362,34346.17821108003,28484.37514300983,27128.2218093765,0.3801885516150113
A2,past,56,2,1,B0,retrieval,0,345,1242.1965885847217,41903.7353248993,31461.043500321255,0.030181965352211973
A2,past,56,2,1,B0,retrieval,1,345,5926.720071961651,53775.24687207151,27902.887509549582,0.055145312058059545
A2,past,56,2,1,B0,retrieval,2,345,4490.9770192840715,82302.72855297798,55476.214709983506,0.04971202437152385
A2,past,57,2,1,B0,encoding,0,205,1089.4774644487454,3655.3588809391076,9727.87657870456,0.026471310085847247
A2,past,57,2,1,B0,encoding,1,205,5606.079385386023,16843.725946229046,28575.437336199153,0.05216190293715753
A2,past,57,2,1,B0,encoding,2,205,4294.864389460283,13276.523080001067,30260.695309654024,0.04754119254773556
A2,past,57,2,1,B0,maintenance,0,363,2163.133518402069,3529.3391934403503,2300.159510527915,0.05255820335089159
A2,past,57,2,1,B0,maintenance,1,363,3644.255602491449,24962.98215785329,18109.203478170337,0.03390806550311849
A2,past,57,2,1,B0,maintenance,2,363,4383.130076805168,8437.156353529184,5756.143788521482,0.04851823295155345
A2,past,57,2,1,B0,retrieval,0,347,3003.08809750543,2919.812376061603,882.4264908638135,0.07296679264899399
A2,past,57,2,1,B0,retrieval,1,347,3277.2369354931443,19071.243549085597,5502.538242800297,0.030493131327552533
A2,past,57,2,1,B0,retrieval,2,347,2689.225857759568,12133.519381539178,4075.177407054802,0.02976787919586983
A2,past,44,2,-1,N0,encoding,0,205,16986.93350334235,6559.9048285563385,15612.123684462515,0.4127358287325064
A2,past,44,2,-1,N0,encoding,1,205,18994.865009985464,4989.7690485801295,4792.294389558329,0.1767381866796463
A2,past,44,2,-1,N0,encoding,2,205,35566.93053290008,10006.196601661284,26729.2904427232,0.39370143954860115
A2,past,44,2,-1,N0,maintenance,0,363,86010.7120067241,26706.354973888654,22833.906619899935,2.089824069363861
A2,past,44,2,-1,N0,maintenance,1,363,86054.47748667828,12405.507154504181,17950.158129827574,0.8006959932942215
A2,past,44,2,-1,N0,maintenance,2,363,221418.9897608651,62612.10381339676,54501.49266019292,2.4509558094031454
A2,past,44,2,-1,N0,retrieval,0,393,57393.228514150374,4413.653718280336,2630.500266329849,1.3944978197366276
A2,past,44,2,-1,N0,retrieval,1,393,118612.06960958682,28221.904792639856,53559.486886389575,1.103628906554382
A2,past,44,2,-1,N0,retrieval,2,393,257639.30881091728,40356.57174054717,22731.129162674803,2.851889810095851
A2,past,45,2,-1,N0,encoding,0,205,21329.21664142225,44913.93191821859,30945.066882600146,0.5182413827063275
A2,past,45,2,-1,N0,encoding,1,205,661222.9673451904,118048.59601801631,90152.42823076408,6.152365293361638
A2,past,45,2,-1,N0,encoding,2,205,3589742.4403076265,3170371.626504141,3410393.32337743,39.735977920571585
A2,past,45,2,-1,N0,maintenance,0,363,145988.66207144636,221569.24784706382,234550.79740355458,3.5471235237220737
A2,past,45,2,-1,N0,maintenance,1,363,505395.33272152586,40415.91676099148,47677.91367348761,4.702463250705005
A2,past,45,2,-1,N0,maintenance,2,363,2051877.7516303312,1580104.7125366656,1533078.1115668966,22.712874360843507
A2,past,45,2,-1,N0,retrieval,0,283,17074.083611102793,37933.37359945344,47518.19184304883,0.41485333698928273
A2,past,45,2,-1,N0,retrieval,1,283,147224.8413721397,23586.21010067336,8041.505336238027,1.369857142160888
A2,past,45,2,-1,N0,retrieval,2,283,2457984.424160018,1961943.4198515096,1818106.6935656674,27.208195694162775
A2,past,46,2,-1,N0,encoding,0,205,9955.890336957991,380.5204188261928,1579.6480082353185,0.24190079087469155
A2,past,46,2,-1,N0,encoding,1,205,5118.756077417364,2460.9639950612604,8023.4957419541815,0.04762759128335897
A2,past,46,2,-1,N0,encoding,2,205,19123.435361487365,933.59225677149,2472.630542194879,0.21168326639735763
A2,past,46,2,-1,N0,maintenance,0,363,6668.997596924062,24932.48695906247,21231.464383603332,0.16203832489483513
A2,past,46,2,-1,N0,maintenance,1,363,3600.0706844857486,100547.91323442501,86319.49205308105,0.03349694585142257
A2,past,46,2,-1,N0,maintenance,2,363,14773.945471954246,44131.912599949326,37721.87914834362,0.16353740716367224
A2,past,46,2,-1,N0,retrieval,0,318,10558.122388765116,118883.41020621816,100850.8434170907,0.2565333756754141
A2,past,46,2,-1,N0,retrieval,1,318,40451.637394977195,294089.7540965822,229588.2435527623,0.3763832508234452
A2,past,46,2,-1,N0,retrieval,2,318,45353.069179133505,273909.131472237,223011.15224180178,0.50202725836168
A2,past,47,2,-1,N0,encoding,0,205,1172.9306525952013,7366.998600815259,2613.95763080007,0.028498993349764187
A2,past,47,2,-1,N0,encoding,1,205,3805.9604069271018,3284.6982669588288,380.14316405310905,0.03541265181622575
A2,past,47,2,-1,N0,encoding,2,205,1073.675181585733,1941.324637052426,1448.2165324086006,0.011884845227419795
A2,past,47,2,-1,N0,maintenance,0,362,7390.2822704110395,24403.919991205945,28769.245590162875,0.179563561418845
A2,past,47,2,-1,N0,maintenance,1,362,14205.447323736284,26921.77088333372,21358.11275881514,0.1321749325225821
A2,past,47,2,-1,N0,maintenance,2,362,12143.064833157348,5546.972855111497,5778.468556931204,0.13441536938150359
A2,past,47,2,-1,N0,retrieval,0,288,103666.38695797176,152089.6073546885,174211.1802737079,2.5188084785511426
A2,past,47,2,-1,N0,retrieval,1,288,70839.8318493046,26845.20470401307,51170.61272754593,0.6591309503466025
A2,past,47,2,-1,N0,retrieval,2,288,177250.8491324148,230245.20113157402,281276.12779278134,1.9620448944868096
A2,past,48,2,-1,N0,encoding,0,205,1265.4758655743246,2363.071408906516,1702.053776394919,0.03074758784544813
A2,past,48,2,-1,N0,encoding,1,205,7545.143930060375,22255.392420393942,14797.059996190019,0.07020397648179082
A2,past,48,2,-1,N0,encoding,2,205,1908.4072229234841,2761.149567218826,3987.9116490219667,0.02112475436177766
A2,past,48,2,-1,N0,maintenance,0,363,4619.245540000619,16136.700974452968,19678.36930884672,0.11223497965044493
A2,past,48,2,-1,N0,maintenance,1,363,38188.27302220504,117630.3635141572,134876.5697935747,0.3553237215860024
A2,past,48,2,-1,N0,maintenance,2,363,18812.667131505474,44811.493463309496,52792.25173686324,0.2082432759996294
A2,past,48,2,-1,N0,retrieval,0,359,1216.5524610589064,11635.524901506014,18150.227130633,0.029558883486117255
A2,past,48,2,-1,N0,retrieval,1,359,9756.266992953242,31464.465114657356,55700.617846710986,0.09077742517204447
A2,past,48,2,-1,N0,retrieval,2,359,5262.859880670343,29172.198016594033,48871.51513838339,0.05825623634420347
A2,past,49,2,1,N0,encoding,0,205,14068.681039331374,999.766068846012,2503.762016497032,0.34183030897243577
A2,past,49,2,1,N0,encoding,1,205,60350.04552004648,14121.82783388081,6286.99761632893,0.561528476545635
A2,past,49,2,1,N0,encoding,2,205,39696.37765381192,13392.8969248668,2728.318186448992,0.43941157679361736
A2,past,49,2,1,N0,maintenance,0,363,23867.534044746208,13310.683163149324,11399.736947878931,0.5799155240009245
A2,past,49,2,1,N0,maintenance,1,363,26064.62035373352,60116.86184572373,51831.928116775,0.24251889841757754
A2,past,49,2,1,N0,maintenance,2,363,20429.16194720693,39427.035568156185,34521.31295942492,0.2261367609427795
A2,past,49,2,1,N0,retrieval,0,357,15270.120560735932,144247.4956445523,124166.2012458176,0.3710219895333402
A2,past,49,2,1,N0,retrieval,1,357,28993.40854775305,137747.9028997212,94251.18617496073,0.2697698798963959
A2,past,49,2,1,N0,retrieval,2,357,77484.39045129034,296276.5186647045,242417.0249787392,0.8576988681944463
A2,past,50,2,1,N0,encoding,0,205,2457.573118383982,5353.329649016173,12510.10098564683,0.05971227693846945
A2,past,50,2,1,N0,encoding,1,205,45918.634893902934,53969.36032279958,69939.89828087621,0.42725106294184434
A2,past,50,2,1,N0,encoding,2,205,12493.120810966477,18510.537036149057,35977.1237974261,0.13829024810511356
A2,past,50,2,1,N0,maintenance,0,363,6327.187625208335,13653.369001838859,11180.818637955806,0.15373328137904296
A2,past,50,2,1,N0,maintenance,1,363,133259.33046024747,114382.71355865174,118472.96151965138,1.239914703858478
A2,past,50,2,1,N0,maintenance,2,363,31848.544947764043,38936.9643069129,35143.89517445218,0.35254147056250446
A2,past,50,2,1,N0,retrieval,0,354,9011.923846723246,3932.1998463621144,3281.0901124930433,0.2189649978096223
A2,past,50,2,1,N0,retrieval,1,354,104236.12479254103,67880.63300791499,96231.23582018385,0.9698675759297287
A2,past,50,2,1,N0,retrieval,2,354,32924.965211134746,12698.321598765906,18754.902200304277,0.3644567019557875
A2,past,51,2,-1,N0,encoding,0,205,2668.8714325365404,42413.248325967696,27133.30192768689,0.06484624563178176
A2,past,51,2,-1,N0,encoding,1,205,89931.68223719533,190660.3305175854,155038.91486144278,0.8367715398501914
A2,past,51,2,-1,N0,encoding,2,205,43218.61329937051,211565.33448930937,157455.70890293448,0.4784003009626338
A2,past,51,2,-1,N0,maintenance,0,362,7747.861324329445,84524.10905377129,92364.86529600045,0.18825175032164843
A2,past,51,2,-1,N0,maintenance,1,362,47652.21927760576,41619.823777408914,51696.44299027127,0.4433812412964009
A2,past,51,2,-1,N0,maintenance,2,362,10157.018754671917,226038.93055055809,244118.25347285203,0.11243120632907802
A2,past,51,2,-1,N0,retrieval,0,348,112396.79629626022,16074.233292641657,23563.610532958297,2.7309334469984208
A2,past,51,2,-1,N0,retrieval,1,348,343679.7243474556,5404.288103588749,1279.318809580082,3.1977764120881473
A2,past,51,2,-1,N0,retrieval,2,348,259337.3697753722,30222.05272766098,50251.129879405125,2.8706861761620424
A2,past,52,2,1,N0,encoding,0,205,22559.565993390836,1566.1253910323185,6340.429774720263,0.5481354927477509
A2,past,52,2,1,N0,encoding,1,205,43627.87775365211,134356.50901372917,167273.6097810067,0.4059366570285331
A2,past,52,2,1,N0,encoding,2,205,12017.94292197947,33742.28242866414,61563.35782124307,0.13303035594875215
A2,past,52,2,1,N0,maintenance,0,362,9796.496762772007,237068.19787077577,224477.43928889057,0.23802796480379748
A2,past,52,2,1,N0,maintenance,1,362,51100.56344906342,469457.9029818008,436768.6810269012,0.4754664440914914
A2,past,52,2,1,N0,maintenance,2,362,17697.900794511846,529105.5505235334,502591.56893908384,0.19590357996573257
A2,past,52,2,1,N0,retrieval,0,271,8345.134881846441,378066.5520020158,344731.1260848295,0.20276385732985483
A2,past,52,2,1,N0,retrieval,1,271,45070.83514809994,222189.20302769655,165794.35970386813,0.4193626894439587
A2,past,52,2,1,N0,retrieval,2,271,15089.759785125683,772189.8019250256,682811.3856652093,0.16703325422898566
A2,past,53,2,1,N0,encoding,0,205,2418.7486120818767,946.6981988435333,2130.327162519376,0.058768948068630915
A2,past,53,2,1,N0,encoding,1,205,2239.511357969965,813.8453909289736,2376.7297143964774,0.020837588277042813
A2,past,53,2,1,N0,encoding,2,205,2966.809869528235,1200.4956066720038,4440.438540528829,0.03284054313935826
A2,past,53,2,1,N0,maintenance,0,363,437.0516913289444,7099.819094036017,5005.684318393576,0.01061915571660433
A2,past,53,2,1,N0,maintenance,1,363,7556.82158170086,23099.7268217121,17109.48638903066,0.07031263147747153
A2,past,53,2,1,N0,maintenance,2,363,1900.429306798152,21440.448738363106,16414.49045798129,0.021036444321634165
A2,past,53,2,1,N0,retrieval,0,344,7296.60815839093,3069.7387095215613,870.6078871886469,0.17728753777703857
A2,past,53,2,1,N0,retrieval,1,344,78585.93634924506,7984.656931130279,22983.85669903838,0.7312047693724729
A2,past,53,2,1,N0,retrieval,2,344,4493.338500763079,11560.151509883613,3170.2917813487197,0.04973816434604014
A2,past,54,2,-1,N0,encoding,0,205,19919.965190833012,18491.617139394373,9826.440173786606,0.48400044303131273
A2,past,54,2,-1,N0,encoding,1,205,841.9893526545933,2612.1712313437693,7348.130254724149,0.007834310552536845
A2,past,54,2,-1,N0,encoding,2,205,25625.80138030763,22554.681931602536,9039.201879917864,0.28365998251328445
A2,past,54,2,-1,N0,maintenance,0,362,17860.009078528434,27827.095524515422,25028.73419711961,0.4339491672670711
A2,past,54,2,-1,N0,maintenance,1,362,218126.23086268804,310688.13712917187,284890.81047583406,2.0295608570880224
A2,past,54,2,-1,N0,maintenance,2,362,73378.23733945785,106567.06866733868,96870.25373262489,0.8122465795961922
A2,past,54,2,-1,N0,retrieval,0,334,48038.04968296695,77930.4491240611,63237.72237808795,1.1671926685703171
A2,past,54,2,-1,N0,retrieval,1,334,140611.92948700726,229351.45743555838,171431.49818263526,1.3083271415719824
A2,past,54,2,-1,N0,retrieval,2,334,170720.8570785059,238662.17466934596,190226.88293897634,1.8897623771780203
A2,past,55,2,-1,N0,encoding,0,205,15587.707392648703,27411.54285807265,17012.64643404544,0.37873847728189475
A2,past,55,2,-1,N0,encoding,1,205,28370.42232568069,6188.791761995861,1677.3181123377835,0.2639732893358633
A2,past,55,2,-1,N0,encoding,2,205,10113.74948414974,34486.9797984124,14431.187321467187,0.1119522452875273
A2,past,55,2,-1,N0,maintenance,0,363,51626.80440582811,80461.08485309957,88184.3260145496,1.254389551654975
A2,past,55,2,-1,N0,maintenance,1,363,66756.4592758964,127774.67807279892,113853.31839353222,0.6211371102333837
A2,past,55,2,-1,N0,maintenance,2,363,37660.939099741205,17561.328457662883,18000.150060097894,0.4168806730343206
A2,past,55,2,-1,N0,retrieval,0,299,30523.72897880946,18165.124477413072,13976.910376035963,0.7416427793513478
A2,past,55,2,-1,N0,retrieval,1,299,148516.50061476926,284218.0590701534,219491.60958869266,1.3818754172173493
A2,past,55,2,-1,N0,retrieval,2,299,286448.2928682124,158737.97345794077,120294.6375972901,3.1707854337932093
A2,past,56,2,1,N0,encoding,0,205,21784.43029355185,10459.276458197239,5269.97396573727,0.5293018241877224
A2,past,56,2,1,N0,encoding,1,205,103966.09982973155,61078.15128880702,43702.225418323505,0.9673551220502143
A2,past,56,2,1,N0,encoding,2,205,56153.94084159139,29628.647334605183,15644.164357355452,0.6215854732027356
A2,past,56,2,1,N0,maintenance,0,362,13406.636629594756,12869.50164192261,11724.901458682076,0.3257444481514345
A2,past,56,2,1,N0,maintenance,1,362,66080.4958547963,32815.276960236806,33265.543047315085,0.614847592027058
A2,past,56,2,1,N0,maintenance,2,362,36754.14717301035,28484.37514300983,27128.2218093765,0.4068431105689638
A2,past,56,2,1,N0,retrieval,0,345,1189.9936993446877,41903.7353248993,31461.043500321255,0.02891357852132944
A2,past,56,2,1,N0,retrieval,1,345,6610.890752383603,53775.24687207151,27902.887509549582,0.06151119490974549
A2,past,56,2,1,N0,retrieval,2,345,4283.177900478405,82302.72855297798,55476.214709983506,0.04741183115875715
A2,past,57,2,1,N0,encoding,0,205,1189.178655388438,3655.3588809391076,9727.87657870456,0.028893775191748503
A2,past,57,2,1,N0,encoding,1,205,6464.392928140285,16843.725946229046,28575.437336199153,0.06014810231626475
A2,past,57,2,1,N0,encoding,2,205,5015.320597474103,13276.523080001067,30260.695309654024,0.05551614686560648
A2,past,57,2,1,N0,maintenance,0,363,2237.1271505967684,3529.3391934403503,2300.159510527915,0.054356045386288895
A2,past,57,2,1,N0,maintenance,1,363,3232.057556034705,24962.98215785329,18109.203478170337,0.030072758684914713
A2,past,57,2,1,N0,maintenance,2,363,4513.300080013151,8437.156353529184,5756.143788521482,0.04995912528837244
A2,past,57,2,1,N0,retrieval,0,347,2869.5906408190067,2919.812376061603,882.4264908638135,0.06972317110845452
A2,past,57,2,1,N0,retrieval,1,347,3195.1450074919585,19071.243549085597,5502.538242800297,0.029729304972991
A2,past,57,2,1,N0,retrieval,2,347,2335.6716838165758,12133.519381539178,4075.177407054802,0.02585427784893845
A2,past,44,2,-1,N1,encoding,0,205,25054.711710193962,6559.9048285563385,15612.123684462515,0.608760680632926
A2,past,44,2,-1,N1,encoding,1,205,23915.876096819495,4989.7690485801295,4792.294389558329,0.22252585485524384
A2,past,44,2,-1,N1,encoding,2,205,49938.890366949534,10006.196601661284,26729.2904427232,0.5527891423956585
A2,past,44,2,-1,N1,maintenance,0,363,74733.45463426808,26706.354973888654,22833.906619899935,1.8158176887222595
A2,past,44,2,-1,N1,maintenance,1,363,78127.20465204354,12405.507154504181,17950.158129827574,0.7269364890612808
A2,past,44,2,-1,N1,maintenance,2,363,196359.92751446017,62612.10381339676,54501.49266019292,2.173569239003949
A2,past,44,2,-1,N1,retrieval,0,393,51170.11603035556,4413.653718280336,2630.500266329849,1.2432932784467423
A2,past,44,2,-1,N1,retrieval,1,393,109527.65539680042,28221.904792639856,53559.486886389575,1.0191027520294282
A2,past,44,2,-1,N1,retrieval,2,393,235510.81943982086,40356.57174054717,22731.129162674803,2.60694266425267
A2,past,45,2,-1,N1,encoding,0,205,13335.553574665286,44913.93191821859,30945.066882600146,0.32401732514954734
A2,past,45,2,-1,N1,encoding,1,205,664025.8196099978,118048.59601801631,90152.42823076408,6.178444500902863
A2,past,45,2,-1,N1,encoding,2,205,3686166.75882789,3170371.626504141,3410393.32337743,40.80332875574709
A2,past,45,2,-1,N1,maintenance,0,363,170649.71943687543,221569.24784706382,234550.79740355458,4.146319484967081
A2,past,45,2,-1,N1,maintenance,1,363,559499.2302184774,40415.91676099148,47677.91367348761,5.2058742899983015
A2,past,45,2,-1,N1,maintenance,2,363,1976364.6958852974,1580104.7125366656,1533078.1115668966,21.876996810937055
A2,past,45,2,-1,N1,retrieval,0,283,25509.830835271645,37933.37359945344,47518.19184304883,0.619818825366582
A2,past,45,2,-1,N1,retrieval,1,283,198806.38545582045,23586.21010067336,8041.505336238027,1.8497988823466454
A2,past,45,2,-1,N1,retrieval,2,283,2293703.9773309315,1961943.4198515096,1818106.6935656674,25.389724225378846
A2,past,46,2,-1,N1,encoding,0,205,4911.744249890143,380.5204188261928,1579.6480082353185,0.11934189493952213
A2,past,46,2,-1,N1,encoding,1,205,2627.9201413770343,2460.9639950612604,8023.4957419541815,0.024451547314589317
A2,past,46,2,-1,N1,encoding,2,205,9735.257608726759,933.59225677149,2472.630542194879,0.10776260075034588
A2,past,46,2,-1,N1,maintenance,0,363,7512.409719330033,24932.48695906247,21231.464383603332,0.18253092299888823
A2,past,46,2,-1,N1,maintenance,1,363,1804.3391539724676,100547.91323442501,86319.49205308105,0.016788517847351896
A2,past,46,2,-1,N1,maintenance,2,363,14739.213127238881,44131.912599949326,37721.87914834362,0.1631529440146611
A2,past,46,2,-1,N1,retrieval,0,318,8296.316536886323,118883.41020621816,100850.8434170907,0.20157770562916674
A2,past,46,2,-1,N1,retrieval,1,318,35331.46233013426,294089.7540965822,229588.2435527623,0.3287424565368331
A2,past,46,2,-1,N1,retrieval,2,318,36969.119982092525,273909.131472237,223011.15224180178,0.40922271159529283
A2,past,47,2,-1,N1,encoding,0,205,196.02425817899993,7366.998600815259,2613.95763080007,0.0047628510840561815
A2,past,47,2,-1,N1,encoding,1,205,2253.8920009812623,3284.6982669588288,380.14316405310905,0.02097139332213094
A2,past,47,2,-1,N1,encoding,2,205,4280.5972419710515,1941.324637052426,1448.2165324086006,0.04738326504540112
A2,past,47,2,-1,N1,maintenance,0,362,11529.454286042786,24403.919991205945,28769.245590162875,0.28013407297127013
A2,past,47,2,-1,N1,maintenance,1,362,10298.441285962557,26921.77088333372,21358.11275881514,0.0958220991594833
A2,past,47,2,-1,N1,maintenance,2,362,7223.739900221625,5546.972855111497,5778.468556931204,0.07996182844654451
A2,past,47,2,-1,N1,retrieval,0,288,122168.90055843216,152089.6073546885,174211.1802737079,2.9683687410327675
A2,past,47,2,-1,N1,retrieval,1,288,87515.31785194691,26845.20470401307,51170.61272754593,0.8142884182496126
A2,past,47,2,-1,N1,retrieval,2,288,216776.528908591,230245.20113157402,281276.12779278134,2.3995669632698635
A2,past,48,2,-1,N1,encoding,0,205,1114.7115902521607,2363.071408906516,1702.053776394919,0.027084430036176346
A2,past,48,2,-1,N1,encoding,1,205,4095.9417922245793,22255.392420393942,14797.059996190019,0.03811079071752279
A2,past,48,2,-1,N1,encoding,2,205,2188.466934882706,2761.149567218826,3987.9116490219667,0.024224822602300123
A2,past,48,2,-1,N1,maintenance,0,363,8616.516703090589,16136.700974452968,19678.36930884672,0.2093576902233609
A2,past,48,2,-1,N1,maintenance,1,363,43659.40808684463,117630.3635141572,134876.5697935747,0.40623003178591743
A2,past,48,2,-1,N1,maintenance,2,363,29330.935566325345,44811.493463309496,52792.25173686324,0.3246732676323524
A2,past,48,2,-1,N1,retrieval,0,359,2524.327299965635,11635.524901506014,18150.227130633,0.06133422020745573
A2,past,48,2,-1,N1,retrieval,1,359,9505.004343692823,31464.465114657356,55700.617846710986,0.0884395456984465
A2,past,48,2,-1,N1,retrieval,2,359,10325.25717270795,29172.198016594033,48871.51513838339,0.11429348981476978
A2,past,49,2,1,N1,encoding,0,205,6845.272139598031,999.766068846012,2503.762016497032,0.16632131213562637
A2,past,49,2,1,N1,encoding,1,205,41556.25322228187,14121.82783388081,6286.99761632893,0.3866611758412241
A2,past,49,2,1,N1,encoding,2,205,22395.94969817719,13392.8969248668,2728.318186448992,0.2479077475655155
A2,past,49,2,1,N1,maintenance,0,363,26418.32079449197,13310.683163149324,11399.736947878931,0.6418926361659345
A2,past,49,2,1,N1,maintenance,1,363,18922.397863494476,60116.86184572373,51831.928116775,0.17606391434036234
A2,past,49,2,1,N1,maintenance,2,363,17403.955570773298,39427.035568156185,34521.31295942492,0.19264980866749662
A2,past,49,2,1,N1,retrieval,0,357,12920.620885318083,144247.4956445523,124166.2012458176,0.3139356004302371
A2,past,49,2,1,N1,retrieval,1,357,22849.182568575507,137747.9028997212,94251.18617496073,0.21260077879781195
A2,past,49,2,1,N1,retrieval,2,357,69085.16824726104,296276.5186647045,242417.0249787392,0.7647252597534234
A2,past,50,2,1,N1,encoding,0,205,7545.255317430656,5353.329649016173,12510.10098564683,0.1833289808207787
A2,past,50,2,1,N1,encoding,1,205,67660.7491378615,53969.36032279958,69939.89828087621,0.6295510974005724
A2,past,50,2,1,N1,encoding,2,205,28531.10656013156,18510.537036149057,35977.1237974261,0.3158197110725605
A2,past,50,2,1,N1,maintenance,0,363,9387.718649539816,13653.369001838859,11180.818637955806,0.22809577938025405
A2,past,50,2,1,N1,maintenance,1,363,162620.3475109513,114382.71355865174,118472.96151965138,1.5131050060735047
A2,past,50,2,1,N1,maintenance,2,363,44935.834421840846,38936.9643069129,35143.89517445218,0.4974087567897246
A2,past,50,2,1,N1,retrieval,0,354,14385.578032526118,3932.1998463621144,3281.0901124930433,0.349530035534816
A2,past,50,2,1,N1,retrieval,1,354,126598.82873676598,67880.63300791499,96231.23582018385,1.1779419024531534
A2,past,50,2,1,N1,retrieval,2,354,50112.96493972739,12698.321598765906,18754.902200304277,0.5547160280971969
A2,past,51,2,-1,N1,encoding,0,205,1927.1731598423717,42413.248325967696,27133.30192768689,0.04682501471393169
A2,past,51,2,-1,N1,encoding,1,205,80407.56578455938,190660.3305175854,155038.91486144278,0.7481541650660181
A2,past,51,2,-1,N1,encoding,2,205,31850.859768722323,211565.33448930937,157455.70890293448,0.3525670940371736
A2,past,51,2,-1,N1,maintenance,0,362,8112.713452484528,84524.10905377129,92364.86529600045,0.1971166549525683
A2,past,51,2,-1,N1,maintenance,1,362,44316.518880694995,41619.823777408914,51696.44299027127,0.41234413526028707
A2,past,51,2,-1,N1,maintenance,2,362,9007.249418642497,226038.93055055809,244118.25347285203,0.09970405118913987
A2,past,51,2,-1,N1,retrieval,0,348,105262.11134105193,16074.233292641657,23563.610532958297,2.557580198329152
A2,past,51,2,-1,N1,retrieval,1,348,333677.1364934245,5404.288103588749,1279.318809580082,3.104707088431675
A2,past,51,2,-1,N1,retrieval,2,348,244226.3218207254,30222.05272766098,50251.129879405125,2.7034172765495432
A2,past,52,2,1,N1,encoding,0,205,14213.71949877211,1566.1253910323185,6340.429774720263,0.34535434518200697
A2,past,52,2,1,N1,encoding,1,205,55264.51478693708,134356.50901372917,167273.6097810067,0.5142100312920955
A2,past,52,2,1,N1,encoding,2,205,3507.5403752304205,33742.28242866414,61563.35782124307,0.03882605764154083
A2,past,52,2,1,N1,maintenance,0,362,4356.985796556238,237068.19787077577,224477.43928889057,0.10586278819326446
A2,past,52,2,1,N1,maintenance,1,362,44861.90658006556,469457.9029818008,436768.6810269012,0.41741870846591206
A2,past,52,2,1,N1,maintenance,2,362,7117.291793991569,529105.5505235334,502591.56893908384,0.07878352118100104
A2,past,52,2,1,N1,retrieval,0,271,4052.470203710177,378066.5520020158,344731.1260848295,0.09846389565326835
A2,past,52,2,1,N1,retrieval,1,271,62413.3245740325,222189.20302769655,165794.35970386813,0.5807263070342372
A2,past,52,2,1,N1,retrieval,2,271,5340.370139863679,772189.8019250256,682811.3856652093,0.05911422156156637
A2,past,53,2,1,N1,encoding,0,205,826.8539965766231,946.6981988435333,2130.327162519376,0.020090281124058616
A2,past,53,2,1,N1,encoding,1,205,687.4414607335768,813.8453909289736,2376.7297143964774,0.006396315907198574
A2,past,53,2,1,N1,encoding,2,205,1028.8583580100637,1200.4956066720038,4440.438540528829,0.011388753838779573
A2,past,53,2,1,N1,maintenance,0,363,2686.70698708736,7099.819094036017,5005.684318393576,0.065279600621191
A2,past,53,2,1,N1,maintenance,1,363,10187.03267437981,23099.7268217121,17109.48638903066,0.09478549500455612
A2,past,53,2,1,N1,maintenance,2,363,1431.1181825475196,21440.448738363106,16414.49045798129,0.015841493212689524
A2,past,53,2,1,N1,retrieval,0,344,12930.704355377526,3069.7387095215613,870.6078871886469,0.3141806010579645
A2,past,53,2,1,N1,retrieval,1,344,101789.4080352882,7984.656931130279,22983.85669903838,0.9471020399404891
A2,past,53,2,1,N1,retrieval,2,344,13131.436613798025,11560.151509883613,3170.2917813487197,0.14535596467654885
A2,past,54,2,-1,N1,encoding,0,205,11807.868529593828,18491.617139394373,9826.440173786606,0.2868987744119606
A2,past,54,2,-1,N1,encoding,1,205,1615.4747389815645,2612.1712313437693,7348.130254724149,0.015031224272680164
A2,past,54,2,-1,N1,encoding,2,205,14407.98087997984,22554.681931602536,9039.201879917864,0.15948643103147936
A2,past,54,2,-1,N1,maintenance,0,362,10495.231943156556,27827.095524515422,25028.73419711961,0.25500531057864445
A2,past,54,2,-1,N1,maintenance,1,362,202686.16294573285,310688.13712917187,284890.81047583406,1.8858983670193272
A2,past,54,2,-1,N1,maintenance,2,362,54317.87488590196,106567.06866733868,96870.25373262489,0.6012614868752552
A2,past,54,2,-1,N1,retrieval,0,334,39305.886508193646,77930.4491240611,63237.72237808795,0.9550250867134509
A2,past,54,2,-1,N1,retrieval,1,334,124149.44270344052,229351.45743555838,171431.49818263526,1.1551515301193238
A2,past,54,2,-1,N1,retrieval,2,334,146108.45642940994,238662.17466934596,190226.88293897634,1.61732004321466
A2,past,55,2,-1,N1,encoding,0,205,8568.437959528339,27411.54285807265,17012.64643404544,0.20818950880529175
A2,past,55,2,-1,N1,encoding,1,205,23566.534148785962,6188.791761995861,1677.3181123377835,0.21927539414419767
A2,past,55,2,-1,N1,encoding,2,205,7970.9833366164075,34486.9797984124,14431.187321467187,0.08823329894439186
A2,past,55,2,-1,N1,maintenance,0,363,60127.64234454657,80461.08485309957,88184.3260145496,1.4609365656211708
A2,past,55,2,-1,N1,maintenance,1,363,54948.72565361216,127774.67807279892,113853.31839353222,0.5112717635672319
A2,past,55,2,-1,N1,maintenance,2,363,25231.14927441148,17561.328457662883,18000.150060097894,0.2792914553481845
A2,past,55,2,-1,N1,retrieval,0,299,23097.201653253192,18165.124477413072,13976.910376035963,0.5611985626411945
A2,past,55,2,-1,N1,retrieval,1,299,126921.98340923675,284218.0590701534,219491.60958869266,1.1809487030173855
A2,past,55,2,-1,N1,retrieval,2,299,244737.32239653455,158737.97345794077,120294.6375972901,2.7090737011915333
A2,past,56,2,1,N1,encoding,0,205,12608.296165501006,10459.276458197239,5269.97396573727,0.3063469675529738
A2,past,56,2,1,N1,encoding,1,205,78905.99090362509,61078.15128880702,43702.225418323505,0.7341827248120062
A2,past,56,2,1,N1,encoding,2,205,33505.11894761072,29628.647334605183,15644.164357355452,0.37087860448681453
A2,past,56,2,1,N1,maintenance,0,362,12551.123736678188,12869.50164192261,11724.901458682076,0.3049578345592999
A2,past,56,2,1,N1,maintenance,1,362,68128.35182918885,32815.276960236806,33265.543047315085,0.6339019180938634
A2,past,56,2,1,N1,maintenance,2,362,34486.842355055946,28484.37514300983,27128.2218093765,0.3817456068667982
A2,past,56,2,1,N1,retrieval,0,345,894.6402458049188,41903.7353248993,31461.043500321255,0.021737300802236775
A2,past,56,2,1,N1,retrieval,1,345,10984.929036032794,53775.24687207151,27902.887509549582,0.10220954124245796
A2,past,56,2,1,N1,retrieval,2,345,3052.729167343271,82302.72855297798,55476.214709983506,0.033791610626148966
A2,past,57,2,1,N1,encoding,0,205,4739.247402564141,3655.3588809391076,9727.87657870456,0.11515069532007148
A2,past,57,2,1,N1,encoding,1,205,15239.453194593834,16843.725946229046,28575.437336199153,0.14179586547132392
A2,past,57,2,1,N1,encoding,2,205,15999.205132139721,13276.523080001067,30260.695309654024,0.17710018823047344
A2,past,57,2,1,N1,maintenance,0,363,5242.8193722420065,3529.3391934403503,2300.159510527915,0.1273861110995328
A2,past,57,2,1,N1,maintenance,1,363,6908.823804267964,24962.98215785329,18109.203478170337,0.06428332028754069
A2,past,57,2,1,N1,maintenance,2,363,12336.193096432855,8437.156353529184,5756.143788521482,0.1365531663218033
A2,past,57,2,1,N1,retrieval,0,347,5139.305300517833,2919.812376061603,882.4264908638135,0.12487100346282211
A2,past,57,2,1,N1,retrieval,1,347,6768.562383410876,19071.243549085597,5502.538242800297,0.06297825446209993
A2,past,57,2,1,N1,retrieval,2,347,6292.051709173626,12133.519381539178,4075.177407054802,0.06964868147180836
A2,past,44,2,-1,N2,encoding,0,205,26297.298138167083,6559.9048285563385,15612.123684462515,0.6389521180115639
A2,past,44,2,-1,N2,encoding,1,205,23339.605630836544,4989.7690485801295,4792.294389558329,0.21716393219133862
A2,past,44,2,-1,N2,encoding,2,205,51384.53084378502,10006.196601661284,26729.2904427232,0.5687913874101216
A2,past,44,2,-1,N2,maintenance,0,363,75674.44163265501,26706.354973888654,22833.906619899935,1.8386810883187388
A2,past,44,2,-1,N2,maintenance,1,363,82332.04868996462,12405.507154504181,17950.158129827574,0.7660605633909597
A2,past,44,2,-1,N2,maintenance,2,363,202276.79294251133,62612.10381339676,54501.49266019292,2.2390648665921735
A2,past,44,2,-1,N2,retrieval,0,393,56052.95284964867,4413.653718280336,2630.500266329849,1.3619328022183521
A2,past,44,2,-1,N2,retrieval,1,393,125645.1172299476,28221.904792639856,53559.486886389575,1.1690680703810654
A2,past,44,2,-1,N2,retrieval,2,393,254649.39282386994,40356.57174054717,22731.129162674803,2.8187934981399723
A2,past,45,2,-1,N2,encoding,0,205,15383.696562516985,44913.93191821859,30945.066882600146,0.3737815744348768
A2,past,45,2,-1,N2,encoding,1,205,707367.142339682,118048.59601801631,90152.42823076408,6.5817148996930035
A2,past,45,2,-1,N2,encoding,2,205,3573744.2596882586,3170371.626504141,3410393.32337743,39.55888907299231
A2,past,45,2,-1,N2,maintenance,0,363,184646.63126335805,221569.24784706382,234550.79740355458,4.486405999184755
A2,past,45,2,-1,N2,maintenance,1,363,605681.9920184332,40415.91676099148,47677.91367348761,5.63558292820612
A2,past,45,2,-1,N2,maintenance,2,363,1855603.1102656452,1580104.7125366656,1533078.1115668966,20.54024918081335
A2,past,45,2,-1,N2,retrieval,0,283,26208.538174676047,37933.37359945344,47518.19184304883,0.6367954946820776
A2,past,45,2,-1,N2,retrieval,1,283,199798.96047479482,23586.21010067336,8041.505336238027,1.8590343209193767
A2,past,45,2,-1,N2,retrieval,2,283,2237302.0507599814,1961943.4198515096,1818106.6935656674,24.76539372084579
A2,past,46,2,-1,N2,encoding,0,205,4740.80158994203,380.5204188261928,1579.6480082353185,0.11518845780470667
A2,past,46,2,-1,N2,encoding,1,205,3175.1976040674776,2460.9639950612604,8023.4957419541815,0.029543703869305517
A2,past,46,2,-1,N2,encoding,2,205,9820.622945991456,933.59225677149,2472.630542194879,0.10870753627514676
A2,past,46,2,-1,N2,maintenance,0,363,7983.194722081757,24932.48695906247,21231.464383603332,0.1939697055329658
A2,past,46,2,-1,N2,maintenance,1,363,2339.4536044678403,100547.91323442501,86319.49205308105,0.021767503357220486
A2,past,46,2,-1,N2,maintenance,2,363,15581.841697224021,44131.912599949326,37721.87914834362,0.17248026228580232
A2,past,46,2,-1,N2,retrieval,0,318,9534.569144782732,118883.41020621816,100850.8434170907,0.2316638430829782
A2,past,46,2,-1,N2,retrieval,1,318,40096.998421931465,294089.7540965822,229588.2435527623,0.3730835038134462
A2,past,46,2,-1,N2,retrieval,2,318,42534.570017323415,273909.131472237,223011.15224180178,0.47082841267144787
A2,past,47,2,-1,N2,encoding,0,205,281.24222355758303,7366.998600815259,2613.95763080007,0.0068334135876715035
A2,past,47,2,-1,N2,encoding,1,205,2446.6965566787053,3284.6982669588288,380.14316405310905,0.02276534803250279
A2,past,47,2,-1,N2,encoding,2,205,4562.324959108247,1941.324637052426,1448.2165324086006,0.05050179695512146
A2,past,47,2,-1,N2,maintenance,0,362,11292.768962333774,24403.919991205945,28769.245590162875,0.2743832696723322
A2,past,47,2,-1,N2,maintenance,1,362,10993.094090569344,26921.77088333372,21358.11275881514,0.10228551319235976
A2,past,47,2,-1,N2,maintenance,2,362,7557.805632798271,5546.972855111497,5778.468556931204,0.08365970616184591
A2,past,47,2,-1,N2,retrieval,0,288,112130.5955330926,152089.6073546885,174211.1802737079,2.7244654995861586
A2,past,47,2,-1,N2,retrieval,1,288,71775.24308199558,26845.20470401307,51170.61272754593,0.667834507069889
A2,past,47,2,-1,N2,retrieval,2,288,191988.43768422783,230245.20113157402,281276.12779278134,2.125179855569735
A2,past,48,2,-1,N2,encoding,0,205,1369.7180049582541,2363.071408906516,1702.053776394919,0.033280385526619376
A2,past,48,2,-1,N2,encoding,1,205,4719.876306061646,22255.392420393942,14797.059996190019,0.04391620468200426
A2,past,48,2,-1,N2,encoding,2,205,2382.0707086385314,2761.149567218826,3987.9116490219667,0.026367883116313356
A2,past,48,2,-1,N2,maintenance,0,363,8162.6731015619725,16136.700974452968,19678.36930884672,0.19833053720866278
A2,past,48,2,-1,N2,maintenance,1,363,43077.87197644352,117630.3635141572,134876.5697935747,0.400819114804565
A2,past,48,2,-1,N2,maintenance,2,363,27600.657788256824,44811.493463309496,52792.25173686324,0.3055202836149546
A2,past,48,2,-1,N2,retrieval,0,359,1587.7001216884853,11635.524901506014,18150.227130633,0.03857675226519615
A2,past,48,2,-1,N2,retrieval,1,359,9656.845933548624,31464.465114657356,55700.617846710986,0.08985235948994015
A2,past,48,2,-1,N2,retrieval,2,359,6640.922740380325,29172.198016594033,48871.51513838339,0.07351044365215256
A2,past,49,2,1,N2,encoding,0,205,5108.685341076789,999.766068846012,2503.762016497032,0.12412702254753986
A2,past,49,2,1,N2,encoding,1,205,30398.509598122946,14121.82783388081,6286.99761632893,0.2828436770312265
A2,past,49,2,1,N2,encoding,2,205,16722.298362963233,13392.8969248668,2728.318186448992,0.18510433257573047
A2,past,49,2,1,N2,maintenance,0,363,21506.816918784993,13310.683163149324,11399.736947878931,0.5225565816588644
A2,past,49,2,1,N2,maintenance,1,363,9334.532139400275,60116.86184572373,51831.928116775,0.08685338289865246
A2,past,49,2,1,N2,maintenance,2,363,9283.398841141961,39427.035568156185,34521.31295942492,0.10276083521687561
A2,past,49,2,1,N2,retrieval,0,357,8032.491547840014,144247.4956445523,124166.2012458176,0.19516748300287892
A2,past,49,2,1,N2,retrieval,1,357,11390.42162046144,137747.9028997212,94251.18617496073,0.105982456925001
A2,past,49,2,1,N2,retrieval,2,357,46461.67876716143,296276.5186647045,242417.0249787392,0.5142988034223438
A2,past,50,2,1,N2,encoding,0,205,9440.550622312876,5353.329649016173,12510.10098564683,0.2293794512131821
A2,past,50,2,1,N2,encoding,1,205,83194.30737715872,53969.36032279958,69939.89828087621,0.7740834704631264
A2,past,50,2,1,N2,encoding,2,205,36098.41263400927,18510.537036149057,35977.1237974261,0.3995845805778066
A2,past,50,2,1,N2,maintenance,0,363,13064.34692294267,13653.369001838859,11180.818637955806,0.3174277483943032
A2,past,50,2,1,N2,maintenance,1,363,185092.77041119355,114382.71355865174,118472.96151965138,1.7222002153102673
A2,past,50,2,1,N2,maintenance,2,363,59136.65252092126,38936.9643069129,35143.89517445218,0.6546020384310548
A2,past,50,2,1,N2,retrieval,0,354,20000.217979141995,3932.1998463621144,3281.0901124930433,0.48595036536922515
A2,past,50,2,1,N2,retrieval,1,354,160697.68438610077,67880.63300791499,96231.23582018385,1.4952155399413019
A2,past,50,2,1,N2,retrieval,2,354,68699.79040670929,12698.321598765906,18754.902200304277,0.7604593923220182
A2,past,51,2,-1,N2,encoding,0,205,1865.5640740062017,42413.248325967696,27133.30192768689,0.04532808314031715
A2,past,51,2,-1,N2,encoding,1,205,78967.13150495355,190660.3305175854,155038.91486144278,0.7347516090344324
A2,past,51,2,-1,N2,encoding,2,205,29980.005938559734,211565.33448930937,157455.70890293448,0.33185802988448554
A2,past,51,2,-1,N2,maintenance,0,362,7945.677252433806,84524.10905377129,92364.86529600045,0.19305813406398653
A2,past,51,2,-1,N2,maintenance,1,362,49416.66906927188,41619.823777408914,51696.44299027127,0.45979860759526175
A2,past,51,2,-1,N2,maintenance,2,362,9906.494182381834,226038.93055055809,244118.25347285203,0.10965807175504816
A2,past,51,2,-1,N2,retrieval,0,348,113139.1057156423,16074.233292641657,23563.610532958297,2.748969527102245
A2,past,51,2,-1,N2,retrieval,1,348,371690.0303809773,5404.288103588749,1279.318809580082,3.4583989905641794
A2,past,51,2,-1,N2,retrieval,2,348,270099.1329901663,30222.05272766098,50251.129879405125,2.9898114874066097
A2,past,52,2,1,N2,encoding,0,205,12182.63316758841,1566.1253910323185,6340.429774720263,0.2960045258068134
A2,past,52,2,1,N2,encoding,1,205,65262.97209001253,134356.50901372917,167273.6097810067,0.6072409221360403
A2,past,52,2,1,N2,encoding,2,205,1994.4080861412483,33742.28242866414,61563.35782124307,0.022076724721433412
A2,past,52,2,1,N2,maintenance,0,362,4442.582779205384,237068.19787077577,224477.43928889057,0.107942559775566
A2,past,52,2,1,N2,maintenance,1,362,57744.69981659792,469457.9029818008,436768.6810269012,0.5372869736416112
A2,past,52,2,1,N2,maintenance,2,362,9624.585837787006,529105.5505235334,502591.56893908384,0.10653754042370144
A2,past,52,2,1,N2,retrieval,0,271,1615.2750998690192,378066.5520020158,344731.1260848295,0.03924674849902988
A2,past,52,2,1,N2,retrieval,1,271,94347.03211284113,222189.20302769655,165794.35970386813,0.8778542709023788
A2,past,52,2,1,N2,retrieval,2,271,707.2154256663757,772189.8019250256,682811.3856652093,0.00782838797118785
A2,past,53,2,1,N2,encoding,0,205,825.3634608938103,946.6981988435333,2130.327162519376,0.020054065200791466
A2,past,53,2,1,N2,encoding,1,205,1843.966355793217,813.8453909289736,2376.7297143964774,0.017157230117184077
A2,past,53,2,1,N2,encoding,2,205,1993.740646294526,1200.4956066720038,4440.438540528829,0.022069336621742784
A2,past,53,2,1,N2,maintenance,0,363,3785.9396678791886,7099.819094036017,5005.684318393576,0.09198793567102219
A2,past,53,2,1,N2,maintenance,1,363,18688.85158833541,23099.7268217121,17109.48638903066,0.1738908773034736
A2,past,53,2,1,N2,maintenance,2,363,4848.894512769789,21440.448738363106,16414.49045798129,0.05367392466243053
A2,past,53,2,1,N2,retrieval,0,344,19358.015368048687,3069.7387095215613,870.6078871886469,0.47034660575883863
A2,past,53,2,1,N2,retrieval,1,344,139875.4538828207,7984.656931130279,22983.85669903838,1.3014745862761536
A2,past,53,2,1,N2,retrieval,2,344,25329.25897918911,11560.151509883613,3170.2917813487197,0.280377462249143
A2,past,54,2,-1,N2,encoding,0,205,11665.944519802464,18491.617139394373,9826.440173786606,0.28345041077488903
A2,past,54,2,-1,N2,encoding,1,205,1309.0470949454034,2612.1712313437693,7348.130254724149,0.012180060754171497
A2,past,54,2,-1,N2,encoding,2,205,15221.934952880669,22554.681931602536,9039.201879917864,0.168496342357144
A2,past,54,2,-1,N2,maintenance,0,362,11236.242900020236,27827.095524515422,25028.73419711961,0.2730098416095584
A2,past,54,2,-1,N2,maintenance,1,362,201295.28507925212,310688.13712917187,284890.81047583406,1.8729569098473264
A2,past,54,2,-1,N2,maintenance,2,362,55270.60032011641,106567.06866733868,96870.25373262489,0.6118075016514762
A2,past,54,2,-1,N2,retrieval,0,334,43277.05781229675,77930.4491240611,63237.72237808795,1.051513642397456
A2,past,54,2,-1,N2,retrieval,1,334,138238.0009542601,229351.45743555838,171431.49818263526,1.2862388654002779
A2,past,54,2,-1,N2,retrieval,2,334,158176.46848976627,238662.17466934596,190226.88293897634,1.7509046300616247
A2,past,55,2,-1,N2,encoding,0,205,8400.922271390114,27411.54285807265,17012.64643404544,0.20411933767311988
A2,past,55,2,-1,N2,encoding,1,205,24659.912064170247,6188.791761995861,1677.3181123377835,0.22944875573529108
A2,past,55,2,-1,N2,encoding,2,205,8150.4171211432085,34486.9797984124,14431.187321467187,0.09021950743113517
A2,past,55,2,-1,N2,maintenance,0,363,61569.88291371766,80461.08485309957,88184.3260145496,1.495979050271585
A2,past,55,2,-1,N2,maintenance,1,363,57743.26907344315,127774.67807279892,113853.31839353222,0.5372736612568879
A2,past,55,2,-1,N2,maintenance,2,363,26635.917705988835,17561.328457662883,18000.150060097894,0.29484127495471046
A2,past,55,2,-1,N2,retrieval,0,299,26138.740812747314,18165.124477413072,13976.910376035963,0.635099610488893
A2,past,55,2,-1,N2,retrieval,1,299,143294.07647253078,284218.0590701534,219491.60958869266,1.3332832438859765
A2,past,55,2,-1,N2,retrieval,2,299,265583.9962982565,158737.97345794077,120294.6375972901,2.939832032088719
A2,past,56,2,1,N2,encoding,0,205,10560.221764506152,10459.276458197239,5269.97396573727,0.2565843847398887
A2,past,56,2,1,N2,encoding,1,205,65053.47869844382,61078.15128880702,43702.225418323505,0.6052916857435858
A2,past,56,2,1,N2,encoding,2,205,26867.26678820617,29628.647334605183,15644.164357355452,0.2974021500525196
A2,past,56,2,1,N2,maintenance,0,362,9923.51395443951,12869.50164192261,11724.901458682076,0.2411141337027249
A2,past,56,2,1,N2,maintenance,1,362,56916.95910895524,32815.276960236806,33265.543047315085,0.5295852399555443
A2,past,56,2,1,N2,maintenance,2,362,26409.382998269273,28484.37514300983,27128.2218093765,0.2923336916687585
A2,past,56,2,1,N2,retrieval,0,345,1119.608154629109,41903.7353248993,31461.043500321255,0.027203403101895604
A2,past,56,2,1,N2,retrieval,1,345,27214.948482995766,53775.24687207151,27902.887509549582,0.25322215466843917
A2,past,56,2,1,N2,retrieval,2,345,3144.560410643625,82302.72855297798,55476.214709983506,0.03480811928014833
A2,past,57,2,1,N2,encoding,0,205,6032.614476290795,3655.3588809391076,9727.87657870456,0.14657596291912772
A2,past,57,2,1,N2,encoding,1,205,22583.509380264895,16843.725946229046,28575.437336199153,0.21012881611069975
A2,past,57,2,1,N2,encoding,2,205,21244.914744905007,13276.523080001067,30260.695309654024,0.23516658291385037
A2,past,57,2,1,N2,maintenance,0,363,6262.083738833194,3529.3391934403503,2300.159510527915,0.15215143575096285
A2,past,57,2,1,N2,maintenance,1,363,13916.292944316252,24962.98215785329,18109.203478170337,0.12948448851772557
A2,past,57,2,1,N2,maintenance,2,363,16350.62627792577,8437.156353529184,5756.143788521482,0.1809901784239146
A2,past,57,2,1,N2,retrieval,0,347,9441.867065528286,2919.812376061603,882.4264908638135,0.22941143716764437
A2,past,57,2,1,N2,retrieval,1,347,19006.10157094874,19071.243549085597,5502.538242800297,0.1768427375363184
A2,past,57,2,1,N2,retrieval,2,347,14768.315083003688,12133.519381539178,4075.177407054802,0.1634750826335022
A2,past,44,2,-1,N3,encoding,0,205,23115.268567122606,6559.9048285563385,15612.123684462515,0.5616375390266064
A2,past,44,2,-1,N3,encoding,1,205,22549.192407144586,4989.7690485801295,4792.294389558329,0.20980951299386116
A2,past,44,2,-1,N3,encoding,2,205,47915.16840698814,10006.196601661284,26729.2904427232,0.5303879332683789
A2,past,44,2,-1,N3,maintenance,0,363,86393.24190899445,26706.354973888654,22833.906619899935,2.0991184953529576
A2,past,44,2,-1,N3,maintenance,1,363,91331.76175742765,12405.507154504181,17950.158129827574,0.849798614034877
A2,past,44,2,-1,N3,maintenance,2,363,225149.82615991405,62612.10381339676,54501.49266019292,2.4922536003291067
A2,past,44,2,-1,N3,retrieval,0,393,53071.727517481326,4413.653718280336,2630.500266329849,1.2894972147199772
A2,past,44,2,-1,N3,retrieval,1,393,125712.08480838966,28221.904792639856,53559.486886389575,1.1696911718547507
A2,past,44,2,-1,N3,retrieval,2,393,247790.49567712628,40356.57174054717,22731.129162674803,2.7428702278456503
A2,past,45,2,-1,N3,encoding,0,205,21788.469949977305,44913.93191821859,30945.066882600146,0.5293999767437576
A2,past,45,2,-1,N3,encoding,1,205,715909.7978859443,118048.59601801631,90152.42823076408,6.661200247437329
A2,past,45,2,-1,N3,encoding,2,205,3512972.0406671898,3170371.626504141,3410393.32337743,38.88618243919871
A2,past,45,2,-1,N3,maintenance,0,363,169893.38945393305,221569.24784706382,234550.79740355458,4.1279427436768685
A2,past,45,2,-1,N3,maintenance,1,363,587826.401590505,40415.91676099148,47677.91367348761,5.469445149776661
A2,past,45,2,-1,N3,maintenance,2,363,1837401.7576916537,1580104.7125366656,1533078.1115668966,20.338772736185
A2,past,45,2,-1,N3,retrieval,0,283,27678.050526001127,37933.37359945344,47518.19184304883,0.672500608735622
A2,past,45,2,-1,N3,retrieval,1,283,202961.68841631882,23586.21010067336,8041.505336238027,1.8884620005081578
A2,past,45,2,-1,N3,retrieval,2,283,2136665.2858738867,1961943.4198515096,1818106.6935656674,23.65141400391409
A2,past,46,2,-1,N3,encoding,0,205,7051.119647384705,380.5204188261928,1579.6480082353185,0.1713228412051395
A2,past,46,2,-1,N3,encoding,1,205,4255.759866616995,2460.9639950612604,8023.4957419541815,0.03959782190473575
A2,past,46,2,-1,N3,encoding,2,205,13005.960923833964,933.59225677149,2472.630542194879,0.14396703515614762
A2,past,46,2,-1,N3,maintenance,0,363,6021.103960953022,24932.48695906247,21231.464383603332,0.14629628901058273
A2,past,46,2,-1,N3,maintenance,1,363,2916.1871938134464,100547.91323442501,86319.49205308105,0.027133735163795667
A2,past,46,2,-1,N3,maintenance,2,363,11838.633459959603,44131.912599949326,37721.87914834362,0.13104552362658686
A2,past,46,2,-1,N3,retrieval,0,318,8045.951247070409,118883.41020621816,100850.8434170907,0.1954945167264909
A2,past,46,2,-1,N3,retrieval,1,318,38072.99352981279,294089.7540965822,229588.2435527623,0.3542511007257833
A2,past,46,2,-1,N3,retrieval,2,318,38159.225381786346,273909.131472237,223011.15224180178,0.4223963591958528
A2,past,47,2,-1,N3,encoding,0,205,940.1820405340507,7366.998600815259,2613.95763080007,0.02284384133150862
A2,past,47,2,-1,N3,encoding,1,205,3060.5146257431106,3284.6982669588288,380.14316405310905,0.028476633288839974
A2,past,47,2,-1,N3,encoding,2,205,3244.824553536703,1941.324637052426,1448.2165324086006,0.035917974328100725
A2,past,47,2,-1,N3,maintenance,0,362,8841.046033645282,24403.919991205945,28769.245590162875,0.21481313627564647
A2,past,47,2,-1,N3,maintenance,1,362,13316.566143520504,26921.77088333372,21358.11275881514,0.12390431581209668
A2,past,47,2,-1,N3,maintenance,2,362,11055.651068041887,5546.972855111497,5778.468556931204,0.1223784474909596
A2,past,47,2,-1,N3,retrieval,0,288,118635.81495570205,152089.6073546885,174211.1802737079,2.882524464669481
A2,past,47,2,-1,N3,retrieval,1,288,74589.80341488995,26845.20470401307,51170.61272754593,0.6940226526173678
A2,past,47,2,-1,N3,retrieval,2,288,200659.14853843383,230245.20113157402,281276.12779278134,2.2211586564969865
A2,past,48,2,-1,N3,encoding,0,205,1471.834153398085,2363.071408906516,1702.053776394919,0.035761527466981496
A2,past,48,2,-1,N3,encoding,1,205,6862.475768443981,22255.392420393942,14797.059996190019,0.06385207385312866
A2,past,48,2,-1,N3,encoding,2,205,2693.8363135201475,2761.149567218826,3987.9116490219667,0.029818913767667817
A2,past,48,2,-1,N3,maintenance,0,363,5219.53571732818,16136.700974452968,19678.36930884672,0.1268203822347622
A2,past,48,2,-1,N3,maintenance,1,363,37064.86442427913,117630.3635141572,134876.5697935747,0.34487093877373326
A2,past,48,2,-1,N3,maintenance,2,363,20473.24116269867,44811.493463309496,52792.25173686324,0.22662468751764145
A2,past,48,2,-1,N3,retrieval,0,359,1725.7529570818103,11635.524901506014,18150.227130633,0.04193105699675498
A2,past,48,2,-1,N3,retrieval,1,359,9731.60576451524,31464.465114657356,55700.617846710986,0.09054796416807662
A2,past,48,2,-1,N3,retrieval,2,359,6569.142030202321,29172.198016594033,48871.51513838339,0.0727158805986228
A2,past,49,2,1,N3,encoding,0,205,5099.1902156881315,999.766068846012,2503.762016497032,0.12389631707939665
A2,past,49,2,1,N3,encoding,1,205,22740.25350900038,14121.82783388081,6286.99761632893,0.2115872456952652
A2,past,49,2,1,N3,encoding,2,205,13095.575247925524,13392.8969248668,2728.318186448992,0.14495900404045678
A2,past,49,2,1,N3,maintenance,0,363,16582.683292863076,13310.683163149324,11399.736947878931,0.4029136589097646
A2,past,49,2,1,N3,maintenance,1,363,8432.396324600368,60116.86184572373,51831.928116775,0.07845943811606604
A2,past,49,2,1,N3,maintenance,2,363,6319.032066615062,39427.035568156185,34521.31295942492,0.06994733545754951
A2,past,49,2,1,N3,retrieval,0,357,5017.346783230889,144247.4956445523,124166.2012458176,0.12190774645745911
A2,past,49,2,1,N3,retrieval,1,357,12195.447828817176,137747.9028997212,94251.18617496073,0.11347284299616225
A2,past,49,2,1,N3,retrieval,2,357,35910.99118417786,296276.5186647045,242417.0249787392,0.3975099541342157
A2,past,50,2,1,N3,encoding,0,205,9540.43982503997,5353.329649016173,12510.10098564683,0.23180648448913416
A2,past,50,2,1,N3,encoding,1,205,88970.53582185559,53969.36032279958,69939.89828087621,0.8278285294896817
A2,past,50,2,1,N3,encoding,2,205,35949.21217381466,18510.537036149057,35977.1237974261,0.3979330341812011
A2,past,50,2,1,N3,maintenance,0,363,14512.564242219876,13653.369001838859,11180.818637955806,0.3526154516568748
A2,past,50,2,1,N3,maintenance,1,363,179817.4309916192,114382.71355865174,118472.96151965138,1.673115690485001
A2,past,50,2,1,N3,maintenance,2,363,59491.613501603155,38936.9643069129,35143.89517445218,0.6585312121602517
A2,past,50,2,1,N3,retrieval,0,354,21136.45364598759,3932.1998463621144,3281.0901124930433,0.51355777134975
A2,past,50,2,1,N3,retrieval,1,354,162221.40586451575,67880.63300791499,96231.23582018385,1.5093930437539542
A2,past,50,2,1,N3,retrieval,2,354,75450.89045032577,12698.321598765906,18754.902200304277,0.8351894228836885
A2,past,51,2,-1,N3,encoding,0,205,1725.8888491228724,42413.248325967696,27133.30192768689,0.04193435880011902
A2,past,51,2,-1,N3,encoding,1,205,81459.21426228016,190660.3305175854,155038.91486144278,0.7579392540823955
A2,past,51,2,-1,N3,encoding,2,205,30566.560587741915,211565.33448930937,157455.70890293448,0.3383507861132902
A2,past,51,2,-1,N3,maintenance,0,362,8231.368896665983,84524.10905377129,92364.86529600045,0.19999965635351097
A2,past,51,2,-1,N3,maintenance,1,362,52692.64550949419,41619.823777408914,51696.44299027127,0.4902800106136967
A2,past,51,2,-1,N3,maintenance,2,362,10730.685742025296,226038.93055055809,244118.25347285203,0.11878130501228079
A2,past,51,2,-1,N3,retrieval,0,348,106084.43179595079,16074.233292641657,23563.610532958297,2.577560326842023
A2,past,51,2,-1,N3,retrieval,1,348,363483.5101292572,5404.288103588749,1279.318809580082,3.382041221900051
A2,past,51,2,-1,N3,retrieval,2,348,258725.95681099346,30222.05272766098,50251.129879405125,2.8639182554945015
A2,past,52,2,1,N3,encoding,0,205,10397.419354815247,1566.1253910323185,6340.429774720263,0.2526287333287494
A2,past,52,2,1,N3,encoding,1,205,81854.8082286332,134356.50901372917,167273.6097810067,0.7616200678306319
A2,past,52,2,1,N3,encoding,2,205,3796.532374998068,33742.28242866414,61563.35782124307,0.04202500015982495
A2,past,52,2,1,N3,maintenance,0,362,7107.854185611633,237068.19787077577,224477.43928889057,0.17270133466001994
A2,past,52,2,1,N3,maintenance,1,362,70927.09671769958,469457.9029818008,436768.6810269012,0.6599429084517462
A2,past,52,2,1,N3,maintenance,2,362,15181.469243660325,529105.5505235334,502591.56893908384,0.16804841480945557
A2,past,52,2,1,N3,retrieval,0,271,2338.326247715837,378066.5520020158,344731.1260848295,0.05681490549828036
A2,past,52,2,1,N3,retrieval,1,271,100077.36641694639,222189.20302769655,165794.35970386813,0.9311723067738278
A2,past,52,2,1,N3,retrieval,2,271,760.407716117828,772189.8019250256,682811.3856652093,0.00841719001313669
A2,past,53,2,1,N3,encoding,0,205,956.8476540021704,946.6981988435333,2130.327162519376,0.02324876996590556
A2,past,53,2,1,N3,encoding,1,205,3977.8501350767388,813.8453909289736,2376.7297143964774,0.03701200400146391
A2,past,53,2,1,N3,encoding,2,205,3093.1095997787615,1200.4956066720038,4440.438540528829,0.03423859421852677
A2,past,53,2,1,N3,maintenance,0,363,3715.623240925106,7099.819094036017,5005.684318393576,0.09027943962335755
A2,past,53,2,1,N3,maintenance,1,363,21637.800209591966,23099.7268217121,17109.48638903066,0.20132944197125835
A2,past,53,2,1,N3,maintenance,2,363,6388.688010638663,21440.448738363106,16414.49045798129,0.07071837881227029
A2,past,53,2,1,N3,retrieval,0,344,22598.378170105967,3069.7387095215613,870.6078871886469,0.5490785220424897
A2,past,53,2,1,N3,retrieval,1,344,150625.04948617873,7984.656931130279,22983.85669903838,1.4014944618308498
A2,past,53,2,1,N3,retrieval,2,344,32154.973787523493,11560.151509883613,3170.2917813487197,0.3559334268973618
A2,past,54,2,-1,N3,encoding,0,205,16873.632600847297,18491.617139394373,9826.440173786606,0.4099829279880471
A2,past,54,2,-1,N3,encoding,1,205,791.6857648141664,2612.1712313437693,7348.130254724149,0.007366259587514265
A2,past,54,2,-1,N3,encoding,2,205,20509.048930212033,22554.681931602536,9039.201879917864,0.2270210548567908
A2,past,54,2,-1,N3,maintenance,0,362,14103.309672865971,27827.095524515422,25028.73419711961,0.3426716896581825
A2,past,54,2,-1,N3,maintenance,1,362,208989.50129454545,310688.13712917187,284890.81047583406,1.944547933057926
A2,past,54,2,-1,N3,maintenance,2,362,63351.31916612568,106567.06866733868,96870.25373262489,0.7012554971516366
A2,past,54,2,-1,N3,retrieval,0,334,38511.86193000565,77930.4491240611,63237.72237808795,0.9357324702887198
A2,past,54,2,-1,N3,retrieval,1,334,131985.5937077373,229351.45743555838,171431.49818263526,1.228063189050264
A2,past,54,2,-1,N3,retrieval,2,334,147167.89161311786,238662.17466934596,190226.88293897634,1.6290472614672564
A2,past,55,2,-1,N3,encoding,0,205,12975.681142645093,27411.54285807265,17012.64643404544,0.3152734134577395
A2,past,55,2,-1,N3,encoding,1,205,26318.948524707597,6188.791761995861,1677.3181123377835,0.2448853011130365
A2,past,55,2,-1,N3,encoding,2,205,5974.975301429037,34486.9797984124,14431.187321467187,0.06613886388829578
A2,past,55,2,-1,N3,maintenance,0,363,54472.34820051827,80461.08485309957,88184.3260145496,1.3235284504482738
A2,past,55,2,-1,N3,maintenance,1,363,61607.291524730164,127774.67807279892,113853.31839353222,0.5732265527868302
A2,past,55,2,-1,N3,maintenance,2,363,30021.173089064585,17561.328457662883,18000.150060097894,0.33231372190437697
A2,past,55,2,-1,N3,retrieval,0,299,23447.5166343805,18165.124477413072,13976.910376035963,0.5697102545262862
A2,past,55,2,-1,N3,retrieval,1,299,138779.1736054781,284218.0590701534,219491.60958869266,1.2912742195871387
A2,past,55,2,-1,N3,retrieval,2,299,252153.24629698967,158737.97345794077,120294.6375972901,2.791162874236458
A2,past,56,2,1,N3,encoding,0,205,10121.134786552575,10459.276458197239,5269.97396573727,0.24591577714831467
A2,past,56,2,1,N3,encoding,1,205,55981.04377312201,61078.15128880702,43702.225418323505,0.5208769927922251
A2,past,56,2,1,N3,encoding,2,205,26695.28800029594,29628.647334605183,15644.164357355452,0.29549846324689405
A2,past,56,2,1,N3,maintenance,0,362,7618.272620704909,12869.50164192261,11724.901458682076,0.18510310074494174
A2,past,56,2,1,N3,maintenance,1,362,45724.49386029753,32815.276960236806,33265.543047315085,0.4254446729400469
A2,past,56,2,1,N3,maintenance,2,362,21779.715308515264,28484.37514300983,27128.2218093765,0.24108645703877662
A2,past,56,2,1,N3,retrieval,0,345,1090.4937636576376,41903.7353248993,31461.043500321255,0.026496003365310536
A2,past,56,2,1,N3,retrieval,1,345,34986.8315014582,53775.24687207151,27902.887509549582,0.3255358305512265
A2,past,56,2,1,N3,retrieval,2,345,3707.504628291324,82302.72855297798,55476.214709983506,0.04103952428341242
A2,past,57,2,1,N3,encoding,0,205,5843.301011380527,3655.3588809391076,9727.87657870456,0.14197616567999757
A2,past,57,2,1,N3,encoding,1,205,27924.42022630064,16843.725946229046,28575.437336199153,0.2598234518793555
A2,past,57,2,1,N3,encoding,2,205,21517.48200116622,13276.523080001067,30260.695309654024,0.23818371482700745
A2,past,57,2,1,N3,maintenance,0,363,5354.586474340565,3529.3391934403503,2300.159510527915,0.13010174470701127
A2,past,57,2,1,N3,maintenance,1,363,15560.085441300565,24962.98215785329,18109.203478170337,0.1447791960632591
A2,past,57,2,1,N3,maintenance,2,363,13679.17012080364,8437.156353529184,5756.143788521482,0.1514189975828504
A2,past,57,2,1,N3,retrieval,0,347,10660.50427950478,2919.812376061603,882.4264908638135,0.2590209744237887
A2,past,57,2,1,N3,retrieval,1,347,23360.312134957225,19071.243549085597,5502.538242800297,0.21735659636604263
A2,past,57,2,1,N3,retrieval,2,347,18095.625202647294,12133.519381539178,4075.177407054802,0.20030611540189278
A2,past,64,3,-1,B0,encoding,0,205,16701.91238529413,1659.2565676195222,6508.666686255234,0.4145535874998509
A2,past,64,3,-1,B0,encoding,1,205,4748.443383614747,89969.64476577732,125343.19042164228,0.04717239208320496
A2,past,64,3,-1,B0,encoding,2,205,28423.0239452192,9562.239207498475,17457.702644804835,0.22317494011289685
A2,past,64,3,-1,B0,maintenance,0,363,12402.307067435304,191079.66827500277,202616.7872264939,0.3078342628959682
A2,past,64,3,-1,B0,maintenance,1,363,52430.10085307471,500385.3435102791,478446.7420132102,0.5208555887888586
A2,past,64,3,-1,B0,maintenance,2,363,32390.747485311338,478472.4905009302,443664.76909873815,0.25432913627271597
A2,past,64,3,-1,B0,retrieval,0,319,1533.159972825148,172369.51346766908,149745.4162503805,0.03805414327915277
A2,past,64,3,-1,B0,retrieval,1,319,16224.148125122432,583728.4078879349,485304.2398194679,0.16117531888769449
A2,past,64,3,-1,B0,retrieval,2,319,3067.354488355275,435269.9800970037,328927.3620091688,0.02408458211776082
A2,past,65,3,1,B0,encoding,0,205,4247.426181146196,3829.742793164448,8892.2409834668,0.10542420055953002
A2,past,65,3,1,B0,encoding,1,205,11334.453769241778,15232.747804702865,13384.665851865138,0.11259969932391063
A2,past,65,3,1,B0,encoding,2,205,9334.774924794685,8125.662165865413,9131.137159834941,0.07329578439027555
A2,past,65,3,1,B0,maintenance,0,362,6406.932826289893,4367.70696158262,3974.09060908581,0.15902472284237532
A2,past,65,3,1,B0,maintenance,1,362,34416.46508728171,47561.08053649398,54433.5933627128,0.34190298884416614
A2,past,65,3,1,B0,maintenance,2,362,16963.340230152644,13189.208801092855,17632.869228190273,0.13319456956006914
A2,past,65,3,1,B0,retrieval,0,298,932.3312877780322,1631.5956088696041,845.5925844314875,0.023141139240261475
A2,past,65,3,1,B0,retrieval,1,298,4222.74493117122,4557.12035025451,7803.671815636013,0.04194995358856668
A2,past,65,3,1,B0,retrieval,2,298,2454.4875867902747,4452.2385380422475,3927.5194493163776,0.019272408215449777
A2,past,66,3,-1,B0,encoding,0,205,2767.186003388866,4410.161512644979,5021.03407944239,0.06868356500266883
A2,past,66,3,-1,B0,encoding,1,205,5005.550897057399,4070.233155750528,9668.717179960044,0.049726571516723224
A2,past,66,3,-1,B0,encoding,2,205,8922.756378615986,4235.291760383852,6446.532932113792,0.07006065309157707
A2,past,66,3,-1,B0,maintenance,0,363,8096.204140639043,33309.55145589709,29312.715040648483,0.20095366292235262
A2,past,66,3,-1,B0,maintenance,1,363,1264.5798799709594,13679.025349054134,17514.553564586553,0.01256269751985784
A2,past,66,3,-1,B0,maintenance,2,363,11901.576125400921,29219.765010740906,36732.083158774796,0.09345006865401453
A2,past,66,3,-1,B0,retrieval,0,305,61705.92541306388,153341.90865356624,176266.41026697564,1.531585854354448
A2,past,66,3,-1,B0,retrieval,1,305,310.3266481013477,12625.44064161306,32580.52481785701,0.0030828735093730315
A2,past,66,3,-1,B0,retrieval,2,305,49629.009706748766,172792.6683961363,251958.4074835737,0.3896823677351553
A2,past,67,3,1,B0,encoding,0,205,1316.682970673559,10073.55984464384,3361.261925864709,0.03268102696870137
A2,past,67,3,1,B0,encoding,1,205,15045.845244982023,2208.205637057136,8098.508963782853,0.14946972171314418
A2,past,67,3,1,B0,encoding,2,205,8214.900794654277,4221.370917946774,1206.2450175590664,0.06450263689091856
A2,past,67,3,1,B0,maintenance,0,362,97649.92474719511,20258.271246714336,23049.996221248686,2.4237420056569956
A2,past,67,3,1,B0,maintenance,1,362,521285.7089308355,276281.7677847245,260329.76739641366,5.178601040903113
A2,past,67,3,1,B0,maintenance,2,362,306430.483653367,90064.54991454039,76565.1103387705,2.4060636535335678
A2,past,67,3,1,B0,retrieval,0,297,434488.13700346806,195247.25223336933,171385.27596872603,10.784310907983631
A2,past,67,3,1,B0,retrieval,1,297,968352.4421962387,576408.6749540964,483648.8795647853,9.619889590688679
A2,past,67,3,1,B0,retrieval,2,297,1050405.8895400697,541820.8871850047,427947.4894581999,8.247689336087328
A2,past,69,3,-1,B0,encoding,0,205,9564.568581984142,5268.540728014223,1070.8930185685585,0.23739953408216022
A2,past,69,3,-1,B0,encoding,1,205,2424.1082717316704,1323.5912789392944,3584.448447986073,0.024081783567400806
A2,past,69,3,-1,B0,encoding,2,205,21176.13479740532,8012.321486990356,2189.250227250934,0.16627304062868659
A2,past,69,3,-1,B0,maintenance,0,363,14016.916167152565,10515.480247431256,7994.376841845294,0.3479100326196224
A2,past,69,3,-1,B0,maintenance,1,363,462.0767249948409,547.2536219469004,417.26234803572027,0.0045904020924404
A2,past,69,3,-1,B0,maintenance,2,363,49887.410675954474,29721.548421441945,39149.34568893568,0.3917113081089433
A2,past,69,3,-1,B0,retrieval,0,370,9979.45355274655,15610.360805037497,23394.363263545376,0.24769728017624013
A2,past,69,3,-1,B0,retrieval,1,370,2887.423834255691,655.2561693657681,4612.224421686326,0.028684492625499783
A2,past,69,3,-1,B0,retrieval,2,370,73588.12114008528,75159.33412742655,130097.55407321834,0.5778070820371494
A2,past,70,3,-1,B0,encoding,0,205,3798.062727648774,7733.491976544026,20344.210619962523,0.09427067349979638
A2,past,70,3,-1,B0,encoding,1,205,25119.79550854747,8781.241172526197,24357.310931370645,0.24954721938309854
A2,past,70,3,-1,B0,encoding,2,205,11013.29191308411,14289.243533822979,26703.579008451426,0.08647534364695275
A2,past,70,3,-1,B0,maintenance,0,362,154149.18850919607,177338.25039497067,188227.86090066482,3.826094738884159
A2,past,70,3,-1,B0,maintenance,1,362,349693.1697114482,219389.8078900373,206665.08828612618,3.4739517727785794
A2,past,70,3,-1,B0,maintenance,2,362,398525.4427555333,398083.8235889767,367701.65532899054,3.1291847057459865
A2,past,70,3,-1,B0,retrieval,0,316,19929.23559844896,25659.592986544372,18933.571130447966,0.49465809201233335
A2,past,70,3,-1,B0,retrieval,1,316,6790.328878146358,19653.46591413906,41272.418556632154,0.06745706547099842
A2,past,70,3,-1,B0,retrieval,2,316,44016.005957004956,38705.38509578866,15957.029279400733,0.345609584412843
A2,past,71,3,1,B0,encoding,0,205,5297.616219762375,4465.670964612432,14159.10568568703,0.13149067953640906
A2,past,71,3,1,B0,encoding,1,205,4533.257212483004,1182.374452185994,5187.561744012617,0.045034671231243786
A2,past,71,3,1,B0,encoding,2,205,18958.059438851113,12874.489401544593,24591.712882399104,0.14885691923832023
A2,past,71,3,1,B0,maintenance,0,363,29701.829430780064,23602.669372013705,27851.862684926815,0.7372209637909491
A2,past,71,3,1,B0,maintenance,1,363,5979.635111093085,17447.8325002431,21075.68072473903,0.059403402165080374
A2,past,71,3,1,B0,maintenance,2,363,77970.08647276995,51400.15279079844,40234.502753679015,0.6122138662197024
A2,past,71,3,1,B0,retrieval,0,290,17232.706525931586,14900.974051791345,9034.470348626435,0.4277282833160559
A2,past,71,3,1,B0,retrieval,1,290,11556.732336734247,46194.94231460185,79835.93760913682,0.1148078780659442
A2,past,71,3,1,B0,retrieval,2,290,79572.54677680325,58509.73165308073,25995.89487645409,0.6247962354663806
A2,past,72,3,1,B0,encoding,0,205,26243.912396062864,20617.5408609846,7609.3319123421625,0.65139295326438
A2,past,72,3,1,B0,encoding,1,205,3849.667015382662,34141.38644491444,55536.04616474545,0.038243691072751315
A2,past,72,3,1,B0,encoding,2,205,47517.47060968376,15950.544370454196,6785.694309989118,0.3731027591600168
A2,past,72,3,1,B0,maintenance,0,362,15955.012637692515,16635.004429029534,17770.496314358646,0.3960149936713018
A2,past,72,3,1,B0,maintenance,1,362,53986.97771689845,445592.6098118516,424895.15698813123,0.5363220479866213
A2,past,72,3,1,B0,maintenance,2,362,19780.13047056384,94731.45222878025,82389.30277124573,0.1553117445104178
A2,past,72,3,1,B0,retrieval,0,272,17709.93182528078,92722.89152794369,76354.90215480306,0.4395733616117061
A2,past,72,3,1,B0,retrieval,1,272,71207.57379662484,643445.4118937243,538061.8692253395,0.7073963653055245
A2,past,72,3,1,B0,retrieval,2,272,66749.80456375927,379467.97577078204,280418.2423371038,0.5241132563789092
A2,past,73,3,1,B0,encoding,0,205,3952.967700184944,2172.131084048303,3664.4135949969145,0.09811552734677126
A2,past,73,3,1,B0,encoding,1,205,3740.2667728288275,3907.2047240889574,4150.263045418233,0.03715687783337377
A2,past,73,3,1,B0,encoding,2,205,6435.7252811121,4003.287512260271,5126.156186776598,0.05053271625719599
A2,past,73,3,1,B0,maintenance,0,362,2256.5852935448424,1100.805566820831,1557.0861644139616,0.0560100847949661
A2,past,73,3,1,B0,maintenance,1,362,19053.84474912745,14085.098110612076,17816.98012032474,0.18928633292751487
A2,past,73,3,1,B0,maintenance,2,362,5578.660789292899,1868.3391286773892,2820.012352541291,0.04380312559142823
A2,past,73,3,1,B0,retrieval,0,351,3844.314862018008,421.53675422414085,1164.6391671162628,0.09541868504422131
A2,past,73,3,1,B0,retrieval,1,351,20581.650152285612,9555.870548001414,25782.516246927575,0.2044639879361658
A2,past,73,3,1,B0,retrieval,2,351,2881.4750012793934,3948.6117510486583,4365.931014613192,0.022625073675719996
A2,past,74,3,1,B0,encoding,0,205,5865.180945607561,7792.847503259763,3142.6633855210885,0.1455780479652279
A2,past,74,3,1,B0,encoding,1,205,22211.427230845333,22100.087360032452,9220.080856955012,0.2206546586775139
A2,past,74,3,1,B0,encoding,2,205,10328.388185158945,15228.469830017613,8290.859045051917,0.08109754328491532
A2,past,74,3,1,B0,maintenance,0,362,5222.252327942823,4811.708804594394,4724.471857182623,0.12962009304301714
A2,past,74,3,1,B0,maintenance,1,362,7395.648163318279,7809.8691185504795,9619.26615346869,0.07347048004685426
A2,past,74,3,1,B0,maintenance,2,362,11821.033834387084,10139.60407439002,11425.68687991545,0.09281765807700443
A2,past,74,3,1,B0,retrieval,0,340,124.96354192386755,1626.252927576817,4621.81230681062,0.003101685807958153
A2,past,74,3,1,B0,retrieval,1,340,2206.8884050745182,226.53517254157083,3152.761088812465,0.021923859403543064
A2,past,74,3,1,B0,retrieval,2,340,2909.41325003574,98.15266957927679,8580.496585651481,0.022844442206143574
A2,past,75,3,-1,B0,encoding,0,205,11594.841824002146,77798.0292346496,111184.52072501655,0.28779238950299135
A2,past,75,3,-1,B0,encoding,1,205,10102.49415332309,51808.727222906164,84227.30720649855,0.1003610608190642
A2,past,75,3,-1,B0,encoding,2,205,24568.396839367077,39862.24429506362,58997.032015655255,0.1929087666345189
A2,past,75,3,-1,B0,maintenance,0,362,41579.60865340387,315034.7199029174,330158.58718128136,1.0320360648811335
A2,past,75,3,-1,B0,maintenance,1,362,12075.251260068411,158596.97610579192,146069.1145162098,0.11995899306891185
A2,past,75,3,-1,B0,maintenance,2,362,29889.20849783379,232707.64396073393,208304.8294704804,0.2346872848357832
A2,past,75,3,-1,B0,retrieval,0,302,11050.622211790122,289849.52229289856,260246.3630389355,0.2742844637382198
A2,past,75,3,-1,B0,retrieval,1,302,61836.88172908383,320533.6098592134,252880.18716245244,0.6143052353098832
A2,past,75,3,-1,B0,retrieval,2,302,32769.1772323734,555984.417904908,438397.33616260136,0.257300531445175
A2,past,76,3,-1,B0,encoding,0,205,550.4167899114697,406.68819083873075,2901.2821560544126,0.013661744213127314
A2,past,76,3,-1,B0,encoding,1,205,6490.709089840275,3812.000993123205,1828.1890889306005,0.06448055696325623
A2,past,76,3,-1,B0,encoding,2,205,365.7201130617823,3168.295894747417,665.4932727788885,0.0028716003085369696
A2,past,76,3,-1,B0,maintenance,0,363,14102.342553929111,13093.336323381143,10306.046613169818,0.3500303775411147
A2,past,76,3,-1,B0,maintenance,1,363,93887.37467992352,50993.157094019974,58481.32595086188,0.9327039815503987
A2,past,76,3,-1,B0,maintenance,2,363,39399.51753681441,43868.05374963233,55092.30954246614,0.3093613467624925
A2,past,76,3,-1,B0,retrieval,0,380,88123.79210056056,53625.725873954936,67388.67119220208,2.187296479386666
A2,past,76,3,-1,B0,retrieval,1,380,269792.70393204334,122997.99058355234,175578.34718836634,2.6801977370070573
A2,past,76,3,-1,B0,retrieval,2,380,228757.93718532074,170706.9819168094,249268.11839261334,1.7961860437538346
A2,past,77,3,-1,B0,encoding,0,205,1197.7600528557255,1096.88569652526,5664.686034574097,0.02972927383528528
A2,past,77,3,-1,B0,encoding,1,205,19938.04516666497,8912.440706830885,24578.486128843284,0.1980702322828573
A2,past,77,3,-1,B0,encoding,2,205,2357.136224036828,2159.528617538276,6642.8205893191,0.018508014370717307
A2,past,77,3,-1,B0,maintenance,0,362,25992.62137086581,18581.435186139504,21839.95706431876,0.6451557276342372
A2,past,77,3,-1,B0,maintenance,1,362,60568.24614387632,26623.206233355202,21908.17088297045,0.601702247256447
A2,past,77,3,-1,B0,maintenance,2,362,44350.50340250413,32669.857436300437,25313.32626885511,0.34823602724000574
A2,past,77,3,-1,B0,retrieval,0,299,8785.189930685161,3927.958113977083,1384.5949174177133,0.21805479029094807
A2,past,77,3,-1,B0,retrieval,1,299,11054.941178732399,1066.4319811149085,4853.5373576545,0.10982294145896515
A2,past,77,3,-1,B0,retrieval,2,299,10280.21060339699,4295.173315681955,2159.645113911355,0.08071925739439112
A2,past,64,3,-1,N0,encoding,0,205,8091.330137884264,1659.2565676195222,6508.666686255234,0.20083268663647189
A2,past,64,3,-1,N0,encoding,1,205,12706.135328105744,89969.64476577732,125343.19042164228,0.12622637549558186
A2,past,64,3,-1,N0,encoding,2,205,7171.233380913848,9562.239207498475,17457.702644804835,0.05630785743999809
A2,past,64,3,-1,N0,maintenance,0,363,37535.00792462196,191079.66827500277,202616.7872264939,0.9316461392581625
A2,past,64,3,-1,N0,maintenance,1,363,104891.04171160742,500385.3435102791,478446.7420132102,1.0420175509956529
A2,past,64,3,-1,N0,maintenance,2,363,115179.20118514712,478472.4905009302,443664.76909873815,0.9043763737556204
A2,past,64,3,-1,N0,retrieval,0,319,13232.739828158228,172369.51346766908,149745.4162503805,0.32844620673769326
A2,past,64,3,-1,N0,retrieval,1,319,80713.50896390264,583728.4078879349,485304.2398194679,0.8018310388610079
A2,past,64,3,-1,N0,retrieval,2,319,55364.04877558819,435269.9800970037,328927.3620091688,0.4347133610313012
A2,past,65,3,1,N0,encoding,0,205,4331.201620542277,3829.742793164448,8892.2409834668,0.10750356776879648
A2,past,65,3,1,N0,encoding,1,205,15332.93424735486,15232.747804702865,13384.665851865138,0.15232174581633529
A2,past,65,3,1,N0,encoding,2,205,9468.315219202317,8125.662165865413,9131.137159834941,0.07434433036006825
A2,past,65,3,1,N0,maintenance,0,362,6420.084259845791,4367.70696158262,3974.09060908581,0.1593511509684241
A2,past,65,3,1,N0,maintenance,1,362,52502.73185216944,47561.08053649398,54433.5933627128,0.5215771258674123
A2,past,65,3,1,N0,maintenance,2,362,17266.13750721133,13189.208801092855,17632.869228190273,0.1355721056133816
A2,past,65,3,1,N0,retrieval,0,298,667.4010602046602,1631.5956088696041,845.5925844314875,0.016565378707928926
A2,past,65,3,1,N0,retrieval,1,298,3688.010615312033,4557.12035025451,7803.671815636013,0.0366377502473421
A2,past,65,3,1,N0,retrieval,2,298,2176.2816475765953,4452.2385380422475,3927.5194493163776,0.01708796105941421
A2,past,66,3,-1,N0,encoding,0,205,2839.820405412496,4410.161512644979,5021.03407944239,0.07048640357828695
A2,past,66,3,-1,N0,encoding,1,205,7872.714012995819,4070.233155750528,9668.717179960044,0.0782097883827504
A2,past,66,3,-1,N0,encoding,2,205,7220.341092670691,4235.291760383852,6446.532932113792,0.05669344662472164
A2,past,66,3,-1,N0,maintenance,0,363,12630.405063751987,33309.55145589709,29312.715040648483,0.31349582071600973
A2,past,66,3,-1,N0,maintenance,1,363,965.0069968133383,13679.025349054134,17514.553564586553,0.009586654981250208
A2,past,66,3,-1,N0,maintenance,2,363,10056.18374407451,29219.765010740906,36732.083158774796,0.07896021933393221
A2,past,66,3,-1,N0,retrieval,0,305,85627.91043301355,153341.90865356624,176266.41026697564,2.125346884909823
A2,past,66,3,-1,N0,retrieval,1,305,269.2430050561627,12625.44064161306,32580.52481785701,0.0026747368714547344
A2,past,66,3,-1,N0,retrieval,2,305,74210.86102631659,172792.6683961363,251958.4074835737,0.5826967776966767
A2,past,67,3,1,N0,encoding,0,205,2152.3324185496326,10073.55984464384,3361.261925864709,0.05342245277179184
A2,past,67,3,1,N0,encoding,1,205,9940.059406415454,2208.205637057136,8098.508963782853,0.09874738767398603
A2,past,67,3,1,N0,encoding,2,205,2852.5497368730626,4221.370917946774,1206.2450175590664,0.022397955190224774
A2,past,67,3,1,N0,maintenance,0,362,63516.12361250992,20258.271246714336,23049.996221248686,1.5765162874901693
A2,past,67,3,1,N0,maintenance,1,362,422891.54045252147,276281.7677847245,260329.76739641366,4.201125283231421
A2,past,67,3,1,N0,maintenance,2,362,205208.14836778207,90064.54991454039,76565.1103387705,1.6112752925559632
A2,past,67,3,1,N0,retrieval,0,297,345197.13260791334,195247.25223336933,171385.27596872603,8.56804337228309
A2,past,67,3,1,N0,retrieval,1,297,823851.7515001757,576408.6749540964,483648.8795647853,8.184378479546483
A2,past,67,3,1,N0,retrieval,2,297,839825.0081234254,541820.8871850047,427947.4894581999,6.594227843402436
A2,past,69,3,-1,N0,encoding,0,205,8400.800688923733,5268.540728014223,1070.8930185685585,0.20851397032419655
A2,past,69,3,-1,N0,encoding,1,205,1158.570754377342,1323.5912789392944,3584.448447986073,0.011509572604405428
A2,past,69,3,-1,N0,encoding,2,205,11720.508191990162,8012.321486990356,2189.250227250934,0.09202834008378234
A2,past,69,3,-1,N0,maintenance,0,363,15891.196779224047,10515.480247431256,7994.376841845294,0.3944310377471418
A2,past,69,3,-1,N0,maintenance,1,363,663.9920477626972,547.2536219469004,417.26234803572027,0.006596286548403194
A2,past,69,3,-1,N0,maintenance,2,363,36497.3192929005,29721.548421441945,39149.34568893568,0.2865735561132789
A2,past,69,3,-1,N0,retrieval,0,370,15598.657329862805,15610.360805037497,23394.363263545376,0.38716999629151105
A2,past,69,3,-1,N0,retrieval,1,370,3306.552644041437,655.2561693657681,4612.224421686326,0.03284823786816273
A2,past,69,3,-1,N0,retrieval,2,370,62429.493484971936,75159.33412742655,130097.55407321834,0.49019057566288965
A2,past,70,3,-1,N0,encoding,0,205,5812.537183861439,7733.491976544026,20344.210619962523,0.14427139159032332
A2,past,70,3,-1,N0,encoding,1,205,18673.848361433003,8781.241172526197,24357.310931370645,0.18551134033681063
A2,past,70,3,-1,N0,encoding,2,205,13068.15429886144,14289.243533822979,26703.579008451426,0.10260993195711869
A2,past,70,3,-1,N0,maintenance,0,362,164400.7353579354,177338.25039497067,188227.86090066482,4.08054557214979
A2,past,70,3,-1,N0,maintenance,1,362,268424.4451074838,219389.8078900373,206665.08828612618,2.666605063255034
A2,past,70,3,-1,N0,maintenance,2,362,375561.446812131,398083.8235889767,367701.65532899054,2.948873545705477
A2,past,70,3,-1,N0,retrieval,0,316,23399.388251768945,25659.592986544372,18933.571130447966,0.5807897994731251
A2,past,70,3,-1,N0,retrieval,1,316,6210.271713746863,19653.46591413906,41272.418556632154,0.06169461201432579
A2,past,70,3,-1,N0,retrieval,2,316,35491.518650302365,38705.38509578866,15957.029279400733,0.27867610302700696
A2,past,71,3,1,N0,encoding,0,205,5846.909095386402,4465.670964612432,14159.10568568703,0.14512452738119516
A2,past,71,3,1,N0,encoding,1,205,3224.7725845549676,1182.374452185994,5187.561744012617,0.0320358114119486
A2,past,71,3,1,N0,encoding,2,205,16905.748478334583,12874.489401544593,24591.712882399104,0.13274236448196894
A2,past,71,3,1,N0,maintenance,0,363,29594.32611127414,23602.669372013705,27851.862684926815,0.7345526533758757
A2,past,71,3,1,N0,maintenance,1,363,7572.9182688297715,17447.8325002431,21075.68072473903,0.07523153187926626
A2,past,71,3,1,N0,maintenance,2,363,58371.9399048857,51400.15279079844,40234.502753679015,0.45833104238501216
A2,past,71,3,1,N0,retrieval,0,290,18878.609142855174,14900.974051791345,9034.470348626435,0.4685807808493227
A2,past,71,3,1,N0,retrieval,1,290,25724.06105898837,46194.94231460185,79835.93760913682,0.255550165857333
A2,past,71,3,1,N0,retrieval,2,290,61130.720144385356,58509.73165308073,25995.89487645409,0.4799927282042841
A2,past,72,3,1,N0,encoding,0,205,27499.064852477793,20617.5408609846,7609.3319123421625,0.6825467482108917
A2,past,72,3,1,N0,encoding,1,205,3894.862384802654,34141.38644491444,55536.04616474545,0.038692674774227435
A2,past,72,3,1,N0,encoding,2,205,33908.56468290195,15950.544370454196,6785.694309989118,0.2662468957210939
A2,past,72,3,1,N0,maintenance,0,362,14879.49015435102,16635.004429029534,17770.496314358646,0.36931974503028125
A2,past,72,3,1,N0,maintenance,1,362,131397.9317379599,445592.6098118516,424895.15698813123,1.3053445632843907
A2,past,72,3,1,N0,maintenance,2,362,28991.162451736964,94731.45222878025,82389.30277124573,0.22763591081792486
A2,past,72,3,1,N0,retrieval,0,272,30612.71359819435,92722.89152794369,76354.90215480306,0.7598297699376566
A2,past,72,3,1,N0,retrieval,1,272,198458.5409696529,643445.4118937243,538061.8692253395,1.971543798792149
A2,past,72,3,1,N0,retrieval,2,272,151183.78933434858,379467.97577078204,280418.2423371038,1.1870810507623433
A2,past,73,3,1,N0,encoding,0,205,3156.1898300729404,2172.131084048303,3664.4135949969145,0.0783389223164243
A2,past,73,3,1,N0,encoding,1,205,3676.562469458182,3907.2047240889574,4150.263045418233,0.03652402109839467
A2,past,73,3,1,N0,encoding,2,205,5385.228841643954,4003.287512260271,5126.156186776598,0.042284315931496355
A2,past,73,3,1,N0,maintenance,0,362,1377.3383182283433,1100.805566820831,1557.0861644139616,0.03418653671811341
A2,past,73,3,1,N0,maintenance,1,362,16093.997573916069,14085.098110612076,17816.98012032474,0.15988236615869342
A2,past,73,3,1,N0,maintenance,2,362,3736.577167273134,1868.3391286773892,2820.012352541291,0.02933925634164146
A2,past,73,3,1,N0,retrieval,0,351,1602.5564582878999,421.53675422414085,1164.6391671162628,0.039776614415679354
A2,past,73,3,1,N0,retrieval,1,351,12837.218670196931,9555.870548001414,25782.516246927575,0.12752859483551113
A2,past,73,3,1,N0,retrieval,2,351,1645.1783452007523,3948.6117510486583,4365.931014613192,0.012917787332300017
A2,past,74,3,1,N0,encoding,0,205,6174.003735812834,7792.847503259763,3142.6633855210885,0.15324325375890893
A2,past,74,3,1,N0,encoding,1,205,21365.373276554947,22100.087360032452,9220.080856955012,0.21224971717751642
A2,past,74,3,1,N0,encoding,2,205,13144.397336801412,15228.469830017613,8290.859045051917,0.10320858519890863
A2,past,74,3,1,N0,maintenance,0,362,5016.839021302909,4811.708804594394,4724.471857182623,0.12452158568509557
A2,past,74,3,1,N0,maintenance,1,362,8543.048345716254,7809.8691185504795,9619.26615346869,0.08486908100041878
A2,past,74,3,1,N0,maintenance,2,362,10779.477482624114,10139.60407439002,11425.68687991545,0.08463945448836037
A2,past,74,3,1,N0,retrieval,0,340,338.7590058561053,1626.252927576817,4621.81230681062,0.008408244393569088
A2,past,74,3,1,N0,retrieval,1,340,1122.757865669378,226.53517254157083,3152.761088812465,0.011153797144684516
A2,past,74,3,1,N0,retrieval,2,340,685.9571528508135,98.15266957927679,8580.496585651481,0.005386071756564215
A2,past,75,3,-1,N0,encoding,0,205,32390.044590271285,77798.0292346496,111184.52072501655,0.8039444151317547
A2,past,75,3,-1,N0,encoding,1,205,26674.44118850245,51808.727222906164,84227.30720649855,0.26499151336338594
A2,past,75,3,-1,N0,encoding,2,205,1020.6750699895925,39862.24429506362,58997.032015655255,0.008014245706532875
A2,past,75,3,-1,N0,maintenance,0,362,121547.60740742533,315034.7199029174,330158.58718128136,3.0168998340057005
A2,past,75,3,-1,N0,maintenance,1,362,40123.932391727336,158596.97610579192,146069.1145162098,0.39860259832385775
A2,past,75,3,-1,N0,maintenance,2,362,9592.637114685756,232707.64396073393,208304.8294704804,0.07532049431900216
A2,past,75,3,-1,N0,retrieval,0,302,79088.15227625368,289849.52229289856,260246.3630389355,1.9630253409617606
A2,past,75,3,-1,N0,retrieval,1,302,112849.31887886937,320533.6098592134,252880.18716245244,1.121077348178097
A2,past,75,3,-1,N0,retrieval,2,302,100780.5151317243,555984.417904908,438397.33616260136,0.7913192302275287
A2,past,76,3,-1,N0,encoding,0,205,496.17234884905196,406.68819083873075,2901.2821560544126,0.012315357815833716
A2,past,76,3,-1,N0,encoding,1,205,4932.497799292375,3812.000993123205,1828.1890889306005,0.04900084118948468
A2,past,76,3,-1,N0,encoding,2,205,1271.2559924638501,3168.295894747417,665.4932727788885,0.009981783800804979
A2,past,76,3,-1,N0,maintenance,0,363,11730.94914817193,13093.336323381143,10306.046613169818,0.29117067207434955
A2,past,76,3,-1,N0,maintenance,1,363,77015.32434884619,50993.157094019974,58481.32595086188,0.7650922171958927
A2,past,76,3,-1,N0,maintenance,2,363,46211.39677558161,43868.05374963233,55092.30954246614,0.3628475889054178
A2,past,76,3,-1,N0,retrieval,0,380,66506.59129360133,53625.725873954936,67388.67119220208,1.6507418657892359
A2,past,76,3,-1,N0,retrieval,1,380,206997.38870860692,122997.99058355234,175578.34718836634,2.0563711497658685
A2,past,76,3,-1,N0,retrieval,2,380,219651.94341527883,170706.9819168094,249268.11839261334,1.7246866277094928
A2,past,77,3,-1,N0,encoding,0,205,1248.701366418165,1096.88569652526,5664.686034574097,0.030993674210649375
A2,past,77,3,-1,N0,encoding,1,205,17617.61779614009,8912.440706830885,24578.486128843284,0.17501844438522546
A2,past,77,3,-1,N0,encoding,2,205,3806.8537727853227,2159.528617538276,6642.8205893191,0.029891061711004998
A2,past,77,3,-1,N0,maintenance,0,362,22431.806528523488,18581.435186139504,21839.95706431876,0.556773718840115
A2,past,77,3,-1,N0,maintenance,1,362,44941.740954723995,26623.206233355202,21908.17088297045,0.446464083900315
A2,past,77,3,-1,N0,maintenance,2,362,43858.83910156648,32669.857436300437,25313.32626885511,0.34437552488357487
A2,past,77,3,-1,N0,retrieval,0,299,6828.774069483784,3927.958113977083,1384.5949174177133,0.16949512866700414
A2,past,77,3,-1,N0,retrieval,1,299,6055.992190492601,1066.4319811149085,4853.5373576545,0.06016195518904428
A2,past,77,3,-1,N0,retrieval,2,299,10805.14128705229,4295.173315681955,2159.645113911355,0.08484096429348759
A2,past,64,3,-1,N1,encoding,0,205,5577.380176025665,1659.2565676195222,6508.666686255234,0.13843462398101133
A2,past,64,3,-1,N1,encoding,1,205,18395.223706329427,89969.64476577732,125343.19042164228,0.1827434034756601
A2,past,64,3,-1,N1,encoding,2,205,4221.226627588793,9562.239207498475,17457.702644804835,0.03314467882202775
A2,past,64,3,-1,N1,maintenance,0,363,33838.27577816543,191079.66827500277,202616.7872264939,0.8398905643283765
A2,past,64,3,-1,N1,maintenance,1,363,103850.4147126299,500385.3435102791,478446.7420132102,1.031679665326104
A2,past,64,3,-1,N1,maintenance,2,363,107100.45750326387,478472.4905009302,443664.76909873815,0.840942829848868
A2,past,64,3,-1,N1,retrieval,0,319,11922.692604210513,172369.51346766908,149745.4162503805,0.2959298838188922
A2,past,64,3,-1,N1,retrieval,1,319,77441.22927630249,583728.4078879349,485304.2398194679,0.7693232783258337
A2,past,64,3,-1,N1,retrieval,2,319,50131.95113732626,435269.9800970037,328927.3620091688,0.3936314170645215
A2,past,65,3,1,N1,encoding,0,205,3423.2134906828555,3829.742793164448,8892.2409834668,0.08496664337611863
A2,past,65,3,1,N1,encoding,1,205,11221.187602263675,15232.747804702865,13384.665851865138,0.11147448088771958
A2,past,65,3,1,N1,encoding,2,205,6683.728710662396,8125.662165865413,9131.137159834941,0.0524800161167871
A2,past,65,3,1,N1,maintenance,0,362,6477.173989407063,4367.70696158262,3974.09060908581,0.16076815949134396
A2,past,65,3,1,N1,maintenance,1,362,56990.51035024864,47561.08053649398,54433.5933627128,0.566159998567226
A2,past,65,3,1,N1,maintenance,2,362,18059.758270705,13189.208801092855,17632.869228190273,0.14180354202586232
A2,past,65,3,1,N1,retrieval,0,298,1048.7080086559665,1631.5956088696041,845.5925844314875,0.026029693917622564
A2,past,65,3,1,N1,retrieval,1,298,4483.437163706525,4557.12035025451,7803.671815636013,0.04453974464486016
A2,past,65,3,1,N1,retrieval,2,298,2234.077937992289,4452.2385380422475,3927.5194493163776,0.017541772155556905
A2,past,66,3,-1,N1,encoding,0,205,2664.55268638262,4410.161512644979,5021.03407944239,0.0661361315842412
A2,past,66,3,-1,N1,encoding,1,205,9717.460123113897,4070.233155750528,9668.717179960044,0.09653602284955211
A2,past,66,3,-1,N1,encoding,2,205,9495.67721915244,4235.291760383852,6446.532932113792,0.07455917423846795
A2,past,66,3,-1,N1,maintenance,0,363,15454.340283970292,33309.55145589709,29312.715040648483,0.3835879424684531
A2,past,66,3,-1,N1,maintenance,1,363,1890.708486237642,13679.025349054134,17514.553564586553,0.01878283783178431
A2,past,66,3,-1,N1,maintenance,2,363,12450.39511612152,29219.765010740906,36732.083158774796,0.09775934431810135
A2,past,66,3,-1,N1,retrieval,0,305,93739.13895422049,153341.90865356624,176266.41026697564,2.3266734638624302
A2,past,66,3,-1,N1,retrieval,1,305,364.7735536115813,12625.44064161306,32580.52481785701,0.0036237646113515417
A2,past,66,3,-1,N1,retrieval,2,305,90024.86479348692,172792.6683961363,251958.4074835737,0.7068668642604958
A2,past,67,3,1,N1,encoding,0,205,1435.4809996764857,10073.55984464384,3361.261925864709,0.035629680271088295
A2,past,67,3,1,N1,encoding,1,205,14574.66517105245,2208.205637057136,8098.508963782853,0.1447888843537063
A2,past,67,3,1,N1,encoding,2,205,5179.2856314803885,4221.370917946774,1206.2450175590664,0.04066726900209521
A2,past,67,3,1,N1,maintenance,0,362,56646.85534180678,20258.271246714336,23049.996221248686,1.4060160633585757
A2,past,67,3,1,N1,maintenance,1,362,400215.34094241145,276281.7677847245,260329.76739641366,3.9758534440558666
A2,past,67,3,1,N1,maintenance,2,362,185594.68730416516,90064.54991454039,76565.1103387705,1.457272220725332
A2,past,67,3,1,N1,retrieval,0,297,329651.30475983745,195247.25223336933,171385.27596872603,8.18218464207269
A2,past,67,3,1,N1,retrieval,1,297,790164.8472172893,576408.6749540964,483648.8795647853,7.849723155996638
A2,past,67,3,1,N1,retrieval,2,297,790180.4569579316,541820.8871850047,427947.4894581999,6.204423445578878
A2,past,69,3,-1,N1,encoding,0,205,5646.695466370501,5268.540728014223,1070.8930185685585,0.1401550797957806
A2,past,69,3,-1,N1,encoding,1,205,457.8396439775002,1323.5912789392944,3584.448447986073,0.004548309720079387
A2,past,69,3,-1,N1,encoding,2,205,6949.202466313371,8012.321486990356,2189.250227250934,0.05456449135183392
A2,past,69,3,-1,N1,maintenance,0,363,18029.279769952413,10515.480247431256,7994.376841845294,0.4474998093783041
A2,past,69,3,-1,N1,maintenance,1,363,171.61762550813742,547.2536219469004,417.26234803572027,0.0017048984824782132
A2,past,69,3,-1,N1,maintenance,2,363,41756.31199968095,29721.548421441945,39149.34568893568,0.3278666776562913
A2,past,69,3,-1,N1,retrieval,0,370,17123.174037884335,15610.360805037497,23394.363263545376,0.4250096074650347
A2,past,69,3,-1,N1,retrieval,1,370,3484.9089527106494,655.2561693657681,4612.224421686326,0.03462008035281556
A2,past,69,3,-1,N1,retrieval,2,370,67725.59944362156,75159.33412742655,130097.55407321834,0.5317751070073103
A2,past,70,3,-1,N1,encoding,0,205,8173.74669865203,7733.491976544026,20344.210619962523,0.20287832549192175
A2,past,70,3,-1,N1,encoding,1,205,24650.813457044194,8781.241172526197,24357.310931370645,0.24488821780590014
A2,past,70,3,-1,N1,encoding,2,205,18650.630729763143,14289.243533822979,26703.579008451426,0.14644301761152892
A2,past,70,3,-1,N1,maintenance,0,362,154440.64544367493,177338.25039497067,188227.86090066482,3.8333289115347275
A2,past,70,3,-1,N1,maintenance,1,362,254786.18565070617,219389.8078900373,206665.08828612618,2.5311187005772
A2,past,70,3,-1,N1,maintenance,2,362,351038.99785380723,398083.8235889767,367701.65532899054,2.756325557558847
A2,past,70,3,-1,N1,retrieval,0,316,20402.483558374533,25659.592986544372,18933.571130447966,0.5064044498567726
A2,past,70,3,-1,N1,retrieval,1,316,8385.172948633433,19653.46591413906,41272.418556632154,0.0833007017380313
A2,past,70,3,-1,N1,retrieval,2,316,28800.582968650782,38705.38509578866,15957.029279400733,0.226139498444404
A2,past,71,3,1,N1,encoding,0,205,8136.737463847712,4465.670964612432,14159.10568568703,0.20195972942311097
A2,past,71,3,1,N1,encoding,1,205,4832.359630130793,1182.374452185994,5187.561744012617,0.04800604003117571
A2,past,71,3,1,N1,encoding,2,205,22901.043657960374,12874.489401544593,24591.712882399104,0.17981686455102927
A2,past,71,3,1,N1,maintenance,0,363,26066.376189145794,23602.669372013705,27851.862684926815,0.6469863757545262
A2,past,71,3,1,N1,maintenance,1,363,11249.078865384203,17447.8325002431,21075.68072473903,0.11175156065751474
A2,past,71,3,1,N1,maintenance,2,363,49467.66408523622,51400.15279079844,40234.502753679015,0.38841549692338173
A2,past,71,3,1,N1,retrieval,0,290,15166.70104177772,14900.974051791345,9034.470348626435,0.3764485277112748
A2,past,71,3,1,N1,retrieval,1,290,32098.230579582294,46194.94231460185,79835.93760913682,0.3188729854718263
A2,past,71,3,1,N1,retrieval,2,290,47819.14808634338,58509.73165308073,25995.89487645409,0.3754715026447595
A2,past,72,3,1,N1,encoding,0,205,22791.930130654815,20617.5408609846,7609.3319123421625,0.5657122480194657
A2,past,72,3,1,N1,encoding,1,205,6219.994214944759,34141.38644491444,55536.04616474545,0.06179119811665127
A2,past,72,3,1,N1,encoding,2,205,26286.097139080724,15950.544370454196,6785.694309989118,0.20639598960767394
A2,past,72,3,1,N1,maintenance,0,362,14204.846338743164,16635.004429029534,17770.496314358646,0.3525745958765188
A2,past,72,3,1,N1,maintenance,1,362,121174.7260758995,445592.6098118516,424895.15698813123,1.2037843198787208
A2,past,72,3,1,N1,maintenance,2,362,23185.631834573687,94731.45222878025,82389.30277124573,0.18205142444145214
A2,past,72,3,1,N1,retrieval,0,272,26907.700898716816,92722.89152794369,76354.90215480306,0.6678686656719386
A2,past,72,3,1,N1,retrieval,1,272,185403.15911332288,643445.4118937243,538061.8692253395,1.8418479085878214
A2,past,72,3,1,N1,retrieval,2,272,134513.8038645999,379467.97577078204,280418.2423371038,1.0561898754931551
A2,past,73,3,1,N1,encoding,0,205,1933.1566056706486,2172.131084048303,3664.4135949969145,0.04798235002031409
A2,past,73,3,1,N1,encoding,1,205,2173.3804296033463,3907.2047240889574,4150.263045418233,0.02159098160988655
A2,past,73,3,1,N1,encoding,2,205,3410.53203546722,4003.287512260271,5126.156186776598,0.026779180295365402
A2,past,73,3,1,N1,maintenance,0,362,2039.6473436373185,1100.805566820831,1557.0861644139616,0.05062552742666067
A2,past,73,3,1,N1,maintenance,1,362,20800.803857151932,14085.098110612076,17816.98012032474,0.20664112340083485
A2,past,73,3,1,N1,maintenance,2,362,6204.179188627321,1868.3391286773892,2820.012352541291,0.048714637877384545
A2,past,73,3,1,N1,retrieval,0,351,2611.1804885086685,421.53675422414085,1164.6391671162628,0.06481139489595153
A2,past,73,3,1,N1,retrieval,1,351,16656.470147800475,9555.870548001414,25782.516246927575,0.16547012927341886
A2,past,73,3,1,N1,retrieval,2,351,3302.5377065907232,3948.6117510486583,4365.931014613192,0.025931218870641676
A2,past,74,3,1,N1,encoding,0,205,3950.964590390091,7792.847503259763,3142.6633855210885,0.09806580870782403
A2,past,74,3,1,N1,encoding,1,205,15494.654357574846,22100.087360032452,9220.080856955012,0.15392831955655517
A2,past,74,3,1,N1,encoding,2,205,8043.956001766082,15228.469830017613,8290.859045051917,0.06316039427841667
A2,past,74,3,1,N1,maintenance,0,362,3682.175956993601,4811.708804594394,4724.471857182623,0.09139427974256567
A2,past,74,3,1,N1,maintenance,1,362,7759.334197161408,7809.8691185504795,9619.26615346869,0.0770834409263781
A2,past,74,3,1,N1,maintenance,2,362,7778.735850053067,10139.60407439002,11425.68687991545,0.06107791031790051
A2,past,74,3,1,N1,retrieval,0,340,637.0544252953923,1626.252927576817,4621.81230681062,0.01581215320416793
A2,past,74,3,1,N1,retrieval,1,340,605.8713199832013,226.53517254157083,3152.761088812465,0.0060188986472572625
A2,past,74,3,1,N1,retrieval,2,340,414.9741064635951,98.15266957927679,8580.496585651481,0.0032583380831297227
A2,past,75,3,-1,N1,encoding,0,205,38320.78356369726,77798.0292346496,111184.52072501655,0.9511496609288587
A2,past,75,3,-1,N1,encoding,1,205,33397.6427503107,51808.727222906164,84227.30720649855,0.33178171691143904
A2,past,75,3,-1,N1,encoding,2,205,2201.501613662282,39862.24429506362,58997.032015655255,0.017285985887161962
A2,past,75,3,-1,N1,maintenance,0,362,115440.08176312222,315034.7199029174,330158.58718128136,2.8653066147272606
A2,past,75,3,-1,N1,maintenance,1,362,36402.8992282039,158596.97610579192,146069.1145162098,0.3616367926558299
A2,past,75,3,-1,N1,maintenance,2,362,6893.361063041308,232707.64396073393,208304.8294704804,0.05412602984769975
A2,past,75,3,-1,N1,retrieval,0,302,73909.68583770136,289849.52229289856,260246.3630389355,1.8344920454728177
A2,past,75,3,-1,N1,retrieval,1,302,106922.57179718614,320533.6098592134,252880.18716245244,1.06219935079481
A2,past,75,3,-1,N1,retrieval,2,302,92058.78435554188,555984.417904908,438397.33616260136,0.7228370114668916
A2,past,76,3,-1,N1,encoding,0,205,971.9956615144329,406.68819083873075,2901.2821560544126,0.024125637784442423
A2,past,76,3,-1,N1,encoding,1,205,2510.5284985205867,3812.000993123205,1828.1890889306005,0.024940306770198883
A2,past,76,3,-1,N1,encoding,2,205,404.3226480905965,3168.295894747417,665.4932727788885,0.0031747038227818254
A2,past,76,3,-1,N1,maintenance,0,363,15459.012464237474,13093.336323381143,10306.046613169818,0.3837039093737106
A2,past,76,3,-1,N1,maintenance,1,363,88633.5756659041,50993.157094019974,58481.32595086188,0.8805112423738358
A2,past,76,3,-1,N1,maintenance,2,363,58525.09408043728,43868.05374963233,55092.30954246614,0.45953359472506733
A2,past,76,3,-1,N1,retrieval,0,380,72920.36030817025,53625.725873954936,67388.67119220208,1.8099362677863404
A2,past,76,3,-1,N1,retrieval,1,380,223860.84645992183,122997.99058355234,175578.34718836634,2.2238975529801412
A2,past,76,3,-1,N1,retrieval,2,380,243577.04609002173,170706.9819168094,249268.11839261334,1.9125443084024984
A2,past,77,3,-1,N1,encoding,0,205,1871.0012837780569,1096.88569652526,5664.686034574097,0.04643960981916987
A2,past,77,3,-1,N1,encoding,1,205,23123.508201891716,8912.440706830885,24578.486128843284,0.22971553141031198
A2,past,77,3,-1,N1,encoding,2,205,6464.320940432348,2159.528617538276,6642.8205893191,0.05075724671421511
A2,past,77,3,-1,N1,maintenance,0,362,18314.455024804785,18581.435186139504,21839.95706431876,0.454578066181359
A2,past,77,3,-1,N1,maintenance,1,362,38559.28004546521,26623.206233355202,21908.17088297045,0.3830588952639307
A2,past,77,3,-1,N1,maintenance,2,362,34755.0450158113,32669.857436300437,25313.32626885511,0.2728933805556383
A2,past,77,3,-1,N1,retrieval,0,299,4826.32410493894,3927.958113977083,1384.5949174177133,0.11979286718693981
A2,past,77,3,-1,N1,retrieval,1,299,3643.760774720161,1066.4319811149085,4853.5373576545,0.03619815969915913
A2,past,77,3,-1,N1,retrieval,2,299,6300.133657093188,4295.173315681955,2159.645113911355,0.04946806343810984
A2,past,64,3,-1,N2,encoding,0,205,4606.486900387688,1659.2565676195222,6508.666686255234,0.11433634821412426
A2,past,64,3,-1,N2,encoding,1,205,21532.479842252917,89969.64476577732,125343.19042164228,0.2139098015040945
A2,past,64,3,-1,N2,encoding,2,205,3497.9753162867582,9562.239207498475,17457.702644804835,0.027465776802400966
A2,past,64,3,-1,N2,maintenance,0,363,34091.225643815465,191079.66827500277,202616.7872264939,0.8461689635825337
A2,past,64,3,-1,N2,maintenance,1,363,107552.06604954711,500385.3435102791,478446.7420132102,1.068452926395809
A2,past,64,3,-1,N2,maintenance,2,363,108927.30498100304,478472.4905009302,443664.76909873815,0.8552870663110271
A2,past,64,3,-1,N2,retrieval,0,319,10736.194052555607,172369.51346766908,149745.4162503805,0.26648012861690684
A2,past,64,3,-1,N2,retrieval,1,319,73970.96860256298,583728.4078879349,485304.2398194679,0.7348487181578758
A2,past,64,3,-1,N2,retrieval,2,319,47500.53213999735,435269.9800970037,328927.3620091688,0.3729697598716527
A2,past,65,3,1,N2,encoding,0,205,3236.1859888450595,3829.742793164448,8892.2409834668,0.08032448503763637
A2,past,65,3,1,N2,encoding,1,205,9415.133061344028,15232.747804702865,13384.665851865138,0.09353261951439115
A2,past,65,3,1,N2,encoding,2,205,5872.897081821748,8125.662165865413,9131.137159834941,0.04611344159055371
A2,past,65,3,1,N2,maintenance,0,362,5858.154382731421,4367.70696158262,3974.09060908581,0.14540364357482635
A2,past,65,3,1,N2,maintenance,1,362,55530.06702052633,47561.08053649398,54433.5933627128,0.5516515376255442
A2,past,65,3,1,N2,maintenance,2,362,16301.715162760254,13189.208801092855,17632.869228190273,0.12799955107515795
A2,past,65,3,1,N2,retrieval,0,298,1158.347318469292,1631.5956088696041,845.5925844314875,0.02875102116240809
A2,past,65,3,1,N2,retrieval,1,298,4635.210283512999,4557.12035025451,7803.671815636013,0.04604750214280299
A2,past,65,3,1,N2,retrieval,2,298,2286.8385044074143,4452.2385380422475,3927.5194493163776,0.017956043215269345
A2,past,66,3,-1,N2,encoding,0,205,2920.7881939059816,4410.161512644979,5021.03407944239,0.07249608285438335
A2,past,66,3,-1,N2,encoding,1,205,11392.22184599108,4070.233155750528,9668.717179960044,0.11317358388905341
A2,past,66,3,-1,N2,encoding,2,205,11566.079616130688,4235.291760383852,6446.532932113792,0.09081578127105419
A2,past,66,3,-1,N2,maintenance,0,363,16258.247849329906,33309.55145589709,29312.715040648483,0.40354151170951413
A2,past,66,3,-1,N2,maintenance,1,363,2313.9675356220614,13679.025349054134,17514.553564586553,0.02298761405365583
A2,past,66,3,-1,N2,maintenance,2,363,14361.087717335427,29219.765010740906,36732.083158774796,0.1127619248905247
A2,past,66,3,-1,N2,retrieval,0,305,96517.32494844378,153341.90865356624,176266.41026697564,2.395630056621304
A2,past,66,3,-1,N2,retrieval,1,305,487.18834680647393,12625.44064161306,32580.52481785701,0.004839868111985053
A2,past,66,3,-1,N2,retrieval,2,305,92498.83066735925,172792.6683961363,251958.4074835737,0.7262922141742467
A2,past,67,3,1,N2,encoding,0,205,1308.6047305111222,10073.55984464384,3361.261925864709,0.032480519184756085
A2,past,67,3,1,N2,encoding,1,205,17794.79109579738,2208.205637057136,8098.508963782853,0.1767785345206472
A2,past,67,3,1,N2,encoding,2,205,7173.245534558762,4221.370917946774,1206.2450175590664,0.05632365668324776
A2,past,67,3,1,N2,maintenance,0,362,55693.67018335679,20258.271246714336,23049.996221248686,1.3823573159126856
A2,past,67,3,1,N2,maintenance,1,362,398507.8993681357,276281.7677847245,260329.76739641366,3.958891232043646
A2,past,67,3,1,N2,maintenance,2,362,184477.95784348113,90064.54991454039,76565.1103387705,1.4485037648780301
A2,past,67,3,1,N2,retrieval,0,297,324404.1671349857,195247.25223336933,171385.27596872603,8.051946877898871
A2,past,67,3,1,N2,retrieval,1,297,781045.9580483787,576408.6749540964,483648.8795647853,7.759133507876693
A2,past,67,3,1,N2,retrieval,2,297,782355.4915892868,541820.8871850047,427947.4894581999,6.1429825453812565
A2,past,69,3,-1,N2,encoding,0,205,4425.511746432801,5268.540728014223,1070.8930185685585,0.10984441354283511
A2,past,69,3,-1,N2,encoding,1,205,604.6948788114414,1323.5912789392944,3584.448447986073,0.0060072115448252155
A2,past,69,3,-1,N2,encoding,2,205,5135.476207758949,8012.321486990356,2189.250227250934,0.040323281482179785
A2,past,69,3,-1,N2,maintenance,0,363,17668.65436996116,10515.480247431256,7994.376841845294,0.4385488252118697
A2,past,69,3,-1,N2,maintenance,1,363,237.02164510469618,547.2536219469004,417.26234803572027,0.0023546406836535876
A2,past,69,3,-1,N2,maintenance,2,363,41218.964904744484,29721.548421441945,39149.34568893568,0.32364747825078766
A2,past,69,3,-1,N2,retrieval,0,370,18262.18853686823,15610.360805037497,23394.363263545376,0.4532807740162298
A2,past,69,3,-1,N2,retrieval,1,370,2488.354368990291,655.2561693657681,4612.224421686326,0.024720022637525776
A2,past,69,3,-1,N2,retrieval,2,370,70960.01389083588,75159.33412742655,130097.55407321834,0.5571714283821428
A2,past,70,3,-1,N2,encoding,0,205,9798.257934578967,7733.491976544026,20344.210619962523,0.24319987342318097
A2,past,70,3,-1,N2,encoding,1,205,28641.400652419103,8781.241172526197,24357.310931370645,0.2845318501743545
A2,past,70,3,-1,N2,encoding,2,205,22489.06119579161,14289.243533822979,26703.579008451426,0.17658201658062037
A2,past,70,3,-1,N2,maintenance,0,362,155002.26703261235,177338.25039497067,188227.86090066482,3.847268766992021
A2,past,70,3,-1,N2,maintenance,1,362,258509.2359543157,219389.8078900373,206665.08828612618,2.5681045450906637
A2,past,70,3,-1,N2,maintenance,2,362,353302.1353168416,398083.8235889767,367701.65532899054,2.774095502401922
A2,past,70,3,-1,N2,retrieval,0,316,19556.27554292714,25659.592986544372,18933.571130447966,0.48540095274324896
A2,past,70,3,-1,N2,retrieval,1,316,8439.374507680122,19653.46591413906,41272.418556632154,0.08383915549820334
A2,past,70,3,-1,N2,retrieval,2,316,26933.07631032627,38705.38509578866,15957.029279400733,0.21147600987839899
A2,past,71,3,1,N2,encoding,0,205,9834.760959175976,4465.670964612432,14159.10568568703,0.24410590498724363
A2,past,71,3,1,N2,encoding,1,205,6467.645066504235,1182.374452185994,5187.561744012617,0.06425143237148408
A2,past,71,3,1,N2,encoding,2,205,27428.23146353354,12874.489401544593,24591.712882399104,0.21536392208213234
A2,past,71,3,1,N2,maintenance,0,363,26729.076502972264,23602.669372013705,27851.862684926815,0.6634350785255891
A2,past,71,3,1,N2,maintenance,1,363,12793.963943975852,17447.8325002431,21075.68072473903,0.12709889003755706
A2,past,71,3,1,N2,maintenance,2,363,50937.603704769856,51400.15279079844,40234.502753679015,0.39995732608242063
A2,past,71,3,1,N2,retrieval,0,290,14152.07714240655,14900.974051791345,9034.470348626435,0.35126482612403886
A2,past,71,3,1,N2,retrieval,1,290,34169.67965905673,46194.94231460185,79835.93760913682,0.3394513519517856
A2,past,71,3,1,N2,retrieval,2,290,45906.40576014577,58509.73165308073,25995.89487645409,0.360452827822429
A2,past,72,3,1,N2,encoding,0,205,20646.68331835766,20617.5408609846,7609.3319123421625,0.5124656651375292
A2,past,72,3,1,N2,encoding,1,205,7835.916236261199,34141.38644491444,55536.04616474545,0.07784422876422246
A2,past,72,3,1,N2,encoding,2,205,23204.48412105998,15950.544370454196,6785.694309989118,0.18219945084130593
A2,past,72,3,1,N2,maintenance,0,362,13015.588932533363,16635.004429029534,17770.496314358646,0.32305636390212933
A2,past,72,3,1,N2,maintenance,1,362,119107.4868678973,445592.6098118516,424895.15698813123,1.1832477754637343
A2,past,72,3,1,N2,maintenance,2,362,20340.16479499513,94731.45222878025,82389.30277124573,0.15970908193155248
A2,past,72,3,1,N2,retrieval,0,272,25346.249872290522,92722.89152794369,76354.90215480306,0.6291123179090148
A2,past,72,3,1,N2,retrieval,1,272,179902.16438489477,643445.4118937243,538061.8692253395,1.7871994566188074
A2,past,72,3,1,N2,retrieval,2,272,130977.70340391304,379467.97577078204,280418.2423371038,1.0284247436033191
A2,past,73,3,1,N2,encoding,0,205,1512.3759990448018,2172.131084048303,3664.4135949969145,0.03753826996510452
A2,past,73,3,1,N2,encoding,1,205,1841.3595068396478,3907.2047240889574,4150.263045418233,0.01829259098307995
A2,past,73,3,1,N2,encoding,2,205,3007.568823624625,4003.287512260271,5126.156186776598,0.02361515063954835
A2,past,73,3,1,N2,maintenance,0,362,2298.6051343996464,1100.805566820831,1557.0861644139616,0.05705304774260252
A2,past,73,3,1,N2,maintenance,1,362,21540.295759224784,14085.098110612076,17816.98012032474,0.2139874470544573
A2,past,73,3,1,N2,maintenance,2,362,6856.09840315246,1868.3391286773892,2820.012352541291,0.05383344690841893
A2,past,73,3,1,N2,retrieval,0,351,3113.699318149745,421.53675422414085,1164.6391671162628,0.07728427697126164
A2,past,73,3,1,N2,retrieval,1,351,18204.076153595357,9555.870548001414,25782.516246927575,0.1808444891210253
A2,past,73,3,1,N2,retrieval,2,351,3342.7243010096527,3948.6117510486583,4365.931014613192,0.02624676027186878
A2,past,74,3,1,N2,encoding,0,205,2997.5357197922394,7792.847503259763,3142.6633855210885,0.07440101214953997
A2,past,74,3,1,N2,encoding,1,205,12603.001215114971,22100.087360032452,9220.080856955012,0.12520181177603912
A2,past,74,3,1,N2,encoding,2,205,5920.644510756508,15228.469830017613,8290.859045051917,0.046488349961091545
A2,past,74,3,1,N2,maintenance,0,362,3258.4782151343716,4811.708804594394,4724.471857182623,0.08087779427363319
A2,past,74,3,1,N2,maintenance,1,362,6648.362499665169,7809.8691185504795,9619.26615346869,0.06604673094085407
A2,past,74,3,1,N2,maintenance,2,362,6542.512281078007,10139.60407439002,11425.68687991545,0.05137119784761931
A2,past,74,3,1,N2,retrieval,0,340,890.9993487013901,1626.252927576817,4621.81230681062,0.02211525051403191
A2,past,74,3,1,N2,retrieval,1,340,322.0354384771776,226.53517254157083,3152.761088812465,0.00319919197540647
A2,past,74,3,1,N2,retrieval,2,340,157.72301904380242,98.15266957927679,8580.496585651481,0.001238426474162914
A2,past,75,3,-1,N2,encoding,0,205,41869.85612700219,77798.0292346496,111184.52072501655,1.0392402178348334
A2,past,75,3,-1,N2,encoding,1,205,37746.251279156204,51808.727222906164,84227.30720649855,0.37498203540884756
A2,past,75,3,-1,N2,encoding,2,205,3534.506024029047,39862.24429506362,58997.032015655255,0.027752612521513058
A2,past,75,3,-1,N2,maintenance,0,362,116727.8192428812,315034.7199029174,330158.58718128136,2.8972691936030865
A2,past,75,3,-1,N2,maintenance,1,362,38107.23396316123,158596.97610579192,146069.1145162098,0.37856814043937015
A2,past,75,3,-1,N2,maintenance,2,362,7601.121359880973,232707.64396073393,208304.8294704804,0.0596832978627396
A2,past,75,3,-1,N2,retrieval,0,302,71619.99767380455,289849.52229289856,260246.3630389355,1.7776603234099524
A2,past,75,3,-1,N2,retrieval,1,302,103966.37359994976,320533.6098592134,252880.18716245244,1.0328316340148451
A2,past,75,3,-1,N2,retrieval,2,302,89895.3478160924,555984.417904908,438397.33616260136,0.7058499090016416
A2,past,76,3,-1,N2,encoding,0,205,1488.5142513844528,406.68819083873075,2901.2821560544126,0.036946004069534154
A2,past,76,3,-1,N2,encoding,1,205,1641.0950184374503,3812.000993123205,1828.1890889306005,0.016303106386959646
A2,past,76,3,-1,N2,encoding,2,205,524.2821418612714,3168.295894747417,665.4932727788885,0.004116614609256988
A2,past,76,3,-1,N2,maintenance,0,363,15991.814267272228,13093.336323381143,10306.046613169818,0.39692843682775997
A2,past,76,3,-1,N2,maintenance,1,363,89374.38473368167,50993.157094019974,58481.32595086188,0.8878706511275727
A2,past,76,3,-1,N2,maintenance,2,363,59759.28291566713,43868.05374963233,55092.30954246614,0.4692243306552519
A2,past,76,3,-1,N2,retrieval,0,380,77985.20871363468,53625.725873954936,67388.67119220208,1.9356494812311014
A2,past,76,3,-1,N2,retrieval,1,380,235452.77288374194,122997.99058355234,175578.34718836634,2.339055059153847
A2,past,76,3,-1,N2,retrieval,2,380,255471.76813116175,170706.9819168094,249268.11839261334,2.0059405594244626
A2,past,77,3,-1,N2,encoding,0,205,2487.334917672042,1096.88569652526,5664.686034574097,0.061737457941792015
A2,past,77,3,-1,N2,encoding,1,205,26782.045343711055,8912.440706830885,24578.486128843284,0.26606048375835756
A2,past,77,3,-1,N2,encoding,2,205,8570.905356719983,2159.528617538276,6642.8205893191,0.06729795159677325
A2,past,77,3,-1,N2,maintenance,0,362,18281.750252233218,18581.435186139504,21839.95706431876,0.4537663099893048
A2,past,77,3,-1,N2,maintenance,1,362,39608.41149794712,26623.206233355202,21908.17088297045,0.3934812666023091
A2,past,77,3,-1,N2,maintenance,2,362,35136.81610122266,32669.857436300437,25313.32626885511,0.2758910116060053
A2,past,77,3,-1,N2,retrieval,0,299,4338.440616893422,3927.958113977083,1384.5949174177133,0.1076832449122299
A2,past,77,3,-1,N2,retrieval,1,299,3219.807104646111,1066.4319811149085,4853.5373576545,0.03198648291706749
A2,past,77,3,-1,N2,retrieval,2,299,5627.105311951092,4295.173315681955,2159.645113911355,0.04418350747703891
A2,past,64,3,-1,N3,encoding,0,205,4165.483597633817,1659.2565676195222,6508.666686255234,0.10339032616356732
A2,past,64,3,-1,N3,encoding,1,205,20128.53928929344,89969.64476577732,125343.19042164228,0.19996265527629206
A2,past,64,3,-1,N3,encoding,2,205,2261.128292099493,9562.239207498475,17457.702644804835,0.01775416901978722
A2,past,64,3,-1,N3,maintenance,0,363,39265.86804178829,191079.66827500277,202616.7872264939,0.9746073436088389
A2,past,64,3,-1,N3,maintenance,1,363,118273.05976463546,500385.3435102791,478446.7420132102,1.1749583384209035
A2,past,64,3,-1,N3,maintenance,2,363,124856.03316996346,478472.4905009302,443664.76909873815,0.980357958363095
A2,past,64,3,-1,N3,retrieval,0,319,8263.111350453233,172369.51346766908,149745.4162503805,0.20509642100968314
A2,past,64,3,-1,N3,retrieval,1,319,63522.481919762766,583728.4078879349,485304.2398194679,0.631050468782521
A2,past,64,3,-1,N3,retrieval,2,319,38007.660531899506,435269.9800970037,328927.3620091688,0.298432615030208
A2,past,65,3,1,N3,encoding,0,205,4334.784364726205,3829.742793164448,8892.2409834668,0.10759249407976489
A2,past,65,3,1,N3,encoding,1,205,11576.407898456304,15232.747804702865,13384.665851865138,0.11500334071275868
A2,past,65,3,1,N3,encoding,2,205,8172.773778694991,8125.662165865413,9131.137159834941,0.06417185948025425
A2,past,65,3,1,N3,maintenance,0,362,4500.066103036096,4367.70696158262,3974.09060908581,0.11169490678460618
A2,past,65,3,1,N3,maintenance,1,362,47354.208861321706,47561.08053649398,54433.5933627128,0.470430228757568
A2,past,65,3,1,N3,maintenance,2,362,12480.7573659047,13189.208801092855,17632.869228190273,0.09799774587910746
A2,past,65,3,1,N3,retrieval,0,298,1859.9478589122914,1631.5956088696041,845.5925844314875,0.04616525579152583
A2,past,65,3,1,N3,retrieval,1,298,5575.333091757845,4557.12035025451,7803.671815636013,0.055386950491269966
A2,past,65,3,1,N3,retrieval,2,298,3077.770259094416,4452.2385380422475,3927.5194493163776,0.024166365780731287
A2,past,66,3,-1,N3,encoding,0,205,3825.684392974311,4410.161512644979,5021.03407944239,0.09495626328073095
A2,past,66,3,-1,N3,encoding,1,205,13111.742439345988,4070.233155750528,9668.717179960044,0.1302557923249335
A2,past,66,3,-1,N3,encoding,2,205,13032.302531611778,4235.291760383852,6446.532932113792,0.10232842721559977
A2,past,66,3,-1,N3,maintenance,0,363,15240.241477466845,33309.55145589709,29312.715040648483,0.3782738547000614
A2,past,66,3,-1,N3,maintenance,1,363,2182.4491141112526,13679.025349054134,17514.553564586553,0.021681072510572448
A2,past,66,3,-1,N3,maintenance,2,363,15162.15023740126,29219.765010740906,36732.083158774796,0.11905179328337911
A2,past,66,3,-1,N3,retrieval,0,305,104890.27895066237,153341.90865356624,176266.41026697564,2.603452851970605
A2,past,66,3,-1,N3,retrieval,1,305,1628.7405397110983,12625.44064161306,32580.52481785701,0.016180373468531246
A2,past,66,3,-1,N3,retrieval,2,305,111952.50508579968,172792.6683961363,251958.4074835737,0.8790406561302793
A2,past,67,3,1,N3,encoding,0,205,1524.764295973977,10073.55984464384,3361.261925864709,0.03784575648620043
A2,past,67,3,1,N3,encoding,1,205,17889.756704389158,2208.205637057136,8098.508963782853,0.17772194998567512
A2,past,67,3,1,N3,encoding,2,205,7273.716136391645,4221.370917946774,1206.2450175590664,0.05711254250308087
A2,past,67,3,1,N3,maintenance,0,362,60343.79892270656,20258.271246714336,23049.996221248686,1.4977768862447005
A2,past,67,3,1,N3,maintenance,1,362,416780.9188547388,276281.7677847245,260329.76739641366,4.140420623915619
A2,past,67,3,1,N3,maintenance,2,362,197758.87836253428,90064.54991454039,76565.1103387705,1.5527843174046159
A2,past,67,3,1,N3,retrieval,0,297,306910.2690502805,195247.25223336933,171385.27596872603,7.617735630523583
A2,past,67,3,1,N3,retrieval,1,297,743127.1677457454,576408.6749540964,483648.8795647853,7.382437420554917
A2,past,67,3,1,N3,retrieval,2,297,728587.0907185455,541820.8871850047,427947.4894581999,5.720798063271911
A2,past,69,3,-1,N3,encoding,0,205,4095.727275288438,5268.540728014223,1070.8930185685585,0.10165892361444753
A2,past,69,3,-1,N3,encoding,1,205,1017.7971366128318,1323.5912789392944,3584.448447986073,0.010111087299711004
A2,past,69,3,-1,N3,encoding,2,205,4242.0847417956265,8012.321486990356,2189.250227250934,0.033308454794561494
A2,past,69,3,-1,N3,maintenance,0,363,14197.600641492187,10515.480247431256,7994.376841845294,0.35239475241188795
A2,past,69,3,-1,N3,maintenance,1,363,981.6862827207577,547.2536219469004,417.26234803572027,0.009752351768792765
A2,past,69,3,-1,N3,maintenance,2,363,32804.52450638385,29721.548421441945,39149.34568893568,0.2575780749527076
A2,past,69,3,-1,N3,retrieval,0,370,20934.74358591646,15610.360805037497,23394.363263545376,0.5196155300498739
A2,past,69,3,-1,N3,retrieval,1,370,1377.9486546496664,655.2561693657681,4612.224421686326,0.01368893529023754
A2,past,69,3,-1,N3,retrieval,2,370,81946.96564008675,75159.33412742655,130097.55407321834,0.6434399515128346
A2,past,70,3,-1,N3,encoding,0,205,10317.027870293681,7733.491976544026,20344.210619962523,0.2560761197461444
A2,past,70,3,-1,N3,encoding,1,205,29881.40696240006,8781.241172526197,24357.310931370645,0.29685042683505825
A2,past,70,3,-1,N3,encoding,2,205,23382.29728143985,14289.243533822979,26703.579008451426,0.183595623236458
A2,past,70,3,-1,N3,maintenance,0,362,166345.23720720128,177338.25039497067,188227.86090066482,4.128809519350413
A2,past,70,3,-1,N3,maintenance,1,362,278907.49489921116,219389.8078900373,206665.08828612618,2.7707466724209997
A2,past,70,3,-1,N3,maintenance,2,362,379284.86419940396,398083.8235889767,367701.65532899054,2.9781094726786783
A2,past,70,3,-1,N3,retrieval,0,316,17779.64793534924,25659.592986544372,18933.571130447966,0.4413037660629271
A2,past,70,3,-1,N3,retrieval,1,316,11449.085404861826,19653.46591413906,41272.418556632154,0.11373848271538313
A2,past,70,3,-1,N3,retrieval,2,316,21908.424707251274,38705.38509578866,15957.029279400733,0.17202291288331123
A2,past,71,3,1,N3,encoding,0,205,10464.239334895288,4465.670964612432,14159.10568568703,0.25973001514230504
A2,past,71,3,1,N3,encoding,1,205,7929.405725143132,1182.374452185994,5187.561744012617,0.07877298003467349
A2,past,71,3,1,N3,encoding,2,205,29042.227052980936,12874.489401544593,24591.712882399104,0.2280368653168718
A2,past,71,3,1,N3,maintenance,0,363,30984.285748975562,23602.669372013705,27851.862684926815,0.7690524604037504
A2,past,71,3,1,N3,maintenance,1,363,12192.254301577892,17447.8325002431,21075.68072473903,0.12112133468344133
A2,past,71,3,1,N3,maintenance,2,363,58747.86163643646,51400.15279079844,40234.502753679015,0.46128274485297177
A2,past,71,3,1,N3,retrieval,0,290,11060.146265550035,14900.974051791345,9034.470348626435,0.27452085766501283
A2,past,71,3,1,N3,retrieval,1,290,43397.855749213704,46194.94231460185,79835.93760913682,0.4311266875448908
A2,past,71,3,1,N3,retrieval,2,290,34783.55452514396,58509.73165308073,25995.89487645409,0.2731172345709684
A2,past,72,3,1,N3,encoding,0,205,19515.928097069038,20617.5408609846,7609.3319123421625,0.4843994998532397
A2,past,72,3,1,N3,encoding,1,205,6548.628007194382,34141.38644491444,55536.04616474545,0.06505594002202669
A2,past,72,3,1,N3,encoding,2,205,20332.60445558335,15950.544370454196,6785.694309989118,0.15964971884975268
A2,past,72,3,1,N3,maintenance,0,362,11102.339284422176,16635.004429029534,17770.496314358646,0.2755681190167307
A2,past,72,3,1,N3,maintenance,1,362,128679.80236847991,445592.6098118516,424895.15698813123,1.2783418901994739
A2,past,72,3,1,N3,maintenance,2,362,21773.11621939487,94731.45222878025,82389.30277124573,0.17096048322303586
A2,past,72,3,1,N3,retrieval,0,272,20346.927115694372,92722.89152794369,76354.90215480306,0.5050254986270873
A2,past,72,3,1,N3,retrieval,1,272,160786.66038489118,643445.4118937243,538061.8692253395,1.5973005830915827
A2,past,72,3,1,N3,retrieval,2,272,110333.83510163722,379467.97577078204,280418.2423371038,0.8663310099830488
A2,past,73,3,1,N3,encoding,0,205,1876.7159265322753,2172.131084048303,3664.4135949969145,0.04658145139996556
A2,past,73,3,1,N3,encoding,1,205,3018.117301238207,3907.2047240889574,4150.263045418233,0.029982838834804158
A2,past,73,3,1,N3,encoding,2,205,4449.1160074316585,4003.287512260271,5126.156186776598,0.03493404503432169
A2,past,73,3,1,N3,maintenance,0,362,2121.496483617185,1100.805566820831,1557.0861644139616,0.05265708248632599
A2,past,73,3,1,N3,maintenance,1,362,18212.40220353742,14085.098110612076,17816.98012032474,0.18092720247793853
A2,past,73,3,1,N3,maintenance,2,362,5649.968737430635,1868.3391286773892,2820.012352541291,0.04436302896715225
A2,past,73,3,1,N3,retrieval,0,351,4921.8663450282,421.53675422414085,1164.6391671162628,0.1221642949296484
A2,past,73,3,1,N3,retrieval,1,351,24260.846923132875,9555.870548001414,25782.516246927575,0.2410141789365582
A2,past,73,3,1,N3,retrieval,2,351,6112.164109327345,3948.6117510486583,4365.931014613192,0.04799214403394852
A2,past,74,3,1,N3,encoding,0,205,3131.6508186378555,7792.847503259763,3142.6633855210885,0.07772984624241312
A2,past,74,3,1,N3,encoding,1,205,11930.554293074569,22100.087360032452,9220.080856955012,0.11852153209299764
A2,past,74,3,1,N3,encoding,2,205,6255.346891496134,15228.469830017613,8290.859045051917,0.04911640192069925
A2,past,74,3,1,N3,maintenance,0,362,3814.521180628799,4811.708804594394,4724.471857182623,0.09467918424815683
A2,past,74,3,1,N3,maintenance,1,362,5054.650717551984,7809.8691185504795,9619.26615346869,0.05021434314975517
A2,past,74,3,1,N3,maintenance,2,362,7421.490816584937,10139.60407439002,11425.68687991545,0.058272855545982404
A2,past,74,3,1,N3,retrieval,0,340,1969.6719813134034,1626.252927576817,4621.81230681062,0.04888868814629643
A2,past,74,3,1,N3,retrieval,1,340,158.42221545226437,226.53517254157083,3152.761088812465,0.0015738115121665946
A2,past,74,3,1,N3,retrieval,2,340,981.4203658589871,98.15266957927679,8580.496585651481,0.007706021421165418
A2,past,75,3,-1,N3,encoding,0,205,43269.48894811384,77798.0292346496,111184.52072501655,1.073980120295659
A2,past,75,3,-1,N3,encoding,1,205,40242.935786636874,51808.727222906164,84227.30720649855,0.39978481202009264
A2,past,75,3,-1,N3,encoding,2,205,4079.1856939460786,39862.24429506362,58997.032015655255,0.03202938662368921
A2,past,75,3,-1,N3,maintenance,0,362,126714.17652408297,315034.7199029174,330158.58718128136,3.1451378293302494
A2,past,75,3,-1,N3,maintenance,1,362,45956.571112530844,158596.97610579192,146069.1145162098,0.4565456963856013
A2,past,75,3,-1,N3,maintenance,2,362,11832.29278796373,232707.64396073393,208304.8294704804,0.09290606233318224
A2,past,75,3,-1,N3,retrieval,0,302,65799.0636162118,289849.52229289856,260246.3630389355,1.6331805153192431
A2,past,75,3,-1,N3,retrieval,1,302,93140.84483764107,320533.6098592134,252880.18716245244,0.9252877409896544
A2,past,75,3,-1,N3,retrieval,2,302,77379.54190922323,555984.417904908,438397.33616260136,0.6075769652390907
A2,past,76,3,-1,N3,encoding,0,205,1548.4186397853628,406.68819083873075,2901.2821560544126,0.03843287446770769
A2,past,76,3,-1,N3,encoding,1,205,2114.579509545387,3812.000993123205,1828.1890889306005,0.021006836484475846
A2,past,76,3,-1,N3,encoding,2,205,407.6537526104554,3168.295894747417,665.4932727788885,0.003200859345612968
A2,past,76,3,-1,N3,maintenance,0,363,13825.704910870047,13093.336323381143,10306.046613169818,0.34316403045929095
A2,past,76,3,-1,N3,maintenance,1,363,81990.13471250511,50993.157094019974,58481.32595086188,0.814513403478515
A2,past,76,3,-1,N3,maintenance,2,363,53952.384183635666,43868.05374963233,55092.30954246614,0.4236291019680958
A2,past,76,3,-1,N3,retrieval,0,380,87581.51997640124,53625.725873954936,67388.67119220208,2.1738368916888313
A2,past,76,3,-1,N3,retrieval,1,380,263521.794957383,122997.99058355234,175578.34718836634,2.617900737133053
A2,past,76,3,-1,N3,retrieval,2,380,292524.8227190058,170706.9819168094,249268.11839261334,2.2968776973792333
A2,past,77,3,-1,N3,encoding,0,205,2686.93184357362,1096.88569652526,5664.686034574097,0.06669159850831156
A2,past,77,3,-1,N3,encoding,1,205,27961.031349415814,8912.440706830885,24578.486128843284,0.2777728672972719
A2,past,77,3,-1,N3,encoding,2,205,8813.8447544402,2159.528617538276,6642.8205893191,0.06920548914949
A2,past,77,3,-1,N3,maintenance,0,362,22069.91921312881,18581.435186139504,21839.95706431876,0.5477914130174808
A2,past,77,3,-1,N3,maintenance,1,362,47094.42606580548,26623.206233355202,21908.17088297045,0.46784947230823376
A2,past,77,3,-1,N3,maintenance,2,362,42921.922245581394,32669.857436300437,25313.32626885511,0.3370189408822303
A2,past,77,3,-1,N3,retrieval,0,299,3110.987337523945,3927.958113977083,1384.5949174177133,0.07721696364379826
A2,past,77,3,-1,N3,retrieval,1,299,2025.2360036456848,1066.4319811149085,4853.5373576545,0.020119272592499834
A2,past,77,3,-1,N3,retrieval,2,299,3249.982740024493,4295.173315681955,2159.645113911355,0.025518562161817894
A2,past,84,4,-1,B0,encoding,0,205,3005.5320438439567,7082.449696833442,2785.3317783588827,0.07023758252968774
A2,past,84,4,-1,B0,encoding,1,205,18869.714846985753,19389.074408972567,8428.593486939464,0.18808429419285305
A2,past,84,4,-1,B0,encoding,2,205,8784.281536871133,14790.312188481823,10563.539035539849,0.06933918869833745
A2,past,84,4,-1,B0,maintenance,0,362,18398.7095097912,12061.068582703581,11677.05948921513,0.42996742632659934
A2,past,84,4,-1,B0,maintenance,1,362,16349.863910542306,15433.02870066339,14706.878716806808,0.16296762503831771
A2,past,84,4,-1,B0,maintenance,2,362,26884.892261413697,20897.300898954494,20302.79250250859,0.21221731223253082
A2,past,84,4,-1,B0,retrieval,0,307,13281.76166862517,4390.004872093905,645.3571660171866,0.3103872518180137
A2,past,84,4,-1,B0,retrieval,1,307,17661.349705781333,17334.96910383101,3865.128541454498,0.17603988829940712
A2,past,84,4,-1,B0,retrieval,2,307,22389.277341667534,11969.837912656607,108.34173196163135,0.1767309392233191
A2,past,85,4,1,B0,encoding,0,205,1850.1993193651892,1209.1548719597224,2297.870676078665,0.043238110755285476
A2,past,85,4,1,B0,encoding,1,205,25651.69115260108,27850.523482488265,47714.819921606504,0.25568379090056687
A2,past,85,4,1,B0,encoding,2,205,1605.3757561354018,2491.262752533139,4691.864259872075,0.012672118034829993
A2,past,85,4,1,B0,maintenance,0,363,69906.8640227043,94756.2940485644,90898.71688567802,1.6336838401850953
A2,past,85,4,1,B0,maintenance,1,363,205027.77023353605,255707.76154324965,223956.96879356733,2.0436187704484072
A2,past,85,4,1,B0,maintenance,2,363,132091.86436895275,193982.1168721269,144291.76070419358,1.0426740844483908
A2,past,85,4,1,B0,retrieval,0,332,200397.471195059,265139.3817515798,224459.63409655145,4.683175463270641
A2,past,85,4,1,B0,retrieval,1,332,671196.1955512475,824939.3339532858,704607.4789026491,6.690162714639558
A2,past,85,4,1,B0,retrieval,2,332,412818.6946649411,567062.8731741197,410014.7782937642,3.2586060962897423
A2,past,87,4,-1,B0,encoding,0,205,13710.811884297407,70711.65689714946,50929.68969502898,0.3204139124867573
A2,past,87,4,-1,B0,encoding,1,205,44359.394380153426,27253.53181364361,13165.65907638591,0.4421532307440423
A2,past,87,4,-1,B0,encoding,2,205,87049.54780605916,150892.64553481995,134696.30993000788,0.6871301877215586
A2,past,87,4,-1,B0,maintenance,0,363,62659.15110650511,30205.796852378913,31457.652183735085,1.4643088920305063
A2,past,87,4,-1,B0,maintenance,1,363,98303.36261844334,99379.5526235594,82654.34398488277,0.979840910411399
A2,past,87,4,-1,B0,maintenance,2,363,69092.51337671574,55464.13618820008,74028.41282101988,0.5453853912310893
A2,past,87,4,-1,B0,retrieval,0,317,342353.50378216483,67160.21994720933,48221.50990393912,8.000607588090652
A2,past,87,4,-1,B0,retrieval,1,317,324027.5170528016,286697.388160121,216868.39858927598,3.229751341667684
A2,past,87,4,-1,B0,retrieval,2,317,457237.611632368,141390.74157298636,72994.60522555423,3.609229155495249
A2,past,88,4,1,B0,encoding,0,205,39243.17657941936,65393.67686623431,48198.64617917143,0.91709082236196
A2,past,88,4,1,B0,encoding,1,205,386926.15108681767,418682.4864663701,357629.9495128008,3.8566948479110894
A2,past,88,4,1,B0,encoding,2,205,195136.02782668758,326636.76749636326,304536.944912757,1.5403165072209382
A2,past,88,4,1,B0,maintenance,0,362,50599.61724663469,126117.70535234289,130904.3573944296,1.1824844122392708
A2,past,88,4,1,B0,maintenance,1,362,189247.06235674353,277920.749346709,311538.24315579026,1.8863242205869795
A2,past,88,4,1,B0,maintenance,2,362,258215.92262228145,563791.1834627653,662571.03259515,2.0382409771897017
A2,past,88,4,1,B0,retrieval,0,256,3315.1517526744497,34700.14110923715,51434.00531333077,0.0774732198593055
A2,past,88,4,1,B0,retrieval,1,256,1436.8834760451407,16602.013603217478,39336.61337448731,0.014322167378830008
A2,past,88,4,1,B0,retrieval,2,256,17327.749000084095,159361.9124389455,263432.3932745314,0.13677749883028203
A2,past,89,4,-1,B0,encoding,0,205,8952.114768354904,1132.3974760281656,2008.8860230113442,0.20920585463244165
A2,past,89,4,-1,B0,encoding,1,205,3173.690422482645,17454.508826925732,33599.72731250746,0.03163382848864927
A2,past,89,4,-1,B0,encoding,2,205,13323.884815006399,1479.6275622641344,2342.63547017584,0.10517278612995287
A2,past,89,4,-1,B0,maintenance,0,363,10281.460219157043,54524.544000912654,51736.24232054745,0.24027190531801795
A2,past,89,4,-1,B0,maintenance,1,363,31072.09253055356,152640.04008191955,128325.48550094235,0.30971175982755966
A2,past,89,4,-1,B0,maintenance,2,363,23472.51015999389,116914.0125707624,81027.64634345526,0.1852814944939914
A2,past,89,4,-1,B0,retrieval,0,318,7727.042188172346,72626.64974168253,51930.02991715003,0.18057660190772928
A2,past,89,4,-1,B0,retrieval,1,318,32740.74203574886,189023.87242324758,134086.18190252158,0.32634406015561923
A2,past,89,4,-1,B0,retrieval,2,318,31139.399722428032,170427.1830326764,89260.85280436004,0.24580049082482747
A2,past,90,4,-1,B0,encoding,0,205,23685.581308358185,89966.90965036965,67915.5781488139,0.5535186275311629
A2,past,90,4,-1,B0,encoding,1,205,81586.63858760406,54050.71554420618,32461.376023204753,0.8132165991246093
A2,past,90,4,-1,B0,encoding,2,205,251247.16740149862,325335.1563384774,301276.1048159374,1.9832327410330892
A2,past,90,4,-1,B0,maintenance,0,362,10667.99674845081,110806.63318609497,115249.91673557946,0.24930504520172625
A2,past,90,4,-1,B0,maintenance,1,362,6239.493472625727,5839.564119936469,5179.816039866258,0.06219228724101183
A2,past,90,4,-1,B0,maintenance,2,362,141151.5585489876,268334.12473061983,336515.0308077847,1.1141872573427127
A2,past,90,4,-1,B0,retrieval,0,427,14950.235275052282,38068.552927949364,54878.38957820523,0.3493785355310129
A2,past,90,4,-1,B0,retrieval,1,427,42800.113147086115,75137.77782870158,42579.98056553676,0.42661106105320157
A2,past,90,4,-1,B0,retrieval,2,427,13106.99711602117,73025.10358601142,146504.90104939378,0.10346077166147748
A2,past,91,4,-1,B0,encoding,0,205,350.71146194167255,613.1524588668557,4445.547087242938,0.008195928339107266
A2,past,91,4,-1,B0,encoding,1,205,1169.0093676025122,1076.6390476756144,6579.843804570901,0.011652126361913435
A2,past,91,4,-1,B0,encoding,2,205,397.6706509945956,1769.786197834014,3871.758669314772,0.0031390342162150894
A2,past,91,4,-1,B0,maintenance,0,362,1035.9184431296721,3291.7190347963815,2578.512132145067,0.024208827615854765
A2,past,91,4,-1,B0,maintenance,1,362,444.31689325455307,423.50213450948536,476.09991561911636,0.004428738321877353
A2,past,91,4,-1,B0,maintenance,2,362,1785.9904985580213,8584.978994813562,883.6751246373946,0.014097810011342441
A2,past,91,4,-1,B0,retrieval,0,318,1943.3671816734886,6612.011959034117,1687.062119129295,0.04541539095810255
A2,past,91,4,-1,B0,retrieval,1,318,440.48904340150125,1848.7140184805264,1794.6831135119962,0.004390584145000511
A2,past,91,4,-1,B0,retrieval,2,318,2383.2056393656185,13914.752736372428,522.827516861976,0.018811959161520078
A2,past,92,4,-1,B0,encoding,0,205,425.5229247428307,12590.51141633392,23275.591309197418,0.009944229876409335
A2,past,92,4,-1,B0,encoding,1,205,44470.1620578976,86841.55605777755,117582.7962421308,0.44325730998725477
A2,past,92,4,-1,B0,encoding,2,205,6404.797609610208,41678.82015703804,50399.814359644035,0.05055660706721928
A2,past,92,4,-1,B0,maintenance,0,363,58914.9931952551,201778.39834475075,196142.55955152443,1.376810041091867
A2,past,92,4,-1,B0,maintenance,1,363,300925.3568096275,494394.15076038317,456026.80700199073,2.9994800556995402
A2,past,92,4,-1,B0,maintenance,2,363,278713.1005612019,593451.7803795964,506992.0663826493,2.2000365301811016
A2,past,92,4,-1,B0,retrieval,0,370,113535.18315170637,6573.033423154592,11266.011884825108,2.653252961642758
A2,past,92,4,-1,B0,retrieval,1,370,156521.9575550317,26053.94787233239,39825.923899388516,1.5601360249025957
A2,past,92,4,-1,B0,retrieval,2,370,129308.23489023934,6350.775902880054,17808.235794426808,1.0207013586334674
A2,past,93,4,1,B0,encoding,0,205,16305.913088525762,9396.257037202899,4461.340393593666,0.3810599586263156
A2,past,93,4,1,B0,encoding,1,205,7397.304377261198,502.22405883837075,3133.2043413537,0.07373279267911799
A2,past,93,4,1,B0,encoding,2,205,46236.64058759092,21715.466570827786,16489.346811977313,0.36497135628261324
A2,past,93,4,1,B0,maintenance,0,362,13023.015681192943,9176.576274659801,9212.331915025408,0.3043405045594973
A2,past,93,4,1,B0,maintenance,1,362,7479.983160179901,43985.24856852065,32800.4707947967,0.0745568952506771
A2,past,93,4,1,B0,maintenance,2,362,35374.46558709041,18880.9281037237,24099.941971767086,0.2792302061529532
A2,past,93,4,1,B0,retrieval,0,300,468.2697679449105,4664.20583226693,855.9443148059959,0.01094319940442997
A2,past,93,4,1,B0,retrieval,1,300,8479.895119592116,76585.50759812912,42697.419547586614,0.0845235395092723
A2,past,93,4,1,B0,retrieval,2,300,1253.6570807948954,12614.378771472833,634.5763002179447,0.009895808157260723
A2,past,94,4,-1,B0,encoding,0,205,8535.28960172338,7779.437208302532,16336.176557281618,0.19946488643957264
A2,past,94,4,-1,B0,encoding,1,205,141477.45178568183,123299.02516116032,160804.77719453067,1.4101795856000439
A2,past,94,4,-1,B0,encoding,2,205,42938.269538868,36792.99269012094,45270.22847991673,0.33893549078985086
A2,past,94,4,-1,B0,maintenance,0,363,12489.244732984273,17331.733221990162,18387.946136933544,0.2918665796504131
A2,past,94,4,-1,B0,maintenance,1,363,116134.12903491962,154071.50994869389,176855.0298805306,1.157569463468802
A2,past,94,4,-1,B0,maintenance,2,363,51659.48052584998,71856.96589116503,97423.95338221233,0.4077768287827306
A2,past,94,4,-1,B0,retrieval,0,346,24136.832911896574,40261.071594999354,57979.03969162089,0.5640641220668473
A2,past,94,4,-1,B0,retrieval,1,346,50406.868800006945,75348.94067105104,109150.33049614225,0.5024315638895576
A2,past,94,4,-1,B0,retrieval,2,346,64755.07575874963,109355.06605760723,193520.59903482336,0.5111475990796158
A2,past,95,4,-1,B0,encoding,0,205,6153.637546900332,16840.894663723473,10063.205271754237,0.1438070260949237
A2,past,95,4,-1,B0,encoding,1,205,20358.75153395193,57890.31514509285,43467.615706133794,0.2029262998387431
A2,past,95,4,-1,B0,encoding,2,205,14147.744866565357,37411.16214584262,31793.97598566062,0.1116759688132821
A2,past,95,4,-1,B0,maintenance,0,362,3609.5214930030693,28154.891161951164,30363.48845324972,0.08435247405755072
A2,past,95,4,-1,B0,maintenance,1,362,37896.28167683388,185510.4289866758,215083.40151042782,0.37773201394505596
A2,past,95,4,-1,B0,maintenance,2,362,11607.477726861865,79268.36583211829,118436.44788585808,0.09162423643144114
A2,past,95,4,-1,B0,retrieval,0,298,3915.8983463932354,21726.36400312138,35457.83748814803,0.09151232769120413
A2,past,95,4,-1,B0,retrieval,1,298,22393.42364023471,60118.8767624429,97204.94713520387,0.22320693842429196
A2,past,95,4,-1,B0,retrieval,2,298,4808.01247405954,60016.351317717876,129376.32968828158,0.03795229954816799
A2,past,96,4,-1,B0,encoding,0,205,1862.270580347711,1894.934037424086,991.3277994630278,0.04352020929129474
A2,past,96,4,-1,B0,encoding,1,205,3856.441934876272,3201.4843446888804,6113.27543071392,0.03843916907587978
A2,past,96,4,-1,B0,encoding,2,205,6072.242171166866,3422.2458890074513,1849.0880297183007,0.04793156320881231
A2,past,96,4,-1,B0,maintenance,0,363,22516.414613770405,22432.648726688836,20795.654100342712,0.526195863706278
A2,past,96,4,-1,B0,maintenance,1,363,64607.90866164983,93600.91398394197,75102.08732061452,0.6439807383652035
A2,past,96,4,-1,B0,maintenance,2,363,43719.322882255234,50498.79460857071,29957.797265169018,0.34510077646896686
A2,past,96,4,-1,B0,retrieval,0,328,22221.57743099132,22861.98882382716,22129.558500144794,0.5193056856425695
A2,past,96,4,-1,B0,retrieval,1,328,55811.29727760591,56660.584867147365,75443.57098763708,0.5563003225839864
A2,past,96,4,-1,B0,retrieval,2,328,58379.89537823018,63996.65131524605,75489.92811729068,0.4608247771692164
A2,past,97,4,-1,B0,encoding,0,205,5843.759956681965,4880.738476908346,2246.180161481253,0.13656536222324975
A2,past,97,4,-1,B0,encoding,1,205,7232.88134257761,5034.571532948482,2148.193326999115,0.07209390249565291
A2,past,97,4,-1,B0,encoding,2,205,10912.287881974946,8917.915268337134,6063.445752463888,0.08613671879742056
A2,past,97,4,-1,B0,maintenance,0,362,5283.260012510082,5478.221111843067,6433.810473829208,0.12346679580892934
A2,past,97,4,-1,B0,maintenance,1,362,3954.9651425227457,5688.923019156516,11451.695020194222,0.03942120129640181
A2,past,97,4,-1,B0,maintenance,2,362,8754.36231435805,11639.073067170973,28649.171536488346,0.06910301974054227
A2,past,97,4,-1,B0,retrieval,0,302,5806.066813813635,11326.392864012572,21947.15854562604,0.1356844948112917
A2,past,97,4,-1,B0,retrieval,1,302,925.0436528816521,8254.802116236353,25828.953664796416,0.009220392780742877
A2,past,97,4,-1,B0,retrieval,2,302,6388.854408786727,21325.794288892725,68508.51571282424,0.05043075857230085
A2,past,98,4,-1,B0,encoding,0,205,4232.210744141293,5399.883215691415,4256.480555843577,0.09890436937230956
A2,past,98,4,-1,B0,encoding,1,205,9468.51346267167,11353.392489069982,12718.155491660375,0.09437761440081359
A2,past,98,4,-1,B0,encoding,2,205,6610.900266883095,7925.411939848604,8360.119643268063,0.05218348924123526
A2,past,98,4,-1,B0,maintenance,0,362,4084.7955894652487,11106.242758707976,12486.115234070292,0.09545936065450437
A2,past,98,4,-1,B0,maintenance,1,362,35742.45927108034,109289.53549052948,131876.63076034543,0.35626374215145123
A2,past,98,4,-1,B0,maintenance,2,362,12829.530266153075,38134.90294943473,65506.42072933249,0.10127057247674258
A2,past,98,4,-1,B0,retrieval,0,310,1621.6182504873188,11305.7943733495,21894.763330044974,0.037896300567995
A2,past,98,4,-1,B0,retrieval,1,310,5206.281007581252,49542.17170964408,84616.27906664554,0.05189371946640711
A2,past,98,4,-1,B0,retrieval,2,310,3307.4662161865317,26491.350048717683,76511.012185713,0.02610765867588774
A2,past,99,4,-1,B0,encoding,0,205,27782.24589324014,22852.89265590984,36911.490630796834,0.6492553598898991
A2,past,99,4,-1,B0,encoding,1,205,59071.37843758387,55138.793571709815,80460.27213258148,0.5887952526323765
A2,past,99,4,-1,B0,encoding,2,205,64569.36253101675,43150.33423230338,52249.92292330761,0.5096816619409329
A2,past,99,4,-1,B0,maintenance,0,362,166381.64863186376,118985.97805665195,114423.90977745007,3.8882449452309933
A2,past,99,4,-1,B0,maintenance,1,362,257543.88531736823,233990.84338256717,203044.77692420853,2.5670742926642633
A2,past,99,4,-1,B0,maintenance,2,362,343471.7313772937,225494.16903979945,169615.92936949362,2.7112121912929785
A2,past,99,4,-1,B0,retrieval,0,314,119420.46504342696,70530.11048393566,50457.03637635266,2.7907886679836293
A2,past,99,4,-1,B0,retrieval,1,314,251561.5514188341,224386.21498109354,163016.60072654564,2.5074452490853933
A2,past,99,4,-1,B0,retrieval,2,314,308864.2857750933,181117.47033008875,97153.11503979612,2.438036497765156
A2,past,84,4,-1,N0,encoding,0,205,2966.668237448718,7082.449696833442,2785.3317783588827,0.06932935737378082
A2,past,84,4,-1,N0,encoding,1,205,16566.917962238527,19389.074408972567,8428.593486939464,0.16513111603147934
A2,past,84,4,-1,N0,encoding,2,205,8354.285379706389,14790.312188481823,10563.539035539849,0.0659449913976182
A2,past,84,4,-1,N0,maintenance,0,362,18117.34034653821,12061.068582703581,11677.05948921513,0.42339198825540336
A2,past,84,4,-1,N0,maintenance,1,362,16761.76389336291,15433.02870066339,14706.878716806808,0.16707324709859153
A2,past,84,4,-1,N0,maintenance,2,362,26528.953397511068,20897.300898954494,20302.79250250859,0.20940769007440413
A2,past,84,4,-1,N0,retrieval,0,307,13516.015085727948,4390.004872093905,645.3571660171866,0.3158616215723865
A2,past,84,4,-1,N0,retrieval,1,307,18336.66914943728,17334.96910383101,3865.128541454498,0.182771149579438
A2,past,84,4,-1,N0,retrieval,2,307,22902.31341259464,11969.837912656607,108.34173196163135,0.18078061645437685
A2,past,85,4,1,N0,encoding,0,205,1893.6306151023998,1209.1548719597224,2297.870676078665,0.04425307555160558
A2,past,85,4,1,N0,encoding,1,205,29054.02331787027,27850.523482488265,47714.819921606504,0.28959661094599115
A2,past,85,4,1,N0,encoding,2,205,2436.4435717568476,2491.262752533139,4691.864259872075,0.019232195583188737
A2,past,85,4,1,N0,maintenance,0,363,69064.75354182057,94756.2940485644,90898.71688567802,1.6140041949384787
A2,past,85,4,1,N0,maintenance,1,363,198470.30913704674,255707.76154324965,223956.96879356733,1.9782571339832273
A2,past,85,4,1,N0,maintenance,2,363,127762.94692743405,193982.1168721269,144291.76070419358,1.0085035467581902
A2,past,85,4,1,N0,retrieval,0,332,199681.4367112509,265139.3817515798,224459.63409655145,4.666442142708118
A2,past,85,4,1,N0,retrieval,1,332,669762.4402898629,824939.3339532858,704607.4789026491,6.67587172780857
A2,past,85,4,1,N0,retrieval,2,332,411399.8753344772,567062.8731741197,410014.7782937642,3.247406571220909
A2,past,87,4,-1,N0,encoding,0,205,13050.11697558314,70711.65689714946,50929.68969502898,0.30497384646822584
A2,past,87,4,-1,N0,encoding,1,205,38128.52102417082,27253.53181364361,13165.65907638591,0.38004686470363297
A2,past,87,4,-1,N0,encoding,2,205,82951.09026343987,150892.64553481995,134696.30993000788,0.6547787973742695
A2,past,87,4,-1,N0,maintenance,0,363,61992.30107610092,30205.796852378913,31457.652183735085,1.4487249843022976
A2,past,87,4,-1,N0,maintenance,1,363,94804.02241017246,99379.5526235594,82654.34398488277,0.9449611605820881
A2,past,87,4,-1,N0,maintenance,2,363,69240.05109424533,55464.13618820008,74028.41282101988,0.5465499879705003
A2,past,87,4,-1,N0,retrieval,0,317,342056.5873666695,67160.21994720933,48221.50990393912,7.993668819535353
A2,past,87,4,-1,N0,retrieval,1,317,326371.9513501695,286697.388160121,216868.39858927598,3.253119541647261
A2,past,87,4,-1,N0,retrieval,2,317,457518.11140954035,141390.74157298636,72994.60522555423,3.611443295251308
A2,past,88,4,1,N0,encoding,0,205,38784.93131548498,65393.67686623431,48198.64617917143,0.9063818899417071
A2,past,88,4,1,N0,encoding,1,205,376804.6687540248,418682.4864663701,357629.9495128008,3.755808752059307
A2,past,88,4,1,N0,encoding,2,205,190918.84874891632,326636.76749636326,304536.944912757,1.5070279821866623
A2,past,88,4,1,N0,maintenance,0,362,51532.85512746096,126117.70535234289,130904.3573944296,1.2042936532382562
A2,past,88,4,1,N0,maintenance,1,362,196457.1054872143,277920.749346709,311538.24315579026,1.9581904827054692
A2,past,88,4,1,N0,maintenance,2,362,265791.3841044518,563791.1834627653,662571.03259515,2.0980382811563842
A2,past,88,4,1,N0,retrieval,0,256,2898.6341641732683,34700.14110923715,51434.00531333077,0.06773943959323253
A2,past,88,4,1,N0,retrieval,1,256,1749.1160870921203,16602.013603217478,39336.61337448731,0.01743435273769587
A2,past,88,4,1,N0,retrieval,2,256,15994.775718684352,159361.9124389455,263432.3932745314,0.12625560406850045
A2,past,89,4,-1,N0,encoding,0,205,8669.506575071262,1132.3974760281656,2008.8860230113442,0.20260146113080435
A2,past,89,4,-1,N0,encoding,1,205,5432.3410250897805,17454.508826925732,33599.72731250746,0.054146977620178706
A2,past,89,4,-1,N0,encoding,2,205,12740.682335301794,1479.6275622641344,2342.63547017584,0.10056924665779025
A2,past,89,4,-1,N0,maintenance,0,363,10118.858227809145,54524.544000912654,51736.24232054745,0.23647198882397094
A2,past,89,4,-1,N0,maintenance,1,363,27789.06418863339,152640.04008191955,128325.48550094235,0.27698810324279544
A2,past,89,4,-1,N0,maintenance,2,363,22774.02703464667,116914.0125707624,81027.64634345526,0.1797679811773057
A2,past,89,4,-1,N0,retrieval,0,318,7850.073388906755,72626.64974168253,51930.02991715003,0.18345177142488991
A2,past,89,4,-1,N0,retrieval,1,318,33224.55212418885,189023.87242324758,134086.18190252158,0.3311664477616595
A2,past,89,4,-1,N0,retrieval,2,318,31480.90960002946,170427.1830326764,89260.85280436004,0.24849621702007257
A2,past,90,4,-1,N0,encoding,0,205,23195.441802349374,89966.90965036965,67915.5781488139,0.5420643447279342
A2,past,90,4,-1,N0,encoding,1,205,74216.0823803529,54050.71554420618,32461.376023204753,0.7397504194133122
A2,past,90,4,-1,N0,encoding,2,205,244992.34696245936,325335.1563384774,301276.1048159374,1.9338599866562705
A2,past,90,4,-1,N0,maintenance,0,362,11311.313012403754,110806.63318609497,115249.91673557946,0.2643389821296771
A2,past,90,4,-1,N0,maintenance,1,362,7667.185221552449,5839.564119936469,5179.816039866258,0.07642283587936273
A2,past,90,4,-1,N0,maintenance,2,362,146596.8498920663,268334.12473061983,336515.0308077847,1.157169951188571
A2,past,90,4,-1,N0,retrieval,0,427,14218.882398675181,38068.552927949364,54878.38957820523,0.3322872328054019
A2,past,90,4,-1,N0,retrieval,1,427,42332.52538806671,75137.77782870158,42579.98056553676,0.4219503698693903
A2,past,90,4,-1,N0,retrieval,2,427,12381.780334836321,73025.10358601142,146504.90104939378,0.09773623482523118
A2,past,91,4,-1,N0,encoding,0,205,482.1948946103262,613.1524588668557,4445.547087242938,0.011268621732034762
A2,past,91,4,-1,N0,encoding,1,205,2615.5312219478196,1076.6390476756144,6579.843804570901,0.026070364486615902
A2,past,91,4,-1,N0,encoding,2,205,543.484078534548,1769.786197834014,3871.758669314772,0.004290020181829462
A2,past,91,4,-1,N0,maintenance,0,362,863.4349476508102,3291.7190347963815,2578.512132145067,0.020177985963868512
A2,past,91,4,-1,N0,maintenance,1,362,497.4755792548021,423.50213450948536,476.09991561911636,0.0049585986837139
A2,past,91,4,-1,N0,maintenance,2,362,1245.8595696602335,8584.978994813562,883.6751246373946,0.00983425809267385
A2,past,91,4,-1,N0,retrieval,0,318,1897.681348144654,6612.011959034117,1687.062119129295,0.04434773888981348
A2,past,91,4,-1,N0,retrieval,1,318,273.28840354842856,1848.7140184805264,1794.6831135119962,0.0027240081214427387
A2,past,91,4,-1,N0,retrieval,2,318,2305.2793635620424,13914.752736372428,522.827516861976,0.018196844001580947
A2,past,92,4,-1,N0,encoding,0,205,364.88223580002074,12590.51141633392,23275.591309197418,0.008527091302557922
A2,past,92,4,-1,N0,encoding,1,205,48558.42051192099,86841.55605777755,117582.7962421308,0.4840071152725096
A2,past,92,4,-1,N0,encoding,2,205,7110.866373318277,41678.82015703804,50399.814359644035,0.05612999801959919
A2,past,92,4,-1,N0,maintenance,0,363,57631.78081822993,201778.39834475075,196142.55955152443,1.3468220942260105
A2,past,92,4,-1,N0,maintenance,1,363,288081.21835683106,494394.15076038317,456026.80700199073,2.871455825603906
A2,past,92,4,-1,N0,maintenance,2,363,271814.14704175387,593451.7803795964,506992.0663826493,2.145579277428197
A2,past,92,4,-1,N0,retrieval,0,370,113883.57327424566,6573.033423154592,11266.011884825108,2.661394641594067
A2,past,92,4,-1,N0,retrieval,1,370,153912.4917548743,26053.94787233239,39825.923899388516,1.5341261176399326
A2,past,92,4,-1,N0,retrieval,2,370,129146.25174863775,6350.775902880054,17808.235794426808,1.019422736178766
A2,past,93,4,1,N0,encoding,0,205,16004.270040732417,9396.257037202899,4461.340393593666,0.3740107313498049
A2,past,93,4,1,N0,encoding,1,205,6687.535971665975,502.22405883837075,3133.2043413537,0.06665816061979522
A2,past,93,4,1,N0,encoding,2,205,44119.51577975498,21715.466570827786,16489.346811977313,0.3482597201707363
A2,past,93,4,1,N0,maintenance,0,362,13390.68715716174,9176.576274659801,9212.331915025408,0.3129327788259004
A2,past,93,4,1,N0,maintenance,1,362,7700.109160393161,43985.24856852065,32800.4707947967,0.07675100595766644
A2,past,93,4,1,N0,maintenance,2,362,37864.62379056743,18880.9281037237,24099.941971767086,0.29888640100905606
A2,past,93,4,1,N0,retrieval,0,300,336.1477665342624,4664.20583226693,855.9443148059959,0.007855583021475272
A2,past,93,4,1,N0,retrieval,1,300,9024.122377919557,76585.50759812912,42697.419547586614,0.08994813657356654
A2,past,93,4,1,N0,retrieval,2,300,883.7784307073965,12614.378771472833,634.5763002179447,0.0069761515631212535
A2,past,94,4,-1,N0,encoding,0,205,9424.04660564085,7779.437208302532,16336.176557281618,0.22023463452439204
A2,past,94,4,-1,N0,encoding,1,205,154481.04249006978,123299.02516116032,160804.77719453067,1.539793159490285
A2,past,94,4,-1,N0,encoding,2,205,46843.035877732895,36792.99269012094,45270.22847991673,0.36975796942478656
A2,past,94,4,-1,N0,maintenance,0,363,12516.80758505942,17331.733221990162,18387.946136933544,0.2925107079009658
A2,past,94,4,-1,N0,maintenance,1,363,120139.08896652103,154071.50994869389,176855.0298805306,1.1974889889154852
A2,past,94,4,-1,N0,maintenance,2,363,51952.55989627931,71856.96589116503,97423.95338221233,0.41009026622032746
A2,past,94,4,-1,N0,retrieval,0,346,23461.174143929686,40261.071594999354,57979.03969162089,0.5482743591281412
A2,past,94,4,-1,N0,retrieval,1,346,47256.00629978808,75348.94067105104,109150.33049614225,0.47102527321383697
A2,past,94,4,-1,N0,retrieval,2,346,62671.813068874915,109355.06605760723,193520.59903482336,0.4947032553783004
A2,past,95,4,-1,N0,encoding,0,205,6190.026035644712,16840.894663723473,10063.205271754237,0.14465740447852768
A2,past,95,4,-1,N0,encoding,1,205,21552.63996974618,57890.31514509285,43467.615706133794,0.2148264088553476
A2,past,95,4,-1,N0,encoding,2,205,14638.232642537156,37411.16214584262,31793.97598566062,0.11554765989121292
A2,past,95,4,-1,N0,maintenance,0,362,3838.2635176302692,28154.891161951164,30363.48845324972,0.08969804568959121
A2,past,95,4,-1,N0,maintenance,1,362,43110.122009052626,185510.4289866758,215083.40151042782,0.42970108114461886
A2,past,95,4,-1,N0,maintenance,2,362,12992.871913468018,79268.36583211829,118436.44788585808,0.10255991836780132
A2,past,95,4,-1,N0,retrieval,0,298,3592.7389820367216,21726.36400312138,35457.83748814803,0.08396027627630642
A2,past,95,4,-1,N0,retrieval,1,298,21310.365848076643,60118.8767624429,97204.94713520387,0.21241153626480147
A2,past,95,4,-1,N0,retrieval,2,298,4292.573817074857,60016.351317717876,129376.32968828158,0.03388365737759741
A2,past,96,4,-1,N0,encoding,0,205,1691.5833307267133,1894.934037424086,991.3277994630278,0.039531344888209814
A2,past,96,4,-1,N0,encoding,1,205,2367.771859711953,3201.4843446888804,6113.27543071392,0.023600817641118748
A2,past,96,4,-1,N0,encoding,2,205,5012.965344457715,3422.2458890074513,1849.0880297183007,0.03957010581896597
A2,past,96,4,-1,N0,maintenance,0,363,22066.67767620384,22432.648726688836,20795.654100342712,0.5156857660569513
A2,past,96,4,-1,N0,maintenance,1,363,60170.83840411462,93600.91398394197,75102.08732061452,0.5997541438225773
A2,past,96,4,-1,N0,maintenance,2,363,42415.320180382725,50498.79460857071,29957.797265169018,0.334807562501637
A2,past,96,4,-1,N0,retrieval,0,328,23667.69768843267,22861.98882382716,22129.558500144794,0.553100697456845
A2,past,96,4,-1,N0,retrieval,1,328,58292.00459362596,56660.584867147365,75443.57098763708,0.581026826848422
A2,past,96,4,-1,N0,retrieval,2,328,61690.88243157408,63996.65131524605,75489.92811729068,0.48696022775853565
A2,past,97,4,-1,N0,encoding,0,205,5428.394228204342,4880.738476908346,2246.180161481253,0.12685850027389647
A2,past,97,4,-1,N0,encoding,1,205,5761.887973436169,5034.571532948482,2148.193326999115,0.057431744013616816
A2,past,97,4,-1,N0,encoding,2,205,9660.831901036237,8917.915268337134,6063.445752463888,0.07625828513773612
A2,past,97,4,-1,N0,maintenance,0,362,5613.798045446225,5478.221111843067,6433.810473829208,0.13119128253170623
A2,past,97,4,-1,N0,maintenance,1,362,5380.20147714431,5688.923019156516,11451.695020194222,0.05362727553912554
A2,past,97,4,-1,N0,maintenance,2,362,9800.335229032704,11639.073067170973,28649.171536488346,0.07735946200045295
A2,past,97,4,-1,N0,retrieval,0,302,5592.239062869636,11326.392864012572,21947.15854562604,0.13068746131273742
A2,past,97,4,-1,N0,retrieval,1,302,686.7763953577012,8254.802116236353,25828.953664796416,0.00684545869593779
A2,past,97,4,-1,N0,retrieval,2,302,5894.562821683753,21325.794288892725,68508.51571282424,0.04652904191098108
A2,past,98,4,-1,N0,encoding,0,205,4336.169176151994,5399.883215691415,4256.480555843577,0.10133381908087762
A2,past,98,4,-1,N0,encoding,1,205,12977.800684958567,11353.392489069982,12718.155491660375,0.12935651130922468
A2,past,98,4,-1,N0,encoding,2,205,8087.941020982947,7925.411939848604,8360.119643268063,0.06384258818219932
A2,past,98,4,-1,N0,maintenance,0,362,4377.626962384016,11106.242758707976,12486.115234070292,0.10230266407720165
A2,past,98,4,-1,N0,maintenance,1,362,39714.23864834187,109289.53549052948,131876.63076034543,0.3958525396992475
A2,past,98,4,-1,N0,maintenance,2,362,13915.314544409533,38134.90294943473,65506.42072933249,0.10984126783067691
A2,past,98,4,-1,N0,retrieval,0,310,1425.9978126091942,11305.7943733495,21894.763330044974,0.033324761669216316
A2,past,98,4,-1,N0,retrieval,1,310,4186.200144526434,49542.17170964408,84616.27906664554,0.04172604122096984
A2,past,98,4,-1,N0,retrieval,2,310,2653.4316366666167,26491.350048717683,76511.012185713,0.02094500229537259
A2,past,99,4,-1,N0,encoding,0,205,28721.753628514027,22852.89265590984,36911.490630796834,0.6712111238381626
A2,past,99,4,-1,N0,encoding,1,205,64740.90432481235,55138.793571709815,80460.27213258148,0.6453063755377564
A2,past,99,4,-1,N0,encoding,2,205,67861.66993923695,43150.33423230338,52249.92292330761,0.5356696637682089
A2,past,99,4,-1,N0,maintenance,0,362,164126.72927552482,118985.97805665195,114423.90977745007,3.8355487563106165
A2,past,99,4,-1,N0,maintenance,1,362,246847.14948847305,233990.84338256717,203044.77692420853,2.4604543450466383
A2,past,99,4,-1,N0,maintenance,2,362,336563.0632522658,225494.16903979945,169615.92936949362,2.656678255789572
A2,past,99,4,-1,N0,retrieval,0,314,120390.57417084063,70530.11048393566,50457.03637635266,2.813459569143736
A2,past,99,4,-1,N0,retrieval,1,314,254537.71822496498,224386.21498109354,163016.60072654564,2.5371102566210397
A2,past,99,4,-1,N0,retrieval,2,314,311452.7829714326,181117.47033008875,97153.11503979612,2.458468936637786
A2,past,84,4,-1,N1,encoding,0,205,1013.5155799596757,7082.449696833442,2785.3317783588827,0.02368528538511167
A2,past,84,4,-1,N1,encoding,1,205,9282.880218015653,19389.074408972567,8428.593486939464,0.09252731098695814
A2,past,84,4,-1,N1,encoding,2,205,3020.102862392098,14790.312188481823,10563.539035539849,0.023839340916478057
A2,past,84,4,-1,N1,maintenance,0,362,11959.59407522393,12061.068582703581,11677.05948921513,0.2794889435967423
A2,past,84,4,-1,N1,maintenance,1,362,9622.630021725274,15433.02870066339,14706.878716806808,0.09591377456370329
A2,past,84,4,-1,N1,maintenance,2,362,15965.324185570536,20897.300898954494,20302.79250250859,0.12602312684159664
A2,past,84,4,-1,N1,retrieval,0,307,9318.155268020766,4390.004872093905,645.3571660171866,0.2177600139058884
A2,past,84,4,-1,N1,retrieval,1,307,12809.83872019546,17334.96910383101,3865.128541454498,0.12768234676302542
A2,past,84,4,-1,N1,retrieval,2,307,13724.095702886485,11969.837912656607,108.34173196163135,0.10833187183973662
A2,past,85,4,1,N1,encoding,0,205,470.63588348467835,1209.1548719597224,2297.870676078665,0.010998494185212503
A2,past,85,4,1,N1,encoding,1,205,36481.820498008674,27850.523482488265,47714.819921606504,0.3636333413026855
A2,past,85,4,1,N1,encoding,2,205,3733.7971810566505,2491.262752533139,4691.864259872075,0.029472924588300985
A2,past,85,4,1,N1,maintenance,0,363,58721.960409878535,94756.2940485644,90898.71688567802,1.3722989741672633
A2,past,85,4,1,N1,maintenance,1,363,181566.16944784237,255707.76154324965,223956.96879356733,1.8097647530350718
A2,past,85,4,1,N1,maintenance,2,363,105603.90464467496,193982.1168721269,144291.76070419358,0.8335899800914788
A2,past,85,4,1,N1,retrieval,0,332,183545.8229007492,265139.3817515798,224459.63409655145,4.289361981808287
A2,past,85,4,1,N1,retrieval,1,332,639451.0342368266,824939.3339532858,704607.4789026491,6.373742127032488
A2,past,85,4,1,N1,retrieval,2,332,367217.08948018815,567062.8731741197,410014.7782937642,2.8986474253864265
A2,past,87,4,-1,N1,encoding,0,205,7653.378107796091,70711.65689714946,50929.68969502898,0.17885511404820098
A2,past,87,4,-1,N1,encoding,1,205,28269.801440090312,27253.53181364361,13165.65907638591,0.2817798622792036
A2,past,87,4,-1,N1,encoding,2,205,60931.13573994346,150892.64553481995,134696.30993000788,0.4809631272566
A2,past,87,4,-1,N1,maintenance,0,363,53137.06660681513,30205.796852378913,31457.652183735085,1.2417831674182824
A2,past,87,4,-1,N1,maintenance,1,363,80851.79142953447,99379.5526235594,82654.34398488277,0.8058919940531544
A2,past,87,4,-1,N1,maintenance,2,363,54946.69075983691,55464.13618820008,74028.41282101988,0.43372459579689127
A2,past,87,4,-1,N1,retrieval,0,317,332052.358416863,67160.21994720933,48221.50990393912,7.75987565205036
A2,past,87,4,-1,N1,retrieval,1,317,315669.5848865072,286697.388160121,216868.39858927598,3.1464434705548183
A2,past,87,4,-1,N1,retrieval,2,317,438983.5075368528,141390.74157298636,72994.60522555423,3.4651394239576976
A2,past,88,4,1,N1,encoding,0,205,28048.291873587732,65393.67686623431,48198.64617917143,0.6554727038505567
A2,past,88,4,1,N1,encoding,1,205,344011.2719311449,418682.4864663701,357629.9495128008,3.4289398541648186
A2,past,88,4,1,N1,encoding,2,205,150855.1569336908,326636.76749636326,304536.944912757,1.1907831219704164
A2,past,88,4,1,N1,maintenance,0,362,58087.12388143892,126117.70535234289,130904.3573944296,1.3574632038581536
A2,past,88,4,1,N1,maintenance,1,362,198893.2084449319,277920.749346709,311538.24315579026,1.9824723920559237
A2,past,88,4,1,N1,maintenance,2,362,286529.510429251,563791.1834627653,662571.03259515,2.2617357729147596
A2,past,88,4,1,N1,retrieval,0,256,4114.310073694871,34700.14110923715,51434.00531333077,0.09614909744375116
A2,past,88,4,1,N1,retrieval,1,256,1185.9638641133329,16602.013603217478,39336.61337448731,0.011821120675579087
A2,past,88,4,1,N1,retrieval,2,256,25307.185139461064,159361.9124389455,263432.3932745314,0.19976359801804416
A2,past,89,4,-1,N1,encoding,0,205,3824.742327603322,1132.3974760281656,2008.8860230113442,0.08938206313257185
A2,past,89,4,-1,N1,encoding,1,205,8260.90664541988,17454.508826925732,33599.72731250746,0.08234076711790075
A2,past,89,4,-1,N1,encoding,2,205,4439.345142960382,1479.6275622641344,2342.63547017584,0.035042204564224404
A2,past,89,4,-1,N1,maintenance,0,363,6510.286130249186,54524.544000912654,51736.24232054745,0.1521417016005035
A2,past,89,4,-1,N1,maintenance,1,363,21912.24528303179,152640.04008191955,128325.48550094235,0.21841078265674227
A2,past,89,4,-1,N1,maintenance,2,363,14954.540641422594,116914.0125707624,81027.64634345526,0.11804445373023678
A2,past,89,4,-1,N1,retrieval,0,318,6159.190432230292,72626.64974168253,51930.02991715003,0.14393679388177524
A2,past,89,4,-1,N1,retrieval,1,318,29103.183784681787,189023.87242324758,134086.18190252158,0.2900866189708825
A2,past,89,4,-1,N1,retrieval,2,318,25827.735359979815,170427.1830326764,89260.85280436004,0.20387258858443347
A2,past,90,4,-1,N1,encoding,0,205,15311.484445777385,89966.90965036965,67915.5781488139,0.35782072415933125
A2,past,90,4,-1,N1,encoding,1,205,60453.168024359664,54050.71554420618,32461.376023204753,0.6025682704685881
A2,past,90,4,-1,N1,encoding,2,205,207525.63222341245,325335.1563384774,301276.1048159374,1.6381145016905296
A2,past,90,4,-1,N1,maintenance,0,362,10832.600675421543,110806.63318609497,115249.91673557946,0.25315174579804756
A2,past,90,4,-1,N1,maintenance,1,362,5831.232821975813,5839.564119936469,5179.816039866258,0.05812294030350526
A2,past,90,4,-1,N1,maintenance,2,362,149344.47918085774,268334.12473061983,336515.0308077847,1.1788585076093674
A2,past,90,4,-1,N1,retrieval,0,427,13885.668645938344,38068.552927949364,54878.38957820523,0.32450021602552187
A2,past,90,4,-1,N1,retrieval,1,427,38414.76536407386,75137.77782870158,42579.98056553676,0.38290001140319524
A2,past,90,4,-1,N1,retrieval,2,427,18546.77109392404,73025.10358601142,146504.90104939378,0.14639991389489723
A2,past,91,4,-1,N1,encoding,0,205,1621.1266164540586,613.1524588668557,4445.547087242938,0.03788481135893591
A2,past,91,4,-1,N1,encoding,1,205,4384.322260456192,1076.6390476756144,6579.843804570901,0.04370082773156703
A2,past,91,4,-1,N1,encoding,2,205,4233.525662488626,1769.786197834014,3871.758669314772,0.03341755766119399
A2,past,91,4,-1,N1,maintenance,0,362,711.6797005689583,3291.7190347963815,2578.512132145067,0.016631551743326187
A2,past,91,4,-1,N1,maintenance,1,362,3141.948653241491,423.50213450948536,476.09991561911636,0.03131744171160645
A2,past,91,4,-1,N1,maintenance,2,362,1747.8126876298213,8584.978994813562,883.6751246373946,0.013796451451176937
A2,past,91,4,-1,N1,retrieval,0,318,725.1894095824027,6612.011959034117,1687.062119129295,0.016947265995558968
A2,past,91,4,-1,N1,retrieval,1,318,1314.6990362469576,1848.7140184805264,1794.6831135119962,0.013104291310900903
A2,past,91,4,-1,N1,retrieval,2,318,688.449706115233,13914.752736372428,522.827516861976,0.005434313993838856
A2,past,92,4,-1,N1,encoding,0,205,1842.4067319874334,12590.51141633392,23275.591309197418,0.04305600239940022
A2,past,92,4,-1,N1,encoding,1,205,65768.7834500277,86841.55605777755,117582.7962421308,0.6555517831313202
A2,past,92,4,-1,N1,encoding,2,205,16030.235346417803,41678.82015703804,50399.814359644035,0.12653550650653847
A2,past,92,4,-1,N1,maintenance,0,363,51890.32030862748,201778.39834475075,196142.55955152443,1.2126474121725848
A2,past,92,4,-1,N1,maintenance,1,363,288496.58809031395,494394.15076038317,456026.80700199073,2.8755960324795646
A2,past,92,4,-1,N1,maintenance,2,363,256505.99233566172,593451.7803795964,506992.0663826493,2.024743552464952
A2,past,92,4,-1,N1,retrieval,0,370,124239.05136016571,6573.033423154592,11266.011884825108,2.9033963025592042
A2,past,92,4,-1,N1,retrieval,1,370,169972.19899668076,26053.94787233239,39825.923899388516,1.6942015997557387
A2,past,92,4,-1,N1,retrieval,2,370,151645.4054660749,6350.775902880054,17808.235794426808,1.1970209903578959
A2,past,93,4,1,N1,encoding,0,205,9581.202490232923,9396.257037202899,4461.340393593666,0.22390727858642123
A2,past,93,4,1,N1,encoding,1,205,2630.380233294477,502.22405883837075,3133.2043413537,0.026218372330997497
A2,past,93,4,1,N1,encoding,2,205,26782.487476935476,21715.466570827786,16489.346811977313,0.21140897467586853
A2,past,93,4,1,N1,maintenance,0,362,11738.580939819434,9176.576274659801,9212.331915025408,0.2743239917307611
A2,past,93,4,1,N1,maintenance,1,362,3889.6997078476584,43985.24856852065,32800.4707947967,0.038770666653160264
A2,past,93,4,1,N1,maintenance,2,362,35147.30501711393,18880.9281037237,24099.941971767086,0.2774371022365649
A2,past,93,4,1,N1,retrieval,0,300,1051.3906287073924,4664.20583226693,855.9443148059959,0.024570403834499856
A2,past,93,4,1,N1,retrieval,1,300,6588.526689148129,76585.50759812912,42697.419547586614,0.06567128343739388
A2,past,93,4,1,N1,retrieval,2,300,3286.1368596581697,12614.378771472833,634.5763002179447,0.025939294277396358
A2,past,94,4,-1,N1,encoding,0,205,13103.783201826973,7779.437208302532,16336.176557281618,0.30622799579682086
A2,past,94,4,-1,N1,encoding,1,205,174929.121313803,123299.02516116032,160804.77719453067,1.7436098310377108
A2,past,94,4,-1,N1,encoding,2,205,61701.72330560618,36792.99269012094,45270.22847991673,0.4870458007683499
A2,past,94,4,-1,N1,maintenance,0,363,16534.517995463968,17331.733221990162,18387.946136933544,0.38640232589558215
A2,past,94,4,-1,N1,maintenance,1,363,141815.333109424,154071.50994869389,176855.0298805306,1.4135474250619715
A2,past,94,4,-1,N1,maintenance,2,363,66311.27334295567,71856.96589116503,97423.95338221233,0.5234315266256807
A2,past,94,4,-1,N1,retrieval,0,346,28391.0920673674,40261.071594999354,57979.03969162089,0.6634837503310322
A2,past,94,4,-1,N1,retrieval,1,346,54262.06005750605,75348.94067105104,109150.33049614225,0.5408582668114094
A2,past,94,4,-1,N1,retrieval,2,346,76549.01755065906,109355.06605760723,193520.59903482336,0.6042436994236061
A2,past,95,4,-1,N1,encoding,0,205,2386.241915923771,16840.894663723473,10063.205271754237,0.0557651228004002
A2,past,95,4,-1,N1,encoding,1,205,11916.591662182442,57890.31514509285,43467.615706133794,0.11877888723496272
A2,past,95,4,-1,N1,encoding,2,205,6185.2504732615325,37411.16214584262,31793.97598566062,0.048823600189928
A2,past,95,4,-1,N1,maintenance,0,362,3277.2507159066326,28154.891161951164,30363.48845324972,0.07658749408459854
A2,past,95,4,-1,N1,maintenance,1,362,45892.46505550158,185510.4289866758,215083.40151042782,0.45743414612929406
A2,past,95,4,-1,N1,maintenance,2,362,11903.252812313744,79268.36583211829,118436.44788585808,0.09395895263746563
A2,past,95,4,-1,N1,retrieval,0,298,2454.746150152165,21726.36400312138,35457.83748814803,0.057366027976275845
A2,past,95,4,-1,N1,retrieval,1,298,18218.16157913736,60118.8767624429,97204.94713520387,0.18158992278840722
A2,past,95,4,-1,N1,retrieval,2,298,2572.714380108755,60016.351317717876,129376.32968828158,0.020307856381937845
A2,past,96,4,-1,N1,encoding,0,205,899.421497357484,1894.934037424086,991.3277994630278,0.02101897125968605
A2,past,96,4,-1,N1,encoding,1,205,3787.1779398646067,3201.4843446888804,6113.27543071392,0.03774877869529449
A2,past,96,4,-1,N1,encoding,2,205,2616.392179902106,3422.2458890074513,1849.0880297183007,0.020652629393718855
A2,past,96,4,-1,N1,maintenance,0,363,17574.353236770887,22432.648726688836,20795.654100342712,0.41070268686766576
A2,past,96,4,-1,N1,maintenance,1,363,52167.41042255803,93600.91398394197,75102.08732061452,0.5199798009010752
A2,past,96,4,-1,N1,maintenance,2,363,34227.27913908913,50498.79460857071,29957.797265169018,0.2701748295400504
A2,past,96,4,-1,N1,retrieval,0,328,21814.979240116125,22861.98882382716,22129.558500144794,0.5098037160839642
A2,past,96,4,-1,N1,retrieval,1,328,59833.36816310551,56660.584867147365,75443.57098763708,0.5963904018367555
A2,past,96,4,-1,N1,retrieval,2,328,60863.6323937093,63996.65131524605,75489.92811729068,0.4804302860398592
A2,past,97,4,-1,N1,encoding,0,205,2503.2953334459253,4880.738476908346,2246.180161481253,0.058500594907721096
A2,past,97,4,-1,N1,encoding,1,205,1668.316136122906,5034.571532948482,2148.193326999115,0.016628977464561337
A2,past,97,4,-1,N1,encoding,2,205,4010.338550705807,8917.915268337134,6063.445752463888,0.03165581844621228
A2,past,97,4,-1,N1,maintenance,0,362,8528.726956481494,5478.221111843067,6433.810473829208,0.19931152113517203
A2,past,97,4,-1,N1,maintenance,1,362,8837.237425113848,5688.923019156516,11451.695020194222,0.08808535673143549
A2,past,97,4,-1,N1,maintenance,2,362,14825.325709499522,11639.073067170973,28649.171536488346,0.11702448886348595
A2,past,97,4,-1,N1,retrieval,0,302,8197.042848918487,11326.392864012572,21947.15854562604,0.1915602512971213
A2,past,97,4,-1,N1,retrieval,1,302,1720.504886096537,8254.802116236353,25828.953664796416,0.017149169967903045
A2,past,97,4,-1,N1,retrieval,2,302,11314.705543735769,21325.794288892725,68508.51571282424,0.08931322379299202
A2,past,98,4,-1,N1,encoding,0,205,1702.8440612089287,5399.883215691415,4256.480555843577,0.03979450178524213
A2,past,98,4,-1,N1,encoding,1,205,12102.027609023367,11353.392489069982,12718.155491660375,0.12062722407854415
A2,past,98,4,-1,N1,encoding,2,205,6583.669376840474,7925.411939848604,8360.119643268063,0.051968540777304145
A2,past,98,4,-1,N1,maintenance,0,362,7421.6946285677805,11106.242758707976,12486.115234070292,0.1734408022871953
A2,past,98,4,-1,N1,maintenance,1,362,50518.2327450897,109289.53549052948,131876.63076034543,0.5035415864404688
A2,past,98,4,-1,N1,maintenance,2,362,22520.196505991757,38134.90294943473,65506.42072933249,0.17776435653823586
A2,past,98,4,-1,N1,retrieval,0,310,3183.56466590666,11305.7943733495,21894.763330044974,0.07439810412875643
A2,past,98,4,-1,N1,retrieval,1,310,6299.890938570642,49542.17170964408,84616.27906664554,0.06279430029978898
A2,past,98,4,-1,N1,retrieval,2,310,6060.263304190798,26491.350048717683,76511.012185713,0.04783700739179306
A2,past,99,4,-1,N1,encoding,0,205,37738.999228748515,22852.89265590984,36911.490630796834,0.8819390491431628
A2,past,99,4,-1,N1,encoding,1,205,82483.70892629649,55138.793571709815,80460.27213258148,0.8221581672862112
A2,past,99,4,-1,N1,encoding,2,205,87431.99053335146,43150.33423230338,52249.92292330761,0.6901490195204623
A2,past,99,4,-1,N1,maintenance,0,362,149954.6718108907,118985.97805665195,114423.90977745007,3.5043557957076654
A2,past,99,4,-1,N1,maintenance,1,362,224971.57826206335,233990.84338256717,203044.77692420853,2.242409111848957
A2,past,99,4,-1,N1,maintenance,2,362,306018.5058804915,225494.16903979945,169615.92936949362,2.415573184370944
A2,past,99,4,-1,N1,retrieval,0,314,104808.42756800413,70530.11048393566,50457.03637635266,2.4493136235870683
A2,past,99,4,-1,N1,retrieval,1,314,228878.71275610093,224386.21498109354,163016.60072654564,2.281353560113632
A2,past,99,4,-1,N1,retrieval,2,314,266796.8820603461,181117.47033008875,97153.11503979612,2.105975232198641
A2,past,84,4,-1,N2,encoding,0,205,1009.0144520998052,7082.449696833442,2785.3317783588827,0.02358009657497009
A2,past,84,4,-1,N2,encoding,1,205,8420.734873585367,19389.074408972567,8428.593486939464,0.08393385846720652
A2,past,84,4,-1,N2,encoding,2,205,2744.7062493794906,14790.312188481823,10563.539035539849,0.021665483255335065
A2,past,84,4,-1,N2,maintenance,0,362,13054.468509736997,12061.068582703581,11677.05948921513,0.305075539358138
A2,past,84,4,-1,N2,maintenance,1,362,9628.581460217014,15433.02870066339,14706.878716806808,0.09597309565664129
A2,past,84,4,-1,N2,maintenance,2,362,16845.4061421586,20897.300898954494,20302.79250250859,0.13297010009168192
A2,past,84,4,-1,N2,retrieval,0,307,8233.267603346289,4390.004872093905,645.3571660171866,0.1924068033024316
A2,past,84,4,-1,N2,retrieval,1,307,10571.597377693917,17334.96910383101,3865.128541454498,0.1053726273766239
A2,past,84,4,-1,N2,retrieval,2,307,12235.193425356756,11969.837912656607,108.34173196163135,0.09657914333921193
A2,past,85,4,1,N2,encoding,0,205,622.7260825737415,1209.1548719597224,2297.870676078665,0.0145527560445578
A2,past,85,4,1,N2,encoding,1,205,40328.76667845194,27850.523482488265,47714.819921606504,0.40197786123919865
A2,past,85,4,1,N2,encoding,2,205,5516.470363441764,2491.262752533139,4691.864259872075,0.043544549189815665
A2,past,85,4,1,N2,maintenance,0,363,62139.92370184366,94756.2940485644,90898.71688567802,1.4521748415014888
A2,past,85,4,1,N2,maintenance,1,363,187442.22516406522,255707.76154324965,223956.96879356733,1.8683344665143506
A2,past,85,4,1,N2,maintenance,2,363,113932.10331199765,193982.1168721269,144291.76070419358,0.8993290546517437
A2,past,85,4,1,N2,retrieval,0,332,173580.07435562587,265139.3817515798,224459.63409655145,4.05646807959822
A2,past,85,4,1,N2,retrieval,1,332,617476.4483165849,824939.3339532858,704607.4789026491,6.154709962715013
A2,past,85,4,1,N2,retrieval,2,332,345493.5868838408,567062.8731741197,410014.7782937642,2.727171814160346
A2,past,87,4,-1,N2,encoding,0,205,7274.407184090929,70711.65689714946,50929.68969502898,0.16999877808445257
A2,past,87,4,-1,N2,encoding,1,205,26491.46544039742,27253.53181364361,13165.65907638591,0.26405425942551713
A2,past,87,4,-1,N2,encoding,2,205,59672.67682052785,150892.64553481995,134696.30993000788,0.4710294155334275
A2,past,87,4,-1,N2,maintenance,0,363,54433.91572894603,30205.796852378913,31457.652183735085,1.2720897972979373
A2,past,87,4,-1,N2,maintenance,1,363,84613.62366691147,99379.5526235594,82654.34398488277,0.8433881389062388
A2,past,87,4,-1,N2,maintenance,2,363,54487.79092078603,55464.13618820008,74028.41282101988,0.43010224576177153
A2,past,87,4,-1,N2,retrieval,0,317,323424.6624839379,67160.21994720933,48221.50990393912,7.558251281958849
A2,past,87,4,-1,N2,retrieval,1,317,304058.0773537852,286697.388160121,216868.39858927598,3.030705516032634
A2,past,87,4,-1,N2,retrieval,2,317,428058.49277042015,141390.74157298636,72994.60522555423,3.378902244827893
A2,past,88,4,1,N2,encoding,0,205,25655.287275728173,65393.67686623431,48198.64617917143,0.599549541001454
A2,past,88,4,1,N2,encoding,1,205,332268.79671948234,418682.4864663701,357629.9495128008,3.311896476447036
A2,past,88,4,1,N2,encoding,2,205,140985.37415178772,326636.76749636326,304536.944912757,1.1128754720558005
A2,past,88,4,1,N2,maintenance,0,362,54033.382745844814,126117.70535234289,130904.3573944296,1.262729568211691
A2,past,88,4,1,N2,maintenance,1,362,189048.99118171234,277920.749346709,311538.24315579026,1.8843499418309002
A2,past,88,4,1,N2,maintenance,2,362,268811.5754616483,563791.1834627653,662571.03259515,2.121878320611259
A2,past,88,4,1,N2,retrieval,0,256,5188.2054034769235,34700.14110923715,51434.00531333077,0.12124542340317894
A2,past,88,4,1,N2,retrieval,1,256,1106.4615064219759,16602.013603217478,39336.61337448731,0.011028679191735719
A2,past,88,4,1,N2,retrieval,2,256,31065.731004519985,159361.9124389455,263432.3932745314,0.2452189829222461
A2,past,89,4,-1,N2,encoding,0,205,3447.1754899218577,1132.3974760281656,2008.8860230113442,0.08055853986438943
A2,past,89,4,-1,N2,encoding,1,205,9643.29100627959,17454.508826925732,33599.72731250746,0.09611971337776276
A2,past,89,4,-1,N2,encoding,2,205,4017.9956196738026,1479.6275622641344,2342.63547017584,0.031716259923163966
A2,past,89,4,-1,N2,maintenance,0,363,7660.353798978985,54524.544000912654,51736.24232054745,0.17901813200243094
A2,past,89,4,-1,N2,maintenance,1,363,25620.248724095476,152640.04008191955,128325.48550094235,0.25537038780883287
A2,past,89,4,-1,N2,maintenance,2,363,17625.857242375176,116914.0125707624,81027.64634345526,0.13913063193262945
A2,past,89,4,-1,N2,retrieval,0,318,5361.788964203848,72626.64974168253,51930.02991715003,0.1253019729573009
A2,past,89,4,-1,N2,retrieval,1,318,25785.468914395387,189023.87242324758,134086.18190252158,0.25701722365828555
A2,past,89,4,-1,N2,retrieval,2,318,23730.90033852938,170427.1830326764,89260.85280436004,0.18732111096940451
A2,past,90,4,-1,N2,encoding,0,205,15092.349545955285,89966.90965036965,67915.5781488139,0.3526996655957019
A2,past,90,4,-1,N2,encoding,1,205,58321.73248583871,54050.71554420618,32461.376023204753,0.5813231402622715
A2,past,90,4,-1,N2,encoding,2,205,205451.61383957622,325335.1563384774,301276.1048159374,1.621743128405531
A2,past,90,4,-1,N2,maintenance,0,362,10213.293148294975,110806.63318609497,115249.91673557946,0.23867887945915606
A2,past,90,4,-1,N2,maintenance,1,362,4945.937842848311,5839.564119936469,5179.816039866258,0.04929874329512964
A2,past,90,4,-1,N2,maintenance,2,362,143734.4779930246,268334.12473061983,336515.0308077847,1.1345756679339425
A2,past,90,4,-1,N2,retrieval,0,427,10345.893439419875,38068.552927949364,54878.38957820523,0.24177767320198837
A2,past,90,4,-1,N2,retrieval,1,427,30929.583366536597,75137.77782870158,42579.98056553676,0.3082912966277978
A2,past,90,4,-1,N2,retrieval,2,427,21264.757475248243,73025.10358601142,146504.90104939378,0.1678544824652574
A2,past,91,4,-1,N2,encoding,0,205,1933.1279468576015,613.1524588668557,4445.547087242938,0.04517610583655653
A2,past,91,4,-1,N2,encoding,1,205,5362.864069255146,1076.6390476756144,6579.843804570901,0.053454464547946855
A2,past,91,4,-1,N2,encoding,2,205,4746.66263569348,1769.786197834014,3871.758669314772,0.03746803136969247
A2,past,91,4,-1,N2,maintenance,0,362,992.4635576665011,3291.7190347963815,2578.512132145067,0.02319331154099236
A2,past,91,4,-1,N2,maintenance,1,362,2712.9014314598444,423.50213450948536,476.09991561911636,0.0270409041730916
A2,past,91,4,-1,N2,maintenance,2,362,2547.2013376477053,8584.978994813562,883.6751246373946,0.020106467838315923
A2,past,91,4,-1,N2,retrieval,0,318,427.3443496392442,6612.011959034117,1687.062119129295,0.009986795545188509
A2,past,91,4,-1,N2,retrieval,1,318,1947.3954137275252,1848.7140184805264,1794.6831135119962,0.01941070624942959
A2,past,91,4,-1,N2,retrieval,2,318,313.97166732071315,13914.752736372428,522.827516861976,0.002478351882837876
A2,past,92,4,-1,N2,encoding,0,205,1991.6364205702773,12590.51141633392,23275.591309197418,0.046543415747458086
A2,past,92,4,-1,N2,encoding,1,205,68973.3430140056,86841.55605777755,117582.7962421308,0.6874933004609275
A2,past,92,4,-1,N2,encoding,2,205,17361.48241813771,41678.82015703804,50399.814359644035,0.13704377534134804
A2,past,92,4,-1,N2,maintenance,0,363,56866.90482364393,201778.39834475075,196142.55955152443,1.328947375204216
A2,past,92,4,-1,N2,maintenance,1,363,301792.9209243602,494394.15076038317,456026.80700199073,3.0081275199304374
A2,past,92,4,-1,N2,maintenance,2,363,274625.27737523813,593451.7803795964,506992.0663826493,2.167769082687844
A2,past,92,4,-1,N2,retrieval,0,370,129020.22355828511,6573.033423154592,11266.011884825108,3.0151295903615734
A2,past,92,4,-1,N2,retrieval,1,370,178550.84590832295,26053.94787233239,39825.923899388516,1.7797094499055601
A2,past,92,4,-1,N2,retrieval,2,370,156310.34446627993,6350.775902880054,17808.235794426808,1.233843931909091
A2,past,93,4,1,N2,encoding,0,205,8213.37747330795,9396.257037202899,4461.340393593666,0.19194198222259803
A2,past,93,4,1,N2,encoding,1,205,1912.1457578029833,502.22405883837075,3133.2043413537,0.01905935453538038
A2,past,93,4,1,N2,encoding,2,205,22696.812383473418,21715.466570827786,16489.346811977313,0.17915848326384456
A2,past,93,4,1,N2,maintenance,0,362,10165.938629783923,9176.576274659801,9212.331915025408,0.23757223116742138
A2,past,93,4,1,N2,maintenance,1,362,3594.1629212405046,43985.24856852065,32800.4707947967,0.03582489728845204
A2,past,93,4,1,N2,maintenance,2,362,29246.024761225442,18880.9281037237,24099.941971767086,0.23085503590509635
A2,past,93,4,1,N2,retrieval,0,300,1626.9500409845705,4664.20583226693,855.9443148059959,0.0380209014937608
A2,past,93,4,1,N2,retrieval,1,300,4938.239778487566,76585.50759812912,42697.419547586614,0.04922201267075704
A2,past,93,4,1,N2,retrieval,2,300,5028.166368694517,12614.378771472833,634.5763002179447,0.03969009590393074
A2,past,94,4,-1,N2,encoding,0,205,14369.163138774016,7779.437208302532,16336.176557281618,0.33579920863242213
A2,past,94,4,-1,N2,encoding,1,205,181364.4440537929,123299.02516116032,160804.77719453067,1.8077540507712462
A2,past,94,4,-1,N2,encoding,2,205,65579.47907000848,36792.99269012094,45270.22847991673,0.5176550700119823
A2,past,94,4,-1,N2,maintenance,0,363,16424.90924651775,17331.733221990162,18387.946136933544,0.3838408314786936
A2,past,94,4,-1,N2,maintenance,1,363,136087.66158531356,154071.50994869389,176855.0298805306,1.356456734253101
A2,past,94,4,-1,N2,maintenance,2,363,65843.86918476767,71856.96589116503,97423.95338221233,0.5197420472998019
A2,past,94,4,-1,N2,retrieval,0,346,29488.68533404344,40261.071594999354,57979.03969162089,0.6891338836610333
A2,past,94,4,-1,N2,retrieval,1,346,55519.989511925975,75348.94067105104,109150.33049614225,0.5533967060775843
A2,past,94,4,-1,N2,retrieval,2,346,77640.10284995985,109355.06605760723,193520.59903482336,0.6128562386661892
A2,past,95,4,-1,N2,encoding,0,205,2381.144000396419,16840.894663723473,10063.205271754237,0.05564598740029187
A2,past,95,4,-1,N2,encoding,1,205,11874.51704914971,57890.31514509285,43467.615706133794,0.11835950761211896
A2,past,95,4,-1,N2,encoding,2,205,6479.008259700866,37411.16214584262,31793.97598566062,0.05114239274001036
A2,past,95,4,-1,N2,maintenance,0,362,2934.208939390176,28154.891161951164,30363.48845324972,0.06857080195231652
A2,past,95,4,-1,N2,maintenance,1,362,40559.556678084664,185510.4289866758,215083.40151042782,0.40427826559293073
A2,past,95,4,-1,N2,maintenance,2,362,9428.464173573888,79268.36583211829,118436.44788585808,0.07442407824963872
A2,past,95,4,-1,N2,retrieval,0,298,2312.2665596139814,21726.36400312138,35457.83748814803,0.05403636059850845
A2,past,95,4,-1,N2,retrieval,1,298,16775.532902969215,60118.8767624429,97204.94713520387,0.16721049000207666
A2,past,95,4,-1,N2,retrieval,2,298,2705.358898439025,60016.351317717876,129376.32968828158,0.021354892869520494
A2,past,96,4,-1,N2,encoding,0,205,857.0294373184784,1894.934037424086,991.3277994630278,0.020028292813355133
A2,past,96,4,-1,N2,encoding,1,205,3883.1693378253512,3201.4843446888804,6113.27543071392,0.03870557504756771
A2,past,96,4,-1,N2,encoding,2,205,2190.5675440580508,3422.2458890074513,1849.0880297183007,0.017291360216124995
A2,past,96,4,-1,N2,maintenance,0,363,18928.008917986077,22432.648726688836,20795.654100342712,0.4423368538767562
A2,past,96,4,-1,N2,maintenance,1,363,56344.24662291848,93600.91398394197,75102.08732061452,0.5616125068043892
A2,past,96,4,-1,N2,maintenance,2,363,36615.37811534477,50498.79460857071,29957.797265169018,0.2890254145138873
A2,past,96,4,-1,N2,retrieval,0,328,21931.422253111887,22861.98882382716,22129.558500144794,0.5125249233830337
A2,past,96,4,-1,N2,retrieval,1,328,62979.45332390338,56660.584867147365,75443.57098763708,0.627749074277627
A2,past,96,4,-1,N2,retrieval,2,328,59737.26421074744,63996.65131524605,75489.92811729068,0.4715392394978772
A2,past,97,4,-1,N2,encoding,0,205,2099.4589391988393,4880.738476908346,2246.180161481253,0.04906316697295046
A2,past,97,4,-1,N2,encoding,1,205,1281.8190758382266,5034.571532948482,2148.193326999115,0.012776559588576918
A2,past,97,4,-1,N2,encoding,2,205,3313.2954752291057,8917.915268337134,6063.445752463888,0.026153672238980862
A2,past,97,4,-1,N2,maintenance,0,362,7123.167620081393,5478.221111843067,6433.810473829208,0.16646439508539873
A2,past,97,4,-1,N2,maintenance,1,362,6824.923450020442,5688.923019156516,11451.695020194222,0.06802757330603745
A2,past,97,4,-1,N2,maintenance,2,362,11979.18759869368,11639.073067170973,28649.171536488346,0.09455834787081122
A2,past,97,4,-1,N2,retrieval,0,302,8531.415782148604,11326.392864012572,21947.15854562604,0.19937435746895468
A2,past,97,4,-1,N2,retrieval,1,302,2102.727806730285,8254.802116236353,25828.953664796416,0.020958985263718876
A2,past,97,4,-1,N2,retrieval,2,302,11015.546699313654,21325.794288892725,68508.51571282424,0.08695179770742166
A2,past,98,4,-1,N2,encoding,0,205,1797.053350030618,5399.883215691415,4256.480555843577,0.04199611953615909
A2,past,98,4,-1,N2,encoding,1,205,13630.450724068774,11353.392489069982,12718.155491660375,0.1358618148051379
A2,past,98,4,-1,N2,encoding,2,205,7973.0088814277815,7925.411939848604,8360.119643268063,0.06293536528882222
A2,past,98,4,-1,N2,maintenance,0,362,6166.432080899374,11106.242758707976,12486.115234070292,0.14410602711190748
A2,past,98,4,-1,N2,maintenance,1,362,45473.464391303256,109289.53549052948,131876.63076034543,0.4532577478725568
A2,past,98,4,-1,N2,maintenance,2,362,19311.889642071164,38134.90294943473,65506.42072933249,0.15243941742900965
A2,past,98,4,-1,N2,retrieval,0,310,3508.740005468475,11305.7943733495,21894.763330044974,0.08199726774302334
A2,past,98,4,-1,N2,retrieval,1,310,6837.810626603433,49542.17170964408,84616.27906664554,0.06815602651963427
A2,past,98,4,-1,N2,retrieval,2,310,6328.862987053661,26491.350048717683,76511.012185713,0.04995721312702222
A2,past,99,4,-1,N2,encoding,0,205,39742.99503542106,22852.89265590984,36911.490630796834,0.9287712967475802
A2,past,99,4,-1,N2,encoding,1,205,86522.78085670085,55138.793571709815,80460.27213258148,0.8624177048247775
A2,past,99,4,-1,N2,encoding,2,205,92437.544987723,43150.33423230338,52249.92292330761,0.7296606270884383
A2,past,99,4,-1,N2,maintenance,0,362,157569.09392772085,118985.97805665195,114423.90977745007,3.6823005302987255
A2,past,99,4,-1,N2,maintenance,1,362,235767.59272095122,233990.84338256717,203044.77692420853,2.350018621375812
A2,past,99,4,-1,N2,maintenance,2,362,323943.4895624888,225494.16903979945,169615.92936949362,2.557064986600149
A2,past,99,4,-1,N2,retrieval,0,314,102989.26488380929,70530.11048393566,50457.03637635266,2.4068008214268737
A2,past,99,4,-1,N2,retrieval,1,314,220375.89319093773,224386.21498109354,163016.60072654564,2.1966015206932608
A2,past,99,4,-1,N2,retrieval,2,314,266576.8901560991,181117.47033008875,97153.11503979612,2.1042387145225323
A2,past,84,4,-1,N3,encoding,0,205,1186.0139587751723,7082.449696833442,2785.3317783588827,0.02771647485225009
A2,past,84,4,-1,N3,encoding,1,205,8116.373352532705,19389.074408972567,8428.593486939464,0.08090012836948872
A2,past,84,4,-1,N3,encoding,2,205,3327.5452635300608,14790.312188481823,10563.539035539849,0.02626615369301485
A2,past,84,4,-1,N3,maintenance,0,362,15656.387443122707,12061.068582703581,11677.05948921513,0.3658809119688065
A2,past,84,4,-1,N3,maintenance,1,362,10902.442258679097,15433.02870066339,14706.878716806808,0.10867033094194067
A2,past,84,4,-1,N3,maintenance,2,362,20718.68657508638,20897.300898954494,20302.79250250859,0.16354404307074757
A2,past,84,4,-1,N3,retrieval,0,307,8022.193198087075,4390.004872093905,645.3571660171866,0.18747411393395036
A2,past,84,4,-1,N3,retrieval,1,307,9216.251225809336,17334.96910383101,3865.128541454498,0.09186318505429159
A2,past,84,4,-1,N3,retrieval,2,307,11856.639487265778,11969.837912656607,108.34173196163135,0.09359100790256715
A2,past,85,4,1,N3,encoding,0,205,1418.4828582059993,1209.1548719597224,2297.870676078665,0.03314914143878745
A2,past,85,4,1,N3,encoding,1,205,46033.550347895536,27850.523482488265,47714.819921606504,0.458840416857606
A2,past,85,4,1,N3,encoding,2,205,7976.786246377732,2491.262752533139,4691.864259872075,0.0629651821178876
A2,past,85,4,1,N3,maintenance,0,363,69341.62245369617,94756.2940485644,90898.71688567802,1.620474464682432
A2,past,85,4,1,N3,maintenance,1,363,202256.82983104044,255707.76154324965,223956.96879356733,2.015999361565973
A2,past,85,4,1,N3,maintenance,2,363,127607.17483347359,193982.1168721269,144291.76070419358,1.0072739515349811
A2,past,85,4,1,N3,retrieval,0,332,167705.76217381886,265139.3817515798,224459.63409655145,3.919188729168429
A2,past,85,4,1,N3,retrieval,1,332,611421.5593932662,824939.3339532858,704607.4789026491,6.094357725344535
A2,past,85,4,1,N3,retrieval,2,332,324902.7020274758,567062.8731741197,410014.7782937642,2.564636580683553
A2,past,87,4,-1,N3,encoding,0,205,8365.337599991903,70711.65689714946,50929.68969502898,0.19549320436346573
A2,past,87,4,-1,N3,encoding,1,205,25896.878759269945,27253.53181364361,13165.65907638591,0.2581277037163727
A2,past,87,4,-1,N3,encoding,2,205,61711.76525145584,150892.64553481995,134696.30993000788,0.48712506739650224
A2,past,87,4,-1,N3,maintenance,0,363,57484.626942475144,30205.796852378913,31457.652183735085,1.3433831914486936
A2,past,87,4,-1,N3,maintenance,1,363,88112.18486863136,99379.5526235594,82654.34398488277,0.8782601239707664
A2,past,87,4,-1,N3,maintenance,2,363,59421.6542015181,55464.13618820008,74028.41282101988,0.46904795527694443
A2,past,87,4,-1,N3,retrieval,0,317,314274.3831378235,67160.21994720933,48221.50990393912,7.344414433318758
A2,past,87,4,-1,N3,retrieval,1,317,287694.85335655895,286697.388160121,216868.39858927598,2.867604724038977
A2,past,87,4,-1,N3,retrieval,2,317,417166.40596091293,141390.74157298636,72994.60522555423,3.29292498425934
A2,past,88,4,1,N3,encoding,0,205,25786.470346711143,65393.67686623431,48198.64617917143,0.6026152151118118
A2,past,88,4,1,N3,encoding,1,205,320460.7389784233,418682.4864663701,357629.9495128008,3.1941994034374592
A2,past,88,4,1,N3,encoding,2,205,141975.8651395821,326636.76749636326,304536.944912757,1.1206939648054242
A2,past,88,4,1,N3,maintenance,0,362,47507.724455970405,126117.70535234289,130904.3573944296,1.110228627942431
A2,past,88,4,1,N3,maintenance,1,362,173006.8431410584,277920.749346709,311538.24315579026,1.724449481435462
A2,past,88,4,1,N3,maintenance,2,362,249511.32420448127,563791.1834627653,662571.03259515,1.9695307713861114
A2,past,88,4,1,N3,retrieval,0,256,4426.44106738701,34700.14110923715,51434.00531333077,0.10344342207902803
A2,past,88,4,1,N3,retrieval,1,256,770.8237064437933,16602.013603217478,39336.61337448731,0.007683202101846225
A2,past,88,4,1,N3,retrieval,2,256,34327.0419401741,159361.9124389455,263432.3932745314,0.2709623124617293
A2,past,89,4,-1,N3,encoding,0,205,4500.520635056033,1132.3974760281656,2008.8860230113442,0.10517461964139438
A2,past,89,4,-1,N3,encoding,1,205,11341.899157012112,17454.508826925732,33599.72731250746,0.11305062715846503
A2,past,89,4,-1,N3,encoding,2,205,5799.894179266077,1479.6275622641344,2342.63547017584,0.045781769998888784
A2,past,89,4,-1,N3,maintenance,0,363,9768.048852120703,54524.544000912654,51736.24232054745,0.2282737722960275
A2,past,89,4,-1,N3,maintenance,1,363,30724.37034746167,152640.04008191955,128325.48550094235,0.3062458313854835
A2,past,89,4,-1,N3,maintenance,2,363,22447.576254258496,116914.0125707624,81027.64634345526,0.17719112475859428
A2,past,89,4,-1,N3,retrieval,0,318,5173.08105365788,72626.64974168253,51930.02991715003,0.12089197590931548
A2,past,89,4,-1,N3,retrieval,1,318,23744.908252252593,189023.87242324758,134086.18190252158,0.23667789076380183
A2,past,89,4,-1,N3,retrieval,2,318,22928.649759682023,170427.1830326764,89260.85280436004,0.18098850379640388
A2,past,90,4,-1,N3,encoding,0,205,16883.05235972139,89966.90965036965,67915.5781488139,0.3945473766941934
A2,past,90,4,-1,N3,encoding,1,205,56358.458828683215,54050.71554420618,32461.376023204753,0.5617541672752472
A2,past,90,4,-1,N3,encoding,2,205,209458.2874067132,325335.1563384774,301276.1048159374,1.6533700171110246
A2,past,90,4,-1,N3,maintenance,0,362,9528.714668344313,110806.63318609497,115249.91673557946,0.2226806679005508
A2,past,90,4,-1,N3,maintenance,1,362,4574.497726784494,5839.564119936469,5179.816039866258,0.04559640583898443
A2,past,90,4,-1,N3,maintenance,2,362,137438.08744316598,268334.12473061983,336515.0308077847,1.0848747776992034
A2,past,90,4,-1,N3,retrieval,0,427,7934.941926687744,38068.552927949364,54878.38957820523,0.18543510111148417
A2,past,90,4,-1,N3,retrieval,1,427,25073.417719010326,75137.77782870158,42579.98056553676,0.2499198378419563
A2,past,90,4,-1,N3,retrieval,2,427,22706.4440482003,73025.10358601142,146504.90104939378,0.1792345113163578
A2,past,91,4,-1,N3,encoding,0,205,1938.973952867472,613.1524588668557,4445.547087242938,0.04531272368777136
A2,past,91,4,-1,N3,encoding,1,205,6681.459249023538,1076.6390476756144,6579.843804570901,0.06659759075435336
A2,past,91,4,-1,N3,encoding,2,205,3842.181170531031,1769.786197834014,3871.758669314772,0.030328459314333856
A2,past,91,4,-1,N3,maintenance,0,362,1599.9704567077633,3291.7190347963815,2578.512132145067,0.03739040388148603
A2,past,91,4,-1,N3,maintenance,1,362,2107.576103818653,423.50213450948536,476.09991561911636,0.02100731077066466
A2,past,91,4,-1,N3,maintenance,2,362,3198.256393717079,8584.978994813562,883.6751246373946,0.02524560519363806
A2,past,91,4,-1,N3,retrieval,0,318,348.4805134160163,6612.011959034117,1687.062119129295,0.008143792334930828
A2,past,91,4,-1,N3,retrieval,1,318,2069.1713506690444,1848.7140184805264,1794.6831135119962,0.020624510556227462
A2,past,91,4,-1,N3,retrieval,2,318,103.83420072279992,13914.752736372428,522.827516861976,0.0008196207290304766
A2,past,92,4,-1,N3,encoding,0,205,1423.4311067609121,12590.51141633392,23275.591309197418,0.033264779206471536
A2,past,92,4,-1,N3,encoding,1,205,68350.47508663216,86841.55605777755,117582.7962421308,0.6812848508131514
A2,past,92,4,-1,N3,encoding,2,205,15636.544608601296,41678.82015703804,50399.814359644035,0.12342788794448929
A2,past,92,4,-1,N3,maintenance,0,363,63407.69660999395,201778.39834475075,196142.55955152443,1.4818019767195258
A2,past,92,4,-1,N3,maintenance,1,363,316648.1449550084,494394.15076038317,456026.80700199073,3.156197289375179
A2,past,92,4,-1,N3,maintenance,2,363,291442.8334394198,593451.7803795964,506992.0663826493,2.3005193467230427
A2,past,92,4,-1,N3,retrieval,0,370,130362.97120777323,6573.033423154592,11266.011884825108,3.0465088428438887
A2,past,92,4,-1,N3,retrieval,1,370,181582.81317545063,26053.94787233239,39825.923899388516,1.8099306497529253
A2,past,92,4,-1,N3,retrieval,2,370,157898.93772833067,6350.775902880054,17808.235794426808,1.2463835764434668
A2,past,93,4,1,N3,encoding,0,205,8100.815777081123,9396.257037202899,4461.340393593666,0.18931147909933005
A2,past,93,4,1,N3,encoding,1,205,1742.2135834214898,502.22405883837075,3133.2043413537,0.017365551881849264
A2,past,93,4,1,N3,encoding,2,205,21752.959830716183,21715.466570827786,16489.346811977313,0.171708133456141
A2,past,93,4,1,N3,maintenance,0,362,8925.935466916184,9176.576274659801,9212.331915025408,0.20859405917707866
A2,past,93,4,1,N3,maintenance,1,362,4421.414425868286,43985.24856852065,32800.4707947967,0.044070544699109475
A2,past,93,4,1,N3,maintenance,2,362,25639.78966059672,18880.9281037237,24099.941971767086,0.20238902931326652
A2,past,93,4,1,N3,retrieval,0,300,1749.7146657434262,4664.20583226693,855.9443148059959,0.04088984128127282
A2,past,93,4,1,N3,retrieval,1,300,5439.815584179523,76585.50759812912,42697.419547586614,0.05422148045088902
A2,past,93,4,1,N3,retrieval,2,300,6835.191609956709,12614.378771472833,634.5763002179447,0.05395394476403541
A2,past,94,4,-1,N3,encoding,0,205,14566.279770539684,7779.437208302532,16336.176557281618,0.34040571273540543
A2,past,94,4,-1,N3,encoding,1,205,185919.77016581254,123299.02516116032,160804.77719453067,1.8531593631220236
A2,past,94,4,-1,N3,encoding,2,205,64863.817604354525,36792.99269012094,45270.22847991673,0.5120059585618518
A2,past,94,4,-1,N3,maintenance,0,363,15282.221173210768,17331.733221990162,18387.946136933544,0.35713685804444595
A2,past,94,4,-1,N3,maintenance,1,363,126170.73802031441,154071.50994869389,176855.0298805306,1.2576095823797226
A2,past,94,4,-1,N3,maintenance,2,363,60347.163782592346,71856.96589116503,97423.95338221233,0.47635351387213093
A2,past,94,4,-1,N3,retrieval,0,346,29011.79494932709,40261.071594999354,57979.03969162089,0.6779892253225084
A2,past,94,4,-1,N3,retrieval,1,346,54553.33620436272,75348.94067105104,109150.33049614225,0.543761568156501
A2,past,94,4,-1,N3,retrieval,2,346,76244.03845011695,109355.06605760723,193520.59903482336,0.601836330839986
A2,past,95,4,-1,N3,encoding,0,205,3496.135275685748,16840.894663723473,10063.205271754237,0.08170270234313279
A2,past,95,4,-1,N3,encoding,1,205,16851.047165634984,57890.31514509285,43467.615706133794,0.16796318006179176
A2,past,95,4,-1,N3,encoding,2,205,9778.728009871578,37411.16214584262,31793.97598566062,0.07718890427864374
A2,past,95,4,-1,N3,maintenance,0,362,2699.4226434193074,28154.891161951164,30363.48845324972,0.06308397912044196
A2,past,95,4,-1,N3,maintenance,1,362,34705.22579272148,185510.4289866758,215083.40151042782,0.34592509483895684
A2,past,95,4,-1,N3,maintenance,2,362,7859.911007170936,79268.36583211829,118436.44788585808,0.062042621265129466
A2,past,95,4,-1,N3,retrieval,0,298,1938.35714998778,21726.36400312138,35457.83748814803,0.04529830935362522
A2,past,95,4,-1,N3,retrieval,1,298,15181.304996513412,60118.8767624429,97204.94713520387,0.1513199885822214
A2,past,95,4,-1,N3,retrieval,2,298,2056.3760465437317,60016.351317717876,129376.32968828158,0.016232112566923154
A2,past,96,4,-1,N3,encoding,0,205,817.4701715946385,1894.934037424086,991.3277994630278,0.019103815166615946
A2,past,96,4,-1,N3,encoding,1,205,2485.0157381926188,3201.4843446888804,6113.27543071392,0.0247694485563862
A2,past,96,4,-1,N3,encoding,2,205,1690.71078897746,3422.2458890074513,1849.0880297183007,0.01334571460843456
A2,past,96,4,-1,N3,maintenance,0,363,21798.796038978555,22432.648726688836,20795.654100342712,0.5094255238341685
A2,past,96,4,-1,N3,maintenance,1,363,62274.40142315084,93600.91398394197,75102.08732061452,0.6207214540831676
A2,past,96,4,-1,N3,maintenance,2,363,42164.69754139781,50498.79460857071,29957.797265169018,0.33282925950853415
A2,past,96,4,-1,N3,retrieval,0,328,23461.023608251253,22861.98882382716,22129.558500144794,0.5482708411945496
A2,past,96,4,-1,N3,retrieval,1,328,67472.49253696998,56660.584867147365,75443.57098763708,0.6725335406049194
A2,past,96,4,-1,N3,retrieval,2,328,63476.435971940184,63996.65131524605,75489.92811729068,0.5010545886173895
A2,past,97,4,-1,N3,encoding,0,205,2736.127867019821,4880.738476908346,2246.180161481253,0.06394175941834039
A2,past,97,4,-1,N3,encoding,1,205,2187.095048042741,5034.571532948482,2148.193326999115,0.02179991758113469
A2,past,97,4,-1,N3,encoding,2,205,4265.999489385986,8917.915268337134,6063.445752463888,0.03367389152316574
A2,past,97,4,-1,N3,maintenance,0,362,5180.205728466968,5478.221111843067,6433.810473829208,0.12105847552655481
A2,past,97,4,-1,N3,maintenance,1,362,4607.395348602478,5688.923019156516,11451.695020194222,0.04592431360179026
A2,past,97,4,-1,N3,maintenance,2,362,8392.076043762961,11639.073067170973,28649.171536488346,0.06624329399357386
A2,past,97,4,-1,N3,retrieval,0,302,8283.8635326594,11326.392864012572,21947.15854562604,0.19358920152975206
A2,past,97,4,-1,N3,retrieval,1,302,2015.1210689906968,8254.802116236353,25828.953664796416,0.020085763195028156
A2,past,97,4,-1,N3,retrieval,2,302,10461.837533662781,21325.794288892725,68508.51571282424,0.08258106526221132
A2,past,98,4,-1,N3,encoding,0,205,2816.293572857483,5399.883215691415,4256.480555843577,0.06581518658454091
A2,past,98,4,-1,N3,encoding,1,205,18074.628617567443,11353.392489069982,12718.155491660375,0.18015925486421228
A2,past,98,4,-1,N3,encoding,2,205,10495.355704807756,7925.411939848604,8360.119643268063,0.0828456427104738
A2,past,98,4,-1,N3,maintenance,0,362,4275.583547107661,11106.242758707976,12486.115234070292,0.09991796722568594
A2,past,98,4,-1,N3,maintenance,1,362,37948.20750884627,109289.53549052948,131876.63076034543,0.378249585807886
A2,past,98,4,-1,N3,maintenance,2,362,14565.355049919026,38134.90294943473,65506.42072933249,0.1149723967777507
A2,past,98,4,-1,N3,retrieval,0,310,3178.3560489955457,11305.7943733495,21894.763330044974,0.07427638169997405
A2,past,98,4,-1,N3,retrieval,1,310,6174.477768226283,49542.17170964408,84616.27906664554,0.061544241789738156
A2,past,98,4,-1,N3,retrieval,2,310,5520.588671853109,26491.350048717683,76511.012185713,0.043577057274040154
A2,past,99,4,-1,N3,encoding,0,205,39349.72704275006,22852.89265590984,36911.490630796834,0.9195808463752112
A2,past,99,4,-1,N3,encoding,1,205,88164.53678145827,55138.793571709815,80460.27213258148,0.878781942803406
A2,past,99,4,-1,N3,encoding,2,205,91093.03062306832,43150.33423230338,52249.92292330761,0.7190476321784844
A2,past,99,4,-1,N3,maintenance,0,362,171115.99096495606,118985.97805665195,114423.90977745007,3.998883845596558
A2,past,99,4,-1,N3,maintenance,1,362,257265.4414518398,233990.84338256717,203044.77692420853,2.5642988973631202
A2,past,99,4,-1,N3,maintenance,2,362,346922.36262523883,225494.16903979945,169615.92936949362,2.7384499306829744
A2,past,99,4,-1,N3,retrieval,0,314,106216.75096365293,70530.11048393566,50457.03637635266,2.4822253441368387
A2,past,99,4,-1,N3,retrieval,1,314,222517.76295556195,224386.21498109354,163016.60072654564,2.2179506542757803
A2,past,99,4,-1,N3,retrieval,2,314,270773.5165268965,181117.47033008875,97153.11503979612,2.1373650056824567
