dataset,origin,held_block,family,seed,level,method,n,RMSE,normalized_RMSE,contrast_RMSE,positive_mean_error,latency_error_ms,latency_pairs,objective
A1,semisynthetic,0,asymmetric_burst,20260927,0.0,uncorrected,14,0.0,0.0,0.0,0.0,0.0,2,0.0
A1,semisynthetic,0,asymmetric_burst,20260927,0.0,V7,14,11.361786915708882,0.11381940658657588,3.5948412887312795,0.07273530124080112,0.0,2,0.13255413920675732
A1,semisynthetic,0,asymmetric_burst,20260927,0.0,shrink,14,0.0,0.0,0.0,0.0,0.0,2,0.0
A1,semisynthetic,0,asymmetric_burst,20260927,0.0,gated,14,0.0,0.0,0.0,0.0,0.0,2,0.0
A1,semisynthetic,0,asymmetric_burst,20260927,0.5,uncorrected,14,6.761104737661653,0.06773097707424511,5.442308382111032,0.5923930558324085,0.0,2,0.10092522584297718
A1,semisynthetic,0,asymmetric_burst,20260927,0.5,V7,14,13.320419450242616,0.13344047450975316,7.571847969636743,0.6052921750408402,0.0,2,0.17743052829412082
A1,semisynthetic,0,asymmetric_burst,20260927,0.5,shrink,14,6.761104737661653,0.06773097707424511,5.442308382111032,0.5923930558324085,0.0,2,0.10092522584297718
A1,semisynthetic,0,asymmetric_burst,20260927,0.5,gated,14,6.761104737661653,0.06773097707424511,5.442308382111032,0.5923930558324085,0.0,2,0.10092522584297718
A1,semisynthetic,0,asymmetric_burst,20260927,1.0,uncorrected,14,13.522209475323308,0.13546195414849022,10.88461676422207,1.080052876725652,39.0625,2,0.20080126155951522
A1,semisynthetic,0,asymmetric_burst,20260927,1.0,V7,14,17.53754088548093,0.175686492924226,12.396199321139212,1.1160844992046914,39.0625,2,0.2489580748423334
A1,semisynthetic,0,asymmetric_burst,20260927,1.0,shrink,14,13.522209475323308,0.13546195414849022,10.88461676422207,1.080052876725652,39.0625,2,0.20080126155951522
A1,semisynthetic,0,asymmetric_burst,20260927,1.0,gated,14,13.522209475323308,0.13546195414849022,10.88461676422207,1.080052876725652,39.0625,2,0.20080126155951522
A1,semisynthetic,0,asymmetric_burst,20260927,2.0,uncorrected,14,27.044418950646616,0.27092390829698043,21.76923352844414,1.945664266539185,82.03125,1,0.39945430444806285
A1,semisynthetic,0,asymmetric_burst,20260927,2.0,V7,14,28.643328578512996,0.28694136632356054,22.718438355909974,2.0301400730929777,82.03125,1,0.42107246170801194
A1,semisynthetic,0,asymmetric_burst,20260927,2.0,shrink,14,27.044418950646616,0.27092390829698043,21.76923352844414,1.945664266539185,82.03125,1,0.39945430444806285
A1,semisynthetic,0,asymmetric_burst,20260927,2.0,gated,14,27.044418950646616,0.27092390829698043,21.76923352844414,1.945664266539185,82.03125,1,0.39945430444806285
A1,semisynthetic,0,asymmetric_burst,20260928,0.0,uncorrected,14,0.0,0.0,0.0,0.0,0.0,2,0.0
A1,semisynthetic,0,asymmetric_burst,20260928,0.0,V7,14,11.361786915708882,0.11381940658657588,3.5948412887312795,0.07273530124080112,0.0,2,0.13255413920675732
A1,semisynthetic,0,asymmetric_burst,20260928,0.0,shrink,14,0.0,0.0,0.0,0.0,0.0,2,0.0
A1,semisynthetic,0,asymmetric_burst,20260928,0.0,gated,14,0.0,0.0,0.0,0.0,0.0,2,0.0
A1,semisynthetic,0,asymmetric_burst,20260928,0.5,uncorrected,14,7.119285223254048,0.0713191354003489,6.692488946483714,0.6388476759796101,29.296875,2,0.11124074517724815
A1,semisynthetic,0,asymmetric_burst,20260928,0.5,V7,14,13.27387757655839,0.13297423020474494,8.97633006335653,0.6583153830311761,29.296875,2,0.1845303235514504
A1,semisynthetic,0,asymmetric_burst,20260928,0.5,shrink,14,7.119285223254048,0.0713191354003489,6.692488946483714,0.6388476759796101,29.296875,2,0.11124074517724815
A1,semisynthetic,0,asymmetric_burst,20260928,0.5,gated,14,7.119285223254048,0.0713191354003489,6.692488946483714,0.6388476759796101,29.296875,2,0.11124074517724815
A1,semisynthetic,0,asymmetric_burst,20260928,1.0,uncorrected,14,14.238570446508096,0.1426382708006978,13.384977892967427,1.4398803276982821,76.171875,2,0.22410621697829486
A1,semisynthetic,0,asymmetric_burst,20260928,1.0,V7,14,17.71480871303098,0.17746231560848547,14.863177614010675,1.3490626206028564,76.171875,2,0.26542458266633234
A1,semisynthetic,0,asymmetric_burst,20260928,1.0,shrink,14,14.238570446508096,0.1426382708006978,13.384977892967427,1.4398803276982821,76.171875,2,0.22410621697829486
A1,semisynthetic,0,asymmetric_burst,20260928,1.0,gated,14,14.238570446508096,0.1426382708006978,13.384977892967427,1.4398803276982821,76.171875,2,0.22410621697829486
A1,semisynthetic,0,asymmetric_burst,20260928,2.0,uncorrected,14,28.47714089301619,0.2852765416013956,26.769955785934854,3.297359847180901,78.125,2,0.45239583332436084
A1,semisynthetic,0,asymmetric_burst,20260928,2.0,V7,14,29.25412197777752,0.2930601346798978,27.388292286236492,3.177634272398914,78.125,2,0.46207721352496095
A1,semisynthetic,0,asymmetric_burst,20260928,2.0,shrink,14,28.47714089301619,0.2852765416013956,26.769955785934854,3.297359847180901,78.125,2,0.45239583332436084
A1,semisynthetic,0,asymmetric_burst,20260928,2.0,gated,14,28.47714089301619,0.2852765416013956,26.769955785934854,3.297359847180901,78.125,2,0.45239583332436084
A1,semisynthetic,0,asymmetric_burst,20260929,0.0,uncorrected,14,0.0,0.0,0.0,0.0,0.0,2,0.0
A1,semisynthetic,0,asymmetric_burst,20260929,0.0,V7,14,11.361786915708882,0.11381940658657588,3.5948412887312795,0.07273530124080112,0.0,2,0.13255413920675732
A1,semisynthetic,0,asymmetric_burst,20260929,0.0,shrink,14,0.0,0.0,0.0,0.0,0.0,2,0.0
A1,semisynthetic,0,asymmetric_burst,20260929,0.0,gated,14,0.0,0.0,0.0,0.0,0.0,2,0.0
A1,semisynthetic,0,asymmetric_burst,20260929,0.5,uncorrected,14,6.895337149922171,0.06907568223563595,5.096868871305088,0.45544216759931655,0.0,2,0.09916773157417035
A1,semisynthetic,0,asymmetric_burst,20260929,0.5,V7,14,13.177306605871413,0.1320068075045459,4.498208530777344,0.4118362839238899,0.0,2,0.15866341324199093
A1,semisynthetic,0,asymmetric_burst,20260929,0.5,shrink,14,6.895337149922171,0.06907568223563595,5.096868871305088,0.45544216759931655,0.0,2,0.09916773157417035
A1,semisynthetic,0,asymmetric_burst,20260929,0.5,gated,14,6.895337149922171,0.06907568223563595,5.096868871305088,0.45544216759931655,0.0,2,0.09916773157417035
A1,semisynthetic,0,asymmetric_burst,20260929,1.0,uncorrected,14,13.790674299844342,0.1381513644712719,10.193737742610175,0.739419807891116,1.953125,2,0.19661777640649497
A1,semisynthetic,0,asymmetric_burst,20260929,1.0,V7,14,17.569372979507005,0.17600537850792294,8.936811200114015,0.8953858359407926,1.953125,2,0.22973843676967762
A1,semisynthetic,0,asymmetric_burst,20260929,1.0,shrink,14,13.790674299844342,0.1381513644712719,10.193737742610175,0.739419807891116,1.953125,2,0.19661777640649497
A1,semisynthetic,0,asymmetric_burst,20260929,1.0,gated,14,13.790674299844342,0.1381513644712719,10.193737742610175,0.739419807891116,1.953125,2,0.19661777640649497
A1,semisynthetic,0,asymmetric_burst,20260929,2.0,uncorrected,14,27.581348599688685,0.2763027289425438,20.387475485220353,1.8446910767731424,3.90625,2,0.3969005569622267
A1,semisynthetic,0,asymmetric_burst,20260929,2.0,V7,14,28.828266751023797,0.28879402851539254,18.74324311650102,2.320864444977992,3.90625,2,0.40592629197733937
A1,semisynthetic,0,asymmetric_burst,20260929,2.0,shrink,14,27.581348599688685,0.2763027289425438,20.387475485220353,1.8446910767731424,3.90625,2,0.3969005569622267
A1,semisynthetic,0,asymmetric_burst,20260929,2.0,gated,14,27.581348599688685,0.2763027289425438,20.387475485220353,1.8446910767731424,3.90625,2,0.3969005569622267
A1,semisynthetic,0,direction_step,20260927,0.0,uncorrected,14,0.0,0.0,0.0,0.0,0.0,2,0.0
A1,semisynthetic,0,direction_step,20260927,0.0,V7,14,11.361786915708882,0.11381940658657588,3.5948412887312795,0.07273530124080112,0.0,2,0.13255413920675732
A1,semisynthetic,0,direction_step,20260927,0.0,shrink,14,0.0,0.0,0.0,0.0,0.0,2,0.0
A1,semisynthetic,0,direction_step,20260927,0.0,gated,14,0.0,0.0,0.0,0.0,0.0,2,0.0
A1,semisynthetic,0,direction_step,20260927,0.5,uncorrected,14,9.369333899367295,0.09385953393150212,23.065790004060407,0.6415832905571781,25.390625,2,0.2158202699533667
A1,semisynthetic,0,direction_step,20260927,0.5,V7,14,14.395344534458097,0.14420879256730035,22.602221566392053,0.6267623862253294,25.390625,2,0.26369910303126615
A1,semisynthetic,0,direction_step,20260927,0.5,shrink,14,9.369333899367295,0.09385953393150212,23.065790004060407,0.6415832905571781,25.390625,2,0.2158202699533667
A1,semisynthetic,0,direction_step,20260927,0.5,gated,14,9.369333899367295,0.09385953393150212,23.065790004060407,0.6415832905571781,25.390625,2,0.2158202699533667
A1,semisynthetic,0,direction_step,20260927,1.0,uncorrected,14,18.738667798734586,0.1877190678630042,46.13158000812081,1.5116838231320673,25.390625,2,0.43392976580704434
A1,semisynthetic,0,direction_step,20260927,1.0,V7,14,21.047914118092823,0.21085249288510077,44.414873200686,1.6361895031316924,25.390625,2,0.44971169646842696
A1,semisynthetic,0,direction_step,20260927,1.0,shrink,14,18.738667798734586,0.1877190678630042,46.13158000812081,1.5116838231320673,25.390625,2,0.43392976580704434
A1,semisynthetic,0,direction_step,20260927,1.0,gated,14,18.738667798734586,0.1877190678630042,46.13158000812081,1.5116838231320673,25.390625,2,0.43392976580704434
A1,semisynthetic,0,direction_step,20260927,2.0,uncorrected,14,37.47733559746917,0.3754381357260084,92.26316001624161,7.239401424231608,25.390625,2,0.9100946541627919
A1,semisynthetic,0,direction_step,20260927,2.0,V7,14,36.948388667391725,0.3701392838690028,87.1540906723951,7.140100594539195,25.390625,2,0.8782103730759303
A1,semisynthetic,0,direction_step,20260927,2.0,shrink,14,37.47733559746917,0.3754381357260084,92.26316001624161,7.239401424231608,25.390625,2,0.9100946541627919
A1,semisynthetic,0,direction_step,20260927,2.0,gated,14,37.47733559746917,0.3754381357260084,92.26316001624161,7.239401424231608,25.390625,2,0.9100946541627919
A1,semisynthetic,0,direction_step,20260928,0.0,uncorrected,14,0.0,0.0,0.0,0.0,0.0,2,0.0
A1,semisynthetic,0,direction_step,20260928,0.0,V7,14,11.361786915708882,0.11381940658657588,3.5948412887312795,0.07273530124080112,0.0,2,0.13255413920675732
A1,semisynthetic,0,direction_step,20260928,0.0,shrink,14,0.0,0.0,0.0,0.0,0.0,2,0.0
A1,semisynthetic,0,direction_step,20260928,0.0,gated,14,0.0,0.0,0.0,0.0,0.0,2,0.0
A1,semisynthetic,0,direction_step,20260928,0.5,uncorrected,14,9.678888423893405,0.09696057011085853,23.215497038436602,0.6685803345187056,25.390625,2,0.2199416183878783
A1,semisynthetic,0,direction_step,20260928,0.5,V7,14,14.498101495974803,0.14523818490401988,22.50603195821263,0.6430445423167349,25.390625,2,0.2644098045895036
A1,semisynthetic,0,direction_step,20260928,0.5,shrink,14,9.678888423893405,0.09696057011085853,23.215497038436602,0.6685803345187056,25.390625,2,0.2199416183878783
A1,semisynthetic,0,direction_step,20260928,0.5,gated,14,9.678888423893405,0.09696057011085853,23.215497038436602,0.6685803345187056,25.390625,2,0.2199416183878783
A1,semisynthetic,0,direction_step,20260928,1.0,uncorrected,14,19.35777684778681,0.19392114022171705,46.43099407687319,2.120596864720574,25.390625,2,0.4477314954654011
A1,semisynthetic,0,direction_step,20260928,1.0,V7,14,21.399370078614403,0.21437328667965552,44.499758452531054,2.2600750468362505,25.390625,2,0.4599075914087369
A1,semisynthetic,0,direction_step,20260928,1.0,shrink,14,19.35777684778681,0.19392114022171705,46.43099407687319,2.120596864720574,25.390625,2,0.4477314954654011
A1,semisynthetic,0,direction_step,20260928,1.0,gated,14,19.35777684778681,0.19392114022171705,46.43099407687319,2.120596864720574,25.390625,2,0.4477314954654011
A1,semisynthetic,0,direction_step,20260928,2.0,uncorrected,14,38.71555369557362,0.3878422804434341,92.86198815374637,9.083011245229493,25.390625,2,0.9439670511227404
A1,semisynthetic,0,direction_step,20260928,2.0,V7,14,37.984682928864956,0.38052060845861274,87.74928671082891,8.913567190508111,25.390625,2,0.9093390807358023
A1,semisynthetic,0,direction_step,20260928,2.0,shrink,14,38.71555369557362,0.3878422804434341,92.86198815374637,9.083011245229493,25.390625,2,0.9439670511227404
A1,semisynthetic,0,direction_step,20260928,2.0,gated,14,38.71555369557362,0.3878422804434341,92.86198815374637,9.083011245229493,25.390625,2,0.9439670511227404
A1,semisynthetic,0,direction_step,20260929,0.0,uncorrected,14,0.0,0.0,0.0,0.0,0.0,2,0.0
A1,semisynthetic,0,direction_step,20260929,0.0,V7,14,11.361786915708882,0.11381940658657588,3.5948412887312795,0.07273530124080112,0.0,2,0.13255413920675732
A1,semisynthetic,0,direction_step,20260929,0.0,shrink,14,0.0,0.0,0.0,0.0,0.0,2,0.0
A1,semisynthetic,0,direction_step,20260929,0.0,gated,14,0.0,0.0,0.0,0.0,0.0,2,0.0
A1,semisynthetic,0,direction_step,20260929,0.5,uncorrected,14,8.827560248105652,0.08843218733995628,21.952055705564415,0.6817733310816304,25.390625,2,0.20521698736266267
A1,semisynthetic,0,direction_step,20260929,0.5,V7,14,14.090529356473859,0.14115523392074805,21.620623453913193,0.6712407717461722,25.390625,2,0.2561744207608167
A1,semisynthetic,0,direction_step,20260929,0.5,shrink,14,8.827560248105652,0.08843218733995628,21.952055705564415,0.6817733310816304,25.390625,2,0.20521698736266267
A1,semisynthetic,0,direction_step,20260929,0.5,gated,14,8.827560248105652,0.08843218733995628,21.952055705564415,0.6817733310816304,25.390625,2,0.20521698736266267
A1,semisynthetic,0,direction_step,20260929,1.0,uncorrected,14,17.655120496211303,0.17686437467991256,43.904111411128824,1.3443885490632637,25.390625,2,0.41024205376425316
A1,semisynthetic,0,direction_step,20260929,1.0,V7,14,20.341604793976057,0.20377687100150552,42.54456692998769,1.3051006103649667,25.390625,2,0.42995119347375704
A1,semisynthetic,0,direction_step,20260929,1.0,shrink,14,17.655120496211303,0.17686437467991256,43.904111411128824,1.3443885490632637,25.390625,2,0.41024205376425316
A1,semisynthetic,0,direction_step,20260929,1.0,gated,14,17.655120496211303,0.17686437467991256,43.904111411128824,1.3443885490632637,25.390625,2,0.41024205376425316
A1,semisynthetic,0,direction_step,20260929,2.0,uncorrected,14,35.31024099242261,0.3537287493598251,87.80822282225763,4.825616979441953,25.390625,2,0.8418904099936213
A1,semisynthetic,0,direction_step,20260929,2.0,V7,14,35.35740630323553,0.35420123909476076,83.36542045528518,4.982017346104159,25.390625,2,0.8216762622026639
A1,semisynthetic,0,direction_step,20260929,2.0,shrink,14,35.31024099242261,0.3537287493598251,87.80822282225763,4.825616979441953,25.390625,2,0.8418904099936213
A1,semisynthetic,0,direction_step,20260929,2.0,gated,14,35.31024099242261,0.3537287493598251,87.80822282225763,4.825616979441953,25.390625,2,0.8418904099936213
A1,semisynthetic,1,asymmetric_burst,20260927,0.0,uncorrected,12,0.0,0.0,0.0,0.0,0.0,5,0.0
A1,semisynthetic,1,asymmetric_burst,20260927,0.0,V7,12,6.177472142359287,0.11443835546667185,1.1894816912400343,0.3554725847051882,12.5,5,0.13204116448026806
A1,semisynthetic,1,asymmetric_burst,20260927,0.0,shrink,12,0.0,0.0,0.0,0.0,0.0,5,0.0
A1,semisynthetic,1,asymmetric_burst,20260927,0.0,gated,12,0.0,0.0,0.0,0.0,0.0,5,0.0
A1,semisynthetic,1,asymmetric_burst,20260927,0.5,uncorrected,12,8.592131483304236,0.15917018713211462,8.49184505229181,2.7681234163885127,42.96875,5,0.2891061648805735
A1,semisynthetic,1,asymmetric_burst,20260927,0.5,V7,12,9.830148949337124,0.1821045977756422,8.659239094179172,2.6748630850293558,56.25,5,0.3118634141397122
A1,semisynthetic,1,asymmetric_burst,20260927,0.5,shrink,12,8.592131483304236,0.15917018713211462,8.49184505229181,2.7681234163885127,42.96875,5,0.2891061648805735
A1,semisynthetic,1,asymmetric_burst,20260927,0.5,gated,12,8.592131483304236,0.15917018713211462,8.49184505229181,2.7681234163885127,42.96875,5,0.2891061648805735
A1,semisynthetic,1,asymmetric_burst,20260927,1.0,uncorrected,12,17.184262966608472,0.31834037426422923,16.983690104583616,6.076081522621485,45.3125,5,0.5882128271662339
A1,semisynthetic,1,asymmetric_burst,20260927,1.0,V7,12,16.64661375204705,0.3083803630307575,16.430705498430132,5.661266917225501,54.6875,5,0.5654462789051176
A1,semisynthetic,1,asymmetric_burst,20260927,1.0,shrink,12,17.184262966608472,0.31834037426422923,16.983690104583616,6.076081522621485,45.3125,5,0.5882128271662339
A1,semisynthetic,1,asymmetric_burst,20260927,1.0,gated,12,17.184262966608472,0.31834037426422923,16.983690104583616,6.076081522621485,45.3125,5,0.5882128271662339
A1,semisynthetic,1,asymmetric_burst,20260927,2.0,uncorrected,12,34.368525933216944,0.6366807485284585,33.96738020916723,13.279499747774345,64.84375,5,1.1973096915764851
A1,semisynthetic,1,asymmetric_burst,20260927,2.0,V7,12,31.47293064249822,0.5830395251395764,31.140339537211208,11.480259446033559,64.0625,5,1.0841517216259298
A1,semisynthetic,1,asymmetric_burst,20260927,2.0,shrink,12,34.368525933216944,0.6366807485284585,33.96738020916723,13.279499747774345,64.84375,5,1.1973096915764851
A1,semisynthetic,1,asymmetric_burst,20260927,2.0,gated,12,34.368525933216944,0.6366807485284585,33.96738020916723,13.279499747774345,64.84375,5,1.1973096915764851
A1,semisynthetic,1,asymmetric_burst,20260928,0.0,uncorrected,12,0.0,0.0,0.0,0.0,0.0,5,0.0
A1,semisynthetic,1,asymmetric_burst,20260928,0.0,V7,12,6.177472142359287,0.11443835546667185,1.1894816912400343,0.3554725847051882,12.5,5,0.13204116448026806
A1,semisynthetic,1,asymmetric_burst,20260928,0.0,shrink,12,0.0,0.0,0.0,0.0,0.0,5,0.0
A1,semisynthetic,1,asymmetric_burst,20260928,0.0,gated,12,0.0,0.0,0.0,0.0,0.0,5,0.0
A1,semisynthetic,1,asymmetric_burst,20260928,0.5,uncorrected,12,8.462256593355853,0.15676424041481682,10.670430482513577,1.5646482782768674,5.46875,5,0.28458497613380435
A1,semisynthetic,1,asymmetric_burst,20260928,0.5,V7,12,10.090563608285477,0.18692880816829027,11.232503157341691,1.577397719301456,5.46875,5,0.3201919579636567
A1,semisynthetic,1,asymmetric_burst,20260928,0.5,shrink,12,8.462256593355853,0.15676424041481682,10.670430482513577,1.5646482782768674,5.46875,5,0.28458497613380435
A1,semisynthetic,1,asymmetric_burst,20260928,0.5,gated,12,8.462256593355853,0.15676424041481682,10.670430482513577,1.5646482782768674,5.46875,5,0.28458497613380435
A1,semisynthetic,1,asymmetric_burst,20260928,1.0,uncorrected,12,16.924513186711707,0.31352848082963364,21.340860965027154,2.7296988115320993,5.46875,5,0.5617673597937555
A1,semisynthetic,1,asymmetric_burst,20260928,1.0,V7,12,16.696157704032494,0.30929817022727346,19.930719346980432,2.615089304127592,5.46875,5,0.5423523805666363
A1,semisynthetic,1,asymmetric_burst,20260928,1.0,shrink,12,16.924513186711707,0.31352848082963364,21.340860965027154,2.7296988115320993,5.46875,5,0.5617673597937555
A1,semisynthetic,1,asymmetric_burst,20260928,1.0,gated,12,16.924513186711707,0.31352848082963364,21.340860965027154,2.7296988115320993,5.46875,5,0.5617673597937555
A1,semisynthetic,1,asymmetric_burst,20260928,2.0,uncorrected,12,33.84902637342341,0.6270569616592673,42.68172193005431,4.675923609715717,53.90625,5,1.1090207767364095
A1,semisynthetic,1,asymmetric_burst,20260928,2.0,V7,12,31.010528403063283,0.5744734724523957,38.6512957969335,4.377580768802955,32.03125,5,1.0135784081643102
A1,semisynthetic,1,asymmetric_burst,20260928,2.0,shrink,12,33.84902637342341,0.6270569616592673,42.68172193005431,4.675923609715717,53.90625,5,1.1090207767364095
A1,semisynthetic,1,asymmetric_burst,20260928,2.0,gated,12,33.84902637342341,0.6270569616592673,42.68172193005431,4.675923609715717,53.90625,5,1.1090207767364095
A1,semisynthetic,1,asymmetric_burst,20260929,0.0,uncorrected,12,0.0,0.0,0.0,0.0,0.0,5,0.0
A1,semisynthetic,1,asymmetric_burst,20260929,0.0,V7,12,6.177472142359287,0.11443835546667185,1.1894816912400343,0.3554725847051882,12.5,5,0.13204116448026806
A1,semisynthetic,1,asymmetric_burst,20260929,0.0,shrink,12,0.0,0.0,0.0,0.0,0.0,5,0.0
A1,semisynthetic,1,asymmetric_burst,20260929,0.0,gated,12,0.0,0.0,0.0,0.0,0.0,5,0.0
A1,semisynthetic,1,asymmetric_burst,20260929,0.5,uncorrected,12,7.050675314434028,0.13061454091885755,3.9969147165589067,0.7243332835317645,29.6875,5,0.1810545390521259
A1,semisynthetic,1,asymmetric_burst,20260929,0.5,V7,12,7.701906453870908,0.1426786698875364,3.5964059647963738,0.695320698730951,35.15625,5,0.18887147218751382
A1,semisynthetic,1,asymmetric_burst,20260929,0.5,shrink,12,7.050675314434028,0.13061454091885755,3.9969147165589067,0.7243332835317645,29.6875,5,0.1810545390521259
A1,semisynthetic,1,asymmetric_burst,20260929,0.5,gated,12,7.050675314434028,0.13061454091885755,3.9969147165589067,0.7243332835317645,29.6875,5,0.1810545390521259
A1,semisynthetic,1,asymmetric_burst,20260929,1.0,uncorrected,12,14.101350628868056,0.2612290818377151,7.993829433117814,1.4977910562424472,30.46875,5,0.36301911470582987
A1,semisynthetic,1,asymmetric_burst,20260929,1.0,V7,12,12.681313095015927,0.23492272928281357,7.378895491862407,1.3759568320911846,35.15625,5,0.3287599099812674
A1,semisynthetic,1,asymmetric_burst,20260929,1.0,shrink,12,14.101350628868056,0.2612290818377151,7.993829433117814,1.4977910562424472,30.46875,5,0.36301911470582987
A1,semisynthetic,1,asymmetric_burst,20260929,1.0,gated,12,14.101350628868056,0.2612290818377151,7.993829433117814,1.4977910562424472,30.46875,5,0.36301911470582987
A1,semisynthetic,1,asymmetric_burst,20260929,2.0,uncorrected,12,28.202701257736116,0.5224581636754302,15.987658866235629,2.9559443091444386,30.46875,5,0.725303934715697
A1,semisynthetic,1,asymmetric_burst,20260929,2.0,V7,12,24.45244828478438,0.45298431208721657,14.709383878474066,2.7039324794947794,33.59375,5,0.6393214432324091
A1,semisynthetic,1,asymmetric_burst,20260929,2.0,shrink,12,28.202701257736116,0.5224581636754302,15.987658866235629,2.9559443091444386,30.46875,5,0.725303934715697
A1,semisynthetic,1,asymmetric_burst,20260929,2.0,gated,12,28.202701257736116,0.5224581636754302,15.987658866235629,2.9559443091444386,30.46875,5,0.725303934715697
A1,semisynthetic,1,direction_step,20260927,0.0,uncorrected,12,0.0,0.0,0.0,0.0,0.0,5,0.0
A1,semisynthetic,1,direction_step,20260927,0.0,V7,12,6.177472142359287,0.11443835546667185,1.1894816912400343,0.3554725847051882,12.5,5,0.13204116448026806
A1,semisynthetic,1,direction_step,20260927,0.0,shrink,12,0.0,0.0,0.0,0.0,0.0,5,0.0
A1,semisynthetic,1,direction_step,20260927,0.0,gated,12,0.0,0.0,0.0,0.0,0.0,5,0.0
A1,semisynthetic,1,direction_step,20260927,0.5,uncorrected,12,11.026202165328645,0.2042616160404658,28.566924642760593,5.903709135879187,37.109375,4,0.5782312026050781
A1,semisynthetic,1,direction_step,20260927,0.5,V7,12,11.413039215352777,0.21142781522650264,26.660313883755915,5.5545217893123295,26.3671875,4,0.5612685798160904
A1,semisynthetic,1,direction_step,20260927,0.5,shrink,12,11.026202165328645,0.2042616160404658,28.566924642760593,5.903709135879187,37.109375,4,0.5782312026050781
A1,semisynthetic,1,direction_step,20260927,0.5,gated,12,11.026202165328645,0.2042616160404658,28.566924642760593,5.903709135879187,37.109375,4,0.5782312026050781
A1,semisynthetic,1,direction_step,20260927,1.0,uncorrected,12,22.05240433065729,0.4085232320809316,57.13384928552118,12.852742915753273,65.4296875,4,1.1758271599886172
A1,semisynthetic,1,direction_step,20260927,1.0,V7,12,20.035187885971318,0.3711540740774081,49.94833946710055,11.333493134649876,26.3671875,4,1.043757549046428
A1,semisynthetic,1,direction_step,20260927,1.0,shrink,12,22.05240433065729,0.4085232320809316,57.13384928552118,12.852742915753273,65.4296875,4,1.1758271599886172
A1,semisynthetic,1,direction_step,20260927,1.0,gated,12,22.05240433065729,0.4085232320809316,57.13384928552118,12.852742915753273,65.4296875,4,1.1758271599886172
A1,semisynthetic,1,direction_step,20260927,2.0,uncorrected,12,44.10480866131458,0.8170464641618632,114.26769857104236,26.486833409349146,67.3828125,4,2.3661288703751295
A1,semisynthetic,1,direction_step,20260927,2.0,V7,12,38.23285373956899,0.7082678490368818,96.24773854927052,22.56032887519434,41.015625,4,2.0177004466005743
A1,semisynthetic,1,direction_step,20260927,2.0,shrink,12,44.10480866131458,0.8170464641618632,114.26769857104236,26.486833409349146,67.3828125,4,2.3661288703751295
A1,semisynthetic,1,direction_step,20260927,2.0,gated,12,44.10480866131458,0.8170464641618632,114.26769857104236,26.486833409349146,67.3828125,4,2.3661288703751295
A1,semisynthetic,1,direction_step,20260928,0.0,uncorrected,12,0.0,0.0,0.0,0.0,0.0,5,0.0
A1,semisynthetic,1,direction_step,20260928,0.0,V7,12,6.177472142359287,0.11443835546667185,1.1894816912400343,0.3554725847051882,12.5,5,0.13204116448026806
A1,semisynthetic,1,direction_step,20260928,0.0,shrink,12,0.0,0.0,0.0,0.0,0.0,5,0.0
A1,semisynthetic,1,direction_step,20260928,0.0,gated,12,0.0,0.0,0.0,0.0,0.0,5,0.0
A1,semisynthetic,1,direction_step,20260928,0.5,uncorrected,12,10.712574259633719,0.19845162435955208,27.566749249891355,5.725437397430987,57.6171875,4,0.5598545272784423
A1,semisynthetic,1,direction_step,20260928,0.5,V7,12,11.752412018768057,0.21771473398841001,25.706363492203703,5.415634947182139,57.6171875,4,0.556146586131582
A1,semisynthetic,1,direction_step,20260928,0.5,shrink,12,10.712574259633719,0.19845162435955208,27.566749249891355,5.725437397430987,57.6171875,4,0.5598545272784423
A1,semisynthetic,1,direction_step,20260928,0.5,gated,12,10.712574259633719,0.19845162435955208,27.566749249891355,5.725437397430987,57.6171875,4,0.5598545272784423
A1,semisynthetic,1,direction_step,20260928,1.0,uncorrected,12,21.425148519267438,0.39690324871910415,55.13349849978271,12.46827144455934,58.59375,4,1.138556440148526
A1,semisynthetic,1,direction_step,20260928,1.0,V7,12,20.09350408825327,0.37223438818201515,48.07290787813969,11.140920571345298,58.59375,4,1.023899146166608
A1,semisynthetic,1,direction_step,20260928,1.0,shrink,12,21.425148519267438,0.39690324871910415,55.13349849978271,12.46827144455934,58.59375,4,1.138556440148526
A1,semisynthetic,1,direction_step,20260928,1.0,gated,12,21.425148519267438,0.39690324871910415,55.13349849978271,12.46827144455934,58.59375,4,1.138556440148526
A1,semisynthetic,1,direction_step,20260928,2.0,uncorrected,12,42.85029703853487,0.7938064974382082,110.26699699956542,25.662690263424214,60.546875,4,2.2905648408121224
A1,semisynthetic,1,direction_step,20260928,2.0,V7,12,37.65684368231567,0.697597198944859,93.8260953947852,22.187824356856954,60.546875,4,1.9776985052667513
A1,semisynthetic,1,direction_step,20260928,2.0,shrink,12,42.85029703853487,0.7938064974382082,110.26699699956542,25.662690263424214,60.546875,4,2.2905648408121224
A1,semisynthetic,1,direction_step,20260928,2.0,gated,12,42.85029703853487,0.7938064974382082,110.26699699956542,25.662690263424214,60.546875,4,2.2905648408121224
A1,semisynthetic,1,direction_step,20260929,0.0,uncorrected,12,0.0,0.0,0.0,0.0,0.0,5,0.0
A1,semisynthetic,1,direction_step,20260929,0.0,V7,12,6.177472142359287,0.11443835546667185,1.1894816912400343,0.3554725847051882,12.5,5,0.13204116448026806
A1,semisynthetic,1,direction_step,20260929,0.0,shrink,12,0.0,0.0,0.0,0.0,0.0,5,0.0
A1,semisynthetic,1,direction_step,20260929,0.0,gated,12,0.0,0.0,0.0,0.0,0.0,5,0.0
A1,semisynthetic,1,direction_step,20260929,0.5,uncorrected,12,9.508903527073457,0.17615349075680742,22.540365760514096,4.436074389199145,41.9921875,4,0.4671136458222041
A1,semisynthetic,1,direction_step,20260929,0.5,V7,12,10.70634021750096,0.19833613803874928,21.035186652781984,4.1659134255417785,30.2734375,4,0.4703497265181949
A1,semisynthetic,1,direction_step,20260929,0.5,shrink,12,9.508903527073457,0.17615349075680742,22.540365760514096,4.436074389199145,41.9921875,4,0.4671136458222041
A1,semisynthetic,1,direction_step,20260929,0.5,gated,12,9.508903527073457,0.17615349075680742,22.540365760514096,4.436074389199145,41.9921875,4,0.4671136458222041
A1,semisynthetic,1,direction_step,20260929,1.0,uncorrected,12,19.017807054146914,0.35230698151361484,45.080731521028184,9.93352786739757,42.96875,4,0.9538894567942786
A1,semisynthetic,1,direction_step,20260929,1.0,V7,12,18.14043097732864,0.33605349253899086,40.28103819046589,8.895323843903592,50.78125,4,0.8739456981158692
A1,semisynthetic,1,direction_step,20260929,1.0,shrink,12,19.017807054146914,0.35230698151361484,45.080731521028184,9.93352786739757,42.96875,4,0.9538894567942786
A1,semisynthetic,1,direction_step,20260929,1.0,gated,12,19.017807054146914,0.35230698151361484,45.080731521028184,9.93352786739757,42.96875,4,0.9538894567942786
A1,semisynthetic,1,direction_step,20260929,2.0,uncorrected,12,38.03561410829383,0.7046139630272297,90.16146304205637,20.717513475541754,53.7109375,4,1.9235337374067951
A1,semisynthetic,1,direction_step,20260929,2.0,V7,12,33.65929070907723,0.6235420874678863,76.30335059377468,17.805609583659024,81.0546875,4,1.6601569860118262
A1,semisynthetic,1,direction_step,20260929,2.0,shrink,12,38.03561410829383,0.7046139630272297,90.16146304205637,20.717513475541754,53.7109375,4,1.9235337374067951
A1,semisynthetic,1,direction_step,20260929,2.0,gated,12,38.03561410829383,0.7046139630272297,90.16146304205637,20.717513475541754,53.7109375,4,1.9235337374067951
A1,semisynthetic,2,asymmetric_burst,20260927,0.0,uncorrected,13,0.0,0.0,0.0,0.0,0.0,5,0.0
A1,semisynthetic,2,asymmetric_burst,20260927,0.0,V7,13,0.0,0.0,0.0,0.0,0.0,5,0.0
A1,semisynthetic,2,asymmetric_burst,20260927,0.0,shrink,13,0.0,0.0,0.0,0.0,0.0,5,0.0
A1,semisynthetic,2,asymmetric_burst,20260927,0.0,gated,13,0.0,0.0,0.0,0.0,0.0,5,0.0
A1,semisynthetic,2,asymmetric_burst,20260927,0.5,uncorrected,13,13.167505957343634,0.05772039251081986,11.16865230848535,2.626799989656014,42.1875,5,0.09371425691589814
A1,semisynthetic,2,asymmetric_burst,20260927,0.5,V7,13,13.167505957343634,0.05772039251081986,11.16865230848535,2.626799989656014,42.1875,5,0.09371425691589814
A1,semisynthetic,2,asymmetric_burst,20260927,0.5,shrink,13,13.167505957343634,0.05772039251081986,11.16865230848535,2.626799989656014,42.1875,5,0.09371425691589814
A1,semisynthetic,2,asymmetric_burst,20260927,0.5,gated,13,13.167505957343634,0.05772039251081986,11.16865230848535,2.626799989656014,42.1875,5,0.09371425691589814
A1,semisynthetic,2,asymmetric_burst,20260927,1.0,uncorrected,13,26.335011914687268,0.11544078502163972,22.337304616970695,5.21229384358801,50.0,5,0.1872474464090953
A1,semisynthetic,2,asymmetric_burst,20260927,1.0,V7,13,26.335011914687268,0.11544078502163972,22.337304616970695,5.21229384358801,50.0,5,0.1872474464090953
A1,semisynthetic,2,asymmetric_burst,20260927,1.0,shrink,13,26.335011914687268,0.11544078502163972,22.337304616970695,5.21229384358801,50.0,5,0.1872474464090953
A1,semisynthetic,2,asymmetric_burst,20260927,1.0,gated,13,26.335011914687268,0.11544078502163972,22.337304616970695,5.21229384358801,50.0,5,0.1872474464090953
A1,semisynthetic,2,asymmetric_burst,20260927,2.0,uncorrected,13,52.670023829374536,0.23088157004327944,44.674609233941396,10.413082741936737,63.28125,5,0.3744444603401513
A1,semisynthetic,2,asymmetric_burst,20260927,2.0,V7,13,52.670023829374536,0.23088157004327944,44.674609233941396,10.413082741936737,63.28125,5,0.3744444603401513
A1,semisynthetic,2,asymmetric_burst,20260927,2.0,shrink,13,52.670023829374536,0.23088157004327944,44.674609233941396,10.413082741936737,63.28125,5,0.3744444603401513
A1,semisynthetic,2,asymmetric_burst,20260927,2.0,gated,13,52.670023829374536,0.23088157004327944,44.674609233941396,10.413082741936737,63.28125,5,0.3744444603401513
A1,semisynthetic,2,asymmetric_burst,20260928,0.0,uncorrected,13,0.0,0.0,0.0,0.0,0.0,5,0.0
A1,semisynthetic,2,asymmetric_burst,20260928,0.0,V7,13,0.0,0.0,0.0,0.0,0.0,5,0.0
A1,semisynthetic,2,asymmetric_burst,20260928,0.0,shrink,13,0.0,0.0,0.0,0.0,0.0,5,0.0
A1,semisynthetic,2,asymmetric_burst,20260928,0.0,gated,13,0.0,0.0,0.0,0.0,0.0,5,0.0
A1,semisynthetic,2,asymmetric_burst,20260928,0.5,uncorrected,13,11.324715580629709,0.049642432705548786,9.325659962172589,3.1970942706946985,34.375,5,0.084096786809341
A1,semisynthetic,2,asymmetric_burst,20260928,0.5,V7,13,11.324715580629709,0.049642432705548786,9.325659962172589,3.1970942706946985,34.375,5,0.084096786809341
A1,semisynthetic,2,asymmetric_burst,20260928,0.5,shrink,13,11.324715580629709,0.049642432705548786,9.325659962172589,3.1970942706946985,34.375,5,0.084096786809341
A1,semisynthetic,2,asymmetric_burst,20260928,0.5,gated,13,11.324715580629709,0.049642432705548786,9.325659962172589,3.1970942706946985,34.375,5,0.084096786809341
A1,semisynthetic,2,asymmetric_burst,20260928,1.0,uncorrected,13,22.649431161259418,0.09928486541109757,18.65131992434517,6.734266310345187,43.75,5,0.16968432079372953
A1,semisynthetic,2,asymmetric_burst,20260928,1.0,V7,13,22.649431161259418,0.09928486541109757,18.65131992434517,6.734266310345187,43.75,5,0.16968432079372953
A1,semisynthetic,2,asymmetric_burst,20260928,1.0,shrink,13,22.649431161259418,0.09928486541109757,18.65131992434517,6.734266310345187,43.75,5,0.16968432079372953
A1,semisynthetic,2,asymmetric_burst,20260928,1.0,gated,13,22.649431161259418,0.09928486541109757,18.65131992434517,6.734266310345187,43.75,5,0.16968432079372953
A1,semisynthetic,2,asymmetric_burst,20260928,2.0,uncorrected,13,45.298862322518836,0.19856973082219515,37.30263984869035,13.510783577746047,45.3125,5,0.3395538506796829
A1,semisynthetic,2,asymmetric_burst,20260928,2.0,V7,13,45.298862322518836,0.19856973082219515,37.30263984869035,13.510783577746047,45.3125,5,0.3395538506796829
A1,semisynthetic,2,asymmetric_burst,20260928,2.0,shrink,13,45.298862322518836,0.19856973082219515,37.30263984869035,13.510783577746047,45.3125,5,0.3395538506796829
A1,semisynthetic,2,asymmetric_burst,20260928,2.0,gated,13,45.298862322518836,0.19856973082219515,37.30263984869035,13.510783577746047,45.3125,5,0.3395538506796829
A1,semisynthetic,2,asymmetric_burst,20260929,0.0,uncorrected,13,0.0,0.0,0.0,0.0,0.0,5,0.0
A1,semisynthetic,2,asymmetric_burst,20260929,0.0,V7,13,0.0,0.0,0.0,0.0,0.0,5,0.0
A1,semisynthetic,2,asymmetric_burst,20260929,0.0,shrink,13,0.0,0.0,0.0,0.0,0.0,5,0.0
A1,semisynthetic,2,asymmetric_burst,20260929,0.0,gated,13,0.0,0.0,0.0,0.0,0.0,5,0.0
A1,semisynthetic,2,asymmetric_burst,20260929,0.5,uncorrected,13,11.907528978551841,0.05219722312657523,6.863539210144719,2.032160375229695,51.5625,5,0.07614862167815747
A1,semisynthetic,2,asymmetric_burst,20260929,0.5,V7,13,11.907528978551841,0.05219722312657523,6.863539210144719,2.032160375229695,51.5625,5,0.07614862167815747
A1,semisynthetic,2,asymmetric_burst,20260929,0.5,shrink,13,11.907528978551841,0.05219722312657523,6.863539210144719,2.032160375229695,51.5625,5,0.07614862167815747
A1,semisynthetic,2,asymmetric_burst,20260929,0.5,gated,13,11.907528978551841,0.05219722312657523,6.863539210144719,2.032160375229695,51.5625,5,0.07614862167815747
A1,semisynthetic,2,asymmetric_burst,20260929,1.0,uncorrected,13,23.815057957103683,0.10439444625315046,13.72707842028944,4.488286166510287,74.21875,5,0.15415571604694797
A1,semisynthetic,2,asymmetric_burst,20260929,1.0,V7,13,23.815057957103683,0.10439444625315046,13.72707842028944,4.488286166510287,74.21875,5,0.15415571604694797
A1,semisynthetic,2,asymmetric_burst,20260929,1.0,shrink,13,23.815057957103683,0.10439444625315046,13.72707842028944,4.488286166510287,74.21875,5,0.15415571604694797
A1,semisynthetic,2,asymmetric_burst,20260929,1.0,gated,13,23.815057957103683,0.10439444625315046,13.72707842028944,4.488286166510287,74.21875,5,0.15415571604694797
A1,semisynthetic,2,asymmetric_burst,20260929,2.0,uncorrected,13,47.630115914207366,0.20878889250630092,27.45415684057887,9.99909492059511,75.78125,5,0.3127937087905748
A1,semisynthetic,2,asymmetric_burst,20260929,2.0,V7,13,47.630115914207366,0.20878889250630092,27.45415684057887,9.99909492059511,75.78125,5,0.3127937087905748
A1,semisynthetic,2,asymmetric_burst,20260929,2.0,shrink,13,47.630115914207366,0.20878889250630092,27.45415684057887,9.99909492059511,75.78125,5,0.3127937087905748
A1,semisynthetic,2,asymmetric_burst,20260929,2.0,gated,13,47.630115914207366,0.20878889250630092,27.45415684057887,9.99909492059511,75.78125,5,0.3127937087905748
A1,semisynthetic,2,direction_step,20260927,0.0,uncorrected,13,0.0,0.0,0.0,0.0,0.0,5,0.0
A1,semisynthetic,2,direction_step,20260927,0.0,V7,13,0.0,0.0,0.0,0.0,0.0,5,0.0
A1,semisynthetic,2,direction_step,20260927,0.0,shrink,13,0.0,0.0,0.0,0.0,0.0,5,0.0
A1,semisynthetic,2,direction_step,20260927,0.0,gated,13,0.0,0.0,0.0,0.0,0.0,5,0.0
A1,semisynthetic,2,direction_step,20260927,0.5,uncorrected,13,17.01469014592976,0.0745847085131047,42.35847516990473,16.723209993616575,1.953125,4,0.24073190134088915
A1,semisynthetic,2,direction_step,20260927,0.5,V7,13,17.01469014592976,0.0745847085131047,42.35847516990473,16.723209993616575,1.953125,4,0.24073190134088915
A1,semisynthetic,2,direction_step,20260927,0.5,shrink,13,17.01469014592976,0.0745847085131047,42.35847516990473,16.723209993616575,1.953125,4,0.24073190134088915
A1,semisynthetic,2,direction_step,20260927,0.5,gated,13,17.01469014592976,0.0745847085131047,42.35847516990473,16.723209993616575,1.953125,4,0.24073190134088915
A1,semisynthetic,2,direction_step,20260927,1.0,uncorrected,13,34.02938029185952,0.1491694170262094,84.71695033980946,33.40696776532253,42.96875,4,0.4812908619789996
A1,semisynthetic,2,direction_step,20260927,1.0,V7,13,34.02938029185952,0.1491694170262094,84.71695033980946,33.40696776532253,42.96875,4,0.4812908619789996
A1,semisynthetic,2,direction_step,20260927,1.0,shrink,13,34.02938029185952,0.1491694170262094,84.71695033980946,33.40696776532253,42.96875,4,0.4812908619789996
A1,semisynthetic,2,direction_step,20260927,1.0,gated,13,34.02938029185952,0.1491694170262094,84.71695033980946,33.40696776532253,42.96875,4,0.4812908619789996
A1,semisynthetic,2,direction_step,20260927,2.0,uncorrected,13,68.05876058371904,0.2983388340524188,169.43390067961892,64.36619320556296,51.7578125,4,0.9518519283363547
A1,semisynthetic,2,direction_step,20260927,2.0,V7,13,68.05876058371904,0.2983388340524188,169.43390067961892,64.36619320556296,51.7578125,4,0.9518519283363547
A1,semisynthetic,2,direction_step,20260927,2.0,shrink,13,68.05876058371904,0.2983388340524188,169.43390067961892,64.36619320556296,51.7578125,4,0.9518519283363547
A1,semisynthetic,2,direction_step,20260927,2.0,gated,13,68.05876058371904,0.2983388340524188,169.43390067961892,64.36619320556296,51.7578125,4,0.9518519283363547
A1,semisynthetic,2,direction_step,20260928,0.0,uncorrected,13,0.0,0.0,0.0,0.0,0.0,5,0.0
A1,semisynthetic,2,direction_step,20260928,0.0,V7,13,0.0,0.0,0.0,0.0,0.0,5,0.0
A1,semisynthetic,2,direction_step,20260928,0.0,shrink,13,0.0,0.0,0.0,0.0,0.0,5,0.0
A1,semisynthetic,2,direction_step,20260928,0.0,gated,13,0.0,0.0,0.0,0.0,0.0,5,0.0
A1,semisynthetic,2,direction_step,20260928,0.5,uncorrected,13,15.775742006902057,0.06915372005432632,37.810871700743554,14.857408101974032,41.9921875,4,0.21715476228086092
A1,semisynthetic,2,direction_step,20260928,0.5,V7,13,15.775742006902057,0.06915372005432632,37.810871700743554,14.857408101974032,41.9921875,4,0.21715476228086092
A1,semisynthetic,2,direction_step,20260928,0.5,shrink,13,15.775742006902057,0.06915372005432632,37.810871700743554,14.857408101974032,41.9921875,4,0.21715476228086092
A1,semisynthetic,2,direction_step,20260928,0.5,gated,13,15.775742006902057,0.06915372005432632,37.810871700743554,14.857408101974032,41.9921875,4,0.21715476228086092
A1,semisynthetic,2,direction_step,20260928,1.0,uncorrected,13,31.551484013804114,0.13830744010865265,75.62174340148711,29.675363982037457,43.9453125,4,0.4341365838589432
A1,semisynthetic,2,direction_step,20260928,1.0,V7,13,31.551484013804114,0.13830744010865265,75.62174340148711,29.675363982037457,43.9453125,4,0.4341365838589432
A1,semisynthetic,2,direction_step,20260928,1.0,shrink,13,31.551484013804114,0.13830744010865265,75.62174340148711,29.675363982037457,43.9453125,4,0.4341365838589432
A1,semisynthetic,2,direction_step,20260928,1.0,gated,13,31.551484013804114,0.13830744010865265,75.62174340148711,29.675363982037457,43.9453125,4,0.4341365838589432
A1,semisynthetic,2,direction_step,20260928,2.0,uncorrected,13,63.10296802760823,0.2766148802173053,151.24348680297422,57.21293596813043,65.4296875,4,0.8589020541970617
A1,semisynthetic,2,direction_step,20260928,2.0,V7,13,63.10296802760823,0.2766148802173053,151.24348680297422,57.21293596813043,65.4296875,4,0.8589020541970617
A1,semisynthetic,2,direction_step,20260928,2.0,shrink,13,63.10296802760823,0.2766148802173053,151.24348680297422,57.21293596813043,65.4296875,4,0.8589020541970617
A1,semisynthetic,2,direction_step,20260928,2.0,gated,13,63.10296802760823,0.2766148802173053,151.24348680297422,57.21293596813043,65.4296875,4,0.8589020541970617
A1,semisynthetic,2,direction_step,20260929,0.0,uncorrected,13,0.0,0.0,0.0,0.0,0.0,5,0.0
A1,semisynthetic,2,direction_step,20260929,0.0,V7,13,0.0,0.0,0.0,0.0,0.0,5,0.0
A1,semisynthetic,2,direction_step,20260929,0.0,shrink,13,0.0,0.0,0.0,0.0,0.0,5,0.0
A1,semisynthetic,2,direction_step,20260929,0.0,gated,13,0.0,0.0,0.0,0.0,0.0,5,0.0
A1,semisynthetic,2,direction_step,20260929,0.5,uncorrected,13,16.958110158311566,0.07433668742967713,42.01648750150175,16.3528554829274,52.734375,4,0.23811085388075848
A1,semisynthetic,2,direction_step,20260929,0.5,V7,13,16.958110158311566,0.07433668742967713,42.01648750150175,16.3528554829274,52.734375,4,0.23811085388075848
A1,semisynthetic,2,direction_step,20260929,0.5,shrink,13,16.958110158311566,0.07433668742967713,42.01648750150175,16.3528554829274,52.734375,4,0.23811085388075848
A1,semisynthetic,2,direction_step,20260929,0.5,gated,13,16.958110158311566,0.07433668742967713,42.01648750150175,16.3528554829274,52.734375,4,0.23811085388075848
A1,semisynthetic,2,direction_step,20260929,1.0,uncorrected,13,33.91622031662313,0.14867337485935425,84.0329750030035,32.666258743944205,53.7109375,4,0.47604876705873833
A1,semisynthetic,2,direction_step,20260929,1.0,V7,13,33.91622031662313,0.14867337485935425,84.0329750030035,32.666258743944205,53.7109375,4,0.47604876705873833
A1,semisynthetic,2,direction_step,20260929,1.0,shrink,13,33.91622031662313,0.14867337485935425,84.0329750030035,32.666258743944205,53.7109375,4,0.47604876705873833
A1,semisynthetic,2,direction_step,20260929,1.0,gated,13,33.91622031662313,0.14867337485935425,84.0329750030035,32.666258743944205,53.7109375,4,0.47604876705873833
A1,semisynthetic,2,direction_step,20260929,2.0,uncorrected,13,67.83244063324626,0.2973467497187085,168.065950006007,63.258690449481264,53.7109375,4,0.9430068140491367
A1,semisynthetic,2,direction_step,20260929,2.0,V7,13,67.83244063324626,0.2973467497187085,168.065950006007,63.258690449481264,53.7109375,4,0.9430068140491367
A1,semisynthetic,2,direction_step,20260929,2.0,shrink,13,67.83244063324626,0.2973467497187085,168.065950006007,63.258690449481264,53.7109375,4,0.9430068140491367
A1,semisynthetic,2,direction_step,20260929,2.0,gated,13,67.83244063324626,0.2973467497187085,168.065950006007,63.258690449481264,53.7109375,4,0.9430068140491367
A1,semisynthetic,3,asymmetric_burst,20260927,0.0,uncorrected,13,0.0,0.0,0.0,0.0,0.0,2,0.0
A1,semisynthetic,3,asymmetric_burst,20260927,0.0,V7,13,7.927312415079633,0.1202876458696153,8.509366066402631,0.017210721532969025,0.0,2,0.1851086111925692
A1,semisynthetic,3,asymmetric_burst,20260927,0.0,shrink,13,0.0,0.0,0.0,0.0,0.0,2,0.0
A1,semisynthetic,3,asymmetric_burst,20260927,0.0,gated,13,0.0,0.0,0.0,0.0,0.0,2,0.0
A1,semisynthetic,3,asymmetric_burst,20260927,0.5,uncorrected,13,9.680314868607995,0.14688739712168808,7.778902958992559,0.7583268548048122,13.671875,2,0.21741196901737814
A1,semisynthetic,3,asymmetric_burst,20260927,0.5,V7,13,12.612778870896571,0.19138409069991633,11.042455051089139,0.7443447186705113,13.671875,2,0.28645678316110573
A1,semisynthetic,3,asymmetric_burst,20260927,0.5,shrink,13,9.680314868607995,0.14688739712168808,7.778902958992559,0.7583268548048122,13.671875,2,0.21741196901737814
A1,semisynthetic,3,asymmetric_burst,20260927,0.5,gated,13,9.680314868607995,0.14688739712168808,7.778902958992559,0.7583268548048122,13.671875,2,0.21741196901737814
A1,semisynthetic,3,asymmetric_burst,20260927,1.0,uncorrected,13,19.36062973721599,0.29377479424337616,15.557805917985116,1.6009495208752735,15.625,2,0.43610302786531807
A1,semisynthetic,3,asymmetric_burst,20260927,1.0,V7,13,20.57311448741395,0.312172824826438,16.793014716851307,1.5681916729507,15.625,2,0.46337541727169324
A1,semisynthetic,3,asymmetric_burst,20260927,1.0,shrink,13,19.36062973721599,0.29377479424337616,15.557805917985116,1.6009495208752735,15.625,2,0.43610302786531807
A1,semisynthetic,3,asymmetric_burst,20260927,1.0,gated,13,19.36062973721599,0.29377479424337616,15.557805917985116,1.6009495208752735,15.625,2,0.43610302786531807
A1,semisynthetic,3,asymmetric_burst,20260927,2.0,uncorrected,13,38.72125947443198,0.5875495884867523,31.11561183597023,4.445250573506196,19.53125,2,0.8910724534341968
A1,semisynthetic,3,asymmetric_burst,20260927,2.0,V7,13,38.17588951755481,0.5792742405748951,30.522210034839556,4.292230291835783,19.53125,2,0.875973115312753
A1,semisynthetic,3,asymmetric_burst,20260927,2.0,shrink,13,38.72125947443198,0.5875495884867523,31.11561183597023,4.445250573506196,19.53125,2,0.8910724534341968
A1,semisynthetic,3,asymmetric_burst,20260927,2.0,gated,13,38.72125947443198,0.5875495884867523,31.11561183597023,4.445250573506196,19.53125,2,0.8910724534341968
A1,semisynthetic,3,asymmetric_burst,20260928,0.0,uncorrected,13,0.0,0.0,0.0,0.0,0.0,2,0.0
A1,semisynthetic,3,asymmetric_burst,20260928,0.0,V7,13,7.927312415079633,0.1202876458696153,8.509366066402631,0.017210721532969025,0.0,2,0.1851086111925692
A1,semisynthetic,3,asymmetric_burst,20260928,0.0,shrink,13,0.0,0.0,0.0,0.0,0.0,2,0.0
A1,semisynthetic,3,asymmetric_burst,20260928,0.0,gated,13,0.0,0.0,0.0,0.0,0.0,2,0.0
A1,semisynthetic,3,asymmetric_burst,20260928,0.5,uncorrected,13,10.178501084532003,0.15444678723783864,9.953706902002558,1.4220870922240956,44.921875,2,0.25154318683728416
A1,semisynthetic,3,asymmetric_burst,20260928,0.5,V7,13,12.213542868179715,0.18532615373481645,14.041957975566783,1.3761113582214524,44.921875,2,0.31274212739494495
A1,semisynthetic,3,asymmetric_burst,20260928,0.5,shrink,13,10.178501084532003,0.15444678723783864,9.953706902002558,1.4220870922240956,44.921875,2,0.25154318683728416
A1,semisynthetic,3,asymmetric_burst,20260928,0.5,gated,13,10.178501084532003,0.15444678723783864,9.953706902002558,1.4220870922240956,44.921875,2,0.25154318683728416
A1,semisynthetic,3,asymmetric_burst,20260928,1.0,uncorrected,13,20.35700216906401,0.30889357447567733,19.907413804005117,3.018960189930315,44.921875,2,0.5057385458143221
A1,semisynthetic,3,asymmetric_burst,20260928,1.0,V7,13,20.630957023269865,0.3130505173033992,22.37983485532583,2.9474974089269907,44.921875,2,0.5275691662897454
A1,semisynthetic,3,asymmetric_burst,20260928,1.0,shrink,13,20.35700216906401,0.30889357447567733,19.907413804005117,3.018960189930315,44.921875,2,0.5057385458143221
A1,semisynthetic,3,asymmetric_burst,20260928,1.0,gated,13,20.35700216906401,0.30889357447567733,19.907413804005117,3.018960189930315,44.921875,2,0.5057385458143221
A1,semisynthetic,3,asymmetric_burst,20260928,2.0,uncorrected,13,40.71400433812802,0.6177871489513547,39.81482760801024,6.3274459229521085,44.921875,2,1.0158703013539667
A1,semisynthetic,3,asymmetric_burst,20260928,2.0,V7,13,38.88391378972392,0.5900176764909267,40.14602046595773,5.97795006173358,44.921875,2,0.9853103712171886
A1,semisynthetic,3,asymmetric_burst,20260928,2.0,shrink,13,40.71400433812802,0.6177871489513547,39.81482760801024,6.3274459229521085,44.921875,2,1.0158703013539667
A1,semisynthetic,3,asymmetric_burst,20260928,2.0,gated,13,40.71400433812802,0.6177871489513547,39.81482760801024,6.3274459229521085,44.921875,2,1.0158703013539667
A1,semisynthetic,3,asymmetric_burst,20260929,0.0,uncorrected,13,0.0,0.0,0.0,0.0,0.0,2,0.0
A1,semisynthetic,3,asymmetric_burst,20260929,0.0,V7,13,7.927312415079633,0.1202876458696153,8.509366066402631,0.017210721532969025,0.0,2,0.1851086111925692
A1,semisynthetic,3,asymmetric_burst,20260929,0.0,shrink,13,0.0,0.0,0.0,0.0,0.0,2,0.0
A1,semisynthetic,3,asymmetric_burst,20260929,0.0,gated,13,0.0,0.0,0.0,0.0,0.0,2,0.0
A1,semisynthetic,3,asymmetric_burst,20260929,0.5,uncorrected,13,8.759882888110598,0.1329209239565167,7.4798045653204515,0.6548317704848287,0.0,2,0.19960584638625056
A1,semisynthetic,3,asymmetric_burst,20260929,0.5,V7,13,12.039891211122585,0.18269119399877456,13.939721087021496,0.6355758207977836,0.0,2,0.29809474922306417
A1,semisynthetic,3,asymmetric_burst,20260929,0.5,shrink,13,8.759882888110598,0.1329209239565167,7.4798045653204515,0.6548317704848287,0.0,2,0.19960584638625056
A1,semisynthetic,3,asymmetric_burst,20260929,0.5,gated,13,8.759882888110598,0.1329209239565167,7.4798045653204515,0.6548317704848287,0.0,2,0.19960584638625056
A1,semisynthetic,3,asymmetric_burst,20260929,1.0,uncorrected,13,17.519765776221195,0.2658418479130334,14.959609130640903,1.1997896425285444,35.15625,2,0.3975444855408474
A1,semisynthetic,3,asymmetric_burst,20260929,1.0,V7,13,19.27363015870594,0.2924546779236616,20.23658308716095,1.193036449030359,35.15625,2,0.464090781643004
A1,semisynthetic,3,asymmetric_burst,20260929,1.0,shrink,13,17.519765776221195,0.2658418479130334,14.959609130640903,1.1997896425285444,35.15625,2,0.3975444855408474
A1,semisynthetic,3,asymmetric_burst,20260929,1.0,gated,13,17.519765776221195,0.2658418479130334,14.959609130640903,1.1997896425285444,35.15625,2,0.3975444855408474
A1,semisynthetic,3,asymmetric_burst,20260929,2.0,uncorrected,13,35.03953155244239,0.5316836958260668,29.919218261281806,2.674294182219717,33.203125,2,0.799257446667714
A1,semisynthetic,3,asymmetric_burst,20260929,2.0,V7,13,34.83406765945483,0.528566022810977,32.832090300766026,2.6396923170658386,33.203125,2,0.8177144353181711
A1,semisynthetic,3,asymmetric_burst,20260929,2.0,shrink,13,35.03953155244239,0.5316836958260668,29.919218261281806,2.674294182219717,33.203125,2,0.799257446667714
A1,semisynthetic,3,asymmetric_burst,20260929,2.0,gated,13,35.03953155244239,0.5316836958260668,29.919218261281806,2.674294182219717,33.203125,2,0.799257446667714
A1,semisynthetic,3,direction_step,20260927,0.0,uncorrected,13,0.0,0.0,0.0,0.0,0.0,2,0.0
A1,semisynthetic,3,direction_step,20260927,0.0,V7,13,7.927312415079633,0.1202876458696153,8.509366066402631,0.017210721532969025,0.0,2,0.1851086111925692
A1,semisynthetic,3,direction_step,20260927,0.0,shrink,13,0.0,0.0,0.0,0.0,0.0,2,0.0
A1,semisynthetic,3,direction_step,20260927,0.0,gated,13,0.0,0.0,0.0,0.0,0.0,2,0.0
A1,semisynthetic,3,direction_step,20260927,0.5,uncorrected,13,13.485031816070219,0.204619503647461,32.54400663474311,1.5904760231372956,17.578125,2,0.4756616269750635
A1,semisynthetic,3,direction_step,20260927,0.5,V7,13,15.348984204631494,0.23290278972138698,32.7297310644827,1.3189207243628784,17.578125,2,0.5012334555876712
A1,semisynthetic,3,direction_step,20260927,0.5,shrink,13,13.485031816070219,0.204619503647461,32.54400663474311,1.5904760231372956,17.578125,2,0.4756616269750635
A1,semisynthetic,3,direction_step,20260927,0.5,gated,13,13.485031816070219,0.204619503647461,32.54400663474311,1.5904760231372956,17.578125,2,0.4756616269750635
A1,semisynthetic,3,direction_step,20260927,1.0,uncorrected,13,26.970063632140437,0.409239007294922,65.08801326948623,5.813419022878063,17.578125,2,0.9912678453658489
A1,semisynthetic,3,direction_step,20260927,1.0,V7,13,26.98275242538673,0.40943154481439953,62.61993235260015,5.054081204483659,17.578125,2,0.9612132111209981
A1,semisynthetic,3,direction_step,20260927,1.0,shrink,13,26.970063632140437,0.409239007294922,65.08801326948623,5.813419022878063,17.578125,2,0.9912678453658489
A1,semisynthetic,3,direction_step,20260927,1.0,gated,13,26.970063632140437,0.409239007294922,65.08801326948623,5.813419022878063,17.578125,2,0.9912678453658489
A1,semisynthetic,3,direction_step,20260927,2.0,uncorrected,13,53.940127264280875,0.818478014589844,130.17602653897245,16.828092430365988,117.1875,1,2.06145861097685
A1,semisynthetic,3,direction_step,20260927,2.0,V7,13,51.37143150588586,0.7795010764355151,122.60003423163897,15.627180001610961,117.1875,1,1.946780850473613
A1,semisynthetic,3,direction_step,20260927,2.0,shrink,13,53.940127264280875,0.818478014589844,130.17602653897245,16.828092430365988,117.1875,1,2.06145861097685
A1,semisynthetic,3,direction_step,20260927,2.0,gated,13,53.940127264280875,0.818478014589844,130.17602653897245,16.828092430365988,117.1875,1,2.06145861097685
A1,semisynthetic,3,direction_step,20260928,0.0,uncorrected,13,0.0,0.0,0.0,0.0,0.0,2,0.0
A1,semisynthetic,3,direction_step,20260928,0.0,V7,13,7.927312415079633,0.1202876458696153,8.509366066402631,0.017210721532969025,0.0,2,0.1851086111925692
A1,semisynthetic,3,direction_step,20260928,0.0,shrink,13,0.0,0.0,0.0,0.0,0.0,2,0.0
A1,semisynthetic,3,direction_step,20260928,0.0,gated,13,0.0,0.0,0.0,0.0,0.0,2,0.0
A1,semisynthetic,3,direction_step,20260928,0.5,uncorrected,13,14.495714681769313,0.21995542788887734,35.34217599852059,1.4384869547345474,1.953125,2,0.5099207609584346
A1,semisynthetic,3,direction_step,20260928,0.5,V7,13,16.05004599710384,0.24354057819370925,35.2858754177243,1.3149714812080564,1.953125,2,0.5312045616070061
A1,semisynthetic,3,direction_step,20260928,0.5,shrink,13,14.495714681769313,0.21995542788887734,35.34217599852059,1.4384869547345474,1.953125,2,0.5099207609584346
A1,semisynthetic,3,direction_step,20260928,0.5,gated,13,14.495714681769313,0.21995542788887734,35.34217599852059,1.4384869547345474,1.953125,2,0.5099207609584346
A1,semisynthetic,3,direction_step,20260928,1.0,uncorrected,13,28.991429363538625,0.4399108557777547,70.68435199704118,4.61302574019782,17.578125,2,1.0461840673965652
A1,semisynthetic,3,direction_step,20260928,1.0,V7,13,28.73154220005139,0.43596737361750265,67.92502316101954,3.976235335982133,17.578125,2,1.0116432540264741
A1,semisynthetic,3,direction_step,20260928,1.0,shrink,13,28.991429363538625,0.4399108557777547,70.68435199704118,4.61302574019782,17.578125,2,1.0461840673965652
A1,semisynthetic,3,direction_step,20260928,1.0,gated,13,28.991429363538625,0.4399108557777547,70.68435199704118,4.61302574019782,17.578125,2,1.0461840673965652
A1,semisynthetic,3,direction_step,20260928,2.0,uncorrected,13,57.98285872707725,0.8798217115555094,141.36870399408235,17.432093347976153,74.21875,2,2.2168851724061667
A1,semisynthetic,3,direction_step,20260928,2.0,V7,13,55.23784194329326,0.8381693091390415,133.80776721882265,16.1079155528189,17.578125,2,2.097775765626309
A1,semisynthetic,3,direction_step,20260928,2.0,shrink,13,57.98285872707725,0.8798217115555094,141.36870399408235,17.432093347976153,74.21875,2,2.2168851724061667
A1,semisynthetic,3,direction_step,20260928,2.0,gated,13,57.98285872707725,0.8798217115555094,141.36870399408235,17.432093347976153,74.21875,2,2.2168851724061667
A1,semisynthetic,3,direction_step,20260929,0.0,uncorrected,13,0.0,0.0,0.0,0.0,0.0,2,0.0
A1,semisynthetic,3,direction_step,20260929,0.0,V7,13,7.927312415079633,0.1202876458696153,8.509366066402631,0.017210721532969025,0.0,2,0.1851086111925692
A1,semisynthetic,3,direction_step,20260929,0.0,shrink,13,0.0,0.0,0.0,0.0,0.0,2,0.0
A1,semisynthetic,3,direction_step,20260929,0.0,gated,13,0.0,0.0,0.0,0.0,0.0,2,0.0
A1,semisynthetic,3,direction_step,20260929,0.5,uncorrected,13,12.99464619224045,0.1971784783452946,28.43947256317772,1.2573536055148482,17.578125,2,0.43202512118615627
A1,semisynthetic,3,direction_step,20260929,0.5,V7,13,14.811986176016479,0.22475447597815024,28.36009846967857,1.093356596581165,0.0,2,0.45651045274248536
A1,semisynthetic,3,direction_step,20260929,0.5,shrink,13,12.99464619224045,0.1971784783452946,28.43947256317772,1.2573536055148482,17.578125,2,0.43202512118615627
A1,semisynthetic,3,direction_step,20260929,0.5,gated,13,12.99464619224045,0.1971784783452946,28.43947256317772,1.2573536055148482,17.578125,2,0.43202512118615627
A1,semisynthetic,3,direction_step,20260929,1.0,uncorrected,13,25.9892923844809,0.3943569566905892,56.87894512635544,4.998406825253075,19.53125,2,0.9017374639676028
A1,semisynthetic,3,direction_step,20260929,1.0,V7,13,25.927099862234297,0.39341325828436674,54.20286661130996,4.388830181193999,19.53125,2,0.871240984039378
A1,semisynthetic,3,direction_step,20260929,1.0,shrink,13,25.9892923844809,0.3943569566905892,56.87894512635544,4.998406825253075,19.53125,2,0.9017374639676028
A1,semisynthetic,3,direction_step,20260929,1.0,gated,13,25.9892923844809,0.3943569566905892,56.87894512635544,4.998406825253075,19.53125,2,0.9017374639676028
A1,semisynthetic,3,direction_step,20260929,2.0,uncorrected,13,51.9785847689618,0.7887139133811784,113.7578902527109,12.709365839822814,107.421875,2,1.8446347182987968
A1,semisynthetic,3,direction_step,20260929,2.0,V7,13,49.66510633202908,0.7536095980246403,107.14000891496909,11.601359109161733,107.421875,2,1.742508419097021
A1,semisynthetic,3,direction_step,20260929,2.0,shrink,13,51.9785847689618,0.7887139133811784,113.7578902527109,12.709365839822814,107.421875,2,1.8446347182987968
A1,semisynthetic,3,direction_step,20260929,2.0,gated,13,51.9785847689618,0.7887139133811784,113.7578902527109,12.709365839822814,107.421875,2,1.8446347182987968
A1,semisynthetic,4,asymmetric_burst,20260927,0.0,uncorrected,15,0.0,0.0,0.0,0.0,0.0,2,0.0
A1,semisynthetic,4,asymmetric_burst,20260927,0.0,V7,15,10.20142341274925,0.10552236157092704,6.886462537261041,0.038980847591897204,0.0,2,0.14154196698554614
A1,semisynthetic,4,asymmetric_burst,20260927,0.0,shrink,15,14.317298469585067,0.14809650425236898,11.689142094005149,0.6837938923760848,52.734375,2,0.21562516743275795
A1,semisynthetic,4,asymmetric_burst,20260927,0.0,gated,15,0.0,0.0,0.0,0.0,0.0,2,0.0
A1,semisynthetic,4,asymmetric_burst,20260927,0.5,uncorrected,15,9.376598083530464,0.0969904623347961,6.807290695054361,1.1296374568793641,23.4375,2,0.14388222320338417
A1,semisynthetic,4,asymmetric_burst,20260927,0.5,V7,15,13.868938076503985,0.1434587154263845,8.099055518290102,1.075174833255497,23.4375,2,0.196468055203707
A1,semisynthetic,4,asymmetric_burst,20260927,0.5,shrink,15,16.37577419720346,0.1693891426643047,12.03134499702887,0.589588311021929,25.390625,2,0.23771320796514203
A1,semisynthetic,4,asymmetric_burst,20260927,0.5,gated,15,9.376598083530464,0.0969904623347961,6.807290695054361,1.1296374568793641,23.4375,2,0.14388222320338417
A1,semisynthetic,4,asymmetric_burst,20260927,1.0,uncorrected,15,18.753196167060928,0.1939809246695922,13.614581390108723,2.334409795642284,25.390625,2,0.2885416330651318
A1,semisynthetic,4,asymmetric_burst,20260927,1.0,V7,15,20.98980074522718,0.21711610761803188,13.10849199661258,2.2473270668887926,25.390625,2,0.3081585766736467
A1,semisynthetic,4,asymmetric_burst,20260927,1.0,shrink,15,21.41009529496316,0.22146358655789267,14.826686599786786,1.389160936056575,25.390625,2,0.3125156875377112
A1,semisynthetic,4,asymmetric_burst,20260927,1.0,gated,15,18.753196167060928,0.1939809246695922,13.614581390108723,2.334409795642284,25.390625,2,0.2885416330651318
A1,semisynthetic,4,asymmetric_burst,20260927,2.0,uncorrected,15,37.506392334121855,0.3879618493391844,27.229162780217443,4.859856566354714,25.390625,2,0.5790593308362512
A1,semisynthetic,4,asymmetric_burst,20260927,2.0,V7,15,37.37920929870992,0.3866462825103775,25.4290248864247,4.70196653830345,25.390625,2,0.5668003568999507
A1,semisynthetic,4,asymmetric_burst,20260927,2.0,shrink,15,34.928217034020115,0.36129349775693675,23.89279896435449,3.589284415917104,25.390625,2,0.5219928420756468
A1,semisynthetic,4,asymmetric_burst,20260927,2.0,gated,15,37.506392334121855,0.3879618493391844,27.229162780217443,4.859856566354714,25.390625,2,0.5790593308362512
A1,semisynthetic,4,asymmetric_burst,20260928,0.0,uncorrected,15,0.0,0.0,0.0,0.0,0.0,2,0.0
A1,semisynthetic,4,asymmetric_burst,20260928,0.0,V7,15,10.20142341274925,0.10552236157092704,6.886462537261041,0.038980847591897204,0.0,2,0.14154196698554614
A1,semisynthetic,4,asymmetric_burst,20260928,0.0,shrink,15,14.317298469585067,0.14809650425236898,11.689142094005149,0.6837938923760848,52.734375,2,0.21562516743275795
A1,semisynthetic,4,asymmetric_burst,20260928,0.0,gated,15,0.0,0.0,0.0,0.0,0.0,2,0.0
A1,semisynthetic,4,asymmetric_burst,20260928,0.5,uncorrected,15,7.990066570398241,0.08264833832537878,9.143298887241734,0.5298550679109678,56.640625,2,0.1354177197970671
A1,semisynthetic,4,asymmetric_burst,20260928,0.5,V7,15,13.183257123655183,0.13636610976721897,10.902911700943704,0.6259351364242345,56.640625,2,0.19922994976092762
A1,semisynthetic,4,asymmetric_burst,20260928,0.5,shrink,15,16.348983861280722,0.16911202648164408,13.649558931901275,1.1337975779659357,56.640625,2,0.25143464073258215
A1,semisynthetic,4,asymmetric_burst,20260928,0.5,gated,15,7.990066570398241,0.08264833832537878,9.143298887241734,0.5298550679109678,56.640625,2,0.1354177197970671
A1,semisynthetic,4,asymmetric_burst,20260928,1.0,uncorrected,15,15.980133140796482,0.16529667665075756,18.286597774483468,1.0991892599471174,56.640625,2,0.27124380715637403
A1,semisynthetic,4,asymmetric_burst,20260928,1.0,V7,15,19.099806707810604,0.19756622461504608,18.614535442631833,1.2800693166614794,56.640625,2,0.3070804327596168
A1,semisynthetic,4,asymmetric_burst,20260928,1.0,shrink,15,20.538841077718544,0.21245143219349455,18.88879963601244,1.6167271499262166,58.59375,2,0.3268664693963806
A1,semisynthetic,4,asymmetric_burst,20260928,1.0,gated,15,15.980133140796482,0.16529667665075756,18.286597774483468,1.0991892599471174,56.640625,2,0.27124380715637403
A1,semisynthetic,4,asymmetric_burst,20260928,2.0,uncorrected,15,31.960266281592965,0.3305933533015151,36.573195548966936,2.4882931839014586,58.59375,2,0.5454864585683302
A1,semisynthetic,4,asymmetric_burst,20260928,2.0,V7,15,33.05590158285417,0.34192648003607135,35.35393536949029,2.873285253065042,58.59375,2,0.5544959552102426
A1,semisynthetic,4,asymmetric_burst,20260928,2.0,shrink,15,31.744367640967123,0.32836012235941736,32.55986742194298,2.834375866424038,58.59375,2,0.5260763630051916
A1,semisynthetic,4,asymmetric_burst,20260928,2.0,gated,15,31.960266281592965,0.3305933533015151,36.573195548966936,2.4882931839014586,58.59375,2,0.5454864585683302
A1,semisynthetic,4,asymmetric_burst,20260929,0.0,uncorrected,15,0.0,0.0,0.0,0.0,0.0,2,0.0
A1,semisynthetic,4,asymmetric_burst,20260929,0.0,V7,15,10.20142341274925,0.10552236157092704,6.886462537261041,0.038980847591897204,0.0,2,0.14154196698554614
A1,semisynthetic,4,asymmetric_burst,20260929,0.0,shrink,15,14.317298469585067,0.14809650425236898,11.689142094005149,0.6837938923760848,52.734375,2,0.21562516743275795
A1,semisynthetic,4,asymmetric_burst,20260929,0.0,gated,15,0.0,0.0,0.0,0.0,0.0,2,0.0
A1,semisynthetic,4,asymmetric_burst,20260929,0.5,uncorrected,15,8.712839255560993,0.09012461663787552,9.891303784677273,0.8637223158450317,39.0625,2,0.15021612160674616
A1,semisynthetic,4,asymmetric_burst,20260929,0.5,V7,15,13.737719767962634,0.14210140819205078,9.595611383187045,0.9402849418791938,39.0625,2,0.20145556398518616
A1,semisynthetic,4,asymmetric_burst,20260929,0.5,shrink,15,16.38961551680439,0.16953231569736624,11.13578358186389,1.3255931691458398,19.53125,2,0.24083773877508938
A1,semisynthetic,4,asymmetric_burst,20260929,0.5,gated,15,8.712839255560993,0.09012461663787552,9.891303784677273,0.8637223158450317,39.0625,2,0.15021612160674616
A1,semisynthetic,4,asymmetric_burst,20260929,1.0,uncorrected,15,17.425678511121987,0.18024923327575104,19.782607569354546,1.59268461310738,74.21875,2,0.2990383009339851
A1,semisynthetic,4,asymmetric_burst,20260929,1.0,V7,15,20.289647542631062,0.20987380265625016,17.979358577509803,1.7374774888935278,74.21875,2,0.32083429025883076
A1,semisynthetic,4,asymmetric_burst,20260929,1.0,shrink,15,21.022584610744374,0.21745522018799684,15.898146462109652,2.008954238654073,74.21875,2,0.32045992185331673
A1,semisynthetic,4,asymmetric_burst,20260929,1.0,gated,15,17.425678511121987,0.18024923327575104,19.782607569354546,1.59268461310738,74.21875,2,0.2990383009339851
A1,semisynthetic,4,asymmetric_burst,20260929,2.0,uncorrected,15,34.851357022243974,0.3604984665515021,39.56521513870909,3.144420878643427,74.21875,2,0.5976530368257865
A1,semisynthetic,4,asymmetric_burst,20260929,2.0,V7,15,35.191643393650736,0.3640183500097622,36.533186365894466,2.887527789287912,74.21875,2,0.5828341673355669
A1,semisynthetic,4,asymmetric_burst,20260929,2.0,shrink,15,33.43192358192366,0.3458160087556464,30.56745142154956,3.480342104127771,111.328125,2,0.5399093885119456
A1,semisynthetic,4,asymmetric_burst,20260929,2.0,gated,15,34.851357022243974,0.3604984665515021,39.56521513870909,3.144420878643427,74.21875,2,0.5976530368257865
A1,semisynthetic,4,direction_step,20260927,0.0,uncorrected,15,0.0,0.0,0.0,0.0,0.0,2,0.0
A1,semisynthetic,4,direction_step,20260927,0.0,V7,15,10.20142341274925,0.10552236157092704,6.886462537261041,0.038980847591897204,0.0,2,0.14154196698554614
A1,semisynthetic,4,direction_step,20260927,0.0,shrink,15,14.317298469585067,0.14809650425236898,11.689142094005149,0.6837938923760848,52.734375,2,0.21562516743275795
A1,semisynthetic,4,direction_step,20260927,0.0,gated,15,0.0,0.0,0.0,0.0,0.0,2,0.0
A1,semisynthetic,4,direction_step,20260927,0.5,uncorrected,15,13.20525726850844,0.13659367675918568,34.31719499768047,1.642425220293708,0.0,2,0.3310693138347184
A1,semisynthetic,4,direction_step,20260927,0.5,V7,15,16.715839281175693,0.1729067371505525,35.83352527081005,1.9995486285631259,0.0,2,0.37891879187313904
A1,semisynthetic,4,direction_step,20260927,0.5,shrink,15,18.72952132358216,0.1937360347858354,35.297890743226596,2.205801988474603,52.734375,2,0.39911127950043324
A1,semisynthetic,4,direction_step,20260927,0.5,gated,15,13.20525726850844,0.13659367675918568,34.31719499768047,1.642425220293708,0.0,2,0.3310693138347184
A1,semisynthetic,4,direction_step,20260927,1.0,uncorrected,15,26.410514537016876,0.2731873535183713,68.63438999536093,5.278960020296201,76.171875,2,0.6827654699803933
A1,semisynthetic,4,direction_step,20260927,1.0,V7,15,27.53082249833778,0.2847756914377199,67.43021998157317,5.594407665075646,76.171875,2,0.691388863681568
A1,semisynthetic,4,direction_step,20260927,1.0,shrink,15,27.360232030651442,0.2830111230747154,63.69441972985493,5.473653341323594,78.125,2,0.6690538802518536
A1,semisynthetic,4,direction_step,20260927,1.0,gated,15,26.410514537016876,0.2731873535183713,68.63438999536093,5.278960020296201,76.171875,2,0.6827654699803933
A1,semisynthetic,4,direction_step,20260927,2.0,uncorrected,15,52.82102907403376,0.5463747070367427,137.26877999072187,13.816076769102091,103.515625,2,1.3992329419707095
A1,semisynthetic,4,direction_step,20260927,2.0,V7,15,51.158824653336325,0.5291810538778686,131.21603404774973,13.388384919624002,76.171875,2,1.34631083581265
A1,semisynthetic,4,direction_step,20260927,2.0,shrink,15,47.95924452015387,0.4960849614965953,121.5905178443329,12.79333001264259,103.515625,2,1.2572769417616838
A1,semisynthetic,4,direction_step,20260927,2.0,gated,15,52.82102907403376,0.5463747070367427,137.26877999072187,13.816076769102091,103.515625,2,1.3992329419707095
A1,semisynthetic,4,direction_step,20260928,0.0,uncorrected,15,0.0,0.0,0.0,0.0,0.0,2,0.0
A1,semisynthetic,4,direction_step,20260928,0.0,V7,15,10.20142341274925,0.10552236157092704,6.886462537261041,0.038980847591897204,0.0,2,0.14154196698554614
A1,semisynthetic,4,direction_step,20260928,0.0,shrink,15,14.317298469585067,0.14809650425236898,11.689142094005149,0.6837938923760848,52.734375,2,0.21562516743275795
A1,semisynthetic,4,direction_step,20260928,0.0,gated,15,0.0,0.0,0.0,0.0,0.0,2,0.0
A1,semisynthetic,4,direction_step,20260928,0.5,uncorrected,15,12.017408066528324,0.1243066999411827,28.555590348365886,1.2971747825207582,48.828125,2,0.285412414774432
A1,semisynthetic,4,direction_step,20260928,0.5,V7,15,16.273364902087547,0.16832983258273906,30.889310081406812,1.4138367897392028,48.828125,2,0.34271215145102957
A1,semisynthetic,4,direction_step,20260928,0.5,shrink,15,18.59023559434756,0.19229527907094224,31.202708783014085,1.8025768979219476,52.734375,2,0.3723195615630817
A1,semisynthetic,4,direction_step,20260928,0.5,gated,15,12.017408066528324,0.1243066999411827,28.555590348365886,1.2971747825207582,48.828125,2,0.285412414774432
A1,semisynthetic,4,direction_step,20260928,1.0,uncorrected,15,24.034816133056648,0.2486133998823654,57.111180696731765,3.805187280803171,48.828125,2,0.5833495969344267
A1,semisynthetic,4,direction_step,20260928,1.0,V7,15,26.05007485735332,0.2694590065354951,57.739567681312884,4.172155825857261,48.828125,2,0.6112410660995703
A1,semisynthetic,4,direction_step,20260928,1.0,shrink,15,26.3608200380914,0.2726733192829972,54.670526267898246,4.181479140368727,52.734375,2,0.5986789107823132
A1,semisynthetic,4,direction_step,20260928,1.0,gated,15,24.034816133056648,0.2486133998823654,57.111180696731765,3.805187280803171,48.828125,2,0.5833495969344267
A1,semisynthetic,4,direction_step,20260928,2.0,uncorrected,15,48.069632266113295,0.4972267997647308,114.22236139346353,10.445979526197014,99.609375,2,1.1960303685725622
A1,semisynthetic,4,direction_step,20260928,2.0,V7,15,47.34521992034336,0.4897335609897138,110.14469148437675,10.178761700932066,48.828125,2,1.164683582563297
A1,semisynthetic,4,direction_step,20260928,2.0,shrink,15,44.939261556668,0.4648466017778202,102.73380407613928,9.92832761568235,52.734375,2,1.0988774741767453
A1,semisynthetic,4,direction_step,20260928,2.0,gated,15,48.069632266113295,0.4972267997647308,114.22236139346353,10.445979526197014,99.609375,2,1.1960303685725622
A1,semisynthetic,4,direction_step,20260929,0.0,uncorrected,15,0.0,0.0,0.0,0.0,0.0,2,0.0
A1,semisynthetic,4,direction_step,20260929,0.0,V7,15,10.20142341274925,0.10552236157092704,6.886462537261041,0.038980847591897204,0.0,2,0.14154196698554614
A1,semisynthetic,4,direction_step,20260929,0.0,shrink,15,14.317298469585067,0.14809650425236898,11.689142094005149,0.6837938923760848,52.734375,2,0.21562516743275795
A1,semisynthetic,4,direction_step,20260929,0.0,gated,15,0.0,0.0,0.0,0.0,0.0,2,0.0
A1,semisynthetic,4,direction_step,20260929,0.5,uncorrected,15,11.60994760403356,0.12009197533760482,27.90557466306795,1.4101501531889447,0.0,2,0.2790044504367626
A1,semisynthetic,4,direction_step,20260929,0.5,V7,15,15.860766848819312,0.16406196532550718,29.65105102518119,1.8796398675539834,0.0,2,0.336858292859832
A1,semisynthetic,4,direction_step,20260929,0.5,shrink,15,18.414883048867292,0.19048145231776323,30.261963823262008,2.0913771161137267,52.734375,2,0.36862757202089885
A1,semisynthetic,4,direction_step,20260929,0.5,gated,15,11.60994760403356,0.12009197533760482,27.90557466306795,1.4101501531889447,0.0,2,0.2790044504367626
A1,semisynthetic,4,direction_step,20260929,1.0,uncorrected,15,23.21989520806712,0.24018395067520965,55.811149326135904,5.522258543628009,1.953125,2,0.5859576490555021
A1,semisynthetic,4,direction_step,20260929,1.0,V7,15,25.38082621295605,0.2625363748028799,55.909355789027224,6.000235762544082,1.953125,2,0.6137621333133819
A1,semisynthetic,4,direction_step,20260929,1.0,shrink,15,25.84576612149622,0.2673456602479301,53.10545029985999,5.743164780498699,52.734375,2,0.6014106663366373
A1,semisynthetic,4,direction_step,20260929,1.0,gated,15,23.21989520806712,0.24018395067520965,55.811149326135904,5.522258543628009,1.953125,2,0.5859576490555021
A1,semisynthetic,4,direction_step,20260929,2.0,uncorrected,15,46.43979041613424,0.4803679013504193,111.6222986522718,14.526767051191493,39.0625,2,1.2079352950180553
A1,semisynthetic,4,direction_step,20260929,2.0,V7,15,46.03329181571295,0.47616312613854805,107.65180994815827,14.22447398795814,50.78125,2,1.1800684933931254
A1,semisynthetic,4,direction_step,20260929,2.0,shrink,15,43.70484553475002,0.45207794307956606,100.02374519314694,13.396997011927658,48.828125,2,1.1079720663712103
A1,semisynthetic,4,direction_step,20260929,2.0,gated,15,46.43979041613424,0.4803679013504193,111.6222986522718,14.526767051191493,39.0625,2,1.2079352950180553
A1,synthetic,0,asymmetric_burst,20260927,0.0,uncorrected,14,0.0,0.0,0.0,0.0,0.0,6,0.0
A1,synthetic,0,asymmetric_burst,20260927,0.0,V7,14,0.4409298861860106,0.029418920142777822,0.4519085025837746,0.1036132131427232,1.953125,6,0.051407719771953846
A1,synthetic,0,asymmetric_burst,20260927,0.0,shrink,14,1.4350681165580268,0.09574799904277076,3.2266375075316533,0.5908873544509993,6.510416666666667,6,0.2428130211866729
A1,synthetic,0,asymmetric_burst,20260927,0.0,gated,14,0.734883143643351,0.049031533571296367,0.7531808376396242,0.17232009251157324,3.2552083333333335,6,0.08565494015883947
A1,synthetic,0,asymmetric_burst,20260927,0.5,uncorrected,14,6.280121274710667,0.41901080433847643,5.055143793831004,2.3373673994481075,5.859375,6,0.7436004162996073
A1,synthetic,0,asymmetric_burst,20260927,0.5,V7,14,5.733439240238465,0.3825360821218827,4.7361678191924215,2.149074395645065,6.510416666666667,6,0.6839216847256441
A1,synthetic,0,asymmetric_burst,20260927,0.5,shrink,14,4.798558604126319,0.32016068041184736,4.7592051769558115,1.7250338379098353,9.114583333333334,6,0.5940227501561891
A1,synthetic,0,asymmetric_burst,20260927,0.5,gated,14,5.420262793467146,0.36164089409582634,4.629202660468651,2.025935623179978,7.161458333333333,6,0.6512422888069179
A1,synthetic,0,asymmetric_burst,20260927,1.0,uncorrected,14,12.560242549421334,0.8380216086769529,10.11028758766201,4.7897078003254885,20.182291666666668,6,1.494871851628749
A1,synthetic,0,asymmetric_burst,20260927,1.0,V7,14,11.349583990223923,0.7572462550685245,9.353767197549626,4.372743446105107,18.880208333333332,6,1.3610389751721759
A1,synthetic,0,asymmetric_burst,20260927,1.0,shrink,14,9.400150130903004,0.6271796825187211,7.977322035060547,3.5698281150812234,17.578125,6,1.1314834168737695
A1,synthetic,0,asymmetric_burst,20260927,1.0,gated,14,10.602711992483654,0.7074148230273569,8.914174281170956,4.098453506755802,18.880208333333332,6,1.2782420111310069
A1,synthetic,0,asymmetric_burst,20260927,2.0,uncorrected,14,25.120485098842668,1.6760432173539057,20.22057517532402,9.905381595955559,24.739583333333332,6,3.011492212228108
A1,synthetic,0,asymmetric_burst,20260927,2.0,V7,14,22.564568005251697,1.5055119759397255,18.434212103442135,8.838527782822714,24.739583333333332,6,2.7101870649891406
A1,synthetic,0,asymmetric_burst,20260927,2.0,shrink,14,18.76555032448292,1.2520408430612675,15.226926761185318,7.386400994660861,20.833333333333332,6,2.252834452279045
A1,synthetic,0,asymmetric_burst,20260927,2.0,gated,14,20.959341958061987,1.3984110096118068,17.308374481705133,8.137843983150368,21.484375,6,2.518778308565033
A1,synthetic,0,asymmetric_burst,20260928,0.0,uncorrected,14,0.0,0.0,0.0,0.0,0.0,6,0.0
A1,synthetic,0,asymmetric_burst,20260928,0.0,V7,14,0.4409298861860106,0.029418920142777822,0.4519085025837746,0.1036132131427232,1.953125,6,0.051407719771953846
A1,synthetic,0,asymmetric_burst,20260928,0.0,shrink,14,1.4350681165580268,0.09574799904277076,3.2266375075316533,0.5908873544509993,6.510416666666667,6,0.2428130211866729
A1,synthetic,0,asymmetric_burst,20260928,0.0,gated,14,0.734883143643351,0.049031533571296367,0.7531808376396242,0.17232009251157324,3.2552083333333335,6,0.08565494015883947
A1,synthetic,0,asymmetric_burst,20260928,0.5,uncorrected,14,6.612820881510865,0.4412085810613262,6.2163867954091785,2.3150563130253814,9.765625,6,0.8030487628062348
A1,synthetic,0,asymmetric_burst,20260928,0.5,V7,14,6.044892548152755,0.4033163020180436,5.97707389441635,2.092517272534092,9.765625,6,0.7423251399643623
A1,synthetic,0,asymmetric_burst,20260928,0.5,shrink,14,5.134283514750436,0.34256030594193804,6.198645835586877,2.0510206102114785,9.114583333333334,6,0.6861921388141832
A1,synthetic,0,asymmetric_burst,20260928,0.5,gated,14,5.725547318547904,0.38200953170817425,5.894641449079635,1.9468324779023876,9.114583333333334,6,0.7085483006598163
A1,synthetic,0,asymmetric_burst,20260928,1.0,uncorrected,14,13.22564176302173,0.8824171621226524,12.432773590818359,4.745597380190962,10.416666666666666,6,1.6138026888735635
A1,synthetic,0,asymmetric_burst,20260928,1.0,V7,14,11.903658650934293,0.7942142146177638,11.593768479319177,4.183793254183341,10.416666666666666,6,1.460126785666119
A1,synthetic,0,asymmetric_burst,20260928,1.0,shrink,14,9.99289192040168,0.6667275197528533,10.483755466147223,3.8454813045165985,9.114583333333334,6,1.2730377250965585
A1,synthetic,0,asymmetric_burst,20260928,1.0,gated,14,11.098375101985283,0.7404855535289357,11.132249185909064,3.8182711452404194,10.416666666666666,6,1.366614100174366
A1,synthetic,0,asymmetric_burst,20260928,2.0,uncorrected,14,26.45128352604346,1.7648343242453048,24.865547181636714,9.832448371581982,22.135416666666668,6,3.2503738791593766
A1,synthetic,0,asymmetric_burst,20260928,2.0,V7,14,23.899214252718206,1.594559810081119,22.79456839469755,8.432622555260123,22.135416666666668,6,2.917614702639773
A1,synthetic,0,asymmetric_burst,20260928,2.0,shrink,14,19.86047978815604,1.325094730908156,19.57811684760699,7.6069400773566995,17.578125,6,2.4857588336213445
A1,synthetic,0,asymmetric_burst,20260928,2.0,gated,14,22.365397243580908,1.4922232674263332,21.6031281090063,7.506989876410711,22.135416666666668,6,2.7137732301251076
A1,synthetic,0,asymmetric_burst,20260929,0.0,uncorrected,14,0.0,0.0,0.0,0.0,0.0,6,0.0
A1,synthetic,0,asymmetric_burst,20260929,0.0,V7,14,0.4409298861860106,0.029418920142777822,0.4519085025837746,0.1036132131427232,1.953125,6,0.051407719771953846
A1,synthetic,0,asymmetric_burst,20260929,0.0,shrink,14,1.4350681165580268,0.09574799904277076,3.2266375075316533,0.5908873544509993,6.510416666666667,6,0.2428130211866729
A1,synthetic,0,asymmetric_burst,20260929,0.0,gated,14,0.734883143643351,0.049031533571296367,0.7531808376396242,0.17232009251157324,3.2552083333333335,6,0.08565494015883947
A1,synthetic,0,asymmetric_burst,20260929,0.5,uncorrected,14,6.404804423501017,0.4273296861206607,4.734278771750549,2.2830106557805565,13.020833333333334,6,0.7375885209452441
A1,synthetic,0,asymmetric_burst,20260929,0.5,V7,14,5.941609634416015,0.396425247710936,4.385347157954155,2.1558916759499556,11.71875,6,0.6865622921216389
A1,synthetic,0,asymmetric_burst,20260929,0.5,shrink,14,5.219130486705666,0.34822131094638087,4.499804242341033,2.1309988237173747,14.322916666666666,6,0.6405157983214256
A1,synthetic,0,asymmetric_burst,20260929,0.5,gated,14,5.672319215582169,0.3784581432458374,4.269251000754092,2.068431631507272,12.369791666666666,6,0.6588868599018792
A1,synthetic,0,asymmetric_burst,20260929,1.0,uncorrected,14,12.809608847002034,0.8546593722413214,9.468557543501097,4.387794061144792,16.276041666666668,6,1.4632856881593586
A1,synthetic,0,asymmetric_burst,20260929,1.0,V7,14,11.653085499944376,0.7774959295800677,8.659322898271293,4.0831519492140735,16.276041666666668,6,1.3388003303385438
A1,synthetic,0,asymmetric_burst,20260929,1.0,shrink,14,9.928163739663548,0.6624088440636325,7.436420964314722,3.684225034880944,18.880208333333332,6,1.1563006535336375
A1,synthetic,0,asymmetric_burst,20260929,1.0,gated,14,10.92858592065009,0.729157189262195,8.257415874096772,3.872995407451295,18.229166666666668,6,1.2630322543756718
A1,synthetic,0,asymmetric_burst,20260929,2.0,uncorrected,14,25.619217694004067,1.7093187444826428,18.937115087002194,7.833376936021819,26.692708333333332,6,2.8637068790032645
A1,synthetic,0,asymmetric_burst,20260929,2.0,V7,14,22.871904396989606,1.5260175144590464,16.961723490645053,7.357218735821433,26.692708333333332,6,2.582737050800707
A1,synthetic,0,asymmetric_burst,20260929,2.0,shrink,14,19.485232578771562,1.3000581706010936,14.179203207899393,6.478657677206182,26.041666666666668,6,2.205334834248333
A1,synthetic,0,asymmetric_burst,20260929,2.0,gated,14,21.149816457050317,1.4111195019379754,15.885114124666282,7.01177035954002,27.34375,6,2.4088748775566877
A1,synthetic,0,direction_step,20260927,0.0,uncorrected,14,0.0,0.0,0.0,0.0,0.0,6,0.0
A1,synthetic,0,direction_step,20260927,0.0,V7,14,0.4409298861860106,0.029418920142777822,0.4519085025837746,0.1036132131427232,1.953125,6,0.051407719771953846
A1,synthetic,0,direction_step,20260927,0.0,shrink,14,1.4350681165580268,0.09574799904277076,3.2266375075316533,0.5908873544509993,6.510416666666667,6,0.2428130211866729
A1,synthetic,0,direction_step,20260927,0.0,gated,14,0.734883143643351,0.049031533571296367,0.7531808376396242,0.17232009251157324,3.2552083333333335,6,0.08565494015883947
A1,synthetic,0,direction_step,20260927,0.5,uncorrected,14,8.702801603341904,0.580652465183879,21.424894916301383,7.401891567421178,6.510416666666667,6,1.7892443749817368
A1,synthetic,0,direction_step,20260927,0.5,V7,14,7.3617328258328465,0.49117611869992106,17.920332066206377,6.25821449762273,6.510416666666667,6,1.5065491645336988
A1,synthetic,0,direction_step,20260927,0.5,shrink,14,6.568804029077707,0.43827176886683317,15.758742654988716,5.388820662802722,11.067708333333334,6,1.3235278896935514
A1,synthetic,0,direction_step,20260927,0.5,gated,14,6.5018650744735025,0.4338055899535005,15.614679033381705,5.4707492542741845,7.161458333333333,6,1.319722025740177
A1,synthetic,0,direction_step,20260927,1.0,uncorrected,14,17.405603206683807,1.161304930367758,42.84978983260277,13.239402335251079,10.15625,5,3.4741129857934405
A1,synthetic,0,direction_step,20260927,1.0,V7,14,14.740084742781159,0.9834610661041073,36.05303348974576,11.42490573712738,10.9375,5,2.948465193140453
A1,synthetic,0,direction_step,20260927,1.0,shrink,14,13.017106147727894,0.8685036289160002,31.664951254876232,10.179718409691914,14.973958333333334,6,2.6040418246506873
A1,synthetic,0,direction_step,20260927,1.0,gated,14,12.985061717898823,0.8663656188792648,31.545958545509638,10.203379537458012,15.625,6,2.5995128819237356
A1,synthetic,0,direction_step,20260927,2.0,uncorrected,14,34.811206413367614,2.322609860735516,85.69957966520553,23.59687497821206,30.2734375,4,6.7559431118153475
A1,synthetic,0,direction_step,20260927,2.0,V7,14,29.539730527710013,1.9708960554950214,72.453220002822,20.45250172260923,17.96875,5,5.752536433732182
A1,synthetic,0,direction_step,20260927,2.0,shrink,14,26.03180910511899,1.736846916546864,63.7224029374903,18.24919085654822,16.40625,5,5.080221172469198
A1,synthetic,0,direction_step,20260927,2.0,gated,14,26.041437732380494,1.7374893402640244,63.64049725175597,18.26822428511822,17.96875,5,5.079401128980148
A1,synthetic,0,direction_step,20260928,0.0,uncorrected,14,0.0,0.0,0.0,0.0,0.0,6,0.0
A1,synthetic,0,direction_step,20260928,0.0,V7,14,0.4409298861860106,0.029418920142777822,0.4519085025837746,0.1036132131427232,1.953125,6,0.051407719771953846
A1,synthetic,0,direction_step,20260928,0.0,shrink,14,1.4350681165580268,0.09574799904277076,3.2266375075316533,0.5908873544509993,6.510416666666667,6,0.2428130211866729
A1,synthetic,0,direction_step,20260928,0.0,gated,14,0.734883143643351,0.049031533571296367,0.7531808376396242,0.17232009251157324,3.2552083333333335,6,0.08565494015883947
A1,synthetic,0,direction_step,20260928,0.5,uncorrected,14,8.990334488956059,0.5998367102652769,21.563951826087536,7.5282407591832685,6.510416666666667,6,1.8214976113591173
A1,synthetic,0,direction_step,20260928,0.5,V7,14,7.588886119944463,0.5063318267365032,18.02574840224353,6.302715509657827,7.161458333333333,6,1.528190686289738
A1,synthetic,0,direction_step,20260928,0.5,shrink,14,6.742534126840976,0.4498630717760183,15.87556025672945,5.436474064329988,13.020833333333334,6,1.3421956815418121
A1,synthetic,0,direction_step,20260928,0.5,gated,14,6.690105690776464,0.44636503723103865,15.703514357198403,5.47174262401161,7.161458333333333,6,1.3353113050963341
A1,synthetic,0,direction_step,20260928,1.0,uncorrected,14,17.980668977912117,1.1996734205305537,43.12790365217507,13.529685710163994,11.71875,5,3.541127135834031
A1,synthetic,0,direction_step,20260928,1.0,V7,14,15.219693598130473,1.015460653923696,36.328352900327005,11.607285390248471,10.9375,5,3.0018178636669104
A1,synthetic,0,direction_step,20260928,1.0,shrink,14,13.40870951677662,0.8946314750943088,31.88706882072476,10.37303961369912,13.28125,5,2.6504779574957316
A1,synthetic,0,direction_step,20260928,1.0,gated,14,13.400813441026836,0.8941046475210329,31.81462173736561,10.31676743514559,10.9375,5,2.6437797990774916
A1,synthetic,0,direction_step,20260928,2.0,uncorrected,14,35.961337955824234,2.3993468410611074,86.25580730435014,24.48746997228721,39.0625,4,6.91065655129243
A1,synthetic,0,direction_step,20260928,2.0,V7,14,30.568896049745064,2.0395621615019,73.04763643962062,21.066170660274143,33.59375,5,5.881976425006681
A1,synthetic,0,direction_step,20260928,2.0,shrink,14,26.85600631732756,1.7918375006000282,64.15354400935674,18.7950896075792,35.9375,5,5.186017122287311
A1,synthetic,0,direction_step,20260928,2.0,gated,14,26.99076575061378,1.8008286738693784,64.25839590674762,18.728944006931716,32.8125,5,5.194092917947184
A1,synthetic,0,direction_step,20260929,0.0,uncorrected,14,0.0,0.0,0.0,0.0,0.0,6,0.0
A1,synthetic,0,direction_step,20260929,0.0,V7,14,0.4409298861860106,0.029418920142777822,0.4519085025837746,0.1036132131427232,1.953125,6,0.051407719771953846
A1,synthetic,0,direction_step,20260929,0.0,shrink,14,1.4350681165580268,0.09574799904277076,3.2266375075316533,0.5908873544509993,6.510416666666667,6,0.2428130211866729
A1,synthetic,0,direction_step,20260929,0.0,gated,14,0.734883143643351,0.049031533571296367,0.7531808376396242,0.17232009251157324,3.2552083333333335,6,0.08565494015883947
A1,synthetic,0,direction_step,20260929,0.5,uncorrected,14,8.199569607184033,0.5470767372233261,20.390391424083827,7.089092874470345,7.161458333333333,6,1.7002875346352775
A1,synthetic,0,direction_step,20260929,0.5,V7,14,6.953662933206218,0.46394962315048965,17.07727827669167,5.997094894657184,6.510416666666667,6,1.433776373685552
A1,synthetic,0,direction_step,20260929,0.5,shrink,14,6.231684077548375,0.4157790659603337,15.06622699628401,5.144405067349054,7.8125,6,1.2616253512117452
A1,synthetic,0,direction_step,20260929,0.5,gated,14,6.159919362345067,0.4109909114446639,14.89255064476961,5.253024341571726,6.510416666666667,6,1.2582904354454836
A1,synthetic,0,direction_step,20260929,1.0,uncorrected,14,16.399139214368066,1.0941534744466521,40.780782848167654,13.098797985368725,12.369791666666666,6,3.3285581264085344
A1,synthetic,0,direction_step,20260929,1.0,V7,14,13.915664206504513,0.928455581829546,34.362954901127,11.319444446137638,11.067708333333334,6,2.830042141378116
A1,synthetic,0,direction_step,20260929,1.0,shrink,14,12.2981873398691,0.8205372386572627,30.187916000162623,9.972766140012833,10.416666666666666,6,2.492993515316577
A1,synthetic,0,direction_step,20260929,1.0,gated,14,12.283260659631782,0.8195413279066969,30.104968996720274,10.046087356161303,9.765625,6,2.4941224897162813
A1,synthetic,0,direction_step,20260929,2.0,uncorrected,14,32.79827842873613,2.1883069488933042,81.56156569633531,22.784460112084314,26.3671875,4,6.429391223491638
A1,synthetic,0,direction_step,20260929,2.0,V7,14,27.826740170758917,1.85660503532309,68.92917179612162,19.773785925901347,25.390625,4,5.475398814908943
A1,synthetic,0,direction_step,20260929,2.0,shrink,14,24.5556437715981,1.6383569039055619,60.68908992713452,17.73118887966194,16.6015625,4,4.845978385346149
A1,synthetic,0,direction_step,20260929,2.0,gated,14,24.528769122691997,1.6365638225681352,60.527638329504065,17.75733342244665,18.5546875,4,4.840543632934113
A1,synthetic,1,asymmetric_burst,20260927,0.0,uncorrected,12,0.0,0.0,0.0,0.0,0.0,6,0.0
A1,synthetic,1,asymmetric_burst,20260927,0.0,V7,12,0.38481502776323573,0.025304205391428563,0.39829543595019745,0.17379471259852508,3.90625,6,0.04982770676627574
A1,synthetic,1,asymmetric_burst,20260927,0.0,shrink,12,1.2928275198689791,0.08501220258628697,0.7671854876342173,0.9208815792546297,3.2552083333333335,6,0.17079026169878397
A1,synthetic,1,asymmetric_burst,20260927,0.0,gated,12,0.6413583796053929,0.04217367565238094,0.6638257265836631,0.2896578543308725,3.90625,6,0.08304617794379274
A1,synthetic,1,asymmetric_burst,20260927,0.5,uncorrected,12,6.949730338082262,0.45699203825811924,6.868613835912881,3.1298226013461012,16.927083333333332,6,0.8886282000209254
A1,synthetic,1,asymmetric_burst,20260927,0.5,V7,12,6.3675930231203814,0.41871255039759475,6.287853053838105,2.659573655982239,17.578125,6,0.8003321598783384
A1,synthetic,1,asymmetric_burst,20260927,0.5,shrink,12,5.319262444042338,0.3497776846120845,5.04995119058997,1.6927779534496812,17.578125,6,0.6271236674553724
A1,synthetic,1,asymmetric_burst,20260927,0.5,gated,12,6.0243985639564155,0.39614518047349606,5.942847312956707,2.3473186566871473,17.578125,6,0.745888662942763
A1,synthetic,1,asymmetric_burst,20260927,1.0,uncorrected,12,13.899460676164525,0.9139840765162385,13.737227671825762,6.40292313941553,17.578125,6,1.7866778988850245
A1,synthetic,1,asymmetric_burst,20260927,1.0,V7,12,12.515708450029654,0.8229929560693865,12.242778753869906,5.17215472561439,17.578125,6,1.5656202937519808
A1,synthetic,1,asymmetric_burst,20260927,1.0,shrink,12,10.452454192419912,0.6873199554260258,10.17302946582291,4.12693966019125,18.229166666666668,6,1.293167247000807
A1,synthetic,1,asymmetric_burst,20260927,1.0,gated,12,11.665273938268918,0.7670711026983346,11.333706337977244,4.357060132326642,18.229166666666668,6,1.4262115798171624
A1,synthetic,1,asymmetric_burst,20260927,2.0,uncorrected,12,27.798921352329053,1.8279681530324772,27.474455343651524,12.979643331337606,20.182291666666668,6,3.5847841360514647
A1,synthetic,1,asymmetric_burst,20260927,2.0,V7,12,25.21451831574704,1.6580260755828948,24.22994486599651,10.31242699136337,20.182291666666668,6,3.132780127492797
A1,synthetic,1,asymmetric_burst,20260927,2.0,shrink,12,20.837000198383095,1.370174485715594,20.461985132767254,9.053776803136047,19.53125,6,2.6382792369492125
A1,synthetic,1,asymmetric_burst,20260927,2.0,gated,12,23.655685053176704,1.5555221861782957,22.272931142114217,8.581800797737754,20.182291666666668,6,2.852132313540251
A1,synthetic,1,asymmetric_burst,20260928,0.0,uncorrected,12,0.0,0.0,0.0,0.0,0.0,6,0.0
A1,synthetic,1,asymmetric_burst,20260928,0.0,V7,12,0.38481502776323573,0.025304205391428563,0.39829543595019745,0.17379471259852508,3.90625,6,0.04982770676627574
A1,synthetic,1,asymmetric_burst,20260928,0.0,shrink,12,1.2928275198689791,0.08501220258628697,0.7671854876342173,0.9208815792546297,3.2552083333333335,6,0.17079026169878397
A1,synthetic,1,asymmetric_burst,20260928,0.0,gated,12,0.6413583796053929,0.04217367565238094,0.6638257265836631,0.2896578543308725,3.90625,6,0.08304617794379274
A1,synthetic,1,asymmetric_burst,20260928,0.5,uncorrected,12,6.844681263288278,0.4500843471000649,8.630758804008002,3.8024391705646114,5.208333333333333,6,0.9838861315174208
A1,synthetic,1,asymmetric_burst,20260928,0.5,V7,12,6.2939991026846025,0.4138732495805456,7.97274234439701,3.5435432960287194,5.208333333333333,6,0.9090163405129078
A1,synthetic,1,asymmetric_burst,20260928,0.5,shrink,12,5.405007199545447,0.3554159854786074,6.885189369578549,3.2469694117906447,5.859375,6,0.7953003238395652
A1,synthetic,1,asymmetric_burst,20260928,0.5,gated,12,5.968815138294831,0.3924901921860706,7.55916204530702,3.3640178900520237,9.114583333333334,6,0.8622304078210594
A1,synthetic,1,asymmetric_burst,20260928,1.0,uncorrected,12,13.689362526576556,0.9001686942001298,17.261517608016003,6.546071904930545,6.510416666666667,6,1.8981485383922005
A1,synthetic,1,asymmetric_burst,20260928,1.0,V7,12,12.379387896841141,0.8140289525142091,15.260840700082218,6.078773734996766,8.463541666666666,6,1.7155017065673397
A1,synthetic,1,asymmetric_burst,20260928,1.0,shrink,12,10.462441013150636,0.6879766568143434,13.342576174114958,5.510878476793176,9.114583333333334,6,1.4890369652852824
A1,synthetic,1,asymmetric_burst,20260928,1.0,gated,12,11.56078805119899,0.7602004449636534,13.970170462036833,5.73869021761503,9.114583333333334,6,1.5968752213570834
A1,synthetic,1,asymmetric_burst,20260928,2.0,uncorrected,12,27.37872505315311,1.8003373884002596,34.52303521603201,10.836944803077644,35.15625,6,3.6480024033723613
A1,synthetic,1,asymmetric_burst,20260928,2.0,V7,12,24.674312530221503,1.6225038709797353,30.50976311495378,10.036865931440676,35.807291666666664,6,3.285608289972128
A1,synthetic,1,asymmetric_burst,20260928,2.0,shrink,12,20.69003185336421,1.3605103174267081,26.280507857535994,8.967573544126244,35.15625,6,2.814250339961838
A1,synthetic,1,asymmetric_burst,20260928,2.0,gated,12,22.9752490022542,1.51077888785038,27.97858700240629,9.48338002302543,36.458333333333336,6,3.0542668212490467
A1,synthetic,1,asymmetric_burst,20260929,0.0,uncorrected,12,0.0,0.0,0.0,0.0,0.0,6,0.0
A1,synthetic,1,asymmetric_burst,20260929,0.0,V7,12,0.38481502776323573,0.025304205391428563,0.39829543595019745,0.17379471259852508,3.90625,6,0.04982770676627574
A1,synthetic,1,asymmetric_burst,20260929,0.0,shrink,12,1.2928275198689791,0.08501220258628697,0.7671854876342173,0.9208815792546297,3.2552083333333335,6,0.17079026169878397
A1,synthetic,1,asymmetric_burst,20260929,0.0,gated,12,0.6413583796053929,0.04217367565238094,0.6638257265836631,0.2896578543308725,3.90625,6,0.08304617794379274
A1,synthetic,1,asymmetric_burst,20260929,0.5,uncorrected,12,5.702926245007373,0.37500618901147253,3.2328973920350967,1.0025745563491766,9.114583333333334,6,0.54722478111799
A1,synthetic,1,asymmetric_burst,20260929,0.5,V7,12,5.185361890557827,0.34097281249705186,3.1007918789413,0.9226253026339633,9.765625,6,0.5035907793974584
A1,synthetic,1,asymmetric_burst,20260929,0.5,shrink,12,4.476458418798451,0.29435758762820174,2.7926869729786037,1.3069243976525187,7.8125,6,0.47211583726304696
A1,synthetic,1,asymmetric_burst,20260929,0.5,gated,12,4.883566196457763,0.3211276929492379,3.0343719930813746,0.9442400464547752,9.765625,6,0.4829831966435739
A1,synthetic,1,asymmetric_burst,20260929,1.0,uncorrected,12,11.405852490014746,0.7500123780229451,6.465794784070193,2.0056648328992153,11.067708333333334,6,1.0944834743468528
A1,synthetic,1,asymmetric_burst,20260929,1.0,V7,12,10.210583539433223,0.6714153149110514,5.990604596624166,1.8106442842544783,11.71875,6,0.9874389903178278
A1,synthetic,1,asymmetric_burst,20260929,1.0,shrink,12,8.659950674214352,0.5694506574072409,5.173751658758659,1.9819173368833656,10.416666666666666,6,0.8698798826951819
A1,synthetic,1,asymmetric_burst,20260929,1.0,gated,12,9.468514963032291,0.6226192588398541,5.697177479848821,1.6806305851579861,11.71875,6,0.9204462349090612
A1,synthetic,1,asymmetric_burst,20260929,2.0,uncorrected,12,22.811704980029493,1.5000247560458901,12.931589568140385,4.080291168208324,25.390625,6,2.193501636518203
A1,synthetic,1,asymmetric_burst,20260929,2.0,V7,12,20.448805277632466,1.3446480293719323,11.746875052158208,3.6891492295056145,11.71875,6,1.9734531484005706
A1,synthetic,1,asymmetric_burst,20260929,2.0,shrink,12,17.166049145493357,1.12878448604709,9.99895763787418,3.469050907592154,11.067708333333334,6,1.6856479141961582
A1,synthetic,1,asymmetric_burst,20260929,2.0,gated,12,18.947920251158134,1.2459546306250588,11.009821092097233,3.4295838105357093,13.020833333333334,6,1.8334584024545444
A1,synthetic,1,direction_step,20260927,0.0,uncorrected,12,0.0,0.0,0.0,0.0,0.0,6,0.0
A1,synthetic,1,direction_step,20260927,0.0,V7,12,0.38481502776323573,0.025304205391428563,0.39829543595019745,0.17379471259852508,3.90625,6,0.04982770676627574
A1,synthetic,1,direction_step,20260927,0.0,shrink,12,1.2928275198689791,0.08501220258628697,0.7671854876342173,0.9208815792546297,3.2552083333333335,6,0.17079026169878397
A1,synthetic,1,direction_step,20260927,0.0,gated,12,0.6413583796053929,0.04217367565238094,0.6638257265836631,0.2896578543308725,3.90625,6,0.08304617794379274
A1,synthetic,1,direction_step,20260927,0.5,uncorrected,12,8.918524099766675,0.586453618822165,23.106306420156685,8.56871137361364,8.463541666666666,6,1.9096030738832825
A1,synthetic,1,direction_step,20260927,0.5,V7,12,7.587428477611107,0.4989250282303767,19.43471698510706,7.2452424670300575,10.416666666666666,6,1.6143314123028685
A1,synthetic,1,direction_step,20260927,0.5,shrink,12,6.797803007254626,0.44700178292381,16.97548943801449,6.2437022837123015,8.463541666666666,6,1.4156946191586568
A1,synthetic,1,direction_step,20260927,0.5,gated,12,6.726746384998572,0.4423293267194888,16.999423309928922,6.341853542581028,9.765625,6,1.418263183232066
A1,synthetic,1,direction_step,20260927,1.0,uncorrected,12,17.83704819953335,1.17290723764433,46.21261284031337,15.282865946303732,15.625,5,3.6972564243542205
A1,synthetic,1,direction_step,20260927,1.0,V7,12,15.157212231909941,0.9966897958925425,39.06182728358598,13.238115499735622,13.28125,5,3.151476340208905
A1,synthetic,1,direction_step,20260927,1.0,shrink,12,13.42502996598642,0.8827870304857637,34.29846907192495,11.712883348453365,15.625,5,2.7806675868247237
A1,synthetic,1,direction_step,20260927,1.0,gated,12,13.387993630507458,0.8803516395257149,34.30092554711798,11.86113265244329,12.5,5,2.788061360894155
A1,synthetic,1,direction_step,20260927,2.0,uncorrected,12,35.67409639906669,2.3458144752886594,92.42522568062674,27.134337641599405,17.578125,4,7.168875338107118
A1,synthetic,1,direction_step,20260927,2.0,V7,12,30.291881081188418,1.9918972110484494,78.28795448058025,23.449225251148675,21.09375,5,6.107826001971736
A1,synthetic,1,direction_step,20260927,2.0,shrink,12,26.77166002904324,1.7604187341176623,68.95460587591616,20.84059823088432,23.4375,5,5.397946980182863
A1,synthetic,1,direction_step,20260927,2.0,gated,12,26.717484768119537,1.7568563422393726,68.86559569332361,20.95141106488374,21.09375,5,5.398744773378828
A1,synthetic,1,direction_step,20260928,0.0,uncorrected,12,0.0,0.0,0.0,0.0,0.0,6,0.0
A1,synthetic,1,direction_step,20260928,0.0,V7,12,0.38481502776323573,0.025304205391428563,0.39829543595019745,0.17379471259852508,3.90625,6,0.04982770676627574
A1,synthetic,1,direction_step,20260928,0.0,shrink,12,1.2928275198689791,0.08501220258628697,0.7671854876342173,0.9208815792546297,3.2552083333333335,6,0.17079026169878397
A1,synthetic,1,direction_step,20260928,0.0,gated,12,0.6413583796053929,0.04217367565238094,0.6638257265836631,0.2896578543308725,3.90625,6,0.08304617794379274
A1,synthetic,1,direction_step,20260928,0.5,uncorrected,12,8.664846723516954,0.5697726059493228,22.297316324423935,8.156223715019406,6.510416666666667,6,1.8391998913600285
A1,synthetic,1,direction_step,20260928,0.5,V7,12,7.3629975266203775,0.48416716673761506,18.784203299620785,6.948319794522598,5.859375,6,1.5586610159339294
A1,synthetic,1,direction_step,20260928,0.5,shrink,12,6.57528564804674,0.4323697531060478,16.383335200679554,5.932227417380747,5.859375,6,1.3611119140677754
A1,synthetic,1,direction_step,20260928,0.5,gated,12,6.516633141503934,0.42851295187635563,16.450952969562312,6.120830694163242,7.161458333333333,6,1.3718802251728932
A1,synthetic,1,direction_step,20260928,1.0,uncorrected,12,17.329693447033907,1.1395452118986455,44.59463264884786,15.012299243679811,7.8125,6,3.5929061965206026
A1,synthetic,1,direction_step,20260928,1.0,V7,12,14.714762957590992,0.9675957467912594,37.689393200752605,12.909895584034317,8.463541666666666,6,3.0556761614931545
A1,synthetic,1,direction_step,20260928,1.0,shrink,12,13.010068199109723,0.8555004719548466,33.09917484928536,11.343104585585445,11.067708333333334,6,2.6896346835244853
A1,synthetic,1,direction_step,20260928,1.0,gated,12,12.984926325386754,0.8538472227553303,33.0899361957144,11.47826279533133,9.114583333333334,6,2.6965652537386693
A1,synthetic,1,direction_step,20260928,2.0,uncorrected,12,34.659386894067815,2.279090423797291,89.18926529769574,26.646343758967017,19.53125,4,6.963669167479842
A1,synthetic,1,direction_step,20260928,2.0,V7,12,29.45014947321603,1.9365476327942042,75.58727993984873,23.118523453566326,18.5546875,4,5.941936671427602
A1,synthetic,1,direction_step,20260928,2.0,shrink,12,25.975188265612875,1.708045298476486,66.54163055227977,20.582491995795134,19.53125,5,5.249266534397636
A1,synthetic,1,direction_step,20260928,2.0,gated,12,25.987982714608627,1.708886620519288,66.52187344975883,20.75546211432531,20.3125,5,5.260832236254267
A1,synthetic,1,direction_step,20260929,0.0,uncorrected,12,0.0,0.0,0.0,0.0,0.0,6,0.0
A1,synthetic,1,direction_step,20260929,0.0,V7,12,0.38481502776323573,0.025304205391428563,0.39829543595019745,0.17379471259852508,3.90625,6,0.04982770676627574
A1,synthetic,1,direction_step,20260929,0.0,shrink,12,1.2928275198689791,0.08501220258628697,0.7671854876342173,0.9208815792546297,3.2552083333333335,6,0.17079026169878397
A1,synthetic,1,direction_step,20260929,0.0,gated,12,0.6413583796053929,0.04217367565238094,0.6638257265836631,0.2896578543308725,3.90625,6,0.08304617794379274
A1,synthetic,1,direction_step,20260929,0.5,uncorrected,12,7.691259782559344,0.5057526427384224,18.23173493814756,6.652554768948946,4.557291666666667,6,1.5426336536723122
A1,synthetic,1,direction_step,20260929,0.5,V7,12,6.560439532137788,0.43139352000930864,15.34585410247562,5.60693910368925,5.859375,6,1.304635042587547
A1,synthetic,1,direction_step,20260929,0.5,shrink,12,5.911581428329939,0.3887266864813086,13.332494606025875,4.749557108391167,5.859375,6,1.139393471023509
A1,synthetic,1,direction_step,20260929,0.5,gated,12,5.835367392820206,0.3837150952774576,13.429925526639698,4.90357670691638,6.510416666666667,6,1.1477130888385734
A1,synthetic,1,direction_step,20260929,1.0,uncorrected,12,15.382519565118688,1.0115052854768447,36.46346987629512,12.664572702584008,18.880208333333332,6,3.0431476538171367
A1,synthetic,1,direction_step,20260929,1.0,V7,12,13.089427021979905,0.8607188543168904,30.81129320288711,10.851475039418716,10.416666666666666,6,2.587303189783374
A1,synthetic,1,direction_step,20260929,1.0,shrink,12,11.609138583227738,0.7633798213002579,26.99755414808369,9.4193807032882,9.765625,6,2.2704045728064153
A1,synthetic,1,direction_step,20260929,1.0,gated,12,11.578480800858436,0.7613638635908416,27.046501942185408,9.586502923453073,9.765625,6,2.280987362943224
A1,synthetic,1,direction_step,20260929,2.0,uncorrected,12,30.765039130237376,2.0230105709536894,72.92693975259024,22.43000996918214,23.4375,5,5.895657434274265
A1,synthetic,1,direction_step,20260929,2.0,V7,12,26.15634811696407,1.7199577908599484,61.71761549356175,19.434813956300307,23.4375,5,5.0271054894591565
A1,synthetic,1,direction_step,20260929,2.0,shrink,12,23.11000737744819,1.519640167577278,54.34086860947202,17.281082563669308,23.4375,5,4.442629738272369
A1,synthetic,1,direction_step,20260929,2.0,gated,12,23.0957208796984,1.5187007331807416,54.2462532373369,17.39794138144472,25.0,5,4.446263763837028
A1,synthetic,2,asymmetric_burst,20260927,0.0,uncorrected,13,0.0,0.0,0.0,0.0,0.0,6,0.0
A1,synthetic,2,asymmetric_burst,20260927,0.0,V7,13,0.2230473711681982,0.015588818768854451,0.09105455463085088,0.021686709566208624,0.6510416666666666,6,0.020286415762453748
A1,synthetic,2,asymmetric_burst,20260927,0.0,shrink,13,1.0461705474510394,0.07311703778489882,1.4321248601111418,0.19508329290561477,2.6041666666666665,6,0.1367971675836397
A1,synthetic,2,asymmetric_burst,20260927,0.0,gated,13,0.3717456186136636,0.025981364614757415,0.1517575910514192,0.03636311272109616,0.6510416666666666,6,0.0338259707034362
A1,synthetic,2,asymmetric_burst,20260927,0.5,uncorrected,13,6.061249386338193,0.42362175219363574,5.141139648642181,2.1937987336735514,10.416666666666666,6,0.7566042823602873
A1,synthetic,2,asymmetric_burst,20260927,0.5,V7,13,5.537843583725993,0.3870408314826916,4.570988483858727,2.023854886791412,11.067708333333334,6,0.6882219762211825
A1,synthetic,2,asymmetric_burst,20260927,0.5,shrink,13,4.600490198896128,0.32152904373126323,3.551394842571399,1.6978290324137715,9.765625,6,0.5642943993234171
A1,synthetic,2,asymmetric_burst,20260927,0.5,gated,13,5.217307956315884,0.3646385418771834,4.2159534279740045,1.9092891064463755,11.067708333333334,6,0.6454059344407332
A1,synthetic,2,asymmetric_burst,20260927,1.0,uncorrected,13,12.122498772676387,0.8472435043872716,10.28227929728436,4.0143832779665285,14.322916666666666,6,1.4871245614447353
A1,synthetic,2,asymmetric_burst,20260927,1.0,V7,13,10.75692711280201,0.7518034684425637,8.728668019718459,3.638280066461063,13.671875,6,1.3111075295460979
A1,synthetic,2,asymmetric_burst,20260927,1.0,shrink,13,9.086563402339353,0.6350614641584701,7.273861459942225,3.1564888570831897,11.067708333333334,6,1.1098547164112222
A1,synthetic,2,asymmetric_burst,20260927,1.0,gated,13,9.909447511351742,0.6925729747222554,7.774978012309432,3.3578964137339873,16.276041666666668,6,1.1989541960278094
A1,synthetic,2,asymmetric_burst,20260927,2.0,uncorrected,13,24.24499754535277,1.694487008774543,20.564558594568723,6.842950967808285,22.135416666666668,6,2.8913722694222312
A1,synthetic,2,asymmetric_burst,20260927,2.0,V7,13,21.848813503722866,1.5270172978958538,17.778269949530458,6.425499688532288,21.484375,6,2.5973597234845944
A1,synthetic,2,asymmetric_burst,20260927,2.0,shrink,13,18.148309691823776,1.268388456071715,14.923406630280507,5.558366248905738,22.135416666666668,6,2.178363335976193
A1,synthetic,2,asymmetric_burst,20260927,2.0,gated,13,20.401604481144094,1.4258716127641562,16.156059739440696,6.165739456793893,31.25,6,2.4213710775346122
A1,synthetic,2,asymmetric_burst,20260928,0.0,uncorrected,13,0.0,0.0,0.0,0.0,0.0,6,0.0
A1,synthetic,2,asymmetric_burst,20260928,0.0,V7,13,0.2230473711681982,0.015588818768854451,0.09105455463085088,0.021686709566208624,0.6510416666666666,6,0.020286415762453748
A1,synthetic,2,asymmetric_burst,20260928,0.0,shrink,13,1.0461705474510394,0.07311703778489882,1.4321248601111418,0.19508329290561477,2.6041666666666665,6,0.1367971675836397
A1,synthetic,2,asymmetric_burst,20260928,0.0,gated,13,0.3717456186136636,0.025981364614757415,0.1517575910514192,0.03636311272109616,0.6510416666666666,6,0.0338259707034362
A1,synthetic,2,asymmetric_burst,20260928,0.5,uncorrected,13,5.212978493111233,0.3643359549562516,4.292775785029562,1.7342263714171056,5.208333333333333,6,0.6355527469562232
A1,synthetic,2,asymmetric_burst,20260928,0.5,V7,13,4.736460198625018,0.3310320101758957,3.9302188085930343,1.5613129244213901,5.208333333333333,6,0.5774942674843246
A1,synthetic,2,asymmetric_burst,20260928,0.5,shrink,13,3.9971141291560226,0.27935898742717324,3.675503529531818,1.3192482556624545,5.859375,6,0.5000022566751922
A1,synthetic,2,asymmetric_burst,20260928,0.5,gated,13,4.448133464043668,0.31088080557723274,3.7077337225310503,1.446037293090914,5.208333333333333,6,0.5415116690903504
A1,synthetic,2,asymmetric_burst,20260928,1.0,uncorrected,13,10.425956986222467,0.7286719099125032,8.585551570059124,3.4735173672998534,5.859375,6,1.2714594613791497
A1,synthetic,2,asymmetric_burst,20260928,1.0,V7,13,9.335434462205924,0.6524551049297264,7.833809450217182,3.113820199352212,5.859375,6,1.1438336676406868
A1,synthetic,2,asymmetric_burst,20260928,1.0,shrink,13,7.837819070027624,0.5477865100395882,6.760109851870497,2.6214944890221656,5.859375,6,0.9672358210630522
A1,synthetic,2,asymmetric_burst,20260928,1.0,gated,13,8.649354472092437,0.6045048575414643,7.357549915969279,2.8740220873871176,5.208333333333333,6,1.062480959364043
A1,synthetic,2,asymmetric_burst,20260928,2.0,uncorrected,13,20.851913972444933,1.4573438198250064,17.171103140118248,6.981946200209765,26.041666666666668,6,2.5453588910372345
A1,synthetic,2,asymmetric_burst,20260928,2.0,V7,13,18.63941552867566,1.3027119266731122,15.567254665460082,6.2246091774419625,14.322916666666666,6,2.2817499627845046
A1,synthetic,2,asymmetric_burst,20260928,2.0,shrink,13,15.62230758236454,1.0918457383168845,13.12527510325698,5.249106547974567,5.859375,6,1.9173705456635093
A1,synthetic,2,asymmetric_burst,20260928,2.0,gated,13,17.228434608529653,1.2040982297921885,14.537253772605364,5.720396426674739,13.671875,6,2.1119032819205064
A1,synthetic,2,asymmetric_burst,20260929,0.0,uncorrected,13,0.0,0.0,0.0,0.0,0.0,6,0.0
A1,synthetic,2,asymmetric_burst,20260929,0.0,V7,13,0.2230473711681982,0.015588818768854451,0.09105455463085088,0.021686709566208624,0.6510416666666666,6,0.020286415762453748
A1,synthetic,2,asymmetric_burst,20260929,0.0,shrink,13,1.0461705474510394,0.07311703778489882,1.4321248601111418,0.19508329290561477,2.6041666666666665,6,0.1367971675836397
A1,synthetic,2,asymmetric_burst,20260929,0.0,gated,13,0.3717456186136636,0.025981364614757415,0.1517575910514192,0.03636311272109616,0.6510416666666666,6,0.0338259707034362
A1,synthetic,2,asymmetric_burst,20260929,0.5,uncorrected,13,5.48125840594735,0.38308608376800324,3.1594155309568097,1.2574295790400563,16.276041666666668,6,0.581374096105506
A1,synthetic,2,asymmetric_burst,20260929,0.5,V7,13,5.046333717529772,0.35268912320158885,2.800612610771416,1.1997610022321779,16.927083333333332,6,0.5344082702733278
A1,synthetic,2,asymmetric_burst,20260929,0.5,shrink,13,4.184078258171197,0.29242594225488305,1.9252929439122273,0.9674466759156033,12.369791666666666,6,0.4273204811664893
A1,synthetic,2,asymmetric_burst,20260929,0.5,gated,13,4.7883936751910054,0.3346616497003769,2.6060467502324784,1.1604351543244409,15.625,6,0.5068331859929096
A1,synthetic,2,asymmetric_burst,20260929,1.0,uncorrected,13,10.9625168118947,0.7661721675360065,6.31883106191362,2.488158336274575,18.880208333333332,6,1.160882067226324
A1,synthetic,2,asymmetric_burst,20260929,1.0,V7,13,9.975493251605954,0.6971889227600441,5.427159323710283,2.3433751026278036,19.53125,6,1.0506203527425708
A1,synthetic,2,asymmetric_burst,20260929,1.0,shrink,13,8.229110939434001,0.575133965452109,4.07334862664805,1.8627954399019027,17.578125,6,0.847668570811025
A1,synthetic,2,asymmetric_burst,20260929,1.0,gated,13,9.361574151285009,0.6542820122525693,4.91565977473933,2.244755785025688,19.53125,6,0.9829465260194765
A1,synthetic,2,asymmetric_burst,20260929,2.0,uncorrected,13,21.9250336237894,1.532344335072013,12.63766212382724,4.628524632039871,30.598958333333332,6,2.2974568894922904
A1,synthetic,2,asymmetric_burst,20260929,2.0,V7,13,20.02411992262401,1.3994891526616646,11.364497247245973,4.066662826989739,30.598958333333332,6,2.080842234750264
A1,synthetic,2,asymmetric_burst,20260929,2.0,shrink,13,16.41770180628607,1.1474359761285473,8.72077609454071,3.6319854607089126,22.786458333333332,6,1.7060243221661642
A1,synthetic,2,asymmetric_burst,20260929,2.0,gated,13,18.82491608029562,1.3156765918273383,10.679886151339591,3.6814129669033573,22.135416666666668,6,1.946180702503152
A1,synthetic,2,direction_step,20260927,0.0,uncorrected,13,0.0,0.0,0.0,0.0,0.0,6,0.0
A1,synthetic,2,direction_step,20260927,0.0,V7,13,0.2230473711681982,0.015588818768854451,0.09105455463085088,0.021686709566208624,0.6510416666666666,6,0.020286415762453748
A1,synthetic,2,direction_step,20260927,0.0,shrink,13,1.0461705474510394,0.07311703778489882,1.4321248601111418,0.19508329290561477,2.6041666666666665,6,0.1367971675836397
A1,synthetic,2,direction_step,20260927,0.0,gated,13,0.3717456186136636,0.025981364614757415,0.1517575910514192,0.03636311272109616,0.6510416666666666,6,0.0338259707034362
A1,synthetic,2,direction_step,20260927,0.5,uncorrected,13,7.832180257965601,0.5473924125039565,19.49839874472337,7.039155072743615,7.8125,6,1.7207333647032306
A1,synthetic,2,direction_step,20260927,0.5,V7,13,6.666347038838414,0.4659121302101157,16.56398954379601,6.023182773227449,7.161458333333333,6,1.465703425840692
A1,synthetic,2,direction_step,20260927,0.5,shrink,13,5.9221496456802,0.4139000476222919,14.615675697593936,5.3299759030883544,5.859375,6,1.2971590036945166
A1,synthetic,2,direction_step,20260927,0.5,gated,13,5.905444731175136,0.4127325383017167,14.610531689762398,5.337539464153719,6.510416666666667,6,1.2963403551534787
A1,synthetic,2,direction_step,20260927,1.0,uncorrected,13,15.664360515931202,1.094784825007913,38.99679748944674,13.131625309021436,11.067708333333334,6,3.3753027649105105
A1,synthetic,2,direction_step,20260927,1.0,V7,13,13.31013401252863,0.9302475336237358,33.10748154058679,11.409834627718647,11.067708333333334,6,2.8846265820102044
A1,synthetic,2,direction_step,20260927,1.0,shrink,13,11.749900790208,0.8212025679175006,29.204382691452082,10.207714108278985,11.067708333333334,6,2.555171086664344
A1,synthetic,2,direction_step,20260927,1.0,gated,13,11.751708128658557,0.8213288831097045,29.185655076521897,10.20757032448337,10.416666666666666,6,2.5546329146836424
A1,synthetic,2,direction_step,20260927,2.0,uncorrected,13,31.328721031862404,2.189569650015826,77.99359497889348,23.04964041770199,20.5078125,4,6.526005765454918
A1,synthetic,2,direction_step,20260927,2.0,V7,13,26.59205128243644,1.8585229942987538,66.18482416946571,20.166693536062727,21.875,5,5.580810959252072
A1,synthetic,2,direction_step,20260927,2.0,shrink,13,23.474871214019572,1.6406627482804668,58.434449996553056,18.167627985690157,17.1875,5,4.952398195719749
A1,synthetic,2,direction_step,20260927,2.0,gated,13,23.44309206388254,1.6384416980635563,58.317483165078485,18.216590317634964,20.3125,5,4.94951171533459
A1,synthetic,2,direction_step,20260928,0.0,uncorrected,13,0.0,0.0,0.0,0.0,0.0,6,0.0
A1,synthetic,2,direction_step,20260928,0.0,V7,13,0.2230473711681982,0.015588818768854451,0.09105455463085088,0.021686709566208624,0.6510416666666666,6,0.020286415762453748
A1,synthetic,2,direction_step,20260928,0.0,shrink,13,1.0461705474510394,0.07311703778489882,1.4321248601111418,0.19508329290561477,2.6041666666666665,6,0.1367971675836397
A1,synthetic,2,direction_step,20260928,0.0,gated,13,0.3717456186136636,0.025981364614757415,0.1517575910514192,0.03636311272109616,0.6510416666666666,6,0.0338259707034362
A1,synthetic,2,direction_step,20260928,0.5,uncorrected,13,7.26186924601589,0.507533278721735,17.405051771799478,6.140199658057358,4.557291666666667,6,1.5448938955662692
A1,synthetic,2,direction_step,20260928,0.5,V7,13,6.197534617112376,0.4331467501897258,14.795245081509158,5.273131087669593,4.557291666666667,6,1.318707879844823
A1,synthetic,2,direction_step,20260928,0.5,shrink,13,5.544609038620698,0.387513670277832,13.051053431783146,4.629969106714731,4.557291666666667,6,1.1671731737479953
A1,synthetic,2,direction_step,20260928,0.5,gated,13,5.503725159229788,0.3846562889823045,13.060414212134358,4.690653181963284,4.557291666666667,6,1.168884126076323
A1,synthetic,2,direction_step,20260928,1.0,uncorrected,13,14.52373849203178,1.01506655744347,34.810103543598956,11.664719634502843,18.229166666666668,6,3.0467578332987113
A1,synthetic,2,direction_step,20260928,1.0,V7,13,12.360530074139756,0.8638795525970883,29.57190354013747,10.092445093213287,7.161458333333333,6,2.602634947606362
A1,synthetic,2,direction_step,20260928,1.0,shrink,13,10.941548977748305,0.7647067220354761,26.06552925455316,8.944493545522912,6.510416666666667,6,2.3007010397346748
A1,synthetic,2,direction_step,20260928,1.0,gated,13,10.929027273911762,0.7638315780211674,26.084889852222265,9.006066557974266,6.510416666666667,6,2.3048058017847115
A1,synthetic,2,direction_step,20260928,2.0,uncorrected,13,29.04747698406356,2.03013311488694,69.62020708719791,20.47352265335894,26.3671875,4,5.893915167801564
A1,synthetic,2,direction_step,20260928,2.0,V7,13,24.68843836449829,1.7254791631683242,59.07584308585717,17.98319898665946,23.4375,5,5.046738372585354
A1,synthetic,2,direction_step,20260928,2.0,shrink,13,21.809329827131716,1.5242577770125374,52.1534646148324,16.156507191521683,19.53125,5,4.475946080364471
A1,synthetic,2,direction_step,20260928,2.0,gated,13,21.791226883311243,1.5229925591849427,52.051020093756456,16.269595491980066,21.09375,5,4.47900469060629
A1,synthetic,2,direction_step,20260929,0.0,uncorrected,13,0.0,0.0,0.0,0.0,0.0,6,0.0
A1,synthetic,2,direction_step,20260929,0.0,V7,13,0.2230473711681982,0.015588818768854451,0.09105455463085088,0.021686709566208624,0.6510416666666666,6,0.020286415762453748
A1,synthetic,2,direction_step,20260929,0.0,shrink,13,1.0461705474510394,0.07311703778489882,1.4321248601111418,0.19508329290561477,2.6041666666666665,6,0.1367971675836397
A1,synthetic,2,direction_step,20260929,0.0,gated,13,0.3717456186136636,0.025981364614757415,0.1517575910514192,0.03636311272109616,0.6510416666666666,6,0.0338259707034362
A1,synthetic,2,direction_step,20260929,0.5,uncorrected,13,7.806135430923884,0.5455721351050657,19.340975421585497,6.565527407422523,3.2552083333333335,6,1.6803099976525602
A1,synthetic,2,direction_step,20260929,0.5,V7,13,6.637407428888532,0.4638895359406237,16.40831017570983,5.600664837475257,2.6041666666666665,6,1.4287107522837732
A1,synthetic,2,direction_step,20260929,0.5,shrink,13,5.914967831201442,0.41339810938489174,14.522935961934598,4.971133329517855,3.2552083333333335,6,1.2683366988964686
A1,synthetic,2,direction_step,20260929,0.5,gated,13,5.875558648951669,0.4106437949237848,14.459636292619404,4.951567567758876,2.6041666666666665,6,1.2620029176768193
A1,synthetic,2,direction_step,20260929,1.0,uncorrected,13,15.612270861847769,1.0911442702101315,38.681950843170995,12.432188647579636,13.671875,6,3.3117761198174827
A1,synthetic,2,direction_step,20260929,1.0,V7,13,13.256314405186284,0.9264860720979773,32.809995338188685,10.74678391483649,11.067708333333334,6,2.8241287125227212
A1,synthetic,2,direction_step,20260929,1.0,shrink,13,11.723136748993745,0.8193320245175671,28.993324280506872,9.58862663995915,5.208333333333333,6,2.502656960488793
A1,synthetic,2,direction_step,20260929,1.0,gated,13,11.697299605616275,0.817526262165351,28.90141758910057,9.569589833326159,11.71875,6,2.4963090253182103
A1,synthetic,2,direction_step,20260929,2.0,uncorrected,13,31.224541723695538,2.182288540420263,77.36390168634199,21.9628214448973,30.2734375,4,6.420762006956839
A1,synthetic,2,direction_step,20260929,2.0,V7,13,26.53121696482587,1.854271273477337,65.6437198722175,19.16451019084686,25.0,5,5.487607537945477
A1,synthetic,2,direction_step,20260929,2.0,shrink,13,23.40897849765181,1.6360574951081708,57.98710813807664,17.226064381342027,24.21875,5,4.866354502488054
A1,synthetic,2,direction_step,20260929,2.0,gated,13,23.410678271902494,1.6361762926201215,57.83521177869369,17.244828339013008,25.0,5,4.862476684981202
A1,synthetic,3,asymmetric_burst,20260927,0.0,uncorrected,13,0.0,0.0,0.0,0.0,0.0,6,0.0
A1,synthetic,3,asymmetric_burst,20260927,0.0,V7,13,0.3121959336315295,0.021114239193133245,0.3759402911216592,0.13034365083120006,1.3020833333333333,6,0.04264223783589604
A1,synthetic,3,asymmetric_burst,20260927,0.0,shrink,13,1.2224004264599067,0.082672617461203,0.9487785349690357,0.5798038365358407,4.557291666666667,6,0.15396914299605546
A1,synthetic,3,asymmetric_burst,20260927,0.0,gated,13,0.5203265560525491,0.035190398655222076,0.626567151869432,0.21685631330738442,1.953125,6,0.07104448649382297
A1,synthetic,3,asymmetric_burst,20260927,0.5,uncorrected,13,5.601334401517888,0.37882592825171363,4.501117715868252,0.7023434163120621,13.671875,6,0.5785347592000629
A1,synthetic,3,asymmetric_burst,20260927,0.5,V7,13,5.115226864883175,0.34594980881383525,4.0987967977784505,0.6066619224484565,14.322916666666666,6,0.5255828113445589
A1,synthetic,3,asymmetric_burst,20260927,0.5,shrink,13,4.4581982347125555,0.3015140613882061,3.674781762856949,0.7140467730651414,14.973958333333334,6,0.47407128946193017
A1,synthetic,3,asymmetric_burst,20260927,0.5,gated,13,4.8301992676766226,0.3266730014766644,3.90509031653012,0.6165509293855429,14.973958333333334,6,0.5004244936047456
A1,synthetic,3,asymmetric_burst,20260927,1.0,uncorrected,13,11.202668803035776,0.7576518565034273,9.002235431736505,1.3980774878004778,14.973958333333334,6,1.1566225193444588
A1,synthetic,3,asymmetric_burst,20260927,1.0,V7,13,10.114138840953713,0.6840330821621212,8.06406444848467,1.2427857521833952,14.973958333333334,6,1.0407762567415224
A1,synthetic,3,asymmetric_burst,20260927,1.0,shrink,13,8.57634045847704,0.5800296683420422,6.992884210356265,0.9381878701350864,16.276041666666668,6,0.879949776021323
A1,synthetic,3,asymmetric_burst,20260927,1.0,gated,13,9.432293617666685,0.6379189545060918,7.503955430993308,1.1505764529338627,15.625,6,0.9694854171612615
A1,synthetic,3,asymmetric_burst,20260927,2.0,uncorrected,13,22.40533760607155,1.5153037130068545,18.00447086347301,2.9513349035723615,27.994791666666668,6,2.3237400700592765
A1,synthetic,3,asymmetric_burst,20260927,2.0,V7,13,20.150648470135124,1.3628159942574238,16.08101107045986,2.5032271546485756,24.739583333333332,6,2.075903097644569
A1,synthetic,3,asymmetric_burst,20260927,2.0,shrink,13,16.93517730542364,1.1453492691127232,13.713896294085995,2.0937575353383218,27.34375,6,1.7506977710191867
A1,synthetic,3,asymmetric_burst,20260927,2.0,gated,13,18.716044130725383,1.2657917351088253,14.853482106312496,2.2188013057527214,24.739583333333332,6,1.9181329944727963
A1,synthetic,3,asymmetric_burst,20260928,0.0,uncorrected,13,0.0,0.0,0.0,0.0,0.0,6,0.0
A1,synthetic,3,asymmetric_burst,20260928,0.0,V7,13,0.3121959336315295,0.021114239193133245,0.3759402911216592,0.13034365083120006,1.3020833333333333,6,0.04264223783589604
A1,synthetic,3,asymmetric_burst,20260928,0.0,shrink,13,1.2224004264599067,0.082672617461203,0.9487785349690357,0.5798038365358407,4.557291666666667,6,0.15396914299605546
A1,synthetic,3,asymmetric_burst,20260928,0.0,gated,13,0.5203265560525491,0.035190398655222076,0.626567151869432,0.21685631330738442,1.953125,6,0.07104448649382297
A1,synthetic,3,asymmetric_burst,20260928,0.5,uncorrected,13,5.889600602307123,0.3983217667911846,5.759527623798281,2.097827942669148,6.510416666666667,6,0.7349631243168885
A1,synthetic,3,asymmetric_burst,20260928,0.5,V7,13,5.413332587384775,0.36611110770240257,5.420901529715493,1.9589610553226136,11.71875,6,0.6819098335720815
A1,synthetic,3,asymmetric_burst,20260928,0.5,shrink,13,4.514836529105795,0.3053445869219607,4.688714044600577,1.8997148181571235,10.416666666666666,6,0.5923769865752567
A1,synthetic,3,asymmetric_burst,20260928,0.5,gated,13,5.1358384039389655,0.3473437954705488,5.239460147355841,1.9317432861348431,11.71875,6,0.6551661815035584
A1,synthetic,3,asymmetric_burst,20260928,1.0,uncorrected,13,11.779201204614246,0.7966435335823692,11.519055247596562,4.240879413497263,26.041666666666668,6,1.4729847778708451
A1,synthetic,3,asymmetric_burst,20260928,1.0,V7,13,10.79555835517225,0.7301184185299547,10.587760177342565,3.8442268692260497,26.041666666666668,6,1.3481411257353682
A1,synthetic,3,asymmetric_burst,20260928,1.0,shrink,13,8.848534038360265,0.5984384934847577,8.965856140442407,3.3255970020048764,12.369791666666666,6,1.1265397541345818
A1,synthetic,3,asymmetric_burst,20260928,1.0,gated,13,10.188243615801548,0.6890448897256918,10.02582567571171,3.5812425644023556,26.041666666666668,6,1.2702794071502714
A1,synthetic,3,asymmetric_burst,20260928,2.0,uncorrected,13,23.558402409228492,1.5932870671647383,23.038110495193123,8.208859135864037,33.203125,6,2.9275129753268345
A1,synthetic,3,asymmetric_burst,20260928,2.0,V7,13,21.317614382346566,1.4417394994871437,20.74659263974103,7.278907157299993,33.203125,6,2.635582232053713
A1,synthetic,3,asymmetric_burst,20260928,2.0,shrink,13,17.640638454986966,1.1930605742539457,17.58259608179717,6.405886527814953,32.552083333333336,6,2.220867010787253
A1,synthetic,3,asymmetric_burst,20260928,2.0,gated,13,19.90647595077832,1.3463022718712303,19.267299473258998,6.654397593401488,30.598958333333332,6,2.447885253157753
A1,synthetic,3,asymmetric_burst,20260929,0.0,uncorrected,13,0.0,0.0,0.0,0.0,0.0,6,0.0
A1,synthetic,3,asymmetric_burst,20260929,0.0,V7,13,0.3121959336315295,0.021114239193133245,0.3759402911216592,0.13034365083120006,1.3020833333333333,6,0.04264223783589604
A1,synthetic,3,asymmetric_burst,20260929,0.0,shrink,13,1.2224004264599067,0.082672617461203,0.9487785349690357,0.5798038365358407,4.557291666666667,6,0.15396914299605546
A1,synthetic,3,asymmetric_burst,20260929,0.0,gated,13,0.5203265560525491,0.035190398655222076,0.626567151869432,0.21685631330738442,1.953125,6,0.07104448649382297
A1,synthetic,3,asymmetric_burst,20260929,0.5,uncorrected,13,5.068743531634469,0.3428060772306249,4.328049985670008,1.2583760637646462,7.8125,6,0.5742677547845797
A1,synthetic,3,asymmetric_burst,20260929,0.5,V7,13,4.669885181729219,0.3158307399604812,4.1124555527313875,1.1853979117447537,8.463541666666666,6,0.5350663313956694
A1,synthetic,3,asymmetric_burst,20260929,0.5,shrink,13,3.944648432999767,0.2667819839238413,3.654856687537165,1.099426624274277,10.416666666666666,6,0.4647291998277006
A1,synthetic,3,asymmetric_burst,20260929,0.5,gated,13,4.433529017200761,0.2998456483720832,3.9861840221577296,1.1639053338229566,8.463541666666666,6,0.513357708881547
A1,synthetic,3,asymmetric_burst,20260929,1.0,uncorrected,13,10.137487063268939,0.6856121544612498,8.656099971340016,2.4976574802377396,9.114583333333334,6,1.1472441123829995
A1,synthetic,3,asymmetric_burst,20260929,1.0,V7,13,9.231801117451454,0.6243593717250744,8.06935180912088,2.2798808710858123,11.067708333333334,6,1.0514215073804831
A1,synthetic,3,asymmetric_burst,20260929,1.0,shrink,13,7.650485006226581,0.5174127942217175,6.847575692733723,2.0039700570493237,11.067708333333334,6,0.8844995058327962
A1,synthetic,3,asymmetric_burst,20260929,1.0,gated,13,8.667221465783435,0.5861760755167266,7.699220287598017,2.1883789966781295,11.71875,6,0.9945335626710692
A1,synthetic,3,asymmetric_burst,20260929,2.0,uncorrected,13,20.274974126537877,1.3712243089224996,17.31219994268003,4.903593937010059,25.390625,6,2.2882850061463307
A1,synthetic,3,asymmetric_burst,20260929,2.0,V7,13,18.297342712529613,1.2374743839138422,15.796803416564751,4.31346347589598,25.390625,6,2.063379575867302
A1,synthetic,3,asymmetric_burst,20260929,2.0,shrink,13,15.204614540036006,1.0283089356846442,13.310615315607283,3.7769788958582318,11.71875,6,1.733858784022191
A1,synthetic,3,asymmetric_burst,20260929,2.0,gated,13,17.048489190478044,1.1530127073152439,14.817528557317376,4.055062187936053,25.390625,6,1.928327014803737
A1,synthetic,3,direction_step,20260927,0.0,uncorrected,13,0.0,0.0,0.0,0.0,0.0,6,0.0
A1,synthetic,3,direction_step,20260927,0.0,V7,13,0.3121959336315295,0.021114239193133245,0.3759402911216592,0.13034365083120006,1.3020833333333333,6,0.04264223783589604
A1,synthetic,3,direction_step,20260927,0.0,shrink,13,1.2224004264599067,0.082672617461203,0.9487785349690357,0.5798038365358407,4.557291666666667,6,0.15396914299605546
A1,synthetic,3,direction_step,20260927,0.0,gated,13,0.5203265560525491,0.035190398655222076,0.626567151869432,0.21685631330738442,1.953125,6,0.07104448649382297
A1,synthetic,3,direction_step,20260927,0.5,uncorrected,13,7.802863196306235,0.5277183402156503,18.830984983510746,6.981897233432886,5.208333333333333,6,1.6366962976584785
A1,synthetic,3,direction_step,20260927,0.5,V7,13,6.676065069957897,0.45151143743717537,16.194549650927904,6.08538406510397,5.208333333333333,6,1.4107041108545784
A1,synthetic,3,direction_step,20260927,0.5,shrink,13,5.986404954899669,0.404868777931912,14.326146687137193,5.300063937583638,6.510416666666667,6,1.2477678464434452
A1,synthetic,3,direction_step,20260927,0.5,gated,13,5.9470959511393255,0.4022102560921649,14.456051613509835,5.480206389217312,4.557291666666667,6,1.2616854298602058
A1,synthetic,3,direction_step,20260927,1.0,uncorrected,13,15.605726392612468,1.0554366804313005,37.6619699670215,13.269228534889686,14.973958333333334,6,3.2264181486848194
A1,synthetic,3,direction_step,20260927,1.0,V7,13,13.298189539982383,0.8993747981170175,32.17410906973445,11.508097232497272,13.671875,6,2.7656727610963285
A1,synthetic,3,direction_step,20260927,1.0,shrink,13,11.776038556462415,0.7964296393500366,28.43428427048383,10.150620531831278,9.765625,6,2.444454850854984
A1,synthetic,3,direction_step,20260927,1.0,gated,13,11.773582756731969,0.7962635502459412,28.528472646701612,10.302990509264939,8.463541666666666,6,2.4577787968475495
A1,synthetic,3,direction_step,20260927,2.0,uncorrected,13,31.211452785224935,2.110873360862601,75.323939934043,23.412482923477047,18.5546875,4,6.241422378332251
A1,synthetic,3,direction_step,20260927,2.0,V7,13,26.5462021636844,1.7953560625643494,64.07214143673157,20.468565249096375,17.578125,4,5.346316607341359
A1,synthetic,3,direction_step,20260927,2.0,shrink,13,23.448602061427582,1.585861119043025,56.67313157716259,18.49260976195603,22.65625,5,4.752982491476605
A1,synthetic,3,direction_step,20260927,2.0,gated,13,23.44734134354612,1.5857758549635266,56.57658181607591,18.489246370439744,21.09375,5,4.749404860231703
A1,synthetic,3,direction_step,20260928,0.0,uncorrected,13,0.0,0.0,0.0,0.0,0.0,6,0.0
A1,synthetic,3,direction_step,20260928,0.0,V7,13,0.3121959336315295,0.021114239193133245,0.3759402911216592,0.13034365083120006,1.3020833333333333,6,0.04264223783589604
A1,synthetic,3,direction_step,20260928,0.0,shrink,13,1.2224004264599067,0.082672617461203,0.9487785349690357,0.5798038365358407,4.557291666666667,6,0.15396914299605546
A1,synthetic,3,direction_step,20260928,0.0,gated,13,0.5203265560525491,0.035190398655222076,0.626567151869432,0.21685631330738442,1.953125,6,0.07104448649382297
A1,synthetic,3,direction_step,20260928,0.5,uncorrected,13,8.387676064637972,0.5672700366184364,20.450093714098355,7.129272782290634,5.208333333333333,6,1.7409664766610644
A1,synthetic,3,direction_step,20260928,0.5,V7,13,7.176987989851873,0.48538954156535796,17.533069454305732,6.19421776788445,5.859375,6,1.4972057526704883
A1,synthetic,3,direction_step,20260928,0.5,shrink,13,6.429684857187767,0.4348484057174111,15.531446331534601,5.438021487198945,6.510416666666667,6,1.327835766586829
A1,synthetic,3,direction_step,20260928,0.5,gated,13,6.390768829719887,0.43221646140332165,15.602706344130517,5.559322319977625,7.161458333333333,6,1.3358172701626596
A1,synthetic,3,direction_step,20260928,1.0,uncorrected,13,16.775352129275944,1.134540073236873,40.90018742819671,12.994034955758755,9.375,5,3.396412366470268
A1,synthetic,3,direction_step,20260928,1.0,V7,13,14.29052190088072,0.9664875967475826,34.8713956123494,11.39803606848246,9.375,5,2.9165525664572822
A1,synthetic,3,direction_step,20260928,1.0,shrink,13,12.662333134491973,0.8563709572859063,30.855041632123786,10.205717230069265,8.463541666666666,6,2.5899820043769974
A1,synthetic,3,direction_step,20260928,1.0,gated,13,12.647688396670844,0.8553805135806369,30.86149376963558,10.300032912147522,9.114583333333334,6,2.5955884430669363
A1,synthetic,3,direction_step,20260928,2.0,uncorrected,13,33.55070425855189,2.269080146473746,81.80037485639342,23.204171805445302,31.25,5,6.604545885688494
A1,synthetic,3,direction_step,20260928,2.0,V7,13,28.522056100020546,1.9289857743200889,69.525657390462,20.131265934922922,31.25,5,5.641548685788152
A1,synthetic,3,direction_step,20260928,2.0,shrink,13,25.214362810885202,1.7052819404106005,61.52312984277611,18.103075808389857,14.0625,5,5.010064614719123
A1,synthetic,3,direction_step,20260928,2.0,gated,13,25.181719837608302,1.7030742513554415,61.34702907858987,18.05893928250113,14.84375,5,4.99891694377226
A1,synthetic,3,direction_step,20260929,0.0,uncorrected,13,0.0,0.0,0.0,0.0,0.0,6,0.0
A1,synthetic,3,direction_step,20260929,0.0,V7,13,0.3121959336315295,0.021114239193133245,0.3759402911216592,0.13034365083120006,1.3020833333333333,6,0.04264223783589604
A1,synthetic,3,direction_step,20260929,0.0,shrink,13,1.2224004264599067,0.082672617461203,0.9487785349690357,0.5798038365358407,4.557291666666667,6,0.15396914299605546
A1,synthetic,3,direction_step,20260929,0.0,gated,13,0.5203265560525491,0.035190398655222076,0.626567151869432,0.21685631330738442,1.953125,6,0.07104448649382297
A1,synthetic,3,direction_step,20260929,0.5,uncorrected,13,7.519110663248136,0.5085277672156915,16.455972578509552,5.840919382512287,5.859375,6,1.4600271544239765
A1,synthetic,3,direction_step,20260929,0.5,V7,13,6.434685165075938,0.43518658339820937,14.156039836767041,5.063089945450024,5.859375,6,1.2563064959901822
A1,synthetic,3,direction_step,20260929,0.5,shrink,13,5.781917362867219,0.391039001611709,12.475159890233549,4.435745073029405,6.510416666666667,6,1.112890611905816
A1,synthetic,3,direction_step,20260929,0.5,gated,13,5.732245287068614,0.3876796109962341,12.63490654158126,4.53910848901029,7.161458333333333,6,1.1219237734522625
A1,synthetic,3,direction_step,20260929,1.0,uncorrected,13,15.038221326496274,1.0170555344313832,32.911945157019105,11.089723922680818,11.067708333333334,6,2.8800087699274948
A1,synthetic,3,direction_step,20260929,1.0,V7,13,12.819748745925606,0.8670171909952341,28.057615392709614,9.598694616516203,11.067708333333334,6,2.4649775794193474
A1,synthetic,3,direction_step,20260929,1.0,shrink,13,11.356541167599612,0.768058455567105,24.799354035097497,8.488432781924308,12.369791666666666,6,2.1807499710147082
A1,synthetic,3,direction_step,20260929,1.0,gated,13,11.350899527086442,0.7676769036812391,24.827146668298354,8.581204656288078,11.067708333333334,6,2.1875825351876856
A1,synthetic,3,direction_step,20260929,2.0,uncorrected,13,30.076442652992544,2.034111068862766,65.82389031403821,19.673320818715812,13.671875,4,5.590524731689752
A1,synthetic,3,direction_step,20260929,2.0,V7,13,25.63193157265847,1.7335226884982011,56.01908158316383,17.240685508626104,18.75,5,4.793857557477129
A1,synthetic,3,direction_step,20260929,2.0,shrink,13,22.60230972772326,1.5286252077571407,49.47435084140829,15.508418106224545,20.3125,5,4.250489898026022
A1,synthetic,3,direction_step,20260929,2.0,gated,13,22.676656702729183,1.5336533956495997,49.486136786842664,15.55777373928901,15.625,5,4.259254624905366
A1,synthetic,4,asymmetric_burst,20260927,0.0,uncorrected,15,0.0,0.0,0.0,0.0,0.0,6,0.0
A1,synthetic,4,asymmetric_burst,20260927,0.0,V7,15,0.2117987505382884,0.014016215073545016,0.11378951597829788,0.07352017951691418,0.6510416666666666,6,0.02264669003263816
A1,synthetic,4,asymmetric_burst,20260927,0.0,shrink,15,1.167687852604509,0.07727412951811548,0.8046785993835112,0.4685645216974918,5.208333333333333,6,0.1349079693681632
A1,synthetic,4,asymmetric_burst,20260927,0.0,gated,15,0.0,0.0,0.0,0.0,0.0,6,0.0
A1,synthetic,4,asymmetric_burst,20260927,0.5,uncorrected,15,5.908753238252338,0.39102381857006596,4.28967953833667,1.6745054160563635,8.463541666666666,6,0.6437767900591045
A1,synthetic,4,asymmetric_burst,20260927,0.5,V7,15,5.512844487964701,0.3648237480813272,3.9790459740041606,1.6876801566849358,9.114583333333334,6,0.6081701795406371
A1,synthetic,4,asymmetric_burst,20260927,0.5,shrink,15,4.5807246771093135,0.30313881504911183,3.284813667424899,1.4141126225488947,7.161458333333333,6,0.5054102352843753
A1,synthetic,4,asymmetric_burst,20260927,0.5,gated,15,5.7328753451770895,0.37938473963423913,4.173538871781333,1.6704570096407074,8.463541666666666,6,0.6280268766002864
A1,synthetic,4,asymmetric_burst,20260927,1.0,uncorrected,15,11.817506476504676,0.7820476371401319,8.579359076673342,3.244289811692525,9.765625,6,1.2806234526212326
A1,synthetic,4,asymmetric_burst,20260927,1.0,V7,15,10.738732556318771,0.7106575687727384,7.742130614266335,3.0735418458937804,9.765625,6,1.1702311366560318
A1,synthetic,4,asymmetric_burst,20260927,1.0,shrink,15,8.937567770272485,0.5914618088357287,6.452442434491328,2.6308785259466343,9.765625,6,0.9790673518294667
A1,synthetic,4,asymmetric_burst,20260927,1.0,gated,15,10.856619193448244,0.7184589578560274,7.9291252360556905,3.1597144325144133,11.71875,6,1.189922548316962
A1,synthetic,4,asymmetric_burst,20260927,2.0,uncorrected,15,23.63501295300935,1.5640952742802638,17.158718153346683,6.018729322976376,27.994791666666668,6,2.5301536015937867
A1,synthetic,4,asymmetric_burst,20260927,2.0,V7,15,21.274594736341697,1.4078897758802789,15.473445608855785,5.359122067093668,27.994791666666668,6,2.274534068268799
A1,synthetic,4,asymmetric_burst,20260927,2.0,shrink,15,17.762513395148094,1.1754706170852178,12.861827106980265,4.872009217504476,16.927083333333332,6,1.923464626092794
A1,synthetic,4,asymmetric_burst,20260927,2.0,gated,15,20.76576907190586,1.374217197880897,15.245742106064636,5.376097203944918,27.994791666666668,6,2.2344504823593176
A1,synthetic,4,asymmetric_burst,20260928,0.0,uncorrected,15,0.0,0.0,0.0,0.0,0.0,6,0.0
A1,synthetic,4,asymmetric_burst,20260928,0.0,V7,15,0.2117987505382884,0.014016215073545016,0.11378951597829788,0.07352017951691418,0.6510416666666666,6,0.02264669003263816
A1,synthetic,4,asymmetric_burst,20260928,0.0,shrink,15,1.167687852604509,0.07727412951811548,0.8046785993835112,0.4685645216974918,5.208333333333333,6,0.1349079693681632
A1,synthetic,4,asymmetric_burst,20260928,0.0,gated,15,0.0,0.0,0.0,0.0,0.0,6,0.0
A1,synthetic,4,asymmetric_burst,20260928,0.5,uncorrected,15,5.03501710333695,0.3332025445853163,5.761737511517286,1.9780552310685549,9.114583333333334,6,0.6547517673842733
A1,synthetic,4,asymmetric_burst,20260928,0.5,V7,15,4.622976588760842,0.30593492163364616,5.200750156673847,1.751187947962217,9.114583333333334,6,0.5939084962070672
A1,synthetic,4,asymmetric_burst,20260928,0.5,shrink,15,3.916808150003751,0.25920278232397825,4.4220560068868195,1.4847638784240365,10.416666666666666,6,0.5037793615137188
A1,synthetic,4,asymmetric_burst,20260928,0.5,gated,15,4.906861106225711,0.3247215596224186,5.75885081861651,1.979913199071705,9.114583333333334,6,0.6462982208498029
A1,synthetic,4,asymmetric_burst,20260928,1.0,uncorrected,15,10.0700342066739,0.6664050891706326,11.523475023034575,4.086781654780658,9.765625,6,1.318150967934955
A1,synthetic,4,asymmetric_burst,20260928,1.0,V7,15,9.216318778940146,0.6099087263908313,10.294726918048639,3.565875814956526,9.765625,6,1.1865251386264504
A1,synthetic,4,asymmetric_burst,20260928,1.0,shrink,15,7.605234982004766,0.5032919642902086,8.706834818311439,3.0183499200707504,9.765625,6,0.9911337296262702
A1,synthetic,4,asymmetric_burst,20260928,1.0,gated,15,9.38748618982888,0.6212360795432978,10.963528842190408,3.887484475850855,9.765625,6,1.2412652689668229
A1,synthetic,4,asymmetric_burst,20260928,2.0,uncorrected,15,20.1400684133478,1.3328101783412651,23.04695004606915,8.353236062844454,20.833333333333332,6,2.6481921474338215
A1,synthetic,4,asymmetric_burst,20260928,2.0,V7,15,18.21565856508748,1.205458424592422,20.381662525281865,7.233532936670929,20.833333333333332,6,2.358551327721626
A1,synthetic,4,asymmetric_burst,20260928,2.0,shrink,15,15.11280883492305,1.0001210038175352,17.330889291687527,6.243033894214119,10.416666666666666,6,1.9867200328755767
A1,synthetic,4,asymmetric_burst,20260928,2.0,gated,15,17.896151871430988,1.1843144163093462,20.610544877043807,7.385662338797579,20.833333333333332,6,2.3550481721071246
A1,synthetic,4,asymmetric_burst,20260929,0.0,uncorrected,15,0.0,0.0,0.0,0.0,0.0,6,0.0
A1,synthetic,4,asymmetric_burst,20260929,0.0,V7,15,0.2117987505382884,0.014016215073545016,0.11378951597829788,0.07352017951691418,0.6510416666666666,6,0.02264669003263816
A1,synthetic,4,asymmetric_burst,20260929,0.0,shrink,15,1.167687852604509,0.07727412951811548,0.8046785993835112,0.4685645216974918,5.208333333333333,6,0.1349079693681632
A1,synthetic,4,asymmetric_burst,20260929,0.0,gated,15,0.0,0.0,0.0,0.0,0.0,6,0.0
A1,synthetic,4,asymmetric_burst,20260929,0.5,uncorrected,15,5.490479244929326,0.36334368242579707,6.233099973742684,2.5969414974791873,5.859375,6,0.7414456554638678
A1,synthetic,4,asymmetric_burst,20260929,0.5,V7,15,5.029585803534907,0.33284311722344156,5.501298016730216,2.3025007846574996,5.859375,6,0.6672456295982282
A1,synthetic,4,asymmetric_burst,20260929,0.5,shrink,15,4.370413721309632,0.2892210578323228,4.7998059044050425,2.1790970563989824,4.557291666666667,6,0.5922457394190106
A1,synthetic,4,asymmetric_burst,20260929,0.5,gated,15,5.279763990649258,0.34939916993098774,6.093791028829151,2.529219501555118,5.859375,6,0.7184099744802163
A1,synthetic,4,asymmetric_burst,20260929,1.0,uncorrected,15,10.980958489858653,0.7266873648515941,12.466199947485368,5.243484841150961,7.161458333333333,6,1.4861738144482393
A1,synthetic,4,asymmetric_burst,20260929,1.0,V7,15,9.909483337492366,0.6557803073578325,10.878296789289642,4.5107782769429425,7.161458333333333,6,1.3142370349850558
A1,synthetic,4,asymmetric_burst,20260929,1.0,shrink,15,8.411365519407507,0.5566392997247803,9.44122571410207,4.144357110876498,7.161458333333333,6,1.1432968006552573
A1,synthetic,4,asymmetric_burst,20260929,1.0,gated,15,10.008603756466046,0.6623398036106862,11.48064320469457,4.71809802882476,7.161458333333333,6,1.3544470918139424
A1,synthetic,4,asymmetric_burst,20260929,2.0,uncorrected,15,21.961916979717305,1.4533747297031883,24.932399894970736,10.413345155478412,27.994791666666668,6,2.9674753754010084
A1,synthetic,4,asymmetric_burst,20260929,2.0,V7,15,19.727941203693593,1.3055368181656626,22.01945421355278,9.131602175331798,14.973958333333334,6,2.63843043707341
A1,synthetic,4,asymmetric_burst,20260929,2.0,shrink,15,16.607009827375112,1.099002807511304,18.773861805525208,8.121636918725434,15.625,6,2.257668057386621
A1,synthetic,4,asymmetric_burst,20260929,2.0,gated,15,19.205740812168695,1.270979140273322,21.942951761324238,9.019546786348961,15.625,6,2.593925911813824
A1,synthetic,4,direction_step,20260927,0.0,uncorrected,15,0.0,0.0,0.0,0.0,0.0,6,0.0
A1,synthetic,4,direction_step,20260927,0.0,V7,15,0.2117987505382884,0.014016215073545016,0.11378951597829788,0.07352017951691418,0.6510416666666666,6,0.02264669003263816
A1,synthetic,4,direction_step,20260927,0.0,shrink,15,1.167687852604509,0.07727412951811548,0.8046785993835112,0.4685645216974918,5.208333333333333,6,0.1349079693681632
A1,synthetic,4,direction_step,20260927,0.0,gated,15,0.0,0.0,0.0,0.0,0.0,6,0.0
A1,synthetic,4,direction_step,20260927,0.5,uncorrected,15,8.321419554529523,0.5506869417173641,21.625309655368525,7.336041436839092,3.90625,6,1.7517139992495896
A1,synthetic,4,direction_step,20260927,0.5,V7,15,7.069923490921373,0.46786663259539996,18.345738952700273,6.284820207962234,3.2552083333333335,6,1.49081083129724
A1,synthetic,4,direction_step,20260927,0.5,shrink,15,6.310097177415806,0.4175835737880837,16.067889495144062,5.363016785156954,5.859375,6,1.3041548764870265
A1,synthetic,4,direction_step,20260927,0.5,gated,15,7.234034773782524,0.47872703205824496,18.84730275107515,6.445586459648741,3.2552083333333335,6,1.528906270537745
A1,synthetic,4,direction_step,20260927,1.0,uncorrected,15,16.642839109059043,1.101373883434728,43.25061931073705,13.516726074557937,8.59375,5,3.4269699016407436
A1,synthetic,4,direction_step,20260927,1.0,V7,15,14.129815719929883,0.9350694259373935,36.67832326219798,11.839658844207046,16.927083333333332,6,2.9322145336056553
A1,synthetic,4,direction_step,20260927,1.0,shrink,15,12.496916987143722,0.8270090158835934,32.277196407214696,10.45073272632692,18.229166666666668,6,2.5866123186814023
A1,synthetic,4,direction_step,20260927,1.0,gated,15,13.502237695745436,0.8935381678915181,35.10860273798163,11.445377302651485,16.927083333333332,6,2.812651157427096
A1,synthetic,4,direction_step,20260927,2.0,uncorrected,15,33.28567821811809,2.2027477668694564,86.5012386214741,23.706755219885405,30.2734375,4,6.633788836733805
A1,synthetic,4,direction_step,20260927,2.0,V7,15,28.302086858503177,1.8729484259503237,73.45074982722291,20.71307990542893,13.671875,4,5.67405553441851
A1,synthetic,4,direction_step,20260927,2.0,shrink,15,24.95174300038538,1.6512325755670587,64.71035765454482,18.470200784222442,10.15625,5,5.014705920045073
A1,synthetic,4,direction_step,20260927,2.0,gated,15,26.030844231313228,1.7226443043915762,67.57222060425653,19.356495373615832,9.375,5,5.239464818331151
A1,synthetic,4,direction_step,20260928,0.0,uncorrected,15,0.0,0.0,0.0,0.0,0.0,6,0.0
A1,synthetic,4,direction_step,20260928,0.0,V7,15,0.2117987505382884,0.014016215073545016,0.11378951597829788,0.07352017951691418,0.6510416666666666,6,0.02264669003263816
A1,synthetic,4,direction_step,20260928,0.0,shrink,15,1.167687852604509,0.07727412951811548,0.8046785993835112,0.4685645216974918,5.208333333333333,6,0.1349079693681632
A1,synthetic,4,direction_step,20260928,0.0,gated,15,0.0,0.0,0.0,0.0,0.0,6,0.0
A1,synthetic,4,direction_step,20260928,0.5,uncorrected,15,7.572884984077636,0.5011511370784192,17.994579210713578,6.426037789585865,7.8125,6,1.521821341070653
A1,synthetic,4,direction_step,20260928,0.5,V7,15,6.436502989868299,0.42594873670513334,15.24347560918169,5.498032914942539,8.463541666666666,6,1.294176370972198
A1,synthetic,4,direction_step,20260928,0.5,shrink,15,5.745653220198304,0.38023034162209335,13.339635089946007,4.681596122996912,8.463541666666666,6,1.1314333348157783
A1,synthetic,4,direction_step,20260928,0.5,gated,15,6.648947386709367,0.44000767874197816,15.967122141108769,5.771430776684729,7.8125,6,1.35027236904717
A1,synthetic,4,direction_step,20260928,1.0,uncorrected,15,15.145769968155273,1.0023022741568384,35.989158421427156,11.971154074940133,12.369791666666666,6,2.9853459016605877
A1,synthetic,4,direction_step,20260928,1.0,V7,15,12.848632634610468,0.8502845174958368,30.475309405054595,10.35112772052061,11.71875,6,2.54367447848501
A1,synthetic,4,direction_step,20260928,1.0,shrink,15,11.365681998334162,0.7521472291092294,26.82395780099402,9.073316031895306,11.71875,6,2.2401575642199125
A1,synthetic,4,direction_step,20260928,1.0,gated,15,12.356204052811742,0.8176970499432179,29.52509821105326,10.09269481233932,11.71875,6,2.4625436015533144
A1,synthetic,4,direction_step,20260928,2.0,uncorrected,15,30.291539936310546,2.0046045483136767,71.97831684285431,20.71792878201366,11.71875,4,5.75731191045656
A1,synthetic,4,direction_step,20260928,2.0,V7,15,25.719645368224644,1.7020500837712624,61.03155961164044,18.165250593167816,10.7421875,4,4.923616737681483
A1,synthetic,4,direction_step,20260928,2.0,shrink,15,22.694990660335215,1.5018873783669886,53.81007230006864,16.23899256647766,9.765625,4,4.357031632490033
A1,synthetic,4,direction_step,20260928,2.0,gated,15,23.72243939482245,1.5698808977008594,56.48590000415775,17.097239073625136,10.7421875,4,4.570360550886443
A1,synthetic,4,direction_step,20260929,0.0,uncorrected,15,0.0,0.0,0.0,0.0,0.0,6,0.0
A1,synthetic,4,direction_step,20260929,0.0,V7,15,0.2117987505382884,0.014016215073545016,0.11378951597829788,0.07352017951691418,0.6510416666666666,6,0.02264669003263816
A1,synthetic,4,direction_step,20260929,0.0,shrink,15,1.167687852604509,0.07727412951811548,0.8046785993835112,0.4685645216974918,5.208333333333333,6,0.1349079693681632
A1,synthetic,4,direction_step,20260929,0.0,gated,15,0.0,0.0,0.0,0.0,0.0,6,0.0
A1,synthetic,4,direction_step,20260929,0.5,uncorrected,15,7.316119864598478,0.4841591806629172,17.584965590592105,6.6123529278926325,3.90625,6,1.5036056604938217
A1,synthetic,4,direction_step,20260929,0.5,V7,15,6.197274404332295,0.4101172962547496,14.906524576358573,5.6358052032215324,3.90625,6,1.2763130816659338
A1,synthetic,4,direction_step,20260929,0.5,shrink,15,5.502924240772149,0.36416725545386763,13.04397413841684,4.804304092239753,6.510416666666667,6,1.113707715447048
A1,synthetic,4,direction_step,20260929,0.5,gated,15,6.488910497467198,0.4294169106018524,15.782621417010017,5.960853620751138,3.90625,6,1.3461121884516798
A1,synthetic,4,direction_step,20260929,1.0,uncorrected,15,14.632239729196955,0.9683183613258344,35.16993118118421,12.667307151879433,7.8125,6,2.9703243228547294
A1,synthetic,4,direction_step,20260929,1.0,V7,15,12.392251548610334,0.8200825666315443,29.788798522547744,10.877210027986528,7.161458333333333,6,2.525571469052354
A1,synthetic,4,direction_step,20260929,1.0,shrink,15,10.927816185567652,0.7231705642824058,26.220753358249752,9.508875223637085,8.463541666666666,6,2.2200457756141696
A1,synthetic,4,direction_step,20260929,1.0,gated,15,12.008360058990638,0.7946777629217107,29.067631082794644,10.643195865794466,7.161458333333333,6,2.4608179355876607
A1,synthetic,4,direction_step,20260929,2.0,uncorrected,15,29.26447945839391,1.9366367226516688,70.33986236236842,22.22141495147838,8.7890625,4,5.734626317544231
A1,synthetic,4,direction_step,20260929,2.0,V7,15,24.793685327318222,1.6407727861013373,59.59684857583183,19.330683883742008,8.7890625,4,4.8919919021505205
A1,synthetic,4,direction_step,20260929,2.0,shrink,15,21.87089579050809,1.4473512165287064,52.592279589312476,17.35708586320403,7.8125,4,4.336192618659425
A1,synthetic,4,direction_step,20260929,2.0,gated,15,22.94114465979581,1.5181771222341476,55.35151185337697,18.192873618087333,8.7890625,4,4.553627403193744
A2,semisynthetic,0,asymmetric_burst,20260927,0.0,uncorrected,16,0.0,0.0,0.0,0.0,0.0,6,0.0
A2,semisynthetic,0,asymmetric_burst,20260927,0.0,V7,16,6.917745282700854,0.06703066735808699,5.1956738166208325,1.5776692380227721,0.6510416666666666,6,0.10748994304816169
A2,semisynthetic,0,asymmetric_burst,20260927,0.0,shrink,16,0.0,0.0,0.0,0.0,0.0,6,0.0
A2,semisynthetic,0,asymmetric_burst,20260927,0.0,gated,16,0.0,0.0,0.0,0.0,0.0,6,0.0
A2,semisynthetic,0,asymmetric_burst,20260927,0.5,uncorrected,16,21.782157420223136,0.21106191232967977,11.22847809716459,3.9475819115336286,31.25,6,0.3037127998548241
A2,semisynthetic,0,asymmetric_burst,20260927,0.5,V7,16,22.45194339172653,0.2175519172116503,13.548289271648773,3.2671798051252856,61.848958333333336,6,0.3148490351207302
A2,semisynthetic,0,asymmetric_burst,20260927,0.5,shrink,16,21.782157420223136,0.21106191232967977,11.22847809716459,3.9475819115336286,31.25,6,0.3037127998548241
A2,semisynthetic,0,asymmetric_burst,20260927,0.5,gated,16,21.782157420223136,0.21106191232967977,11.22847809716459,3.9475819115336286,31.25,6,0.3037127998548241
A2,semisynthetic,0,asymmetric_burst,20260927,1.0,uncorrected,16,43.56431484044627,0.42212382465935955,22.45695619432918,8.661277560767017,98.95833333333333,6,0.6148489888359625
A2,semisynthetic,0,asymmetric_burst,20260927,1.0,V7,16,42.96671872275418,0.41633331562172937,23.161705592352256,7.871221262256275,98.95833333333333,6,0.6048174896337838
A2,semisynthetic,0,asymmetric_burst,20260927,1.0,shrink,16,43.56431484044627,0.42212382465935955,22.45695619432918,8.661277560767017,98.95833333333333,6,0.6148489888359625
A2,semisynthetic,0,asymmetric_burst,20260927,1.0,gated,16,43.56431484044627,0.42212382465935955,22.45695619432918,8.661277560767017,98.95833333333333,6,0.6148489888359625
A2,semisynthetic,0,asymmetric_burst,20260927,2.0,uncorrected,16,87.12862968089254,0.8442476493187191,44.91391238865836,17.754820756770247,98.95833333333333,6,1.2338864889312666
A2,semisynthetic,0,asymmetric_burst,20260927,2.0,V7,16,83.5577758794212,0.8096472551773876,43.055946505033745,15.025641452171675,99.609375,6,1.1638397106488085
A2,semisynthetic,0,asymmetric_burst,20260927,2.0,shrink,16,87.12862968089254,0.8442476493187191,44.91391238865836,17.754820756770247,98.95833333333333,6,1.2338864889312666
A2,semisynthetic,0,asymmetric_burst,20260927,2.0,gated,16,87.12862968089254,0.8442476493187191,44.91391238865836,17.754820756770247,98.95833333333333,6,1.2338864889312666
A2,semisynthetic,0,asymmetric_burst,20260928,0.0,uncorrected,16,0.0,0.0,0.0,0.0,0.0,6,0.0
A2,semisynthetic,0,asymmetric_burst,20260928,0.0,V7,16,6.917745282700854,0.06703066735808699,5.1956738166208325,1.5776692380227721,0.6510416666666666,6,0.10748994304816169
A2,semisynthetic,0,asymmetric_burst,20260928,0.0,shrink,16,0.0,0.0,0.0,0.0,0.0,6,0.0
A2,semisynthetic,0,asymmetric_burst,20260928,0.0,gated,16,0.0,0.0,0.0,0.0,0.0,6,0.0
A2,semisynthetic,0,asymmetric_burst,20260928,0.5,uncorrected,16,21.908715208009486,0.2122882155004392,17.189101858201024,7.598670963039903,27.994791666666668,6,0.3691951881844599
A2,semisynthetic,0,asymmetric_burst,20260928,0.5,V7,16,22.2826376009368,0.21591140000836387,14.442173571714786,6.478053555439821,17.578125,6,0.34865154607958954
A2,semisynthetic,0,asymmetric_burst,20260928,0.5,shrink,16,21.908715208009486,0.2122882155004392,17.189101858201024,7.598670963039903,27.994791666666668,6,0.3691951881844599
A2,semisynthetic,0,asymmetric_burst,20260928,0.5,gated,16,21.908715208009486,0.2122882155004392,17.189101858201024,7.598670963039903,27.994791666666668,6,0.3691951881844599
A2,semisynthetic,0,asymmetric_burst,20260928,1.0,uncorrected,16,43.81743041601897,0.4245764310008784,34.37820371640205,15.503890135155677,33.203125,6,0.7413607272841475
A2,semisynthetic,0,asymmetric_burst,20260928,1.0,V7,16,42.30587962604108,0.4099300030019707,29.531780506383686,13.453287432496365,33.854166666666664,6,0.6833645160214513
A2,semisynthetic,0,asymmetric_burst,20260928,1.0,shrink,16,43.81743041601897,0.4245764310008784,34.37820371640205,15.503890135155677,33.203125,6,0.7413607272841475
A2,semisynthetic,0,asymmetric_burst,20260928,1.0,gated,16,43.81743041601897,0.4245764310008784,34.37820371640205,15.503890135155677,33.203125,6,0.7413607272841475
A2,semisynthetic,0,asymmetric_burst,20260928,2.0,uncorrected,16,87.63486083203794,0.8491528620017568,68.7564074328041,31.496186339282445,110.02604166666667,6,1.4874539480914
A2,semisynthetic,0,asymmetric_burst,20260928,2.0,V7,16,82.70060627490035,0.8013415647707487,61.31868501281,26.930382658591743,88.54166666666667,6,1.359366983895664
A2,semisynthetic,0,asymmetric_burst,20260928,2.0,shrink,16,87.63486083203794,0.8491528620017568,68.7564074328041,31.496186339282445,110.02604166666667,6,1.4874539480914
A2,semisynthetic,0,asymmetric_burst,20260928,2.0,gated,16,87.63486083203794,0.8491528620017568,68.7564074328041,31.496186339282445,110.02604166666667,6,1.4874539480914
A2,semisynthetic,0,asymmetric_burst,20260929,0.0,uncorrected,16,0.0,0.0,0.0,0.0,0.0,6,0.0
A2,semisynthetic,0,asymmetric_burst,20260929,0.0,V7,16,6.917745282700854,0.06703066735808699,5.1956738166208325,1.5776692380227721,0.6510416666666666,6,0.10748994304816169
A2,semisynthetic,0,asymmetric_burst,20260929,0.0,shrink,16,0.0,0.0,0.0,0.0,0.0,6,0.0
A2,semisynthetic,0,asymmetric_burst,20260929,0.0,gated,16,0.0,0.0,0.0,0.0,0.0,6,0.0
A2,semisynthetic,0,asymmetric_burst,20260929,0.5,uncorrected,16,21.768848016893056,0.21093294860654527,14.74503771780634,6.363615544659905,59.244791666666664,6,0.34403155492466214
A2,semisynthetic,0,asymmetric_burst,20260929,0.5,V7,16,22.463377946920033,0.2176627142754682,16.1739381776873,6.626260794363335,50.130208333333336,6,0.36022905312731757
A2,semisynthetic,0,asymmetric_burst,20260929,0.5,shrink,16,21.768848016893056,0.21093294860654527,14.74503771780634,6.363615544659905,59.244791666666664,6,0.34403155492466214
A2,semisynthetic,0,asymmetric_burst,20260929,0.5,gated,16,21.768848016893056,0.21093294860654527,14.74503771780634,6.363615544659905,59.244791666666664,6,0.34403155492466214
A2,semisynthetic,0,asymmetric_burst,20260929,1.0,uncorrected,16,43.53769603378611,0.42186589721309053,29.49007543561268,11.839943562518533,131.51041666666666,6,0.679465586721561
A2,semisynthetic,0,asymmetric_burst,20260929,1.0,V7,16,42.63991002959462,0.4131666473063043,29.80261788886799,11.738717869115854,131.51041666666666,6,0.6712997098541637
A2,semisynthetic,0,asymmetric_burst,20260929,1.0,shrink,16,43.53769603378611,0.42186589721309053,29.49007543561268,11.839943562518533,131.51041666666666,6,0.679465586721561
A2,semisynthetic,0,asymmetric_burst,20260929,1.0,gated,16,43.53769603378611,0.42186589721309053,29.49007543561268,11.839943562518533,131.51041666666666,6,0.679465586721561
A2,semisynthetic,0,asymmetric_burst,20260929,2.0,uncorrected,16,87.07539206757222,0.8437317944261811,58.98015087122536,19.027986404889518,143.22916666666666,6,1.3138557916514824
A2,semisynthetic,0,asymmetric_burst,20260929,2.0,V7,16,84.14479260434071,0.8153352533926602,57.450873486116684,18.672323003840102,143.22916666666666,6,1.2746038932857524
A2,semisynthetic,0,asymmetric_burst,20260929,2.0,shrink,16,87.07539206757222,0.8437317944261811,58.98015087122536,19.027986404889518,143.22916666666666,6,1.3138557916514824
A2,semisynthetic,0,asymmetric_burst,20260929,2.0,gated,16,87.07539206757222,0.8437317944261811,58.98015087122536,19.027986404889518,143.22916666666666,6,1.3138557916514824
A2,semisynthetic,0,direction_step,20260927,0.0,uncorrected,16,0.0,0.0,0.0,0.0,0.0,6,0.0
A2,semisynthetic,0,direction_step,20260927,0.0,V7,16,6.917745282700854,0.06703066735808699,5.1956738166208325,1.5776692380227721,0.6510416666666666,6,0.10748994304816169
A2,semisynthetic,0,direction_step,20260927,0.0,shrink,16,0.0,0.0,0.0,0.0,0.0,6,0.0
A2,semisynthetic,0,direction_step,20260927,0.0,gated,16,0.0,0.0,0.0,0.0,0.0,6,0.0
A2,semisynthetic,0,direction_step,20260927,0.5,uncorrected,16,31.000862026749434,0.30038811569507334,77.72522311451169,26.77313468848708,1.5625,5,0.9363768220731851
A2,semisynthetic,0,direction_step,20260927,0.5,V7,16,31.278105645139952,0.3030745148037482,76.42001079470373,26.175578380386412,0.0,5,0.9269495597052022
A2,semisynthetic,0,direction_step,20260927,0.5,shrink,16,31.000862026749434,0.30038811569507334,77.72522311451169,26.77313468848708,1.5625,5,0.9363768220731851
A2,semisynthetic,0,direction_step,20260927,0.5,gated,16,31.000862026749434,0.30038811569507334,77.72522311451169,26.77313468848708,1.5625,5,0.9363768220731851
A2,semisynthetic,0,direction_step,20260927,1.0,uncorrected,16,62.00172405349887,0.6007762313901467,155.45044622902338,50.87501588504936,1.5625,5,1.8468700799315814
A2,semisynthetic,0,direction_step,20260927,1.0,V7,16,59.92331436389075,0.5806371278463467,149.17993001680688,48.87990733115496,1.5625,5,1.7770194176416645
A2,semisynthetic,0,direction_step,20260927,1.0,shrink,16,62.00172405349887,0.6007762313901467,155.45044622902338,50.87501588504936,1.5625,5,1.8468700799315814
A2,semisynthetic,0,direction_step,20260927,1.0,gated,16,62.00172405349887,0.6007762313901467,155.45044622902338,50.87501588504936,1.5625,5,1.8468700799315814
A2,semisynthetic,0,direction_step,20260927,2.0,uncorrected,16,124.00344810699774,1.2015524627802934,310.90089245804677,87.0299554489723,42.96875,3,3.551107481288758
A2,semisynthetic,0,direction_step,20260927,2.0,V7,16,117.56416151304359,1.1391579021158378,293.17811762576434,82.62187644697234,32.2265625,4,3.360136172978217
A2,semisynthetic,0,direction_step,20260927,2.0,shrink,16,124.00344810699774,1.2015524627802934,310.90089245804677,87.0299554489723,42.96875,3,3.551107481288758
A2,semisynthetic,0,direction_step,20260927,2.0,gated,16,124.00344810699774,1.2015524627802934,310.90089245804677,87.0299554489723,42.96875,3,3.551107481288758
A2,semisynthetic,0,direction_step,20260928,0.0,uncorrected,16,0.0,0.0,0.0,0.0,0.0,6,0.0
A2,semisynthetic,0,direction_step,20260928,0.0,V7,16,6.917745282700854,0.06703066735808699,5.1956738166208325,1.5776692380227721,0.6510416666666666,6,0.10748994304816169
A2,semisynthetic,0,direction_step,20260928,0.0,shrink,16,0.0,0.0,0.0,0.0,0.0,6,0.0
A2,semisynthetic,0,direction_step,20260928,0.0,gated,16,0.0,0.0,0.0,0.0,0.0,6,0.0
A2,semisynthetic,0,direction_step,20260928,0.5,uncorrected,16,30.444676518984586,0.2949988617927067,76.63599682267238,25.23245194334578,63.28125,5,0.910781739608955
A2,semisynthetic,0,direction_step,20260928,0.5,V7,16,30.75105195256061,0.297967538570396,75.36074239272364,24.744626816216776,60.9375,5,0.9028451548472288
A2,semisynthetic,0,direction_step,20260928,0.5,shrink,16,30.444676518984586,0.2949988617927067,76.63599682267238,25.23245194334578,63.28125,5,0.910781739608955
A2,semisynthetic,0,direction_step,20260928,0.5,gated,16,30.444676518984586,0.2949988617927067,76.63599682267238,25.23245194334578,63.28125,5,0.910781739608955
A2,semisynthetic,0,direction_step,20260928,1.0,uncorrected,16,60.88935303796918,0.5899977235854134,153.27199364534476,47.18248668919292,63.28125,5,1.789757940519311
A2,semisynthetic,0,direction_step,20260928,1.0,V7,16,59.11567469177555,0.5728113661285616,147.29290583395013,45.190922192984125,63.28125,5,1.7243062875480826
A2,semisynthetic,0,direction_step,20260928,1.0,shrink,16,60.88935303796918,0.5899977235854134,153.27199364534476,47.18248668919292,63.28125,5,1.789757940519311
A2,semisynthetic,0,direction_step,20260928,1.0,gated,16,60.88935303796918,0.5899977235854134,153.27199364534476,47.18248668919292,63.28125,5,1.789757940519311
A2,semisynthetic,0,direction_step,20260928,2.0,uncorrected,16,121.77870607593836,1.1799954471708267,306.5439872906896,81.5694552765236,44.270833333333336,3,3.4555315360664047
A2,semisynthetic,0,direction_step,20260928,2.0,V7,16,115.97809502012078,1.123789441562545,289.8068179000185,77.41170414137254,83.33333333333333,3,3.2779494728040866
A2,semisynthetic,0,direction_step,20260928,2.0,shrink,16,121.77870607593836,1.1799954471708267,306.5439872906896,81.5694552765236,44.270833333333336,3,3.4555315360664047
A2,semisynthetic,0,direction_step,20260928,2.0,gated,16,121.77870607593836,1.1799954471708267,306.5439872906896,81.5694552765236,44.270833333333336,3,3.4555315360664047
A2,semisynthetic,0,direction_step,20260929,0.0,uncorrected,16,0.0,0.0,0.0,0.0,0.0,6,0.0
A2,semisynthetic,0,direction_step,20260929,0.0,V7,16,6.917745282700854,0.06703066735808699,5.1956738166208325,1.5776692380227721,0.6510416666666666,6,0.10748994304816169
A2,semisynthetic,0,direction_step,20260929,0.0,shrink,16,0.0,0.0,0.0,0.0,0.0,6,0.0
A2,semisynthetic,0,direction_step,20260929,0.0,gated,16,0.0,0.0,0.0,0.0,0.0,6,0.0
A2,semisynthetic,0,direction_step,20260929,0.5,uncorrected,16,27.916126121446805,0.27049804343801,70.20953663588439,24.30845126717989,40.625,5,0.8461925213255264
A2,semisynthetic,0,direction_step,20260929,0.5,V7,16,28.27303269166691,0.2739563502429982,69.23083145863257,23.828213287654965,41.40625,5,0.8402558157108202
A2,semisynthetic,0,direction_step,20260929,0.5,shrink,16,27.916126121446805,0.27049804343801,70.20953663588439,24.30845126717989,40.625,5,0.8461925213255264
A2,semisynthetic,0,direction_step,20260929,0.5,gated,16,27.916126121446805,0.27049804343801,70.20953663588439,24.30845126717989,40.625,5,0.8461925213255264
A2,semisynthetic,0,direction_step,20260929,1.0,uncorrected,16,55.83225224289361,0.54099608687602,140.41907327176878,44.57959895126735,57.03125,5,1.653264904160463
A2,semisynthetic,0,direction_step,20260929,1.0,V7,16,54.20306360679432,0.5252097869954742,135.50963621788262,42.72092091492866,57.8125,5,1.5956832159848493
A2,semisynthetic,0,direction_step,20260929,1.0,shrink,16,55.83225224289361,0.54099608687602,140.41907327176878,44.57959895126735,57.03125,5,1.653264904160463
A2,semisynthetic,0,direction_step,20260929,1.0,gated,16,55.83225224289361,0.54099608687602,140.41907327176878,44.57959895126735,57.03125,5,1.653264904160463
A2,semisynthetic,0,direction_step,20260929,2.0,uncorrected,16,111.66450448578722,1.08199217375204,280.83814654353756,75.50581336731314,45.8984375,4,3.1742330209007377
A2,semisynthetic,0,direction_step,20260929,2.0,V7,16,106.28118621853062,1.0298295974632659,266.3998953864687,71.93744915717295,46.875,4,3.0175432308879135
A2,semisynthetic,0,direction_step,20260929,2.0,shrink,16,111.66450448578722,1.08199217375204,280.83814654353756,75.50581336731314,45.8984375,4,3.1742330209007377
A2,semisynthetic,0,direction_step,20260929,2.0,gated,16,111.66450448578722,1.08199217375204,280.83814654353756,75.50581336731314,45.8984375,4,3.1742330209007377
A2,semisynthetic,1,asymmetric_burst,20260927,0.0,uncorrected,12,0.0,0.0,0.0,0.0,0.0,6,0.0
A2,semisynthetic,1,asymmetric_burst,20260927,0.0,V7,12,6.9824790012749105,0.06340147377862203,1.425413414695502,0.7432861516552851,0.0,6,0.07662200663737992
A2,semisynthetic,1,asymmetric_burst,20260927,0.0,shrink,12,0.0,0.0,0.0,0.0,0.0,6,0.0
A2,semisynthetic,1,asymmetric_burst,20260927,0.0,gated,12,0.0,0.0,0.0,0.0,0.0,6,0.0
A2,semisynthetic,1,asymmetric_burst,20260927,0.5,uncorrected,12,24.542151928314084,0.22284472343846023,21.143157660411873,9.117714459877812,40.364583333333336,6,0.40162509814820363
A2,semisynthetic,1,asymmetric_burst,20260927,0.5,V7,12,25.4230901400155,0.2308437136136653,20.199881289268056,9.150214714256036,39.713541666666664,6,0.40563668040930095
A2,semisynthetic,1,asymmetric_burst,20260927,0.5,shrink,12,24.542151928314084,0.22284472343846023,21.143157660411873,9.117714459877812,40.364583333333336,6,0.40162509814820363
A2,semisynthetic,1,asymmetric_burst,20260927,0.5,gated,12,24.542151928314084,0.22284472343846023,21.143157660411873,9.117714459877812,40.364583333333336,6,0.40162509814820363
A2,semisynthetic,1,asymmetric_burst,20260927,1.0,uncorrected,12,49.08430385662816,0.4456894468769204,42.286315320823746,18.115355594273932,65.10416666666667,6,0.8021599207945906
A2,semisynthetic,1,asymmetric_burst,20260927,1.0,V7,12,48.963707648810896,0.4445944235612282,41.12306744373518,18.0038795524964,65.10416666666667,6,0.7947714936290173
A2,semisynthetic,1,asymmetric_burst,20260927,1.0,shrink,12,49.08430385662816,0.4456894468769204,42.286315320823746,18.115355594273932,65.10416666666667,6,0.8021599207945906
A2,semisynthetic,1,asymmetric_burst,20260927,1.0,gated,12,49.08430385662816,0.4456894468769204,42.286315320823746,18.115355594273932,65.10416666666667,6,0.8021599207945906
A2,semisynthetic,1,asymmetric_burst,20260927,2.0,uncorrected,12,98.16860771325632,0.8913788937538408,84.57263064164749,36.23954062316492,65.10416666666667,6,1.6044000135692547
A2,semisynthetic,1,asymmetric_burst,20260927,2.0,V7,12,94.53006734188843,0.8583406530508443,79.60080768638423,33.723104393919535,65.10416666666667,6,1.5259400513098875
A2,semisynthetic,1,asymmetric_burst,20260927,2.0,shrink,12,98.16860771325632,0.8913788937538408,84.57263064164749,36.23954062316492,65.10416666666667,6,1.6044000135692547
A2,semisynthetic,1,asymmetric_burst,20260927,2.0,gated,12,98.16860771325632,0.8913788937538408,84.57263064164749,36.23954062316492,65.10416666666667,6,1.6044000135692547
A2,semisynthetic,1,asymmetric_burst,20260928,0.0,uncorrected,12,0.0,0.0,0.0,0.0,0.0,6,0.0
A2,semisynthetic,1,asymmetric_burst,20260928,0.0,V7,12,6.9824790012749105,0.06340147377862203,1.425413414695502,0.7432861516552851,0.0,6,0.07662200663737992
A2,semisynthetic,1,asymmetric_burst,20260928,0.0,shrink,12,0.0,0.0,0.0,0.0,0.0,6,0.0
A2,semisynthetic,1,asymmetric_burst,20260928,0.0,gated,12,0.0,0.0,0.0,0.0,0.0,6,0.0
A2,semisynthetic,1,asymmetric_burst,20260928,0.5,uncorrected,12,24.171183526936623,0.21947630036574695,13.515866962188081,8.873490608703218,64.453125,6,0.36141089470836474
A2,semisynthetic,1,asymmetric_burst,20260928,0.5,V7,12,24.83328938564153,0.22548827508585517,13.190439120516395,8.58790042736396,64.453125,6,0.3633522319408825
A2,semisynthetic,1,asymmetric_burst,20260928,0.5,shrink,12,24.171183526936623,0.21947630036574695,13.515866962188081,8.873490608703218,64.453125,6,0.36141089470836474
A2,semisynthetic,1,asymmetric_burst,20260928,0.5,gated,12,24.171183526936623,0.21947630036574695,13.515866962188081,8.873490608703218,64.453125,6,0.36141089470836474
A2,semisynthetic,1,asymmetric_burst,20260928,1.0,uncorrected,12,48.34236705387325,0.4389526007314939,27.031733924376162,14.058864519937146,105.46875,6,0.6893333916650998
A2,semisynthetic,1,asymmetric_burst,20260928,1.0,V7,12,47.71690911257508,0.43327339206396964,26.495424968819496,13.564948040997516,80.078125,6,0.6767345171065673
A2,semisynthetic,1,asymmetric_burst,20260928,1.0,shrink,12,48.34236705387325,0.4389526007314939,27.031733924376162,14.058864519937146,105.46875,6,0.6893333916650998
A2,semisynthetic,1,asymmetric_burst,20260928,1.0,gated,12,48.34236705387325,0.4389526007314939,27.031733924376162,14.058864519937146,105.46875,6,0.6893333916650998
A2,semisynthetic,1,asymmetric_burst,20260928,2.0,uncorrected,12,96.6847341077465,0.8779052014629878,54.06346784875233,21.1471455223264,126.953125,6,1.3153733215054215
A2,semisynthetic,1,asymmetric_burst,20260928,2.0,V7,12,92.65340975822829,0.8413004504866611,52.26364751506737,20.294471315200763,111.97916666666667,6,1.262854962738699
A2,semisynthetic,1,asymmetric_burst,20260928,2.0,shrink,12,96.6847341077465,0.8779052014629878,54.06346784875233,21.1471455223264,126.953125,6,1.3153733215054215
A2,semisynthetic,1,asymmetric_burst,20260928,2.0,gated,12,96.6847341077465,0.8779052014629878,54.06346784875233,21.1471455223264,126.953125,6,1.3153733215054215
A2,semisynthetic,1,asymmetric_burst,20260929,0.0,uncorrected,12,0.0,0.0,0.0,0.0,0.0,6,0.0
A2,semisynthetic,1,asymmetric_burst,20260929,0.0,V7,12,6.9824790012749105,0.06340147377862203,1.425413414695502,0.7432861516552851,0.0,6,0.07662200663737992
A2,semisynthetic,1,asymmetric_burst,20260929,0.0,shrink,12,0.0,0.0,0.0,0.0,0.0,6,0.0
A2,semisynthetic,1,asymmetric_burst,20260929,0.0,gated,12,0.0,0.0,0.0,0.0,0.0,6,0.0
A2,semisynthetic,1,asymmetric_burst,20260929,0.5,uncorrected,12,20.1392105207297,0.18286565953425077,29.472215589275923,12.970155318616202,51.432291666666664,6,0.4344407683112125
A2,semisynthetic,1,asymmetric_burst,20260929,0.5,V7,12,21.31634246283967,0.19355411272516432,28.70670255729317,12.819602680135006,51.432291666666664,6,0.4402867312680676
A2,semisynthetic,1,asymmetric_burst,20260929,0.5,shrink,12,20.1392105207297,0.18286565953425077,29.472215589275923,12.970155318616202,51.432291666666664,6,0.4344407683112125
A2,semisynthetic,1,asymmetric_burst,20260929,0.5,gated,12,20.1392105207297,0.18286565953425077,29.472215589275923,12.970155318616202,51.432291666666664,6,0.4344407683112125
A2,semisynthetic,1,asymmetric_burst,20260929,1.0,uncorrected,12,40.2784210414594,0.36573131906850154,58.944431178551845,23.448149506826525,136.06770833333334,6,0.8462525120979432
A2,semisynthetic,1,asymmetric_burst,20260929,1.0,V7,12,40.03630697384656,0.36353290376264974,56.63902730778529,23.033803857207463,135.41666666666666,6,0.8298251780438591
A2,semisynthetic,1,asymmetric_burst,20260929,1.0,shrink,12,40.2784210414594,0.36573131906850154,58.944431178551845,23.448149506826525,136.06770833333334,6,0.8462525120979432
A2,semisynthetic,1,asymmetric_burst,20260929,1.0,gated,12,40.2784210414594,0.36573131906850154,58.944431178551845,23.448149506826525,136.06770833333334,6,0.8462525120979432
A2,semisynthetic,1,asymmetric_burst,20260929,2.0,uncorrected,12,80.5568420829188,0.7314626381370031,117.88886235710369,40.88081159735833,136.06770833333334,6,1.6378839121781912
A2,semisynthetic,1,asymmetric_burst,20260929,2.0,V7,12,78.2679279839425,0.7106791130879099,111.61202958433832,39.25998322878683,136.06770833333334,6,1.573886060028053
A2,semisynthetic,1,asymmetric_burst,20260929,2.0,shrink,12,80.5568420829188,0.7314626381370031,117.88886235710369,40.88081159735833,136.06770833333334,6,1.6378839121781912
A2,semisynthetic,1,asymmetric_burst,20260929,2.0,gated,12,80.5568420829188,0.7314626381370031,117.88886235710369,40.88081159735833,136.06770833333334,6,1.6378839121781912
A2,semisynthetic,1,direction_step,20260927,0.0,uncorrected,12,0.0,0.0,0.0,0.0,0.0,6,0.0
A2,semisynthetic,1,direction_step,20260927,0.0,V7,12,6.9824790012749105,0.06340147377862203,1.425413414695502,0.7432861516552851,0.0,6,0.07662200663737992
A2,semisynthetic,1,direction_step,20260927,0.0,shrink,12,0.0,0.0,0.0,0.0,0.0,6,0.0
A2,semisynthetic,1,direction_step,20260927,0.0,gated,12,0.0,0.0,0.0,0.0,0.0,6,0.0
A2,semisynthetic,1,direction_step,20260927,0.5,uncorrected,12,31.494714583875904,0.285974554379641,79.7548909725572,29.969550038061126,56.25,5,0.9201909200061451
A2,semisynthetic,1,direction_step,20260927,0.5,V7,12,31.341976104510177,0.28458767663998363,77.58425732945021,29.46985638953429,56.25,5,0.9044120190696702
A2,semisynthetic,1,direction_step,20260927,0.5,shrink,12,31.494714583875904,0.285974554379641,79.7548909725572,29.969550038061126,56.25,5,0.9201909200061451
A2,semisynthetic,1,direction_step,20260927,0.5,gated,12,31.494714583875904,0.285974554379641,79.7548909725572,29.969550038061126,56.25,5,0.9201909200061451
A2,semisynthetic,1,direction_step,20260927,1.0,uncorrected,12,62.9894291677518,0.5719491087592818,159.50978194511444,54.34973377053118,77.1484375,4,1.7896299421264044
A2,semisynthetic,1,direction_step,20260927,1.0,V7,12,60.21938716812211,0.5467969034790172,150.81011621520446,52.035008486570746,89.84375,5,1.7039630101069096
A2,semisynthetic,1,direction_step,20260927,1.0,shrink,12,62.9894291677518,0.5719491087592818,159.50978194511444,54.34973377053118,77.1484375,4,1.7896299421264044
A2,semisynthetic,1,direction_step,20260927,1.0,gated,12,62.9894291677518,0.5719491087592818,159.50978194511444,54.34973377053118,77.1484375,4,1.7896299421264044
A2,semisynthetic,1,direction_step,20260927,2.0,uncorrected,12,125.9788583355036,1.1438982175185637,319.0195638902289,91.35057790769203,93.75,4,3.4217305639387052
A2,semisynthetic,1,direction_step,20260927,2.0,V7,12,119.27505822003545,1.0830271705508074,299.9830223629888,87.0690556795261,93.75,4,3.2355562810629888
A2,semisynthetic,1,direction_step,20260927,2.0,shrink,12,125.9788583355036,1.1438982175185637,319.0195638902289,91.35057790769203,93.75,4,3.4217305639387052
A2,semisynthetic,1,direction_step,20260927,2.0,gated,12,125.9788583355036,1.1438982175185637,319.0195638902289,91.35057790769203,93.75,4,3.4217305639387052
A2,semisynthetic,1,direction_step,20260928,0.0,uncorrected,12,0.0,0.0,0.0,0.0,0.0,6,0.0
A2,semisynthetic,1,direction_step,20260928,0.0,V7,12,6.9824790012749105,0.06340147377862203,1.425413414695502,0.7432861516552851,0.0,6,0.07662200663737992
A2,semisynthetic,1,direction_step,20260928,0.0,shrink,12,0.0,0.0,0.0,0.0,0.0,6,0.0
A2,semisynthetic,1,direction_step,20260928,0.0,gated,12,0.0,0.0,0.0,0.0,0.0,6,0.0
A2,semisynthetic,1,direction_step,20260928,0.5,uncorrected,12,30.598882888855822,0.27784033017194854,76.85261814812438,30.15044506203941,57.03125,5,0.9005228013099486
A2,semisynthetic,1,direction_step,20260928,0.5,V7,12,30.683491234743297,0.2786085807921449,74.75267391230726,29.66004800154793,56.25,5,0.8873043752704807
A2,semisynthetic,1,direction_step,20260928,0.5,shrink,12,30.598882888855822,0.27784033017194854,76.85261814812438,30.15044506203941,57.03125,5,0.9005228013099486
A2,semisynthetic,1,direction_step,20260928,0.5,gated,12,30.598882888855822,0.27784033017194854,76.85261814812438,30.15044506203941,57.03125,5,0.9005228013099486
A2,semisynthetic,1,direction_step,20260928,1.0,uncorrected,12,61.197765777711645,0.5556806603438971,153.70523629624876,53.7502767962298,84.9609375,4,1.7415655040669793
A2,semisynthetic,1,direction_step,20260928,1.0,V7,12,58.874739266311224,0.5345873918324264,145.9444954061399,51.88995940656969,84.9609375,4,1.668346325952708
A2,semisynthetic,1,direction_step,20260928,1.0,shrink,12,61.197765777711645,0.5556806603438971,153.70523629624876,53.7502767962298,84.9609375,4,1.7415655040669793
A2,semisynthetic,1,direction_step,20260928,1.0,gated,12,61.197765777711645,0.5556806603438971,153.70523629624876,53.7502767962298,84.9609375,4,1.7415655040669793
A2,semisynthetic,1,direction_step,20260928,2.0,uncorrected,12,122.39553155542329,1.1113613206877941,307.4104725924975,89.29148065669308,52.083333333333336,3,3.317791153898919
A2,semisynthetic,1,direction_step,20260928,2.0,V7,12,115.82802388479834,1.0517278201367724,289.3147302271271,85.21176389297594,50.78125,3,3.138958093591482
A2,semisynthetic,1,direction_step,20260928,2.0,shrink,12,122.39553155542329,1.1113613206877941,307.4104725924975,89.29148065669308,52.083333333333336,3,3.317791153898919
A2,semisynthetic,1,direction_step,20260928,2.0,gated,12,122.39553155542329,1.1113613206877941,307.4104725924975,89.29148065669308,52.083333333333336,3,3.317791153898919
A2,semisynthetic,1,direction_step,20260929,0.0,uncorrected,12,0.0,0.0,0.0,0.0,0.0,6,0.0
A2,semisynthetic,1,direction_step,20260929,0.0,V7,12,6.9824790012749105,0.06340147377862203,1.425413414695502,0.7432861516552851,0.0,6,0.07662200663737992
A2,semisynthetic,1,direction_step,20260929,0.0,shrink,12,0.0,0.0,0.0,0.0,0.0,6,0.0
A2,semisynthetic,1,direction_step,20260929,0.0,gated,12,0.0,0.0,0.0,0.0,0.0,6,0.0
A2,semisynthetic,1,direction_step,20260929,0.5,uncorrected,12,27.160775587127393,0.24662203794381246,64.13144937358251,26.099067544562136,33.203125,6,0.7747630533083868
A2,semisynthetic,1,direction_step,20260929,0.5,V7,12,27.657006745981178,0.25112785698035506,63.0946698642373,25.939197479479102,33.203125,6,0.7731102183526327
A2,semisynthetic,1,direction_step,20260929,0.5,shrink,12,27.160775587127393,0.24662203794381246,64.13144937358251,26.099067544562136,33.203125,6,0.7747630533083868
A2,semisynthetic,1,direction_step,20260929,0.5,gated,12,27.160775587127393,0.24662203794381246,64.13144937358251,26.099067544562136,33.203125,6,0.7747630533083868
A2,semisynthetic,1,direction_step,20260929,1.0,uncorrected,12,54.321551174254786,0.4932440758876249,128.26289874716502,46.79196217875693,14.0625,5,1.500437619568439
A2,semisynthetic,1,direction_step,20260929,1.0,V7,12,52.66563198196484,0.4782081957610512,122.47866232906316,45.36107438424876,13.28125,5,1.4461484954679937
A2,semisynthetic,1,direction_step,20260929,1.0,shrink,12,54.321551174254786,0.4932440758876249,128.26289874716502,46.79196217875693,14.0625,5,1.500437619568439
A2,semisynthetic,1,direction_step,20260929,1.0,gated,12,54.321551174254786,0.4932440758876249,128.26289874716502,46.79196217875693,14.0625,5,1.500437619568439
A2,semisynthetic,1,direction_step,20260929,2.0,uncorrected,12,108.64310234850956,0.9864881517752497,256.52579749433005,76.5847560162828,10.416666666666666,3,2.846521416426039
A2,semisynthetic,1,direction_step,20260929,2.0,V7,12,103.20104636904578,0.9370738435588173,242.26723062991348,73.42143370638023,9.114583333333334,3,2.7036494160413977
A2,semisynthetic,1,direction_step,20260929,2.0,shrink,12,108.64310234850956,0.9864881517752497,256.52579749433005,76.5847560162828,10.416666666666666,3,2.846521416426039
A2,semisynthetic,1,direction_step,20260929,2.0,gated,12,108.64310234850956,0.9864881517752497,256.52579749433005,76.5847560162828,10.416666666666666,3,2.846521416426039
A2,semisynthetic,2,asymmetric_burst,20260927,0.0,uncorrected,13,0.0,0.0,0.0,0.0,0.0,6,0.0
A2,semisynthetic,2,asymmetric_burst,20260927,0.0,V7,13,15.314551319668896,0.09313460458022425,8.985395310593047,5.663494536146527,30.598958333333332,6,0.15489893081131492
A2,semisynthetic,2,asymmetric_burst,20260927,0.0,shrink,13,7.931341436623753,0.04823401829226241,3.185299022314748,3.532735232481263,4.557291666666667,6,0.07940376472859607
A2,semisynthetic,2,asymmetric_burst,20260927,0.0,gated,13,0.0,0.0,0.0,0.0,0.0,6,0.0
A2,semisynthetic,2,asymmetric_burst,20260927,0.5,uncorrected,13,31.352941946934397,0.1906711982416468,22.63299109961072,11.310420286388968,27.994791666666668,6,0.3282755468958217
A2,semisynthetic,2,asymmetric_burst,20260927,0.5,V7,13,33.961717210304236,0.20653632203933656,23.42864812500986,11.535583839823294,44.270833333333336,6,0.34792936280239994
A2,semisynthetic,2,asymmetric_burst,20260927,0.5,shrink,13,31.179518037908824,0.1896165302429109,20.893872809804467,10.840473018348035,29.296875,6,0.3190747440545982
A2,semisynthetic,2,asymmetric_burst,20260927,0.5,gated,13,31.352941946934397,0.1906711982416468,22.63299109961072,11.310420286388968,27.994791666666668,6,0.3282755468958217
A2,semisynthetic,2,asymmetric_burst,20260927,1.0,uncorrected,13,62.7058838938688,0.3813423964832936,45.26598219922145,18.156781219423593,82.03125,6,0.6294031614742703
A2,semisynthetic,2,asymmetric_burst,20260927,1.0,V7,13,62.309502569250796,0.37893182518017815,44.61607697045861,17.383878854671647,82.68229166666667,6,0.6203160452803688
A2,semisynthetic,2,asymmetric_burst,20260927,1.0,shrink,13,60.46276616002618,0.36770099891260477,42.279747971820896,17.352607844088478,82.03125,6,0.6017909176909711
A2,semisynthetic,2,asymmetric_burst,20260927,1.0,gated,13,62.7058838938688,0.3813423964832936,45.26598219922145,18.156781219423593,82.03125,6,0.6294031614742703
A2,semisynthetic,2,asymmetric_burst,20260927,2.0,uncorrected,13,125.4117677877376,0.7626847929665872,90.5319643984429,28.235652432929573,76.5625,5,1.2096809559343904
A2,semisynthetic,2,asymmetric_burst,20260927,2.0,V7,13,119.14730409350642,0.7245878003162008,86.68051510324548,27.626151662981812,76.5625,5,1.1561661288429994
A2,semisynthetic,2,asymmetric_burst,20260927,2.0,shrink,13,119.77435585581208,0.7284011812448777,85.22599106499464,26.929908127000733,71.09375,5,1.1513225387494614
A2,semisynthetic,2,asymmetric_burst,20260927,2.0,gated,13,125.4117677877376,0.7626847929665872,90.5319643984429,28.235652432929573,76.5625,5,1.2096809559343904
A2,semisynthetic,2,asymmetric_burst,20260928,0.0,uncorrected,13,0.0,0.0,0.0,0.0,0.0,6,0.0
A2,semisynthetic,2,asymmetric_burst,20260928,0.0,V7,13,15.314551319668896,0.09313460458022425,8.985395310593047,5.663494536146527,30.598958333333332,6,0.15489893081131492
A2,semisynthetic,2,asymmetric_burst,20260928,0.0,shrink,13,7.931341436623753,0.04823401829226241,3.185299022314748,3.532735232481263,4.557291666666667,6,0.07940376472859607
A2,semisynthetic,2,asymmetric_burst,20260928,0.0,gated,13,0.0,0.0,0.0,0.0,0.0,6,0.0
A2,semisynthetic,2,asymmetric_burst,20260928,0.5,uncorrected,13,26.965102678917333,0.16398679419622778,35.69284438553447,15.889931806360943,33.854166666666664,6,0.36915258221718567
A2,semisynthetic,2,asymmetric_burst,20260928,0.5,V7,13,29.976100455743133,0.18229801216684136,35.17188305847121,14.340054112338436,41.015625,6,0.3764542050478645
A2,semisynthetic,2,asymmetric_burst,20260928,0.5,shrink,13,26.700926849233294,0.1623802233654078,32.93828039320501,14.157663446202179,33.854166666666664,6,0.3486354513044302
A2,semisynthetic,2,asymmetric_burst,20260928,0.5,gated,13,26.965102678917333,0.16398679419622778,35.69284438553447,15.889931806360943,33.854166666666664,6,0.36915258221718567
A2,semisynthetic,2,asymmetric_burst,20260928,1.0,uncorrected,13,53.930205357834666,0.32797358839245555,71.38568877106894,29.830218293904405,78.125,6,0.7264485032727386
A2,semisynthetic,2,asymmetric_burst,20260928,1.0,V7,13,53.68691916988375,0.3264940567730383,68.6601236821638,27.19122307152196,78.77604166666667,6,0.7006323794703405
A2,semisynthetic,2,asymmetric_burst,20260928,1.0,shrink,13,51.7244484602449,0.3145593986999843,66.77759241659466,27.348652038638125,78.125,6,0.6839308616709587
A2,semisynthetic,2,asymmetric_burst,20260928,1.0,gated,13,53.930205357834666,0.32797358839245555,71.38568877106894,29.830218293904405,78.125,6,0.7264485032727386
A2,semisynthetic,2,asymmetric_burst,20260928,2.0,uncorrected,13,107.86041071566933,0.6559471767849111,142.77137754213788,52.30336898061705,126.953125,6,1.4081554030754646
A2,semisynthetic,2,asymmetric_burst,20260928,2.0,V7,13,103.33502544575018,0.6284262942667411,135.3590108041365,47.911191899468974,126.953125,6,1.331384785287281
A2,semisynthetic,2,asymmetric_burst,20260928,2.0,shrink,13,102.65336811418923,0.6242808325611408,134.5603097545282,48.67210174077261,126.953125,6,1.3294381267507442
A2,semisynthetic,2,asymmetric_burst,20260928,2.0,gated,13,107.86041071566933,0.6559471767849111,142.77137754213788,52.30336898061705,126.953125,6,1.4081554030754646
A2,semisynthetic,2,asymmetric_burst,20260929,0.0,uncorrected,13,0.0,0.0,0.0,0.0,0.0,6,0.0
A2,semisynthetic,2,asymmetric_burst,20260929,0.0,V7,13,15.314551319668896,0.09313460458022425,8.985395310593047,5.663494536146527,30.598958333333332,6,0.15489893081131492
A2,semisynthetic,2,asymmetric_burst,20260929,0.0,shrink,13,7.931341436623753,0.04823401829226241,3.185299022314748,3.532735232481263,4.557291666666667,6,0.07940376472859607
A2,semisynthetic,2,asymmetric_burst,20260929,0.0,gated,13,0.0,0.0,0.0,0.0,0.0,6,0.0
A2,semisynthetic,2,asymmetric_burst,20260929,0.5,uncorrected,13,28.35283052123946,0.1724261850188401,17.44445662355889,7.25344833222336,17.578125,6,0.2695813870279117
A2,semisynthetic,2,asymmetric_burst,20260929,0.5,V7,13,30.39806535113868,0.1848641685536058,19.953599953885398,10.972819991772775,33.203125,6,0.31226813430912814
A2,semisynthetic,2,asymmetric_burst,20260929,0.5,shrink,13,27.912663688746402,0.16974933454912244,17.749599324268203,9.190251340850635,17.578125,6,0.2796109522201351
A2,semisynthetic,2,asymmetric_burst,20260929,0.5,gated,13,28.35283052123946,0.1724261850188401,17.44445662355889,7.25344833222336,17.578125,6,0.2695813870279117
A2,semisynthetic,2,asymmetric_burst,20260929,1.0,uncorrected,13,56.70566104247892,0.3448523700376802,34.88891324711778,14.6163444445826,54.6875,6,0.539828374732746
A2,semisynthetic,2,asymmetric_burst,20260929,1.0,V7,13,55.692836833253075,0.33869293511421766,35.945779731345326,17.786074053232714,50.130208333333336,6,0.556159114518928
A2,semisynthetic,2,asymmetric_burst,20260929,1.0,shrink,13,54.28016418388654,0.33010184381459384,34.19398029216884,15.874428010871947,54.6875,6,0.530615716431513
A2,semisynthetic,2,asymmetric_burst,20260929,1.0,gated,13,56.70566104247892,0.3448523700376802,34.88891324711778,14.6163444445826,54.6875,6,0.539828374732746
A2,semisynthetic,2,asymmetric_burst,20260929,2.0,uncorrected,13,113.41132208495785,0.6897047400753604,69.77782649423555,28.87087477474293,72.91666666666667,6,1.0774563967568245
A2,semisynthetic,2,asymmetric_burst,20260929,2.0,V7,13,107.4807270821079,0.6536381515748868,69.17245288140789,30.785651533052903,81.38020833333333,6,1.0511936449528114
A2,semisynthetic,2,asymmetric_burst,20260929,2.0,shrink,13,107.86010161464941,0.6559452970039978,67.27125619115169,28.98309990328758,72.91666666666667,6,1.0367576596881467
A2,semisynthetic,2,asymmetric_burst,20260929,2.0,gated,13,113.41132208495785,0.6897047400753604,69.77782649423555,28.87087477474293,72.91666666666667,6,1.0774563967568245
A2,semisynthetic,2,direction_step,20260927,0.0,uncorrected,13,0.0,0.0,0.0,0.0,0.0,6,0.0
A2,semisynthetic,2,direction_step,20260927,0.0,V7,13,15.314551319668896,0.09313460458022425,8.985395310593047,5.663494536146527,30.598958333333332,6,0.15489893081131492
A2,semisynthetic,2,direction_step,20260927,0.0,shrink,13,7.931341436623753,0.04823401829226241,3.185299022314748,3.532735232481263,4.557291666666667,6,0.07940376472859607
A2,semisynthetic,2,direction_step,20260927,0.0,gated,13,0.0,0.0,0.0,0.0,0.0,6,0.0
A2,semisynthetic,2,direction_step,20260927,0.5,uncorrected,13,40.51341188821691,0.24638009417610648,101.11308581010532,42.58128934362054,42.96875,6,0.8127927168429375
A2,semisynthetic,2,direction_step,20260927,0.5,V7,13,40.948687927538,0.24902720155517483,97.89262910815815,41.15599553539325,42.317708333333336,6,0.7969794625639671
A2,semisynthetic,2,direction_step,20260927,0.5,shrink,13,38.837047950031284,0.23618537875437898,94.91984364637297,39.733335152068726,38.411458333333336,6,0.7664463926714257
A2,semisynthetic,2,direction_step,20260927,0.5,gated,13,40.51341188821691,0.24638009417610648,101.11308581010532,42.58128934362054,42.96875,6,0.8127927168429375
A2,semisynthetic,2,direction_step,20260927,1.0,uncorrected,13,81.02682377643382,0.49276018835221297,202.22617162021064,74.19886841276869,101.5625,4,1.5589102304865685
A2,semisynthetic,2,direction_step,20260927,1.0,V7,13,78.33571514683078,0.4763943586998215,193.8282497128626,70.5557040712885,101.5625,4,1.4948529456170256
A2,semisynthetic,2,direction_step,20260927,1.0,shrink,13,76.91774092990278,0.4677710262076099,190.9540981653118,69.8022764940384,102.5390625,4,1.4729081870398462
A2,semisynthetic,2,direction_step,20260927,1.0,gated,13,81.02682377643382,0.49276018835221297,202.22617162021064,74.19886841276869,101.5625,4,1.5589102304865685
A2,semisynthetic,2,direction_step,20260927,2.0,uncorrected,13,162.05364755286763,0.9855203767044259,404.4523432404213,120.8099133572441,85.9375,3,2.9500466244227583
A2,semisynthetic,2,direction_step,20260927,2.0,V7,13,153.0463519390183,0.9307430020479687,380.81179312703813,113.29361905173845,100.26041666666667,3,2.7776749628756776
A2,semisynthetic,2,direction_step,20260927,2.0,shrink,13,153.6887159219132,0.9346495034070165,383.05747647518217,114.0970115257446,98.95833333333333,3,2.79329575164449
A2,semisynthetic,2,direction_step,20260927,2.0,gated,13,162.05364755286763,0.9855203767044259,404.4523432404213,120.8099133572441,85.9375,3,2.9500466244227583
A2,semisynthetic,2,direction_step,20260928,0.0,uncorrected,13,0.0,0.0,0.0,0.0,0.0,6,0.0
A2,semisynthetic,2,direction_step,20260928,0.0,V7,13,15.314551319668896,0.09313460458022425,8.985395310593047,5.663494536146527,30.598958333333332,6,0.15489893081131492
A2,semisynthetic,2,direction_step,20260928,0.0,shrink,13,7.931341436623753,0.04823401829226241,3.185299022314748,3.532735232481263,4.557291666666667,6,0.07940376472859607
A2,semisynthetic,2,direction_step,20260928,0.0,gated,13,0.0,0.0,0.0,0.0,0.0,6,0.0
A2,semisynthetic,2,direction_step,20260928,0.5,uncorrected,13,37.563371903117535,0.2284395876752591,91.69235443502973,37.70914240849623,61.848958333333336,6,0.7365766849696669
A2,semisynthetic,2,direction_step,20260928,0.5,V7,13,38.354871491393205,0.23325304904547822,89.18352447143155,36.68337631667624,37.760416666666664,6,0.7275233500994972
A2,semisynthetic,2,direction_step,20260928,0.5,shrink,13,36.12867425427117,0.21971455254831598,86.09792980321699,35.062101061296424,56.640625,6,0.6947427195473507
A2,semisynthetic,2,direction_step,20260928,0.5,gated,13,37.563371903117535,0.2284395876752591,91.69235443502973,37.70914240849623,61.848958333333336,6,0.7365766849696669
A2,semisynthetic,2,direction_step,20260928,1.0,uncorrected,13,75.12674380623507,0.4568791753505182,183.38470887005946,68.10526079861667,102.34375,5,1.4286796151410222
A2,semisynthetic,2,direction_step,20260928,1.0,V7,13,72.84421529766918,0.44299810331314493,175.31465937601064,64.84551150042337,103.125,5,1.3704357745169606
A2,semisynthetic,2,direction_step,20260928,1.0,shrink,13,71.37593081718292,0.43406881171021444,173.1793188967938,63.94821967749126,102.34375,5,1.349556673814836
A2,semisynthetic,2,direction_step,20260928,1.0,gated,13,75.12674380623507,0.4568791753505182,183.38470887005946,68.10526079861667,102.34375,5,1.4286796151410222
A2,semisynthetic,2,direction_step,20260928,2.0,uncorrected,13,150.25348761247014,0.9137583507010364,366.76941774011897,116.04050772383953,100.5859375,4,2.7346963962711306
A2,semisynthetic,2,direction_step,20260928,2.0,V7,13,142.59399108128494,0.8671775423035132,346.437846408077,108.28463399181192,100.5859375,4,2.579125998389846
A2,semisynthetic,2,direction_step,20260928,2.0,shrink,13,142.52582469187374,0.8667629921419736,347.38173414808625,109.55773994814119,100.5859375,4,2.589323873114673
A2,semisynthetic,2,direction_step,20260928,2.0,gated,13,150.25348761247014,0.9137583507010364,366.76941774011897,116.04050772383953,100.5859375,4,2.7346963962711306
A2,semisynthetic,2,direction_step,20260929,0.0,uncorrected,13,0.0,0.0,0.0,0.0,0.0,6,0.0
A2,semisynthetic,2,direction_step,20260929,0.0,V7,13,15.314551319668896,0.09313460458022425,8.985395310593047,5.663494536146527,30.598958333333332,6,0.15489893081131492
A2,semisynthetic,2,direction_step,20260929,0.0,shrink,13,7.931341436623753,0.04823401829226241,3.185299022314748,3.532735232481263,4.557291666666667,6,0.07940376472859607
A2,semisynthetic,2,direction_step,20260929,0.0,gated,13,0.0,0.0,0.0,0.0,0.0,6,0.0
A2,semisynthetic,2,direction_step,20260929,0.5,uncorrected,13,40.37869016696626,0.24556079141136067,99.50105656030297,40.39875667478735,53.385416666666664,6,0.793798727490164
A2,semisynthetic,2,direction_step,20260929,0.5,V7,13,41.59264611387737,0.2529433979751044,97.57013395327265,39.65734964588391,57.291666666666664,6,0.7908011078303587
A2,semisynthetic,2,direction_step,20260929,0.5,shrink,13,38.80637985514414,0.23599887241600034,93.51918297715719,37.637634714000605,54.6875,6,0.7492559784175163
A2,semisynthetic,2,direction_step,20260929,0.5,gated,13,40.37869016696626,0.24556079141136067,99.50105656030297,40.39875667478735,53.385416666666664,6,0.793798727490164
A2,semisynthetic,2,direction_step,20260929,1.0,uncorrected,13,80.75738033393252,0.49112158282272134,199.00211312060594,71.79839269789422,73.4375,5,1.5328697959082949
A2,semisynthetic,2,direction_step,20260929,1.0,V7,13,78.65876134150588,0.47835894642911203,191.43582879366082,69.30897300374464,72.65625,5,1.481960918327434
A2,semisynthetic,2,direction_step,20260929,1.0,shrink,13,76.75875042180475,0.46680413414563343,188.02090256873421,67.5059322389341,73.4375,5,1.4490571690974752
A2,semisynthetic,2,direction_step,20260929,1.0,gated,13,80.75738033393252,0.49112158282272134,199.00211312060594,71.79839269789422,73.4375,5,1.5328697959082949
A2,semisynthetic,2,direction_step,20260929,2.0,uncorrected,13,161.51476066786503,0.9822431656454427,398.0042262412119,115.83657781226856,72.91666666666667,3,2.89691741071648
A2,semisynthetic,2,direction_step,20260929,2.0,V7,13,152.3457127241999,0.926482103059586,374.35586048923506,109.2940365016591,74.21875,3,2.7294601215258063
A2,semisynthetic,2,direction_step,20260929,2.0,shrink,13,153.27319462045702,0.9321225333836715,377.0608658140397,109.37234275801781,72.91666666666667,3,2.7438019378779317
A2,semisynthetic,2,direction_step,20260929,2.0,gated,13,161.51476066786503,0.9822431656454427,398.0042262412119,115.83657781226856,72.91666666666667,3,2.89691741071648
A2,semisynthetic,3,asymmetric_burst,20260927,0.0,uncorrected,14,0.0,0.0,0.0,0.0,0.0,6,0.0
A2,semisynthetic,3,asymmetric_burst,20260927,0.0,V7,14,12.904000261991762,0.10699976998598636,6.934169002592424,4.426816818051806,0.0,6,0.1724558772638344
A2,semisynthetic,3,asymmetric_burst,20260927,0.0,shrink,14,0.0,0.0,0.0,0.0,0.0,6,0.0
A2,semisynthetic,3,asymmetric_burst,20260927,0.0,gated,14,0.0,0.0,0.0,0.0,0.0,6,0.0
A2,semisynthetic,3,asymmetric_burst,20260927,0.5,uncorrected,14,22.444720055549766,0.18611127050403442,23.99294578124831,7.081932352350992,61.197916666666664,6,0.3443091108055879
A2,semisynthetic,3,asymmetric_burst,20260927,0.5,V7,14,24.93613042652515,0.20677000664962095,22.7829813717919,7.655513789057195,61.848958333333336,6,0.3647074722698724
A2,semisynthetic,3,asymmetric_burst,20260927,0.5,shrink,14,22.444720055549766,0.18611127050403442,23.99294578124831,7.081932352350992,61.197916666666664,6,0.3443091108055879
A2,semisynthetic,3,asymmetric_burst,20260927,0.5,gated,14,22.444720055549766,0.18611127050403442,23.99294578124831,7.081932352350992,61.197916666666664,6,0.3443091108055879
A2,semisynthetic,3,asymmetric_burst,20260927,1.0,uncorrected,14,44.88944011109953,0.37222254100806884,47.98589156249662,13.039879205710337,123.046875,6,0.6792981512905071
A2,semisynthetic,3,asymmetric_burst,20260927,1.0,V7,14,43.03986819126206,0.3568859193421451,42.45009107331389,11.237941415761915,122.39583333333333,6,0.6260685035364473
A2,semisynthetic,3,asymmetric_burst,20260927,1.0,shrink,14,44.88944011109953,0.37222254100806884,47.98589156249662,13.039879205710337,123.046875,6,0.6792981512905071
A2,semisynthetic,3,asymmetric_burst,20260927,1.0,gated,14,44.88944011109953,0.37222254100806884,47.98589156249662,13.039879205710337,123.046875,6,0.6792981512905071
A2,semisynthetic,3,asymmetric_burst,20260927,2.0,uncorrected,14,89.77888022219906,0.7444450820161377,95.97178312499324,24.096897834632745,130.859375,6,1.3421544534394334
A2,semisynthetic,3,asymmetric_burst,20260927,2.0,V7,14,82.00370806901883,0.6799734751422458,84.4503882900951,20.500142306030686,130.859375,6,1.2000909919039067
A2,semisynthetic,3,asymmetric_burst,20260927,2.0,shrink,14,89.77888022219906,0.7444450820161377,95.97178312499324,24.096897834632745,130.859375,6,1.3421544534394334
A2,semisynthetic,3,asymmetric_burst,20260927,2.0,gated,14,89.77888022219906,0.7444450820161377,95.97178312499324,24.096897834632745,130.859375,6,1.3421544534394334
A2,semisynthetic,3,asymmetric_burst,20260928,0.0,uncorrected,14,0.0,0.0,0.0,0.0,0.0,6,0.0
A2,semisynthetic,3,asymmetric_burst,20260928,0.0,V7,14,12.904000261991762,0.10699976998598636,6.934169002592424,4.426816818051806,0.0,6,0.1724558772638344
A2,semisynthetic,3,asymmetric_burst,20260928,0.0,shrink,14,0.0,0.0,0.0,0.0,0.0,6,0.0
A2,semisynthetic,3,asymmetric_burst,20260928,0.0,gated,14,0.0,0.0,0.0,0.0,0.0,6,0.0
A2,semisynthetic,3,asymmetric_burst,20260928,0.5,uncorrected,14,23.108149141042848,0.19161241418882355,14.159616240059895,8.053845460929548,72.265625,6,0.31710043490592194
A2,semisynthetic,3,asymmetric_burst,20260928,0.5,V7,14,25.415330070345938,0.21074352266211027,16.786691573157206,9.078328704608236,58.59375,6,0.3556183764958827
A2,semisynthetic,3,asymmetric_burst,20260928,0.5,shrink,14,23.108149141042848,0.19161241418882355,14.159616240059895,8.053845460929548,72.265625,6,0.31710043490592194
A2,semisynthetic,3,asymmetric_burst,20260928,0.5,gated,14,23.108149141042848,0.19161241418882355,14.159616240059895,8.053845460929548,72.265625,6,0.31710043490592194
A2,semisynthetic,3,asymmetric_burst,20260928,1.0,uncorrected,14,46.216298282085695,0.3832248283776471,28.319232480119787,15.33935950725693,84.63541666666667,6,0.6278298776414865
A2,semisynthetic,3,asymmetric_burst,20260928,1.0,V7,14,44.887825399728065,0.3722091518464265,29.42091701646714,15.335950957687894,85.9375,6,0.6213535130123122
A2,semisynthetic,3,asymmetric_burst,20260928,1.0,shrink,14,46.216298282085695,0.3832248283776471,28.319232480119787,15.33935950725693,84.63541666666667,6,0.6278298776414865
A2,semisynthetic,3,asymmetric_burst,20260928,1.0,gated,14,46.216298282085695,0.3832248283776471,28.319232480119787,15.33935950725693,84.63541666666667,6,0.6278298776414865
A2,semisynthetic,3,asymmetric_burst,20260928,2.0,uncorrected,14,92.43259656417139,0.7664496567552942,56.638464960239574,27.1362817390492,117.83854166666667,6,1.2262859203504868
A2,semisynthetic,3,asymmetric_burst,20260928,2.0,V7,14,85.53462897864647,0.7092518165478706,54.10791720603239,25.70614627448543,117.83854166666667,6,1.1467377876972407
A2,semisynthetic,3,asymmetric_burst,20260928,2.0,shrink,14,92.43259656417139,0.7664496567552942,56.638464960239574,27.1362817390492,117.83854166666667,6,1.2262859203504868
A2,semisynthetic,3,asymmetric_burst,20260928,2.0,gated,14,92.43259656417139,0.7664496567552942,56.638464960239574,27.1362817390492,117.83854166666667,6,1.2262859203504868
A2,semisynthetic,3,asymmetric_burst,20260929,0.0,uncorrected,14,0.0,0.0,0.0,0.0,0.0,6,0.0
A2,semisynthetic,3,asymmetric_burst,20260929,0.0,V7,14,12.904000261991762,0.10699976998598636,6.934169002592424,4.426816818051806,0.0,6,0.1724558772638344
A2,semisynthetic,3,asymmetric_burst,20260929,0.0,shrink,14,0.0,0.0,0.0,0.0,0.0,6,0.0
A2,semisynthetic,3,asymmetric_burst,20260929,0.0,gated,14,0.0,0.0,0.0,0.0,0.0,6,0.0
A2,semisynthetic,3,asymmetric_burst,20260929,0.5,uncorrected,14,19.70683208037177,0.16340874588813475,20.044791692429275,10.222749816784434,67.70833333333333,6,0.3312811796522773
A2,semisynthetic,3,asymmetric_burst,20260929,0.5,V7,14,22.183818734416242,0.18394788079669278,20.171972885147497,8.201094761576613,75.52083333333333,6,0.33558407444453137
A2,semisynthetic,3,asymmetric_burst,20260929,0.5,shrink,14,19.70683208037177,0.16340874588813475,20.044791692429275,10.222749816784434,67.70833333333333,6,0.3312811796522773
A2,semisynthetic,3,asymmetric_burst,20260929,0.5,gated,14,19.70683208037177,0.16340874588813475,20.044791692429275,10.222749816784434,67.70833333333333,6,0.3312811796522773
A2,semisynthetic,3,asymmetric_burst,20260929,1.0,uncorrected,14,39.41366416074354,0.3268174917762695,40.08958338485855,19.413121793899386,108.72395833333333,6,0.6540018982738282
A2,semisynthetic,3,asymmetric_burst,20260929,1.0,V7,14,38.41995310583365,0.31857765512491176,38.41671312336395,15.984493402384706,108.72395833333333,6,0.6103962210620167
A2,semisynthetic,3,asymmetric_burst,20260929,1.0,shrink,14,39.41366416074354,0.3268174917762695,40.08958338485855,19.413121793899386,108.72395833333333,6,0.6540018982738282
A2,semisynthetic,3,asymmetric_burst,20260929,1.0,gated,14,39.41366416074354,0.3268174917762695,40.08958338485855,19.413121793899386,108.72395833333333,6,0.6540018982738282
A2,semisynthetic,3,asymmetric_burst,20260929,2.0,uncorrected,14,78.82732832148707,0.653634983552539,80.1791667697171,35.844060055555694,108.72395833333333,6,1.2832755769624566
A2,semisynthetic,3,asymmetric_burst,20260929,2.0,V7,14,72.90020606457692,0.604487377748762,73.97676142284732,29.875436080595858,109.375,6,1.1589211092951157
A2,semisynthetic,3,asymmetric_burst,20260929,2.0,shrink,14,78.82732832148707,0.653634983552539,80.1791667697171,35.844060055555694,108.72395833333333,6,1.2832755769624566
A2,semisynthetic,3,asymmetric_burst,20260929,2.0,gated,14,78.82732832148707,0.653634983552539,80.1791667697171,35.844060055555694,108.72395833333333,6,1.2832755769624566
A2,semisynthetic,3,direction_step,20260927,0.0,uncorrected,14,0.0,0.0,0.0,0.0,0.0,6,0.0
A2,semisynthetic,3,direction_step,20260927,0.0,V7,14,12.904000261991762,0.10699976998598636,6.934169002592424,4.426816818051806,0.0,6,0.1724558772638344
A2,semisynthetic,3,direction_step,20260927,0.0,shrink,14,0.0,0.0,0.0,0.0,0.0,6,0.0
A2,semisynthetic,3,direction_step,20260927,0.0,gated,14,0.0,0.0,0.0,0.0,0.0,6,0.0
A2,semisynthetic,3,direction_step,20260927,0.5,uncorrected,14,31.475446285392977,0.2609939123035541,75.60820581533885,29.662138119111916,23.4375,5,0.8204229362588333
A2,semisynthetic,3,direction_step,20260927,0.5,V7,14,30.506485959365996,0.25295930831212254,67.68339846769501,25.80196781059911,23.4375,5,0.7475236701615301
A2,semisynthetic,3,direction_step,20260927,0.5,shrink,14,31.475446285392977,0.2609939123035541,75.60820581533885,29.662138119111916,23.4375,5,0.8204229362588333
A2,semisynthetic,3,direction_step,20260927,0.5,gated,14,31.475446285392977,0.2609939123035541,75.60820581533885,29.662138119111916,23.4375,5,0.8204229362588333
A2,semisynthetic,3,direction_step,20260927,1.0,uncorrected,14,62.95089257078595,0.5219878246071082,151.21641163067767,48.94688491198472,47.8515625,4,1.5547967046303464
A2,semisynthetic,3,direction_step,20260927,1.0,V7,14,55.54557321763053,0.46058303141330376,130.66897100436833,42.45200875736191,47.8515625,4,1.354346969665666
A2,semisynthetic,3,direction_step,20260927,1.0,shrink,14,62.95089257078595,0.5219878246071082,151.21641163067767,48.94688491198472,47.8515625,4,1.5547967046303464
A2,semisynthetic,3,direction_step,20260927,1.0,gated,14,62.95089257078595,0.5219878246071082,151.21641163067767,48.94688491198472,47.8515625,4,1.5547967046303464
A2,semisynthetic,3,direction_step,20260927,2.0,uncorrected,14,125.9017851415719,1.0439756492142165,302.4328232613554,83.42982473739622,95.05208333333333,3,2.9896586009895096
A2,semisynthetic,3,direction_step,20260927,2.0,V7,14,107.76425229064012,0.8935795081912451,258.69388962854185,72.0098411531224,71.2890625,4,2.5632268536806064
A2,semisynthetic,3,direction_step,20260927,2.0,shrink,14,125.9017851415719,1.0439756492142165,302.4328232613554,83.42982473739622,95.05208333333333,3,2.9896586009895096
A2,semisynthetic,3,direction_step,20260927,2.0,gated,14,125.9017851415719,1.0439756492142165,302.4328232613554,83.42982473739622,95.05208333333333,3,2.9896586009895096
A2,semisynthetic,3,direction_step,20260928,0.0,uncorrected,14,0.0,0.0,0.0,0.0,0.0,6,0.0
A2,semisynthetic,3,direction_step,20260928,0.0,V7,14,12.904000261991762,0.10699976998598636,6.934169002592424,4.426816818051806,0.0,6,0.1724558772638344
A2,semisynthetic,3,direction_step,20260928,0.0,shrink,14,0.0,0.0,0.0,0.0,0.0,6,0.0
A2,semisynthetic,3,direction_step,20260928,0.0,gated,14,0.0,0.0,0.0,0.0,0.0,6,0.0
A2,semisynthetic,3,direction_step,20260928,0.5,uncorrected,14,33.30729439126322,0.27618356837902036,81.64254676736113,30.57825473756402,20.3125,5,0.8682273479024659
A2,semisynthetic,3,direction_step,20260928,0.5,V7,14,32.57883470998588,0.2701431920028415,72.38918594978192,26.27143392371397,28.90625,5,0.7881105179781973
A2,semisynthetic,3,direction_step,20260928,0.5,shrink,14,33.30729439126322,0.27618356837902036,81.64254676736113,30.57825473756402,20.3125,5,0.8682273479024659
A2,semisynthetic,3,direction_step,20260928,0.5,gated,14,33.30729439126322,0.27618356837902036,81.64254676736113,30.57825473756402,20.3125,5,0.8682273479024659
A2,semisynthetic,3,direction_step,20260928,1.0,uncorrected,14,66.61458878252644,0.5523671367580407,163.28509353472225,50.15085543396242,36.1328125,4,1.6451959832320062
A2,semisynthetic,3,direction_step,20260928,1.0,V7,14,59.08614769199708,0.4899414200279828,139.9980765753418,43.13129329967452,36.1328125,4,1.4280163745007368
A2,semisynthetic,3,direction_step,20260928,1.0,shrink,14,66.61458878252644,0.5523671367580407,163.28509353472225,50.15085543396242,36.1328125,4,1.6451959832320062
A2,semisynthetic,3,direction_step,20260928,1.0,gated,14,66.61458878252644,0.5523671367580407,163.28509353472225,50.15085543396242,36.1328125,4,1.6451959832320062
A2,semisynthetic,3,direction_step,20260928,2.0,uncorrected,14,133.22917756505288,1.1047342735160814,326.5701870694445,85.58374420442352,58.59375,3,3.1683508152177104
A2,semisynthetic,3,direction_step,20260928,2.0,V7,14,114.64564704729423,0.9506399267587747,278.71316706014466,73.4200202391032,44.921875,4,2.714980224298957
A2,semisynthetic,3,direction_step,20260928,2.0,shrink,14,133.22917756505288,1.1047342735160814,326.5701870694445,85.58374420442352,58.59375,3,3.1683508152177104
A2,semisynthetic,3,direction_step,20260928,2.0,gated,14,133.22917756505288,1.1047342735160814,326.5701870694445,85.58374420442352,58.59375,3,3.1683508152177104
A2,semisynthetic,3,direction_step,20260929,0.0,uncorrected,14,0.0,0.0,0.0,0.0,0.0,6,0.0
A2,semisynthetic,3,direction_step,20260929,0.0,V7,14,12.904000261991762,0.10699976998598636,6.934169002592424,4.426816818051806,0.0,6,0.1724558772638344
A2,semisynthetic,3,direction_step,20260929,0.0,shrink,14,0.0,0.0,0.0,0.0,0.0,6,0.0
A2,semisynthetic,3,direction_step,20260929,0.0,gated,14,0.0,0.0,0.0,0.0,0.0,6,0.0
A2,semisynthetic,3,direction_step,20260929,0.5,uncorrected,14,29.783983804024164,0.24696833164857876,66.64571076161526,25.25377496178508,24.21875,5,0.7326848417197075
A2,semisynthetic,3,direction_step,20260929,0.5,V7,14,29.9031892442828,0.24795678130990753,60.04450266705621,21.935474313836025,25.0,5,0.6787894363307027
A2,semisynthetic,3,direction_step,20260929,0.5,shrink,14,29.783983804024164,0.24696833164857876,66.64571076161526,25.25377496178508,24.21875,5,0.7326848417197075
A2,semisynthetic,3,direction_step,20260929,0.5,gated,14,29.783983804024164,0.24696833164857876,66.64571076161526,25.25377496178508,24.21875,5,0.7326848417197075
A2,semisynthetic,3,direction_step,20260929,1.0,uncorrected,14,59.56796760804833,0.4939366632971575,133.29142152323053,43.479928304237966,31.25,5,1.4070967539950519
A2,semisynthetic,3,direction_step,20260929,1.0,V7,14,53.7367328883624,0.4455841554644906,116.07738665278049,37.797040210991234,30.46875,5,1.2402525712070138
A2,semisynthetic,3,direction_step,20260929,1.0,shrink,14,59.56796760804833,0.4939366632971575,133.29142152323053,43.479928304237966,31.25,5,1.4070967539950519
A2,semisynthetic,3,direction_step,20260929,1.0,gated,14,59.56796760804833,0.4939366632971575,133.29142152323053,43.479928304237966,31.25,5,1.4070967539950519
A2,semisynthetic,3,direction_step,20260929,2.0,uncorrected,14,119.13593521609666,0.987873326594315,266.58284304646105,73.62125023320921,38.0859375,4,2.7035899908551113
A2,semisynthetic,3,direction_step,20260929,2.0,V7,14,103.35185900451457,0.8569920115144377,228.40321701695765,63.71737555463633,45.8984375,4,2.3322934672163025
A2,semisynthetic,3,direction_step,20260929,2.0,shrink,14,119.13593521609666,0.987873326594315,266.58284304646105,73.62125023320921,38.0859375,4,2.7035899908551113
A2,semisynthetic,3,direction_step,20260929,2.0,gated,14,119.13593521609666,0.987873326594315,266.58284304646105,73.62125023320921,38.0859375,4,2.7035899908551113
A2,semisynthetic,4,asymmetric_burst,20260927,0.0,uncorrected,15,0.0,0.0,0.0,0.0,0.0,5,0.0
A2,semisynthetic,4,asymmetric_burst,20260927,0.0,V7,15,19.264417711107942,0.1004732411439683,2.8430605689100323,1.4553921017131461,0.0,5,0.11547778065264419
A2,semisynthetic,4,asymmetric_burst,20260927,0.0,shrink,15,47.08837358197936,0.2455886071890714,29.14394565015891,17.532367457598323,0.0,5,0.4130282449378724
A2,semisynthetic,4,asymmetric_burst,20260927,0.0,gated,15,11.783938971669803,0.06145893219724485,1.4627782882175508,1.537890316006311,0.0,5,0.07329432041599857
A2,semisynthetic,4,asymmetric_burst,20260927,0.5,uncorrected,15,34.250988363845174,0.17863544410769272,19.940413407192757,8.006525206900479,53.125,5,0.2723927819784538
A2,semisynthetic,4,asymmetric_burst,20260927,0.5,V7,15,35.94930949054899,0.18749300890212817,18.756324421782885,8.008023978444326,53.125,5,0.27817036566271297
A2,semisynthetic,4,asymmetric_burst,20260927,0.5,shrink,15,50.5675460552531,0.2637341717283582,35.84339315834662,21.041026900928863,53.125,5,0.46694358976256245
A2,semisynthetic,4,asymmetric_burst,20260927,0.5,gated,15,34.06227929531486,0.17765123518776427,19.40040703418154,8.727521506893469,53.125,5,0.27376071992977796
A2,semisynthetic,4,asymmetric_burst,20260927,1.0,uncorrected,15,68.50197672769035,0.35727088821538544,39.88082681438551,15.740188503934775,53.125,5,0.543362457332035
A2,semisynthetic,4,asymmetric_burst,20260927,1.0,V7,15,65.29911851606752,0.34056643598266795,37.40512726801477,15.197225177708333,53.125,5,0.5173702048318654
A2,semisynthetic,4,asymmetric_burst,20260927,1.0,shrink,15,64.93542931937867,0.33866962119655036,46.555887875264204,26.770588909228895,53.125,5,0.5996968884118479
A2,semisynthetic,4,asymmetric_burst,20260927,1.0,gated,15,65.90390084688055,0.3437206678870328,38.56469120436656,16.126314248746144,53.125,5,0.5283939278390241
A2,semisynthetic,4,asymmetric_burst,20260927,2.0,uncorrected,15,137.0039534553807,0.7145417764307709,79.76165362877101,28.039369838938,52.34375,5,1.0687784006169398
A2,semisynthetic,4,asymmetric_burst,20260927,2.0,V7,15,128.22856058664868,0.6687738649862021,75.3697605751197,26.576613627946937,53.90625,5,1.0039285876083908
A2,semisynthetic,4,asymmetric_burst,20260927,2.0,shrink,15,107.21469560064588,0.559176411496183,72.62797129531303,35.850856426352934,53.125,5,0.9355509112890107
A2,semisynthetic,4,asymmetric_burst,20260927,2.0,gated,15,131.3511175188852,0.6850595072694603,77.3001567359846,27.77609789322683,53.125,5,1.0315040936488826
A2,semisynthetic,4,asymmetric_burst,20260928,0.0,uncorrected,15,0.0,0.0,0.0,0.0,0.0,5,0.0
A2,semisynthetic,4,asymmetric_burst,20260928,0.0,V7,15,19.264417711107942,0.1004732411439683,2.8430605689100323,1.4553921017131461,0.0,5,0.11547778065264419
A2,semisynthetic,4,asymmetric_burst,20260928,0.0,shrink,15,47.08837358197936,0.2455886071890714,29.14394565015891,17.532367457598323,0.0,5,0.4130282449378724
A2,semisynthetic,4,asymmetric_burst,20260928,0.0,gated,15,11.783938971669803,0.06145893219724485,1.4627782882175508,1.537890316006311,0.0,5,0.07329432041599857
A2,semisynthetic,4,asymmetric_burst,20260928,0.5,uncorrected,15,29.18624374118609,0.15222035513712778,27.585588787132846,9.320395077656004,42.96875,5,0.27276679958062305
A2,semisynthetic,4,asymmetric_burst,20260928,0.5,V7,15,32.988983863815214,0.17205348121850705,27.361362716872712,8.756079354509577,42.96875,5,0.2890720230403808
A2,semisynthetic,4,asymmetric_burst,20260928,0.5,shrink,15,50.30513509263717,0.2623655718401546,36.188468120429135,15.365558025580093,61.71875,5,0.4368745452894093
A2,semisynthetic,4,asymmetric_burst,20260928,0.5,gated,15,30.176291196014922,0.15738393070762804,27.29158601129739,8.8024544286059,42.96875,5,0.27446238132806017
A2,semisynthetic,4,asymmetric_burst,20260928,1.0,uncorrected,15,58.37248748237218,0.30444071027425557,55.17117757426568,18.836919424923074,42.96875,5,0.5465565080130231
A2,semisynthetic,4,asymmetric_burst,20260928,1.0,V7,15,57.984142572090256,0.3024153040355147,53.55651000846868,17.569246737471964,42.96875,5,0.5337089410115139
A2,semisynthetic,4,asymmetric_burst,20260928,1.0,shrink,15,61.66210127351982,0.32159763474843384,51.243791614902996,21.678291196072042,42.96875,5,0.5682909512154849
A2,semisynthetic,4,asymmetric_burst,20260928,1.0,gated,15,57.33199512263591,0.2990140401648362,54.03858008199612,17.8096182468877,42.96875,5,0.5328184447502132
A2,semisynthetic,4,asymmetric_burst,20260928,2.0,uncorrected,15,116.74497496474436,0.6088814205485111,110.34235514853135,37.42627894258808,106.25,5,1.0918218715631032
A2,semisynthetic,4,asymmetric_burst,20260928,2.0,V7,15,111.73122902016314,0.5827323143113661,107.1597735905186,35.04329114440605,77.34375,5,1.044944983368193
A2,semisynthetic,4,asymmetric_burst,20260928,2.0,shrink,15,96.02281107671884,0.5008053291468013,88.46933920506775,34.298562318563874,106.25,5,0.9103940572854129
A2,semisynthetic,4,asymmetric_burst,20260928,2.0,gated,15,113.23268179177104,0.5905631155663168,108.2469757366984,35.69000279131381,77.34375,5,1.0589838402595255
A2,semisynthetic,4,asymmetric_burst,20260929,0.0,uncorrected,15,0.0,0.0,0.0,0.0,0.0,5,0.0
A2,semisynthetic,4,asymmetric_burst,20260929,0.0,V7,15,19.264417711107942,0.1004732411439683,2.8430605689100323,1.4553921017131461,0.0,5,0.11547778065264419
A2,semisynthetic,4,asymmetric_burst,20260929,0.0,shrink,15,47.08837358197936,0.2455886071890714,29.14394565015891,17.532367457598323,0.0,5,0.4130282449378724
A2,semisynthetic,4,asymmetric_burst,20260929,0.0,gated,15,11.783938971669803,0.06145893219724485,1.4627782882175508,1.537890316006311,0.0,5,0.07329432041599857
A2,semisynthetic,4,asymmetric_burst,20260929,0.5,uncorrected,15,31.826399436106694,0.1659900420163957,37.097677831647914,14.397870556318935,31.25,5,0.3378230418680427
A2,semisynthetic,4,asymmetric_burst,20260929,0.5,V7,15,35.87183884596496,0.1870889620800754,34.23794015100848,13.42898006972316,31.25,5,0.3464112736818224
A2,semisynthetic,4,asymmetric_burst,20260929,0.5,shrink,15,52.39481698770179,0.27326427202956904,29.624592965734067,18.411528694363806,31.25,5,0.44654256410232634
A2,semisynthetic,4,asymmetric_burst,20260929,0.5,gated,15,33.118283296895534,0.1727278402006717,35.3366479125481,13.876899136233249,31.25,5,0.3372514118052391
A2,semisynthetic,4,asymmetric_burst,20260929,1.0,uncorrected,15,63.65279887221339,0.3319800840327914,74.19535566329583,26.726707798766643,41.40625,5,0.664855075868787
A2,semisynthetic,4,asymmetric_burst,20260929,1.0,V7,15,63.26620537247015,0.32996381224576526,69.06735675591713,24.82699498881151,41.40625,5,0.639558389101772
A2,semisynthetic,4,asymmetric_burst,20260929,1.0,shrink,15,66.42780616167762,0.34645308709739187,49.53918511415743,19.077027697413584,41.40625,5,0.575134385242076
A2,semisynthetic,4,asymmetric_burst,20260929,1.0,gated,15,62.75551944048399,0.3273003385004004,71.07903060443046,25.56935955480165,41.40625,5,0.6460126303339293
A2,semisynthetic,4,asymmetric_burst,20260929,2.0,uncorrected,15,127.30559774442678,0.6639601680655828,148.39071132659166,45.73964215034619,90.625,5,1.2894790982320075
A2,semisynthetic,4,asymmetric_burst,20260929,2.0,V7,15,122.11086336919159,0.6368671197633277,138.1410018280464,42.88025696372469,92.1875,5,1.2207443830774063
A2,semisynthetic,4,asymmetric_burst,20260929,2.0,shrink,15,105.66991336757371,0.5511196261759144,101.25197187088968,31.767542471322358,92.1875,5,0.9808416646231078
A2,semisynthetic,4,asymmetric_burst,20260929,2.0,gated,15,123.78824330837735,0.6456154661523643,142.1955441196226,43.88567124389672,90.625,5,1.245309648445551
A2,semisynthetic,4,direction_step,20260927,0.0,uncorrected,15,0.0,0.0,0.0,0.0,0.0,5,0.0
A2,semisynthetic,4,direction_step,20260927,0.0,V7,15,19.264417711107942,0.1004732411439683,2.8430605689100323,1.4553921017131461,0.0,5,0.11547778065264419
A2,semisynthetic,4,direction_step,20260927,0.0,shrink,15,47.08837358197936,0.2455886071890714,29.14394565015891,17.532367457598323,0.0,5,0.4130282449378724
A2,semisynthetic,4,direction_step,20260927,0.0,gated,15,11.783938971669803,0.06145893219724485,1.4627782882175508,1.537890316006311,0.0,5,0.07329432041599857
A2,semisynthetic,4,direction_step,20260927,0.5,uncorrected,15,48.236376243927445,0.25157599544121256,104.34831234189664,35.49520108503772,0.0,4,0.7088140290329789
A2,semisynthetic,4,direction_step,20260927,0.5,V7,15,50.955587928641215,0.2657579974833615,103.8167430884363,35.50211549394286,0.0,4,0.7216458978808331
A2,semisynthetic,4,direction_step,20260927,0.5,shrink,15,61.372142426238156,0.32008535933883453,94.1984616784781,32.669315132807,0.0,4,0.7361168467858624
A2,semisynthetic,4,direction_step,20260927,0.5,gated,15,49.02030573626857,0.2556645663030478,103.90897734561977,35.243451724653575,0.0,4,0.7104439333305836
A2,semisynthetic,4,direction_step,20260927,1.0,uncorrected,15,96.47275248785489,0.5031519908824251,208.6966246837933,64.03407329203333,62.5,3,1.3813474437581985
A2,semisynthetic,4,direction_step,20260927,1.0,V7,15,94.25491579136163,0.49158490151765166,201.13962630377807,61.9264809495736,62.5,3,1.3390815446600761
A2,semisynthetic,4,direction_step,20260927,1.0,shrink,15,89.0693903519375,0.4645398822626431,170.7248440380054,51.63822214321939,62.5,3,1.1790643991315353
A2,semisynthetic,4,direction_step,20260927,1.0,gated,15,94.70512990656852,0.49393298553669357,204.00995374605512,62.4666094502609,62.5,3,1.351731731483859
A2,semisynthetic,4,direction_step,20260927,2.0,uncorrected,15,192.94550497570978,1.0063039817648503,417.3932493675866,113.52544392473196,63.802083333333336,3,2.686847670481965
A2,semisynthetic,4,direction_step,20260927,2.0,V7,15,183.69112079110053,0.9580378993032436,396.2757243989856,107.30617118811819,63.802083333333336,3,2.5510760322359802
A2,semisynthetic,4,direction_step,20260927,2.0,shrink,15,155.30538830926426,0.8099925969502307,326.2562512416463,88.01852946648916,63.802083333333336,3,2.119843681862017
A2,semisynthetic,4,direction_step,20260927,2.0,gated,15,187.16782795714997,0.9761706060748596,404.56030969639795,109.35403366867844,63.802083333333336,3,2.6014933872304566
A2,semisynthetic,4,direction_step,20260928,0.0,uncorrected,15,0.0,0.0,0.0,0.0,0.0,5,0.0
A2,semisynthetic,4,direction_step,20260928,0.0,V7,15,19.264417711107942,0.1004732411439683,2.8430605689100323,1.4553921017131461,0.0,5,0.11547778065264419
A2,semisynthetic,4,direction_step,20260928,0.0,shrink,15,47.08837358197936,0.2455886071890714,29.14394565015891,17.532367457598323,0.0,5,0.4130282449378724
A2,semisynthetic,4,direction_step,20260928,0.0,gated,15,11.783938971669803,0.06145893219724485,1.4627782882175508,1.537890316006311,0.0,5,0.07329432041599857
A2,semisynthetic,4,direction_step,20260928,0.5,uncorrected,15,43.897381564558074,0.22894604288929596,94.9480166067467,35.95178184056667,0.0,4,0.6640518247746757
A2,semisynthetic,4,direction_step,20260928,0.5,V7,15,47.62254859634759,0.2483745878419284,93.10978258856811,34.94413441200868,0.0,4,0.673431362751108
A2,semisynthetic,4,direction_step,20260928,0.5,shrink,15,59.941915552664426,0.31262603553709306,89.14637113433137,31.901906128447262,0.0,4,0.71148056852461
A2,semisynthetic,4,direction_step,20260928,0.5,gated,15,45.21189559938996,0.23580186835930955,93.78803710878529,35.09628339721086,0.0,4,0.663420886124911
A2,semisynthetic,4,direction_step,20260928,1.0,uncorrected,15,87.79476312911615,0.4578920857785919,189.8960332134934,66.26067894942304,39.0625,4,1.298673280726429
A2,semisynthetic,4,direction_step,20260928,1.0,V7,15,86.79197279249891,0.452662049926032,181.90447120250207,63.36093214280672,39.0625,4,1.2574797374857487
A2,semisynthetic,4,direction_step,20260928,1.0,shrink,15,84.47842431888695,0.44059577742440104,158.70349080763762,53.32184146021883,39.0625,4,1.1325526009488132
A2,semisynthetic,4,direction_step,20260928,1.0,gated,15,86.66886362593593,0.4520199761730328,185.0164546640669,64.22278249831267,39.0625,4,1.2694478777878366
A2,semisynthetic,4,direction_step,20260928,2.0,uncorrected,15,175.5895262582323,0.9157841715571838,379.7920664269868,113.47838102441877,52.083333333333336,3,2.4980282412058816
A2,semisynthetic,4,direction_step,20260928,2.0,V7,15,168.19412852420962,0.8772136011392896,363.2999585672525,106.88366627112627,52.083333333333336,3,2.3820558955033295
A2,semisynthetic,4,direction_step,20260928,2.0,shrink,15,143.9698020809141,0.75087204081878,300.15378188521646,87.92623353533558,52.083333333333336,3,1.9921732665963985
A2,semisynthetic,4,direction_step,20260928,2.0,gated,15,170.871774124297,0.8911788159778643,369.71822998810876,109.05868622345525,52.083333333333336,3,2.424102082130059
A2,semisynthetic,4,direction_step,20260929,0.0,uncorrected,15,0.0,0.0,0.0,0.0,0.0,5,0.0
A2,semisynthetic,4,direction_step,20260929,0.0,V7,15,19.264417711107942,0.1004732411439683,2.8430605689100323,1.4553921017131461,0.0,5,0.11547778065264419
A2,semisynthetic,4,direction_step,20260929,0.0,shrink,15,47.08837358197936,0.2455886071890714,29.14394565015891,17.532367457598323,0.0,5,0.4130282449378724
A2,semisynthetic,4,direction_step,20260929,0.0,gated,15,11.783938971669803,0.06145893219724485,1.4627782882175508,1.537890316006311,0.0,5,0.07329432041599857
A2,semisynthetic,4,direction_step,20260929,0.5,uncorrected,15,42.409003430472524,0.2211834321827621,105.86729077929148,42.20328874709423,0.0,4,0.7173684852979108
A2,semisynthetic,4,direction_step,20260929,0.5,V7,15,45.796765059301364,0.2388522450260041,103.4702762298897,41.09711249591258,0.0,4,0.723017260622811
A2,semisynthetic,4,direction_step,20260929,0.5,shrink,15,59.0107835405762,0.30776973245073164,95.2481167123974,36.607018624098,0.0,4,0.7470754740604417
A2,semisynthetic,4,direction_step,20260929,0.5,gated,15,43.50782229282865,0.22691430316919164,104.31358731700706,41.28605894612472,0.0,4,0.7142639030230014
A2,semisynthetic,4,direction_step,20260929,1.0,uncorrected,15,84.81800686094505,0.4423668643655242,211.734581558583,76.62959701984224,0.0,4,1.3941762619209688
A2,semisynthetic,4,direction_step,20260929,1.0,V7,15,83.64254864303255,0.43623628213075033,201.90417538672943,73.3264684403306,0.0,4,1.3451831114214616
A2,semisynthetic,4,direction_step,20260929,1.0,shrink,15,82.28346881367474,0.42914802452147754,172.927460429288,60.9818089385221,0.0,4,1.1981477126042621
A2,semisynthetic,4,direction_step,20260929,1.0,gated,15,83.60538948595332,0.43604247918243827,205.70737459663974,74.2887504905345,0.0,4,1.3599258342722482
A2,semisynthetic,4,direction_step,20260929,2.0,uncorrected,15,169.6360137218901,0.8847337287310484,423.4691631171659,131.22414267580547,75.52083333333333,3,2.6734290902607514
A2,semisynthetic,4,direction_step,20260929,2.0,V7,15,161.81472196541995,0.8439419153220169,401.22482767139314,122.80355593744703,75.52083333333333,3,2.530712375147069
A2,semisynthetic,4,direction_step,20260929,2.0,shrink,15,139.34554039247956,0.7267542830592502,330.7475143205891,101.30052702822702,75.52083333333333,3,2.1175894520204768
A2,semisynthetic,4,direction_step,20260929,2.0,gated,15,164.6799556703705,0.858885492713683,409.9467130319821,125.63877586442527,75.52083333333333,3,2.5831874155600554
A2,synthetic,0,asymmetric_burst,20260927,0.0,uncorrected,16,0.0,0.0,0.0,0.0,0.0,6,0.0
A2,synthetic,0,asymmetric_burst,20260927,0.0,V7,16,0.440626319202363,0.029874039664058712,0.3640016015522182,0.1968219872792399,1.3020833333333333,6,0.05555785949693018
A2,synthetic,0,asymmetric_burst,20260927,0.0,shrink,16,1.2571647329767726,0.08523455694882258,0.8332715455861752,0.46662526896913253,3.90625,6,0.14511880408841302
A2,synthetic,0,asymmetric_burst,20260927,0.0,gated,16,0.003961787594015286,0.00026860537958431075,0.0009726631263534258,0.00020641440947037162,0.0,6,0.00031557288870051375
A2,synthetic,0,asymmetric_burst,20260927,0.5,uncorrected,16,6.220171398659542,0.42172162438498795,3.206434374843612,1.433573996301248,14.322916666666666,6,0.6276131390776033
A2,synthetic,0,asymmetric_burst,20260927,0.5,V7,16,5.66148264997671,0.3838430658181107,2.849481388063033,1.2334351348217256,11.71875,6,0.5640648244478617
A2,synthetic,0,asymmetric_burst,20260927,0.5,shrink,16,4.824277214315669,0.32708134437310316,2.3498937624203173,0.8032215108426538,9.765625,6,0.4611992543366985
A2,synthetic,0,asymmetric_burst,20260927,0.5,gated,16,5.844159626666727,0.3962283887312469,3.0361678406777552,1.3809704011500472,11.71875,6,0.5927814769471278
A2,synthetic,0,asymmetric_burst,20260927,1.0,uncorrected,16,12.440342797319085,0.8434432487699759,6.412868749687223,2.8737210621717786,20.833333333333332,6,1.2556719259353546
A2,synthetic,0,asymmetric_burst,20260927,1.0,V7,16,11.293268057266753,0.7656726872111569,5.778339013304029,2.500505630306267,20.182291666666668,6,1.1310874656777523
A2,synthetic,0,asymmetric_burst,20260927,1.0,shrink,16,9.407108316192609,0.6377928750846336,4.681456396874944,1.8770969020215895,19.53125,6,0.9237573507774888
A2,synthetic,0,asymmetric_burst,20260927,1.0,gated,16,11.208601716615991,0.759932390936095,5.887642628691534,2.631043156857988,20.182291666666668,6,1.1379028277360934
A2,synthetic,0,asymmetric_burst,20260927,2.0,uncorrected,16,24.88068559463817,1.6868864975399518,12.825737499374446,5.762344197219988,30.598958333333332,6,2.5123541980456565
A2,synthetic,0,asymmetric_burst,20260927,2.0,V7,16,22.373978461976886,1.5169341704913488,11.371330078390532,4.904218048434512,30.598958333333332,6,2.2349180348467215
A2,synthetic,0,asymmetric_burst,20260927,2.0,shrink,16,18.69530169878196,1.2675234323087647,9.455327748090147,4.035494621605816,21.484375,6,1.8616571303488882
A2,synthetic,0,asymmetric_burst,20260927,2.0,gated,16,21.53606050009336,1.4601241404553549,11.169223233554598,4.8180527859460165,29.947916666666668,6,2.1654147584588683
A2,synthetic,0,asymmetric_burst,20260928,0.0,uncorrected,16,0.0,0.0,0.0,0.0,0.0,6,0.0
A2,synthetic,0,asymmetric_burst,20260928,0.0,V7,16,0.440626319202363,0.029874039664058712,0.3640016015522182,0.1968219872792399,1.3020833333333333,6,0.05555785949693018
A2,synthetic,0,asymmetric_burst,20260928,0.0,shrink,16,1.2571647329767726,0.08523455694882258,0.8332715455861752,0.46662526896913253,3.90625,6,0.14511880408841302
A2,synthetic,0,asymmetric_burst,20260928,0.0,gated,16,0.003961787594015286,0.00026860537958431075,0.0009726631263534258,0.00020641440947037162,0.0,6,0.00031557288870051375
A2,synthetic,0,asymmetric_burst,20260928,0.5,uncorrected,16,6.2563115805836444,0.42417189387915105,4.908566111443169,2.4345899113854297,9.114583333333334,6,0.7556327680191361
A2,synthetic,0,asymmetric_burst,20260928,0.5,V7,16,5.6963976280842585,0.3862102676746471,4.573234270335261,2.048738783712379,9.114583333333334,6,0.6801432195529754
A2,synthetic,0,asymmetric_burst,20260928,0.5,shrink,16,4.7508989288194465,0.3221063673554729,3.740718761037183,1.5303213558527908,6.510416666666667,6,0.5526692429164801
A2,synthetic,0,asymmetric_burst,20260928,0.5,gated,16,5.910600295516658,0.40073300202834283,4.724916015895969,2.27523179406712,9.114583333333334,6,0.7151638997236996
A2,synthetic,0,asymmetric_burst,20260928,1.0,uncorrected,16,12.512623161167287,0.8483437877583019,9.817132222886334,4.970321766667624,11.71875,6,1.5181228623304046
A2,synthetic,0,asymmetric_burst,20260928,1.0,V7,16,11.409128853514414,0.7735279375032358,9.039811917604258,4.174446593663805,12.369791666666666,6,1.3629966589265485
A2,synthetic,0,asymmetric_burst,20260928,1.0,shrink,16,9.35925915953758,0.6345487483915396,7.375458369408432,3.3988031219324264,11.71875,6,1.1150088071377562
A2,synthetic,0,asymmetric_burst,20260928,1.0,gated,16,11.50213629740851,0.7798337525371056,9.158919094357794,4.378274650532322,11.71875,6,1.3871594955997206
A2,synthetic,0,asymmetric_burst,20260928,2.0,uncorrected,16,25.025246322334578,1.6966875755166042,19.63426444577267,10.000739406547753,13.020833333333334,6,3.0403201669302735
A2,synthetic,0,asymmetric_burst,20260928,2.0,V7,16,22.588515363255883,1.5314795655776319,18.037108234640755,8.618786363768232,13.020833333333334,6,2.7272742472352314
A2,synthetic,0,asymmetric_burst,20260928,2.0,shrink,16,18.70153620788913,1.2679461260159648,14.714738413098194,7.213490466678921,13.020833333333334,6,2.255836365086171
A2,synthetic,0,asymmetric_burst,20260928,2.0,gated,16,21.979343113397807,1.4901782742987826,17.788881711423087,8.43507144696511,13.020833333333334,6,2.6651025022162584
A2,synthetic,0,asymmetric_burst,20260929,0.0,uncorrected,16,0.0,0.0,0.0,0.0,0.0,6,0.0
A2,synthetic,0,asymmetric_burst,20260929,0.0,V7,16,0.440626319202363,0.029874039664058712,0.3640016015522182,0.1968219872792399,1.3020833333333333,6,0.05555785949693018
A2,synthetic,0,asymmetric_burst,20260929,0.0,shrink,16,1.2571647329767726,0.08523455694882258,0.8332715455861752,0.46662526896913253,3.90625,6,0.14511880408841302
A2,synthetic,0,asymmetric_burst,20260929,0.0,gated,16,0.003961787594015286,0.00026860537958431075,0.0009726631263534258,0.00020641440947037162,0.0,6,0.00031557288870051375
A2,synthetic,0,asymmetric_burst,20260929,0.5,uncorrected,16,6.21637072968402,0.42146394269241394,4.210632588638947,2.0828487297842546,7.161458333333333,6,0.7054174938016397
A2,synthetic,0,asymmetric_burst,20260929,0.5,V7,16,5.693429706938265,0.3860090454821196,3.8619987586798303,1.936430842538624,7.161458333333333,6,0.6482170861990829
A2,synthetic,0,asymmetric_burst,20260929,0.5,shrink,16,4.894877135413849,0.3318679509629783,2.971644728004541,1.5892298048569369,5.859375,6,0.5403535235630117
A2,synthetic,0,asymmetric_burst,20260929,0.5,gated,16,5.9179746384621,0.40123297537094144,4.0491147736486,1.988714733473918,7.161458333333333,6,0.6733289562045054
A2,synthetic,0,asymmetric_burst,20260929,1.0,uncorrected,16,12.43274145936804,0.8429278853848279,8.421265177277894,4.091959645785224,9.114583333333334,6,1.4058356349143828
A2,synthetic,0,asymmetric_burst,20260929,1.0,V7,16,11.178943579390173,0.7579215978235772,7.741370610418277,3.6672134857277547,9.114583333333334,6,1.2689838690736266
A2,synthetic,0,asymmetric_burst,20260929,1.0,shrink,16,9.476964406165894,0.6425290506413178,6.0755747428817495,3.076627702259255,7.161458333333333,6,1.0570804981465365
A2,synthetic,0,asymmetric_burst,20260929,1.0,gated,16,11.237631401158989,0.7619005755625661,7.812804066252399,3.717220369175777,9.114583333333334,6,1.2787748250228657
A2,synthetic,0,asymmetric_burst,20260929,2.0,uncorrected,16,24.86548291873608,1.6858557707696558,16.842530354555787,7.527379610517554,27.994791666666668,6,2.7671585123786264
A2,synthetic,0,asymmetric_burst,20260929,2.0,V7,16,22.263702381449175,1.509457558541238,15.548452320029666,6.805808843405839,27.994791666666668,6,2.4979698761531943
A2,synthetic,0,asymmetric_burst,20260929,2.0,shrink,16,18.760062320407016,1.2719141400236333,12.365811579847444,5.697579641943027,22.786458333333332,6,2.0773995991363434
A2,synthetic,0,asymmetric_burst,20260929,2.0,gated,16,21.622538297705937,1.4659872517661254,15.274810057570788,6.736615117232543,24.088541666666668,6,2.440531960651087
A2,synthetic,0,direction_step,20260927,0.0,uncorrected,16,0.0,0.0,0.0,0.0,0.0,6,0.0
A2,synthetic,0,direction_step,20260927,0.0,V7,16,0.440626319202363,0.029874039664058712,0.3640016015522182,0.1968219872792399,1.3020833333333333,6,0.05555785949693018
A2,synthetic,0,direction_step,20260927,0.0,shrink,16,1.2571647329767726,0.08523455694882258,0.8332715455861752,0.46662526896913253,3.90625,6,0.14511880408841302
A2,synthetic,0,direction_step,20260927,0.0,gated,16,0.003961787594015286,0.00026860537958431075,0.0009726631263534258,0.00020641440947037162,0.0,6,0.00031557288870051375
A2,synthetic,0,direction_step,20260927,0.5,uncorrected,16,8.852689455524198,0.6002038108088255,22.195423549848012,8.18229475847145,7.161458333333333,6,1.9073696672302276
A2,synthetic,0,direction_step,20260927,0.5,V7,16,7.576307741265848,0.5136663610548964,18.977233335484186,7.043504689192585,7.161458333333333,6,1.634528251561436
A2,synthetic,0,direction_step,20260927,0.5,shrink,16,6.785940647844143,0.46008023406005616,16.850372315234896,6.226567515969246,6.510416666666667,6,1.4534550083701774
A2,synthetic,0,direction_step,20260927,0.5,gated,16,7.75624074142094,0.5258656450042458,19.632825122093053,7.299204244932992,7.161458333333333,6,1.6862879644477546
A2,synthetic,0,direction_step,20260927,1.0,uncorrected,16,17.705378911048395,1.200407621617651,44.390847099696025,14.829349305040703,11.71875,5,3.710651528114142
A2,synthetic,0,direction_step,20260927,1.0,V7,16,15.08813589852915,1.022961068474801,37.81822878736167,12.973701698039562,11.71875,5,3.184585263439223
A2,synthetic,0,direction_step,20260927,1.0,shrink,16,13.367269437201047,0.906287981367052,33.48719430964883,11.645442165713177,14.322916666666666,6,2.831037479357807
A2,synthetic,0,direction_step,20260927,1.0,gated,16,14.461074545054727,0.9804469132164312,36.47421654466682,12.61292245342819,11.71875,5,3.0720492560069648
A2,synthetic,0,direction_step,20260927,2.0,uncorrected,16,35.41075782209679,2.400815243235302,88.78169419939204,26.080401371520896,11.71875,4,7.178697953046841
A2,synthetic,0,direction_step,20260927,2.0,V7,16,30.1421553276554,2.0436090732134526,75.51418881560211,22.722233725338793,11.71875,4,6.144049216634083
A2,synthetic,0,direction_step,20260927,2.0,shrink,16,26.616777019943452,1.8045918225280013,66.77541271682891,20.461378197613175,12.6953125,4,5.455507843187244
A2,synthetic,0,direction_step,20260927,2.0,gated,16,27.772145047281352,1.8829246609697878,69.78757390898146,21.282966445658648,11.71875,4,5.691654385313289
A2,synthetic,0,direction_step,20260928,0.0,uncorrected,16,0.0,0.0,0.0,0.0,0.0,6,0.0
A2,synthetic,0,direction_step,20260928,0.0,V7,16,0.440626319202363,0.029874039664058712,0.3640016015522182,0.1968219872792399,1.3020833333333333,6,0.05555785949693018
A2,synthetic,0,direction_step,20260928,0.0,shrink,16,1.2571647329767726,0.08523455694882258,0.8332715455861752,0.46662526896913253,3.90625,6,0.14511880408841302
A2,synthetic,0,direction_step,20260928,0.0,gated,16,0.003961787594015286,0.00026860537958431075,0.0009726631263534258,0.00020641440947037162,0.0,6,0.00031557288870051375
A2,synthetic,0,direction_step,20260928,0.5,uncorrected,16,8.693863627530876,0.5894355727840551,21.884381163345168,8.049388856425365,9.114583333333334,6,1.877046350197229
A2,synthetic,0,direction_step,20260928,0.5,V7,16,7.433361460723862,0.5039747410389351,18.734927608835246,6.8904878143544055,8.463541666666666,6,1.6062481876064418
A2,synthetic,0,direction_step,20260928,0.5,shrink,16,6.667278594649208,0.4520350612474533,16.635224250886196,6.065314870199914,8.463541666666666,6,1.4271836459505067
A2,synthetic,0,direction_step,20260928,0.5,gated,16,7.602966622606056,0.5154738075097484,19.36045353715496,7.139417990419239,8.463541666666666,6,1.6558295074943412
A2,synthetic,0,direction_step,20260928,1.0,uncorrected,16,17.38772725506175,1.1788711455681102,43.768762326690336,14.392610398651945,13.28125,5,3.638416201291629
A2,synthetic,0,direction_step,20260928,1.0,V7,16,14.81252112953447,1.0042746528384123,37.30812329828789,12.686399887910026,12.369791666666666,6,3.1291277318435844
A2,synthetic,0,direction_step,20260928,1.0,shrink,16,13.128439260718004,0.8900955256414288,33.038749016136485,11.445572803119846,11.067708333333334,6,2.786091994236546
A2,synthetic,0,direction_step,20260928,1.0,gated,16,14.201124853977028,0.9628225747611777,36.0020861975429,12.33906169171375,12.369791666666666,6,3.0198524307248795
A2,synthetic,0,direction_step,20260928,2.0,uncorrected,16,34.7754545101235,2.3577422911362205,87.53752465338067,24.769781333974194,7.8125,4,7.004589477981548
A2,synthetic,0,direction_step,20260928,2.0,V7,16,29.586394415069357,2.0059290191114103,74.4928209498622,21.58522970235656,7.8125,4,5.994657507549139
A2,synthetic,0,direction_step,20260928,2.0,shrink,16,26.139167223963977,1.7722103387917085,65.8603914101293,19.4713813386877,6.8359375,4,5.324986745562216
A2,synthetic,0,direction_step,20260928,2.0,gated,16,27.262978586027728,1.8484036657495422,68.88443060690808,20.22410065706686,6.8359375,4,5.554727187796224
A2,synthetic,0,direction_step,20260929,0.0,uncorrected,16,0.0,0.0,0.0,0.0,0.0,6,0.0
A2,synthetic,0,direction_step,20260929,0.0,V7,16,0.440626319202363,0.029874039664058712,0.3640016015522182,0.1968219872792399,1.3020833333333333,6,0.05555785949693018
A2,synthetic,0,direction_step,20260929,0.0,shrink,16,1.2571647329767726,0.08523455694882258,0.8332715455861752,0.46662526896913253,3.90625,6,0.14511880408841302
A2,synthetic,0,direction_step,20260929,0.0,gated,16,0.003961787594015286,0.00026860537958431075,0.0009726631263534258,0.00020641440947037162,0.0,6,0.00031557288870051375
A2,synthetic,0,direction_step,20260929,0.5,uncorrected,16,7.9718039821336095,0.5404806249147077,20.049223925367887,7.282920705445665,5.859375,6,1.7139146547989648
A2,synthetic,0,direction_step,20260929,0.5,V7,16,6.8332716984104325,0.46328923365980434,17.172927619264446,6.228508719036817,5.208333333333333,6,1.4677300889963134
A2,synthetic,0,direction_step,20260929,0.5,shrink,16,6.127276204544127,0.41542341977790037,15.260742609517713,5.497553578312297,5.859375,6,1.3054840711107492
A2,synthetic,0,direction_step,20260929,0.5,gated,16,7.064403652849552,0.4789597573521817,17.87262602515589,6.5169421684914,5.208333333333333,6,1.5266755611965444
A2,synthetic,0,direction_step,20260929,1.0,uncorrected,16,15.94360796426722,1.0809612498294157,40.098447850735774,13.211757687367014,10.9375,5,3.3360237385229894
A2,synthetic,0,direction_step,20260929,1.0,V7,16,13.582202476160251,0.9208602342061636,34.17627085410361,11.543384494419824,18.880208333333332,6,2.8620496831811937
A2,synthetic,0,direction_step,20260929,1.0,shrink,16,12.041591683762627,0.8164083076796723,30.28702677764776,10.358987912687217,19.53125,6,2.545453310695384
A2,synthetic,0,direction_step,20260929,1.0,gated,16,13.114574772843335,0.8891555267293358,33.129910481041996,11.273838494280767,18.880208333333332,6,2.7765989044615416
A2,synthetic,0,direction_step,20260929,2.0,uncorrected,16,31.88721592853444,2.1619224996588313,80.19689570147155,22.841449398767953,15.625,4,6.429186857101623
A2,synthetic,0,direction_step,20260929,2.0,V7,16,27.139513629879552,1.8400328607468615,68.23230640756658,19.927757984239364,15.625,4,5.504157939236265
A2,synthetic,0,direction_step,20260929,2.0,shrink,16,23.96649456374686,1.6249052269549076,60.35548732828002,18.027835967238953,15.625,4,4.89319705424218
A2,synthetic,0,direction_step,20260929,2.0,gated,16,25.113412660099904,1.7026651682219243,63.25372038668061,18.729566554752168,16.6015625,4,5.116782356536975
A2,synthetic,1,asymmetric_burst,20260927,0.0,uncorrected,12,0.0,0.0,0.0,0.0,0.0,6,0.0
A2,synthetic,1,asymmetric_burst,20260927,0.0,V7,12,0.2751279054898554,0.01876034600368107,0.1567790407713418,0.03187874772140079,1.3020833333333333,6,0.026279288363352443
A2,synthetic,1,asymmetric_burst,20260927,0.0,shrink,12,0.9936841603277239,0.06775706242132812,0.830820217039399,0.34365659326827264,1.3020833333333333,6,0.11951609406176066
A2,synthetic,1,asymmetric_burst,20260927,0.0,gated,12,0.051726286873480215,0.00352709783293115,0.005375835489989928,0.0007384952587283777,0.0,6,0.0037607371411173284
A2,synthetic,1,asymmetric_burst,20260927,0.5,uncorrected,12,6.873045454724084,0.4686573344862165,5.921154920761308,2.2615631498655415,13.020833333333334,6,0.8247432231701078
A2,synthetic,1,asymmetric_burst,20260927,0.5,V7,12,6.348965714211026,0.4329215291776311,5.374664750187526,2.005450654407509,13.020833333333334,6,0.7529117286337628
A2,synthetic,1,asymmetric_burst,20260927,0.5,shrink,12,5.2468442704661085,0.35777037507743914,4.301872387233561,1.4785095007274636,12.369791666666666,6,0.6052540205703865
A2,synthetic,1,asymmetric_burst,20260927,0.5,gated,12,6.486540224294372,0.44230242206036213,5.630287061919237,2.097124068791671,13.020833333333334,6,0.7772587750697958
A2,synthetic,1,asymmetric_burst,20260927,1.0,uncorrected,12,13.746090909448167,0.937314668972433,11.842309841522615,4.677340010526972,18.880208333333332,6,1.6600019284680334
A2,synthetic,1,asymmetric_burst,20260927,1.0,V7,12,12.603656278203538,0.8594146503226442,10.591842302767377,3.8827227994928535,18.880208333333332,6,1.4852855013962638
A2,synthetic,1,asymmetric_burst,20260927,1.0,shrink,12,10.35446471031222,0.7060473938566916,8.704282559990604,3.2673129089392776,18.229166666666668,6,1.2256006419690701
A2,synthetic,1,asymmetric_burst,20260927,1.0,gated,12,12.543348058150396,0.8553023699887078,10.684734613163183,3.839478442670327,18.880208333333332,6,1.4813915444099686
A2,synthetic,1,asymmetric_burst,20260927,2.0,uncorrected,12,27.492181818896334,1.874629337944866,23.68461968304523,9.563973112595276,42.96875,6,3.3342750767401963
A2,synthetic,1,asymmetric_burst,20260927,2.0,V7,12,25.127202274168226,1.7133667627374107,21.393146852634455,7.830917501735769,28.645833333333332,6,2.9767142220635696
A2,synthetic,1,asymmetric_burst,20260927,2.0,shrink,12,20.64017594076856,1.4074066443251039,17.56727490863973,6.957109448787176,18.880208333333332,6,2.480732367984014
A2,synthetic,1,asymmetric_burst,20260927,2.0,gated,12,24.373858091142964,1.6619979366335988,20.884156145880095,7.202220140950459,28.645833333333332,6,2.865122493902193
A2,synthetic,1,asymmetric_burst,20260928,0.0,uncorrected,12,0.0,0.0,0.0,0.0,0.0,6,0.0
A2,synthetic,1,asymmetric_burst,20260928,0.0,V7,12,0.2751279054898554,0.01876034600368107,0.1567790407713418,0.03187874772140079,1.3020833333333333,6,0.026279288363352443
A2,synthetic,1,asymmetric_burst,20260928,0.0,shrink,12,0.9936841603277239,0.06775706242132812,0.830820217039399,0.34365659326827264,1.3020833333333333,6,0.11951609406176066
A2,synthetic,1,asymmetric_burst,20260928,0.0,gated,12,0.051726286873480215,0.00352709783293115,0.005375835489989928,0.0007384952587283777,0.0,6,0.0037607371411173284
A2,synthetic,1,asymmetric_burst,20260928,0.5,uncorrected,12,6.76915551498363,0.4615733158281951,3.7851272481102116,2.097929453079358,5.859375,6,0.7336759610289629
A2,synthetic,1,asymmetric_burst,20260928,0.5,V7,12,6.090333407822221,0.4152859805518195,3.5033774506392885,1.9864065038727796,7.161458333333333,6,0.6701781906658719
A2,synthetic,1,asymmetric_burst,20260928,0.5,shrink,12,5.197828845482781,0.3544281247500233,2.9477018195772504,1.8499634852416278,5.859375,6,0.5810714672047298
A2,synthetic,1,asymmetric_burst,20260928,0.5,gated,12,6.218447046533789,0.42402175813766757,3.544313409292367,2.0060033667344954,6.510416666666667,6,0.681645898699474
A2,synthetic,1,asymmetric_burst,20260928,1.0,uncorrected,12,13.53831102996726,0.9231466316563902,7.570254496220424,3.8713437360603202,14.973958333333334,6,1.4452239708286612
A2,synthetic,1,asymmetric_burst,20260928,1.0,V7,12,12.017399686778441,0.8194391469926884,7.039695725046952,3.5380155823477284,13.671875,6,1.3006987997958768
A2,synthetic,1,asymmetric_burst,20260928,1.0,shrink,12,10.227247473668903,0.6973727398887072,5.727627486243441,3.23171635737267,8.463541666666666,6,1.113013071092203
A2,synthetic,1,asymmetric_burst,20260928,1.0,gated,12,11.857138997009727,0.808511335124617,6.966901896121219,3.5878026143040507,14.322916666666666,6,1.2906840295793234
A2,synthetic,1,asymmetric_burst,20260928,2.0,uncorrected,12,27.07662205993452,1.8462932633127804,15.140508992440848,7.190147382633506,17.578125,6,2.8527714898949044
A2,synthetic,1,asymmetric_burst,20260928,2.0,V7,12,24.056150395255447,1.6403341715848663,14.35523859085822,6.5527179685835,26.041666666666668,6,2.5765746353120544
A2,synthetic,1,asymmetric_burst,20260928,2.0,shrink,12,20.356875307914954,1.388089018634127,11.37512717682928,5.876346887730516,17.578125,6,2.176605767968646
A2,synthetic,1,asymmetric_burst,20260928,2.0,gated,12,23.17729110345143,1.580406755740088,14.077564210911111,6.649737789100354,16.927083333333332,6,2.5137957881718043
A2,synthetic,1,asymmetric_burst,20260929,0.0,uncorrected,12,0.0,0.0,0.0,0.0,0.0,6,0.0
A2,synthetic,1,asymmetric_burst,20260929,0.0,V7,12,0.2751279054898554,0.01876034600368107,0.1567790407713418,0.03187874772140079,1.3020833333333333,6,0.026279288363352443
A2,synthetic,1,asymmetric_burst,20260929,0.0,shrink,12,0.9936841603277239,0.06775706242132812,0.830820217039399,0.34365659326827264,1.3020833333333333,6,0.11951609406176066
A2,synthetic,1,asymmetric_burst,20260929,0.0,gated,12,0.051726286873480215,0.00352709783293115,0.005375835489989928,0.0007384952587283777,0.0,6,0.0037607371411173284
A2,synthetic,1,asymmetric_burst,20260929,0.5,uncorrected,12,5.639998877667338,0.3845786933790821,8.253712958350032,3.2339418883680824,8.463541666666666,6,0.8864947894311094
A2,synthetic,1,asymmetric_burst,20260929,0.5,V7,12,5.1223056093489605,0.3492783670812563,7.255477418803545,2.8669900837555318,7.8125,6,0.7921391490247065
A2,synthetic,1,asymmetric_burst,20260929,0.5,shrink,12,4.335831541225945,0.2956504894777813,6.063276604095455,2.404327475122181,7.161458333333333,6,0.6663166298763852
A2,synthetic,1,asymmetric_burst,20260929,0.5,gated,12,5.368135574942162,0.366040953211479,7.814388420152278,3.0787702934541663,7.161458333333333,6,0.8423979807631428
A2,synthetic,1,asymmetric_burst,20260929,1.0,uncorrected,12,11.279997755334678,0.7691573867581644,16.507425916700065,6.274624353500106,9.765625,6,1.759811658425813
A2,synthetic,1,asymmetric_burst,20260929,1.0,V7,12,10.124626215624136,0.6903752297494682,14.34829002790677,5.510661976088571,10.416666666666666,6,1.555323362507575
A2,synthetic,1,asymmetric_burst,20260929,1.0,shrink,12,8.508657229839104,0.5801859806779572,12.2260228169749,4.750909164483114,9.765625,6,1.3209720108792882
A2,synthetic,1,asymmetric_burst,20260929,1.0,gated,12,10.255772051409174,0.6993177659559962,14.817418475298224,5.7081309807422045,9.114583333333334,6,1.593725261749236
A2,synthetic,1,asymmetric_burst,20260929,2.0,uncorrected,12,22.559995510669353,1.5383147735163285,33.01485183340013,11.318458525989799,20.833333333333332,6,3.435698534257953
A2,synthetic,1,asymmetric_burst,20260929,2.0,V7,12,20.090829598602372,1.3699479669272407,28.63519124110637,9.96698845452677,21.484375,6,3.025858511489511
A2,synthetic,1,asymmetric_burst,20260929,2.0,shrink,12,16.93960538293912,1.1550731561887098,24.593047895779385,8.859617066899986,20.833333333333332,6,2.597662285173873
A2,synthetic,1,asymmetric_burst,20260929,2.0,gated,12,19.56079158113117,1.3338058802669999,27.978289289414622,9.797986625550827,21.484375,6,2.95579624969348
A2,synthetic,1,direction_step,20260927,0.0,uncorrected,12,0.0,0.0,0.0,0.0,0.0,6,0.0
A2,synthetic,1,direction_step,20260927,0.0,V7,12,0.2751279054898554,0.01876034600368107,0.1567790407713418,0.03187874772140079,1.3020833333333333,6,0.026279288363352443
A2,synthetic,1,direction_step,20260927,0.0,shrink,12,0.9936841603277239,0.06775706242132812,0.830820217039399,0.34365659326827264,1.3020833333333333,6,0.11951609406176066
A2,synthetic,1,direction_step,20260927,0.0,gated,12,0.051726286873480215,0.00352709783293115,0.005375835489989928,0.0007384952587283777,0.0,6,0.0037607371411173284
A2,synthetic,1,direction_step,20260927,0.5,uncorrected,12,8.82011510444637,0.6014235846309262,22.335408585688963,7.833725450590236,7.8125,6,1.8970878536434932
A2,synthetic,1,direction_step,20260927,0.5,V7,12,7.502181135342077,0.5115566653652143,18.98799117431763,6.728906845130009,7.8125,6,1.6177594777328588
A2,synthetic,1,direction_step,20260927,0.5,shrink,12,6.673077028449148,0.45502194239449095,16.73496835631555,5.92877129963415,8.463541666666666,6,1.4298510817465029
A2,synthetic,1,direction_step,20260927,0.5,gated,12,7.566231603335377,0.5159241210731789,19.25427586222422,6.844752562802011,7.8125,6,1.639104862955315
A2,synthetic,1,direction_step,20260927,1.0,uncorrected,12,17.64023020889274,1.2028471692618523,44.67081717137793,14.422238240239517,10.416666666666666,6,3.709267488595669
A2,synthetic,1,direction_step,20260927,1.0,V7,12,14.989876226113708,1.022125560304588,37.94967794917526,12.579952581027669,9.765625,6,3.1737750144135037
A2,synthetic,1,direction_step,20260927,1.0,shrink,12,13.25108448797262,0.9035613071518972,33.476220751700765,11.258121586045938,9.114583333333334,6,2.8125606777150405
A2,synthetic,1,direction_step,20260927,1.0,gated,12,14.216590307980885,0.9693969526480272,36.12941285884929,12.08446334933788,9.765625,6,3.0252002553565016
A2,synthetic,1,direction_step,20260927,2.0,uncorrected,12,35.28046041778547,2.405694338523704,89.34163434275585,25.78746645841156,17.96875,5,7.210084417991987
A2,synthetic,1,direction_step,20260927,2.0,V7,12,30.02460205579401,2.0473093130507576,75.9597893504804,22.47477602843968,14.84375,5,6.169575783695826
A2,synthetic,1,direction_step,20260927,2.0,shrink,12,26.46261531018551,1.8044255398138573,66.97418603091543,20.139737066257112,13.28125,5,5.461117090684834
A2,synthetic,1,direction_step,20260927,2.0,gated,12,27.5197866739231,1.876511650212542,69.73966734808563,20.924573748029164,14.84375,5,5.681005369033138
A2,synthetic,1,direction_step,20260928,0.0,uncorrected,12,0.0,0.0,0.0,0.0,0.0,6,0.0
A2,synthetic,1,direction_step,20260928,0.0,V7,12,0.2751279054898554,0.01876034600368107,0.1567790407713418,0.03187874772140079,1.3020833333333333,6,0.026279288363352443
A2,synthetic,1,direction_step,20260928,0.0,shrink,12,0.9936841603277239,0.06775706242132812,0.830820217039399,0.34365659326827264,1.3020833333333333,6,0.11951609406176066
A2,synthetic,1,direction_step,20260928,0.0,gated,12,0.051726286873480215,0.00352709783293115,0.005375835489989928,0.0007384952587283777,0.0,6,0.0037607371411173284
A2,synthetic,1,direction_step,20260928,0.5,uncorrected,12,8.569236861265413,0.5843167679360128,21.522625211899964,7.59361061221481,9.114583333333334,6,1.8358972276886407
A2,synthetic,1,direction_step,20260928,0.5,V7,12,7.290706798458973,0.4971367114032112,18.320461658660896,6.524583291129176,9.114583333333334,6,1.5666485058514663
A2,synthetic,1,direction_step,20260928,0.5,shrink,12,6.486531844553165,0.44230185066487177,16.155283888882618,5.741568977982568,6.510416666666667,6,1.3846024069858658
A2,synthetic,1,direction_step,20260928,0.5,gated,12,7.396745235999058,0.504367231238703,18.65902652115189,6.675286930592457,9.114583333333334,6,1.5956981479318164
A2,synthetic,1,direction_step,20260928,1.0,uncorrected,12,17.138473722530826,1.1686335358720257,43.04525042379992,14.175212445243622,16.276041666666668,6,3.6027878788815637
A2,synthetic,1,direction_step,20260928,1.0,V7,12,14.56438643343004,0.9931123792622366,36.573036952322646,12.330862712965518,14.322916666666666,6,3.0808419529379063
A2,synthetic,1,direction_step,20260928,1.0,shrink,12,12.875308946306763,0.8779380277945363,32.286567692171,10.984407499099547,14.973958333333334,6,2.7277135894941513
A2,synthetic,1,direction_step,20260928,1.0,gated,12,13.863380484245301,0.9453123782629578,34.92568513668702,11.87827569304721,14.322916666666666,6,2.946016486188904
A2,synthetic,1,direction_step,20260928,2.0,uncorrected,12,34.27694744506165,2.3372670717440513,86.09050084759986,25.178433320647372,22.65625,5,6.989284868385679
A2,synthetic,1,direction_step,20260928,2.0,V7,12,29.187524603987203,1.9902309058284327,73.26900203216222,21.983899999919696,22.65625,5,5.98728632368845
A2,synthetic,1,direction_step,20260928,2.0,shrink,12,25.709977527125968,1.753104881516762,64.56516031500922,19.73576563864062,22.65625,5,5.30011754799743
A2,synthetic,1,direction_step,20260928,2.0,gated,12,26.81372706801177,1.828367051857332,67.41935681573494,20.527278120160037,22.65625,5,5.526661737162973
A2,synthetic,1,direction_step,20260929,0.0,uncorrected,12,0.0,0.0,0.0,0.0,0.0,6,0.0
A2,synthetic,1,direction_step,20260929,0.0,V7,12,0.2751279054898554,0.01876034600368107,0.1567790407713418,0.03187874772140079,1.3020833333333333,6,0.026279288363352443
A2,synthetic,1,direction_step,20260929,0.0,shrink,12,0.9936841603277239,0.06775706242132812,0.830820217039399,0.34365659326827264,1.3020833333333333,6,0.11951609406176066
A2,synthetic,1,direction_step,20260929,0.0,gated,12,0.051726286873480215,0.00352709783293115,0.005375835489989928,0.0007384952587283777,0.0,6,0.0037607371411173284
A2,synthetic,1,direction_step,20260929,0.5,uncorrected,12,7.606392696987535,0.5186626146892999,17.96005370309221,6.118032464026641,4.557291666666667,6,1.5481649337649956
A2,synthetic,1,direction_step,20260929,0.5,V7,12,6.471208449301564,0.44125698320092127,15.270123366719458,5.245197381466208,5.208333333333333,6,1.3195325483165579
A2,synthetic,1,direction_step,20260929,0.5,shrink,12,5.770995215333347,0.3935110356489577,13.486775240909855,4.607790323724354,3.90625,6,1.1675220375609703
A2,synthetic,1,direction_step,20260929,0.5,gated,12,6.598698843843946,0.44995026318465264,15.683173077961047,5.398125162529273,5.208333333333333,6,1.3527360858989075
A2,synthetic,1,direction_step,20260929,1.0,uncorrected,12,15.21278539397507,1.0373252293785997,35.92010740618442,11.78921819541167,7.8125,6,3.0658604053355063
A2,synthetic,1,direction_step,20260929,1.0,V7,12,12.912182248188062,0.8804523343689992,30.485227403756504,10.122053826446509,7.8125,6,2.6100113125921376
A2,synthetic,1,direction_step,20260929,1.0,shrink,12,11.432879096434897,0.7795820176273607,26.944014561861373,8.96316194949021,5.859375,6,2.30938517105323
A2,synthetic,1,direction_step,20260929,1.0,gated,12,12.34092056833883,0.8414992999483929,29.286054848718017,9.777537528270313,7.8125,6,2.5066820712161593
A2,synthetic,1,direction_step,20260929,2.0,uncorrected,12,30.425570787950136,2.0746504587571994,71.84021481236884,21.130318297367282,23.4375,5,5.964789206952606
A2,synthetic,1,direction_step,20260929,2.0,V7,12,25.89718998248654,1.7658704729696164,61.061557815417565,18.455485184942464,22.65625,5,5.106132385586551
A2,synthetic,1,direction_step,20260929,2.0,shrink,12,22.8208563605848,1.556102281455644,53.87768981468449,16.568159261222085,10.15625,5,4.522745924282914
A2,synthetic,1,direction_step,20260929,2.0,gated,12,23.849956382370483,1.6262742709044098,56.35312071044394,17.279095009746772,9.375,5,4.7257920059468805
A2,synthetic,2,asymmetric_burst,20260927,0.0,uncorrected,13,0.0,0.0,0.0,0.0,0.0,6,0.0
A2,synthetic,2,asymmetric_burst,20260927,0.0,V7,13,0.2815557343706896,0.019139468053279644,0.20724793336259198,0.045460136765833305,1.953125,6,0.0292738396424637
A2,synthetic,2,asymmetric_burst,20260927,0.0,shrink,13,1.154203110963702,0.07845989575975565,1.2850816225903945,0.4249501466830636,5.208333333333333,6,0.15102531209928066
A2,synthetic,2,asymmetric_burst,20260927,0.0,gated,13,0.02582693041747168,0.0017556513659518433,0.006243300572725554,0.0008875924238074262,0.0,6,0.002028189849107437
A2,synthetic,2,asymmetric_burst,20260927,0.5,uncorrected,13,6.206102195119979,0.4218756011642889,4.480047071281587,2.5188421670293306,4.557291666666667,6,0.7453716162239091
A2,synthetic,2,asymmetric_burst,20260927,0.5,V7,13,5.606064705247851,0.38108652473561416,4.26079945230724,2.34843734102122,5.859375,6,0.6855468801769181
A2,synthetic,2,asymmetric_burst,20260927,0.5,shrink,13,4.843966796344611,0.32928097862046735,3.493448941812299,2.132266198565506,5.208333333333333,6,0.5929652476099155
A2,synthetic,2,asymmetric_burst,20260927,0.5,gated,13,5.839020410574879,0.39692228204988617,4.41990352129069,2.391194957628509,4.557291666666667,6,0.709696947498229
A2,synthetic,2,asymmetric_burst,20260927,1.0,uncorrected,13,12.412204390239959,0.8437512023285778,8.960094142563175,4.901699794544219,16.276041666666668,6,1.4814993370762894
A2,synthetic,2,asymmetric_burst,20260927,1.0,V7,13,11.142310308988147,0.7574269182450278,8.380310277497378,4.440741311095967,12.369791666666666,6,1.3441340838518212
A2,synthetic,2,asymmetric_burst,20260927,1.0,shrink,13,9.430058925591453,0.641032270041704,6.733246670246863,3.952465744641991,12.369791666666666,6,1.1385659890205817
A2,synthetic,2,asymmetric_burst,20260927,1.0,gated,13,11.309660971628466,0.7688030057129626,8.826826995448073,4.563629120905659,11.71875,6,1.3790403386382595
A2,synthetic,2,asymmetric_burst,20260927,2.0,uncorrected,13,24.824408780479917,1.6875024046571556,17.92018828512635,8.671633028912046,25.390625,6,2.886063960069479
A2,synthetic,2,asymmetric_burst,20260927,2.0,V7,13,22.097932478888296,1.5021632348158,16.64376528850101,7.8341439048296335,25.390625,6,2.600410282403715
A2,synthetic,2,asymmetric_burst,20260927,2.0,shrink,13,18.7040238428025,1.2714536523549707,13.39180662166631,7.116797780252568,25.390625,6,2.2104071844264426
A2,synthetic,2,asymmetric_burst,20260927,2.0,gated,13,21.58845424438503,1.4675301543888943,16.934826206383622,7.955668903035819,25.390625,6,2.583930976759457
A2,synthetic,2,asymmetric_burst,20260928,0.0,uncorrected,13,0.0,0.0,0.0,0.0,0.0,6,0.0
A2,synthetic,2,asymmetric_burst,20260928,0.0,V7,13,0.2815557343706896,0.019139468053279644,0.20724793336259198,0.045460136765833305,1.953125,6,0.0292738396424637
A2,synthetic,2,asymmetric_burst,20260928,0.0,shrink,13,1.154203110963702,0.07845989575975565,1.2850816225903945,0.4249501466830636,5.208333333333333,6,0.15102531209928066
A2,synthetic,2,asymmetric_burst,20260928,0.0,gated,13,0.02582693041747168,0.0017556513659518433,0.006243300572725554,0.0008875924238074262,0.0,6,0.002028189849107437
A2,synthetic,2,asymmetric_burst,20260928,0.5,uncorrected,13,5.337559174207808,0.3628341774873644,7.065156445798869,2.6735132560945245,8.463541666666666,6,0.7847090501956975
A2,synthetic,2,asymmetric_burst,20260928,0.5,V7,13,4.8247497390509135,0.32797465021279754,6.055404875945925,2.251054683919327,9.114583333333334,6,0.686811608448792
A2,synthetic,2,asymmetric_burst,20260928,0.5,shrink,13,4.100457280836751,0.27873902588354765,5.206932210905671,1.7041496747578215,8.463541666666666,6,0.571560178311576
A2,synthetic,2,asymmetric_burst,20260928,0.5,gated,13,5.13086259672726,0.34878345125991445,6.674649502921073,2.5201211850806713,9.114583333333334,6,0.7469582553597801
A2,synthetic,2,asymmetric_burst,20260928,1.0,uncorrected,13,10.675118348415616,0.7256683549747288,14.130312891597738,5.1590453854788105,11.067708333333334,6,1.556639604590797
A2,synthetic,2,asymmetric_burst,20260928,1.0,V7,13,9.523607781963848,0.647391491785002,12.083751231988728,4.369296868828945,11.71875,6,1.3551174545178837
A2,synthetic,2,asymmetric_burst,20260928,1.0,shrink,13,8.021598667536113,0.5452885972175058,10.42731227955121,3.6325140441176043,10.416666666666666,6,1.146629543112034
A2,synthetic,2,asymmetric_burst,20260928,1.0,gated,13,9.776604012085926,0.6645895548073893,12.528507017794174,4.5604934556458945,10.416666666666666,6,1.4004292960073965
A2,synthetic,2,asymmetric_burst,20260928,2.0,uncorrected,13,21.35023669683123,1.4513367099494576,28.260625783195476,9.149273171022589,20.833333333333332,6,3.033825856316775
A2,synthetic,2,asymmetric_burst,20260928,2.0,V7,13,18.968181241887226,1.289410424260611,24.35246827374668,7.929640751047272,20.833333333333332,6,2.6561584713593596
A2,synthetic,2,asymmetric_burst,20260928,2.0,shrink,13,15.98633248329462,1.0867116613234782,20.98642914337976,6.949466923971471,12.369791666666666,6,2.272422355498905
A2,synthetic,2,asymmetric_burst,20260928,2.0,gated,13,18.729450400352743,1.2731820873556836,23.964450411928365,7.835792061177984,20.833333333333332,6,2.62036227962421
A2,synthetic,2,asymmetric_burst,20260929,0.0,uncorrected,13,0.0,0.0,0.0,0.0,0.0,6,0.0
A2,synthetic,2,asymmetric_burst,20260929,0.0,V7,13,0.2815557343706896,0.019139468053279644,0.20724793336259198,0.045460136765833305,1.953125,6,0.0292738396424637
A2,synthetic,2,asymmetric_burst,20260929,0.0,shrink,13,1.154203110963702,0.07845989575975565,1.2850816225903945,0.4249501466830636,5.208333333333333,6,0.15102531209928066
A2,synthetic,2,asymmetric_burst,20260929,0.0,gated,13,0.02582693041747168,0.0017556513659518433,0.006243300572725554,0.0008875924238074262,0.0,6,0.002028189849107437
A2,synthetic,2,asymmetric_burst,20260929,0.5,uncorrected,13,5.612250487802593,0.3815070190574778,3.453011864959283,1.079931586639443,5.859375,6,0.5722817562893854
A2,synthetic,2,asymmetric_burst,20260929,0.5,V7,13,5.240381869307211,0.35622830271516015,3.2043025176714446,1.0361783181485036,6.510416666666667,6,0.5355754744770049
A2,synthetic,2,asymmetric_burst,20260929,0.5,shrink,13,4.386497803032877,0.2981833588102156,2.6951959539725494,0.7596974964463575,5.859375,6,0.4414321350524492
A2,synthetic,2,asymmetric_burst,20260929,0.5,gated,13,5.500795519415736,0.3739305837503175,3.3596914733000234,1.0833749866082767,5.859375,6,0.5617675492277567
A2,synthetic,2,asymmetric_burst,20260929,1.0,uncorrected,13,11.224500975605187,0.7630140381149556,6.906023729918567,2.179873539843611,11.067708333333334,6,1.145923768204379
A2,synthetic,2,asymmetric_burst,20260929,1.0,V7,13,10.241981428492942,0.6962247698171219,6.314913429547531,1.9093017750930994,10.416666666666666,6,1.0406505811657738
A2,synthetic,2,asymmetric_burst,20260929,1.0,shrink,13,8.51968697257926,0.5791474181837817,5.1274194280255365,1.5740448893590093,10.416666666666666,6,0.8604218245479561
A2,synthetic,2,asymmetric_burst,20260929,1.0,gated,13,10.501570427694658,0.7138709931068341,6.381192752268072,2.029548192324984,11.067708333333334,6,1.068723613760557
A2,synthetic,2,asymmetric_burst,20260929,2.0,uncorrected,13,22.449001951210374,1.5260280762299112,13.812047459837133,4.433440952081082,27.34375,6,2.2968570650534414
A2,synthetic,2,asymmetric_burst,20260929,2.0,V7,13,20.332571661366277,1.382158337579398,12.654039880698011,3.9412798577255104,26.692708333333332,6,2.0801721655911503
A2,synthetic,2,asymmetric_burst,20260929,2.0,shrink,13,16.898995452996523,1.1487522508751835,10.226643360997832,3.1936390602187235,25.390625,6,1.7134390617198527
A2,synthetic,2,asymmetric_burst,20260929,2.0,gated,13,20.031346751454404,1.3616818072292118,12.451234598110652,3.946208576450927,26.692708333333332,6,2.0531375746740324
A2,synthetic,2,direction_step,20260927,0.0,uncorrected,13,0.0,0.0,0.0,0.0,0.0,6,0.0
A2,synthetic,2,direction_step,20260927,0.0,V7,13,0.2815557343706896,0.019139468053279644,0.20724793336259198,0.045460136765833305,1.953125,6,0.0292738396424637
A2,synthetic,2,direction_step,20260927,0.0,shrink,13,1.154203110963702,0.07845989575975565,1.2850816225903945,0.4249501466830636,5.208333333333333,6,0.15102531209928066
A2,synthetic,2,direction_step,20260927,0.0,gated,13,0.02582693041747168,0.0017556513659518433,0.006243300572725554,0.0008875924238074262,0.0,6,0.002028189849107437
A2,synthetic,2,direction_step,20260927,0.5,uncorrected,13,8.01935508561891,0.5451360840231814,20.014649498077052,7.158736803973217,7.8125,6,1.7120428331570492
A2,synthetic,2,direction_step,20260927,0.5,V7,13,6.801729706316403,0.46236489806203723,16.900829138520105,6.087236644035798,7.161458333333333,6,1.450598760847691
A2,synthetic,2,direction_step,20260927,0.5,shrink,13,6.031466596138168,0.41000430159673273,14.7248295343796,5.230638766290434,9.114583333333334,6,1.2660491849872386
A2,synthetic,2,direction_step,20260927,0.5,gated,13,7.070490913982894,0.4806346255800755,17.706155435819554,6.395957307864535,7.8125,6,1.5172266146279558
A2,synthetic,2,direction_step,20260927,1.0,uncorrected,13,16.03871017123782,1.0902721680463627,40.02929899615411,13.468561348109239,13.671875,6,3.366378693612914
A2,synthetic,2,direction_step,20260927,1.0,V7,13,13.596820115968033,0.9242784730256631,33.81928393649743,11.580548489283862,12.369791666666666,6,2.8609717224548694
A2,synthetic,2,direction_step,20260927,1.0,shrink,13,11.990571578002438,0.8150896381872135,29.709413385383282,10.22193148130247,12.369791666666666,6,2.519737978195511
A2,synthetic,2,direction_step,20260927,1.0,gated,13,13.138733092456876,0.8931388410387309,32.78517306081633,11.289184486738478,11.71875,6,2.774877720287908
A2,synthetic,2,direction_step,20260927,2.0,uncorrected,13,32.07742034247564,2.1805443360927255,80.05859799230822,24.031303668108517,18.5546875,4,6.535226938835456
A2,synthetic,2,direction_step,20260927,2.0,V7,13,27.23356324921231,1.851270814818578,67.82097701873455,20.897535336147314,21.09375,5,5.576985809752873
A2,synthetic,2,direction_step,20260927,2.0,shrink,13,23.991887809520744,1.6309096715594873,59.71838015234008,18.714049924906643,21.09375,5,4.93279935717646
A2,synthetic,2,direction_step,20260927,2.0,gated,13,25.19243702815327,1.7125200620129633,62.798222050649734,19.608688133732855,21.09375,5,5.1799051062385795
A2,synthetic,2,direction_step,20260928,0.0,uncorrected,13,0.0,0.0,0.0,0.0,0.0,6,0.0
A2,synthetic,2,direction_step,20260928,0.0,V7,13,0.2815557343706896,0.019139468053279644,0.20724793336259198,0.045460136765833305,1.953125,6,0.0292738396424637
A2,synthetic,2,direction_step,20260928,0.0,shrink,13,1.154203110963702,0.07845989575975565,1.2850816225903945,0.4249501466830636,5.208333333333333,6,0.15102531209928066
A2,synthetic,2,direction_step,20260928,0.0,gated,13,0.02582693041747168,0.0017556513659518433,0.006243300572725554,0.0008875924238074262,0.0,6,0.002028189849107437
A2,synthetic,2,direction_step,20260928,0.5,uncorrected,13,7.43541468033879,0.505441247912461,18.149879622081126,6.435354377804512,5.208333333333333,6,1.559792993892289
A2,synthetic,2,direction_step,20260928,0.5,V7,13,6.306466346209116,0.42869810992177715,15.291068485319647,5.433179559597235,4.557291666666667,6,1.3177569868641366
A2,synthetic,2,direction_step,20260928,0.5,shrink,13,5.620346592442583,0.38205737238790966,13.334771212952852,4.66445099383709,5.859375,6,1.1523678229331629
A2,synthetic,2,direction_step,20260928,0.5,gated,13,6.629820427942287,0.45067892708063334,16.255858687753015,5.792139221988196,3.90625,6,1.3969310366720646
A2,synthetic,2,direction_step,20260928,1.0,uncorrected,13,14.87082936067758,1.010882495824922,36.29975924416225,12.294672774043965,8.463541666666666,6,3.080428475005283
A2,synthetic,2,direction_step,20260928,1.0,V7,13,12.616452212952185,0.8576354682146557,30.677875413595153,10.574144810389319,5.859375,6,2.6191432425394554
A2,synthetic,2,direction_step,20260928,1.0,shrink,13,11.13734583368838,0.7570894453940005,26.917953273046468,9.251712348108555,7.161458333333333,6,2.300906364132559
A2,synthetic,2,direction_step,20260928,1.0,gated,13,12.257464410369515,0.8332323581362722,29.9539807510448,10.358848758889996,5.859375,6,2.555500543509799
A2,synthetic,2,direction_step,20260928,2.0,uncorrected,13,29.74165872135516,2.021764991649844,72.5995184883245,22.14504288947532,13.28125,5,5.994699252133706
A2,synthetic,2,direction_step,20260928,2.0,V7,13,25.25028800042466,1.7164526291763145,61.4760746329672,19.164680313423265,12.5,5,5.108716942258853
A2,synthetic,2,direction_step,20260928,2.0,shrink,13,22.26057099954273,1.51321900243231,54.12838967099675,17.0051641115754,11.71875,5,4.508945903826359
A2,synthetic,2,direction_step,20260928,2.0,gated,13,23.416036275577664,1.5917646970770105,57.11434179843819,17.993920153530734,10.9375,5,4.756193658329835
A2,synthetic,2,direction_step,20260929,0.0,uncorrected,13,0.0,0.0,0.0,0.0,0.0,6,0.0
A2,synthetic,2,direction_step,20260929,0.0,V7,13,0.2815557343706896,0.019139468053279644,0.20724793336259198,0.045460136765833305,1.953125,6,0.0292738396424637
A2,synthetic,2,direction_step,20260929,0.0,shrink,13,1.154203110963702,0.07845989575975565,1.2850816225903945,0.4249501466830636,5.208333333333333,6,0.15102531209928066
A2,synthetic,2,direction_step,20260929,0.0,gated,13,0.02582693041747168,0.0017556513659518433,0.006243300572725554,0.0008875924238074262,0.0,6,0.002028189849107437
A2,synthetic,2,direction_step,20260929,0.5,uncorrected,13,7.992687834698755,0.5433233097311007,19.69555924228132,6.662666596391183,5.208333333333333,6,1.6656629368466431
A2,synthetic,2,direction_step,20260929,0.5,V7,13,6.784300034824925,0.4611800717560275,16.615686368565644,5.635655480047493,5.859375,6,1.4090249019577141
A2,synthetic,2,direction_step,20260929,0.5,shrink,13,6.041782863838071,0.4107055761650263,14.529001707440907,4.8492472135850875,8.463541666666666,6,1.2341684498936905
A2,synthetic,2,direction_step,20260929,0.5,gated,13,7.042633228430363,0.4787409284622999,17.49285474521825,5.964167683875388,5.859375,6,1.4787310894072474
A2,synthetic,2,direction_step,20260929,1.0,uncorrected,13,15.98537566939751,1.0866466194622013,39.39111848456265,12.715213222764909,16.276041666666668,6,3.289851415000703
A2,synthetic,2,direction_step,20260929,1.0,V7,13,13.566203294390512,0.922197216610177,33.31421255775588,10.899446799204975,14.973958333333334,6,2.7954240875716723
A2,synthetic,2,direction_step,20260929,1.0,shrink,13,11.980923866796983,0.8144338104491751,29.273482574719594,9.563427493892053,14.973958333333334,6,2.45950191147011
A2,synthetic,2,direction_step,20260929,1.0,gated,13,13.078291448868406,0.889030166395201,32.308620705259294,10.61322291061167,15.625,6,2.7086214061261025
A2,synthetic,2,direction_step,20260929,2.0,uncorrected,13,31.97075133879502,2.1732932389244026,78.7822369691253,22.46497326428745,41.015625,4,6.378118598187609
A2,synthetic,2,direction_step,20260929,2.0,V7,13,27.156959271507333,1.8460634643545015,66.75890761688368,19.569985716389997,14.6484375,4,5.445436457022203
A2,synthetic,2,direction_step,20260929,2.0,shrink,13,23.94215222752227,1.627528768716579,58.803400171470216,17.559071649991406,13.28125,5,4.819806817686986
A2,synthetic,2,direction_step,20260929,2.0,gated,13,25.082720067462066,1.7050617722049226,61.801839389444,18.391785865066133,13.671875,4,5.0558589613652725
A2,synthetic,3,asymmetric_burst,20260927,0.0,uncorrected,14,0.0,0.0,0.0,0.0,0.0,6,0.0
A2,synthetic,3,asymmetric_burst,20260927,0.0,V7,14,0.4226149601504596,0.02841500552392893,0.44450862308318295,0.1697761680983406,0.6510416666666666,6,0.0547736281352801
A2,synthetic,3,asymmetric_burst,20260927,0.0,shrink,14,1.285848650933039,0.0864555208982446,2.0147362700314395,0.4969783408970147,1.3020833333333333,6,0.18760199571244643
A2,synthetic,3,asymmetric_burst,20260927,0.0,gated,14,0.7043582669174326,0.047358342539881554,0.7408477051386381,0.28225622852265264,3.2552083333333335,6,0.09124204249925838
A2,synthetic,3,asymmetric_burst,20260927,0.5,uncorrected,14,5.604266215617197,0.37680931933322087,5.990845736645188,2.035120936114535,9.765625,6,0.7150437489439398
A2,synthetic,3,asymmetric_burst,20260927,0.5,V7,14,5.04419740962729,0.339152445543619,5.2550918054273605,1.7721242727639621,15.625,6,0.6349693572193299
A2,synthetic,3,asymmetric_burst,20260927,0.5,shrink,14,4.291963189448926,0.28857510792630714,4.554948630178718,1.5826721002164303,7.8125,6,0.5481165157246444
A2,synthetic,3,asymmetric_burst,20260927,0.5,gated,14,4.725389053045499,0.3177169970443015,4.842529079441212,1.6190463562373958,14.973958333333334,6,0.5893719720271176
A2,synthetic,3,asymmetric_burst,20260927,1.0,uncorrected,14,11.208532431234394,0.7536186386664417,11.981691473290374,4.132939577651491,18.229166666666668,6,1.4343030506105792
A2,synthetic,3,asymmetric_burst,20260927,1.0,V7,14,10.00348262450262,0.6725957214874044,10.54699844345109,3.6121412294627344,18.229166666666668,6,1.27003203186854
A2,synthetic,3,asymmetric_burst,20260927,1.0,shrink,14,8.397753513798182,0.5646326679921945,8.821137314976372,3.027798349162655,18.229166666666668,6,1.0647598748183453
A2,synthetic,3,asymmetric_burst,20260927,1.0,gated,14,9.256799470198418,0.6223916162029515,9.659959960407301,3.277139511337561,18.229166666666668,6,1.1674831696427095
A2,synthetic,3,asymmetric_burst,20260927,2.0,uncorrected,14,22.417064862468788,1.5072372773328835,23.963382946580747,8.196286510256364,27.994791666666668,6,2.8639269592600685
A2,synthetic,3,asymmetric_burst,20260927,2.0,V7,14,19.95736298491073,1.341856377392315,21.150317133556428,7.177315383611853,27.994791666666668,6,2.5354644909909165
A2,synthetic,3,asymmetric_burst,20260927,2.0,shrink,14,16.754886468541063,1.126534165725933,17.69383541527433,6.147093129410259,27.994791666666668,6,2.134673822232339
A2,synthetic,3,asymmetric_burst,20260927,2.0,gated,14,18.39182939130635,1.2365959159682154,19.327121005818366,6.480069309511234,27.994791666666668,6,2.3220315336114616
A2,synthetic,3,asymmetric_burst,20260928,0.0,uncorrected,14,0.0,0.0,0.0,0.0,0.0,6,0.0
A2,synthetic,3,asymmetric_burst,20260928,0.0,V7,14,0.4226149601504596,0.02841500552392893,0.44450862308318295,0.1697761680983406,0.6510416666666666,6,0.0547736281352801
A2,synthetic,3,asymmetric_burst,20260928,0.0,shrink,14,1.285848650933039,0.0864555208982446,2.0147362700314395,0.4969783408970147,1.3020833333333333,6,0.18760199571244643
A2,synthetic,3,asymmetric_burst,20260928,0.0,gated,14,0.7043582669174326,0.047358342539881554,0.7408477051386381,0.28225622852265264,3.2552083333333335,6,0.09124204249925838
A2,synthetic,3,asymmetric_burst,20260928,0.5,uncorrected,14,5.76991912646147,0.38794718434164166,3.5355423780681465,1.6766292174527455,12.369791666666666,6,0.6195354285015298
A2,synthetic,3,asymmetric_burst,20260928,0.5,V7,14,5.314356524969121,0.3573169060540677,3.083027833796956,1.4414303338507117,13.020833333333334,6,0.5578786119918647
A2,synthetic,3,asymmetric_burst,20260928,0.5,shrink,14,4.444309257715746,0.298818271987062,3.1742832092059237,1.1242634558684925,11.067708333333334,6,0.4811227264802863
A2,synthetic,3,asymmetric_burst,20260928,0.5,gated,14,5.062818246551667,0.34040443904587925,2.9254518768053543,1.3069545942091756,12.369791666666666,6,0.5266271122935684
A2,synthetic,3,asymmetric_burst,20260928,1.0,uncorrected,14,11.53983825292294,0.7758943686832833,7.071084756136293,3.2821219576869614,19.53125,6,1.2342879137007265
A2,synthetic,3,asymmetric_burst,20260928,1.0,V7,14,10.448698054690539,0.7025302957476818,6.223267452153216,2.8420591700263844,16.276041666666668,6,1.1028337219924922
A2,synthetic,3,asymmetric_burst,20260928,1.0,shrink,14,8.6777776746108,0.5834604162420228,5.491407191441767,2.328513574928607,14.973958333333334,6,0.9246312751304253
A2,synthetic,3,asymmetric_burst,20260928,1.0,gated,14,9.777720018738563,0.6574163116349979,5.732760668152806,2.547829637781409,16.276041666666668,6,1.0214469796531838
A2,synthetic,3,asymmetric_burst,20260928,2.0,uncorrected,14,23.07967650584588,1.5517887373665666,14.142169512272586,6.044075426823869,34.505208333333336,6,2.4336016975924624
A2,synthetic,3,asymmetric_burst,20260928,2.0,V7,14,20.709825348522198,1.3924490544971584,12.385366071917106,5.263147179813857,33.854166666666664,6,2.162695045662436
A2,synthetic,3,asymmetric_burst,20260928,2.0,shrink,14,17.284909437235054,1.1621708729023357,10.60670604988549,4.555399460034425,21.484375,6,1.8250354961043633
A2,synthetic,3,asymmetric_burst,20260928,2.0,gated,14,19.221007609213405,1.2923466722447141,11.348927039040635,4.737487073334464,33.854166666666664,6,1.9924062099040367
A2,synthetic,3,asymmetric_burst,20260929,0.0,uncorrected,14,0.0,0.0,0.0,0.0,0.0,6,0.0
A2,synthetic,3,asymmetric_burst,20260929,0.0,V7,14,0.4226149601504596,0.02841500552392893,0.44450862308318295,0.1697761680983406,0.6510416666666666,6,0.0547736281352801
A2,synthetic,3,asymmetric_burst,20260929,0.0,shrink,14,1.285848650933039,0.0864555208982446,2.0147362700314395,0.4969783408970147,1.3020833333333333,6,0.18760199571244643
A2,synthetic,3,asymmetric_burst,20260929,0.0,gated,14,0.7043582669174326,0.047358342539881554,0.7408477051386381,0.28225622852265264,3.2552083333333335,6,0.09124204249925838
A2,synthetic,3,asymmetric_burst,20260929,0.5,uncorrected,14,4.9206375918937,0.3308447583235887,5.0050233909328234,2.4621305996585208,9.765625,6,0.6646482237524562
A2,synthetic,3,asymmetric_burst,20260929,0.5,V7,14,4.517104617667817,0.3037127521881843,4.728037758172227,2.165522256900726,7.8125,6,0.6082616880661453
A2,synthetic,3,asymmetric_burst,20260929,0.5,shrink,14,3.8375516763806585,0.25802222439995315,4.051073281006408,1.7072139935419903,4.557291666666667,6,0.5089980295349198
A2,synthetic,3,asymmetric_burst,20260929,0.5,gated,14,4.313299820216785,0.2900097009679612,4.644115918310056,1.9673515576675913,7.8125,6,0.5784131097623753
A2,synthetic,3,asymmetric_burst,20260929,1.0,uncorrected,14,9.8412751837874,0.6616895166471773,10.010046781865647,4.903077382725434,11.067708333333334,6,1.3278721291011006
A2,synthetic,3,asymmetric_burst,20260929,1.0,V7,14,8.924032945220711,0.6000176741114225,9.227144632165079,4.321553929716873,11.71875,6,1.2007812191146614
A2,synthetic,3,asymmetric_burst,20260929,1.0,shrink,14,7.418858239936912,0.49881551233775884,7.546175770225979,3.5360450845381024,11.067708333333334,6,0.9902535192503048
A2,synthetic,3,asymmetric_burst,20260929,1.0,gated,14,8.378925629394955,0.5633667534132805,8.798698741873203,3.9349703388434585,11.71875,6,1.1237343762425278
A2,synthetic,3,asymmetric_burst,20260929,2.0,uncorrected,14,19.6825503675748,1.3233790332943547,20.02009356373129,9.531446629283069,11.71875,6,2.637273939016394
A2,synthetic,3,asymmetric_burst,20260929,2.0,V7,14,17.79900517245063,1.1967366941188353,18.224926529363763,8.341560194194761,12.369791666666666,6,2.3702781438162015
A2,synthetic,3,asymmetric_burst,20260929,2.0,shrink,14,14.743898494423439,0.9913230639401298,14.918329042474637,7.080928650626084,12.369791666666666,6,1.9689430413537254
A2,synthetic,3,asymmetric_burst,20260929,2.0,gated,14,16.629034005342916,1.118072329837061,17.112301802323223,7.549327383055736,12.369791666666666,6,2.200942785366191
A2,synthetic,3,direction_step,20260927,0.0,uncorrected,14,0.0,0.0,0.0,0.0,0.0,6,0.0
A2,synthetic,3,direction_step,20260927,0.0,V7,14,0.4226149601504596,0.02841500552392893,0.44450862308318295,0.1697761680983406,0.6510416666666666,6,0.0547736281352801
A2,synthetic,3,direction_step,20260927,0.0,shrink,14,1.285848650933039,0.0864555208982446,2.0147362700314395,0.4969783408970147,1.3020833333333333,6,0.18760199571244643
A2,synthetic,3,direction_step,20260927,0.0,gated,14,0.7043582669174326,0.047358342539881554,0.7408477051386381,0.28225622852265264,3.2552083333333335,6,0.09124204249925838
A2,synthetic,3,direction_step,20260927,0.5,uncorrected,14,7.8591659776609735,0.5284201122203649,18.878761349022145,6.737564520892037,4.557291666666667,6,1.6160957281617023
A2,synthetic,3,direction_step,20260927,0.5,V7,14,6.809866325357384,0.4578692367713553,16.566640863521904,5.873008705302603,4.557291666666667,6,1.4096863955510799
A2,synthetic,3,direction_step,20260927,0.5,shrink,14,6.105383069155752,0.41050249043242304,14.680592332057673,5.0936846555691275,5.208333333333333,6,1.2465155686356801
A2,synthetic,3,direction_step,20260927,0.5,gated,14,6.144303824369277,0.41311937241405955,15.047217723199045,5.295861899077605,4.557291666666667,6,1.2750513124211054
A2,synthetic,3,direction_step,20260927,1.0,uncorrected,14,15.718331955321947,1.0568402244407298,37.75752269804429,12.788553709996023,8.463541666666666,6,3.186028769989714
A2,synthetic,3,direction_step,20260927,1.0,V7,14,13.441141848554324,0.9037307144513022,32.398540288065966,11.124849840178152,7.161458333333333,6,2.7408995170214636
A2,synthetic,3,direction_step,20260927,1.0,shrink,14,11.932531130763406,0.8022975284035917,28.77392924219527,9.827921080576743,5.859375,6,2.430413368717005
A2,synthetic,3,direction_step,20260927,1.0,gated,14,11.941085671325238,0.8028727028300545,28.83471350028293,9.963953036191553,7.161458333333333,6,2.4421782589150216
A2,synthetic,3,direction_step,20260927,2.0,uncorrected,14,31.436663910643894,2.1136804488814596,75.51504539608858,22.20053935252696,32.2265625,4,6.14503008156957
A2,synthetic,3,direction_step,20260927,2.0,V7,14,26.766294409485464,1.799662755028504,64.37691702977668,19.46769302546154,11.71875,4,5.2728238348951075
A2,synthetic,3,direction_step,20260927,2.0,shrink,14,23.686840144056283,1.5926120866572189,57.05833139132212,17.536770538737414,12.6953125,4,4.689908576349332
A2,synthetic,3,direction_step,20260927,2.0,gated,14,23.663607332367818,1.5910500016987756,56.956563703851565,17.644059489522796,11.71875,4,4.692138953985766
A2,synthetic,3,direction_step,20260928,0.0,uncorrected,14,0.0,0.0,0.0,0.0,0.0,6,0.0
A2,synthetic,3,direction_step,20260928,0.0,V7,14,0.4226149601504596,0.02841500552392893,0.44450862308318295,0.1697761680983406,0.6510416666666666,6,0.0547736281352801
A2,synthetic,3,direction_step,20260928,0.0,shrink,14,1.285848650933039,0.0864555208982446,2.0147362700314395,0.4969783408970147,1.3020833333333333,6,0.18760199571244643
A2,synthetic,3,direction_step,20260928,0.0,gated,14,0.7043582669174326,0.047358342539881554,0.7408477051386381,0.28225622852265264,3.2552083333333335,6,0.09124204249925838
A2,synthetic,3,direction_step,20260928,0.5,uncorrected,14,8.316563727620101,0.5591737788371219,20.38548778834665,6.851793763893698,3.90625,6,1.7051829772203526
A2,synthetic,3,direction_step,20260928,0.5,V7,14,7.190011068231865,0.48342870812756394,17.781390812844485,5.961334514950326,3.90625,6,1.4820221135931713
A2,synthetic,3,direction_step,20260928,0.5,shrink,14,6.454918120117866,0.43400388375829874,15.898413416559166,5.174087405759737,3.90625,6,1.3163637382457305
A2,synthetic,3,direction_step,20260928,0.5,gated,14,6.468883376819206,0.4349428539409217,16.064436128679244,5.364890690116797,4.557291666666667,6,1.3357129523941953
A2,synthetic,3,direction_step,20260928,1.0,uncorrected,14,16.633127455240203,1.1183475576742439,40.7709755766933,12.938154363655324,15.625,6,3.35890117056446
A2,synthetic,3,direction_step,20260928,1.0,V7,14,14.213615087841532,0.9556688459211837,34.9780996313172,11.250055052906731,13.020833333333334,6,2.887975793366496
A2,synthetic,3,direction_step,20260928,1.0,shrink,14,12.628911884511577,0.8491194936209784,31.12834821356268,9.927598253334294,10.416666666666666,6,2.5630882849045182
A2,synthetic,3,direction_step,20260928,1.0,gated,14,12.616247257854099,0.8482679728032992,31.12732948957909,10.094921563840474,10.416666666666666,6,2.5734526928055415
A2,synthetic,3,direction_step,20260928,2.0,uncorrected,14,33.266254910480406,2.2366951153484878,81.5419511533866,22.893843386141715,36.71875,5,6.517272835230524
A2,synthetic,3,direction_step,20260928,2.0,V7,14,28.36285811976573,1.9070095622280572,69.60876370424371,20.080057107777463,36.71875,5,5.597228279682003
A2,synthetic,3,direction_step,20260928,2.0,shrink,14,25.071277771195824,1.6856963513711318,61.67613370203728,18.037528141772963,37.5,5,4.9719034965489675
A2,synthetic,3,direction_step,20260928,2.0,gated,14,25.10507471609285,1.6879687280413733,61.659966007868036,18.178562470180996,32.03125,5,4.983114952564315
A2,synthetic,3,direction_step,20260929,0.0,uncorrected,14,0.0,0.0,0.0,0.0,0.0,6,0.0
A2,synthetic,3,direction_step,20260929,0.0,V7,14,0.4226149601504596,0.02841500552392893,0.44450862308318295,0.1697761680983406,0.6510416666666666,6,0.0547736281352801
A2,synthetic,3,direction_step,20260929,0.0,shrink,14,1.285848650933039,0.0864555208982446,2.0147362700314395,0.4969783408970147,1.3020833333333333,6,0.18760199571244643
A2,synthetic,3,direction_step,20260929,0.0,gated,14,0.7043582669174326,0.047358342539881554,0.7408477051386381,0.28225622852265264,3.2552083333333335,6,0.09124204249925838
A2,synthetic,3,direction_step,20260929,0.5,uncorrected,14,7.436821389897878,0.5000232854965374,16.6408983632996,5.728528551302617,5.208333333333333,6,1.4446225484882533
A2,synthetic,3,direction_step,20260929,0.5,V7,14,6.452054348454207,0.43381133475905564,14.573611071639352,4.99914777800754,5.208333333333333,6,1.2598716123101499
A2,synthetic,3,direction_step,20260929,0.5,shrink,14,5.788636733463549,0.38920568429197333,13.023221131367333,4.34175434558906,5.208333333333333,6,1.1189442240664167
A2,synthetic,3,direction_step,20260929,0.5,gated,14,5.827228497058696,0.39180044614172865,13.216915212376252,4.509868235456475,5.208333333333333,6,1.1393539404493993
A2,synthetic,3,direction_step,20260929,1.0,uncorrected,14,14.873642779795755,1.0000465709930748,33.2817967265992,10.91367575657299,8.463541666666666,6,2.852710223853205
A2,synthetic,3,direction_step,20260929,1.0,V7,14,12.716100981206344,0.8549817533557642,28.65152345187658,9.469296707069079,9.114583333333334,6,2.4548700218056023
A2,synthetic,3,direction_step,20260929,1.0,shrink,14,11.295256754244177,0.7594496488050905,25.42997936816074,8.32380182622316,6.510416666666667,6,2.1740171235798327
A2,synthetic,3,direction_step,20260929,1.0,gated,14,11.294500040705572,0.7593987702953192,25.576594529125064,8.48837975336687,9.114583333333334,6,2.1899607522471034
A2,synthetic,3,direction_step,20260929,2.0,uncorrected,14,29.74728555959151,2.0000931419861496,66.5635934531984,19.49401963731967,38.0859375,4,5.548536180956461
A2,synthetic,3,direction_step,20260929,2.0,V7,14,25.344251691289305,1.7040500685338733,56.79619510895126,17.10143309333758,32.8125,5,4.763263623665708
A2,synthetic,3,direction_step,20260929,2.0,shrink,14,22.414072572138306,1.5070360872324677,50.35321520629923,15.296719237666915,14.0625,5,4.228307017499919
A2,synthetic,3,direction_step,20260929,2.0,gated,14,22.418970247364456,1.5073653880895788,50.29015038838062,15.420093183376474,13.28125,5,4.234811390278656
A2,synthetic,4,asymmetric_burst,20260927,0.0,uncorrected,15,0.0,0.0,0.0,0.0,0.0,6,0.0
A2,synthetic,4,asymmetric_burst,20260927,0.0,V7,15,0.38972351016763096,0.025538432457785157,0.6062162669728524,0.25104834021393724,1.3020833333333333,6,0.06185209408049258
A2,synthetic,4,asymmetric_burst,20260927,0.0,shrink,15,1.28995315071371,0.08453013624720607,1.1704042899828462,0.8268646723675035,2.6041666666666665,6,0.1770623343316617
A2,synthetic,4,asymmetric_burst,20260927,0.0,gated,15,0.6495391836127183,0.0425640540963086,1.0103604449547543,0.4181641714101971,3.2552083333333335,6,0.10307045882521407
A2,synthetic,4,asymmetric_burst,20260927,0.5,uncorrected,15,5.708736235067078,0.37409130051164224,3.3235408961225974,1.260893697693354,9.114583333333334,6,0.5656123633570443
A2,synthetic,4,asymmetric_burst,20260927,0.5,V7,15,5.426938454142686,0.35562519978347257,3.4049003941998164,1.4917925545335466,9.765625,6,0.5649427047276129
A2,synthetic,4,asymmetric_burst,20260927,0.5,shrink,15,4.454695100150206,0.2919144649145714,3.273434724140023,1.7109819020501622,9.765625,6,0.511287916387736
A2,synthetic,4,asymmetric_burst,20260927,0.5,gated,15,5.271576190909035,0.34544437013741247,3.497374786894147,1.6453861510380845,14.973958333333334,6,0.5678567104535163
A2,synthetic,4,asymmetric_burst,20260927,1.0,uncorrected,15,11.417472470134156,0.7481826010232845,6.647081792245194,2.515299472614841,15.625,6,1.1307995756180478
A2,synthetic,4,asymmetric_burst,20260927,1.0,V7,15,10.47536815863301,0.6864468660733674,6.429109118498716,2.626814784214834,16.276041666666668,6,1.0692295634140303
A2,synthetic,4,asymmetric_burst,20260927,1.0,shrink,15,8.642222851577717,0.5663215557234715,5.6997866787824085,2.6493952097007796,15.625,6,0.926687829537562
A2,synthetic,4,asymmetric_burst,20260927,1.0,gated,15,9.89380410157749,0.6483371960034259,6.307827376109123,2.7004441136074404,16.276041666666668,6,1.031971022038565
A2,synthetic,4,asymmetric_burst,20260927,2.0,uncorrected,15,22.83494494026831,1.496365202046569,13.294163584490388,4.920492618706556,16.927083333333332,6,2.2543839258013345
A2,synthetic,4,asymmetric_burst,20260927,2.0,V7,15,20.59234651000754,1.3494085852478668,12.232931843642664,4.554485032696369,16.927083333333332,6,2.0486719170778356
A2,synthetic,4,asymmetric_burst,20260927,2.0,shrink,15,17.15708497410569,1.1242972116185952,10.644808526325772,4.488575968449244,16.927083333333332,6,1.7672069911233526
A2,synthetic,4,asymmetric_burst,20260927,2.0,gated,15,19.18617022843065,1.2572623917186532,11.567517388502939,4.308654726710787,16.927083333333332,6,1.9186143804052636
A2,synthetic,4,asymmetric_burst,20260928,0.0,uncorrected,15,0.0,0.0,0.0,0.0,0.0,6,0.0
A2,synthetic,4,asymmetric_burst,20260928,0.0,V7,15,0.38972351016763096,0.025538432457785157,0.6062162669728524,0.25104834021393724,1.3020833333333333,6,0.06185209408049258
A2,synthetic,4,asymmetric_burst,20260928,0.0,shrink,15,1.28995315071371,0.08453013624720607,1.1704042899828462,0.8268646723675035,2.6041666666666665,6,0.1770623343316617
A2,synthetic,4,asymmetric_burst,20260928,0.0,gated,15,0.6495391836127183,0.0425640540963086,1.0103604449547543,0.4181641714101971,3.2552083333333335,6,0.10307045882521407
A2,synthetic,4,asymmetric_burst,20260928,0.5,uncorrected,15,4.8645769120837015,0.3187738631716478,4.597789955778257,1.4362535708714788,8.463541666666666,6,0.5635367179742415
A2,synthetic,4,asymmetric_burst,20260928,0.5,V7,15,4.4429358671788375,0.2911438868787083,4.167169596009385,1.2741272455993131,7.8125,6,0.5111734719591385
A2,synthetic,4,asymmetric_burst,20260928,0.5,shrink,15,3.798484084370619,0.24891320820995733,3.073644323601395,1.1758262456645747,7.8125,6,0.42667202010706984
A2,synthetic,4,asymmetric_burst,20260928,0.5,gated,15,4.204469436311842,0.2755172729350785,3.9302840760753326,1.2201919830118992,7.8125,6,0.4842509921738006
A2,synthetic,4,asymmetric_burst,20260928,1.0,uncorrected,15,9.729153824167403,0.6375477263432956,9.195579911556516,2.880549602082159,9.114583333333334,6,1.1276004552963248
A2,synthetic,4,asymmetric_burst,20260928,1.0,V7,15,8.826757745257112,0.5784140566770546,8.431561904561168,2.645359502701728,9.765625,6,1.028021964646412
A2,synthetic,4,asymmetric_burst,20260928,1.0,shrink,15,7.335877973881013,0.48071727588086993,6.427041636020515,2.1650055862553756,9.114583333333334,6,0.8331700525652171
A2,synthetic,4,asymmetric_burst,20260928,1.0,gated,15,8.269633584081175,0.5419059236299311,7.964218423343182,2.513768888548875,9.765625,6,0.9675783292929361
A2,synthetic,4,asymmetric_burst,20260928,2.0,uncorrected,15,19.458307648334806,1.2750954526865912,18.39115982311303,5.726467465076286,9.765625,6,2.252931505985227
A2,synthetic,4,asymmetric_burst,20260928,2.0,V7,15,17.5716116554131,1.1514609863879584,17.00893188393243,5.24543555794699,9.765625,6,2.0524867690144477
A2,synthetic,4,asymmetric_burst,20260928,2.0,shrink,15,14.57582658257874,0.9551483371774625,13.280527411545886,4.1265356902691455,9.765625,6,1.6606925806953141
A2,synthetic,4,asymmetric_burst,20260928,2.0,gated,15,16.382141640197656,1.073515471550852,16.132906520584086,4.9766167474455605,9.765625,6,1.9282228570290714
A2,synthetic,4,asymmetric_burst,20260929,0.0,uncorrected,15,0.0,0.0,0.0,0.0,0.0,6,0.0
A2,synthetic,4,asymmetric_burst,20260929,0.0,V7,15,0.38972351016763096,0.025538432457785157,0.6062162669728524,0.25104834021393724,1.3020833333333333,6,0.06185209408049258
A2,synthetic,4,asymmetric_burst,20260929,0.0,shrink,15,1.28995315071371,0.08453013624720607,1.1704042899828462,0.8268646723675035,2.6041666666666665,6,0.1770623343316617
A2,synthetic,4,asymmetric_burst,20260929,0.0,gated,15,0.6495391836127183,0.0425640540963086,1.0103604449547543,0.4181641714101971,3.2552083333333335,6,0.10307045882521407
A2,synthetic,4,asymmetric_burst,20260929,0.5,uncorrected,15,5.304621220344354,0.34760979826859306,6.183204275002055,2.6593753384231427,8.463541666666666,6,0.7244691511261097
A2,synthetic,4,asymmetric_burst,20260929,0.5,V7,15,4.898219949499716,0.3209784785369207,5.453554769586117,2.4806369888492408,11.067708333333334,6,0.662218349346257
A2,synthetic,4,asymmetric_burst,20260929,0.5,shrink,15,4.150470296273445,0.2719787299560934,4.662408781716413,2.2357408140415798,9.114583333333334,6,0.5712489012720914
A2,synthetic,4,asymmetric_burst,20260929,0.5,gated,15,4.659172992001666,0.30531382290534964,5.015287074906013,2.3618911333201096,11.71875,6,0.6244125661063731
A2,synthetic,4,asymmetric_burst,20260929,1.0,uncorrected,15,10.609242440688709,0.6952195965371861,12.366408550004111,5.35086334221288,11.71875,6,1.451042632922831
A2,synthetic,4,asymmetric_burst,20260929,1.0,V7,15,9.553383280869593,0.6260295499157341,10.651719455681597,4.7649574365878635,11.067708333333334,6,1.2872769365226517
A2,synthetic,4,asymmetric_burst,20260929,1.0,shrink,15,8.027777420133402,0.5260571817749106,9.225902779042631,4.2397595828906764,11.067708333333334,6,1.1061719434940382
A2,synthetic,4,asymmetric_burst,20260929,1.0,gated,15,8.894988860478815,0.5828852155426291,9.561037722713987,4.378042292350912,11.71875,6,1.1830422225804116
A2,synthetic,4,asymmetric_burst,20260929,2.0,uncorrected,15,21.218484881377417,1.3904391930743722,24.73281710000822,10.782681052616907,35.807291666666664,6,2.907390174608603
A2,synthetic,4,asymmetric_burst,20260929,2.0,V7,15,18.964815489874756,1.242757100422809,21.419687876894802,9.442675856735583,27.994791666666668,6,2.5633440093883157
A2,synthetic,4,asymmetric_burst,20260929,2.0,shrink,15,15.932732653074472,1.0440658726322996,18.46371538866161,8.285162427331796,21.484375,6,2.1919494967080526
A2,synthetic,4,asymmetric_burst,20260929,2.0,gated,15,17.543230666099262,1.149601191020815,19.255343622743457,8.561034578644135,27.994791666666668,6,2.3415001591793083
A2,synthetic,4,direction_step,20260927,0.0,uncorrected,15,0.0,0.0,0.0,0.0,0.0,6,0.0
A2,synthetic,4,direction_step,20260927,0.0,V7,15,0.38972351016763096,0.025538432457785157,0.6062162669728524,0.25104834021393724,1.3020833333333333,6,0.06185209408049258
A2,synthetic,4,direction_step,20260927,0.0,shrink,15,1.28995315071371,0.08453013624720607,1.1704042899828462,0.8268646723675035,2.6041666666666665,6,0.1770623343316617
A2,synthetic,4,direction_step,20260927,0.0,gated,15,0.6495391836127183,0.0425640540963086,1.0103604449547543,0.4181641714101971,3.2552083333333335,6,0.10307045882521407
A2,synthetic,4,direction_step,20260927,0.5,uncorrected,15,8.039731466631556,0.5268405258666207,17.392111007315957,5.539747639316414,6.510416666666667,6,1.4597072571880128
A2,synthetic,4,direction_step,20260927,0.5,V7,15,6.861136217530885,0.4496076302907871,14.849236373681858,4.65836455246589,7.161458333333333,6,1.2414008645343206
A2,synthetic,4,direction_step,20260927,0.5,shrink,15,6.157608041269431,0.40350569817005416,13.078924947831098,4.006798713695912,7.8125,6,1.0945981572986498
A2,synthetic,4,direction_step,20260927,0.5,gated,15,6.101968276733688,0.39985964569569366,13.171450809068542,4.066759053999234,7.161458333333333,6,1.097912875111719
A2,synthetic,4,direction_step,20260927,1.0,uncorrected,15,16.079462933263116,1.0536810517332416,34.78422201463192,10.59903468077054,12.369791666666666,6,2.8879301152904913
A2,synthetic,4,direction_step,20260927,1.0,V7,15,13.670508640445288,0.8958231989325269,29.585174609351427,9.031662714407064,13.671875,6,2.4570171841453456
A2,synthetic,4,direction_step,20260927,1.0,shrink,15,12.119621972704614,0.7941941891847226,26.096799139590626,7.8534637609202465,14.322916666666666,6,2.1638852932285437
A2,synthetic,4,direction_step,20260927,1.0,gated,15,12.078765861648769,0.7915169038645768,26.127734908969952,7.965085116677411,13.671875,6,2.1695361171925063
A2,synthetic,4,direction_step,20260927,2.0,uncorrected,15,32.15892586652623,2.107362103466483,69.56844402926384,18.86045356520629,53.125,5,5.6226771621505724
A2,synthetic,4,direction_step,20260927,2.0,V7,15,27.372098966472247,1.7936831688249588,59.14182798250909,16.387699724905854,17.96875,5,4.805333535359827
A2,synthetic,4,direction_step,20260927,2.0,shrink,15,24.144859983885762,1.5822034334955053,52.171839801475954,14.553542343069699,17.96875,5,4.245291839909006
A2,synthetic,4,direction_step,20260927,2.0,gated,15,24.19102618640269,1.5852286870767016,52.198169643817074,14.73182606284548,17.1875,5,4.2608626496560085
A2,synthetic,4,direction_step,20260928,0.0,uncorrected,15,0.0,0.0,0.0,0.0,0.0,6,0.0
A2,synthetic,4,direction_step,20260928,0.0,V7,15,0.38972351016763096,0.025538432457785157,0.6062162669728524,0.25104834021393724,1.3020833333333333,6,0.06185209408049258
A2,synthetic,4,direction_step,20260928,0.0,shrink,15,1.28995315071371,0.08453013624720607,1.1704042899828462,0.8268646723675035,2.6041666666666665,6,0.1770623343316617
A2,synthetic,4,direction_step,20260928,0.0,gated,15,0.6495391836127183,0.0425640540963086,1.0103604449547543,0.4181641714101971,3.2552083333333335,6,0.10307045882521407
A2,synthetic,4,direction_step,20260928,0.5,uncorrected,15,7.3165355142477075,0.47944977190426835,15.825329683707686,5.385987527113002,5.859375,6,1.3509053716917725
A2,synthetic,4,direction_step,20260928,0.5,V7,15,6.251672498413631,0.40966970604430863,13.606004994487876,4.548284710023032,7.161458333333333,6,1.1535152121237768
A2,synthetic,4,direction_step,20260928,0.5,shrink,15,5.634428018605488,0.36922191152777895,11.950855924450659,3.840769742092574,7.161458333333333,6,1.0124735900220005
A2,synthetic,4,direction_step,20260928,0.5,gated,15,5.567328716738538,0.36482491995814903,12.140986844293003,3.9870934084689083,7.8125,6,1.023894735508924
A2,synthetic,4,direction_step,20260928,1.0,uncorrected,15,14.633071028495415,0.9588995438085367,31.650659367415372,10.242406211795231,12.369791666666666,6,2.667108299827218
A2,synthetic,4,direction_step,20260928,1.0,V7,15,12.452387752761716,0.8160002033884722,26.956339320768166,8.720688496632041,13.020833333333334,6,2.270682881985562
A2,synthetic,4,direction_step,20260928,1.0,shrink,15,11.047747846747356,0.7239546879618362,23.791222341438008,7.575875154162606,10.416666666666666,6,1.9999137342785085
A2,synthetic,4,direction_step,20260928,1.0,gated,15,11.012293256843854,0.7216313622554152,23.83535481350204,7.694499481445,13.671875,6,2.0068098073379135
A2,synthetic,4,direction_step,20260928,2.0,uncorrected,15,29.26614205699083,1.9177990876170734,63.30131873483074,18.583627805906918,16.40625,5,5.209632699320563
A2,synthetic,4,direction_step,20260928,2.0,V7,15,24.895391188428178,1.6313854560694634,53.83775013135327,16.111595189310055,15.625,6,4.45115570231668
A2,synthetic,4,direction_step,20260928,2.0,shrink,15,21.984860689351688,1.4406595064468268,47.51483392571888,14.286241828292845,14.322916666666666,6,3.9336459061304523
A2,synthetic,4,direction_step,20260928,2.0,gated,15,21.99035916367901,1.441019819365,47.53387071602317,14.397714912698683,15.625,6,3.9419347443955566
A2,synthetic,4,direction_step,20260929,0.0,uncorrected,15,0.0,0.0,0.0,0.0,0.0,6,0.0
A2,synthetic,4,direction_step,20260929,0.0,V7,15,0.38972351016763096,0.025538432457785157,0.6062162669728524,0.25104834021393724,1.3020833333333333,6,0.06185209408049258
A2,synthetic,4,direction_step,20260929,0.0,shrink,15,1.28995315071371,0.08453013624720607,1.1704042899828462,0.8268646723675035,2.6041666666666665,6,0.1770623343316617
A2,synthetic,4,direction_step,20260929,0.0,gated,15,0.6495391836127183,0.0425640540963086,1.0103604449547543,0.4181641714101971,3.2552083333333335,6,0.10307045882521407
A2,synthetic,4,direction_step,20260929,0.5,uncorrected,15,7.068462142020448,0.463193618770279,17.64528464288307,6.723887947527998,2.6041666666666665,6,1.4819517969879994
A2,synthetic,4,direction_step,20260929,0.5,V7,15,6.025044732329435,0.3948188752727431,15.15604924665963,5.7398706840033205,1.953125,6,1.2675354574463125
A2,synthetic,4,direction_step,20260929,0.5,shrink,15,5.403611030521175,0.3540965626419364,13.241468394548127,4.865315735288283,3.90625,6,1.106773018530675
A2,synthetic,4,direction_step,20260929,0.5,gated,15,5.360072837273226,0.35124352150228716,13.507142246191462,5.072261428479067,1.953125,6,1.1261858023658813
A2,synthetic,4,direction_step,20260929,1.0,uncorrected,15,14.136924284040894,0.9263872375405579,35.29056928576614,12.54310972113484,5.859375,6,2.904621165852556
A2,synthetic,4,direction_step,20260929,1.0,V7,15,12.0048751507928,0.7866748738632531,30.00180179165822,10.804793266926437,4.557291666666667,6,2.4777121354293388
A2,synthetic,4,direction_step,20260929,1.0,shrink,15,10.627445454676646,0.6964124330767603,26.44955015080662,9.449673272020123,6.510416666666667,6,2.1822603548229678
A2,synthetic,4,direction_step,20260929,1.0,gated,15,10.600417842432396,0.694641323990993,26.48155904570156,9.606759454789499,3.90625,6,2.191831808486282
A2,synthetic,4,direction_step,20260929,2.0,uncorrected,15,28.273848568081792,1.852774475081116,70.58113857153228,21.61623462075488,6.8359375,4,5.581855554459678
A2,synthetic,4,direction_step,20260929,2.0,V7,15,24.009652538665723,1.5733433413597846,59.95947032087274,18.89522223169463,7.03125,5,4.776100592774213
A2,synthetic,4,direction_step,20260929,2.0,shrink,15,21.190927808675855,1.388633388647484,52.90453549305297,16.859178287419212,10.15625,5,4.226815870148694
A2,synthetic,4,direction_step,20260929,2.0,gated,15,21.17754014336778,1.3877561000638656,52.88240644640346,17.021583613301804,6.25,5,4.235855886432231
B1,semisynthetic,0,asymmetric_burst,20260927,0.0,uncorrected,15,0.0,0.0,0.0,0.0,0.0,4,0.0
B1,semisynthetic,0,asymmetric_burst,20260927,0.0,V7,15,11.13818986331419,0.11353837999314355,6.951200885027071,0.35465193107133475,0.9765625,4,0.15258248453782217
B1,semisynthetic,0,asymmetric_burst,20260927,0.0,shrink,15,14.91912742804506,0.1520797885364372,7.793839548926008,1.6853376316880446,46.875,4,0.2089831516840402
B1,semisynthetic,0,asymmetric_burst,20260927,0.0,gated,15,10.833813152877818,0.11043568206514244,6.225075951310603,0.005901894596942163,0.0,4,0.1422238465083293
B1,semisynthetic,0,asymmetric_burst,20260927,0.5,uncorrected,15,7.484448784996589,0.07629356301323749,3.6412989373737834,0.6801933854654024,15.625,4,0.10178618342664042
B1,semisynthetic,0,asymmetric_burst,20260927,0.5,V7,15,13.538186566727987,0.1380030139272438,9.34248616416723,0.9818475354500439,15.625,4,0.19562842331115504
B1,semisynthetic,0,asymmetric_burst,20260927,0.5,shrink,15,16.4145356476675,0.16732339892268022,9.156598017046546,2.0866621269100496,13.671875,4,0.2352634232283169
B1,semisynthetic,0,asymmetric_burst,20260927,0.5,gated,15,13.241605644628926,0.13497978323668877,8.675531352899366,0.6649072007075075,15.625,4,0.18597508687923756
B1,semisynthetic,0,asymmetric_burst,20260927,1.0,uncorrected,15,14.968897569993178,0.15258712602647498,7.28259787474757,1.3575933816243662,16.6015625,4,0.20354389212799467
B1,semisynthetic,0,asymmetric_burst,20260927,1.0,V7,15,18.669888486553063,0.19031358949964441,12.392707853534503,1.599501010647124,16.6015625,4,0.2697815058413224
B1,semisynthetic,0,asymmetric_burst,20260927,1.0,shrink,15,19.930833517865356,0.203167173239238,11.229513716845224,2.4932599487687828,15.625,4,0.2858171463985008
B1,semisynthetic,0,asymmetric_burst,20260927,1.0,gated,15,18.423547248883843,0.18780248263275653,11.7890383803116,1.2967992689121521,16.6015625,4,0.2611079889921549
B1,semisynthetic,0,asymmetric_burst,20260927,2.0,uncorrected,15,29.937795139986356,0.30517425205294996,14.565195749495143,2.6014030036609013,49.8046875,4,0.40592791681867063
B1,semisynthetic,0,asymmetric_burst,20260927,2.0,V7,15,31.031598494051295,0.31632405847352824,18.54928767716011,2.7467409705273425,49.8046875,4,0.43886538460011604
B1,semisynthetic,0,asymmetric_burst,20260927,2.0,shrink,15,29.927813045987058,0.3050724984650216,16.373679387292686,3.292823327831364,77.1484375,4,0.4220917231613719
B1,semisynthetic,0,asymmetric_burst,20260927,2.0,gated,15,30.84644361606352,0.3144366615847572,18.02844242463739,2.4504349290300813,49.8046875,4,0.43130291197563236
B1,semisynthetic,0,asymmetric_burst,20260928,0.0,uncorrected,15,0.0,0.0,0.0,0.0,0.0,4,0.0
B1,semisynthetic,0,asymmetric_burst,20260928,0.0,V7,15,11.13818986331419,0.11353837999314355,6.951200885027071,0.35465193107133475,0.9765625,4,0.15258248453782217
B1,semisynthetic,0,asymmetric_burst,20260928,0.0,shrink,15,14.91912742804506,0.1520797885364372,7.793839548926008,1.6853376316880446,46.875,4,0.2089831516840402
B1,semisynthetic,0,asymmetric_burst,20260928,0.0,gated,15,10.833813152877818,0.11043568206514244,6.225075951310603,0.005901894596942163,0.0,4,0.1422238465083293
B1,semisynthetic,0,asymmetric_burst,20260928,0.5,uncorrected,15,7.852629892928763,0.08004665817965992,5.627781444240394,2.148165896397163,14.6484375,4,0.13062793546209628
B1,semisynthetic,0,asymmetric_burst,20260928,0.5,V7,15,13.701548245882012,0.13966825941432232,6.31533760154467,2.226523775912581,15.625,4,0.19455262664363238
B1,semisynthetic,0,asymmetric_burst,20260928,0.5,shrink,15,16.606873330203378,0.16928401453031014,8.452636612317619,3.3159928328977237,15.625,4,0.24616740389982064
B1,semisynthetic,0,asymmetric_burst,20260928,0.5,gated,15,13.44238504088638,0.13702645039417335,6.208441530718919,2.150937110741014,14.6484375,4,0.1905954880190284
B1,semisynthetic,0,asymmetric_burst,20260928,1.0,uncorrected,15,15.705259785857526,0.16009331635931984,11.25556288848079,4.410284263936609,15.625,4,0.26241745814154865
B1,semisynthetic,0,asymmetric_burst,20260928,1.0,V7,15,19.272553279505633,0.19645692024821707,9.812933968203792,4.3983142364390275,15.625,4,0.2913062448633833
B1,semisynthetic,0,asymmetric_burst,20260928,1.0,shrink,15,20.44750121546956,0.2084338830099147,11.310001177827468,5.225134109197199,15.625,4,0.3193417489100508
B1,semisynthetic,0,asymmetric_burst,20260928,1.0,gated,15,19.07916350656274,0.19448558003974223,10.128355243036165,4.332786534014342,15.625,4,0.2902745816787686
B1,semisynthetic,0,asymmetric_burst,20260928,2.0,uncorrected,15,31.410519571715053,0.3201866327186397,22.51112577696159,9.114636757644972,26.3671875,4,0.5278325335643134
B1,semisynthetic,0,asymmetric_burst,20260928,2.0,V7,15,32.76088351024244,0.33395171805683666,19.431510510605225,8.686995393291392,26.3671875,4,0.5215422082262531
B1,semisynthetic,0,asymmetric_burst,20260928,2.0,shrink,15,31.14541685287183,0.3174842786019824,19.44613172327143,9.208017228717871,26.3671875,4,0.5104603844119421
B1,semisynthetic,0,asymmetric_burst,20260928,2.0,gated,15,32.63566616216057,0.33267530106065313,19.954231322374383,8.627348625476795,26.3671875,4,0.5223219816856142
B1,semisynthetic,0,asymmetric_burst,20260929,0.0,uncorrected,15,0.0,0.0,0.0,0.0,0.0,4,0.0
B1,semisynthetic,0,asymmetric_burst,20260929,0.0,V7,15,11.13818986331419,0.11353837999314355,6.951200885027071,0.35465193107133475,0.9765625,4,0.15258248453782217
B1,semisynthetic,0,asymmetric_burst,20260929,0.0,shrink,15,14.91912742804506,0.1520797885364372,7.793839548926008,1.6853376316880446,46.875,4,0.2089831516840402
B1,semisynthetic,0,asymmetric_burst,20260929,0.0,gated,15,10.833813152877818,0.11043568206514244,6.225075951310603,0.005901894596942163,0.0,4,0.1422238465083293
B1,semisynthetic,0,asymmetric_burst,20260929,0.5,uncorrected,15,7.583391932890735,0.07730215102091047,4.8385880634733756,1.9613199674842194,6.8359375,4,0.12195642814766389
B1,semisynthetic,0,asymmetric_burst,20260929,0.5,V7,15,13.290622177902423,0.13547943873269383,8.644283420730451,1.9642111939397706,6.8359375,4,0.19956007782925228
B1,semisynthetic,0,asymmetric_burst,20260929,0.5,shrink,15,16.204087502528655,0.16517817229565657,9.405690758472456,3.137612194461958,4.8828125,4,0.24510075058233935
B1,semisynthetic,0,asymmetric_burst,20260929,0.5,gated,15,13.05407902945288,0.1330682097805015,8.205474415891597,1.9621431593200198,6.8359375,4,0.19489124388226434
B1,semisynthetic,0,asymmetric_burst,20260929,1.0,uncorrected,15,15.166783865781468,0.1546043020418209,9.67717612694676,3.7011428480091553,10.7421875,4,0.24165500104818494
B1,semisynthetic,0,asymmetric_burst,20260929,1.0,V7,15,18.477594135233623,0.18835341559359958,12.158101832026198,3.8177690197344787,10.7421875,4,0.2892377528493013
B1,semisynthetic,0,asymmetric_burst,20260929,1.0,shrink,15,19.63831355667492,0.20018533840639768,12.248279375119044,4.749076274543725,11.71875,4,0.31102267739977846
B1,semisynthetic,0,asymmetric_burst,20260929,1.0,gated,15,18.319679937363883,0.18674369961424636,11.936718986849778,3.6940625727072667,10.7421875,4,0.2852386760566947
B1,semisynthetic,0,asymmetric_burst,20260929,2.0,uncorrected,15,30.333567731562937,0.3092086040836418,19.354352253893524,7.27056378408345,12.6953125,4,0.48196728010345946
B1,semisynthetic,0,asymmetric_burst,20260929,2.0,V7,15,30.968604188459892,0.3156819189972388,19.307073377648006,7.320965315543127,11.71875,4,0.4887133973987708
B1,semisynthetic,0,asymmetric_burst,20260929,2.0,shrink,15,29.68402990544896,0.3025874678464018,19.35504434241615,7.7811041728089,11.71875,4,0.4805539216715561
B1,semisynthetic,0,asymmetric_burst,20260929,2.0,gated,15,30.882609933181726,0.314805326969915,19.295710224637382,7.202186469896298,11.71875,4,0.48656810418410595
B1,semisynthetic,0,direction_step,20260927,0.0,uncorrected,15,0.0,0.0,0.0,0.0,0.0,4,0.0
B1,semisynthetic,0,direction_step,20260927,0.0,V7,15,11.13818986331419,0.11353837999314355,6.951200885027071,0.35465193107133475,0.9765625,4,0.15258248453782217
B1,semisynthetic,0,direction_step,20260927,0.0,shrink,15,14.91912742804506,0.1520797885364372,7.793839548926008,1.6853376316880446,46.875,4,0.2089831516840402
B1,semisynthetic,0,direction_step,20260927,0.0,gated,15,10.833813152877818,0.11043568206514244,6.225075951310603,0.005901894596942163,0.0,4,0.1422238465083293
B1,semisynthetic,0,direction_step,20260927,0.5,uncorrected,15,10.507689693814338,0.10711130623080825,26.916093695314565,4.597483510140569,1.3020833333333333,3,0.2911623676598699
B1,semisynthetic,0,direction_step,20260927,0.5,V7,15,15.156271689948685,0.15449714500563244,26.628489440766437,4.651460375888266,1.3020833333333333,3,0.3376325626181207
B1,semisynthetic,0,direction_step,20260927,0.5,shrink,15,17.245632204193356,0.1757952743174985,22.544872996012295,4.314783526201609,11.71875,4,0.33468533920804655
B1,semisynthetic,0,direction_step,20260927,0.5,gated,15,15.037588418195831,0.15328733384489007,26.981225655317655,4.528534960945461,1.3020833333333333,3,0.33696752549915726
B1,semisynthetic,0,direction_step,20260927,1.0,uncorrected,15,21.015379387628677,0.2142226124616165,53.832187390629144,8.58969155808083,1.3020833333333333,3,0.576154792423168
B1,semisynthetic,0,direction_step,20260927,1.0,V7,15,23.24060019413986,0.23690564880762652,52.258967176017364,8.531346166849934,1.3020833333333333,3,0.590224680704056
B1,semisynthetic,0,direction_step,20260927,1.0,shrink,15,23.060528533275892,0.2350700682592549,44.751163405333415,6.6181451973082375,0.0,3,0.530620855468342
B1,semisynthetic,0,direction_step,20260927,1.0,gated,15,23.231564484266823,0.23681354229178667,52.710982436123565,8.415989350736865,1.3020833333333333,3,0.5912605055948312
B1,semisynthetic,0,direction_step,20260927,2.0,uncorrected,15,42.03075877525736,0.4284452249232331,107.66437478125829,17.894379953512345,1.3020833333333333,3,1.1595979848116122
B1,semisynthetic,0,direction_step,20260927,2.0,V7,15,41.61259279808942,0.4241826034202297,102.35265839788663,17.885496451931726,1.3020833333333333,3,1.128172021808194
B1,semisynthetic,0,direction_step,20260927,2.0,shrink,15,38.460035180280855,0.39204665591407684,90.17794172788449,14.437439065179229,1.3020833333333333,3,0.9988357511889542
B1,semisynthetic,0,direction_step,20260927,2.0,gated,15,41.68233531948181,0.4248935315865388,102.85338564944358,17.55709636256905,1.3020833333333333,3,1.1280874765839009
B1,semisynthetic,0,direction_step,20260928,0.0,uncorrected,15,0.0,0.0,0.0,0.0,0.0,4,0.0
B1,semisynthetic,0,direction_step,20260928,0.0,V7,15,11.13818986331419,0.11353837999314355,6.951200885027071,0.35465193107133475,0.9765625,4,0.15258248453782217
B1,semisynthetic,0,direction_step,20260928,0.0,shrink,15,14.91912742804506,0.1520797885364372,7.793839548926008,1.6853376316880446,46.875,4,0.2089831516840402
B1,semisynthetic,0,direction_step,20260928,0.0,gated,15,10.833813152877818,0.11043568206514244,6.225075951310603,0.005901894596942163,0.0,4,0.1422238465083293
B1,semisynthetic,0,direction_step,20260928,0.5,uncorrected,15,10.732741170725614,0.10940539354814974,26.71969502454556,4.482516773790724,2.6041666666666665,3,0.2912835228624576
B1,semisynthetic,0,direction_step,20260928,0.5,V7,15,15.456644346959896,0.15755902716869527,26.89661118216772,4.5572584894174195,3.90625,3,0.3411007517801806
B1,semisynthetic,0,direction_step,20260928,0.5,shrink,15,17.547928789751637,0.1788767682606744,22.824758997755303,4.487463392522298,2.6041666666666665,3,0.34095358919734825
B1,semisynthetic,0,direction_step,20260928,0.5,gated,15,15.347414693301872,0.1564455825178376,27.205790103931815,4.434333074474614,2.6041666666666665,3,0.3403100781113307
B1,semisynthetic,0,direction_step,20260928,1.0,uncorrected,15,21.46548234145123,0.2188107870962995,53.43939004909113,8.287312035019223,3.90625,3,0.5756586159381095
B1,semisynthetic,0,direction_step,20260928,1.0,V7,15,23.824920378598843,0.24286198174456816,52.260501910991486,8.22105261801761,3.90625,3,0.5930258240072533
B1,semisynthetic,0,direction_step,20260928,1.0,shrink,15,23.658641141150664,0.24116699580178552,44.864703825865696,6.921637772664588,3.90625,3,0.5403901618761422
B1,semisynthetic,0,direction_step,20260928,1.0,gated,15,23.826099529084573,0.24287400154648936,52.671008005473176,8.112268387810161,3.90625,3,0.5940212094493942
B1,semisynthetic,0,direction_step,20260928,2.0,uncorrected,15,42.93096468290247,0.4376215741925991,106.87878009818226,17.165463658457153,5.208333333333333,3,1.15734002108417
B1,semisynthetic,0,direction_step,20260928,2.0,V7,15,42.66649531482141,0.43492567620753825,102.4381427614714,17.206873870511732,6.510416666666667,3,1.132433176857603
B1,semisynthetic,0,direction_step,20260928,2.0,shrink,15,39.53087976551579,0.4029624295652747,89.95290275802223,13.904429277703372,3.90625,3,1.003171250241975
B1,semisynthetic,0,direction_step,20260928,2.0,gated,15,42.74653829650279,0.4357416032640394,102.89728920869837,16.915535062815255,6.510416666666667,3,1.1326194895474815
B1,semisynthetic,0,direction_step,20260929,0.0,uncorrected,15,0.0,0.0,0.0,0.0,0.0,4,0.0
B1,semisynthetic,0,direction_step,20260929,0.0,V7,15,11.13818986331419,0.11353837999314355,6.951200885027071,0.35465193107133475,0.9765625,4,0.15258248453782217
B1,semisynthetic,0,direction_step,20260929,0.0,shrink,15,14.91912742804506,0.1520797885364372,7.793839548926008,1.6853376316880446,46.875,4,0.2089831516840402
B1,semisynthetic,0,direction_step,20260929,0.0,gated,15,10.833813152877818,0.11043568206514244,6.225075951310603,0.005901894596942163,0.0,4,0.1422238465083293
B1,semisynthetic,0,direction_step,20260929,0.5,uncorrected,15,9.83576101534561,0.10026192634408643,24.25336227439559,4.364609884772816,3.90625,3,0.2683677397309738
B1,semisynthetic,0,direction_step,20260929,0.5,V7,15,14.580859037566679,0.14863161198987798,24.021408394971964,4.446713612683113,3.90625,3,0.31639213501627544
B1,semisynthetic,0,direction_step,20260929,0.5,shrink,15,16.88857992242793,0.17215562208118443,20.075398745940646,4.200274974251833,2.6041666666666665,3,0.31729200075721914
B1,semisynthetic,0,direction_step,20260929,0.5,gated,15,14.49579998676429,0.14776455307362926,24.372567742363547,4.323788197740307,3.90625,3,0.3160618131562197
B1,semisynthetic,0,direction_step,20260929,1.0,uncorrected,15,19.671522030691225,0.20052385268817288,48.50672454879119,8.13519542298256,3.90625,3,0.5306802260668337
B1,semisynthetic,0,direction_step,20260929,1.0,V7,15,22.015768390807025,0.22442018928313684,47.278767625342724,8.163288109949137,3.90625,3,0.5486042707056236
B1,semisynthetic,0,direction_step,20260929,1.0,shrink,15,22.083033573162208,0.2251058644178107,39.94102277275235,6.378162171277503,3.90625,3,0.4936940055265873
B1,semisynthetic,0,direction_step,20260929,1.0,gated,15,22.055735830192443,0.22482760183185274,47.736257743680056,8.04551093989324,3.90625,3,0.5501428468020736
B1,semisynthetic,0,direction_step,20260929,2.0,uncorrected,15,39.34304406138245,0.40104770537634576,97.01344909758238,15.278608735591122,50.78125,3,1.0512506106333954
B1,semisynthetic,0,direction_step,20260929,2.0,V7,15,39.11622421001818,0.39873559193688946,92.36360528780915,14.9478658498519,6.510416666666667,3,1.0218676821124324
B1,semisynthetic,0,direction_step,20260929,2.0,shrink,15,36.220301849008784,0.3692156845291438,80.80699553303673,12.338193493735824,23.4375,3,0.9068439937314432
B1,semisynthetic,0,direction_step,20260929,2.0,gated,15,39.245907661978116,0.4000575346608096,92.87356238576876,14.812196501487591,6.510416666666667,3,1.0244058164727314
B1,semisynthetic,1,asymmetric_burst,20260927,0.0,uncorrected,13,0.0,0.0,0.0,0.0,0.0,5,0.0
B1,semisynthetic,1,asymmetric_burst,20260927,0.0,V7,13,13.225802307530172,0.07464116638695238,6.112403714063471,3.6299002193753815,35.9375,5,0.11237486646510268
B1,semisynthetic,1,asymmetric_burst,20260927,0.0,shrink,13,17.674411697718856,0.09974734792231213,7.745824862918393,3.3360533661146756,33.59375,5,0.1404318828233214
B1,semisynthetic,1,asymmetric_burst,20260927,0.0,gated,13,0.0,0.0,0.0,0.0,0.0,5,0.0
B1,semisynthetic,1,asymmetric_burst,20260927,0.5,uncorrected,13,20.04922268907459,0.11314983634771553,17.459543908344898,8.062039228319367,103.125,5,0.20791613810145132
B1,semisynthetic,1,asymmetric_burst,20260927,0.5,V7,13,23.63974795928406,0.13341333249552007,15.583435962655605,4.536157371442219,103.125,5,0.20298695638673878
B1,semisynthetic,1,asymmetric_burst,20260927,0.5,shrink,13,26.29569563328539,0.14840244450858125,18.61496589969216,5.354463055291146,103.90625,5,0.23114863456034593
B1,semisynthetic,1,asymmetric_burst,20260927,0.5,gated,13,20.04922268907459,0.11314983634771553,17.459543908344898,8.062039228319367,103.125,5,0.20791613810145132
B1,semisynthetic,1,asymmetric_burst,20260927,1.0,uncorrected,13,40.09844537814917,0.22629967269543103,34.91908781668979,16.240931523447895,114.84375,5,0.4164917484224111
B1,semisynthetic,1,asymmetric_burst,20260927,1.0,V7,13,40.64852444106387,0.2294041000795919,31.29471467204317,12.285837287073337,114.84375,5,0.3870479374137146
B1,semisynthetic,1,asymmetric_burst,20260927,1.0,shrink,13,41.4938060934737,0.23417453343360006,33.56888289973357,12.693142390023711,114.84375,5,0.4005342890777539
B1,semisynthetic,1,asymmetric_burst,20260927,1.0,gated,13,40.09844537814917,0.22629967269543103,34.91908781668979,16.240931523447895,114.84375,5,0.4164917484224111
B1,semisynthetic,1,asymmetric_burst,20260927,2.0,uncorrected,13,80.19689075629834,0.45259934539086205,69.83817563337958,31.300912349973476,114.84375,5,0.826318680948279
B1,semisynthetic,1,asymmetric_burst,20260927,2.0,V7,13,77.10996467003841,0.43517796268218767,63.51808229817156,25.95879972064746,114.84375,5,0.7609144937205011
B1,semisynthetic,1,asymmetric_burst,20260927,2.0,shrink,13,75.73546910537412,0.42742085655322165,64.56839133557185,26.247424633499516,114.84375,5,0.7577500349440653
B1,semisynthetic,1,asymmetric_burst,20260927,2.0,gated,13,80.19689075629834,0.45259934539086205,69.83817563337958,31.300912349973476,114.84375,5,0.826318680948279
B1,semisynthetic,1,asymmetric_burst,20260928,0.0,uncorrected,13,0.0,0.0,0.0,0.0,0.0,5,0.0
B1,semisynthetic,1,asymmetric_burst,20260928,0.0,V7,13,13.225802307530172,0.07464116638695238,6.112403714063471,3.6299002193753815,35.9375,5,0.11237486646510268
B1,semisynthetic,1,asymmetric_burst,20260928,0.0,shrink,13,17.674411697718856,0.09974734792231213,7.745824862918393,3.3360533661146756,33.59375,5,0.1404318828233214
B1,semisynthetic,1,asymmetric_burst,20260928,0.0,gated,13,0.0,0.0,0.0,0.0,0.0,5,0.0
B1,semisynthetic,1,asymmetric_burst,20260928,0.5,uncorrected,13,19.039793498965935,0.10745301959642864,12.676530444807161,4.907395310605899,46.875,5,0.17091905360009993
B1,semisynthetic,1,asymmetric_burst,20260928,0.5,V7,13,23.1036978706304,0.13038807906071273,16.148784220328213,6.320179901267548,46.875,5,0.21162531666576206
B1,semisynthetic,1,asymmetric_burst,20260928,0.5,shrink,13,24.721335848863653,0.13951738423854806,14.00519540308145,6.21843368241268,46.875,5,0.2141316254309276
B1,semisynthetic,1,asymmetric_burst,20260928,0.5,gated,13,19.039793498965935,0.10745301959642864,12.676530444807161,4.907395310605899,46.875,5,0.17091905360009993
B1,semisynthetic,1,asymmetric_burst,20260928,1.0,uncorrected,13,38.07958699793187,0.21490603919285728,25.35306088961433,9.38274770226021,67.1875,5,0.33939982885232156
B1,semisynthetic,1,asymmetric_burst,20260928,1.0,V7,13,39.07587571311064,0.22052869633152947,26.998857480179243,9.1563595827909,67.1875,5,0.34838895210390614
B1,semisynthetic,1,asymmetric_burst,20260928,1.0,shrink,13,38.69336269371081,0.2183699450314331,24.343749933429358,9.24666829423456,67.1875,5,0.33924768190766175
B1,semisynthetic,1,asymmetric_burst,20260928,1.0,gated,13,38.07958699793187,0.21490603919285728,25.35306088961433,9.38274770226021,67.1875,5,0.33939982885232156
B1,semisynthetic,1,asymmetric_burst,20260928,2.0,uncorrected,13,76.15917399586374,0.42981207838571456,50.70612177922866,16.67699355743557,66.40625,5,0.6670129841824658
B1,semisynthetic,1,asymmetric_burst,20260928,2.0,V7,13,73.26033084502654,0.41345216093646286,49.32618911892579,15.612582472912715,76.5625,5,0.6407520585773868
B1,semisynthetic,1,asymmetric_burst,20260928,2.0,shrink,13,70.92994301876467,0.40030037918125655,46.54608884880786,15.16674907282426,66.40625,5,0.6172392805493129
B1,semisynthetic,1,asymmetric_burst,20260928,2.0,gated,13,76.15917399586374,0.42981207838571456,50.70612177922866,16.67699355743557,66.40625,5,0.6670129841824658
B1,semisynthetic,1,asymmetric_burst,20260929,0.0,uncorrected,13,0.0,0.0,0.0,0.0,0.0,5,0.0
B1,semisynthetic,1,asymmetric_burst,20260929,0.0,V7,13,13.225802307530172,0.07464116638695238,6.112403714063471,3.6299002193753815,35.9375,5,0.11237486646510268
B1,semisynthetic,1,asymmetric_burst,20260929,0.0,shrink,13,17.674411697718856,0.09974734792231213,7.745824862918393,3.3360533661146756,33.59375,5,0.1404318828233214
B1,semisynthetic,1,asymmetric_burst,20260929,0.0,gated,13,0.0,0.0,0.0,0.0,0.0,5,0.0
B1,semisynthetic,1,asymmetric_burst,20260929,0.5,uncorrected,13,16.375177409314823,0.09241498649413736,11.549699445550589,0.924689495460972,39.0625,5,0.13022452045485394
B1,semisynthetic,1,asymmetric_burst,20260929,0.5,V7,13,20.973208705938525,0.11836444582246108,13.205733822634336,4.83436895360441,39.0625,5,0.18291165478190385
B1,semisynthetic,1,asymmetric_burst,20260929,0.5,shrink,13,23.390380270577378,0.1320060004704763,15.222791561929984,4.144394363786257,39.0625,5,0.19835100304963052
B1,semisynthetic,1,asymmetric_burst,20260929,0.5,gated,13,16.375177409314823,0.09241498649413736,11.549699445550589,0.924689495460972,39.0625,5,0.13022452045485394
B1,semisynthetic,1,asymmetric_burst,20260929,1.0,uncorrected,13,32.750354818629646,0.18482997298827472,23.099398891101178,1.692054211361941,67.96875,5,0.25956116244495553
B1,semisynthetic,1,asymmetric_burst,20260929,1.0,V7,13,34.63633975594139,0.1954737216422995,23.7198706892008,5.074496518176118,106.25,5,0.2910449177744497
B1,semisynthetic,1,asymmetric_burst,20260929,1.0,shrink,13,34.874520420303355,0.19681791855265812,24.89115838740058,4.808596161797841,67.1875,5,0.29419361974895786
B1,semisynthetic,1,asymmetric_burst,20260929,1.0,gated,13,32.750354818629646,0.18482997298827472,23.099398891101178,1.692054211361941,67.96875,5,0.25956116244495553
B1,semisynthetic,1,asymmetric_burst,20260929,2.0,uncorrected,13,65.50070963725929,0.36965994597654944,46.19879778220235,2.3861888448309876,107.03125,5,0.513490463810913
B1,semisynthetic,1,asymmetric_burst,20260929,2.0,V7,13,64.52504789856847,0.36415369928680863,45.49642575581605,5.191598356309748,107.03125,5,0.5218348781417144
B1,semisynthetic,1,asymmetric_burst,20260929,2.0,shrink,13,62.1101313816079,0.3505248712307272,45.20558527568528,5.42360086285365,107.03125,5,0.5086946859512018
B1,semisynthetic,1,asymmetric_burst,20260929,2.0,gated,13,65.50070963725929,0.36965994597654944,46.19879778220235,2.3861888448309876,107.03125,5,0.513490463810913
B1,semisynthetic,1,direction_step,20260927,0.0,uncorrected,13,0.0,0.0,0.0,0.0,0.0,5,0.0
B1,semisynthetic,1,direction_step,20260927,0.0,V7,13,13.225802307530172,0.07464116638695238,6.112403714063471,3.6299002193753815,35.9375,5,0.11237486646510268
B1,semisynthetic,1,direction_step,20260927,0.0,shrink,13,17.674411697718856,0.09974734792231213,7.745824862918393,3.3360533661146756,33.59375,5,0.1404318828233214
B1,semisynthetic,1,direction_step,20260927,0.0,gated,13,0.0,0.0,0.0,0.0,0.0,5,0.0
B1,semisynthetic,1,direction_step,20260927,0.5,uncorrected,13,25.693920854923277,0.14500626707338518,63.147096867037554,24.133820324971577,52.34375,5,0.4593964933747703
B1,semisynthetic,1,direction_step,20260927,0.5,V7,13,27.35239747550793,0.15436604930114833,60.46067445965284,23.318066099406938,53.90625,5,0.4565719336562532
B1,semisynthetic,1,direction_step,20260927,0.5,shrink,13,29.567047459558083,0.16686465272078602,59.54321400929695,22.292276770579225,47.65625,5,0.4606924993237212
B1,semisynthetic,1,direction_step,20260927,0.5,gated,13,25.693920854923277,0.14500626707338518,63.147096867037554,24.133820324971577,52.34375,5,0.4593964933747703
B1,semisynthetic,1,direction_step,20260927,1.0,uncorrected,13,51.387841709846555,0.29001253414677036,126.29419373407511,43.629166081586625,85.15625,5,0.8926152816857634
B1,semisynthetic,1,direction_step,20260927,1.0,V7,13,49.99331045054918,0.28214235452842257,120.28289818316371,41.840542181627605,49.21875,5,0.8576881401147075
B1,semisynthetic,1,direction_step,20260927,1.0,shrink,13,50.05520376252142,0.2824916557571676,116.14917705923537,39.96693383645654,85.15625,5,0.8357990025326265
B1,semisynthetic,1,direction_step,20260927,1.0,gated,13,51.387841709846555,0.29001253414677036,126.29419373407511,43.629166081586625,85.15625,5,0.8926152816857634
B1,semisynthetic,1,direction_step,20260927,2.0,uncorrected,13,102.77568341969311,0.5800250682935407,252.58838746815022,71.49720523302669,48.177083333333336,3,1.6962810334840932
B1,semisynthetic,1,direction_step,20260927,2.0,V7,13,97.49466710185487,0.550221113228558,237.86315139887725,67.45952669244038,48.177083333333336,3,1.602138340114567
B1,semisynthetic,1,direction_step,20260927,2.0,shrink,13,94.74498754562444,0.53470301576308,229.6968147824239,65.18028912038959,48.177083333333336,3,1.550713355120555
B1,semisynthetic,1,direction_step,20260927,2.0,gated,13,102.77568341969311,0.5800250682935407,252.58838746815022,71.49720523302669,48.177083333333336,3,1.6962810334840932
B1,semisynthetic,1,direction_step,20260928,0.0,uncorrected,13,0.0,0.0,0.0,0.0,0.0,5,0.0
B1,semisynthetic,1,direction_step,20260928,0.0,V7,13,13.225802307530172,0.07464116638695238,6.112403714063471,3.6299002193753815,35.9375,5,0.11237486646510268
B1,semisynthetic,1,direction_step,20260928,0.0,shrink,13,17.674411697718856,0.09974734792231213,7.745824862918393,3.3360533661146756,33.59375,5,0.1404318828233214
B1,semisynthetic,1,direction_step,20260928,0.0,gated,13,0.0,0.0,0.0,0.0,0.0,5,0.0
B1,semisynthetic,1,direction_step,20260928,0.5,uncorrected,13,24.602699089474875,0.13884784556775567,61.488746155289384,24.854962536912428,35.9375,5,0.4526283757853701
B1,semisynthetic,1,direction_step,20260928,0.5,V7,13,27.005991354887666,0.1524110709727671,59.64362905137462,23.980301301488577,74.21875,5,0.4560488077276765
B1,semisynthetic,1,direction_step,20260928,0.5,shrink,13,29.20375578847009,0.16481437906341903,58.43871946863194,22.9227423739837,41.40625,5,0.4590836588193366
B1,semisynthetic,1,direction_step,20260928,0.5,gated,13,24.602699089474875,0.13884784556775567,61.488746155289384,24.854962536912428,35.9375,5,0.4526283757853701
B1,semisynthetic,1,direction_step,20260928,1.0,uncorrected,13,49.20539817894975,0.27769569113551135,122.97749231057877,46.18592209429732,103.125,5,0.885368680765896
B1,semisynthetic,1,direction_step,20260928,1.0,V7,13,48.49113322330019,0.2736646638935078,118.12261922618372,44.278134176829184,102.34375,5,0.8568713714266275
B1,semisynthetic,1,direction_step,20260928,1.0,shrink,13,48.722768963535735,0.27497192385597086,113.5569144857956,42.27731665252258,102.34375,5,0.8340033027468231
B1,semisynthetic,1,direction_step,20260928,1.0,gated,13,49.20539817894975,0.27769569113551135,122.97749231057877,46.18592209429732,103.125,5,0.885368680765896
B1,semisynthetic,1,direction_step,20260928,2.0,uncorrected,13,98.4107963578995,0.5553913822710227,245.95498462115754,74.05699559880593,132.8125,2,1.667375642586097
B1,semisynthetic,1,direction_step,20260928,2.0,V7,13,93.80832079710005,0.5294168412838253,232.5652466999228,70.27267354156018,132.8125,2,1.5822607166016398
B1,semisynthetic,1,direction_step,20260928,2.0,shrink,13,91.42061563020164,0.5159415832615593,224.12130400423584,67.49971261722904,132.8125,2,1.529308843743268
B1,semisynthetic,1,direction_step,20260928,2.0,gated,13,98.4107963578995,0.5553913822710227,245.95498462115754,74.05699559880593,132.8125,2,1.667375642586097
B1,semisynthetic,1,direction_step,20260929,0.0,uncorrected,13,0.0,0.0,0.0,0.0,0.0,5,0.0
B1,semisynthetic,1,direction_step,20260929,0.0,V7,13,13.225802307530172,0.07464116638695238,6.112403714063471,3.6299002193753815,35.9375,5,0.11237486646510268
B1,semisynthetic,1,direction_step,20260929,0.0,shrink,13,17.674411697718856,0.09974734792231213,7.745824862918393,3.3360533661146756,33.59375,5,0.1404318828233214
B1,semisynthetic,1,direction_step,20260929,0.0,gated,13,0.0,0.0,0.0,0.0,0.0,5,0.0
B1,semisynthetic,1,direction_step,20260929,0.5,uncorrected,13,22.811219609652838,0.12873744811715454,55.91645394517073,22.56155583464638,39.0625,5,0.413851003171605
B1,semisynthetic,1,direction_step,20260929,0.5,V7,13,25.89489702851079,0.14614049663948248,54.28731937686032,21.914891130042662,44.53125,5,0.4230074396951437
B1,semisynthetic,1,direction_step,20260929,0.5,shrink,13,28.49362204615248,0.16080666674587296,53.34020755316974,20.881720623871427,44.53125,5,0.42917024534380627
B1,semisynthetic,1,direction_step,20260929,0.5,gated,13,22.811219609652838,0.12873744811715454,55.91645394517073,22.56155583464638,39.0625,5,0.413851003171605
B1,semisynthetic,1,direction_step,20260929,1.0,uncorrected,13,45.622439219305676,0.2574748962343091,111.83290789034146,39.44219690422893,77.1484375,4,0.7956411835402106
B1,semisynthetic,1,direction_step,20260929,1.0,V7,13,45.30836619971727,0.2557023930645465,105.20385300266888,37.589958508075945,77.1484375,4,0.7647095095483128
B1,semisynthetic,1,direction_step,20260929,1.0,shrink,13,46.415062045491275,0.2619481441232278,103.41919740620372,36.21179080099944,77.1484375,4,0.7581414872833061
B1,semisynthetic,1,direction_step,20260929,1.0,gated,13,45.622439219305676,0.2574748962343091,111.83290789034146,39.44219690422893,77.1484375,4,0.7956411835402106
B1,semisynthetic,1,direction_step,20260929,2.0,uncorrected,13,91.24487843861135,0.5149497924686182,223.66581578068292,62.518156654209776,156.25,3,1.498917835829033
B1,semisynthetic,1,direction_step,20260929,2.0,V7,13,87.35696879723201,0.49300797724320794,210.79843366093607,59.83184837293165,156.25,3,1.4255063726803197
B1,semisynthetic,1,direction_step,20260929,2.0,shrink,13,85.83828059921936,0.484437105258132,203.94056444650536,57.09006988156228,154.94791666666666,3,1.3821104509623159
B1,semisynthetic,1,direction_step,20260929,2.0,gated,13,91.24487843861135,0.5149497924686182,223.66581578068292,62.518156654209776,156.25,3,1.498917835829033
B1,semisynthetic,2,asymmetric_burst,20260927,0.0,uncorrected,13,0.0,0.0,0.0,0.0,0.0,4,0.0
B1,semisynthetic,2,asymmetric_burst,20260927,0.0,V7,13,17.061290025470797,0.08164364245681321,14.314850238015449,4.082402912673697,0.0,4,0.1354297570896862
B1,semisynthetic,2,asymmetric_burst,20260927,0.0,shrink,13,0.0,0.0,0.0,0.0,0.0,4,0.0
B1,semisynthetic,2,asymmetric_burst,20260927,0.0,gated,13,0.0,0.0,0.0,0.0,0.0,4,0.0
B1,semisynthetic,2,asymmetric_burst,20260927,0.5,uncorrected,13,22.40374518753449,0.10720897183354351,17.158069474748622,5.387146954326123,33.203125,4,0.17404154679251801
B1,semisynthetic,2,asymmetric_burst,20260927,0.5,V7,13,26.34522632880174,0.12607019959343066,18.194930128833217,8.723717695473185,33.203125,4,0.2113501679448166
B1,semisynthetic,2,asymmetric_burst,20260927,0.5,shrink,13,22.40374518753449,0.10720897183354351,17.158069474748622,5.387146954326123,33.203125,4,0.17404154679251801
B1,semisynthetic,2,asymmetric_burst,20260927,0.5,gated,13,22.40374518753449,0.10720897183354351,17.158069474748622,5.387146954326123,33.203125,4,0.17404154679251801
B1,semisynthetic,2,asymmetric_burst,20260927,1.0,uncorrected,13,44.80749037506898,0.21441794366708702,34.31613894949725,10.178954795149092,35.15625,4,0.34523420855636333
B1,semisynthetic,2,asymmetric_burst,20260927,1.0,V7,13,44.251710001287044,0.21175835965826798,32.82282404838325,12.942604142323034,33.203125,4,0.3522265655789575
B1,semisynthetic,2,asymmetric_burst,20260927,1.0,shrink,13,44.80749037506898,0.21441794366708702,34.31613894949725,10.178954795149092,35.15625,4,0.34523420855636333
B1,semisynthetic,2,asymmetric_burst,20260927,1.0,gated,13,44.80749037506898,0.21441794366708702,34.31613894949725,10.178954795149092,35.15625,4,0.34523420855636333
B1,semisynthetic,2,asymmetric_burst,20260927,2.0,uncorrected,13,89.61498075013796,0.42883588733417405,68.6322778989945,16.912547910306724,36.1328125,4,0.6739812771182897
B1,semisynthetic,2,asymmetric_burst,20260927,2.0,V7,13,84.36331820983334,0.4037050292276436,63.41691198259875,18.002445565091538,35.15625,4,0.6415873386436823
B1,semisynthetic,2,asymmetric_burst,20260927,2.0,shrink,13,89.61498075013796,0.42883588733417405,68.6322778989945,16.912547910306724,36.1328125,4,0.6739812771182897
B1,semisynthetic,2,asymmetric_burst,20260927,2.0,gated,13,89.61498075013796,0.42883588733417405,68.6322778989945,16.912547910306724,36.1328125,4,0.6739812771182897
B1,semisynthetic,2,asymmetric_burst,20260928,0.0,uncorrected,13,0.0,0.0,0.0,0.0,0.0,4,0.0
B1,semisynthetic,2,asymmetric_burst,20260928,0.0,V7,13,17.061290025470797,0.08164364245681321,14.314850238015449,4.082402912673697,0.0,4,0.1354297570896862
B1,semisynthetic,2,asymmetric_burst,20260928,0.0,shrink,13,0.0,0.0,0.0,0.0,0.0,4,0.0
B1,semisynthetic,2,asymmetric_burst,20260928,0.0,gated,13,0.0,0.0,0.0,0.0,0.0,4,0.0
B1,semisynthetic,2,asymmetric_burst,20260928,0.5,uncorrected,13,19.268344590968653,0.09220509317707971,14.199161370968396,2.978518274168009,0.9765625,4,0.14043196857031487
B1,semisynthetic,2,asymmetric_burst,20260928,0.5,V7,13,25.76086259013111,0.12327383518760168,23.591507663122137,6.91842340463813,23.4375,4,0.21282706315950117
B1,semisynthetic,2,asymmetric_burst,20260928,0.5,shrink,13,19.268344590968653,0.09220509317707971,14.199161370968396,2.978518274168009,0.9765625,4,0.14043196857031487
B1,semisynthetic,2,asymmetric_burst,20260928,0.5,gated,13,19.268344590968653,0.09220509317707971,14.199161370968396,2.978518274168009,0.9765625,4,0.14043196857031487
B1,semisynthetic,2,asymmetric_burst,20260928,1.0,uncorrected,13,38.536689181937305,0.18441018635415943,28.398322741936795,5.688915206149214,23.4375,4,0.2795808921326696
B1,semisynthetic,2,asymmetric_burst,20260928,1.0,V7,13,41.16705538814354,0.19699731650371913,36.17023337093851,9.548618252683637,23.4375,4,0.3292334353240864
B1,semisynthetic,2,asymmetric_burst,20260928,1.0,shrink,13,38.536689181937305,0.18441018635415943,28.398322741936795,5.688915206149214,23.4375,4,0.2795808921326696
B1,semisynthetic,2,asymmetric_burst,20260928,1.0,gated,13,38.536689181937305,0.18441018635415943,28.398322741936795,5.688915206149214,23.4375,4,0.2795808921326696
B1,semisynthetic,2,asymmetric_burst,20260928,2.0,uncorrected,13,77.07337836387461,0.36882037270831886,56.79664548387358,12.830024604813305,23.4375,4,0.5661109905243351
B1,semisynthetic,2,asymmetric_burst,20260928,2.0,V7,13,75.33179637543032,0.360486354767032,62.95204589219741,15.31905431179259,75.1953125,4,0.5844155272199106
B1,semisynthetic,2,asymmetric_burst,20260928,2.0,shrink,13,77.07337836387461,0.36882037270831886,56.79664548387358,12.830024604813305,23.4375,4,0.5661109905243351
B1,semisynthetic,2,asymmetric_burst,20260928,2.0,gated,13,77.07337836387461,0.36882037270831886,56.79664548387358,12.830024604813305,23.4375,4,0.5661109905243351
B1,semisynthetic,2,asymmetric_burst,20260929,0.0,uncorrected,13,0.0,0.0,0.0,0.0,0.0,4,0.0
B1,semisynthetic,2,asymmetric_burst,20260929,0.0,V7,13,17.061290025470797,0.08164364245681321,14.314850238015449,4.082402912673697,0.0,4,0.1354297570896862
B1,semisynthetic,2,asymmetric_burst,20260929,0.0,shrink,13,0.0,0.0,0.0,0.0,0.0,4,0.0
B1,semisynthetic,2,asymmetric_burst,20260929,0.0,gated,13,0.0,0.0,0.0,0.0,0.0,4,0.0
B1,semisynthetic,2,asymmetric_burst,20260929,0.5,uncorrected,13,20.259967674430904,0.09695032172411513,15.144884540911546,3.764964827432306,23.4375,4,0.1512033828997614
B1,semisynthetic,2,asymmetric_burst,20260929,0.5,V7,13,25.000315294045663,0.11963437700944538,19.324997829686627,6.061924445983601,23.4375,4,0.19488069172505773
B1,semisynthetic,2,asymmetric_burst,20260929,0.5,shrink,13,20.259967674430904,0.09695032172411513,15.144884540911546,3.764964827432306,23.4375,4,0.1512033828997614
B1,semisynthetic,2,asymmetric_burst,20260929,0.5,gated,13,20.259967674430904,0.09695032172411513,15.144884540911546,3.764964827432306,23.4375,4,0.1512033828997614
B1,semisynthetic,2,asymmetric_burst,20260929,1.0,uncorrected,13,40.51993534886181,0.19390064344823027,30.28976908182309,7.5405349861087325,23.4375,4,0.3024575156473326
B1,semisynthetic,2,asymmetric_burst,20260929,1.0,V7,13,41.55639446742323,0.19886042653442146,30.359251741899566,9.645005353794216,23.4375,4,0.3176540999793644
B1,semisynthetic,2,asymmetric_burst,20260929,1.0,shrink,13,40.51993534886181,0.19390064344823027,30.28976908182309,7.5405349861087325,23.4375,4,0.3024575156473326
B1,semisynthetic,2,asymmetric_burst,20260929,1.0,gated,13,40.51993534886181,0.19390064344823027,30.28976908182309,7.5405349861087325,23.4375,4,0.3024575156473326
B1,semisynthetic,2,asymmetric_burst,20260929,2.0,uncorrected,13,81.03987069772361,0.38780128689646054,60.57953816364618,17.101860848582472,25.390625,4,0.6145851516398225
B1,semisynthetic,2,asymmetric_burst,20260929,2.0,V7,13,78.13493646052575,0.3739002623040488,56.39836644052609,18.49758225911569,25.390625,4,0.5973589819551646
B1,semisynthetic,2,asymmetric_burst,20260929,2.0,shrink,13,81.03987069772361,0.38780128689646054,60.57953816364618,17.101860848582472,25.390625,4,0.6145851516398225
B1,semisynthetic,2,asymmetric_burst,20260929,2.0,gated,13,81.03987069772361,0.38780128689646054,60.57953816364618,17.101860848582472,25.390625,4,0.6145851516398225
B1,semisynthetic,2,direction_step,20260927,0.0,uncorrected,13,0.0,0.0,0.0,0.0,0.0,4,0.0
B1,semisynthetic,2,direction_step,20260927,0.0,V7,13,17.061290025470797,0.08164364245681321,14.314850238015449,4.082402912673697,0.0,4,0.1354297570896862
B1,semisynthetic,2,direction_step,20260927,0.0,shrink,13,0.0,0.0,0.0,0.0,0.0,4,0.0
B1,semisynthetic,2,direction_step,20260927,0.0,gated,13,0.0,0.0,0.0,0.0,0.0,4,0.0
B1,semisynthetic,2,direction_step,20260927,0.5,uncorrected,13,28.949505222108506,0.1385324937403292,70.93927595649858,16.533040756975346,27.34375,3,0.3873816782461208
B1,semisynthetic,2,direction_step,20260927,0.5,V7,13,33.50596761299249,0.16033660033214495,76.09899345684141,18.718801711261417,27.34375,3,0.43199077500310046
B1,semisynthetic,2,direction_step,20260927,0.5,shrink,13,28.949505222108506,0.1385324937403292,70.93927595649858,16.533040756975346,27.34375,3,0.3873816782461208
B1,semisynthetic,2,direction_step,20260927,0.5,gated,13,28.949505222108506,0.1385324937403292,70.93927595649858,16.533040756975346,27.34375,3,0.3873816782461208
B1,semisynthetic,2,direction_step,20260927,1.0,uncorrected,13,57.89901044421701,0.2770649874806584,141.87855191299715,38.52433994315984,28.645833333333332,3,0.8008828409489241
B1,semisynthetic,2,direction_step,20260927,1.0,V7,13,58.51965552908518,0.280034969546839,142.0581928041613,39.36594225309854,28.645833333333332,3,0.8083099740461435
B1,semisynthetic,2,direction_step,20260927,1.0,shrink,13,57.89901044421701,0.2770649874806584,141.87855191299715,38.52433994315984,28.645833333333332,3,0.8008828409489241
B1,semisynthetic,2,direction_step,20260927,1.0,gated,13,57.89901044421701,0.2770649874806584,141.87855191299715,38.52433994315984,28.645833333333332,3,0.8008828409489241
B1,semisynthetic,2,direction_step,20260927,2.0,uncorrected,13,115.79802088843402,0.5541299749613168,283.7571038259943,82.67165940397925,106.77083333333333,3,1.6286734086052908
B1,semisynthetic,2,direction_step,20260927,2.0,V7,13,111.54880094780712,0.5337961201921296,275.0801163436954,80.16898442375371,108.07291666666667,3,1.575602408389257
B1,semisynthetic,2,direction_step,20260927,2.0,shrink,13,115.79802088843402,0.5541299749613168,283.7571038259943,82.67165940397925,106.77083333333333,3,1.6286734086052908
B1,semisynthetic,2,direction_step,20260927,2.0,gated,13,115.79802088843402,0.5541299749613168,283.7571038259943,82.67165940397925,106.77083333333333,3,1.6286734086052908
B1,semisynthetic,2,direction_step,20260928,0.0,uncorrected,13,0.0,0.0,0.0,0.0,0.0,4,0.0
B1,semisynthetic,2,direction_step,20260928,0.0,V7,13,17.061290025470797,0.08164364245681321,14.314850238015449,4.082402912673697,0.0,4,0.1354297570896862
B1,semisynthetic,2,direction_step,20260928,0.0,shrink,13,0.0,0.0,0.0,0.0,0.0,4,0.0
B1,semisynthetic,2,direction_step,20260928,0.0,gated,13,0.0,0.0,0.0,0.0,0.0,4,0.0
B1,semisynthetic,2,direction_step,20260928,0.5,uncorrected,13,26.841507056224533,0.1284450590681494,63.981117855912885,15.519057252622078,27.34375,3,0.35579352515229856
B1,semisynthetic,2,direction_step,20260928,0.5,V7,13,31.94419016831117,0.15286300372249123,69.78225028620564,17.22332655333965,27.34375,3,0.4022470570259168
B1,semisynthetic,2,direction_step,20260928,0.5,shrink,13,26.841507056224533,0.1284450590681494,63.981117855912885,15.519057252622078,27.34375,3,0.35579352515229856
B1,semisynthetic,2,direction_step,20260928,0.5,gated,13,26.841507056224533,0.1284450590681494,63.981117855912885,15.519057252622078,27.34375,3,0.35579352515229856
B1,semisynthetic,2,direction_step,20260928,1.0,uncorrected,13,53.683014112449065,0.2568901181362988,127.96223571182577,34.80303427871231,28.645833333333332,3,0.7296033763505603
B1,semisynthetic,2,direction_step,20260928,1.0,V7,13,54.94435372386858,0.26292602515725744,129.36920286944462,35.55597799511143,28.645833333333332,3,0.7426087463591846
B1,semisynthetic,2,direction_step,20260928,1.0,shrink,13,53.683014112449065,0.2568901181362988,127.96223571182577,34.80303427871231,28.645833333333332,3,0.7296033763505603
B1,semisynthetic,2,direction_step,20260928,1.0,gated,13,53.683014112449065,0.2568901181362988,127.96223571182577,34.80303427871231,28.645833333333332,3,0.7296033763505603
B1,semisynthetic,2,direction_step,20260928,2.0,uncorrected,13,107.36602822489813,0.5137802362725976,255.9244714236515,75.22904807508418,62.5,3,1.486114479408563
B1,semisynthetic,2,direction_step,20260928,2.0,V7,13,103.88672833699442,0.49713069127195797,249.0158483233727,73.4269954735399,62.5,3,1.44431157761121
B1,semisynthetic,2,direction_step,20260928,2.0,shrink,13,107.36602822489813,0.5137802362725976,255.9244714236515,75.22904807508418,62.5,3,1.486114479408563
B1,semisynthetic,2,direction_step,20260928,2.0,gated,13,107.36602822489813,0.5137802362725976,255.9244714236515,75.22904807508418,62.5,3,1.486114479408563
B1,semisynthetic,2,direction_step,20260929,0.0,uncorrected,13,0.0,0.0,0.0,0.0,0.0,4,0.0
B1,semisynthetic,2,direction_step,20260929,0.0,V7,13,17.061290025470797,0.08164364245681321,14.314850238015449,4.082402912673697,0.0,4,0.1354297570896862
B1,semisynthetic,2,direction_step,20260929,0.0,shrink,13,0.0,0.0,0.0,0.0,0.0,4,0.0
B1,semisynthetic,2,direction_step,20260929,0.0,gated,13,0.0,0.0,0.0,0.0,0.0,4,0.0
B1,semisynthetic,2,direction_step,20260929,0.5,uncorrected,13,28.853237665487057,0.13807182318369138,70.78733019375474,17.098290176806085,0.0,3,0.38926234991558684
B1,semisynthetic,2,direction_step,20260929,0.5,V7,13,34.04047992097895,0.16289440995245286,76.08371014890483,19.016706551163317,0.0,3,0.4359375853223802
B1,semisynthetic,2,direction_step,20260929,0.5,shrink,13,28.853237665487057,0.13807182318369138,70.78733019375474,17.098290176806085,0.0,3,0.38926234991558684
B1,semisynthetic,2,direction_step,20260929,0.5,gated,13,28.853237665487057,0.13807182318369138,70.78733019375474,17.098290176806085,0.0,3,0.38926234991558684
B1,semisynthetic,2,direction_step,20260929,1.0,uncorrected,13,57.706475330974115,0.27614364636738276,141.57466038750948,38.61649726772615,42.96875,3,0.799675393341806
B1,semisynthetic,2,direction_step,20260929,1.0,V7,13,59.128209128315945,0.28294709004870194,142.21055660724377,39.55582852554034,42.96875,3,0.8124953144999196
B1,semisynthetic,2,direction_step,20260929,1.0,shrink,13,57.706475330974115,0.27614364636738276,141.57466038750948,38.61649726772615,42.96875,3,0.799675393341806
B1,semisynthetic,2,direction_step,20260929,1.0,gated,13,57.706475330974115,0.27614364636738276,141.57466038750948,38.61649726772615,42.96875,3,0.799675393341806
B1,semisynthetic,2,direction_step,20260929,2.0,uncorrected,13,115.41295066194822,0.5522872927347655,283.14932077501896,82.85597405311184,119.79166666666667,3,1.6262585133910543
B1,semisynthetic,2,direction_step,20260929,2.0,V7,13,112.02261254469124,0.536063457805531,274.90367281859045,80.46595037871104,118.48958333333333,3,1.578868652661193
B1,semisynthetic,2,direction_step,20260929,2.0,shrink,13,115.41295066194822,0.5522872927347655,283.14932077501896,82.85597405311184,119.79166666666667,3,1.6262585133910543
B1,semisynthetic,2,direction_step,20260929,2.0,gated,13,115.41295066194822,0.5522872927347655,283.14932077501896,82.85597405311184,119.79166666666667,3,1.6262585133910543
B1,semisynthetic,3,asymmetric_burst,20260927,0.0,uncorrected,14,0.0,0.0,0.0,0.0,0.0,4,0.0
B1,semisynthetic,3,asymmetric_burst,20260927,0.0,V7,14,9.975224986947199,0.08070254820147808,7.281855749383484,2.436980582801428,0.0,4,0.12987464215393005
B1,semisynthetic,3,asymmetric_burst,20260927,0.0,shrink,14,0.0,0.0,0.0,0.0,0.0,4,0.0
B1,semisynthetic,3,asymmetric_burst,20260927,0.0,gated,14,0.0,0.0,0.0,0.0,0.0,4,0.0
B1,semisynthetic,3,asymmetric_burst,20260927,0.5,uncorrected,14,19.61174779176423,0.15866489463156025,13.913493563894553,3.658354374161745,57.6171875,4,0.24454423207361495
B1,semisynthetic,3,asymmetric_burst,20260927,0.5,V7,14,21.270347732592313,0.17208346332016597,13.77213831912769,2.249922462639867,57.6171875,4,0.24599636305164724
B1,semisynthetic,3,asymmetric_burst,20260927,0.5,shrink,14,19.61174779176423,0.15866489463156025,13.913493563894553,3.658354374161745,57.6171875,4,0.24454423207361495
B1,semisynthetic,3,asymmetric_burst,20260927,0.5,gated,14,19.61174779176423,0.15866489463156025,13.913493563894553,3.658354374161745,57.6171875,4,0.24454423207361495
B1,semisynthetic,3,asymmetric_burst,20260927,1.0,uncorrected,14,39.22349558352846,0.3173297892631205,27.826987127789106,7.167217204091604,178.7109375,4,0.48787903292438795
B1,semisynthetic,3,asymmetric_burst,20260927,1.0,V7,14,38.862999103394905,0.31441326511429074,25.882992793023877,5.6749237552915135,122.0703125,4,0.4650256619881256
B1,semisynthetic,3,asymmetric_burst,20260927,1.0,shrink,14,39.22349558352846,0.3173297892631205,27.826987127789106,7.167217204091604,178.7109375,4,0.48787903292438795
B1,semisynthetic,3,asymmetric_burst,20260927,1.0,gated,14,39.22349558352846,0.3173297892631205,27.826987127789106,7.167217204091604,178.7109375,4,0.48787903292438795
B1,semisynthetic,3,asymmetric_burst,20260927,2.0,uncorrected,14,78.44699116705692,0.634659578526241,55.65397425557821,12.761768513854497,179.6875,4,0.9630347292515603
B1,semisynthetic,3,asymmetric_burst,20260927,2.0,V7,14,75.48922364404419,0.6107303562373156,52.36340821427343,11.203511656228889,179.6875,4,0.9131879129454188
B1,semisynthetic,3,asymmetric_burst,20260927,2.0,shrink,14,78.44699116705692,0.634659578526241,55.65397425557821,12.761768513854497,179.6875,4,0.9630347292515603
B1,semisynthetic,3,asymmetric_burst,20260927,2.0,gated,14,78.44699116705692,0.634659578526241,55.65397425557821,12.761768513854497,179.6875,4,0.9630347292515603
B1,semisynthetic,3,asymmetric_burst,20260928,0.0,uncorrected,14,0.0,0.0,0.0,0.0,0.0,4,0.0
B1,semisynthetic,3,asymmetric_burst,20260928,0.0,V7,14,9.975224986947199,0.08070254820147808,7.281855749383484,2.436980582801428,0.0,4,0.12987464215393005
B1,semisynthetic,3,asymmetric_burst,20260928,0.0,shrink,14,0.0,0.0,0.0,0.0,0.0,4,0.0
B1,semisynthetic,3,asymmetric_burst,20260928,0.0,gated,14,0.0,0.0,0.0,0.0,0.0,4,0.0
B1,semisynthetic,3,asymmetric_burst,20260928,0.5,uncorrected,14,20.191438867001942,0.1633547684943106,17.175373103762595,5.241607066434174,134.765625,4,0.275237882537842
B1,semisynthetic,3,asymmetric_burst,20260928,0.5,V7,14,22.55655025654813,0.1824892257287564,15.194150815161915,5.1576814105253,134.765625,4,0.2856790162606258
B1,semisynthetic,3,asymmetric_burst,20260928,0.5,shrink,14,20.191438867001942,0.1633547684943106,17.175373103762595,5.241607066434174,134.765625,4,0.275237882537842
B1,semisynthetic,3,asymmetric_burst,20260928,0.5,gated,14,20.191438867001942,0.1633547684943106,17.175373103762595,5.241607066434174,134.765625,4,0.275237882537842
B1,semisynthetic,3,asymmetric_burst,20260928,1.0,uncorrected,14,40.382877734003884,0.3267095369886212,34.35074620752519,9.250193770726616,190.4296875,4,0.5405002622334568
B1,semisynthetic,3,asymmetric_burst,20260928,1.0,V7,14,40.31553280109605,0.32616469637587997,30.546065293835017,7.545063788717482,197.265625,4,0.5107699087768457
B1,semisynthetic,3,asymmetric_burst,20260928,1.0,shrink,14,40.382877734003884,0.3267095369886212,34.35074620752519,9.250193770726616,190.4296875,4,0.5405002622334568
B1,semisynthetic,3,asymmetric_burst,20260928,1.0,gated,14,40.382877734003884,0.3267095369886212,34.35074620752519,9.250193770726616,190.4296875,4,0.5405002622334568
B1,semisynthetic,3,asymmetric_burst,20260928,2.0,uncorrected,14,80.76575546800777,0.6534190739772424,68.70149241505038,17.27904493366168,190.4296875,4,1.0711194981437189
B1,semisynthetic,3,asymmetric_burst,20260928,2.0,V7,14,78.12187751043311,0.6320293119829826,63.636044886704376,15.173659973374184,190.4296875,4,1.0122060518827625
B1,semisynthetic,3,asymmetric_burst,20260928,2.0,shrink,14,80.76575546800777,0.6534190739772424,68.70149241505038,17.27904493366168,190.4296875,4,1.0711194981437189
B1,semisynthetic,3,asymmetric_burst,20260928,2.0,gated,14,80.76575546800777,0.6534190739772424,68.70149241505038,17.27904493366168,190.4296875,4,1.0711194981437189
B1,semisynthetic,3,asymmetric_burst,20260929,0.0,uncorrected,14,0.0,0.0,0.0,0.0,0.0,4,0.0
B1,semisynthetic,3,asymmetric_burst,20260929,0.0,V7,14,9.975224986947199,0.08070254820147808,7.281855749383484,2.436980582801428,0.0,4,0.12987464215393005
B1,semisynthetic,3,asymmetric_burst,20260929,0.0,shrink,14,0.0,0.0,0.0,0.0,0.0,4,0.0
B1,semisynthetic,3,asymmetric_burst,20260929,0.0,gated,14,0.0,0.0,0.0,0.0,0.0,4,0.0
B1,semisynthetic,3,asymmetric_burst,20260929,0.5,uncorrected,14,17.219436000019773,0.13931037802277677,16.429928077419728,5.157715208858407,114.2578125,4,0.24749934548686434
B1,semisynthetic,3,asymmetric_burst,20260929,0.5,V7,14,19.645297798045696,0.1589363241985758,20.049982877179918,6.732051584802608,114.2578125,4,0.29450580499516354
B1,semisynthetic,3,asymmetric_burst,20260929,0.5,shrink,14,17.219436000019773,0.13931037802277677,16.429928077419728,5.157715208858407,114.2578125,4,0.24749934548686434
B1,semisynthetic,3,asymmetric_burst,20260929,0.5,gated,14,17.219436000019773,0.13931037802277677,16.429928077419728,5.157715208858407,114.2578125,4,0.24749934548686434
B1,semisynthetic,3,asymmetric_burst,20260929,1.0,uncorrected,14,34.43887200003955,0.2786207560455536,32.859856154839456,10.329418159404002,113.28125,4,0.49511185597995344
B1,semisynthetic,3,asymmetric_burst,20260929,1.0,V7,14,34.78490592702978,0.2814202738217258,35.385039702327404,11.061317367183337,113.28125,4,0.5140474012426653
B1,semisynthetic,3,asymmetric_burst,20260929,1.0,shrink,14,34.43887200003955,0.2786207560455536,32.859856154839456,10.329418159404002,113.28125,4,0.49511185597995344
B1,semisynthetic,3,asymmetric_burst,20260929,1.0,gated,14,34.43887200003955,0.2786207560455536,32.859856154839456,10.329418159404002,113.28125,4,0.49511185597995344
B1,semisynthetic,3,asymmetric_burst,20260929,2.0,uncorrected,14,68.8777440000791,0.5572415120911072,65.71971230967893,21.572221367168975,113.28125,4,0.9976132696880098
B1,semisynthetic,3,asymmetric_burst,20260929,2.0,V7,14,65.89411106428835,0.5331030308908089,65.43941781211443,20.98753837265051,113.28125,4,0.967610695424707
B1,semisynthetic,3,asymmetric_burst,20260929,2.0,shrink,14,68.8777440000791,0.5572415120911072,65.71971230967893,21.572221367168975,113.28125,4,0.9976132696880098
B1,semisynthetic,3,asymmetric_burst,20260929,2.0,gated,14,68.8777440000791,0.5572415120911072,65.71971230967893,21.572221367168975,113.28125,4,0.9976132696880098
B1,semisynthetic,3,direction_step,20260927,0.0,uncorrected,14,0.0,0.0,0.0,0.0,0.0,4,0.0
B1,semisynthetic,3,direction_step,20260927,0.0,V7,14,9.975224986947199,0.08070254820147808,7.281855749383484,2.436980582801428,0.0,4,0.12987464215393005
B1,semisynthetic,3,direction_step,20260927,0.0,shrink,14,0.0,0.0,0.0,0.0,0.0,4,0.0
B1,semisynthetic,3,direction_step,20260927,0.0,gated,14,0.0,0.0,0.0,0.0,0.0,4,0.0
B1,semisynthetic,3,direction_step,20260927,0.5,uncorrected,14,27.502615878237084,0.2225043732331321,67.94940571093397,21.87137668729046,61.197916666666664,3,0.674315829321628
B1,semisynthetic,3,direction_step,20260927,0.5,V7,14,26.952745902607347,0.218055760969161,62.731264496906114,19.716606441468368,61.197916666666664,3,0.6313263223356596
B1,semisynthetic,3,direction_step,20260927,0.5,shrink,14,27.502615878237084,0.2225043732331321,67.94940571093397,21.87137668729046,61.197916666666664,3,0.674315829321628
B1,semisynthetic,3,direction_step,20260927,0.5,gated,14,27.502615878237084,0.2225043732331321,67.94940571093397,21.87137668729046,61.197916666666664,3,0.674315829321628
B1,semisynthetic,3,direction_step,20260927,1.0,uncorrected,14,55.00523175647417,0.4450087464662642,135.89881142186795,38.13482188100335,0.0,2,1.3032618186383205
B1,semisynthetic,3,direction_step,20260927,1.0,V7,14,52.35264351161616,0.42354851564746626,126.92938938797022,35.87008097028089,0.0,2,1.2271965067071462
B1,semisynthetic,3,direction_step,20260927,1.0,shrink,14,55.00523175647417,0.4450087464662642,135.89881142186795,38.13482188100335,0.0,2,1.3032618186383205
B1,semisynthetic,3,direction_step,20260927,1.0,gated,14,55.00523175647417,0.4450087464662642,135.89881142186795,38.13482188100335,0.0,2,1.3032618186383205
B1,semisynthetic,3,direction_step,20260927,2.0,uncorrected,14,110.01046351294833,0.8900174929325284,271.7976228437359,69.71141366982106,27.34375,2,2.5534655979017344
B1,semisynthetic,3,direction_step,20260927,2.0,V7,14,103.74720426170464,0.8393458557230163,254.54455852068392,66.25502437650333,27.34375,2,2.4050395188224734
B1,semisynthetic,3,direction_step,20260927,2.0,shrink,14,110.01046351294833,0.8900174929325284,271.7976228437359,69.71141366982106,27.34375,2,2.5534655979017344
B1,semisynthetic,3,direction_step,20260927,2.0,gated,14,110.01046351294833,0.8900174929325284,271.7976228437359,69.71141366982106,27.34375,2,2.5534655979017344
B1,semisynthetic,3,direction_step,20260928,0.0,uncorrected,14,0.0,0.0,0.0,0.0,0.0,4,0.0
B1,semisynthetic,3,direction_step,20260928,0.0,V7,14,9.975224986947199,0.08070254820147808,7.281855749383484,2.436980582801428,0.0,4,0.12987464215393005
B1,semisynthetic,3,direction_step,20260928,0.0,shrink,14,0.0,0.0,0.0,0.0,0.0,4,0.0
B1,semisynthetic,3,direction_step,20260928,0.0,gated,14,0.0,0.0,0.0,0.0,0.0,4,0.0
B1,semisynthetic,3,direction_step,20260928,0.5,uncorrected,14,29.10324814080189,0.2354539660986069,70.21781510968289,21.284784994608362,103.515625,4,0.6916957748985629
B1,semisynthetic,3,direction_step,20260928,0.5,V7,14,28.678530122899687,0.23201787053618703,64.89745442957371,19.34721625092724,103.515625,4,0.6510625166120934
B1,semisynthetic,3,direction_step,20260928,0.5,shrink,14,29.10324814080189,0.2354539660986069,70.21781510968289,21.284784994608362,103.515625,4,0.6916957748985629
B1,semisynthetic,3,direction_step,20260928,0.5,gated,14,29.10324814080189,0.2354539660986069,70.21781510968289,21.284784994608362,103.515625,4,0.6916957748985629
B1,semisynthetic,3,direction_step,20260928,1.0,uncorrected,14,58.20649628160377,0.47090793219721366,140.43563021936578,36.40603368334874,0.0,2,1.3335267009875253
B1,semisynthetic,3,direction_step,20260928,1.0,V7,14,55.517117652929514,0.44915005618974413,131.0225057600761,34.04630184880987,0.0,2,1.2546003963915464
B1,semisynthetic,3,direction_step,20260928,1.0,shrink,14,58.20649628160377,0.47090793219721366,140.43563021936578,36.40603368334874,0.0,2,1.3335267009875253
B1,semisynthetic,3,direction_step,20260928,1.0,gated,14,58.20649628160377,0.47090793219721366,140.43563021936578,36.40603368334874,0.0,2,1.3335267009875253
B1,semisynthetic,3,direction_step,20260928,2.0,uncorrected,14,116.41299256320757,0.9418158643944275,280.87126043873155,66.25383727451184,29.296875,2,2.6139953626001446
B1,semisynthetic,3,direction_step,20260928,2.0,V7,14,109.36045016812288,0.8847586909144263,263.1727683313424,62.62488618868479,29.296875,2,2.4559858489536306
B1,semisynthetic,3,direction_step,20260928,2.0,shrink,14,116.41299256320757,0.9418158643944275,280.87126043873155,66.25383727451184,29.296875,2,2.6139953626001446
B1,semisynthetic,3,direction_step,20260928,2.0,gated,14,116.41299256320757,0.9418158643944275,280.87126043873155,66.25383727451184,29.296875,2,2.6139953626001446
B1,semisynthetic,3,direction_step,20260929,0.0,uncorrected,14,0.0,0.0,0.0,0.0,0.0,4,0.0
B1,semisynthetic,3,direction_step,20260929,0.0,V7,14,9.975224986947199,0.08070254820147808,7.281855749383484,2.436980582801428,0.0,4,0.12987464215393005
B1,semisynthetic,3,direction_step,20260929,0.0,shrink,14,0.0,0.0,0.0,0.0,0.0,4,0.0
B1,semisynthetic,3,direction_step,20260929,0.0,gated,14,0.0,0.0,0.0,0.0,0.0,4,0.0
B1,semisynthetic,3,direction_step,20260929,0.5,uncorrected,14,26.02464976853573,0.2105471861657327,58.36132557709384,18.538296354136584,101.5625,4,0.5966078119035935
B1,semisynthetic,3,direction_step,20260929,0.5,V7,14,25.88658997668292,0.209430241232534,54.74519797418863,16.617785161597386,100.5859375,4,0.5653255821202594
B1,semisynthetic,3,direction_step,20260929,0.5,shrink,14,26.02464976853573,0.2105471861657327,58.36132557709384,18.538296354136584,101.5625,4,0.5966078119035935
B1,semisynthetic,3,direction_step,20260929,0.5,gated,14,26.02464976853573,0.2105471861657327,58.36132557709384,18.538296354136584,101.5625,4,0.5966078119035935
B1,semisynthetic,3,direction_step,20260929,1.0,uncorrected,14,52.04929953707146,0.4210943723314654,116.72265115418767,32.4118836259725,79.42708333333333,3,1.15547673470415
B1,semisynthetic,3,direction_step,20260929,1.0,V7,14,49.78983471975088,0.40281462740661805,110.29369568275388,30.08672219456677,79.42708333333333,3,1.0923796550837441
B1,semisynthetic,3,direction_step,20260929,1.0,shrink,14,52.04929953707146,0.4210943723314654,116.72265115418767,32.4118836259725,79.42708333333333,3,1.15547673470415
B1,semisynthetic,3,direction_step,20260929,1.0,gated,14,52.04929953707146,0.4210943723314654,116.72265115418767,32.4118836259725,79.42708333333333,3,1.15547673470415
B1,semisynthetic,3,direction_step,20260929,2.0,uncorrected,14,104.09859907414292,0.8421887446629308,233.44530230837535,58.49876884087959,0.0,2,2.2597823439638907
B1,semisynthetic,3,direction_step,20260929,2.0,V7,14,98.70117718723654,0.79852199022263,220.53171384324435,54.92585612839495,0.0,2,2.1349722660157235
B1,semisynthetic,3,direction_step,20260929,2.0,shrink,14,104.09859907414292,0.8421887446629308,233.44530230837535,58.49876884087959,0.0,2,2.2597823439638907
B1,semisynthetic,3,direction_step,20260929,2.0,gated,14,104.09859907414292,0.8421887446629308,233.44530230837535,58.49876884087959,0.0,2,2.2597823439638907
B1,semisynthetic,4,asymmetric_burst,20260927,0.0,uncorrected,14,0.0,0.0,0.0,0.0,0.0,6,0.0
B1,semisynthetic,4,asymmetric_burst,20260927,0.0,V7,14,4.463347302328757,0.0729257979573945,1.959492736104451,1.051745425665911,0.0,6,0.10611796295506279
B1,semisynthetic,4,asymmetric_burst,20260927,0.0,shrink,14,9.069602042264501,0.14818653384715616,3.3479625344531203,2.3948833831607352,5.208333333333333,6,0.21466695343164865
B1,semisynthetic,4,asymmetric_burst,20260927,0.0,gated,14,0.0,0.0,0.0,0.0,0.0,6,0.0
B1,semisynthetic,4,asymmetric_burst,20260927,0.5,uncorrected,14,10.220820257687814,0.16699607325696858,9.426508664547477,3.2056464623085765,7.161458333333333,6,0.296381514333681
B1,semisynthetic,4,asymmetric_burst,20260927,0.5,V7,14,11.139096691720958,0.18199962040697373,9.956026000915317,2.9553006652773273,7.161458333333333,6,0.31162055069357064
B1,semisynthetic,4,asymmetric_burst,20260927,0.5,shrink,14,12.391649927435111,0.20246485378706774,9.068470358814446,2.7721293506055624,7.161458333333333,6,0.32184217923982494
B1,semisynthetic,4,asymmetric_burst,20260927,0.5,gated,14,10.220820257687814,0.16699607325696858,9.426508664547477,3.2056464623085765,7.161458333333333,6,0.296381514333681
B1,semisynthetic,4,asymmetric_burst,20260927,1.0,uncorrected,14,20.441640515375628,0.33399214651393716,18.853017329094953,5.782584364347819,16.927083333333332,6,0.5824906769244528
B1,semisynthetic,4,asymmetric_burst,20260927,1.0,V7,14,20.689687528674014,0.3380449403367023,19.005235485260645,5.336443213419173,16.927083333333332,6,0.5804975858195472
B1,semisynthetic,4,asymmetric_burst,20260927,1.0,shrink,14,19.385573516984252,0.31673726506790245,16.782931983456294,4.360246091020916,16.927083333333332,6,0.5250851071621605
B1,semisynthetic,4,asymmetric_burst,20260927,1.0,gated,14,20.441640515375628,0.33399214651393716,18.853017329094953,5.782584364347819,16.927083333333332,6,0.5824906769244528
B1,semisynthetic,4,asymmetric_burst,20260927,2.0,uncorrected,14,40.883281030751256,0.6679842930278743,37.70603465818991,10.681106588290012,51.432291666666664,6,1.1505368276523076
B1,semisynthetic,4,asymmetric_burst,20260927,2.0,V7,14,39.638920553033344,0.647652919590527,36.84681906710804,9.786268082773693,51.432291666666664,6,1.1085655734676283
B1,semisynthetic,4,asymmetric_burst,20260927,2.0,shrink,14,35.68125423407552,0.5829893487748483,32.645522786052254,7.816318825732562,51.432291666666664,6,0.9773932720348785
B1,semisynthetic,4,asymmetric_burst,20260927,2.0,gated,14,40.883281030751256,0.6679842930278743,37.70603465818991,10.681106588290012,51.432291666666664,6,1.1505368276523076
B1,semisynthetic,4,asymmetric_burst,20260928,0.0,uncorrected,14,0.0,0.0,0.0,0.0,0.0,6,0.0
B1,semisynthetic,4,asymmetric_burst,20260928,0.0,V7,14,4.463347302328757,0.0729257979573945,1.959492736104451,1.051745425665911,0.0,6,0.10611796295506279
B1,semisynthetic,4,asymmetric_burst,20260928,0.0,shrink,14,9.069602042264501,0.14818653384715616,3.3479625344531203,2.3948833831607352,5.208333333333333,6,0.21466695343164865
B1,semisynthetic,4,asymmetric_burst,20260928,0.0,gated,14,0.0,0.0,0.0,0.0,0.0,6,0.0
B1,semisynthetic,4,asymmetric_burst,20260928,0.5,uncorrected,14,8.716405079114267,0.14241571463252314,8.746287829189374,2.9586844317754633,22.786458333333332,6,0.2622090886248893
B1,semisynthetic,4,asymmetric_burst,20260928,0.5,V7,14,9.841519261257899,0.16079874511800563,8.433886048765546,3.468073039429905,22.786458333333332,6,0.2863627872611134
B1,semisynthetic,4,asymmetric_burst,20260928,0.5,shrink,14,11.931479831286731,0.1949462205316537,7.978309618433835,3.9240679612137694,46.875,6,0.3242388894322321
B1,semisynthetic,4,asymmetric_burst,20260928,0.5,gated,14,8.716405079114267,0.14241571463252314,8.746287829189374,2.9586844317754633,22.786458333333332,6,0.2622090886248893
B1,semisynthetic,4,asymmetric_burst,20260928,1.0,uncorrected,14,17.432810158228534,0.2848314292650463,17.492575658378748,6.025746803518928,46.875,6,0.5261889441692654
B1,semisynthetic,4,asymmetric_burst,20260928,1.0,V7,14,17.914639164292375,0.2927039434043539,16.76762599786522,6.385839120137632,46.875,6,0.5340225308632209
B1,semisynthetic,4,asymmetric_burst,20260928,1.0,shrink,14,17.67053062349551,0.2887154995482062,15.05446633049869,6.193226026388321,47.526041666666664,6,0.5128915197225702
B1,semisynthetic,4,asymmetric_burst,20260928,1.0,gated,14,17.432810158228534,0.2848314292650463,17.492575658378748,6.025746803518928,46.875,6,0.5261889441692654
B1,semisynthetic,4,asymmetric_burst,20260928,2.0,uncorrected,14,34.86562031645707,0.5696628585300926,34.985151316757495,12.030384337393473,55.989583333333336,6,1.0520329879243708
B1,semisynthetic,4,asymmetric_burst,20260928,2.0,V7,14,34.48854008699767,0.5635018150878902,33.16532980158684,11.998783406762248,38.411458333333336,6,1.0304887608536881
B1,semisynthetic,4,asymmetric_burst,20260928,2.0,shrink,14,31.32694161572886,0.5118450481547276,29.735852155811287,10.524658079430669,38.411458333333336,6,0.9267297381513763
B1,semisynthetic,4,asymmetric_burst,20260928,2.0,gated,14,34.86562031645707,0.5696628585300926,34.985151316757495,12.030384337393473,55.989583333333336,6,1.0520329879243708
B1,semisynthetic,4,asymmetric_burst,20260929,0.0,uncorrected,14,0.0,0.0,0.0,0.0,0.0,6,0.0
B1,semisynthetic,4,asymmetric_burst,20260929,0.0,V7,14,4.463347302328757,0.0729257979573945,1.959492736104451,1.051745425665911,0.0,6,0.10611796295506279
B1,semisynthetic,4,asymmetric_burst,20260929,0.0,shrink,14,9.069602042264501,0.14818653384715616,3.3479625344531203,2.3948833831607352,5.208333333333333,6,0.21466695343164865
B1,semisynthetic,4,asymmetric_burst,20260929,0.0,gated,14,0.0,0.0,0.0,0.0,0.0,6,0.0
B1,semisynthetic,4,asymmetric_burst,20260929,0.5,uncorrected,14,8.76325521015848,0.14318119017349776,4.582710359659069,2.3821893602359774,8.463541666666666,6,0.21954136153992432
B1,semisynthetic,4,asymmetric_burst,20260929,0.5,V7,14,9.805629071254673,0.16021234200672138,5.161677439037719,2.36938571816064,8.463541666666666,6,0.2410931345450077
B1,semisynthetic,4,asymmetric_burst,20260929,0.5,shrink,14,11.769749911116858,0.19230374557214963,5.0566524028881465,3.332076840372548,9.114583333333334,6,0.28805577633019436
B1,semisynthetic,4,asymmetric_burst,20260929,0.5,gated,14,8.76325521015848,0.14318119017349776,4.582710359659069,2.3821893602359774,8.463541666666666,6,0.21954136153992432
B1,semisynthetic,4,asymmetric_burst,20260929,1.0,uncorrected,14,17.52651042031696,0.2863623803469955,9.165420719318139,4.564392594624409,33.203125,6,0.43581518712085415
B1,semisynthetic,4,asymmetric_burst,20260929,1.0,V7,14,17.914666553740126,0.2927043909154252,9.450013729112214,4.467253805905092,33.203125,6,0.44289502117984575
B1,semisynthetic,4,asymmetric_burst,20260929,1.0,shrink,14,17.48612599318861,0.2857025467347085,8.38316153922421,5.237719906725524,33.203125,6,0.43976612938339565
B1,semisynthetic,4,asymmetric_burst,20260929,1.0,gated,14,17.52651042031696,0.2863623803469955,9.165420719318139,4.564392594624409,33.203125,6,0.43581518712085415
B1,semisynthetic,4,asymmetric_burst,20260929,2.0,uncorrected,14,35.05302084063392,0.572724760693991,18.330841438636277,8.427845712389612,70.3125,6,0.8601778550431405
B1,semisynthetic,4,asymmetric_burst,20260929,2.0,V7,14,34.209805586754925,0.5589476241474155,18.078008614634935,8.121802774511194,70.96354166666667,6,0.8393348459489338
B1,semisynthetic,4,asymmetric_burst,20260929,2.0,shrink,14,31.19526491875428,0.509693607195998,15.834553216418762,8.620089086092923,70.96354166666667,6,0.7798945366063096
B1,semisynthetic,4,asymmetric_burst,20260929,2.0,gated,14,35.05302084063392,0.572724760693991,18.330841438636277,8.427845712389612,70.3125,6,0.8601778550431405
B1,semisynthetic,4,direction_step,20260927,0.0,uncorrected,14,0.0,0.0,0.0,0.0,0.0,6,0.0
B1,semisynthetic,4,direction_step,20260927,0.0,V7,14,4.463347302328757,0.0729257979573945,1.959492736104451,1.051745425665911,0.0,6,0.10611796295506279
B1,semisynthetic,4,direction_step,20260927,0.0,shrink,14,9.069602042264501,0.14818653384715616,3.3479625344531203,2.3948833831607352,5.208333333333333,6,0.21466695343164865
B1,semisynthetic,4,direction_step,20260927,0.0,gated,14,0.0,0.0,0.0,0.0,0.0,6,0.0
B1,semisynthetic,4,direction_step,20260927,0.5,uncorrected,14,14.731940111912905,0.2407024180173608,37.071188296895976,13.074068785583293,1.3020833333333333,6,0.7571667969882256
B1,semisynthetic,4,direction_step,20260927,0.5,V7,14,14.969026381185627,0.24457612629061887,36.22222689344204,12.545436924741393,1.3020833333333333,6,0.7454677771136459
B1,semisynthetic,4,direction_step,20260927,0.5,shrink,14,15.69150278358387,0.25638053329313687,32.06964713349152,11.721531107927111,0.6510416666666666,6,0.7098864282932573
B1,semisynthetic,4,direction_step,20260927,0.5,gated,14,14.731940111912905,0.2407024180173608,37.071188296895976,13.074068785583293,1.3020833333333333,6,0.7571667969882256
B1,semisynthetic,4,direction_step,20260927,1.0,uncorrected,14,29.463880223825807,0.48140483603472156,74.14237659379195,22.586480654713018,24.4140625,4,1.4561403468259704
B1,semisynthetic,4,direction_step,20260927,1.0,V7,14,28.824453494859103,0.47095736213528877,71.52284129332989,21.470682559969827,25.390625,4,1.406062007240133
B1,semisynthetic,4,direction_step,20260927,1.0,shrink,14,26.90348070288528,0.43957094646558637,63.49441053290581,20.110657010278448,21.09375,5,1.2868668727588761
B1,semisynthetic,4,direction_step,20260927,1.0,gated,14,29.463880223825807,0.48140483603472156,74.14237659379195,22.586480654713018,24.4140625,4,1.4561403468259704
B1,semisynthetic,4,direction_step,20260927,2.0,uncorrected,14,58.927760447651615,0.9628096720694431,148.2847531875839,40.90962188100215,35.15625,4,2.842622786990988
B1,semisynthetic,4,direction_step,20260927,2.0,V7,14,56.50103024841517,0.9231597805823322,140.52297958187557,38.20557248402374,36.1328125,4,2.695382852797415
B1,semisynthetic,4,direction_step,20260927,2.0,shrink,14,51.18369477031241,0.8362808293195685,126.47201047975041,35.68929392842551,26.3671875,4,2.4526028162414204
B1,semisynthetic,4,direction_step,20260927,2.0,gated,14,58.927760447651615,0.9628096720694431,148.2847531875839,40.90962188100215,35.15625,4,2.842622786990988
B1,semisynthetic,4,direction_step,20260928,0.0,uncorrected,14,0.0,0.0,0.0,0.0,0.0,6,0.0
B1,semisynthetic,4,direction_step,20260928,0.0,V7,14,4.463347302328757,0.0729257979573945,1.959492736104451,1.051745425665911,0.0,6,0.10611796295506279
B1,semisynthetic,4,direction_step,20260928,0.0,shrink,14,9.069602042264501,0.14818653384715616,3.3479625344531203,2.3948833831607352,5.208333333333333,6,0.21466695343164865
B1,semisynthetic,4,direction_step,20260928,0.0,gated,14,0.0,0.0,0.0,0.0,0.0,6,0.0
B1,semisynthetic,4,direction_step,20260928,0.5,uncorrected,14,13.17356674309044,0.21524044660016087,29.77413733569321,10.630150827904224,9.114583333333334,6,0.6321615301131344
B1,semisynthetic,4,direction_step,20260928,0.5,V7,14,13.628856975512226,0.22267934867355385,29.155575954562398,10.254464808273118,9.114583333333334,6,0.628408889039242
B1,semisynthetic,4,direction_step,20260928,0.5,shrink,14,14.825549073483211,0.24223187735719662,26.13887948181817,9.67846489081767,8.463541666666666,6,0.6139056425293233
B1,semisynthetic,4,direction_step,20260928,0.5,gated,14,13.17356674309044,0.21524044660016087,29.77413733569321,10.630150827904224,9.114583333333334,6,0.6321615301131344
B1,semisynthetic,4,direction_step,20260928,1.0,uncorrected,14,26.347133486180883,0.4304808932003218,59.54827467138642,18.709684195739857,29.6875,5,1.2226489979227335
B1,semisynthetic,4,direction_step,20260928,1.0,V7,14,26.20717268648386,0.42819409983442464,58.26645284883313,18.030814566740773,29.6875,5,1.198798556803494
B1,semisynthetic,4,direction_step,20260928,1.0,shrink,14,24.659796495856384,0.4029118092578195,51.34456748430499,16.787898648212863,29.6875,5,1.0966607990839823
B1,semisynthetic,4,direction_step,20260928,1.0,gated,14,26.347133486180883,0.4304808932003218,59.54827467138642,18.709684195739857,29.6875,5,1.2226489979227335
B1,semisynthetic,4,direction_step,20260928,2.0,uncorrected,14,52.69426697236176,0.8609617864006435,119.09654934277285,33.213518072492086,53.7109375,4,2.376579393006404
B1,semisynthetic,4,direction_step,20260928,2.0,V7,14,50.831879299738674,0.8305325820541228,113.61555147371861,31.341257722487423,53.7109375,4,2.2707831762308146
B1,semisynthetic,4,direction_step,20260928,2.0,shrink,14,46.228034570759974,0.7553112228832727,101.90822369062411,29.14760569119196,52.734375,4,2.064078225186583
B1,semisynthetic,4,direction_step,20260928,2.0,gated,14,52.69426697236176,0.8609617864006435,119.09654934277285,33.213518072492086,53.7109375,4,2.376579393006404
B1,semisynthetic,4,direction_step,20260929,0.0,uncorrected,14,0.0,0.0,0.0,0.0,0.0,6,0.0
B1,semisynthetic,4,direction_step,20260929,0.0,V7,14,4.463347302328757,0.0729257979573945,1.959492736104451,1.051745425665911,0.0,6,0.10611796295506279
B1,semisynthetic,4,direction_step,20260929,0.0,shrink,14,9.069602042264501,0.14818653384715616,3.3479625344531203,2.3948833831607352,5.208333333333333,6,0.21466695343164865
B1,semisynthetic,4,direction_step,20260929,0.0,gated,14,0.0,0.0,0.0,0.0,0.0,6,0.0
B1,semisynthetic,4,direction_step,20260929,0.5,uncorrected,14,12.792573920621424,0.20901547603152584,30.517231530802363,10.755521621939678,1.3020833333333333,6,0.6340556081662818
B1,semisynthetic,4,direction_step,20260929,0.5,V7,14,13.221659293294538,0.21602622179574332,29.843611226686946,10.501825920318804,0.6510416666666666,6,0.6314181890754913
B1,semisynthetic,4,direction_step,20260929,0.5,shrink,14,14.39451130276857,0.23518923172602627,26.461954119664874,9.909859731221793,11.067708333333334,6,0.6132830420618192
B1,semisynthetic,4,direction_step,20260929,0.5,gated,14,12.792573920621424,0.20901547603152584,30.517231530802363,10.755521621939678,1.3020833333333333,6,0.6340556081662818
B1,semisynthetic,4,direction_step,20260929,1.0,uncorrected,14,25.585147841242847,0.4180309520630517,61.034463061604725,18.69833943930775,10.7421875,4,1.2221549741958242
B1,semisynthetic,4,direction_step,20260929,1.0,V7,14,25.381022701710833,0.4146957895325066,59.86967541451335,18.133916908754596,5.859375,4,1.2000821934455155
B1,semisynthetic,4,direction_step,20260929,1.0,shrink,14,23.845762815321297,0.38961146498789395,52.29714840094572,16.802256878552896,13.28125,5,1.0913770721000653
B1,semisynthetic,4,direction_step,20260929,1.0,gated,14,25.585147841242847,0.4180309520630517,61.034463061604725,18.69833943930775,10.7421875,4,1.2221549741958242
B1,semisynthetic,4,direction_step,20260929,2.0,uncorrected,14,51.170295682485694,0.8360619041261034,122.06892612320944,33.13799371528024,43.9453125,4,2.374728086898705
B1,semisynthetic,4,direction_step,20260929,2.0,V7,14,49.48633155977833,0.80854792883765,117.19281738548993,31.43351159660752,43.9453125,4,2.279529981638267
B1,semisynthetic,4,direction_step,20260929,2.0,shrink,14,44.731195198857,0.7308546439490912,104.1234691026454,29.08340998756189,51.7578125,4,2.0566700051643765
B1,semisynthetic,4,direction_step,20260929,2.0,gated,14,51.170295682485694,0.8360619041261034,122.06892612320944,33.13799371528024,43.9453125,4,2.374728086898705
B1,synthetic,0,asymmetric_burst,20260927,0.0,uncorrected,15,0.0,0.0,0.0,0.0,0.0,6,0.0
B1,synthetic,0,asymmetric_burst,20260927,0.0,V7,15,0.3932998982267216,0.026441941221739984,0.35039316133620496,0.1303181981716799,1.3020833333333333,6,0.046982002027444895
B1,synthetic,0,asymmetric_burst,20260927,0.0,shrink,15,1.2920995480336497,0.0868691307976069,1.3550267867932404,0.563224829103112,3.90625,6,0.17028518887141764
B1,synthetic,0,asymmetric_burst,20260927,0.0,gated,15,0.024784374418825035,0.0016662780096179592,0.02178752633745989,0.0037099194999171323,0.0,6,0.0026480980418283648
B1,synthetic,0,asymmetric_burst,20260927,0.5,uncorrected,15,6.242295600000476,0.419675708252508,3.0369723927592016,1.5225005663556674,9.114583333333334,6,0.6241242565457558
B1,synthetic,0,asymmetric_burst,20260927,0.5,V7,15,5.727264258840911,0.3850496417020289,2.878827855630962,1.3685990234916383,13.020833333333334,6,0.5738351301883384
B1,synthetic,0,asymmetric_burst,20260927,0.5,shrink,15,4.838648533667109,0.32530712745348817,3.056061808537211,1.2234926568096187,7.8125,6,0.510294778353724
B1,synthetic,0,asymmetric_burst,20260927,0.5,gated,15,5.894324796465984,0.39628128690781533,2.9080538243525424,1.4854358095071867,9.114583333333334,6,0.5939042734905488
B1,synthetic,0,asymmetric_burst,20260927,1.0,uncorrected,15,12.484591200000951,0.8393514165050159,6.073944785518404,3.046086876681805,14.973958333333334,6,1.2483215087326964
B1,synthetic,0,asymmetric_burst,20260927,1.0,V7,15,11.369525879714125,0.7643844719663517,5.602878862207021,2.6797295751775025,14.973958333333334,6,1.1328888863940352
B1,synthetic,0,asymmetric_burst,20260927,1.0,shrink,15,9.43358649587724,0.6342293521021776,5.217186161232076,2.2996764710101005,14.973958333333334,6,0.964217169464233
B1,synthetic,0,asymmetric_burst,20260927,1.0,gated,15,11.302962916104747,0.7599093780768298,5.413769107814725,2.796329566141177,14.973958333333334,6,1.1298959073107862
B1,synthetic,0,asymmetric_burst,20260927,2.0,uncorrected,15,24.969182400001902,1.6787028330100318,12.147889571036806,6.096382805431983,23.4375,6,2.496925996199669
B1,synthetic,0,asymmetric_burst,20260927,2.0,V7,15,22.575581624518726,1.5177786850532164,11.00237522323497,5.138189034916785,24.088541666666668,6,2.2330745017875477
B1,synthetic,0,asymmetric_burst,20260927,2.0,shrink,15,18.752699318188835,1.260762525889774,9.700843839774597,4.587452530506859,22.135416666666668,6,1.8952801614158963
B1,synthetic,0,asymmetric_burst,20260927,2.0,gated,15,21.793795785242022,1.4652184497128382,10.354947959227442,4.9981595347366925,24.088541666666668,6,2.1493363569219492
B1,synthetic,0,asymmetric_burst,20260928,0.0,uncorrected,15,0.0,0.0,0.0,0.0,0.0,6,0.0
B1,synthetic,0,asymmetric_burst,20260928,0.0,V7,15,0.3932998982267216,0.026441941221739984,0.35039316133620496,0.1303181981716799,1.3020833333333333,6,0.046982002027444895
B1,synthetic,0,asymmetric_burst,20260928,0.0,shrink,15,1.2920995480336497,0.0868691307976069,1.3550267867932404,0.563224829103112,3.90625,6,0.17028518887141764
B1,synthetic,0,asymmetric_burst,20260928,0.0,gated,15,0.024784374418825035,0.0016662780096179592,0.02178752633745989,0.0037099194999171323,0.0,6,0.0026480980418283648
B1,synthetic,0,asymmetric_burst,20260928,0.5,uncorrected,15,6.549371695524771,0.4403207379234136,4.693769221531546,2.0546807519011625,11.067708333333334,6,0.7362423314148869
B1,synthetic,0,asymmetric_burst,20260928,0.5,V7,15,5.939862930998986,0.3993428607401462,3.883824718491338,1.5709173440462942,11.71875,6,0.6355138766880917
B1,synthetic,0,asymmetric_burst,20260928,0.5,shrink,15,4.951497834325029,0.3328940975706049,2.776267685877508,1.1374468810215237,11.71875,6,0.5026913880220265
B1,synthetic,0,asymmetric_burst,20260928,0.5,gated,15,6.180939303262649,0.4155506637273502,4.3155027316220105,1.779947494834954,12.369791666666666,6,0.6802860534174124
B1,synthetic,0,asymmetric_burst,20260928,1.0,uncorrected,15,13.098743391049542,0.8806414758468272,9.38753844306309,4.154993756154497,14.322916666666666,6,1.4755525642961913
B1,synthetic,0,asymmetric_burst,20260928,1.0,V7,15,11.86104231912837,0.7974296084108528,7.951567969840495,3.3453669077424926,14.322916666666666,6,1.2896378252247893
B1,synthetic,0,asymmetric_burst,20260928,1.0,shrink,15,9.778608984489091,0.6574255553180604,6.19391880213888,2.592893468054266,16.927083333333332,6,1.039959992280942
B1,synthetic,0,asymmetric_burst,20260928,1.0,gated,15,11.909682591302385,0.8006997420255157,8.247172517132194,3.4538467440669094,14.322916666666666,6,1.3101380586146392
B1,synthetic,0,asymmetric_burst,20260928,2.0,uncorrected,15,26.197486782099084,1.7612829516936543,18.775076886126183,8.47996881541427,16.276041666666668,6,2.9625331397507124
B1,synthetic,0,asymmetric_burst,20260928,2.0,V7,15,23.57245753428217,1.5847996386059133,15.925493705571464,6.828354469293113,16.276041666666668,6,2.5792200122866427
B1,synthetic,0,asymmetric_burst,20260928,2.0,shrink,15,19.560088939692154,1.3150441288372705,13.19222405186243,5.745367531946866,18.880208333333332,6,2.1447740080720727
B1,synthetic,0,asymmetric_burst,20260928,2.0,gated,15,22.875920707376192,1.5379707786980779,15.45494024764186,6.4351926511019615,18.880208333333332,6,2.4901406071834096
B1,synthetic,0,asymmetric_burst,20260929,0.0,uncorrected,15,0.0,0.0,0.0,0.0,0.0,6,0.0
B1,synthetic,0,asymmetric_burst,20260929,0.0,V7,15,0.3932998982267216,0.026441941221739984,0.35039316133620496,0.1303181981716799,1.3020833333333333,6,0.046982002027444895
B1,synthetic,0,asymmetric_burst,20260929,0.0,shrink,15,1.2920995480336497,0.0868691307976069,1.3550267867932404,0.563224829103112,3.90625,6,0.17028518887141764
B1,synthetic,0,asymmetric_burst,20260929,0.0,gated,15,0.024784374418825035,0.0016662780096179592,0.02178752633745989,0.0037099194999171323,0.0,6,0.0026480980418283648
B1,synthetic,0,asymmetric_burst,20260929,0.5,uncorrected,15,6.324817692741352,0.42522375018078573,4.035553966162717,2.0988189079385333,3.90625,6,0.7019865641931509
B1,synthetic,0,asymmetric_burst,20260929,0.5,V7,15,5.807704127636199,0.39045769365464683,3.7106981669845034,2.003482014115084,3.90625,6,0.6498907256172854
B1,synthetic,0,asymmetric_burst,20260929,0.5,shrink,15,5.003218505925746,0.33637132948594783,2.9757632170181805,1.5950016247483623,4.557291666666667,6,0.5436366189376368
B1,synthetic,0,asymmetric_burst,20260929,0.5,gated,15,6.036364022063095,0.4058307245541358,3.7929060310754994,2.0465056221439624,3.90625,6,0.6709197342574397
B1,synthetic,0,asymmetric_burst,20260929,1.0,uncorrected,15,12.649635385482703,0.8504475003615715,8.071107932325434,4.048755429994539,5.208333333333333,6,1.393963618304535
B1,synthetic,0,asymmetric_burst,20260929,1.0,V7,15,11.411419347529296,0.7672010112498301,7.14350379584738,3.706776839455745,7.161458333333333,6,1.2565436984009664
B1,synthetic,0,asymmetric_burst,20260929,1.0,shrink,15,9.664295281926288,0.6497401320122483,5.847704134540979,2.9350732758599043,5.859375,6,1.04364147865412
B1,synthetic,0,asymmetric_burst,20260929,1.0,gated,15,11.504192355059843,0.7734382323199271,7.0889140231757795,3.844247190578768,6.510416666666667,6,1.270188124957555
B1,synthetic,0,asymmetric_burst,20260929,2.0,uncorrected,15,25.299270770965407,1.700895000723143,16.14221586465087,7.854875345667163,20.833333333333332,6,2.77161461095894
B1,synthetic,0,asymmetric_burst,20260929,2.0,V7,15,22.6444510811669,1.522408846751388,14.209183154660172,7.05712461564269,20.833333333333332,6,2.4745150355958265
B1,synthetic,0,asymmetric_burst,20260929,2.0,shrink,15,19.10870535016331,1.2846971635911737,11.825431106707292,5.810846140386957,12.369791666666666,6,2.072883813557283
B1,synthetic,0,asymmetric_burst,20260929,2.0,gated,15,22.065451606787466,1.4834821393253572,13.5961376777791,7.16169144859888,20.833333333333332,6,2.422010632863295
B1,synthetic,0,direction_step,20260927,0.0,uncorrected,15,0.0,0.0,0.0,0.0,0.0,6,0.0
B1,synthetic,0,direction_step,20260927,0.0,V7,15,0.3932998982267216,0.026441941221739984,0.35039316133620496,0.1303181981716799,1.3020833333333333,6,0.046982002027444895
B1,synthetic,0,direction_step,20260927,0.0,shrink,15,1.2920995480336497,0.0868691307976069,1.3550267867932404,0.563224829103112,3.90625,6,0.17028518887141764
B1,synthetic,0,direction_step,20260927,0.0,gated,15,0.024784374418825035,0.0016662780096179592,0.02178752633745989,0.0037099194999171323,0.0,6,0.0026480980418283648
B1,synthetic,0,direction_step,20260927,0.5,uncorrected,15,8.763785687645331,0.5891979811778646,22.448976280026653,8.324461314526687,8.463541666666666,6,1.9034931914088467
B1,synthetic,0,direction_step,20260927,0.5,V7,15,7.506993825271367,0.5047026210145712,19.2377438976496,7.227105574113458,7.161458333333333,6,1.6372743544237365
B1,synthetic,0,direction_step,20260927,0.5,shrink,15,6.71465628729635,0.4514329845326512,17.06256513441294,6.455733667711183,5.208333333333333,6,1.4590249116083929
B1,synthetic,0,direction_step,20260927,0.5,gated,15,7.666883667123609,0.5154521732500846,19.79626838892545,7.452888248941175,6.510416666666667,6,1.681978576267612
B1,synthetic,0,direction_step,20260927,1.0,uncorrected,15,17.527571375290663,1.1783959623557292,44.897952560053305,15.148176823130084,10.9375,5,3.706089757703082
B1,synthetic,0,direction_step,20260927,1.0,V7,15,14.931670608549545,1.003870985865474,38.25739161312414,13.337998600118729,11.71875,5,3.186638967846408
B1,synthetic,0,direction_step,20260927,1.0,shrink,15,13.2252836981812,0.8891489058727241,33.87295770025243,12.058290105451897,13.020833333333334,6,2.838495905244101
B1,synthetic,0,direction_step,20260927,1.0,gated,15,14.300228242141232,0.9614184909302728,36.837090243419794,12.9649700300875,11.71875,5,3.071363260092259
B1,synthetic,0,direction_step,20260927,2.0,uncorrected,15,35.05514275058133,2.356791924711459,89.79590512010661,26.66534078710245,16.6015625,4,7.1680629289790705
B1,synthetic,0,direction_step,20260927,2.0,V7,15,29.87764558784568,2.00870366872655,76.48739904976642,23.329472512391728,14.6484375,4,6.148328934805733
B1,synthetic,0,direction_step,20260927,2.0,shrink,15,26.339408965618862,1.7708245204853343,67.53312402983184,21.071584126987545,12.6953125,4,5.457647333130753
B1,synthetic,0,direction_step,20260927,2.0,gated,15,27.543127239719556,1.8517516908070437,70.69729160079338,21.88298384528336,14.6484375,4,5.699490767116435
B1,synthetic,0,direction_step,20260928,0.0,uncorrected,15,0.0,0.0,0.0,0.0,0.0,6,0.0
B1,synthetic,0,direction_step,20260928,0.0,V7,15,0.3932998982267216,0.026441941221739984,0.35039316133620496,0.1303181981716799,1.3020833333333333,6,0.046982002027444895
B1,synthetic,0,direction_step,20260928,0.0,shrink,15,1.2920995480336497,0.0868691307976069,1.3550267867932404,0.563224829103112,3.90625,6,0.17028518887141764
B1,synthetic,0,direction_step,20260928,0.0,gated,15,0.024784374418825035,0.0016662780096179592,0.02178752633745989,0.0037099194999171323,0.0,6,0.0026480980418283648
B1,synthetic,0,direction_step,20260928,0.5,uncorrected,15,8.951486597151591,0.6018172990032931,22.285172826545224,8.097170771784565,8.463541666666666,6,1.8953252070947546
B1,synthetic,0,direction_step,20260928,0.5,V7,15,7.623807872942566,0.5125561449954362,19.050039043892433,6.989402180612825,5.208333333333333,6,1.6228370526156275
B1,synthetic,0,direction_step,20260928,0.5,shrink,15,6.815011981291273,0.4581799971147673,16.985799531661122,6.277392512460525,8.463541666666666,6,1.451201358196721
B1,synthetic,0,direction_step,20260928,0.5,gated,15,7.740739348544733,0.5204175637722636,19.495845800845977,7.158585072694605,5.208333333333333,6,1.6570588192255071
B1,synthetic,0,direction_step,20260928,1.0,uncorrected,15,17.902973194303183,1.2036345980065861,44.57034565309045,14.718317209128633,16.40625,5,3.6914158380579005
B1,synthetic,0,direction_step,20260928,1.0,V7,15,15.231757437699452,1.0240461202440392,37.96585706636641,12.94431743279396,13.671875,6,3.1705464499180254
B1,synthetic,0,direction_step,20260928,1.0,shrink,15,13.467164018627532,0.9054107590915385,33.67352398790843,11.711342736149044,11.71875,6,2.8247280807307034
B1,synthetic,0,direction_step,20260928,1.0,gated,15,14.536721441871185,0.9773181626942248,36.424689636229395,12.513535634163048,13.671875,6,3.0430495004557
B1,synthetic,0,direction_step,20260928,2.0,uncorrected,15,35.805946388606365,2.4072691960131722,89.14069130618088,25.708950489008426,10.7421875,4,7.132215798016584
B1,synthetic,0,direction_step,20260928,2.0,V7,15,30.571301584651096,2.055338847576922,76.01258800429412,22.48647856680833,25.0,5,6.122327788637692
B1,synthetic,0,direction_step,20260928,2.0,shrink,15,26.863367203547547,1.806050751136353,67.08805045256581,20.322891498052698,22.65625,5,5.427576849269657
B1,synthetic,0,direction_step,20260928,2.0,gated,15,28.176279771291657,1.8943191618379525,70.17980685620918,21.05258847981547,24.21875,5,5.6688344306302945
B1,synthetic,0,direction_step,20260929,0.0,uncorrected,15,0.0,0.0,0.0,0.0,0.0,6,0.0
B1,synthetic,0,direction_step,20260929,0.0,V7,15,0.3932998982267216,0.026441941221739984,0.35039316133620496,0.1303181981716799,1.3020833333333333,6,0.046982002027444895
B1,synthetic,0,direction_step,20260929,0.0,shrink,15,1.2920995480336497,0.0868691307976069,1.3550267867932404,0.563224829103112,3.90625,6,0.17028518887141764
B1,synthetic,0,direction_step,20260929,0.0,gated,15,0.024784374418825035,0.0016662780096179592,0.02178752633745989,0.0037099194999171323,0.0,6,0.0026480980418283648
B1,synthetic,0,direction_step,20260929,0.5,uncorrected,15,8.203373350864089,0.5515209053995094,20.228163884849966,7.3349789598106625,10.416666666666666,6,1.7246385309868546
B1,synthetic,0,direction_step,20260929,0.5,V7,15,7.013143832536466,0.47150059747190204,17.35718895608822,6.361973332994175,8.463541666666666,6,1.4826928499850456
B1,synthetic,0,direction_step,20260929,0.5,shrink,15,6.27466609145892,0.42185200841511217,15.397992441919676,5.733354860451576,8.463541666666666,6,1.324922259299618
B1,synthetic,0,direction_step,20260929,0.5,gated,15,7.2008948755276965,0.4841232858211186,17.92024589677015,6.581796368303839,8.463541666666666,6,1.5290218960109754
B1,synthetic,0,direction_step,20260929,1.0,uncorrected,15,16.406746701728178,1.1030418107990188,40.456327769699925,13.506542327951456,16.276041666666668,6,3.3710594808604366
B1,synthetic,0,direction_step,20260929,1.0,V7,15,13.962603126671231,0.9387196204284182,34.447942735230505,11.799574075055261,16.276041666666668,6,2.890001291493574
B1,synthetic,0,direction_step,20260929,1.0,shrink,15,12.360444935436405,0.831004940329164,30.5399113589299,10.681541344205447,14.322916666666666,6,2.575749757223272
B1,synthetic,0,direction_step,20260929,1.0,gated,15,13.419955552917493,0.902236887241834,33.258262099126135,11.473592214936774,16.276041666666668,6,2.7916107723638888
B1,synthetic,0,direction_step,20260929,2.0,uncorrected,15,32.813493403456356,2.2060836215980375,80.91265553939985,23.454702574909316,24.4140625,4,6.50288541435828
B1,synthetic,0,direction_step,20260929,2.0,V7,15,27.94160206994719,1.8785415478264016,68.87917850453034,20.54456603772715,23.4375,4,5.575180699934426
B1,synthetic,0,direction_step,20260929,2.0,shrink,15,24.63170073834497,1.6560136070499387,60.867397165602796,18.669473632464914,19.53125,4,4.957268449400755
B1,synthetic,0,direction_step,20260929,2.0,gated,15,25.80311879648882,1.7347692019005352,63.745719259382575,19.31299504774528,22.4609375,4,5.176044846434495
B1,synthetic,1,asymmetric_burst,20260927,0.0,uncorrected,13,0.0,0.0,0.0,0.0,0.0,6,0.0
B1,synthetic,1,asymmetric_burst,20260927,0.0,V7,13,0.35010679631296393,0.023942157035232777,0.41039283496538076,0.0890477808546759,1.953125,6,0.04406413375059465
B1,synthetic,1,asymmetric_burst,20260927,0.0,shrink,13,1.088089803087205,0.07440934368683873,1.6539680067819906,0.3611308461184475,5.859375,6,0.1556589298200335
B1,synthetic,1,asymmetric_burst,20260927,0.0,gated,13,0.03198571035465495,0.0021873522829589905,0.02378475100845507,0.00503140597704288,0.0,6,0.0033446900956541083
B1,synthetic,1,asymmetric_burst,20260927,0.5,uncorrected,13,6.720012162393917,0.4595500234930794,5.852014775508677,2.88231470881305,13.671875,6,0.856753851615623
B1,synthetic,1,asymmetric_burst,20260927,0.5,V7,13,6.135154998632649,0.41955439300141667,5.371511813823976,2.4878825682795247,13.020833333333334,6,0.7733551935600854
B1,synthetic,1,asymmetric_burst,20260927,0.5,shrink,13,5.1253506615250375,0.350498624108894,4.933762411442236,1.9834363085117015,15.625,6,0.6548349063647878
B1,synthetic,1,asymmetric_burst,20260927,0.5,gated,13,6.460263448528105,0.4417870307075414,5.750636116979497,2.7398885178824073,13.671875,6,0.8257845967433535
B1,synthetic,1,asymmetric_burst,20260927,1.0,uncorrected,13,13.440024324787833,0.9191000469861588,11.704029551017355,5.847853352049406,18.880208333333332,6,1.719198996653815
B1,synthetic,1,asymmetric_burst,20260927,1.0,V7,13,12.19151431595265,0.833720319981742,10.391065913923306,4.8622203486177975,18.880208333333332,6,1.5215227608362674
B1,synthetic,1,asymmetric_burst,20260927,1.0,shrink,13,10.107318303247917,0.6911919579108255,9.191041804226035,4.18106715565696,18.880208333333332,6,1.2913815335648775
B1,synthetic,1,asymmetric_burst,20260927,1.0,gated,13,12.277576577891182,0.8396057132727016,10.585032627303153,4.968777912120768,18.880208333333332,6,1.541327360282819
B1,synthetic,1,asymmetric_burst,20260927,2.0,uncorrected,13,26.880048649575667,1.8382000939723175,23.40805910203471,11.410943825727264,20.182291666666668,6,3.4189243994683323
B1,synthetic,1,asymmetric_burst,20260927,2.0,V7,13,24.1725803111371,1.653049069172241,20.89700271093368,9.158840460575988,21.484375,6,2.993902950750549
B1,synthetic,1,asymmetric_burst,20260927,2.0,shrink,13,20.158009890091037,1.3785114810365198,17.897548293665146,8.461906271519016,20.833333333333332,6,2.5691460218576023
B1,synthetic,1,asymmetric_burst,20260927,2.0,gated,13,23.494779253513798,1.6066974429508594,20.164525656501976,8.561957664286371,21.484375,6,2.8816879873583674
B1,synthetic,1,asymmetric_burst,20260928,0.0,uncorrected,13,0.0,0.0,0.0,0.0,0.0,6,0.0
B1,synthetic,1,asymmetric_burst,20260928,0.0,V7,13,0.35010679631296393,0.023942157035232777,0.41039283496538076,0.0890477808546759,1.953125,6,0.04406413375059465
B1,synthetic,1,asymmetric_burst,20260928,0.0,shrink,13,1.088089803087205,0.07440934368683873,1.6539680067819906,0.3611308461184475,5.859375,6,0.1556589298200335
B1,synthetic,1,asymmetric_burst,20260928,0.0,gated,13,0.03198571035465495,0.0021873522829589905,0.02378475100845507,0.00503140597704288,0.0,6,0.0033446900956541083
B1,synthetic,1,asymmetric_burst,20260928,0.5,uncorrected,13,6.381676031372636,0.4364128068925668,4.248864910482616,2.457143547248621,2.6041666666666665,6,0.7497252397720827
B1,synthetic,1,asymmetric_burst,20260928,0.5,V7,13,5.856711402247156,0.40051294513372904,3.6398921786321727,2.306881502386844,2.6041666666666665,6,0.6827272731571135
B1,synthetic,1,asymmetric_burst,20260928,0.5,shrink,13,4.925662815710603,0.3368429115866989,3.1439236343420904,2.0254351913501893,3.90625,6,0.5828519722594316
B1,synthetic,1,asymmetric_burst,20260928,0.5,gated,13,6.072080094364038,0.41524099697801753,3.8106642978520355,2.325701070211092,2.6041666666666665,6,0.7045814577193567
B1,synthetic,1,asymmetric_burst,20260928,1.0,uncorrected,13,12.763352062745271,0.8728256137851336,8.49772982096523,4.594377613735833,6.510416666666667,6,1.4775733748832134
B1,synthetic,1,asymmetric_burst,20260928,1.0,V7,13,11.627580504727304,0.7951555391547935,7.395733344894134,4.319378647957041,6.510416666666667,6,1.3434172366498462
B1,synthetic,1,asymmetric_burst,20260928,1.0,shrink,13,9.651781261463418,0.6600399222901847,6.110839641625602,3.6967743294802378,7.8125,6,1.121790720564277
B1,synthetic,1,asymmetric_burst,20260928,1.0,gated,13,11.720938641714314,0.8015398630233931,7.356981301235452,4.336943992317702,6.510416666666667,6,1.3496777368030772
B1,synthetic,1,asymmetric_burst,20260928,2.0,uncorrected,13,25.526704125490543,1.7456512275702671,16.99545964193046,8.109695028371505,9.114583333333334,6,2.881354898224558
B1,synthetic,1,asymmetric_burst,20260928,2.0,V7,13,23.046450982261298,1.5760383812396819,14.692580392610608,7.522402472714162,8.463541666666666,6,2.592838336394099
B1,synthetic,1,asymmetric_burst,20260928,2.0,shrink,13,19.19364149870921,1.3125628627593726,12.376871604236442,6.530302568085076,8.463541666666666,6,2.1823375559568157
B1,synthetic,1,asymmetric_burst,20260928,2.0,gated,13,22.521784798980036,1.5401589287883584,14.083715803169909,7.631316263659602,9.114583333333334,6,2.543588293111719
B1,synthetic,1,asymmetric_burst,20260929,0.0,uncorrected,13,0.0,0.0,0.0,0.0,0.0,6,0.0
B1,synthetic,1,asymmetric_burst,20260929,0.0,V7,13,0.35010679631296393,0.023942157035232777,0.41039283496538076,0.0890477808546759,1.953125,6,0.04406413375059465
B1,synthetic,1,asymmetric_burst,20260929,0.0,shrink,13,1.088089803087205,0.07440934368683873,1.6539680067819906,0.3611308461184475,5.859375,6,0.1556589298200335
B1,synthetic,1,asymmetric_burst,20260929,0.0,gated,13,0.03198571035465495,0.0021873522829589905,0.02378475100845507,0.00503140597704288,0.0,6,0.0033446900956541083
B1,synthetic,1,asymmetric_burst,20260929,0.5,uncorrected,13,5.488561479838243,0.3753369035725599,3.871178546407609,0.7324938346439932,9.765625,6,0.5577945577051612
B1,synthetic,1,asymmetric_burst,20260929,0.5,V7,13,4.985258246282455,0.3409183627700519,3.651541744421067,0.7753400078694925,10.416666666666666,6,0.5187961012566227
B1,synthetic,1,asymmetric_burst,20260929,0.5,shrink,13,4.232021618501099,0.2894080527248006,2.6034756967281334,0.7276459015153769,11.067708333333334,6,0.42818806195641246
B1,synthetic,1,asymmetric_burst,20260929,0.5,gated,13,5.331841098779444,0.36461953386295526,3.8201828432680083,0.7531983502429451,9.765625,6,0.5467493942944766
B1,synthetic,1,asymmetric_burst,20260929,1.0,uncorrected,13,10.977122959676485,0.7506738071451198,7.742357092815218,1.4611849104904524,23.4375,6,1.1153290626228403
B1,synthetic,1,asymmetric_burst,20260929,1.0,V7,13,9.855732634668302,0.6739871973966575,7.2610618636484645,1.3878022518131903,22.786458333333332,6,1.0171673995609245
B1,synthetic,1,asymmetric_burst,20260929,1.0,shrink,13,8.278038417828746,0.5660961107598096,5.2611631313700045,1.2740136624754752,13.020833333333334,6,0.8331130127341204
B1,synthetic,1,asymmetric_burst,20260929,1.0,gated,13,10.15707868121651,0.6945948361068591,7.540559866229515,1.418467993758813,22.786458333333332,6,1.0494289009971485
B1,synthetic,1,asymmetric_burst,20260929,2.0,uncorrected,13,21.95424591935297,1.5013476142902396,15.484714185630436,2.911548074617956,24.088541666666668,6,2.229918076913155
B1,synthetic,1,asymmetric_burst,20260929,2.0,V7,13,19.643822110245395,1.3433485973098716,14.272717339336836,2.5340693608123073,24.088541666666668,6,2.0046636844260854
B1,synthetic,1,asymmetric_burst,20260929,2.0,shrink,13,16.475050309645603,1.1266511985225622,10.957242803007745,2.365112116047677,24.088541666666668,6,1.6630472399517762
B1,synthetic,1,asymmetric_burst,20260929,2.0,gated,13,19.346778898325233,1.3230352092210407,14.382575201395793,2.557949077008479,24.088541666666668,6,1.98973964903615
B1,synthetic,1,direction_step,20260927,0.0,uncorrected,13,0.0,0.0,0.0,0.0,0.0,6,0.0
B1,synthetic,1,direction_step,20260927,0.0,V7,13,0.35010679631296393,0.023942157035232777,0.41039283496538076,0.0890477808546759,1.953125,6,0.04406413375059465
B1,synthetic,1,direction_step,20260927,0.0,shrink,13,1.088089803087205,0.07440934368683873,1.6539680067819906,0.3611308461184475,5.859375,6,0.1556589298200335
B1,synthetic,1,direction_step,20260927,0.0,gated,13,0.03198571035465495,0.0021873522829589905,0.02378475100845507,0.00503140597704288,0.0,6,0.0033446900956541083
B1,synthetic,1,direction_step,20260927,0.5,uncorrected,13,8.611977796962698,0.5889326541793386,21.16537212176308,7.2635284949875425,8.463541666666666,6,1.8093513260840326
B1,synthetic,1,direction_step,20260927,0.5,V7,13,7.362043453810046,0.5034555236504583,18.295670821320837,6.297587117229296,8.463541666666666,6,1.5596953211426858
B1,synthetic,1,direction_step,20260927,0.5,shrink,13,6.5846307282413115,0.4502919239923795,16.387512095504018,5.536585749713301,8.463541666666666,6,1.3892454173957929
B1,synthetic,1,direction_step,20260927,0.5,gated,13,7.62829178292134,0.5216629945510022,18.983364528055404,6.582185785437569,8.463541666666666,6,1.6208792253033277
B1,synthetic,1,direction_step,20260927,1.0,uncorrected,13,17.223955593925396,1.1778653083586772,42.33074424352616,13.399318136390468,11.067708333333334,6,3.541581896411241
B1,synthetic,1,direction_step,20260927,1.0,V7,13,14.669634860566473,1.0031873279239234,36.25959947504217,11.686233623816003,11.067708333333334,6,3.0421656066167633
B1,synthetic,1,direction_step,20260927,1.0,shrink,13,12.998758248668135,0.8889239355823266,32.22320738811418,10.38109340934295,12.369791666666666,6,2.7006348792609525
B1,synthetic,1,direction_step,20260927,1.0,gated,13,14.14087335287481,0.9670278154989671,35.102928504179474,11.410779817931804,11.067708333333334,6,2.9476194604476165
B1,synthetic,1,direction_step,20260927,2.0,uncorrected,13,34.44791118785079,2.3557306167173544,84.66148848705232,23.940277075711666,19.53125,5,6.887694051931878
B1,synthetic,1,direction_step,20260927,2.0,V7,13,29.323130558314933,2.0052709744149944,72.21533596728737,20.855131556755325,19.53125,5,5.900688904387406
B1,synthetic,1,direction_step,20260927,2.0,shrink,13,25.89399968495127,1.770768843267997,63.95164560294403,18.632866016082733,19.53125,5,5.231659028141732
B1,synthetic,1,direction_step,20260927,2.0,gated,13,27.09794524349278,1.8531010171304687,66.91536810245287,19.566560362818084,17.96875,5,5.47917968742508
B1,synthetic,1,direction_step,20260928,0.0,uncorrected,13,0.0,0.0,0.0,0.0,0.0,6,0.0
B1,synthetic,1,direction_step,20260928,0.0,V7,13,0.35010679631296393,0.023942157035232777,0.41039283496538076,0.0890477808546759,1.953125,6,0.04406413375059465
B1,synthetic,1,direction_step,20260928,0.0,shrink,13,1.088089803087205,0.07440934368683873,1.6539680067819906,0.3611308461184475,5.859375,6,0.1556589298200335
B1,synthetic,1,direction_step,20260928,0.0,gated,13,0.03198571035465495,0.0021873522829589905,0.02378475100845507,0.00503140597704288,0.0,6,0.0033446900956541083
B1,synthetic,1,direction_step,20260928,0.5,uncorrected,13,8.246226782601518,0.5639206626560344,20.60953326829296,7.584117690457305,6.510416666666667,6,1.787257319342692
B1,synthetic,1,direction_step,20260928,0.5,V7,13,7.053347918594191,0.48234528797937903,17.87992505331748,6.579293772910485,7.161458333333333,6,1.5436342298317582
B1,synthetic,1,direction_step,20260928,0.5,shrink,13,6.3012596508011125,0.4309135088722925,15.933919204999548,5.78039169714233,9.114583333333334,6,1.3710302021235712
B1,synthetic,1,direction_step,20260928,0.5,gated,13,7.373061647597286,0.5042090060983195,18.64520009498477,6.8871456905628925,7.161458333333333,6,1.6127172728581327
B1,synthetic,1,direction_step,20260928,1.0,uncorrected,13,16.492453565203036,1.1278413253120687,41.21906653658593,14.327699496735969,11.71875,6,3.517034343116474
B1,synthetic,1,direction_step,20260928,1.0,V7,13,14.051303834221084,0.960902577418011,35.29837490220402,12.455906346750162,11.067708333333334,6,3.0196483397375626
B1,synthetic,1,direction_step,20260928,1.0,shrink,13,12.438974842120325,0.8506429814094043,31.351091233391415,11.059179430636433,11.71875,6,2.6789050777693304
B1,synthetic,1,direction_step,20260928,1.0,gated,13,13.636892920024184,0.9325629642219642,34.392027106834234,12.184648932409052,11.067708333333334,6,2.9417682765519024
B1,synthetic,1,direction_step,20260928,2.0,uncorrected,13,32.98490713040607,2.2556826506241374,82.43813307317185,25.268459836771015,32.2265625,4,6.8024518481352825
B1,synthetic,1,direction_step,20260928,2.0,V7,13,28.09924868766294,1.9215754499398545,70.34799226716711,22.11656880486431,10.7421875,4,5.839407713805363
B1,synthetic,1,direction_step,20260928,2.0,shrink,13,24.78453960640883,1.6948980869601418,62.24495248449741,19.871065344029926,12.6953125,4,5.18210654249091
B1,synthetic,1,direction_step,20260928,2.0,gated,13,26.074331471706348,1.7831008859544082,65.45417640265426,20.843453694725387,9.765625,4,5.446538271475146
B1,synthetic,1,direction_step,20260929,0.0,uncorrected,13,0.0,0.0,0.0,0.0,0.0,6,0.0
B1,synthetic,1,direction_step,20260929,0.0,V7,13,0.35010679631296393,0.023942157035232777,0.41039283496538076,0.0890477808546759,1.953125,6,0.04406413375059465
B1,synthetic,1,direction_step,20260929,0.0,shrink,13,1.088089803087205,0.07440934368683873,1.6539680067819906,0.3611308461184475,5.859375,6,0.1556589298200335
B1,synthetic,1,direction_step,20260929,0.0,gated,13,0.03198571035465495,0.0021873522829589905,0.02378475100845507,0.00503140597704288,0.0,6,0.0033446900956541083
B1,synthetic,1,direction_step,20260929,0.5,uncorrected,13,7.645766401678944,0.522858001534104,18.741836350306432,6.597112270086467,4.557291666666667,6,1.614836496351887
B1,synthetic,1,direction_step,20260929,0.5,V7,13,6.559451148104389,0.4485700109416528,16.267685887236578,5.744949345532487,3.90625,6,1.3976753352187339
B1,synthetic,1,direction_step,20260929,0.5,shrink,13,5.891684097775993,0.4029045632831474,14.51259076679545,5.026253068858742,5.859375,6,1.2428502796579501
B1,synthetic,1,direction_step,20260929,0.5,gated,13,6.895173146222231,0.47152845928875176,17.102405303563536,6.056523217337684,4.557291666666667,6,1.4704821224831492
B1,synthetic,1,direction_step,20260929,1.0,uncorrected,13,15.291532803357889,1.045716003068208,37.483672700612864,12.176812407009043,7.03125,5,3.1600969624230415
B1,synthetic,1,direction_step,20260929,1.0,V7,13,13.049518992813391,0.8923952241158534,32.15892704904975,10.731641358680106,6.510416666666667,6,2.725880578190429
B1,synthetic,1,direction_step,20260929,1.0,shrink,13,11.576048783979083,0.7916315271577605,28.524699031994547,9.574915591325405,7.8125,6,2.4217499667319133
B1,synthetic,1,direction_step,20260929,1.0,gated,13,12.72032089282061,0.8698829144756774,31.492228800831416,10.572161103680758,5.859375,6,2.669665985388504
B1,synthetic,1,direction_step,20260929,2.0,uncorrected,13,30.583065606715778,2.091432006136416,74.96734540122573,21.035800131355746,27.34375,4,6.093303500540625
B1,synthetic,1,direction_step,20260929,2.0,V7,13,26.03803293899964,1.7806186000366115,63.96911661165068,18.513303848783632,8.59375,5,5.2339298707165005
B1,synthetic,1,direction_step,20260929,2.0,shrink,13,23.01924670551225,1.574178008711028,56.61479694904669,16.658025906720685,10.9375,5,4.6491518824808855
B1,synthetic,1,direction_step,20260929,2.0,gated,13,24.20701663556256,1.6554040074247782,59.66322365250902,17.51805963136564,8.59375,5,4.893425324187898
B1,synthetic,2,asymmetric_burst,20260927,0.0,uncorrected,13,0.0,0.0,0.0,0.0,0.0,6,0.0
B1,synthetic,2,asymmetric_burst,20260927,0.0,V7,13,0.4667426081306744,0.03170239885412699,0.574901960622995,0.18260816868752094,0.6510416666666666,6,0.06363006598158638
B1,synthetic,2,asymmetric_burst,20260927,0.0,shrink,13,1.2321863143004381,0.08369337043172323,2.131097480253612,0.43888485351862067,5.859375,6,0.1858784998895034
B1,synthetic,2,asymmetric_burst,20260927,0.0,gated,13,0.0,0.0,0.0,0.0,0.0,6,0.0
B1,synthetic,2,asymmetric_burst,20260927,0.5,uncorrected,13,6.462077769133633,0.43892150254708645,4.949028762196226,2.147295215870724,8.463541666666666,6,0.7528470981934046
B1,synthetic,2,asymmetric_burst,20260927,0.5,V7,13,5.7887195023837075,0.39318521883875784,4.233149216866245,2.018630934626309,8.463541666666666,6,0.6740593734288266
B1,synthetic,2,asymmetric_burst,20260927,0.5,shrink,13,4.980063457597857,0.3382591503354418,3.513774874824615,1.812884231454585,8.463541666666666,6,0.5807275328939425
B1,synthetic,2,asymmetric_burst,20260927,0.5,gated,13,6.025456290497895,0.409265010890097,4.476026747146152,2.0322254688254016,7.8125,6,0.6993109861789022
B1,synthetic,2,asymmetric_burst,20260927,1.0,uncorrected,13,12.924155538267266,0.8778430050941729,9.898057524392453,4.0273842363010655,9.765625,6,1.487544841182081
B1,synthetic,2,asymmetric_burst,20260927,1.0,V7,13,11.533858143013452,0.7834103096804936,8.481113110810316,3.7117606126036526,9.765625,6,1.3235528342390273
B1,synthetic,2,asymmetric_burst,20260927,1.0,shrink,13,9.749976215426182,0.6622443064232825,6.906963708586456,3.3336762391962704,9.114583333333334,6,1.123246128878667
B1,synthetic,2,asymmetric_burst,20260927,1.0,gated,13,11.517176860435713,0.7822772726179552,8.442329396524391,3.7539942718705372,9.765625,6,1.3239712731053308
B1,synthetic,2,asymmetric_burst,20260927,2.0,uncorrected,13,25.848311076534532,1.7556860101883458,19.796115048784905,7.044566410926085,19.53125,6,2.9064740725513354
B1,synthetic,2,asymmetric_burst,20260927,2.0,V7,13,22.987617594820463,1.5613801032990613,16.76970615278059,6.49561688729991,19.53125,6,2.5721011853428246
B1,synthetic,2,asymmetric_burst,20260927,2.0,shrink,13,19.404092615066883,1.3179775592997596,14.180574899270562,5.884352255069402,14.322916666666666,6,2.1992495831985943
B1,synthetic,2,asymmetric_burst,20260927,2.0,gated,13,22.18201331507699,1.5066613187910292,15.944388971384809,6.532752831964454,20.182291666666668,6,2.4918759043291785
B1,synthetic,2,asymmetric_burst,20260928,0.0,uncorrected,13,0.0,0.0,0.0,0.0,0.0,6,0.0
B1,synthetic,2,asymmetric_burst,20260928,0.0,V7,13,0.4667426081306744,0.03170239885412699,0.574901960622995,0.18260816868752094,0.6510416666666666,6,0.06363006598158638
B1,synthetic,2,asymmetric_burst,20260928,0.0,shrink,13,1.2321863143004381,0.08369337043172323,2.131097480253612,0.43888485351862067,5.859375,6,0.1858784998895034
B1,synthetic,2,asymmetric_burst,20260928,0.0,gated,13,0.0,0.0,0.0,0.0,0.0,6,0.0
B1,synthetic,2,asymmetric_burst,20260928,0.5,uncorrected,13,5.55771100711253,0.37749450766689885,4.095569033999246,1.0889889530155346,12.369791666666666,6,0.5905525013644085
B1,synthetic,2,asymmetric_burst,20260928,0.5,V7,13,4.977051769753776,0.33805458849001785,3.6712205502764026,0.8790288815986024,12.369791666666666,6,0.5224400973180583
B1,synthetic,2,asymmetric_burst,20260928,0.5,shrink,13,4.2426457586525705,0.2881717796801558,3.1359823470953807,0.7379667705066497,11.71875,6,0.44479857399842
B1,synthetic,2,asymmetric_burst,20260928,0.5,gated,13,5.341349669596647,0.3627986703915915,4.027896073881603,1.0644846683542522,12.369791666666666,6,0.5718940042410555
B1,synthetic,2,asymmetric_burst,20260928,1.0,uncorrected,13,11.11542201422506,0.7549890153337977,8.191138067998494,2.1635411217320737,26.692708333333332,6,1.1801244179567287
B1,synthetic,2,asymmetric_burst,20260928,1.0,V7,13,9.863695599050883,0.669968429300246,7.416188346587421,1.761610640015992,26.041666666666668,6,1.0414853223055116
B1,synthetic,2,asymmetric_burst,20260928,1.0,shrink,13,8.32051522125152,0.5651515152482062,5.8307452798531365,1.541137514130795,16.927083333333332,6,0.867849533256964
B1,synthetic,2,asymmetric_burst,20260928,1.0,gated,13,10.059849903838183,0.6832917511889988,8.032533571277906,2.0758702452853792,26.692708333333332,6,1.0970858952502751
B1,synthetic,2,asymmetric_burst,20260928,2.0,uncorrected,13,22.23084402845012,1.5099780306675954,16.38227613599699,4.176444100203372,26.692708333333332,6,2.350017092727583
B1,synthetic,2,asymmetric_burst,20260928,2.0,V7,13,20.003293627843675,1.3586768851593098,14.797597443530648,3.4018874920512263,26.692708333333332,6,2.0922882081538856
B1,synthetic,2,asymmetric_burst,20260928,2.0,shrink,13,16.6114522650675,1.1282940020466738,11.787077257397476,3.1248357684739183,26.692708333333332,6,1.740845967893704
B1,synthetic,2,asymmetric_burst,20260928,2.0,gated,13,19.592233992198217,1.330756621838469,15.085532905761857,3.385645123690608,26.692708333333332,6,2.0730433910496737
B1,synthetic,2,asymmetric_burst,20260929,0.0,uncorrected,13,0.0,0.0,0.0,0.0,0.0,6,0.0
B1,synthetic,2,asymmetric_burst,20260929,0.0,V7,13,0.4667426081306744,0.03170239885412699,0.574901960622995,0.18260816868752094,0.6510416666666666,6,0.06363006598158638
B1,synthetic,2,asymmetric_burst,20260929,0.0,shrink,13,1.2321863143004381,0.08369337043172323,2.131097480253612,0.43888485351862067,5.859375,6,0.1858784998895034
B1,synthetic,2,asymmetric_burst,20260929,0.0,gated,13,0.0,0.0,0.0,0.0,0.0,6,0.0
B1,synthetic,2,asymmetric_burst,20260929,0.5,uncorrected,13,5.843732180329879,0.3969218261848669,4.368350955998815,2.047560257743809,13.020833333333334,6,0.6843525681029781
B1,synthetic,2,asymmetric_burst,20260929,0.5,V7,13,5.388661686998888,0.3660122284001188,3.9804717777686025,1.825171918736349,13.671875,6,0.6251648705657458
B1,synthetic,2,asymmetric_burst,20260929,0.5,shrink,13,4.612993679312315,0.31332679508055966,3.9872833539468613,1.5678772667944527,10.416666666666666,6,0.5552346306091458
B1,synthetic,2,asymmetric_burst,20260929,0.5,gated,13,5.649542149911126,0.3837319230335634,4.236871453982054,1.9755764032469967,13.020833333333334,6,0.6618081115055241
B1,synthetic,2,asymmetric_burst,20260929,1.0,uncorrected,13,11.687464360659758,0.7938436523697338,8.736701911997628,4.055174958821035,24.739583333333332,6,1.365991927795509
B1,synthetic,2,asymmetric_burst,20260929,1.0,V7,13,10.585154910908596,0.7189718638766189,7.875415604383939,3.5448843348912225,18.229166666666668,6,1.2272094154955449
B1,synthetic,2,asymmetric_burst,20260929,1.0,shrink,13,8.913977494780449,0.6054610506806852,6.980192114340612,3.081411263037919,16.276041666666668,6,1.0518152992727259
B1,synthetic,2,asymmetric_burst,20260929,1.0,gated,13,10.652356539670711,0.7235363771684226,8.016302546275277,3.67872497018514,24.739583333333332,6,1.2456494484051186
B1,synthetic,2,asymmetric_burst,20260929,2.0,uncorrected,13,23.374928721319517,1.5876873047394675,17.473403823995255,7.702881007997657,35.807291666666664,6,2.704307483926688
B1,synthetic,2,asymmetric_burst,20260929,2.0,V7,13,21.083287385750584,1.432032932532526,15.499810198914469,6.712285831632587,35.807291666666664,6,2.414343390620348
B1,synthetic,2,asymmetric_burst,20260929,2.0,shrink,13,17.637208750852807,1.1979661096989265,13.370706517321864,5.978531915702608,26.041666666666668,6,2.058130859706359
B1,synthetic,2,asymmetric_burst,20260929,2.0,gated,13,20.496676051447746,1.392188731106601,14.903942835833623,6.501294948578573,35.807291666666664,6,2.3399316797097987
B1,synthetic,2,direction_step,20260927,0.0,uncorrected,13,0.0,0.0,0.0,0.0,0.0,6,0.0
B1,synthetic,2,direction_step,20260927,0.0,V7,13,0.4667426081306744,0.03170239885412699,0.574901960622995,0.18260816868752094,0.6510416666666666,6,0.06363006598158638
B1,synthetic,2,direction_step,20260927,0.0,shrink,13,1.2321863143004381,0.08369337043172323,2.131097480253612,0.43888485351862067,5.859375,6,0.1858784998895034
B1,synthetic,2,direction_step,20260927,0.0,gated,13,0.0,0.0,0.0,0.0,0.0,6,0.0
B1,synthetic,2,direction_step,20260927,0.5,uncorrected,13,8.350119703525904,0.5671623303925345,20.46153954527161,7.286175160509004,6.510416666666667,6,1.7569598018521349
B1,synthetic,2,direction_step,20260927,0.5,V7,13,7.141326260832797,0.4850578659940727,17.558146417769166,6.21896610149469,5.859375,6,1.503764570641874
B1,synthetic,2,direction_step,20260927,0.5,shrink,13,6.36438649112077,0.4322860512165619,15.647989890767814,5.482506680988391,7.8125,6,1.3360990191430702
B1,synthetic,2,direction_step,20260927,0.5,gated,13,7.345244241746948,0.4989085174063362,18.141007756011433,6.449976149847045,5.859375,6,1.5531007845771625
B1,synthetic,2,direction_step,20260927,1.0,uncorrected,13,16.700239407051807,1.134324660785069,40.923079090543226,13.378374173038628,10.9375,5,3.432821569356913
B1,synthetic,2,direction_step,20260927,1.0,V7,13,14.19636422985769,0.9642548017973246,34.819961903111746,11.593118359151106,12.5,5,2.9342224163598756
B1,synthetic,2,direction_step,20260927,1.0,shrink,13,12.567124139980667,0.8535924832974581,30.922265835573135,10.359602812084425,11.067708333333334,6,2.607405502626946
B1,synthetic,2,direction_step,20260927,1.0,gated,13,13.63602250443588,0.9261949020485567,33.54322538662186,11.21741119014141,12.5,5,2.8272838175102213
B1,synthetic,2,direction_step,20260927,2.0,uncorrected,13,33.400478814103614,2.268649321570138,81.84615818108645,23.900009471504422,32.8125,5,6.6716058392555295
B1,synthetic,2,direction_step,20260927,2.0,V7,13,28.3789096650666,1.927570994322628,69.54827377717335,20.624098232447196,32.8125,5,5.690366408813737
B1,synthetic,2,direction_step,20260927,2.0,shrink,13,25.062066574220733,1.7022821932344026,61.578138774029014,18.427104489176205,34.375,5,5.045175571976959
B1,synthetic,2,direction_step,20260927,2.0,gated,13,26.162110514536792,1.7770001023034658,64.20968765911304,19.20112232932452,32.8125,5,5.261837728933451
B1,synthetic,2,direction_step,20260928,0.0,uncorrected,13,0.0,0.0,0.0,0.0,0.0,6,0.0
B1,synthetic,2,direction_step,20260928,0.0,V7,13,0.4667426081306744,0.03170239885412699,0.574901960622995,0.18260816868752094,0.6510416666666666,6,0.06363006598158638
B1,synthetic,2,direction_step,20260928,0.0,shrink,13,1.2321863143004381,0.08369337043172323,2.131097480253612,0.43888485351862067,5.859375,6,0.1858784998895034
B1,synthetic,2,direction_step,20260928,0.0,gated,13,0.0,0.0,0.0,0.0,0.0,6,0.0
B1,synthetic,2,direction_step,20260928,0.5,uncorrected,13,7.742094216219762,0.5258636227616735,18.45454658942733,6.458330727831071,3.90625,6,1.5912715506605346
B1,synthetic,2,direction_step,20260928,0.5,V7,13,6.619551536472425,0.4496175394939398,15.846965186655616,5.492955004883849,3.2552083333333335,6,1.3608976509101458
B1,synthetic,2,direction_step,20260928,0.5,shrink,13,5.916185334784607,0.40184303706373387,14.118800548846144,4.831794475538899,5.208333333333333,6,1.209524599124706
B1,synthetic,2,direction_step,20260928,0.5,gated,13,6.89076845851117,0.4680393139123869,16.611954510702322,5.802473109129845,3.2552083333333335,6,1.426322772240252
B1,synthetic,2,direction_step,20260928,1.0,uncorrected,13,15.484188432439524,1.051727245523347,36.90909317885466,12.226236176352694,6.510416666666667,6,3.1356475807443145
B1,synthetic,2,direction_step,20260928,1.0,V7,13,13.171518615423341,0.8946445629489265,31.440004121849856,10.583310084966461,7.161458333333333,6,2.6812354554611226
B1,synthetic,2,direction_step,20260928,1.0,shrink,13,11.658333518445852,0.791865008117561,27.8797607137304,9.378054234090973,5.859375,6,2.375681119994737
B1,synthetic,2,direction_step,20260928,1.0,gated,13,12.74251138245642,0.8655052511014533,30.56134180523698,10.317690319577702,7.161458333333333,6,2.604214002651465
B1,synthetic,2,direction_step,20260928,2.0,uncorrected,13,30.968376864879048,2.103454491046694,73.81818635770932,21.131224082826762,25.390625,4,6.045707148928626
B1,synthetic,2,direction_step,20260928,2.0,V7,13,26.326762416158807,1.788183697215054,62.749434837080926,18.47703796156225,8.7890625,4,5.174247461498419
B1,synthetic,2,direction_step,20260928,2.0,shrink,13,23.23887477007423,1.5784461586496927,55.521048644954774,16.62218940325184,9.765625,4,4.593038073445855
B1,synthetic,2,direction_step,20260928,2.0,gated,13,24.367123902225835,1.655079839336241,58.21854810597279,17.395075689221635,9.765625,4,4.813778913080406
B1,synthetic,2,direction_step,20260929,0.0,uncorrected,13,0.0,0.0,0.0,0.0,0.0,6,0.0
B1,synthetic,2,direction_step,20260929,0.0,V7,13,0.4667426081306744,0.03170239885412699,0.574901960622995,0.18260816868752094,0.6510416666666666,6,0.06363006598158638
B1,synthetic,2,direction_step,20260929,0.0,shrink,13,1.2321863143004381,0.08369337043172323,2.131097480253612,0.43888485351862067,5.859375,6,0.1858784998895034
B1,synthetic,2,direction_step,20260929,0.0,gated,13,0.0,0.0,0.0,0.0,0.0,6,0.0
B1,synthetic,2,direction_step,20260929,0.5,uncorrected,13,8.322352540833908,0.5652763108790501,20.41771270617297,6.8948625104454,9.114583333333334,6,1.727006369062928
B1,synthetic,2,direction_step,20260929,0.5,V7,13,7.1191261145472655,0.48354997303571895,17.537127048436357,5.89068197716455,7.161458333333333,6,1.4792449014389348
B1,synthetic,2,direction_step,20260929,0.5,shrink,13,6.358587131930417,0.4318921433218289,15.648702536124473,5.159252652966978,9.114583333333334,6,1.3137730406262293
B1,synthetic,2,direction_step,20260929,0.5,gated,13,7.341894190992914,0.49868097305247633,18.194639620466166,6.125787362844497,7.161458333333333,6,1.5326748853136654
B1,synthetic,2,direction_step,20260929,1.0,uncorrected,13,16.644705081667816,1.1305526217581001,40.83542541234594,12.91960818575977,10.9375,5,3.3949120893389524
B1,synthetic,2,direction_step,20260929,1.0,V7,13,14.169150642639163,0.9624063826017671,34.82868620581889,11.225129609013445,9.765625,6,2.9076755118154183
B1,synthetic,2,direction_step,20260929,1.0,shrink,13,12.540503311518963,0.851784325852608,30.890379923669894,9.92130904679485,11.067708333333334,6,2.5747443794144034
B1,synthetic,2,direction_step,20260929,1.0,gated,13,13.62559985965473,0.9254869683047525,33.66933382436858,10.872032665066016,9.765625,6,2.8073996662848413
B1,synthetic,2,direction_step,20260929,2.0,uncorrected,13,33.28941016333563,2.2611052435162002,81.67085082469188,22.685880854166054,39.0625,4,6.5756412466923235
B1,synthetic,2,direction_step,20260929,2.0,V7,13,28.312099920571637,1.9230330988521362,69.50190682715014,19.795072894808687,13.28125,5,5.627944225054586
B1,synthetic,2,direction_step,20260929,2.0,shrink,13,24.993742150025223,1.6976414166916314,61.48059069226784,17.689200432493404,12.5,5,4.98710152753811
B1,synthetic,2,direction_step,20260929,2.0,gated,13,26.121330337611916,1.774230204266104,64.31942654953195,18.52289651917642,13.28125,5,5.216727809296837
B1,synthetic,3,asymmetric_burst,20260927,0.0,uncorrected,14,0.0,0.0,0.0,0.0,0.0,6,0.0
B1,synthetic,3,asymmetric_burst,20260927,0.0,V7,14,0.42161767917392984,0.028320212124299495,0.30414656103684107,0.08554122708892849,0.6510416666666666,6,0.044280864610304636
B1,synthetic,3,asymmetric_burst,20260927,0.0,shrink,14,1.2551219520598773,0.08430699584003233,1.3019566300851793,0.5470376221342216,1.953125,6,0.16477815998953757
B1,synthetic,3,asymmetric_burst,20260927,0.0,gated,14,0.14427558967222878,0.009691043582141514,0.11919656940305463,0.01734049579848218,0.0,6,0.014859049318082952
B1,synthetic,3,asymmetric_burst,20260927,0.5,uncorrected,14,5.611692889968495,0.3769394427001009,3.981198092906218,1.2935346987985825,5.859375,6,0.597535895136171
B1,synthetic,3,asymmetric_burst,20260927,0.5,V7,14,5.043068379793846,0.33874472852498977,3.5696609634957195,1.144195030236421,5.859375,6,0.5354884323929202
B1,synthetic,3,asymmetric_burst,20260927,0.5,shrink,14,4.311783611554458,0.2896240659370599,3.319672631213782,1.0490197702423034,5.859375,6,0.4715789097561243
B1,synthetic,3,asymmetric_burst,20260927,0.5,gated,14,5.297468924271253,0.3558329051836476,3.7859315473171318,1.222294297872912,5.859375,6,0.5650860518282325
B1,synthetic,3,asymmetric_burst,20260927,1.0,uncorrected,14,11.22338577993699,0.7538788854002018,7.962396185812436,2.522432920460229,9.765625,6,1.190730134706399
B1,synthetic,3,asymmetric_burst,20260927,1.0,V7,14,10.007021371031763,0.6721752477630488,7.1633255779497755,2.253320932670189,9.765625,6,1.064113216452102
B1,synthetic,3,asymmetric_burst,20260927,1.0,shrink,14,8.428232847930516,0.5661274511876306,6.178716875457803,1.9888045875734945,9.765625,6,0.9072294997547412
B1,synthetic,3,asymmetric_burst,20260927,1.0,gated,14,10.086403541050164,0.6775073768573814,7.19945787130515,2.193330519813898,9.765625,6,1.0666292774117685
B1,synthetic,3,asymmetric_burst,20260927,2.0,uncorrected,14,22.44677155987398,1.5077577708004035,15.924792371624871,4.749252165933499,10.416666666666666,6,2.3616037918597756
B1,synthetic,3,asymmetric_burst,20260927,2.0,V7,14,19.91823318487353,1.3379149328891793,14.255547439930899,4.314582588851623,11.067708333333334,6,2.10650214797566
B1,synthetic,3,asymmetric_burst,20260927,2.0,shrink,14,16.798953052922098,1.1283917573310331,12.082330716166966,3.7179260992607848,10.416666666666666,6,1.7839134630477753
B1,synthetic,3,asymmetric_burst,20260927,2.0,gated,14,19.33797203781889,1.2989385816026917,13.876554575354124,4.098864285693897,11.71875,6,2.040307376232492
B1,synthetic,3,asymmetric_burst,20260928,0.0,uncorrected,14,0.0,0.0,0.0,0.0,0.0,6,0.0
B1,synthetic,3,asymmetric_burst,20260928,0.0,V7,14,0.42161767917392984,0.028320212124299495,0.30414656103684107,0.08554122708892849,0.6510416666666666,6,0.044280864610304636
B1,synthetic,3,asymmetric_burst,20260928,0.0,shrink,14,1.2551219520598773,0.08430699584003233,1.3019566300851793,0.5470376221342216,1.953125,6,0.16477815998953757
B1,synthetic,3,asymmetric_burst,20260928,0.0,gated,14,0.14427558967222878,0.009691043582141514,0.11919656940305463,0.01734049579848218,0.0,6,0.014859049318082952
B1,synthetic,3,asymmetric_burst,20260928,0.5,uncorrected,14,5.777565321116918,0.38808115394167036,4.914550204924407,1.5452532335201103,6.510416666666667,6,0.6569324310765112
B1,synthetic,3,asymmetric_burst,20260928,0.5,V7,14,5.301528046958585,0.35610555792384824,4.601914366361798,1.525449187830591,8.463541666666666,6,0.6131266589202151
B1,synthetic,3,asymmetric_burst,20260928,0.5,shrink,14,4.408592006762898,0.2961267208852293,3.8085739080015353,1.0653734464859932,7.161458333333333,6,0.49559988492260093
B1,synthetic,3,asymmetric_burst,20260928,0.5,gated,14,5.4859471274477976,0.36849305431502355,4.67975513807871,1.5303864325150298,6.510416666666667,6,0.6284600882302317
B1,synthetic,3,asymmetric_burst,20260928,1.0,uncorrected,14,11.555130642233836,0.7761623078833407,9.829100409848813,3.0262183393505566,16.927083333333332,6,1.3095466053455458
B1,synthetic,3,asymmetric_burst,20260928,1.0,V7,14,10.421818005595505,0.7000372878518484,8.892341478842434,2.748022171584799,18.229166666666668,6,1.1832738297872087
B1,synthetic,3,asymmetric_burst,20260928,1.0,shrink,14,8.651521803670686,0.5811258511692553,7.381550212530581,2.1861729814994466,15.625,6,0.9758825815205309
B1,synthetic,3,asymmetric_burst,20260928,1.0,gated,14,10.52127516521574,0.7067178612643391,8.924067676882322,2.7850117424974363,18.229166666666668,6,1.1935045361703067
B1,synthetic,3,asymmetric_burst,20260928,2.0,uncorrected,14,23.110261284467672,1.5523246157666815,19.658200819697626,5.560362544720223,31.901041666666668,6,2.5860404129940786
B1,synthetic,3,asymmetric_burst,20260928,2.0,V7,14,20.788601023981645,1.3963778556916682,17.7105653049079,4.984368125439694,30.598958333333332,6,2.325992208021725
B1,synthetic,3,asymmetric_burst,20260928,2.0,shrink,14,17.272333444072164,1.1601888895554702,14.69581888629719,4.2185224154259515,30.598958333333332,6,1.9371103042311508
B1,synthetic,3,asymmetric_burst,20260928,2.0,gated,14,20.375319624057052,1.3686175944620542,17.337587682201505,4.858224977603012,30.598958333333332,6,2.277232344929021
B1,synthetic,3,asymmetric_burst,20260929,0.0,uncorrected,14,0.0,0.0,0.0,0.0,0.0,6,0.0
B1,synthetic,3,asymmetric_burst,20260929,0.0,V7,14,0.42161767917392984,0.028320212124299495,0.30414656103684107,0.08554122708892849,0.6510416666666666,6,0.044280864610304636
B1,synthetic,3,asymmetric_burst,20260929,0.0,shrink,14,1.2551219520598773,0.08430699584003233,1.3019566300851793,0.5470376221342216,1.953125,6,0.16477815998953757
B1,synthetic,3,asymmetric_burst,20260929,0.0,gated,14,0.14427558967222878,0.009691043582141514,0.11919656940305463,0.01734049579848218,0.0,6,0.014859049318082952
B1,synthetic,3,asymmetric_burst,20260929,0.5,uncorrected,14,4.927158333698206,0.33095900877244666,4.701249044894839,1.5945116409736382,9.765625,6,0.595955232901935
B1,synthetic,3,asymmetric_burst,20260929,0.5,V7,14,4.476314539441836,0.30067566791899714,4.258005225736836,1.4519381403451774,9.765625,6,0.5412087545159706
B1,synthetic,3,asymmetric_burst,20260929,0.5,shrink,14,3.8598705341680053,0.2592689009487112,3.9246241102723793,1.346518258997999,9.114583333333334,6,0.48152423085610796
B1,synthetic,3,asymmetric_burst,20260929,0.5,gated,14,4.726074930720834,0.317452163807708,4.60016110015418,1.5917797795883433,9.765625,6,0.5788698308994215
B1,synthetic,3,asymmetric_burst,20260929,1.0,uncorrected,14,9.854316667396413,0.6619180175448933,9.402498089789677,3.232582033417465,11.067708333333334,6,1.1948363229072114
B1,synthetic,3,asymmetric_burst,20260929,1.0,V7,14,8.873105301393178,0.596009694918503,8.46876659692584,2.8817567082535724,10.416666666666666,6,1.0740033950196974
B1,synthetic,3,asymmetric_burst,20260929,1.0,shrink,14,7.452071548739474,0.5005583433770028,7.3467488150970555,2.4952641378574527,10.416666666666666,6,0.9149080273520903
B1,synthetic,3,asymmetric_burst,20260929,1.0,gated,14,9.03630562098362,0.6069719194594909,8.975367961786224,3.1174378748674734,10.416666666666666,6,1.1178107073591697
B1,synthetic,3,asymmetric_burst,20260929,2.0,uncorrected,14,19.708633334792825,1.3238360350897866,18.804996179579355,6.601222794547638,26.041666666666668,6,2.398811759804462
B1,synthetic,3,asymmetric_burst,20260929,2.0,V7,14,17.856853422724758,1.1994513081019742,16.972186189312463,5.826949071700778,11.71875,6,2.1608635313499827
B1,synthetic,3,asymmetric_burst,20260929,2.0,shrink,14,14.789773873339465,0.9934344645699933,14.342670143916651,4.962952349993528,11.71875,6,1.8084989429860698
B1,synthetic,3,asymmetric_burst,20260929,2.0,gated,14,17.58626528530697,1.1812758049660403,17.293155225787707,6.01263691619842,11.71875,6,2.165940551124001
B1,synthetic,3,direction_step,20260927,0.0,uncorrected,14,0.0,0.0,0.0,0.0,0.0,6,0.0
B1,synthetic,3,direction_step,20260927,0.0,V7,14,0.42161767917392984,0.028320212124299495,0.30414656103684107,0.08554122708892849,0.6510416666666666,6,0.044280864610304636
B1,synthetic,3,direction_step,20260927,0.0,shrink,14,1.2551219520598773,0.08430699584003233,1.3019566300851793,0.5470376221342216,1.953125,6,0.16477815998953757
B1,synthetic,3,direction_step,20260927,0.0,gated,14,0.14427558967222878,0.009691043582141514,0.11919656940305463,0.01734049579848218,0.0,6,0.014859049318082952
B1,synthetic,3,direction_step,20260927,0.5,uncorrected,14,7.8695808052482565,0.5286025912637465,19.442999214264876,7.0817356012094885,3.90625,6,1.6572819825243539
B1,synthetic,3,direction_step,20260927,0.5,V7,14,6.749464852503286,0.4533639972662136,16.662890065821156,6.083342321851016,3.2552083333333335,6,1.4216104816483626
B1,synthetic,3,direction_step,20260927,0.5,shrink,14,6.028328690249592,0.40492502021586346,14.646838329477204,5.359411915145945,3.2552083333333335,6,1.256835374693234
B1,synthetic,3,direction_step,20260927,0.5,gated,14,6.912155020893648,0.46429195476643115,17.211082692129413,6.305663126048521,3.2552083333333335,6,1.4658829566106477
B1,synthetic,3,direction_step,20260927,1.0,uncorrected,14,15.739161610496513,1.057205182527493,38.88599842852975,13.214754763003008,6.25,5,3.250838338403468
B1,synthetic,3,direction_step,20260927,1.0,V7,14,13.386382163959352,0.8991681354611223,33.02605787201151,11.480054810044052,5.208333333333333,6,2.779473703421828
B1,synthetic,3,direction_step,20260927,1.0,shrink,14,11.86498007952198,0.7969750067430939,29.20014812949936,10.221011204777762,5.859375,6,2.4642162888582106
B1,synthetic,3,direction_step,20260927,1.0,gated,14,12.852612106981914,0.8633146075236363,31.858224675216857,11.131928693493128,5.208333333333333,6,2.6810145289470357
B1,synthetic,3,direction_step,20260927,2.0,uncorrected,14,31.478323220993026,2.114410365054986,77.7719968570595,23.36928748234942,10.7421875,4,6.296120454416983
B1,synthetic,3,direction_step,20260927,2.0,V7,14,26.745563282884394,1.796509166881248,66.01325905564333,20.402528977619127,9.375,5,5.384021676361294
B1,synthetic,3,direction_step,20260927,2.0,shrink,14,23.63612770076472,1.5876472532987616,58.35013447721743,18.29776519250206,9.375,5,4.776414591576717
B1,synthetic,3,direction_step,20260927,2.0,gated,14,24.657862838820154,1.6562775723624066,60.988542385902186,19.09562147767724,8.59375,5,4.987248613247256
B1,synthetic,3,direction_step,20260928,0.0,uncorrected,14,0.0,0.0,0.0,0.0,0.0,6,0.0
B1,synthetic,3,direction_step,20260928,0.0,V7,14,0.42161767917392984,0.028320212124299495,0.30414656103684107,0.08554122708892849,0.6510416666666666,6,0.044280864610304636
B1,synthetic,3,direction_step,20260928,0.0,shrink,14,1.2551219520598773,0.08430699584003233,1.3019566300851793,0.5470376221342216,1.953125,6,0.16477815998953757
B1,synthetic,3,direction_step,20260928,0.0,gated,14,0.14427558967222878,0.009691043582141514,0.11919656940305463,0.01734049579848218,0.0,6,0.014859049318082952
B1,synthetic,3,direction_step,20260928,0.5,uncorrected,14,8.327584690606253,0.5593668780282515,20.092080419553607,6.6719392022902495,7.161458333333333,6,1.6823196065927852
B1,synthetic,3,direction_step,20260928,0.5,V7,14,7.104864195668243,0.4772362997915453,17.174739966412275,5.725474314023235,7.161458333333333,6,1.4386352320986275
B1,synthetic,3,direction_step,20260928,0.5,shrink,14,6.35868519475264,0.4271151862034451,15.174644605973025,5.055267673119164,6.510416666666667,6,1.2763225311737985
B1,synthetic,3,direction_step,20260928,0.5,gated,14,7.160121375582769,0.4809479445680073,17.594007366375084,5.863942566675057,7.161458333333333,6,1.4657290110369472
B1,synthetic,3,direction_step,20260928,1.0,uncorrected,14,16.655169381212506,1.118733756056503,40.184160839107214,12.67144124898953,11.71875,6,3.3194713660404775
B1,synthetic,3,direction_step,20260928,1.0,V7,14,14.147605675343877,0.9502997942631256,34.161874479540934,10.897765822553836,11.067708333333334,6,2.8296394064925714
B1,synthetic,3,direction_step,20260928,1.0,shrink,14,12.542235599127148,0.8424665051431378,30.215852533108926,9.675362111074366,9.765625,6,2.5071689563479724
B1,synthetic,3,direction_step,20260928,1.0,gated,14,13.440612670464024,0.9028108182130165,32.7671938019226,10.486855114203316,11.067708333333334,6,2.707708806447867
B1,synthetic,3,direction_step,20260928,2.0,uncorrected,14,33.31033876242501,2.237467512113006,80.36832167821443,22.48165618300075,40.0390625,4,6.4467531248173895
B1,synthetic,3,direction_step,20260928,2.0,V7,14,28.32022944629923,1.9022800630643473,68.31329031215654,19.63424077931157,35.9375,5,5.515433342189067
B1,synthetic,3,direction_step,20260928,2.0,shrink,14,25.002180245729978,1.67940549721812,60.33997868473845,17.65129688300209,35.15625,5,4.891578602987397
B1,synthetic,3,direction_step,20260928,2.0,gated,14,25.978252664535137,1.7449686349010558,62.96320127728438,18.363610670023565,35.9375,5,5.093089521121313
B1,synthetic,3,direction_step,20260929,0.0,uncorrected,14,0.0,0.0,0.0,0.0,0.0,6,0.0
B1,synthetic,3,direction_step,20260929,0.0,V7,14,0.42161767917392984,0.028320212124299495,0.30414656103684107,0.08554122708892849,0.6510416666666666,6,0.044280864610304636
B1,synthetic,3,direction_step,20260929,0.0,shrink,14,1.2551219520598773,0.08430699584003233,1.3019566300851793,0.5470376221342216,1.953125,6,0.16477815998953757
B1,synthetic,3,direction_step,20260929,0.0,gated,14,0.14427558967222878,0.009691043582141514,0.11919656940305463,0.01734049579848218,0.0,6,0.014859049318082952
B1,synthetic,3,direction_step,20260929,0.5,uncorrected,14,7.446676533916131,0.5001959582784695,16.69947213616764,5.734365632105792,5.208333333333333,6,1.446230167543763
B1,synthetic,3,direction_step,20260929,0.5,V7,14,6.4015202309833334,0.4299924310921843,14.406171305748387,4.974330402977535,5.208333333333333,6,1.2479538754587134
B1,synthetic,3,direction_step,20260929,0.5,shrink,14,5.715349590895875,0.38390210082231274,12.613323242899497,4.328900589044843,3.90625,6,1.0982966642868488
B1,synthetic,3,direction_step,20260929,0.5,gated,14,6.532081057196946,0.4387622490484374,14.870124853212557,5.181210492768641,5.208333333333333,6,1.2862018677921239
B1,synthetic,3,direction_step,20260929,1.0,uncorrected,14,14.893353067832262,1.000391916556939,33.39894427233528,11.063035273678247,11.71875,6,2.8652095885524353
B1,synthetic,3,direction_step,20260929,1.0,V7,14,12.682361051827195,0.8518787825226206,28.397102679074788,9.52147941700551,12.369791666666666,6,2.4451618344486374
B1,synthetic,3,direction_step,20260929,1.0,shrink,14,11.231194331131439,0.754403388610417,25.104345664109314,8.407067693659057,10.416666666666666,6,2.162243161400309
B1,synthetic,3,direction_step,20260929,1.0,gated,14,12.172762108091488,0.8176488370108704,27.493017827595224,9.294367014195293,11.71875,6,2.365312813267521
B1,synthetic,3,direction_step,20260929,2.0,uncorrected,14,29.786706135664524,2.000783833113878,66.79788854467056,20.06691960848748,46.875,5,5.592105263184141
B1,synthetic,3,direction_step,20260929,2.0,V7,14,25.33999446958191,1.7020966009138587,56.79925079967866,17.571233394788205,20.833333333333332,6,4.7899758263554375
B1,synthetic,3,direction_step,20260929,2.0,shrink,14,22.36610342451793,1.5023392629488563,50.13668232641069,15.719736879767789,19.53125,6,4.242089229275476
B1,synthetic,3,direction_step,20260929,2.0,gated,14,23.376444195026558,1.5702042182199298,52.64568102110515,16.517832298877916,21.484375,6,4.447827717993231
B1,synthetic,4,asymmetric_burst,20260927,0.0,uncorrected,14,0.0,0.0,0.0,0.0,0.0,6,0.0
B1,synthetic,4,asymmetric_burst,20260927,0.0,V7,14,0.4893618460698057,0.03150313644666182,0.4430228508512466,0.22222825337598984,1.953125,6,0.06006930228152551
B1,synthetic,4,asymmetric_burst,20260927,0.0,shrink,14,1.346128979100144,0.08665833931268146,0.8339783726173418,0.8728721997830527,1.953125,6,0.1696943985593836
B1,synthetic,4,asymmetric_burst,20260927,0.0,gated,14,0.8156030767830095,0.05250522741110303,0.7383714180854112,0.37038042229331697,5.859375,6,0.10011550380254255
B1,synthetic,4,asymmetric_burst,20260927,0.5,uncorrected,14,5.873434000842104,0.3781079261185343,5.4169797632378,2.5123871027067977,7.161458333333333,6,0.7142068707530269
B1,synthetic,4,asymmetric_burst,20260927,0.5,V7,14,5.419137560580504,0.34886215867725234,4.902854101992986,2.191181291095941,7.161458333333333,6,0.6477345069078607
B1,synthetic,4,asymmetric_burst,20260927,0.5,shrink,14,4.557834043384009,0.29341492174582967,3.946005168410485,1.7152396862715866,7.161458333333333,6,0.5308490421790828
B1,synthetic,4,asymmetric_burst,20260927,0.5,gated,14,5.164927368035931,0.33249713462361685,4.603560006036808,2.049436282031239,7.161458333333333,6,0.6126108407446746
B1,synthetic,4,asymmetric_burst,20260927,1.0,uncorrected,14,11.746868001684208,0.7562158522370686,10.8339595264756,5.028003879449293,10.416666666666666,6,1.4286216548581918
B1,synthetic,4,asymmetric_burst,20260927,1.0,V7,14,10.619865048115459,0.6836639602021455,9.464726205742592,4.260075977057522,10.416666666666666,6,1.262560818628009
B1,synthetic,4,asymmetric_burst,20260927,1.0,shrink,14,8.862562803061897,0.5705359490002863,7.9660543637986105,3.450996483173745,10.416666666666666,6,1.0491083259630423
B1,synthetic,4,asymmetric_burst,20260927,1.0,gated,14,9.924472127163613,0.638897376438556,8.601050969242886,3.7447956553431596,10.416666666666666,6,1.1568226124680188
B1,synthetic,4,asymmetric_burst,20260927,2.0,uncorrected,14,23.493736003368415,1.512431704474137,21.6679190529512,9.525222648119987,26.692708333333332,6,2.8230735110224137
B1,synthetic,4,asymmetric_burst,20260927,2.0,V7,14,21.163724646632613,1.362434996959982,19.246853730465094,8.143739367885983,26.692708333333332,6,2.506213300494936
B1,synthetic,4,asymmetric_burst,20260927,2.0,shrink,14,17.621449911348837,1.1343976760829282,16.07068879130486,7.006285497713183,15.625,6,2.102716973381169
B1,synthetic,4,asymmetric_burst,20260927,2.0,gated,14,19.702951730615037,1.2683963446611157,17.696553060567403,7.228839903482306,26.692708333333332,6,2.3033760774487675
B1,synthetic,4,asymmetric_burst,20260928,0.0,uncorrected,14,0.0,0.0,0.0,0.0,0.0,6,0.0
B1,synthetic,4,asymmetric_burst,20260928,0.0,V7,14,0.4893618460698057,0.03150313644666182,0.4430228508512466,0.22222825337598984,1.953125,6,0.06006930228152551
B1,synthetic,4,asymmetric_burst,20260928,0.0,shrink,14,1.346128979100144,0.08665833931268146,0.8339783726173418,0.8728721997830527,1.953125,6,0.1696943985593836
B1,synthetic,4,asymmetric_burst,20260928,0.0,gated,14,0.8156030767830095,0.05250522741110303,0.7383714180854112,0.37038042229331697,5.859375,6,0.10011550380254255
B1,synthetic,4,asymmetric_burst,20260928,0.5,uncorrected,14,5.008915983849235,0.32245375269112964,5.0260882220752015,1.8297187764452723,11.71875,6,0.6020232632662481
B1,synthetic,4,asymmetric_burst,20260928,0.5,V7,14,4.577075451375944,0.29465360577128874,4.508512064232,1.6144773053456343,12.369791666666666,6,0.5437070111085284
B1,synthetic,4,asymmetric_burst,20260928,0.5,shrink,14,3.927937646367824,0.25286473929529407,3.8329691923884854,1.497579942214612,11.71875,6,0.47264840623826515
B1,synthetic,4,asymmetric_burst,20260928,0.5,gated,14,4.34456962199113,0.2796858208354986,4.2154701211130226,1.485868185788825,12.369791666666666,6,0.5110274636587011
B1,synthetic,4,asymmetric_burst,20260928,1.0,uncorrected,14,10.01783196769847,0.6449075053822593,10.052176444150401,3.6262316392033616,13.671875,6,1.2019088641092304
B1,synthetic,4,asymmetric_burst,20260928,1.0,V7,14,9.083622449783459,0.5847668749898184,8.874839640807425,3.105532152200741,13.020833333333334,6,1.0703516158355082
B1,synthetic,4,asymmetric_burst,20260928,1.0,shrink,14,7.567742023156702,0.4871806240379316,7.556920265670297,2.7574461062027993,11.71875,6,0.9079358335105345
B1,synthetic,4,asymmetric_burst,20260928,1.0,gated,14,8.514832265603326,0.5481504633801716,8.134909632537527,2.7898321414429446,13.020833333333334,6,0.9895948637102518
B1,synthetic,4,asymmetric_burst,20260928,2.0,uncorrected,14,20.03566393539694,1.2898150107645185,20.104352888300802,7.0419422910298435,26.041666666666668,6,2.3902652384943766
B1,synthetic,4,asymmetric_burst,20260928,2.0,V7,14,18.12206637431158,1.1666253392463348,17.806595717155776,5.9648870182687785,25.390625,6,2.123778947872127
B1,synthetic,4,asymmetric_burst,20260928,2.0,shrink,14,15.021017023803754,0.9669923241237285,15.073009007818483,5.32126129875827,16.927083333333332,6,1.7947232838088785
B1,synthetic,4,asymmetric_burst,20260928,2.0,gated,14,16.92448468791029,1.089529873844356,16.325637656912285,5.330591697293235,25.390625,6,1.9581810699632882
B1,synthetic,4,asymmetric_burst,20260929,0.0,uncorrected,14,0.0,0.0,0.0,0.0,0.0,6,0.0
B1,synthetic,4,asymmetric_burst,20260929,0.0,V7,14,0.4893618460698057,0.03150313644666182,0.4430228508512466,0.22222825337598984,1.953125,6,0.06006930228152551
B1,synthetic,4,asymmetric_burst,20260929,0.0,shrink,14,1.346128979100144,0.08665833931268146,0.8339783726173418,0.8728721997830527,1.953125,6,0.1696943985593836
B1,synthetic,4,asymmetric_burst,20260929,0.0,gated,14,0.8156030767830095,0.05250522741110303,0.7383714180854112,0.37038042229331697,5.859375,6,0.10011550380254255
B1,synthetic,4,asymmetric_burst,20260929,0.5,uncorrected,14,5.035838593354279,0.32418692140370764,2.633472281462662,1.3303242953144074,8.463541666666666,6,0.4945939663522295
B1,synthetic,4,asymmetric_burst,20260929,0.5,V7,14,4.610276784504358,0.29679097331670684,2.468998101460509,1.1862169598180448,9.114583333333334,6,0.4526268795921701
B1,synthetic,4,asymmetric_burst,20260929,0.5,shrink,14,3.972737045571919,0.2557487434267763,2.173627757862176,1.346116230521191,8.463541666666666,6,0.41237094399027074
B1,synthetic,4,asymmetric_burst,20260929,0.5,gated,14,4.377294016165237,0.2817924849799979,2.418116542986602,1.1219046599696127,9.114583333333334,6,0.4318504510264807
B1,synthetic,4,asymmetric_burst,20260929,1.0,uncorrected,14,10.071677186708557,0.6483738428074153,5.266944562925325,2.670965723125754,10.416666666666666,6,0.9898521079674054
B1,synthetic,4,asymmetric_burst,20260929,1.0,V7,14,9.043870202435405,0.5822077860818357,5.0382084598102415,2.4737336149851257,10.416666666666666,6,0.9036264932141393
B1,synthetic,4,asymmetric_burst,20260929,1.0,shrink,14,7.634320216545266,0.4914666588555969,4.068890342942485,2.3037394958272697,9.114583333333334,6,0.7707414421316643
B1,synthetic,4,asymmetric_burst,20260929,1.0,gated,14,8.418422287606845,0.5419439789228411,4.920804909409598,2.352200958732829,9.765625,6,0.8517599223087688
B1,synthetic,4,asymmetric_burst,20260929,2.0,uncorrected,14,20.143354373417115,1.2967476856148306,10.533889125850651,5.384953516605781,16.927083333333332,6,1.982473802823273
B1,synthetic,4,asymmetric_burst,20260929,2.0,V7,14,17.945927271296917,1.1552862161814115,9.893738270344427,4.737951619911067,10.416666666666666,6,1.7787558065452855
B1,synthetic,4,asymmetric_burst,20260929,2.0,shrink,14,15.128520867274306,0.9739129867716094,7.9764973815160545,4.242816629436209,10.416666666666666,6,1.503795681889766
B1,synthetic,4,asymmetric_burst,20260929,2.0,gated,14,16.570898250075388,1.0667674090419548,9.526799491779233,4.308391133135224,10.416666666666666,6,1.6507726153586213
B1,synthetic,4,direction_step,20260927,0.0,uncorrected,14,0.0,0.0,0.0,0.0,0.0,6,0.0
B1,synthetic,4,direction_step,20260927,0.0,V7,14,0.4893618460698057,0.03150313644666182,0.4430228508512466,0.22222825337598984,1.953125,6,0.06006930228152551
B1,synthetic,4,direction_step,20260927,0.0,shrink,14,1.346128979100144,0.08665833931268146,0.8339783726173418,0.8728721997830527,1.953125,6,0.1696943985593836
B1,synthetic,4,direction_step,20260927,0.0,gated,14,0.8156030767830095,0.05250522741110303,0.7383714180854112,0.37038042229331697,5.859375,6,0.10011550380254255
B1,synthetic,4,direction_step,20260927,0.5,uncorrected,14,8.46576652070519,0.5449918091679619,21.303102129286973,7.238445001343543,3.2552083333333335,6,1.6966774005629197
B1,synthetic,4,direction_step,20260927,0.5,V7,14,7.238954071749915,0.46601458549534175,18.224344954784772,6.162013740273117,3.90625,6,1.4493049183877809
B1,synthetic,4,direction_step,20260927,0.5,shrink,14,6.484322118332688,0.4174344324113952,16.06892937661533,5.37242981727302,3.2552083333333335,6,1.2805160770622552
B1,synthetic,4,direction_step,20260927,0.5,gated,14,6.453955139828678,0.4154795291532687,16.18347435246884,5.438066075637434,4.557291666666667,6,1.2864735417911224
B1,synthetic,4,direction_step,20260927,1.0,uncorrected,14,16.93153304141038,1.0899836183359237,42.606204258573946,13.602786013270011,5.859375,6,3.3370835215638253
B1,synthetic,4,direction_step,20260927,1.0,V7,14,14.395954815114695,0.9267533471660229,36.23217536446273,11.738053441806848,5.208333333333333,6,2.84864220891908
B1,synthetic,4,direction_step,20260927,1.0,shrink,14,12.763567548738218,0.8216668570780403,32.03553328832679,10.380730785577573,6.510416666666667,6,2.521095353997171
B1,synthetic,4,direction_step,20260927,1.0,gated,14,12.721943093057673,0.8189872429696794,31.990364691150003,10.433042309202824,5.208333333333333,6,2.5203294584061773
B1,synthetic,4,direction_step,20260927,2.0,uncorrected,14,33.86306608282076,2.1799672366718474,85.21240851714789,24.45935335408703,35.9375,5,6.497376591960528
B1,synthetic,4,direction_step,20260927,2.0,V7,14,28.81578048184911,1.8550434032146723,72.40849799025268,21.05065770523741,35.15625,5,5.5408827315327995
B1,synthetic,4,direction_step,20260927,2.0,shrink,14,25.42669192871836,1.6368675891895883,63.98480278705043,18.755896173015405,33.59375,5,4.903837737177938
B1,synthetic,4,direction_step,20260927,2.0,gated,14,25.462519122182186,1.639173999003219,63.878487135491156,18.766564119640126,34.375,5,4.903408820420096
B1,synthetic,4,direction_step,20260928,0.0,uncorrected,14,0.0,0.0,0.0,0.0,0.0,6,0.0
B1,synthetic,4,direction_step,20260928,0.0,V7,14,0.4893618460698057,0.03150313644666182,0.4430228508512466,0.22222825337598984,1.953125,6,0.06006930228152551
B1,synthetic,4,direction_step,20260928,0.0,shrink,14,1.346128979100144,0.08665833931268146,0.8339783726173418,0.8728721997830527,1.953125,6,0.1696943985593836
B1,synthetic,4,direction_step,20260928,0.0,gated,14,0.8156030767830095,0.05250522741110303,0.7383714180854112,0.37038042229331697,5.859375,6,0.10011550380254255
B1,synthetic,4,direction_step,20260928,0.5,uncorrected,14,7.570241220417858,0.48734151224970707,17.1098234940259,5.905463484906684,5.859375,6,1.4182419853039776
B1,synthetic,4,direction_step,20260928,0.5,V7,14,6.5226615773706635,0.4199025717219377,14.706860545084334,5.048502145379028,7.161458333333333,6,1.2182888216959866
B1,synthetic,4,direction_step,20260928,0.5,shrink,14,5.877567385569821,0.3783740167100048,12.96458179079333,4.366107404750903,5.859375,6,1.0767500233848946
B1,synthetic,4,direction_step,20260928,0.5,gated,14,5.857078524420373,0.37705502669553664,13.115183247165293,4.472257970282919,11.71875,6,1.0871121337878993
B1,synthetic,4,direction_step,20260928,1.0,uncorrected,14,15.140482440835717,0.9746830244994141,34.2196469880518,11.244217600621866,12.369791666666666,6,2.8000015134515084
B1,synthetic,4,direction_step,20260928,1.0,V7,14,12.917782495470535,0.83159459163283,29.139353288048607,9.642071770435939,13.671875,6,2.3902490311621962
B1,synthetic,4,direction_step,20260928,1.0,shrink,14,11.478312361479052,0.7389273262826017,25.783804210989835,8.47152511010732,12.369791666666666,6,2.114218366944245
B1,synthetic,4,direction_step,20260928,1.0,gated,14,11.451860210431521,0.7372244437827691,25.756526106753075,8.55796357234442,13.671875,6,2.117202016033717
B1,synthetic,4,direction_step,20260928,2.0,uncorrected,14,30.280964881671434,1.9493660489988283,68.4392939761036,20.5309047157956,17.1875,5,5.473985131399214
B1,synthetic,4,direction_step,20260928,2.0,V7,14,25.786663723277357,1.6600411174325813,58.2438831227734,17.845570957473907,20.833333333333332,6,4.683619615276689
B1,synthetic,4,direction_step,20260928,2.0,shrink,14,22.794291625665927,1.4674043043108869,51.441917433553776,15.862020534125937,18.229166666666668,6,4.144348327881193
B1,synthetic,4,direction_step,20260928,2.0,gated,14,22.80119234181802,1.4678485445071037,51.45066195734534,15.979948110993108,22.135416666666668,6,4.152665737060439
B1,synthetic,4,direction_step,20260929,0.0,uncorrected,14,0.0,0.0,0.0,0.0,0.0,6,0.0
B1,synthetic,4,direction_step,20260929,0.0,V7,14,0.4893618460698057,0.03150313644666182,0.4430228508512466,0.22222825337598984,1.953125,6,0.06006930228152551
B1,synthetic,4,direction_step,20260929,0.0,shrink,14,1.346128979100144,0.08665833931268146,0.8339783726173418,0.8728721997830527,1.953125,6,0.1696943985593836
B1,synthetic,4,direction_step,20260929,0.0,gated,14,0.8156030767830095,0.05250522741110303,0.7383714180854112,0.37038042229331697,5.859375,6,0.10011550380254255
B1,synthetic,4,direction_step,20260929,0.5,uncorrected,14,7.351302217368357,0.47324710472292847,17.536845455213374,6.317058568353835,2.6041666666666665,6,1.4443893779650845
B1,synthetic,4,direction_step,20260929,0.5,V7,14,6.336032733987459,0.4078881615973995,15.086402552444794,5.407763862721147,2.6041666666666665,6,1.2416189176112222
B1,synthetic,4,direction_step,20260929,0.5,shrink,14,5.689790644173364,0.3662857095539984,13.21196698556611,4.668721846931215,2.6041666666666665,6,1.0921056392553812
B1,synthetic,4,direction_step,20260929,0.5,gated,14,5.696684612145752,0.36672951532969855,13.460891634882573,4.795456353472631,5.208333333333333,6,1.108720481068743
B1,synthetic,4,direction_step,20260929,1.0,uncorrected,14,14.702604434736713,0.9464942094458569,35.07369091042674,11.935058349259544,4.557291666666667,6,2.8437761785079902
B1,synthetic,4,direction_step,20260929,1.0,V7,14,12.533817741574117,0.8068764937062043,29.878352019785627,10.291714155677399,5.208333333333333,6,2.4311391572962737
B1,synthetic,4,direction_step,20260929,1.0,shrink,14,11.12349862894507,0.7160858532112153,26.351474160176064,9.033449270630145,4.557291666666667,6,2.1458234463545316
B1,synthetic,4,direction_step,20260929,1.0,gated,14,11.106934703552712,0.7150195346865518,26.41814989352775,9.16785969161291,5.208333333333333,6,2.1555560841384667
B1,synthetic,4,direction_step,20260929,2.0,uncorrected,14,29.405208869473427,1.8929884188917139,70.1473818208535,20.462968385627786,24.4140625,4,5.468213928699449
B1,synthetic,4,direction_step,20260929,2.0,V7,14,25.008241909824307,1.6099294693766122,59.634721451566726,17.976858573538003,7.8125,4,4.686728006166136
B1,synthetic,4,direction_step,20260929,2.0,shrink,14,22.109721381731486,1.423334440721818,52.650157922299066,16.10590423166565,7.8125,4,4.1548695283563255
B1,synthetic,4,direction_step,20260929,2.0,gated,14,22.089419921825524,1.4220275148414692,52.6296244810574,16.31740097443306,3.90625,4,4.16651697743545
B2,semisynthetic,0,asymmetric_burst,20260927,0.0,uncorrected,14,0.0,0.0,0.0,0.0,0.0,6,0.0
B2,semisynthetic,0,asymmetric_burst,20260927,0.0,V7,14,24.797158130954053,0.10285037332995343,9.972062661299091,18.92948672470015,0.0,6,0.20204399654202282
B2,semisynthetic,0,asymmetric_burst,20260927,0.0,shrink,14,11.015893897713935,0.04569026797182598,0.9881439775001777,7.518324512316994,0.0,6,0.07892302662305518
B2,semisynthetic,0,asymmetric_burst,20260927,0.0,gated,14,4.971878112882614,0.020621698557572857,1.1428013920833922,3.654687130002273,0.0,6,0.03815010678638591
B2,semisynthetic,0,asymmetric_burst,20260927,0.5,uncorrected,14,45.048538207501075,0.186846369577589,26.2235958315739,12.200019850180745,57.942708333333336,6,0.29183138008328136
B2,semisynthetic,0,asymmetric_burst,20260927,0.5,V7,14,50.46335837673684,0.20930524462203481,28.70405247447655,10.129043431395909,57.942708333333336,6,0.31084458802738135
B2,semisynthetic,0,asymmetric_burst,20260927,0.5,shrink,14,44.47442566846716,0.1844651415085815,25.216184212202887,6.247282086812905,57.942708333333336,6,0.26267096915930827
B2,semisynthetic,0,asymmetric_burst,20260927,0.5,gated,14,45.11064290357569,0.18710395922326875,26.363665794784506,9.519290632665253,57.942708333333336,6,0.28126067741434535
B2,semisynthetic,0,asymmetric_burst,20260927,1.0,uncorrected,14,90.09707641500215,0.373692739155178,52.447191663147784,24.400039700361493,75.52083333333333,6,0.5836627601665627
B2,semisynthetic,0,asymmetric_burst,20260927,1.0,V7,14,89.55923745773893,0.371461961851836,52.12174917630846,12.296865216516077,97.00520833333333,6,0.5305571226024914
B2,semisynthetic,0,asymmetric_burst,20260927,1.0,shrink,14,86.5887604890284,0.3591414102956262,50.11978062428895,17.21478138133777,75.52083333333333,6,0.534482703161293
B2,semisynthetic,0,asymmetric_burst,20260927,1.0,gated,14,89.4177890513649,0.37087528085695476,52.17082593254147,21.58057732165445,75.52083333333333,6,0.5685779720429799
B2,semisynthetic,0,asymmetric_burst,20260927,2.0,uncorrected,14,180.1941528300043,0.747385478310356,104.89438332629558,47.65543125204295,123.69791666666667,6,1.1625779001098133
B2,semisynthetic,0,asymmetric_burst,20260927,2.0,V7,14,170.61335998409905,0.7076475327040709,99.4471505894495,30.646936278514463,124.34895833333333,6,1.040997712445372
B2,semisynthetic,0,asymmetric_burst,20260927,2.0,shrink,14,171.83112088598776,0.7126984003367425,99.94016297130956,39.36404463047981,123.69791666666667,6,1.0832266751344997
B2,semisynthetic,0,asymmetric_burst,20260927,2.0,gated,14,177.94914382608985,0.738073926842953,103.67659238386297,44.08236020588658,123.69791666666667,6,1.1359209409431212
B2,semisynthetic,0,asymmetric_burst,20260928,0.0,uncorrected,14,0.0,0.0,0.0,0.0,0.0,6,0.0
B2,semisynthetic,0,asymmetric_burst,20260928,0.0,V7,14,24.797158130954053,0.10285037332995343,9.972062661299091,18.92948672470015,0.0,6,0.20204399654202282
B2,semisynthetic,0,asymmetric_burst,20260928,0.0,shrink,14,11.015893897713935,0.04569026797182598,0.9881439775001777,7.518324512316994,0.0,6,0.07892302662305518
B2,semisynthetic,0,asymmetric_burst,20260928,0.0,gated,14,4.971878112882614,0.020621698557572857,1.1428013920833922,3.654687130002273,0.0,6,0.03815010678638591
B2,semisynthetic,0,asymmetric_burst,20260928,0.5,uncorrected,14,47.43505755847489,0.1967448589492568,48.94643922319662,20.2523577048084,65.10416666666667,6,0.3822516940509752
B2,semisynthetic,0,asymmetric_burst,20260928,0.5,V7,14,52.01427128258433,0.21573791608084766,53.94225145518295,20.300309330304824,65.10416666666667,6,0.4118041232595743
B2,semisynthetic,0,asymmetric_burst,20260928,0.5,shrink,14,46.204947465430905,0.19164277097456317,47.07369809189296,17.99546389566518,65.10416666666667,6,0.36390500637842593
B2,semisynthetic,0,asymmetric_burst,20260928,0.5,gated,14,47.291300554756376,0.19614860265959805,49.28353189249808,19.652409407170943,65.10416666666667,6,0.37986612574765166
B2,semisynthetic,0,asymmetric_burst,20260928,1.0,uncorrected,14,94.87011511694978,0.3934897178985136,97.89287844639324,40.50471540961679,65.10416666666667,6,0.7645033881019503
B2,semisynthetic,0,asymmetric_burst,20260928,1.0,V7,14,92.82476289959236,0.3850062764478636,98.30201949051728,37.40757006533976,65.10416666666667,6,0.7440225073165779
B2,semisynthetic,0,asymmetric_burst,20260928,1.0,shrink,14,90.60820757340439,0.37581274138223236,93.56936190800063,37.22061245201664,65.10416666666667,6,0.7242387885475291
B2,semisynthetic,0,asymmetric_burst,20260928,1.0,gated,14,93.82481986353308,0.3891541804757905,97.36724819241435,39.365859533424974,65.10416666666667,6,0.7543541850486076
B2,semisynthetic,0,asymmetric_burst,20260928,2.0,uncorrected,14,189.74023023389955,0.7869794357970272,195.78575689278648,79.84590648208781,65.75520833333333,6,1.5241808638222496
B2,semisynthetic,0,asymmetric_burst,20260928,2.0,V7,14,180.76850215023822,0.749767688469113,189.67400184821457,70.72698306753826,65.75520833333333,6,1.4364720871590135
B2,semisynthetic,0,asymmetric_burst,20260928,2.0,shrink,14,180.39943478520667,0.7482369196577462,186.56585377932828,74.63054916010441,65.75520833333333,6,1.444686230810501
B2,semisynthetic,0,asymmetric_burst,20260928,2.0,gated,14,187.5544321780902,0.7779134716701441,193.97290820212066,77.76835999061298,65.75520833333333,6,1.5027383800574863
B2,semisynthetic,0,asymmetric_burst,20260929,0.0,uncorrected,14,0.0,0.0,0.0,0.0,0.0,6,0.0
B2,semisynthetic,0,asymmetric_burst,20260929,0.0,V7,14,24.797158130954053,0.10285037332995343,9.972062661299091,18.92948672470015,0.0,6,0.20204399654202282
B2,semisynthetic,0,asymmetric_burst,20260929,0.0,shrink,14,11.015893897713935,0.04569026797182598,0.9881439775001777,7.518324512316994,0.0,6,0.07892302662305518
B2,semisynthetic,0,asymmetric_burst,20260929,0.0,gated,14,4.971878112882614,0.020621698557572857,1.1428013920833922,3.654687130002273,0.0,6,0.03815010678638591
B2,semisynthetic,0,asymmetric_burst,20260929,0.5,uncorrected,14,45.9429148200566,0.19055594661916492,40.727447276948666,24.016031376453885,63.151041666666664,6,0.3746284257102044
B2,semisynthetic,0,asymmetric_burst,20260929,0.5,V7,14,49.1044628741511,0.20366899755617152,38.69397354691134,26.512803193968015,98.30729166666667,6,0.39388016990398067
B2,semisynthetic,0,asymmetric_burst,20260929,0.5,shrink,14,43.67227823148377,0.18113810044509682,38.307193849513084,20.889367188321128,56.640625,6,0.3472230117288203
B2,semisynthetic,0,asymmetric_burst,20260929,0.5,gated,14,45.50944787339608,0.1887580697392906,40.306846693981505,23.12211625766065,63.151041666666664,6,0.368250630172559
B2,semisynthetic,0,asymmetric_burst,20260929,1.0,uncorrected,14,91.8858296401132,0.38111189323832984,81.45489455389735,47.76684380583518,134.11458333333334,6,0.7481568113441818
B2,semisynthetic,0,asymmetric_burst,20260929,1.0,V7,14,89.31458586942423,0.370447228346446,75.82591963358925,42.60682820915128,134.11458333333334,6,0.7044165572180293
B2,semisynthetic,0,asymmetric_burst,20260929,1.0,shrink,14,86.62039119338324,0.35927260394831834,76.9928849218582,43.474895350829776,133.46354166666666,6,0.699262479069172
B2,semisynthetic,0,asymmetric_burst,20260929,1.0,gated,14,90.80287960171611,0.3766201762779177,80.42535092659813,46.56458451430475,134.11458333333334,6,0.736543419825165
B2,semisynthetic,0,asymmetric_burst,20260929,2.0,uncorrected,14,183.7716592802264,0.7622237864766597,162.9097891077947,85.2392422371541,139.97395833333334,6,1.4536156834970118
B2,semisynthetic,0,asymmetric_burst,20260929,2.0,V7,14,174.44556192873236,0.7235422331612699,151.37987911782523,76.46608017693904,134.765625,6,1.3546348507744645
B2,semisynthetic,0,asymmetric_burst,20260929,2.0,shrink,14,173.56399307068412,0.7198857784301472,154.37236298026417,79.32797540826007,139.97395833333334,6,1.3690545010479274
B2,semisynthetic,0,asymmetric_burst,20260929,2.0,gated,14,181.59781000824427,0.753207381935233,160.79031775716325,83.63999585985697,139.97395833333334,6,1.4335707048204103
B2,semisynthetic,0,direction_step,20260927,0.0,uncorrected,14,0.0,0.0,0.0,0.0,0.0,6,0.0
B2,semisynthetic,0,direction_step,20260927,0.0,V7,14,24.797158130954053,0.10285037332995343,9.972062661299091,18.92948672470015,0.0,6,0.20204399654202282
B2,semisynthetic,0,direction_step,20260927,0.0,shrink,14,11.015893897713935,0.04569026797182598,0.9881439775001777,7.518324512316994,0.0,6,0.07892302662305518
B2,semisynthetic,0,direction_step,20260927,0.0,gated,14,4.971878112882614,0.020621698557572857,1.1428013920833922,3.654687130002273,0.0,6,0.03815010678638591
B2,semisynthetic,0,direction_step,20260927,0.5,uncorrected,14,62.426898047205555,0.2589260324138201,158.81408664012108,69.72583476727344,10.416666666666666,6,0.8774796628762558
B2,semisynthetic,0,direction_step,20260927,0.5,V7,14,63.64751238552603,0.26398873515278615,151.1103370406101,66.80822942978489,44.270833333333336,6,0.8544648110951277
B2,semisynthetic,0,direction_step,20260927,0.5,shrink,14,60.18674546935721,0.24963462378824247,151.0237828745373,66.31101033154492,11.067708333333334,6,0.8378689011448704
B2,semisynthetic,0,direction_step,20260927,0.5,gated,14,61.915483398490174,0.25680485436313355,157.09984287508536,69.01891333414152,43.619791666666664,6,0.8688713527893381
B2,semisynthetic,0,direction_step,20260927,1.0,uncorrected,14,124.8537960944111,0.5178520648276402,317.62817328024215,133.34409159186157,54.6875,6,1.729627121625344
B2,semisynthetic,0,direction_step,20260927,1.0,V7,14,119.54282656420762,0.4958239277306083,299.527232532965,124.01317551631426,85.9375,6,1.6313591005610852
B2,semisynthetic,0,direction_step,20260927,1.0,shrink,14,118.98670518025459,0.4935173209955026,301.8955854879825,126.6143532594761,54.6875,6,1.644752885488849
B2,semisynthetic,0,direction_step,20260927,1.0,gated,14,123.46167305841222,0.5120780009926807,313.8609846234414,131.37500971867007,54.036458333333336,6,1.70787343691768
B2,semisynthetic,0,direction_step,20260927,2.0,uncorrected,14,249.70759218882222,1.0357041296552805,635.2563465604843,214.2142507037072,93.75,4,3.2416098052405347
B2,semisynthetic,0,direction_step,20260927,2.0,V7,14,235.40801284121972,0.9763942254075705,597.3303046418563,199.80597246681236,82.03125,4,3.0438868391931657
B2,semisynthetic,0,direction_step,20260927,2.0,shrink,14,237.34260294238894,0.9844182623998301,603.6415596680437,203.5711113760265,94.7265625,4,3.080615915952673
B2,semisynthetic,0,direction_step,20260927,2.0,gated,14,246.71779491767958,1.0233034439035513,627.5465375250175,211.2590576696617,93.75,4,3.200963097427933
B2,semisynthetic,0,direction_step,20260928,0.0,uncorrected,14,0.0,0.0,0.0,0.0,0.0,6,0.0
B2,semisynthetic,0,direction_step,20260928,0.0,V7,14,24.797158130954053,0.10285037332995343,9.972062661299091,18.92948672470015,0.0,6,0.20204399654202282
B2,semisynthetic,0,direction_step,20260928,0.0,shrink,14,11.015893897713935,0.04569026797182598,0.9881439775001777,7.518324512316994,0.0,6,0.07892302662305518
B2,semisynthetic,0,direction_step,20260928,0.0,gated,14,4.971878112882614,0.020621698557572857,1.1428013920833922,3.654687130002273,0.0,6,0.03815010678638591
B2,semisynthetic,0,direction_step,20260928,0.5,uncorrected,14,64.48942767313208,0.2674807200481999,161.9076268107034,70.88534007222336,33.854166666666664,6,0.8972590816975736
B2,semisynthetic,0,direction_step,20260928,0.5,V7,14,66.84101934859734,0.27723434102621425,155.38101240737538,68.15407048594673,33.203125,6,0.8821491897948462
B2,semisynthetic,0,direction_step,20260928,0.5,shrink,14,62.71956174518891,0.2601399041985929,153.986940075395,67.41254037124732,33.854166666666664,6,0.8590880579835722
B2,semisynthetic,0,direction_step,20260928,0.5,gated,14,64.28677413342494,0.2666401804950203,160.3772639514328,70.2156857893338,33.854166666666664,6,0.8904673203180464
B2,semisynthetic,0,direction_step,20260928,1.0,uncorrected,14,128.97885534626417,0.5349614400963998,323.8152536214068,131.05249721531894,87.890625,6,1.7500627016096513
B2,semisynthetic,0,direction_step,20260928,1.0,V7,14,125.14947449615785,0.5190784406020196,307.96032389726605,122.40918573190315,87.890625,6,1.6654496273018622
B2,semisynthetic,0,direction_step,20260928,1.0,shrink,14,123.50273952813403,0.5122483310651804,307.7976489711981,124.62966529290993,87.890625,6,1.6674919684797556
B2,semisynthetic,0,direction_step,20260928,1.0,gated,14,127.91521224958478,0.5305498019157027,320.44752184438624,129.26810607730502,87.890625,6,1.7312658855751677
B2,semisynthetic,0,direction_step,20260928,2.0,uncorrected,14,257.95771069252834,1.0699228801927996,647.6305072428136,207.68554302507553,17.578125,4,3.274411599084361
B2,semisynthetic,0,direction_step,20260928,2.0,V7,14,244.2524963908932,1.0130782046841729,613.5403461211242,194.9165165611637,17.578125,4,3.09390791306325
B2,semisynthetic,0,direction_step,20260928,2.0,shrink,14,245.78784017268484,1.019446300589081,615.4213709715285,197.36883908132646,17.578125,4,3.114348361087496
B2,semisynthetic,0,direction_step,20260928,2.0,gated,14,255.1055709685919,1.058093152211597,640.6346880434096,205.0582003456266,17.578125,4,3.237176359700446
B2,semisynthetic,0,direction_step,20260929,0.0,uncorrected,14,0.0,0.0,0.0,0.0,0.0,6,0.0
B2,semisynthetic,0,direction_step,20260929,0.0,V7,14,24.797158130954053,0.10285037332995343,9.972062661299091,18.92948672470015,0.0,6,0.20204399654202282
B2,semisynthetic,0,direction_step,20260929,0.0,shrink,14,11.015893897713935,0.04569026797182598,0.9881439775001777,7.518324512316994,0.0,6,0.07892302662305518
B2,semisynthetic,0,direction_step,20260929,0.0,gated,14,4.971878112882614,0.020621698557572857,1.1428013920833922,3.654687130002273,0.0,6,0.03815010678638591
B2,semisynthetic,0,direction_step,20260929,0.5,uncorrected,14,58.81711651361577,0.24395385792476723,137.22297768386554,61.395224304468094,35.15625,6,0.7831785106810968
B2,semisynthetic,0,direction_step,20260929,0.5,V7,14,60.63944004211213,0.25151225047297804,131.1328905757936,59.17274667745894,35.15625,6,0.7688889754493237
B2,semisynthetic,0,direction_step,20260929,0.5,shrink,14,56.84042877012941,0.23575521389867882,130.47678152986444,58.396930391879835,35.15625,6,0.7485534495107519
B2,semisynthetic,0,direction_step,20260929,0.5,gated,14,58.36622851633503,0.24208372431488265,135.8382747817377,60.82732841343204,35.15625,6,0.7760812898002211
B2,semisynthetic,0,direction_step,20260929,1.0,uncorrected,14,117.63423302723153,0.4879077158495344,274.4459553677311,115.027750342016,55.989583333333336,6,1.534159928026571
B2,semisynthetic,0,direction_step,20260929,1.0,V7,14,113.21481329899802,0.4695774311229479,258.42166119367675,107.98409855000459,55.338541666666664,6,1.4533831916819322
B2,semisynthetic,0,direction_step,20260929,1.0,shrink,14,112.18124524228975,0.4652905342159324,260.83676394299516,109.15829837328836,55.338541666666664,6,1.4589750074319818
B2,semisynthetic,0,direction_step,20260929,1.0,gated,14,116.38254844905538,0.48271614407841024,271.1025602469303,113.44324778390829,55.338541666666664,6,1.515462720002414
B2,semisynthetic,0,direction_step,20260929,2.0,uncorrected,14,235.26846605446306,0.9758154316990688,548.891910735462,197.80731790657924,69.53125,5,2.9345651080147626
B2,semisynthetic,0,direction_step,20260929,2.0,V7,14,221.6766928587997,0.9194412722083882,515.7621456248064,183.93980721345443,44.921875,4,2.7519674921748574
B2,semisynthetic,0,direction_step,20260929,2.0,shrink,14,223.66306292632308,0.9276800752977309,521.5594977410992,187.97280022888341,69.53125,5,2.7889565556066134
B2,semisynthetic,0,direction_step,20260929,2.0,gated,14,232.42157703741722,0.9640074819055557,542.1552560899331,194.95848262750144,69.53125,5,2.8969704333362603
B2,semisynthetic,1,asymmetric_burst,20260927,0.0,uncorrected,14,0.0,0.0,0.0,0.0,0.0,6,0.0
B2,semisynthetic,1,asymmetric_burst,20260927,0.0,V7,14,23.725547924499953,0.12342981479321295,14.641555018473221,8.947426806576647,28.90625,5,0.2080635375678704
B2,semisynthetic,1,asymmetric_burst,20260927,0.0,shrink,14,44.53034834718058,0.23166472979509065,25.155048549378584,17.034479613951586,24.739583333333332,6,0.3857182491178854
B2,semisynthetic,1,asymmetric_burst,20260927,0.0,gated,14,0.5389770740517688,0.0028039748814104475,0.29861757756047264,0.13450184393245004,0.0,6,0.004280471607367928
B2,semisynthetic,1,asymmetric_burst,20260927,0.5,uncorrected,14,42.74965969390635,0.22240087332368544,25.664000938991833,10.723021376869758,81.38020833333333,6,0.3449435430735676
B2,semisynthetic,1,asymmetric_burst,20260927,0.5,V7,14,44.82297305520148,0.23318708087544823,20.066254780226327,6.646809007347023,80.72916666666667,6,0.3199627990528599
B2,semisynthetic,1,asymmetric_burst,20260927,0.5,shrink,14,53.29022451423101,0.27723711852774424,21.143638300894892,10.44358815292069,81.38020833333333,6,0.38656769498115756
B2,semisynthetic,1,asymmetric_burst,20260927,0.5,gated,14,42.59226391988011,0.22158203738787838,25.21635444289039,10.384474235681969,81.38020833333333,6,0.3411990308494917
B2,semisynthetic,1,asymmetric_burst,20260927,1.0,uncorrected,14,85.4993193878127,0.4448017466473709,51.32800187798367,22.431040513273825,81.38020833333333,6,0.6950114394989709
B2,semisynthetic,1,asymmetric_burst,20260927,1.0,V7,14,79.89412925679557,0.41564129977576203,38.79604065199297,14.466455604151376,117.83854166666667,6,0.5918178839974925
B2,semisynthetic,1,asymmetric_burst,20260927,1.0,shrink,14,75.84668228123726,0.3945848574896545,31.659145217420043,13.347690733469236,117.83854166666667,6,0.5463766821488059
B2,semisynthetic,1,asymmetric_burst,20260927,1.0,gated,14,85.08872775262012,0.44266568430441733,50.498694350023264,21.799560612088538,81.38020833333333,6,0.6874329703061852
B2,semisynthetic,1,asymmetric_burst,20260927,2.0,uncorrected,14,170.9986387756254,0.8896034932947418,102.65600375596733,46.382067549757984,149.73958333333334,6,1.3979304584412091
B2,semisynthetic,1,asymmetric_burst,20260927,2.0,V7,14,155.91885285671242,0.8111523996038482,81.63850050453293,31.247802342303586,149.73958333333334,6,1.1860741077450943
B2,semisynthetic,1,asymmetric_burst,20260927,2.0,shrink,14,133.21556523159094,0.6930407928378751,65.8461140323282,27.671850015491987,117.83854166666667,6,1.0082797991668262
B2,semisynthetic,1,asymmetric_burst,20260927,2.0,gated,14,167.99159713211904,0.8739596567724165,98.63092389352485,43.530945489449664,149.73958333333334,6,1.3569839017987149
B2,semisynthetic,1,asymmetric_burst,20260928,0.0,uncorrected,14,0.0,0.0,0.0,0.0,0.0,6,0.0
B2,semisynthetic,1,asymmetric_burst,20260928,0.0,V7,14,23.725547924499953,0.12342981479321295,14.641555018473221,8.947426806576647,28.90625,5,0.2080635375678704
B2,semisynthetic,1,asymmetric_burst,20260928,0.0,shrink,14,44.53034834718058,0.23166472979509065,25.155048549378584,17.034479613951586,24.739583333333332,6,0.3857182491178854
B2,semisynthetic,1,asymmetric_burst,20260928,0.0,gated,14,0.5389770740517688,0.0028039748814104475,0.29861757756047264,0.13450184393245004,0.0,6,0.004280471607367928
B2,semisynthetic,1,asymmetric_burst,20260928,0.5,uncorrected,14,41.40490335618123,0.21540491157664354,37.32524797160245,20.389593082445,94.40104166666667,6,0.41857020560217967
B2,semisynthetic,1,asymmetric_burst,20260928,0.5,V7,14,44.671442708025566,0.23239875924228753,41.04197690335944,20.00168991597295,95.05208333333333,6,0.4432139826361103
B2,semisynthetic,1,asymmetric_burst,20260928,0.5,shrink,14,54.45938582595951,0.2833195645319109,40.85454110702882,23.631227638032755,94.40104166666667,6,0.5125295405946404
B2,semisynthetic,1,asymmetric_burst,20260928,0.5,gated,14,41.39531179280628,0.21535501241752972,37.431350700508155,20.356458662950406,94.40104166666667,6,0.4186239223778913
B2,semisynthetic,1,asymmetric_burst,20260928,1.0,uncorrected,14,82.80980671236246,0.4308098231532871,74.6504959432049,40.01920926069496,107.421875,6,0.8331867065805328
B2,semisynthetic,1,asymmetric_burst,20260928,1.0,V7,14,78.71310865390873,0.40949715698314143,71.41036771361644,36.92176877317736,102.86458333333333,6,0.7873316896414008
B2,semisynthetic,1,asymmetric_burst,20260928,1.0,shrink,14,76.66393715324524,0.39883654507182537,65.36613415041106,34.447529886540146,107.421875,6,0.7480768313789635
B2,semisynthetic,1,asymmetric_burst,20260928,1.0,gated,14,82.74483349296688,0.4304718064102371,74.79304575801822,39.88721901593147,107.421875,6,0.8325328243043071
B2,semisynthetic,1,asymmetric_burst,20260928,2.0,uncorrected,14,165.61961342472495,0.8616196463065743,149.3009918864098,67.51725721795343,109.375,6,1.6012333107871526
B2,semisynthetic,1,asymmetric_burst,20260928,2.0,V7,14,151.97012644270578,0.7906095412681463,137.01327564414328,61.603052405137085,104.16666666666667,6,1.4674923268059712
B2,semisynthetic,1,asymmetric_burst,20260928,2.0,shrink,14,132.2362041744182,0.6879457638721714,119.08807720613655,55.79608150924032,108.07291666666667,6,1.287991322735244
B2,semisynthetic,1,asymmetric_burst,20260928,2.0,gated,14,165.16704185084023,0.8592651874876241,148.93035284354787,66.83199492497097,109.375,6,1.594349736246309
B2,semisynthetic,1,asymmetric_burst,20260929,0.0,uncorrected,14,0.0,0.0,0.0,0.0,0.0,6,0.0
B2,semisynthetic,1,asymmetric_burst,20260929,0.0,V7,14,23.725547924499953,0.12342981479321295,14.641555018473221,8.947426806576647,28.90625,5,0.2080635375678704
B2,semisynthetic,1,asymmetric_burst,20260929,0.0,shrink,14,44.53034834718058,0.23166472979509065,25.155048549378584,17.034479613951586,24.739583333333332,6,0.3857182491178854
B2,semisynthetic,1,asymmetric_burst,20260929,0.0,gated,14,0.5389770740517688,0.0028039748814104475,0.29861757756047264,0.13450184393245004,0.0,6,0.004280471607367928
B2,semisynthetic,1,asymmetric_burst,20260929,0.5,uncorrected,14,36.4069657068637,0.18940363563703674,31.84366678704499,7.425612170141048,78.90625,5,0.3108664103214427
B2,semisynthetic,1,asymmetric_burst,20260929,0.5,V7,14,40.4885681738957,0.21063776848692745,29.6281717294233,10.757456515421708,78.90625,5,0.3436711867245456
B2,semisynthetic,1,asymmetric_burst,20260929,0.5,shrink,14,52.06045248822309,0.27083935128160674,30.410368022620133,15.576006319145003,78.125,5,0.43097544734535165
B2,semisynthetic,1,asymmetric_burst,20260929,0.5,gated,14,36.32651646726831,0.1889851064306676,31.64212144555643,7.3763283871310295,78.90625,5,0.3096672272665572
B2,semisynthetic,1,asymmetric_burst,20260929,1.0,uncorrected,14,72.8139314137274,0.3788072712740735,63.68733357408999,15.04001251091996,124.21875,5,0.6227149724149386
B2,semisynthetic,1,asymmetric_burst,20260929,1.0,V7,14,69.35432846474238,0.3608090293531643,55.72621282128598,15.648755540685064,121.09375,6,0.5871751844805791
B2,semisynthetic,1,asymmetric_burst,20260929,1.0,shrink,14,70.20527080365237,0.3652359726476078,48.55487619972578,17.715466729095404,124.21875,5,0.5836999036877413
B2,semisynthetic,1,asymmetric_burst,20260929,1.0,gated,14,72.61636086701989,0.3777794300597713,63.32120826311938,14.957886520465946,124.21875,5,0.6203075135177187
B2,semisynthetic,1,asymmetric_burst,20260929,2.0,uncorrected,14,145.6278628274548,0.757614542548147,127.37466714817998,31.202773248969425,170.3125,5,1.2512709313552464
B2,semisynthetic,1,asymmetric_burst,20260929,2.0,V7,14,132.03889452481496,0.6869192799492315,110.31341928189872,26.743317720138396,159.50520833333334,6,1.1129960660747598
B2,semisynthetic,1,asymmetric_burst,20260929,2.0,shrink,14,117.6401732284531,0.6120113575474143,92.98097414535614,26.4875046113258,158.85416666666666,6,0.9916721361394046
B2,semisynthetic,1,asymmetric_burst,20260929,2.0,gated,14,145.11104096214837,0.7549258279473775,126.66114664563072,31.000666731921015,170.3125,5,1.2456747677072428
B2,semisynthetic,1,direction_step,20260927,0.0,uncorrected,14,0.0,0.0,0.0,0.0,0.0,6,0.0
B2,semisynthetic,1,direction_step,20260927,0.0,V7,14,23.725547924499953,0.12342981479321295,14.641555018473221,8.947426806576647,28.90625,5,0.2080635375678704
B2,semisynthetic,1,direction_step,20260927,0.0,shrink,14,44.53034834718058,0.23166472979509065,25.155048549378584,17.034479613951586,24.739583333333332,6,0.3857182491178854
B2,semisynthetic,1,direction_step,20260927,0.0,gated,14,0.5389770740517688,0.0028039748814104475,0.29861757756047264,0.13450184393245004,0.0,6,0.004280471607367928
B2,semisynthetic,1,direction_step,20260927,0.5,uncorrected,14,58.119484380990855,0.30236086499881876,144.00982512361966,52.112837379830104,75.52083333333333,6,0.9480711742653567
B2,semisynthetic,1,direction_step,20260927,0.5,V7,14,56.043844906711065,0.291562556074485,127.34299213752128,45.83269907346431,75.52083333333333,6,0.8612472929031516
B2,semisynthetic,1,direction_step,20260927,0.5,shrink,14,62.69142661688251,0.3261459419638334,114.28199818392362,42.167673285593544,75.52083333333333,6,0.8427894807317527
B2,semisynthetic,1,direction_step,20260927,0.5,gated,14,58.11965848762047,0.30236177077132675,144.00155635029995,52.10449796589115,75.52083333333333,6,0.948007186324869
B2,semisynthetic,1,direction_step,20260927,1.0,uncorrected,14,116.23896876198171,0.6047217299976375,288.0196502472393,90.96502094866275,140.625,5,1.8271551095789782
B2,semisynthetic,1,direction_step,20260927,1.0,V7,14,102.81572867712408,0.5348886520484492,248.43323434888134,78.53503673081734,140.625,5,1.5896840637363356
B2,semisynthetic,1,direction_step,20260927,1.0,shrink,14,98.37472638538799,0.5117847771828585,220.95057637162097,69.6310359702121,121.875,5,1.4487701022175714
B2,semisynthetic,1,direction_step,20260927,1.0,gated,14,116.21471909010576,0.604595573479863,287.90366069560594,90.83773954074928,140.625,5,1.826065072053432
B2,semisynthetic,1,direction_step,20260927,2.0,uncorrected,14,232.47793752396342,1.209443459995275,576.0393004944787,157.09399719812862,155.2734375,4,3.525103154808042
B2,semisynthetic,1,direction_step,20260927,2.0,V7,14,199.85291078300853,1.0397149875033356,491.71494188805684,134.47084734278613,155.2734375,4,3.0183354196274577
B2,semisynthetic,1,direction_step,20260927,2.0,shrink,14,180.47896484101338,0.9389239513155134,436.26857751274184,119.35670178410936,154.296875,4,2.694687425750317
B2,semisynthetic,1,direction_step,20260927,2.0,gated,14,228.0266641631256,1.1862861509092824,563.9070156910997,152.56343604236397,155.2734375,4,3.44681754429452
B2,semisynthetic,1,direction_step,20260928,0.0,uncorrected,14,0.0,0.0,0.0,0.0,0.0,6,0.0
B2,semisynthetic,1,direction_step,20260928,0.0,V7,14,23.725547924499953,0.12342981479321295,14.641555018473221,8.947426806576647,28.90625,5,0.2080635375678704
B2,semisynthetic,1,direction_step,20260928,0.0,shrink,14,44.53034834718058,0.23166472979509065,25.155048549378584,17.034479613951586,24.739583333333332,6,0.3857182491178854
B2,semisynthetic,1,direction_step,20260928,0.0,gated,14,0.5389770740517688,0.0028039748814104475,0.29861757756047264,0.13450184393245004,0.0,6,0.004280471607367928
B2,semisynthetic,1,direction_step,20260928,0.5,uncorrected,14,53.00745576274065,0.27576604208572364,132.24837060257346,52.41624453541916,54.036458333333336,6,0.8924608955328581
B2,semisynthetic,1,direction_step,20260928,0.5,V7,14,52.79251329432042,0.27464782516813213,119.6816169741724,46.61768519893308,53.385416666666664,6,0.8284876016253384
B2,semisynthetic,1,direction_step,20260928,0.5,shrink,14,60.89913996324916,0.31682174804349533,107.65391242880224,41.71092381561687,78.77604166666667,6,0.8138481128451358
B2,semisynthetic,1,direction_step,20260928,0.5,gated,14,53.00320308453964,0.27574391794830033,132.2485382347576,52.40037404804824,54.036458333333336,6,0.8923566428006241
B2,semisynthetic,1,direction_step,20260928,1.0,uncorrected,14,106.0149115254813,0.5515320841714473,264.4967412051469,90.55742233225236,121.09375,4,1.7106571692617687
B2,semisynthetic,1,direction_step,20260928,1.0,V7,14,95.31080509355624,0.4958450299198985,230.3694138524434,78.63004017411772,120.1171875,4,1.504147068503587
B2,semisynthetic,1,direction_step,20260928,1.0,shrink,14,92.71177236386619,0.4823238193881968,205.47941191966146,69.40273433837353,120.1171875,4,1.3778778268940903
B2,semisynthetic,1,direction_step,20260928,1.0,gated,14,105.93536939775649,0.5511182741248016,264.2860162957959,90.35887645470012,121.09375,4,1.7086623061966486
B2,semisynthetic,1,direction_step,20260928,2.0,uncorrected,14,212.0298230509626,1.1030641683428946,528.9934824102938,155.45447393113284,156.25,4,3.2878187995701613
B2,semisynthetic,1,direction_step,20260928,2.0,V7,14,183.55844622724337,0.9549446484294886,454.1863417053528,133.3564775773157,120.1171875,4,2.830148268154968
B2,semisynthetic,1,direction_step,20260928,2.0,shrink,14,166.88933517379868,0.8682252480328573,403.13042907952075,118.31839643814403,156.25,4,2.532388073019294
B2,semisynthetic,1,direction_step,20260928,2.0,gated,14,208.1446433484288,1.082851905483966,520.051449360769,151.938305193051,156.25,4,3.22605399592907
B2,semisynthetic,1,direction_step,20260929,0.0,uncorrected,14,0.0,0.0,0.0,0.0,0.0,6,0.0
B2,semisynthetic,1,direction_step,20260929,0.0,V7,14,23.725547924499953,0.12342981479321295,14.641555018473221,8.947426806576647,28.90625,5,0.2080635375678704
B2,semisynthetic,1,direction_step,20260929,0.0,shrink,14,44.53034834718058,0.23166472979509065,25.155048549378584,17.034479613951586,24.739583333333332,6,0.3857182491178854
B2,semisynthetic,1,direction_step,20260929,0.0,gated,14,0.5389770740517688,0.0028039748814104475,0.29861757756047264,0.13450184393245004,0.0,6,0.004280471607367928
B2,semisynthetic,1,direction_step,20260929,0.5,uncorrected,14,51.05545939911095,0.26561097420672053,122.6419999654172,47.294694748745314,67.70833333333333,6,0.8306733755894726
B2,semisynthetic,1,direction_step,20260929,0.5,V7,14,50.022533500554815,0.2602372794554081,109.67058632696339,41.88956486403536,89.84375,6,0.7634387798054941
B2,semisynthetic,1,direction_step,20260929,0.5,shrink,14,58.71531572928928,0.30546061861473084,100.18604424112536,39.150830301216416,90.49479166666667,6,0.7697429277485962
B2,semisynthetic,1,direction_step,20260929,0.5,gated,14,51.05404032080676,0.2656035915922991,122.6699629553296,47.294933200124035,67.70833333333333,6,0.8307399708384108
B2,semisynthetic,1,direction_step,20260929,1.0,uncorrected,14,102.1109187982219,0.5312219484134411,245.28399993083443,87.66290290071167,62.5,5,1.6253123902221955
B2,semisynthetic,1,direction_step,20260929,1.0,V7,14,90.76532657996653,0.4721976278508594,212.5586032184011,75.94752139313618,62.5,5,1.4202146382528678
B2,semisynthetic,1,direction_step,20260929,1.0,shrink,14,88.56927856045826,0.46077290538765325,190.6905952814793,67.40925140677892,62.5,5,1.3074873378473417
B2,semisynthetic,1,direction_step,20260929,1.0,gated,14,101.67528096644293,0.5289555857117447,244.45997207723562,87.12736369198916,62.5,5,1.6181164761189306
B2,semisynthetic,1,direction_step,20260929,2.0,uncorrected,14,204.2218375964438,1.0624438968268821,490.5679998616688,150.95179667980105,113.28125,4,3.1238214104559052
B2,semisynthetic,1,direction_step,20260929,2.0,V7,14,175.84439470846425,0.9148130589168608,420.2930108400231,129.3513329122618,105.46875,4,2.681016960356656
B2,semisynthetic,1,direction_step,20260929,2.0,shrink,14,159.4868395528705,0.829714497241925,373.86869418275256,114.87929674122596,113.28125,4,2.399870106666401
B2,semisynthetic,1,direction_step,20260929,2.0,gated,14,200.28986065187837,1.0419881759481355,482.0622222420786,146.90298704794495,113.28125,4,3.060176925111829
B2,semisynthetic,2,asymmetric_burst,20260927,0.0,uncorrected,11,0.0,0.0,0.0,0.0,0.0,3,0.0
B2,semisynthetic,2,asymmetric_burst,20260927,0.0,V7,11,18.266328379807067,0.08682828753085445,10.940706881674814,1.2323247995141802,0.0,3,0.11868921006432948
B2,semisynthetic,2,asymmetric_burst,20260927,0.0,shrink,11,30.491650176965074,0.1449408832364217,13.712134718664466,2.337826353748849,0.0,2,0.18864370244830056
B2,semisynthetic,2,asymmetric_burst,20260927,0.0,gated,11,2.9675588051883204,0.014106176339545907,2.5285451661162677,0.0,0.0,3,0.020115847307713795
B2,semisynthetic,2,asymmetric_burst,20260927,0.5,uncorrected,11,35.570136647930696,0.16908127282944047,33.99083041337037,6.928273824143562,52.083333333333336,3,0.2828016060445103
B2,semisynthetic,2,asymmetric_burst,20260927,0.5,V7,11,36.81185639161562,0.17498373974537534,30.90556897524477,6.790068822154957,52.083333333333336,3,0.2807142851801642
B2,semisynthetic,2,asymmetric_burst,20260927,0.5,shrink,11,40.185483828840134,0.19102014766767744,24.294093699432864,5.368323615794641,53.385416666666664,3,0.2742787857128616
B2,semisynthetic,2,asymmetric_burst,20260927,0.5,gated,11,35.16651909943986,0.16716269237779355,32.78707104498855,6.928273824143562,52.083333333333336,3,0.27802201372494584
B2,semisynthetic,2,asymmetric_burst,20260927,1.0,uncorrected,11,71.14027329586139,0.33816254565888093,67.98166082674074,14.667661632692331,131.51041666666666,3,0.5694588111340968
B2,semisynthetic,2,asymmetric_burst,20260927,1.0,V7,11,68.82848382503248,0.3271735435611285,62.23044061580402,14.394150798306212,123.69791666666667,3,0.5435005840914238
B2,semisynthetic,2,asymmetric_burst,20260927,1.0,shrink,11,64.25161101612035,0.3054175551664553,51.59362806322232,11.959087113730787,123.69791666666667,3,0.48488877524253354
B2,semisynthetic,2,asymmetric_burst,20260927,1.0,gated,11,70.48268964918958,0.3350367471534776,66.32431483900658,14.722500140231475,131.51041666666666,3,0.5626546202400813
B2,semisynthetic,2,asymmetric_burst,20260927,2.0,uncorrected,11,142.28054659172278,0.6763250913177619,135.96332165348147,28.337965373979273,131.51041666666666,3,1.134176719993501
B2,semisynthetic,2,asymmetric_burst,20260927,2.0,V7,11,131.8316665859673,0.6266567431609378,119.42890185052836,27.1568638137168,132.8125,3,1.0395961876679167
B2,semisynthetic,2,asymmetric_burst,20260927,2.0,shrink,11,120.99526608954788,0.5751463312960802,108.69157624476036,23.833082912729722,131.51041666666666,3,0.9467665798720454
B2,semisynthetic,2,asymmetric_burst,20260927,2.0,gated,11,140.71393504266763,0.6688782637341248,132.47329967138512,28.282267432105908,132.8125,3,1.1181702919397478
B2,semisynthetic,2,asymmetric_burst,20260928,0.0,uncorrected,11,0.0,0.0,0.0,0.0,0.0,3,0.0
B2,semisynthetic,2,asymmetric_burst,20260928,0.0,V7,11,18.266328379807067,0.08682828753085445,10.940706881674814,1.2323247995141802,0.0,3,0.11868921006432948
B2,semisynthetic,2,asymmetric_burst,20260928,0.0,shrink,11,30.491650176965074,0.1449408832364217,13.712134718664466,2.337826353748849,0.0,2,0.18864370244830056
B2,semisynthetic,2,asymmetric_burst,20260928,0.0,gated,11,2.9675588051883204,0.014106176339545907,2.5285451661162677,0.0,0.0,3,0.020115847307713795
B2,semisynthetic,2,asymmetric_burst,20260928,0.5,uncorrected,11,27.340058224677602,0.12995991242919297,25.95585839818634,0.8482324320910465,0.0,2,0.1956820385510278
B2,semisynthetic,2,asymmetric_burst,20260928,0.5,V7,11,32.57700602520416,0.15485354184137806,30.420968496202526,1.374380557022791,0.0,2,0.23368905711392618
B2,semisynthetic,2,asymmetric_burst,20260928,0.5,shrink,11,40.072239793034605,0.19048184651061806,26.676699601529567,2.185829869551203,0.0,2,0.26427543589911007
B2,semisynthetic,2,asymmetric_burst,20260928,0.5,gated,11,27.57055897718293,0.13105558886719768,26.638147651999432,0.8749755612294156,0.0,2,0.19852645525017118
B2,semisynthetic,2,asymmetric_burst,20260928,1.0,uncorrected,11,54.680116449355204,0.25991982485838594,51.91171679637268,2.520123339716503,195.3125,3,0.3952793059019488
B2,semisynthetic,2,asymmetric_burst,20260928,1.0,V7,11,56.37587708517811,0.26798055764546896,53.97365795884671,3.053703588271281,194.01041666666666,3,0.41077707072312
B2,semisynthetic,2,asymmetric_burst,20260928,1.0,shrink,11,57.98219481905267,0.275616127047416,46.997616751410646,2.8061360170483423,196.61458333333334,3,0.40065566579468104
B2,semisynthetic,2,asymmetric_burst,20260928,1.0,gated,11,54.828869178268604,0.2606269152187766,52.50222035958012,2.5937049358400395,195.3125,3,0.3977396314996782
B2,semisynthetic,2,asymmetric_burst,20260928,2.0,uncorrected,11,109.36023289871041,0.5198396497167719,103.82343359274536,8.323411405511367,216.14583333333334,3,0.8061650087173698
B2,semisynthetic,2,asymmetric_burst,20260928,2.0,V7,11,106.15961765683527,0.504625648593022,101.65396369827764,9.284825388377074,214.84375,3,0.7903648061452446
B2,semisynthetic,2,asymmetric_burst,20260928,2.0,shrink,11,100.57115128856277,0.4780610892250162,90.13075715016085,7.475135547589798,216.14583333333334,3,0.7278103969351141
B2,semisynthetic,2,asymmetric_burst,20260928,2.0,gated,11,109.47850046536837,0.520401830034011,104.41612280284525,8.57874766052898,216.14583333333334,3,0.8093495827279233
B2,semisynthetic,2,asymmetric_burst,20260929,0.0,uncorrected,11,0.0,0.0,0.0,0.0,0.0,3,0.0
B2,semisynthetic,2,asymmetric_burst,20260929,0.0,V7,11,18.266328379807067,0.08682828753085445,10.940706881674814,1.2323247995141802,0.0,3,0.11868921006432948
B2,semisynthetic,2,asymmetric_burst,20260929,0.0,shrink,11,30.491650176965074,0.1449408832364217,13.712134718664466,2.337826353748849,0.0,2,0.18864370244830056
B2,semisynthetic,2,asymmetric_burst,20260929,0.0,gated,11,2.9675588051883204,0.014106176339545907,2.5285451661162677,0.0,0.0,3,0.020115847307713795
B2,semisynthetic,2,asymmetric_burst,20260929,0.5,uncorrected,11,30.799455368592582,0.14640402334462585,39.99092388073816,5.884819880151444,0.0,2,0.26942494493146507
B2,semisynthetic,2,asymmetric_burst,20260929,0.5,V7,11,33.62395304513087,0.15983016412614218,44.91879207168933,6.336459121115805,0.0,2,0.2967101511315992
B2,semisynthetic,2,asymmetric_burst,20260929,0.5,shrink,11,39.23722171585738,0.18651262028238733,41.12616764005591,6.199621371040323,0.0,2,0.31372810733135675
B2,semisynthetic,2,asymmetric_burst,20260929,0.5,gated,11,30.69261750676874,0.14589617368854077,40.96858994557138,6.0712184470712955,0.0,2,0.2721267826431993
B2,semisynthetic,2,asymmetric_burst,20260929,1.0,uncorrected,11,61.598910737185165,0.2928080466892517,79.98184776147632,14.815136686803301,119.140625,2,0.5533265420565279
B2,semisynthetic,2,asymmetric_burst,20260929,1.0,V7,11,60.644978446680874,0.28827356633377765,83.12145623025809,15.178093476322323,117.1875,2,0.5579793666932271
B2,semisynthetic,2,asymmetric_burst,20260929,1.0,shrink,11,59.330554751679756,0.28202550398901594,74.20007823863615,12.646998681456958,117.1875,2,0.5184961297305861
B2,semisynthetic,2,asymmetric_burst,20260929,1.0,gated,11,61.412763409592095,0.29192320254612225,80.96668897546718,15.078254643409808,119.140625,2,0.5560331213388965
B2,semisynthetic,2,asymmetric_burst,20260929,2.0,uncorrected,11,123.19782147437033,0.5856160933785034,159.96369552295263,33.457621532409014,119.140625,2,1.1248462359880957
B2,semisynthetic,2,asymmetric_burst,20260929,2.0,V7,11,116.79732319050166,0.5551915716149042,154.96442034295137,32.5339700163671,119.140625,2,1.0781492414746203
B2,semisynthetic,2,asymmetric_burst,20260929,2.0,shrink,11,107.67280998729836,0.51181854998114,141.65833636352966,28.63906581243964,119.140625,2,0.9846369643803188
B2,semisynthetic,2,asymmetric_burst,20260929,2.0,gated,11,122.5940904493042,0.5827462812331305,160.6315662543256,33.85179048777343,119.140625,2,1.1254374396542286
B2,semisynthetic,2,direction_step,20260927,0.0,uncorrected,11,0.0,0.0,0.0,0.0,0.0,3,0.0
B2,semisynthetic,2,direction_step,20260927,0.0,V7,11,18.266328379807067,0.08682828753085445,10.940706881674814,1.2323247995141802,0.0,3,0.11868921006432948
B2,semisynthetic,2,direction_step,20260927,0.0,shrink,11,30.491650176965074,0.1449408832364217,13.712134718664466,2.337826353748849,0.0,2,0.18864370244830056
B2,semisynthetic,2,direction_step,20260927,0.0,gated,11,2.9675588051883204,0.014106176339545907,2.5285451661162677,0.0,0.0,3,0.020115847307713795
B2,semisynthetic,2,direction_step,20260927,0.5,uncorrected,11,42.62376287391334,0.2026104130786571,108.92618255365814,13.308032636949514,0.0,2,0.5247578370776603
B2,semisynthetic,2,direction_step,20260927,0.5,V7,11,42.778161793384754,0.2033443423881256,103.04054081687414,11.865490623201348,0.0,2,0.5046461130439788
B2,semisynthetic,2,direction_step,20260927,0.5,shrink,11,45.03281082169573,0.21406172959593267,87.98047770988083,8.588556506513784,0.0,2,0.46399300569831275
B2,semisynthetic,2,direction_step,20260927,0.5,gated,11,42.61542662305204,0.20257078703166698,108.7221227897734,13.57227513564584,0.0,2,0.525489282448844
B2,semisynthetic,2,direction_step,20260927,1.0,uncorrected,11,85.24752574782669,0.4052208261573142,217.8523651073163,35.049994109089376,125.0,2,1.0896060296274261
B2,semisynthetic,2,direction_step,20260927,1.0,V7,11,81.79899602407801,0.3888283731045507,205.39810585225393,32.46392279643953,0.0,2,1.0313203657777308
B2,semisynthetic,2,direction_step,20260927,1.0,shrink,11,75.83812978247822,0.3604936252999097,180.10526343677452,27.048843232772025,0.0,2,0.9171309705797936
B2,semisynthetic,2,direction_step,20260927,1.0,gated,11,85.20510078312239,0.40501916072366834,217.6248628403849,35.38401382393754,125.0,2,1.0904514024009457
B2,semisynthetic,2,direction_step,20260927,2.0,uncorrected,11,170.49505149565337,0.8104416523146284,435.70473021463255,80.74967424053031,125.0,2,2.2298349310676837
B2,semisynthetic,2,direction_step,20260927,2.0,V7,11,160.48758009470816,0.7628715229382916,408.31160121758086,75.29548446989185,125.0,2,2.0912324298024263
B2,semisynthetic,2,direction_step,20260927,2.0,shrink,11,145.16928518438814,0.690056598816702,365.05751294410777,65.9098519850963,125.0,2,1.8709999433330258
B2,semisynthetic,2,direction_step,20260927,2.0,gated,11,169.71219940774876,0.8067203951046761,433.61097214986626,80.48957778001862,125.0,2,2.2199010162544495
B2,semisynthetic,2,direction_step,20260928,0.0,uncorrected,11,0.0,0.0,0.0,0.0,0.0,3,0.0
B2,semisynthetic,2,direction_step,20260928,0.0,V7,11,18.266328379807067,0.08682828753085445,10.940706881674814,1.2323247995141802,0.0,3,0.11868921006432948
B2,semisynthetic,2,direction_step,20260928,0.0,shrink,11,30.491650176965074,0.1449408832364217,13.712134718664466,2.337826353748849,0.0,2,0.18864370244830056
B2,semisynthetic,2,direction_step,20260928,0.0,gated,11,2.9675588051883204,0.014106176339545907,2.5285451661162677,0.0,0.0,3,0.020115847307713795
B2,semisynthetic,2,direction_step,20260928,0.5,uncorrected,11,38.76259835746163,0.18425651645162497,88.84847747495098,12.7605084112023,0.0,2,0.4560820067506802
B2,semisynthetic,2,direction_step,20260928,0.5,V7,11,39.48023795875993,0.18766778862134792,83.70337192810564,11.22508424288173,0.0,2,0.4399661689478205
B2,semisynthetic,2,direction_step,20260928,0.5,shrink,11,42.86993020456737,0.20378055999172578,71.50888162804303,8.326801826032282,0.0,2,0.4133190469324921
B2,semisynthetic,2,direction_step,20260928,0.5,gated,11,38.787030137201405,0.184372651974431,88.66608203621624,12.884006451247132,0.0,2,0.4563516806021973
B2,semisynthetic,2,direction_step,20260928,1.0,uncorrected,11,77.52519671492325,0.36851303290324994,177.69695494990196,31.110557005658137,0.0,2,0.9387336772074681
B2,semisynthetic,2,direction_step,20260928,1.0,V7,11,74.91950792673433,0.35612699173435786,168.34697687566552,29.436369325159728,0.0,2,0.8961670693609913
B2,semisynthetic,2,direction_step,20260928,1.0,shrink,11,70.12196518480617,0.33332205732300674,146.4442649339349,23.727950144205305,0.0,2,0.7941705362329162
B2,semisynthetic,2,direction_step,20260928,1.0,gated,11,77.51435998740924,0.36846152093691953,177.50457106231062,31.36739799668366,0.0,2,0.939445804291876
B2,semisynthetic,2,direction_step,20260928,2.0,uncorrected,11,155.0503934298465,0.7370260658064999,355.39390989980393,70.68163908126341,33.203125,2,1.917684134063301
B2,semisynthetic,2,direction_step,20260928,2.0,V7,11,146.96374660992078,0.6985865020013736,334.35231025268286,66.6636422521597,33.203125,2,1.810134961043787
B2,semisynthetic,2,direction_step,20260928,2.0,shrink,11,132.62396040633996,0.6304228812820659,297.20606167156774,57.352492195398234,33.203125,2,1.6094245175434567
B2,semisynthetic,2,direction_step,20260928,2.0,gated,11,154.82049932219886,0.7359332730314314,354.7509409326844,70.8829521180606,33.203125,2,1.9160201109503374
B2,semisynthetic,2,direction_step,20260929,0.0,uncorrected,11,0.0,0.0,0.0,0.0,0.0,3,0.0
B2,semisynthetic,2,direction_step,20260929,0.0,V7,11,18.266328379807067,0.08682828753085445,10.940706881674814,1.2323247995141802,0.0,3,0.11868921006432948
B2,semisynthetic,2,direction_step,20260929,0.0,shrink,11,30.491650176965074,0.1449408832364217,13.712134718664466,2.337826353748849,0.0,2,0.18864370244830056
B2,semisynthetic,2,direction_step,20260929,0.0,gated,11,2.9675588051883204,0.014106176339545907,2.5285451661162677,0.0,0.0,3,0.020115847307713795
B2,semisynthetic,2,direction_step,20260929,0.5,uncorrected,11,42.48355381763747,0.20194393473667077,98.61885922728315,9.298738570450896,0.0,2,0.4805356020347711
B2,semisynthetic,2,direction_step,20260929,0.5,V7,11,43.27259159701921,0.20569459539251453,93.99949409855438,8.449565256691976,0.0,2,0.4692707630920514
B2,semisynthetic,2,direction_step,20260929,0.5,shrink,11,45.34480663396048,0.21554478965772883,79.76538326146164,5.3198330416870645,0.0,2,0.43041324749822546
B2,semisynthetic,2,direction_step,20260929,0.5,gated,11,42.45422477111207,0.2018045202450574,98.43934812009869,9.523497046440896,0.0,2,0.4810379187285237
B2,semisynthetic,2,direction_step,20260929,1.0,uncorrected,11,84.96710763527494,0.40388786947334154,197.2377184545663,28.793271439881483,0.0,2,1.009536519079203
B2,semisynthetic,2,direction_step,20260929,1.0,V7,11,82.45682176466536,0.3919553223940455,187.30440118703754,27.397398114340387,0.0,2,0.9673599216959855
B2,semisynthetic,2,direction_step,20260929,1.0,shrink,11,76.09582041951175,0.3617185478054687,163.06629578594092,21.7469096045448,0.0,2,0.8526563182285007
B2,semisynthetic,2,direction_step,20260929,1.0,gated,11,84.87117268777801,0.40343184640004953,196.9822425391718,29.19171927537631,0.0,2,1.0103673049703679
B2,semisynthetic,2,direction_step,20260929,2.0,uncorrected,11,169.93421527054988,0.8077757389466831,394.4754369091326,68.76887048222206,21.484375,2,2.0722278011814925
B2,semisynthetic,2,direction_step,20260929,2.0,V7,11,160.40886185458348,0.7624973388195486,369.90764314955356,64.1041504005825,21.484375,2,1.9463848039345493
B2,semisynthetic,2,direction_step,20260929,2.0,shrink,11,145.20142421506964,0.6902093704596372,330.46578931703857,55.726168790534274,21.484375,2,1.7405297575009535
B2,semisynthetic,2,direction_step,20260929,2.0,gated,11,169.29999559562953,0.8047610001799923,393.24738866523467,69.0415270744259,21.484375,2,2.0675903850266533
B2,semisynthetic,3,asymmetric_burst,20260927,0.0,uncorrected,14,0.0,0.0,0.0,0.0,0.0,4,0.0
B2,semisynthetic,3,asymmetric_burst,20260927,0.0,V7,14,21.35262621975661,0.10702519800136515,4.148729369616837,1.8502310159609578,0.0,4,0.1266963441932801
B2,semisynthetic,3,asymmetric_burst,20260927,0.0,shrink,14,50.46490310815893,0.2529438857630123,30.74707212926219,2.4884012498643435,2.9296875,4,0.34247279701248934
B2,semisynthetic,3,asymmetric_burst,20260927,0.0,gated,14,12.88322052873181,0.06457422210233824,1.5360035091759312,0.42258376069608244,0.0,4,0.0705417620760832
B2,semisynthetic,3,asymmetric_burst,20260927,0.5,uncorrected,14,36.591612405521225,0.18340716137608473,33.33426712064535,3.5553374971739617,41.9921875,4,0.284767712847871
B2,semisynthetic,3,asymmetric_burst,20260927,0.5,V7,14,38.120605631515076,0.19107089327822088,29.4820292585842,2.789718283916894,21.484375,4,0.27893971755470504
B2,semisynthetic,3,asymmetric_burst,20260927,0.5,shrink,14,54.93558089673004,0.27535214461594054,39.21410869070521,5.180091832673612,44.921875,4,0.39959209525664796
B2,semisynthetic,3,asymmetric_burst,20260927,0.5,gated,14,36.039264079891666,0.1806386406185992,31.85868680198334,3.8770412468313498,41.9921875,4,0.2799136532942353
B2,semisynthetic,3,asymmetric_burst,20260927,1.0,uncorrected,14,73.18322481104245,0.36681432275216946,66.66853424129069,7.417429148501903,95.703125,4,0.5710729613481806
B2,semisynthetic,3,asymmetric_burst,20260927,1.0,V7,14,69.75875411712143,0.34964993977207215,60.74390662452407,5.722694716849152,95.703125,4,0.5305661798798542
B2,semisynthetic,3,asymmetric_burst,20260927,1.0,shrink,14,70.67845507611815,0.3542597323205689,58.13931743080742,8.508592174885633,95.703125,4,0.5426121954174495
B2,semisynthetic,3,asymmetric_burst,20260927,1.0,gated,14,70.34348644577906,0.3525807780028505,63.96531083744628,7.2963212972744715,95.703125,4,0.5494577437238649
B2,semisynthetic,3,asymmetric_burst,20260927,2.0,uncorrected,14,146.3664496220849,0.7336286455043389,133.3370684825814,18.95136548290344,95.703125,4,1.1627789816985983
B2,semisynthetic,3,asymmetric_burst,20260927,2.0,V7,14,137.5040436004887,0.6892078445467397,123.86342847070314,18.293879287952127,95.703125,4,1.0913204438702007
B2,semisynthetic,3,asymmetric_burst,20260927,2.0,shrink,14,116.05791235904323,0.5817139738229946,103.99643339189926,15.994474155167131,95.703125,4,0.9225119218643164
B2,semisynthetic,3,asymmetric_burst,20260927,2.0,gated,14,140.63798573403793,0.704916018984673,128.4733964633814,17.940247513544165,95.703125,4,1.1168093289229881
B2,semisynthetic,3,asymmetric_burst,20260928,0.0,uncorrected,14,0.0,0.0,0.0,0.0,0.0,4,0.0
B2,semisynthetic,3,asymmetric_burst,20260928,0.0,V7,14,21.35262621975661,0.10702519800136515,4.148729369616837,1.8502310159609578,0.0,4,0.1266963441932801
B2,semisynthetic,3,asymmetric_burst,20260928,0.0,shrink,14,50.46490310815893,0.2529438857630123,30.74707212926219,2.4884012498643435,2.9296875,4,0.34247279701248934
B2,semisynthetic,3,asymmetric_burst,20260928,0.0,gated,14,12.88322052873181,0.06457422210233824,1.5360035091759312,0.42258376069608244,0.0,4,0.0705417620760832
B2,semisynthetic,3,asymmetric_burst,20260928,0.5,uncorrected,14,37.673200409061934,0.18882837603340594,23.461451344219682,7.23016119279611,80.078125,4,0.28386552275779486
B2,semisynthetic,3,asymmetric_burst,20260928,0.5,V7,14,39.49254890728512,0.19794744791017868,22.479555221032037,6.788370176606012,80.078125,4,0.2883094514715655
B2,semisynthetic,3,asymmetric_burst,20260928,0.5,shrink,14,54.47993032865617,0.27306829944553146,41.248086220915525,7.850063664564687,69.3359375,4,0.41578830419553864
B2,semisynthetic,3,asymmetric_burst,20260928,0.5,gated,14,37.3156575850144,0.18703627368759476,24.068563884234838,7.5074653435084615,80.078125,4,0.28498485158203746
B2,semisynthetic,3,asymmetric_burst,20260928,1.0,uncorrected,14,75.34640081812387,0.3776567520668119,46.922902688439365,13.276268585138675,106.4453125,4,0.5617962442816058
B2,semisynthetic,3,asymmetric_burst,20260928,1.0,V7,14,71.92648581024632,0.3605152034301727,46.15062884554081,13.130285414669808,79.1015625,4,0.5419875643229491
B2,semisynthetic,3,asymmetric_burst,20260928,1.0,shrink,14,70.6123073848221,0.3539281820145113,55.467751449183936,13.12603115360067,107.421875,4,0.5587292017555741
B2,semisynthetic,3,asymmetric_burst,20260928,1.0,gated,14,72.48802500234969,0.3633297913221662,47.76072783006399,13.574233931738116,106.4453125,4,0.5510624715722009
B2,semisynthetic,3,asymmetric_burst,20260928,2.0,uncorrected,14,150.69280163624774,0.7553135041336237,93.84580537687873,25.578596932111385,106.4453125,4,1.1187108339246472
B2,semisynthetic,3,asymmetric_burst,20260928,2.0,V7,14,141.1273737935153,0.7073689656820027,91.00463531430297,25.463079399268835,106.4453125,4,1.0630669296252622
B2,semisynthetic,3,asymmetric_burst,20260928,2.0,shrink,14,117.52533596411195,0.5890691019588978,87.6637844462135,22.794278432833455,106.4453125,4,0.9230176773302522
B2,semisynthetic,3,asymmetric_burst,20260928,2.0,gated,14,144.52788952327916,0.7244132798351722,93.459886466008,25.75980165962407,106.4453125,4,1.0877516917174366
B2,semisynthetic,3,asymmetric_burst,20260929,0.0,uncorrected,14,0.0,0.0,0.0,0.0,0.0,4,0.0
B2,semisynthetic,3,asymmetric_burst,20260929,0.0,V7,14,21.35262621975661,0.10702519800136515,4.148729369616837,1.8502310159609578,0.0,4,0.1266963441932801
B2,semisynthetic,3,asymmetric_burst,20260929,0.0,shrink,14,50.46490310815893,0.2529438857630123,30.74707212926219,2.4884012498643435,2.9296875,4,0.34247279701248934
B2,semisynthetic,3,asymmetric_burst,20260929,0.0,gated,14,12.88322052873181,0.06457422210233824,1.5360035091759312,0.42258376069608244,0.0,4,0.0705417620760832
B2,semisynthetic,3,asymmetric_burst,20260929,0.5,uncorrected,14,32.12803543287465,0.16103449375312853,23.946154172058165,5.027677793226453,22.4609375,4,0.24624692328751013
B2,semisynthetic,3,asymmetric_burst,20260929,0.5,V7,14,37.9572456421427,0.19025208836738036,23.23371468229864,5.629972013540737,22.4609375,4,0.27669791042151176
B2,semisynthetic,3,asymmetric_burst,20260929,0.5,shrink,14,57.02796933815374,0.2858397673062089,39.855670814629626,6.3738946853930285,22.4609375,4,0.41767122644288307
B2,semisynthetic,3,asymmetric_burst,20260929,0.5,gated,14,34.196389858810626,0.17140165138959662,24.255717858602843,5.119231017906464,22.4609375,4,0.2578487796046438
B2,semisynthetic,3,asymmetric_burst,20260929,1.0,uncorrected,14,64.2560708657493,0.32206898750625707,47.89230834411633,11.303873800932015,24.4140625,4,0.4987517610693648
B2,semisynthetic,3,asymmetric_burst,20260929,1.0,V7,14,65.53165692957232,0.3284625734587956,46.74768858542568,11.703326434463982,24.4140625,4,0.504278939266307
B2,semisynthetic,3,asymmetric_burst,20260929,1.0,shrink,14,71.54655212743651,0.35861087198112196,53.634523720567934,11.151176713005034,24.4140625,4,0.5489190623782864
B2,semisynthetic,3,asymmetric_burst,20260929,1.0,gated,14,64.16159451973172,0.32159544624089176,48.087979361756624,11.224066602171254,24.4140625,4,0.4983685826209138
B2,semisynthetic,3,asymmetric_burst,20260929,2.0,uncorrected,14,128.5121417314986,0.6441379750125141,95.78461668823266,24.754686739976183,24.4140625,4,1.0082645678287785
B2,semisynthetic,3,asymmetric_burst,20260929,2.0,V7,14,124.05109387439558,0.6217779840078359,93.42048579708714,24.19239352890122,24.4140625,4,0.9771613745270271
B2,semisynthetic,3,asymmetric_burst,20260929,2.0,shrink,14,111.0678160873992,0.5567022475827614,85.95536151565057,21.340572268573755,24.4140625,4,0.8790829090717502
B2,semisynthetic,3,asymmetric_burst,20260929,2.0,gated,14,125.34305458375957,0.6282536441587979,95.23471049192712,24.121520426447077,24.4140625,4,0.9878284943067899
B2,semisynthetic,3,direction_step,20260927,0.0,uncorrected,14,0.0,0.0,0.0,0.0,0.0,4,0.0
B2,semisynthetic,3,direction_step,20260927,0.0,V7,14,21.35262621975661,0.10702519800136515,4.148729369616837,1.8502310159609578,0.0,4,0.1266963441932801
B2,semisynthetic,3,direction_step,20260927,0.0,shrink,14,50.46490310815893,0.2529438857630123,30.74707212926219,2.4884012498643435,2.9296875,4,0.34247279701248934
B2,semisynthetic,3,direction_step,20260927,0.0,gated,14,12.88322052873181,0.06457422210233824,1.5360035091759312,0.42258376069608244,0.0,4,0.0705417620760832
B2,semisynthetic,3,direction_step,20260927,0.5,uncorrected,14,51.31439946300954,0.2572017936495468,119.28469285736044,22.86866233750504,48.828125,2,0.6707695187438332
B2,semisynthetic,3,direction_step,20260927,0.5,V7,14,54.3671394121044,0.27250296054752093,116.88456378567084,22.91781854759971,60.546875,2,0.680302018585253
B2,semisynthetic,3,direction_step,20260927,0.5,shrink,14,65.83721907682192,0.32999413444686987,101.40716877609698,18.823293410615978,32.552083333333336,3,0.6784818467421306
B2,semisynthetic,3,direction_step,20260927,0.5,gated,14,52.03884306971529,0.26083290298713113,117.3274235963051,22.14938728991258,60.546875,2,0.6658902407586109
B2,semisynthetic,3,direction_step,20260927,1.0,uncorrected,14,102.62879892601909,0.5144035872990936,238.56938571472088,40.759435428256786,48.828125,2,1.3165884961922028
B2,semisynthetic,3,direction_step,20260927,1.0,V7,14,100.3952170234636,0.5032082643953429,229.0321521909075,38.88976207653116,58.59375,2,1.27212024908278
B2,semisynthetic,3,direction_step,20260927,1.0,shrink,14,95.31361879135373,0.47773790532298976,188.7561601847202,32.322569730572546,48.828125,2,1.1127961878331945
B2,semisynthetic,3,direction_step,20260927,1.0,gated,14,100.7022685284087,0.5047472904512087,232.38038347183706,38.90585854900909,48.828125,2,1.2821310801611412
B2,semisynthetic,3,direction_step,20260927,2.0,uncorrected,14,205.2575978520382,1.0288071745981873,477.13877142944176,92.90257562909956,60.546875,2,2.6902352317192855
B2,semisynthetic,3,direction_step,20260927,2.0,V7,14,195.5841246961218,0.9803210835095453,452.86580903734784,87.04603776388001,48.828125,2,2.5515632118434564
B2,semisynthetic,3,direction_step,20260927,2.0,shrink,14,165.74655222240082,0.8307670160606716,366.5271672689135,71.37804439845927,50.78125,2,2.107100445922184
B2,semisynthetic,3,direction_step,20260927,2.0,gated,14,199.1380069068372,0.9981341123782576,462.09416789252316,88.70085975600075,48.828125,2,2.60079818906222
B2,semisynthetic,3,direction_step,20260928,0.0,uncorrected,14,0.0,0.0,0.0,0.0,0.0,4,0.0
B2,semisynthetic,3,direction_step,20260928,0.0,V7,14,21.35262621975661,0.10702519800136515,4.148729369616837,1.8502310159609578,0.0,4,0.1266963441932801
B2,semisynthetic,3,direction_step,20260928,0.0,shrink,14,50.46490310815893,0.2529438857630123,30.74707212926219,2.4884012498643435,2.9296875,4,0.34247279701248934
B2,semisynthetic,3,direction_step,20260928,0.0,gated,14,12.88322052873181,0.06457422210233824,1.5360035091759312,0.42258376069608244,0.0,4,0.0705417620760832
B2,semisynthetic,3,direction_step,20260928,0.5,uncorrected,14,54.30086023016971,0.2721707511744479,140.56153173418136,19.323290261383217,66.40625,2,0.7212907680837621
B2,semisynthetic,3,direction_step,20260928,0.5,V7,14,57.46001547406305,0.2880053006118327,137.5892967282517,20.205660295326464,62.5,3,0.7340991702102801
B2,semisynthetic,3,direction_step,20260928,0.5,shrink,14,66.46981851883451,0.3331648957312269,116.42374810962697,16.24647266040905,60.546875,2,0.7063704779409558
B2,semisynthetic,3,direction_step,20260928,0.5,gated,14,55.08259657357988,0.2760890273657355,138.24875177040656,19.127420425341622,66.40625,2,0.7184311485130178
B2,semisynthetic,3,direction_step,20260928,1.0,uncorrected,14,108.60172046033941,0.5443415023488957,281.1230634683627,43.75169886575287,64.453125,2,1.4681697844633235
B2,semisynthetic,3,direction_step,20260928,1.0,V7,14,105.90850729227624,0.5308423819313263,268.65417267902154,42.353639800572005,60.546875,2,1.4164144658313118
B2,semisynthetic,3,direction_step,20260928,1.0,shrink,14,98.0149144344431,0.4912775373142231,219.9791649955908,34.52895887226455,60.546875,2,1.215643961650735
B2,semisynthetic,3,direction_step,20260928,1.0,gated,14,106.37664567574573,0.5331888194452515,273.14495105665196,42.2287752147698,60.546875,2,1.4293895521666289
B2,semisynthetic,3,direction_step,20260928,2.0,uncorrected,14,217.20344092067882,1.0886830046977913,562.2461269367254,104.30412603140671,60.546875,2,3.020549410580707
B2,semisynthetic,3,direction_step,20260928,2.0,V7,14,206.83004040200018,1.0366886863861724,532.2536943454865,98.40729933391219,60.546875,2,2.8638334509976215
B2,semisynthetic,3,direction_step,20260928,2.0,shrink,14,173.01955339001557,0.8672212855269688,429.8200001574606,79.94327924650493,60.546875,2,2.3451065009735412
B2,semisynthetic,3,direction_step,20260928,2.0,gated,14,210.6124506528541,1.0556471602457242,543.7559796271863,100.08194180103546,60.546875,2,2.92001198918636
B2,semisynthetic,3,direction_step,20260929,0.0,uncorrected,14,0.0,0.0,0.0,0.0,0.0,4,0.0
B2,semisynthetic,3,direction_step,20260929,0.0,V7,14,21.35262621975661,0.10702519800136515,4.148729369616837,1.8502310159609578,0.0,4,0.1266963441932801
B2,semisynthetic,3,direction_step,20260929,0.0,shrink,14,50.46490310815893,0.2529438857630123,30.74707212926219,2.4884012498643435,2.9296875,4,0.34247279701248934
B2,semisynthetic,3,direction_step,20260929,0.0,gated,14,12.88322052873181,0.06457422210233824,1.5360035091759312,0.42258376069608244,0.0,4,0.0705417620760832
B2,semisynthetic,3,direction_step,20260929,0.5,uncorrected,14,48.556809287523045,0.2433799980773942,107.36694166443134,18.82183442884782,41.666666666666664,3,0.6067964027786982
B2,semisynthetic,3,direction_step,20260929,0.5,V7,14,51.90018841288459,0.26013792795462726,105.54503742573476,19.70431935507233,13.020833333333334,3,0.6234116473042907
B2,semisynthetic,3,direction_step,20260929,0.5,shrink,14,63.502478426279616,0.31829177625287275,94.14691247044931,15.699165917102974,50.78125,3,0.6329253134007133
B2,semisynthetic,3,direction_step,20260929,0.5,gated,14,49.483700971728055,0.24802583250576413,105.91518032019127,18.595375282478056,41.666666666666664,3,0.6066688497750271
B2,semisynthetic,3,direction_step,20260929,1.0,uncorrected,14,97.11361857504609,0.4867599961547884,214.73388332886267,33.13840410804902,60.546875,2,1.1910111874034026
B2,semisynthetic,3,direction_step,20260929,1.0,V7,14,95.5851948287371,0.47909911864046395,207.08993113064378,33.08757712273691,60.546875,2,1.1639387624445294
B2,semisynthetic,3,direction_step,20260929,1.0,shrink,14,90.39307097920914,0.4530747749684341,172.48338323903815,26.56739470717552,39.0625,3,1.0185047448564755
B2,semisynthetic,3,direction_step,20260929,1.0,gated,14,95.59333474981645,0.47913991814944545,209.8208241760171,32.35907862684842,60.546875,2,1.1671721195332239
B2,semisynthetic,3,direction_step,20260929,2.0,uncorrected,14,194.22723715009218,0.9735199923095768,429.46776665772535,75.22190662238181,60.546875,2,2.426857652595184
B2,semisynthetic,3,direction_step,20260929,2.0,V7,14,185.52152539104563,0.9298845858183282,407.7806915665542,71.14469199992631,60.546875,2,2.308435358595159
B2,semisynthetic,3,direction_step,20260929,2.0,shrink,14,156.2211409932113,0.7830230518121345,332.31028162446023,58.13161468973626,58.59375,2,1.9072095649667369
B2,semisynthetic,3,direction_step,20260929,2.0,gated,14,188.7118439202242,0.9458753341580729,416.1519412906981,72.09148963703396,60.546875,2,2.350151211123405
B2,semisynthetic,4,asymmetric_burst,20260927,0.0,uncorrected,16,0.0,0.0,0.0,0.0,0.0,3,0.0
B2,semisynthetic,4,asymmetric_burst,20260927,0.0,V7,16,0.0,0.0,0.0,0.0,0.0,3,0.0
B2,semisynthetic,4,asymmetric_burst,20260927,0.0,shrink,16,64.17830142220791,0.24801865693487624,20.370098357230376,3.2866750636534037,0.0,3,0.3000804734541942
B2,semisynthetic,4,asymmetric_burst,20260927,0.0,gated,16,0.0,0.0,0.0,0.0,0.0,3,0.0
B2,semisynthetic,4,asymmetric_burst,20260927,0.5,uncorrected,16,37.43782401636642,0.14467941072510881,35.23935011060306,7.963848942218864,78.125,3,0.24354758144504204
B2,semisynthetic,4,asymmetric_burst,20260927,0.5,V7,16,37.43782401636642,0.14467941072510881,35.23935011060306,7.963848942218864,78.125,3,0.24354758144504204
B2,semisynthetic,4,asymmetric_burst,20260927,0.5,shrink,16,69.38160784947665,0.2681269652433482,23.661190333290776,5.23280177412511,96.35416666666667,3,0.3340688910689535
B2,semisynthetic,4,asymmetric_burst,20260927,0.5,gated,16,37.43782401636642,0.14467941072510881,35.23935011060306,7.963848942218864,78.125,3,0.24354758144504204
B2,semisynthetic,4,asymmetric_burst,20260927,1.0,uncorrected,16,74.87564803273284,0.28935882145021763,70.47870022120611,16.395908361829555,117.1875,3,0.4889045740336045
B2,semisynthetic,4,asymmetric_burst,20260927,1.0,V7,16,74.87564803273284,0.28935882145021763,70.47870022120611,16.395908361829555,117.1875,3,0.4889045740336045
B2,semisynthetic,4,asymmetric_burst,20260927,1.0,shrink,16,84.1757099321581,0.32529914412302224,45.84540565463515,11.799826897588472,97.65625,3,0.4594852318958676
B2,semisynthetic,4,asymmetric_burst,20260927,1.0,gated,16,74.87564803273284,0.28935882145021763,70.47870022120611,16.395908361829555,117.1875,3,0.4889045740336045
B2,semisynthetic,4,asymmetric_burst,20260927,2.0,uncorrected,16,149.75129606546568,0.5787176429004353,140.95740044241222,33.30022193491157,115.88541666666667,3,0.9797738927687554
B2,semisynthetic,4,asymmetric_burst,20260927,2.0,V7,16,149.75129606546568,0.5787176429004353,140.95740044241222,33.30022193491157,115.88541666666667,3,0.9797738927687554
B2,semisynthetic,4,asymmetric_burst,20260927,2.0,shrink,16,127.90388545148959,0.49428777614007724,96.83395383424316,24.88796015541196,117.1875,3,0.777576545654537
B2,semisynthetic,4,asymmetric_burst,20260927,2.0,gated,16,149.75129606546568,0.5787176429004353,140.95740044241222,33.30022193491157,115.88541666666667,3,0.9797738927687554
B2,semisynthetic,4,asymmetric_burst,20260928,0.0,uncorrected,16,0.0,0.0,0.0,0.0,0.0,3,0.0
B2,semisynthetic,4,asymmetric_burst,20260928,0.0,V7,16,0.0,0.0,0.0,0.0,0.0,3,0.0
B2,semisynthetic,4,asymmetric_burst,20260928,0.0,shrink,16,64.17830142220791,0.24801865693487624,20.370098357230376,3.2866750636534037,0.0,3,0.3000804734541942
B2,semisynthetic,4,asymmetric_burst,20260928,0.0,gated,16,0.0,0.0,0.0,0.0,0.0,3,0.0
B2,semisynthetic,4,asymmetric_burst,20260928,0.5,uncorrected,16,33.73853007250258,0.13038339641446914,38.36137026613462,9.476933729730034,20.833333333333332,3,0.24113148391126737
B2,semisynthetic,4,asymmetric_burst,20260928,0.5,V7,16,33.73853007250258,0.13038339641446914,38.36137026613462,9.476933729730034,20.833333333333332,3,0.24113148391126737
B2,semisynthetic,4,asymmetric_burst,20260928,0.5,shrink,16,70.90485479804843,0.27401359131466696,41.50409776164569,6.602430299994778,20.833333333333332,3,0.3797256627973157
B2,semisynthetic,4,asymmetric_burst,20260928,0.5,gated,16,33.73853007250258,0.13038339641446914,38.36137026613462,9.476933729730034,20.833333333333332,3,0.24113148391126737
B2,semisynthetic,4,asymmetric_burst,20260928,1.0,uncorrected,16,67.47706014500515,0.2607667928289383,76.72274053226924,18.201450087979797,22.135416666666668,3,0.4793552320022714
B2,semisynthetic,4,asymmetric_burst,20260928,1.0,V7,16,67.47706014500515,0.2607667928289383,76.72274053226924,18.201450087979797,22.135416666666668,3,0.4793552320022714
B2,semisynthetic,4,asymmetric_burst,20260928,1.0,shrink,16,84.95126224671233,0.3282962855115588,68.45278244684914,14.080587268753325,22.135416666666668,3,0.5149798165603576
B2,semisynthetic,4,asymmetric_burst,20260928,1.0,gated,16,67.47706014500515,0.2607667928289383,76.72274053226924,18.201450087979797,22.135416666666668,3,0.4793552320022714
B2,semisynthetic,4,asymmetric_burst,20260928,2.0,uncorrected,16,134.9541202900103,0.5215335856578766,153.44548106453848,37.33594773268672,33.203125,2,0.9623162497101109
B2,semisynthetic,4,asymmetric_burst,20260928,2.0,V7,16,134.9541202900103,0.5215335856578766,153.44548106453848,37.33594773268672,33.203125,2,0.9623162497101109
B2,semisynthetic,4,asymmetric_burst,20260928,2.0,shrink,16,124.24523086508728,0.48014881364653067,124.81507209258714,29.268572133526305,33.203125,2,0.8344334350825762
B2,semisynthetic,4,asymmetric_burst,20260928,2.0,gated,16,134.9541202900103,0.5215335856578766,153.44548106453848,37.33594773268672,33.203125,2,0.9623162497101109
B2,semisynthetic,4,asymmetric_burst,20260929,0.0,uncorrected,16,0.0,0.0,0.0,0.0,0.0,3,0.0
B2,semisynthetic,4,asymmetric_burst,20260929,0.0,V7,16,0.0,0.0,0.0,0.0,0.0,3,0.0
B2,semisynthetic,4,asymmetric_burst,20260929,0.0,shrink,16,64.17830142220791,0.24801865693487624,20.370098357230376,3.2866750636534037,0.0,3,0.3000804734541942
B2,semisynthetic,4,asymmetric_burst,20260929,0.0,gated,16,0.0,0.0,0.0,0.0,0.0,3,0.0
B2,semisynthetic,4,asymmetric_burst,20260929,0.5,uncorrected,16,36.56849134049268,0.1413198527760541,25.91167067060272,3.110602607757576,83.33333333333333,3,0.20340900552801744
B2,semisynthetic,4,asymmetric_burst,20260929,0.5,V7,16,36.56849134049268,0.1413198527760541,25.91167067060272,3.110602607757576,83.33333333333333,3,0.20340900552801744
B2,semisynthetic,4,asymmetric_burst,20260929,0.5,shrink,16,70.35100137590705,0.27187321086123917,17.60495435361794,1.282630773803458,82.03125,3,0.3108473637061227
B2,semisynthetic,4,asymmetric_burst,20260929,0.5,gated,16,36.56849134049268,0.1413198527760541,25.91167067060272,3.110602607757576,83.33333333333333,3,0.20340900552801744
B2,semisynthetic,4,asymmetric_burst,20260929,1.0,uncorrected,16,73.13698268098535,0.2826397055521082,51.82334134120544,6.612464557039673,85.9375,3,0.4083300426032668
B2,semisynthetic,4,asymmetric_burst,20260929,1.0,V7,16,73.13698268098535,0.2826397055521082,51.82334134120544,6.612464557039673,85.9375,3,0.4083300426032668
B2,semisynthetic,4,asymmetric_burst,20260929,1.0,shrink,16,85.34684408067253,0.3298250214393173,30.988214534919525,1.8729264895201567,85.9375,3,0.3969403593634576
B2,semisynthetic,4,asymmetric_burst,20260929,1.0,gated,16,73.13698268098535,0.2826397055521082,51.82334134120544,6.612464557039673,85.9375,3,0.4083300426032668
B2,semisynthetic,4,asymmetric_burst,20260929,2.0,uncorrected,16,146.2739653619707,0.5652794111042164,103.6466826824109,15.84284461387064,85.9375,3,0.8267770853738605
B2,semisynthetic,4,asymmetric_burst,20260929,2.0,V7,16,146.2739653619707,0.5652794111042164,103.6466826824109,15.84284461387064,85.9375,3,0.8267770853738605
B2,semisynthetic,4,asymmetric_burst,20260929,2.0,shrink,16,128.32364836911424,0.4959099604726826,67.28271709197791,8.229080005638258,85.9375,3,0.6577193213426697
B2,semisynthetic,4,asymmetric_burst,20260929,2.0,gated,16,146.2739653619707,0.5652794111042164,103.6466826824109,15.84284461387064,85.9375,3,0.8267770853738605
B2,semisynthetic,4,direction_step,20260927,0.0,uncorrected,16,0.0,0.0,0.0,0.0,0.0,3,0.0
B2,semisynthetic,4,direction_step,20260927,0.0,V7,16,0.0,0.0,0.0,0.0,0.0,3,0.0
B2,semisynthetic,4,direction_step,20260927,0.0,shrink,16,64.17830142220791,0.24801865693487624,20.370098357230376,3.2866750636534037,0.0,3,0.3000804734541942
B2,semisynthetic,4,direction_step,20260927,0.0,gated,16,0.0,0.0,0.0,0.0,0.0,3,0.0
B2,semisynthetic,4,direction_step,20260927,0.5,uncorrected,16,54.86061208616778,0.2120102125907662,141.27105517696288,30.350730802700383,21.484375,2,0.6022741432343457
B2,semisynthetic,4,direction_step,20260927,0.5,V7,16,54.86061208616778,0.2120102125907662,141.27105517696288,30.350730802700383,21.484375,2,0.6022741432343457
B2,semisynthetic,4,direction_step,20260927,0.5,shrink,16,74.69878915027425,0.28867534585921045,97.8908613802765,20.449734134717044,21.484375,2,0.5568547023742346
B2,semisynthetic,4,direction_step,20260927,0.5,gated,16,54.86061208616778,0.2120102125907662,141.27105517696288,30.350730802700383,21.484375,2,0.6022741432343457
B2,semisynthetic,4,direction_step,20260927,1.0,uncorrected,16,109.72122417233555,0.4240204251815324,282.54211035392575,62.08762012493921,42.96875,2,1.2099051308646356
B2,semisynthetic,4,direction_step,20260927,1.0,V7,16,109.72122417233555,0.4240204251815324,282.54211035392575,62.08762012493921,42.96875,2,1.2099051308646356
B2,semisynthetic,4,direction_step,20260927,1.0,shrink,16,102.1120043426437,0.3946144041329704,202.9839907138635,44.20436384034033,21.484375,2,0.9576616417138738
B2,semisynthetic,4,direction_step,20260927,1.0,gated,16,109.72122417233555,0.4240204251815324,282.54211035392575,62.08762012493921,42.96875,2,1.2099051308646356
B2,semisynthetic,4,direction_step,20260927,2.0,uncorrected,16,219.4424483446711,0.8480408503630648,565.0842207078515,126.20543388978012,42.96875,2,2.427655996015282
B2,semisynthetic,4,direction_step,20260927,2.0,V7,16,219.4424483446711,0.8480408503630648,565.0842207078515,126.20543388978012,42.96875,2,2.427655996015282
B2,semisynthetic,4,direction_step,20260927,2.0,shrink,16,174.00706566520452,0.6724546734190916,414.48625996988676,92.1988540808722,42.96875,2,1.8296557378308584
B2,semisynthetic,4,direction_step,20260927,2.0,gated,16,219.4424483446711,0.8480408503630648,565.0842207078515,126.20543388978012,42.96875,2,2.427655996015282
B2,semisynthetic,4,direction_step,20260928,0.0,uncorrected,16,0.0,0.0,0.0,0.0,0.0,3,0.0
B2,semisynthetic,4,direction_step,20260928,0.0,V7,16,0.0,0.0,0.0,0.0,0.0,3,0.0
B2,semisynthetic,4,direction_step,20260928,0.0,shrink,16,64.17830142220791,0.24801865693487624,20.370098357230376,3.2866750636534037,0.0,3,0.3000804734541942
B2,semisynthetic,4,direction_step,20260928,0.0,gated,16,0.0,0.0,0.0,0.0,0.0,3,0.0
B2,semisynthetic,4,direction_step,20260928,0.5,uncorrected,16,49.854292187672876,0.19266316366775754,113.79557869914112,21.113299211423495,15.625,2,0.49413897374942306
B2,semisynthetic,4,direction_step,20260928,0.5,V7,16,49.854292187672876,0.19266316366775754,113.79557869914112,21.113299211423495,15.625,2,0.49413897374942306
B2,semisynthetic,4,direction_step,20260928,0.5,shrink,16,72.10823646146697,0.27866408996182884,78.99580283370739,13.379753072104725,0.0,2,0.4830111131393505
B2,semisynthetic,4,direction_step,20260928,0.5,gated,16,49.854292187672876,0.19266316366775754,113.79557869914112,21.113299211423495,15.625,2,0.49413897374942306
B2,semisynthetic,4,direction_step,20260928,1.0,uncorrected,16,99.70858437534575,0.3853263273355151,227.59115739828226,44.566360296816434,15.625,2,0.9973200159966035
B2,semisynthetic,4,direction_step,20260928,1.0,V7,16,99.70858437534575,0.3853263273355151,227.59115739828226,44.566360296816434,15.625,2,0.9973200159966035
B2,semisynthetic,4,direction_step,20260928,1.0,shrink,16,95.27052489333461,0.3681753350572338,163.1987921876482,30.969548886149425,15.625,2,0.8032008487871438
B2,semisynthetic,4,direction_step,20260928,1.0,gated,16,99.70858437534575,0.3853263273355151,227.59115739828226,44.566360296816434,15.625,2,0.9973200159966035
B2,semisynthetic,4,direction_step,20260928,2.0,uncorrected,16,199.4171687506915,0.7706526546710302,455.18231479656447,91.47248246760232,31.25,2,2.0036821004909644
B2,semisynthetic,4,direction_step,20260928,2.0,V7,16,199.4171687506915,0.7706526546710302,455.18231479656447,91.47248246760232,31.25,2,2.0036821004909644
B2,semisynthetic,4,direction_step,20260928,2.0,shrink,16,158.8037105245516,0.6137009258232744,333.3544696378871,66.14914051423882,15.625,2,1.5134642980145088
B2,semisynthetic,4,direction_step,20260928,2.0,gated,16,199.4171687506915,0.7706526546710302,455.18231479656447,91.47248246760232,31.25,2,2.0036821004909644
B2,semisynthetic,4,direction_step,20260929,0.0,uncorrected,16,0.0,0.0,0.0,0.0,0.0,3,0.0
B2,semisynthetic,4,direction_step,20260929,0.0,V7,16,0.0,0.0,0.0,0.0,0.0,3,0.0
B2,semisynthetic,4,direction_step,20260929,0.0,shrink,16,64.17830142220791,0.24801865693487624,20.370098357230376,3.2866750636534037,0.0,3,0.3000804734541942
B2,semisynthetic,4,direction_step,20260929,0.0,gated,16,0.0,0.0,0.0,0.0,0.0,3,0.0
B2,semisynthetic,4,direction_step,20260929,0.5,uncorrected,16,47.94501085688107,0.185284698035603,112.27330419701885,21.845402574240865,0.0,2,0.4866483059273033
B2,semisynthetic,4,direction_step,20260929,0.5,V7,16,47.94501085688107,0.185284698035603,112.27330419701885,21.845402574240865,0.0,2,0.4866483059273033
B2,semisynthetic,4,direction_step,20260929,0.5,shrink,16,70.57716107366448,0.27274721069058316,76.11714361401239,13.928830594217743,0.0,2,0.47365383232676755
B2,semisynthetic,4,direction_step,20260929,0.5,gated,16,47.94501085688107,0.185284698035603,112.27330419701885,21.845402574240865,0.0,2,0.4866483059273033
B2,semisynthetic,4,direction_step,20260929,1.0,uncorrected,16,95.89002171376214,0.370569396071206,224.5466083940377,46.03056702245116,7.8125,2,0.982338680352364
B2,semisynthetic,4,direction_step,20260929,1.0,V7,16,95.89002171376214,0.370569396071206,224.5466083940377,46.03056702245116,7.8125,2,0.982338680352364
B2,semisynthetic,4,direction_step,20260929,1.0,shrink,16,91.81220796452364,0.3548105824705903,159.2283105686925,32.06770393037547,7.8125,2,0.7864079309918826
B2,semisynthetic,4,direction_step,20260929,1.0,gated,16,95.89002171376214,0.370569396071206,224.5466083940377,46.03056702245116,7.8125,2,0.982338680352364
B2,semisynthetic,4,direction_step,20260929,2.0,uncorrected,16,191.78004342752428,0.741138792142412,449.0932167880753,94.40089591887177,9.765625,2,1.9737194292024853
B2,semisynthetic,4,direction_step,20260929,2.0,V7,16,191.78004342752428,0.741138792142412,449.0932167880753,94.40089591887177,9.765625,2,1.9737194292024853
B2,semisynthetic,4,direction_step,20260929,2.0,shrink,16,151.93540399295057,0.5871581828145715,327.1332994743278,68.34545060269092,7.8125,2,1.4833883163427495
B2,semisynthetic,4,direction_step,20260929,2.0,gated,16,191.78004342752428,0.741138792142412,449.0932167880753,94.40089591887177,9.765625,2,1.9737194292024853
B2,synthetic,0,asymmetric_burst,20260927,0.0,uncorrected,14,0.0,0.0,0.0,0.0,0.0,6,0.0
B2,synthetic,0,asymmetric_burst,20260927,0.0,V7,14,0.3526490402094826,0.024528366420203077,0.3044595403153971,0.07253750936047403,1.3020833333333333,6,0.04016196686334897
B2,synthetic,0,asymmetric_burst,20260927,0.0,shrink,14,1.1726019415284588,0.08155987060043096,0.759676426140404,0.25709788528631144,3.2552083333333335,6,0.12586171244710834
B2,synthetic,0,asymmetric_burst,20260927,0.0,gated,14,0.06460816790321824,0.004493795914280011,0.045390323160197525,0.003618744057205525,0.0,6,0.006324049355591069
B2,synthetic,0,asymmetric_burst,20260927,0.5,uncorrected,14,5.9305651862920925,0.41249814796564077,3.4522928087426967,1.3861467845325957,9.765625,6,0.6289724865862439
B2,synthetic,0,asymmetric_burst,20260927,0.5,V7,14,5.426804320057758,0.3774592574363637,3.039283013448792,1.284372843189324,10.416666666666666,6,0.5724913816733541
B2,synthetic,0,asymmetric_burst,20260927,0.5,shrink,14,4.602084718638252,0.3200962072901761,2.7166047410036205,1.0561217166198797,10.416666666666666,6,0.4880305327813381
B2,synthetic,0,asymmetric_burst,20260927,0.5,gated,14,5.5755335975186,0.38780406430952163,3.301933537303122,1.3235446974315792,9.765625,6,0.5946950489492151
B2,synthetic,0,asymmetric_burst,20260927,1.0,uncorrected,14,11.861130372584185,0.8249962959312815,6.904585617485394,2.812846937494316,11.71875,6,1.2607656468933415
B2,synthetic,0,asymmetric_burst,20260927,1.0,V7,14,10.805546832509066,0.751575594594005,6.11182205346217,2.5065507053204032,11.71875,6,1.1384704504004142
B2,synthetic,0,asymmetric_burst,20260927,1.0,shrink,14,8.975044627144666,0.6242557277952848,5.252703180954722,2.119711520444323,11.067708333333334,6,0.9543662959934672
B2,synthetic,0,asymmetric_burst,20260927,1.0,gated,14,10.6986069332414,0.7441374316186606,6.178807775214394,2.5052454432067477,11.71875,6,1.1332710833003201
B2,synthetic,0,asymmetric_burst,20260927,2.0,uncorrected,14,23.72226074516837,1.649992591862563,13.809171234970789,5.9216693855404,18.880208333333332,6,2.5421177549603975
B2,synthetic,0,asymmetric_burst,20260927,2.0,V7,14,21.401198832898743,1.4885520360218107,12.29178048078271,5.034458626680972,18.880208333333332,6,2.266196839916213
B2,synthetic,0,asymmetric_burst,20260927,2.0,shrink,14,17.83255652549766,1.2403365124900414,10.403707921208895,4.325506231393088,18.880208333333332,6,1.9030083339353903
B2,synthetic,0,asymmetric_burst,20260927,2.0,gated,14,20.581223428245284,1.4315189666309316,11.866335544309779,4.783166433567952,19.53125,6,2.1768894117714703
B2,synthetic,0,asymmetric_burst,20260928,0.0,uncorrected,14,0.0,0.0,0.0,0.0,0.0,6,0.0
B2,synthetic,0,asymmetric_burst,20260928,0.0,V7,14,0.3526490402094826,0.024528366420203077,0.3044595403153971,0.07253750936047403,1.3020833333333333,6,0.04016196686334897
B2,synthetic,0,asymmetric_burst,20260928,0.0,shrink,14,1.1726019415284588,0.08155987060043096,0.759676426140404,0.25709788528631144,3.2552083333333335,6,0.12586171244710834
B2,synthetic,0,asymmetric_burst,20260928,0.0,gated,14,0.06460816790321824,0.004493795914280011,0.045390323160197525,0.003618744057205525,0.0,6,0.006324049355591069
B2,synthetic,0,asymmetric_burst,20260928,0.5,uncorrected,14,6.244746492555677,0.43435090615784644,6.443717376865224,2.1801192217465704,8.463541666666666,6,0.810083372340112
B2,synthetic,0,asymmetric_burst,20260928,0.5,V7,14,5.726882672514227,0.39833109017820484,5.932378107700265,1.899956705906351,9.114583333333334,6,0.7367939601707686
B2,synthetic,0,asymmetric_burst,20260928,0.5,shrink,14,4.882209007075342,0.3395801428934095,4.805467883833774,1.6757500222239186,7.161458333333333,6,0.623257503965887
B2,synthetic,0,asymmetric_burst,20260928,0.5,gated,14,5.83732929390712,0.40601316184296554,6.154959255607303,2.009975403449101,8.463541666666666,6,0.7598691118797118
B2,synthetic,0,asymmetric_burst,20260928,1.0,uncorrected,14,12.489492985111355,0.8687018123156929,12.887434753730446,4.489209752379794,17.578125,6,1.6291372937569657
B2,synthetic,0,asymmetric_burst,20260928,1.0,V7,14,11.333388879558328,0.7882894422605786,11.762227281603252,3.840918904281662,20.182291666666668,6,1.4645016232813681
B2,synthetic,0,asymmetric_burst,20260928,1.0,shrink,14,9.495704311165186,0.660470009003299,9.608309696804712,3.3786122833634002,9.114583333333334,6,1.229619184682092
B2,synthetic,0,asymmetric_burst,20260928,1.0,gated,14,11.197898169071168,0.778865438748791,11.864536904295091,3.845279780486788,20.182291666666668,6,1.4589389917600237
B2,synthetic,0,asymmetric_burst,20260928,2.0,uncorrected,14,24.97898597022271,1.7374036246313858,25.774869507460892,8.890532232758945,20.833333333333332,6,3.252161622595543
B2,synthetic,0,asymmetric_burst,20260928,2.0,V7,14,22.94648441010995,1.5960337715149115,23.114772386422896,7.317898335841769,20.833333333333332,6,2.9088968235146715
B2,synthetic,0,asymmetric_burst,20260928,2.0,shrink,14,18.8267806546997,1.3094893839408999,19.258993834962048,6.795677383060074,20.833333333333332,6,2.451935974806572
B2,synthetic,0,asymmetric_burst,20260928,2.0,gated,14,22.215111380137696,1.5451634057303991,22.554681337756783,7.024370720062893,20.833333333333332,6,2.818131801725723
B2,synthetic,0,asymmetric_burst,20260929,0.0,uncorrected,14,0.0,0.0,0.0,0.0,0.0,6,0.0
B2,synthetic,0,asymmetric_burst,20260929,0.0,V7,14,0.3526490402094826,0.024528366420203077,0.3044595403153971,0.07253750936047403,1.3020833333333333,6,0.04016196686334897
B2,synthetic,0,asymmetric_burst,20260929,0.0,shrink,14,1.1726019415284588,0.08155987060043096,0.759676426140404,0.25709788528631144,3.2552083333333335,6,0.12586171244710834
B2,synthetic,0,asymmetric_burst,20260929,0.0,gated,14,0.06460816790321824,0.004493795914280011,0.045390323160197525,0.003618744057205525,0.0,6,0.006324049355591069
B2,synthetic,0,asymmetric_burst,20260929,0.5,uncorrected,14,6.048308380919714,0.420687729935284,5.361700746751422,2.8983182332445985,11.71875,6,0.8087446258848253
B2,synthetic,0,asymmetric_burst,20260929,0.5,V7,14,5.4753815317487895,0.38083802644512554,4.851354944809101,2.6580602711939196,11.71875,6,0.7344354219892256
B2,synthetic,0,asymmetric_burst,20260929,0.5,shrink,14,4.67754251018399,0.3253446445443757,4.230273233622673,2.206829108299027,8.463541666666666,6,0.6259572845166624
B2,synthetic,0,asymmetric_burst,20260929,0.5,gated,14,5.6058786720568134,0.3899147041311401,4.960502321406199,2.7062692554215197,13.671875,6,0.7506611083663499
B2,synthetic,0,asymmetric_burst,20260929,1.0,uncorrected,14,12.096616761839428,0.841375459870568,10.723401493502843,5.563895824489417,22.786458333333332,6,1.6013010672095769
B2,synthetic,0,asymmetric_burst,20260929,1.0,V7,14,10.83356737831508,0.7535245527264749,9.597288665442969,5.0351920328944635,22.786458333333332,6,1.4375132048687362
B2,synthetic,0,asymmetric_burst,20260929,1.0,shrink,14,9.139945355986653,0.6357253336606294,8.2191623204378,4.282314755170138,13.020833333333334,6,1.2194203803013173
B2,synthetic,0,asymmetric_burst,20260929,1.0,gated,14,10.747892412238059,0.7475654638835638,9.434837303737591,5.050065420475781,22.786458333333332,6,1.426939008151962
B2,synthetic,0,asymmetric_burst,20260929,2.0,uncorrected,14,24.193233523678856,1.682750919741136,21.44680298700569,10.377460052582443,23.4375,6,3.1504131129429185
B2,synthetic,0,asymmetric_burst,20260929,2.0,V7,14,21.53145821652674,1.497612176634697,18.88065351707196,9.234351444244739,25.390625,6,2.796522133868909
B2,synthetic,0,asymmetric_burst,20260929,2.0,shrink,14,18.174745146101337,1.2641373085052665,16.244919429369045,8.08371264900907,23.4375,6,2.3913513050881394
B2,synthetic,0,asymmetric_burst,20260929,2.0,gated,14,20.697036915588317,1.4395743285631917,17.886213590630145,8.961809558019697,25.390625,6,2.684943800650222
B2,synthetic,0,direction_step,20260927,0.0,uncorrected,14,0.0,0.0,0.0,0.0,0.0,6,0.0
B2,synthetic,0,direction_step,20260927,0.0,V7,14,0.3526490402094826,0.024528366420203077,0.3044595403153971,0.07253750936047403,1.3020833333333333,6,0.04016196686334897
B2,synthetic,0,direction_step,20260927,0.0,shrink,14,1.1726019415284588,0.08155987060043096,0.759676426140404,0.25709788528631144,3.2552083333333335,6,0.12586171244710834
B2,synthetic,0,direction_step,20260927,0.0,gated,14,0.06460816790321824,0.004493795914280011,0.045390323160197525,0.003618744057205525,0.0,6,0.006324049355591069
B2,synthetic,0,direction_step,20260927,0.5,uncorrected,14,8.218397377105484,0.5716274234937182,20.907610564017112,6.946815592789394,9.114583333333334,6,1.78192082030133
B2,synthetic,0,direction_step,20260927,0.5,V7,14,7.000259897872339,0.48690034633206125,17.80284143658609,5.910664240751778,8.463541666666666,6,1.517149137330644
B2,synthetic,0,direction_step,20260927,0.5,shrink,14,6.215581019445081,0.4323223130533528,15.605183448521716,5.218698833755172,7.161458333333333,6,1.3380130980934064
B2,synthetic,0,direction_step,20260927,0.5,gated,14,6.996797486333183,0.4866595196481732,17.866849304465816,5.968081053372374,8.463541666666666,6,1.5231279357899299
B2,synthetic,0,direction_step,20260927,1.0,uncorrected,14,16.43679475421097,1.1432548469874364,41.815221128034224,13.008475511848337,13.020833333333334,6,3.5022749830235407
B2,synthetic,0,direction_step,20260927,1.0,V7,14,13.956601353002272,0.9707459625121546,35.46072616935051,11.241776106972651,12.369791666666666,6,2.985891801694725
B2,synthetic,0,direction_step,20260927,1.0,shrink,14,12.32382699831151,0.8571789792316237,31.27675805746615,10.026062310089078,11.71875,6,2.6422591846236294
B2,synthetic,0,direction_step,20260927,1.0,gated,14,13.18268583572526,0.9169165706193674,33.60843152830424,10.734655665407635,11.71875,6,2.8323720297405623
B2,synthetic,0,direction_step,20260927,2.0,uncorrected,14,32.87358950842194,2.286509693974873,83.63044225606845,23.00162554546068,22.4609375,4,6.79482017871401
B2,synthetic,0,direction_step,20260927,2.0,V7,14,27.922614698805447,1.942146572511873,70.9668685639114,20.086718819469308,21.875,5,5.80730689306415
B2,synthetic,0,direction_step,20260927,2.0,shrink,14,24.62351879751169,1.7126792441044172,62.633624265507855,18.128595480506075,18.75,5,5.151835281545769
B2,synthetic,0,direction_step,20260927,2.0,gated,14,25.518664855120043,1.774940778936825,64.95720407702251,18.693340173782776,20.3125,5,5.334185256877288
B2,synthetic,0,direction_step,20260928,0.0,uncorrected,14,0.0,0.0,0.0,0.0,0.0,6,0.0
B2,synthetic,0,direction_step,20260928,0.0,V7,14,0.3526490402094826,0.024528366420203077,0.3044595403153971,0.07253750936047403,1.3020833333333333,6,0.04016196686334897
B2,synthetic,0,direction_step,20260928,0.0,shrink,14,1.1726019415284588,0.08155987060043096,0.759676426140404,0.25709788528631144,3.2552083333333335,6,0.12586171244710834
B2,synthetic,0,direction_step,20260928,0.0,gated,14,0.06460816790321824,0.004493795914280011,0.045390323160197525,0.003618744057205525,0.0,6,0.006324049355591069
B2,synthetic,0,direction_step,20260928,0.5,uncorrected,14,8.489925974523528,0.5905134891613782,21.314869986144085,7.037956024060841,14.973958333333334,6,1.821309508226608
B2,synthetic,0,direction_step,20260928,0.5,V7,14,7.245741133127257,0.5039746978857758,18.217440978005445,6.047743899436518,14.322916666666666,6,1.5581766657503697
B2,synthetic,0,direction_step,20260928,0.5,shrink,14,6.434696013129959,0.44756277096037145,15.905774090378898,5.279716262689772,5.859375,6,1.367951331882152
B2,synthetic,0,direction_step,20260928,0.5,gated,14,7.206634601155297,0.5012546583102765,18.265627968358768,6.09576294445462,13.671875,6,1.5604723857763652
B2,synthetic,0,direction_step,20260928,1.0,uncorrected,14,16.979851949047056,1.1810269783227565,42.629739972288164,12.561987521772915,10.15625,5,3.5373185866186234
B2,synthetic,0,direction_step,20260928,1.0,V7,14,14.426054296223656,1.0033985788400956,36.20147530547113,11.0248548726449,18.880208333333332,6,3.029217804786907
B2,synthetic,0,direction_step,20260928,1.0,shrink,14,12.7485029977643,0.8867171527036293,31.882978740981965,9.929343020840605,18.880208333333332,6,2.68615280723792
B2,synthetic,0,direction_step,20260928,1.0,gated,14,13.589141851348883,0.9451874602239151,34.27681168110647,10.56988779753334,18.229166666666668,6,2.8724270149660636
B2,synthetic,0,direction_step,20260928,2.0,uncorrected,14,33.95970389809411,2.362053956645513,85.25947994457634,22.356328116970516,13.671875,4,6.8821345709433
B2,synthetic,0,direction_step,20260928,2.0,V7,14,28.855046687511827,2.0070015157362264,72.3815569903934,19.509848353499326,14.0625,5,5.881236886880955
B2,synthetic,0,direction_step,20260928,2.0,shrink,14,25.456403041135566,1.7706101827540293,63.85082716685352,17.534051081662962,13.28125,5,5.210743952951614
B2,synthetic,0,direction_step,20260928,2.0,gated,14,26.33316861837869,1.8315932704450246,66.21138845640962,18.129526579611262,13.28125,5,5.395239066411473
B2,synthetic,0,direction_step,20260929,0.0,uncorrected,14,0.0,0.0,0.0,0.0,0.0,6,0.0
B2,synthetic,0,direction_step,20260929,0.0,V7,14,0.3526490402094826,0.024528366420203077,0.3044595403153971,0.07253750936047403,1.3020833333333333,6,0.04016196686334897
B2,synthetic,0,direction_step,20260929,0.0,shrink,14,1.1726019415284588,0.08155987060043096,0.759676426140404,0.25709788528631144,3.2552083333333335,6,0.12586171244710834
B2,synthetic,0,direction_step,20260929,0.0,gated,14,0.06460816790321824,0.004493795914280011,0.045390323160197525,0.003618744057205525,0.0,6,0.006324049355591069
B2,synthetic,0,direction_step,20260929,0.5,uncorrected,14,7.743175637509438,0.538573560784397,18.065176953416913,6.224218030505132,5.208333333333333,6,1.5997547855759757
B2,synthetic,0,direction_step,20260929,0.5,V7,14,6.607517146103476,0.4595832774452635,15.38630847316275,5.306776934049396,4.557291666666667,6,1.3637884186282248
B2,synthetic,0,direction_step,20260929,0.5,shrink,14,5.8812847093911795,0.40907046361955574,13.466353084749798,4.633220300213943,5.208333333333333,6,1.1996557618720183
B2,synthetic,0,direction_step,20260929,0.5,gated,14,6.667920019587234,0.4637845757467212,15.746904344747191,5.47339454944495,3.2552083333333335,6,1.3921192927576664
B2,synthetic,0,direction_step,20260929,1.0,uncorrected,14,15.486351275018876,1.077147121568794,36.13035390683382,11.776850743915466,7.161458333333333,6,3.1527977164129055
B2,synthetic,0,direction_step,20260929,1.0,V7,14,13.156741053967814,0.9151119914455212,30.644466708137564,10.154742013827496,7.161458333333333,6,2.687153074361942
B2,synthetic,0,direction_step,20260929,1.0,shrink,14,11.62993505678537,0.8089155959322705,27.00467863513499,9.011321922679178,8.463541666666666,6,2.37484452071556
B2,synthetic,0,direction_step,20260929,1.0,gated,14,12.501377183806813,0.8695284131198225,29.366691134447596,9.807302169777758,7.161458333333333,6,2.572965862444655
B2,synthetic,0,direction_step,20260929,2.0,uncorrected,14,30.972702550037752,2.154294243137588,72.26070781366764,21.14656472642262,19.53125,4,6.138167974431791
B2,synthetic,0,direction_step,20260929,2.0,V7,14,26.330047759461348,1.831376200320504,61.32063937936568,18.49450139229575,18.5546875,4,5.2503206049390005
B2,synthetic,0,direction_step,20260929,2.0,shrink,14,23.215108094229347,1.6147177870713172,54.09719041423125,16.670263091980853,13.28125,5,4.655565920944501
B2,synthetic,0,direction_step,20260929,2.0,gated,14,24.144610579239803,1.6793689698089265,56.4521652338313,17.31675026578141,15.625,5,4.847082944295532
B2,synthetic,1,asymmetric_burst,20260927,0.0,uncorrected,14,0.0,0.0,0.0,0.0,0.0,6,0.0
B2,synthetic,1,asymmetric_burst,20260927,0.0,V7,14,0.45053339950112853,0.029563051832753172,0.4440857425682442,0.15701305200819102,0.0,6,0.054435902369941135
B2,synthetic,1,asymmetric_burst,20260927,0.0,shrink,14,1.1888392113135318,0.07800912266168916,1.2479712028734062,0.658624177288155,2.6041666666666665,6,0.16217127226397204
B2,synthetic,1,asymmetric_burst,20260927,0.0,gated,14,0.17884712673236136,0.011735571399550657,0.05324747153634657,0.005195882005855819,0.0,6,0.013823507633786852
B2,synthetic,1,asymmetric_burst,20260927,0.5,uncorrected,14,6.559653485034596,0.4304306322188484,3.937971773454503,1.6092061873895622,8.463541666666666,6,0.6652240523554991
B2,synthetic,1,asymmetric_burst,20260927,0.5,V7,14,5.982609005494425,0.39256619003245413,3.5715111423527603,1.2771716471025167,7.161458333333333,6,0.5935490166424104
B2,synthetic,1,asymmetric_burst,20260927,0.5,shrink,14,5.026142235995946,0.3298048571006463,3.7024500155571154,1.192391631238353,7.8125,6,0.5295205642111943
B2,synthetic,1,asymmetric_burst,20260927,0.5,gated,14,6.110962002831179,0.4009884431159265,3.6402498320165924,1.3207285994020375,7.8125,6,0.6070846290545855
B2,synthetic,1,asymmetric_burst,20260927,1.0,uncorrected,14,13.119306970069193,0.8608612644376968,7.875943546909008,3.355579110227165,9.765625,6,1.3394486967076629
B2,synthetic,1,asymmetric_burst,20260927,1.0,V7,14,11.897238968822439,0.7806717386355896,7.012380349869709,2.569117854787418,9.114583333333334,6,1.1793206432040315
B2,synthetic,1,asymmetric_burst,20260927,1.0,shrink,14,9.875148528339228,0.6479864270278092,6.580646967569862,2.400093313301255,10.416666666666666,6,1.0213795803622865
B2,synthetic,1,asymmetric_burst,20260927,1.0,gated,14,11.762950818478375,0.7718600333246358,6.829701110243127,2.4239177895992925,9.765625,6,1.1549877024509483
B2,synthetic,1,asymmetric_burst,20260927,2.0,uncorrected,14,26.238613940138386,1.7217225288753937,15.751887093818015,7.085737549154395,20.833333333333332,6,2.703476499253205
B2,synthetic,1,asymmetric_burst,20260927,2.0,V7,14,23.904177643475563,1.5685417406920517,13.640510370976767,5.24721677993605,20.833333333333332,6,2.3603838096688814
B2,synthetic,1,asymmetric_burst,20260927,2.0,shrink,14,19.678783512705596,1.2912802860694168,12.443339362837108,5.025413208234588,20.182291666666668,6,2.0292901534893666
B2,synthetic,1,asymmetric_burst,20260927,2.0,gated,14,23.077241623495986,1.5142799424588984,12.856298546709729,4.798432395929118,11.067708333333334,6,2.2509445630201705
B2,synthetic,1,asymmetric_burst,20260928,0.0,uncorrected,14,0.0,0.0,0.0,0.0,0.0,6,0.0
B2,synthetic,1,asymmetric_burst,20260928,0.0,V7,14,0.45053339950112853,0.029563051832753172,0.4440857425682442,0.15701305200819102,0.0,6,0.054435902369941135
B2,synthetic,1,asymmetric_burst,20260928,0.0,shrink,14,1.1888392113135318,0.07800912266168916,1.2479712028734062,0.658624177288155,2.6041666666666665,6,0.16217127226397204
B2,synthetic,1,asymmetric_burst,20260928,0.0,gated,14,0.17884712673236136,0.011735571399550657,0.05324747153634657,0.005195882005855819,0.0,6,0.013823507633786852
B2,synthetic,1,asymmetric_burst,20260928,0.5,uncorrected,14,6.353309489305939,0.41689077424636883,5.727313262603649,2.9108257952497936,7.161458333333333,6,0.7958001369539836
B2,synthetic,1,asymmetric_burst,20260928,0.5,V7,14,5.842325461284249,0.3833610796158681,5.164001341525668,2.646628682199404,6.510416666666667,6,0.7264527144359191
B2,synthetic,1,asymmetric_burst,20260928,0.5,shrink,14,4.940251832234359,0.32416890988529773,3.9007294741951823,2.2175019582728623,7.8125,6,0.5976555354799309
B2,synthetic,1,asymmetric_burst,20260928,0.5,gated,14,5.989831991038491,0.39304014711590873,5.18742020281822,2.750829267672765,6.510416666666667,6,0.7437375528250312
B2,synthetic,1,asymmetric_burst,20260928,1.0,uncorrected,14,12.706618978611878,0.8337815484927377,11.4546265252073,5.4735465438307145,7.161458333333333,6,1.5687583546422479
B2,synthetic,1,asymmetric_burst,20260928,1.0,V7,14,11.485718877563079,0.7536686578393803,10.161131204341078,4.94994878980543,7.161458333333333,6,1.4118498652870635
B2,synthetic,1,asymmetric_burst,20260928,1.0,shrink,14,9.63374002201125,0.6321457097949824,8.110260821792593,4.230663323805293,7.161458333333333,6,1.1758420260408349
B2,synthetic,1,asymmetric_burst,20260928,1.0,gated,14,11.484811483058962,0.7536091165250457,9.862008402107932,4.995540415102043,7.161458333333333,6,1.4049680464789656
B2,synthetic,1,asymmetric_burst,20260928,2.0,uncorrected,14,25.413237957223757,1.6675630969854753,22.9092530504146,9.84099795415453,21.484375,6,3.064937078562271
B2,synthetic,1,asymmetric_burst,20260928,2.0,V7,14,22.782103230350803,1.494913583329813,20.245410939942545,8.850894021095236,22.135416666666668,6,2.7399211806120505
B2,synthetic,1,asymmetric_burst,20260928,2.0,shrink,14,19.1270748300444,1.2550783254597193,16.661475220033395,7.714683919293343,16.276041666666668,6,2.3079450582582455
B2,synthetic,1,asymmetric_burst,20260928,2.0,gated,14,22.059008823954912,1.4474656528546783,19.04767654863538,8.748283830321656,22.135416666666668,6,2.646443782937784
B2,synthetic,1,asymmetric_burst,20260929,0.0,uncorrected,14,0.0,0.0,0.0,0.0,0.0,6,0.0
B2,synthetic,1,asymmetric_burst,20260929,0.0,V7,14,0.45053339950112853,0.029563051832753172,0.4440857425682442,0.15701305200819102,0.0,6,0.054435902369941135
B2,synthetic,1,asymmetric_burst,20260929,0.0,shrink,14,1.1888392113135318,0.07800912266168916,1.2479712028734062,0.658624177288155,2.6041666666666665,6,0.16217127226397204
B2,synthetic,1,asymmetric_burst,20260929,0.0,gated,14,0.17884712673236136,0.011735571399550657,0.05324747153634657,0.005195882005855819,0.0,6,0.013823507633786852
B2,synthetic,1,asymmetric_burst,20260929,0.5,uncorrected,14,5.586408902165017,0.36656837454565777,4.886200763036599,1.656073830960566,5.859375,6,0.635547544234706
B2,synthetic,1,asymmetric_burst,20260929,0.5,V7,14,5.075756414284636,0.3330604348802562,4.5205047360751225,1.424764009719393,5.859375,6,0.5748634406081374
B2,synthetic,1,asymmetric_burst,20260929,0.5,shrink,14,4.319752856943575,0.28345307530121666,4.038316501638214,1.084280691100921,7.161458333333333,6,0.48709419580717067
B2,synthetic,1,asymmetric_burst,20260929,0.5,gated,14,5.282533583323111,0.3466287167720831,4.684586632699001,1.541655881467709,5.859375,6,0.6014852747497845
B2,synthetic,1,asymmetric_burst,20260929,1.0,uncorrected,14,11.172817804330034,0.7331367490913155,9.772401526073198,3.3150464238701525,10.416666666666666,6,1.2712852991171568
B2,synthetic,1,asymmetric_burst,20260929,1.0,V7,14,9.972784095470391,0.654393067101586,8.883791032152343,2.8231147768830156,9.765625,6,1.1311077259793898
B2,synthetic,1,asymmetric_burst,20260929,1.0,shrink,14,8.427108092029549,0.5529690664460032,7.610380795032043,2.325166018284373,8.463541666666666,6,0.9552301300524629
B2,synthetic,1,asymmetric_burst,20260929,1.0,gated,14,10.076591231707505,0.6612046725288098,9.12531836516134,2.9632724713774565,9.114583333333334,6,1.155040441024736
B2,synthetic,1,asymmetric_burst,20260929,2.0,uncorrected,14,22.345635608660068,1.466273498182631,19.544803052146396,6.524932389615401,10.416666666666666,6,2.5356701906779704
B2,synthetic,1,asymmetric_burst,20260929,2.0,V7,14,20.07836686493815,1.317500103216462,17.349130949335787,5.419395256766246,10.416666666666666,6,2.2423160926492978
B2,synthetic,1,asymmetric_burst,20260929,2.0,shrink,14,16.764689165594202,1.1000635586867638,14.890119882080578,4.8190067489135755,11.067708333333334,6,1.9048057590139997
B2,synthetic,1,asymmetric_burst,20260929,2.0,gated,14,19.584086258170398,1.285066451873454,17.0818685909096,5.282247270081462,10.416666666666666,6,2.192114483313536
B2,synthetic,1,direction_step,20260927,0.0,uncorrected,14,0.0,0.0,0.0,0.0,0.0,6,0.0
B2,synthetic,1,direction_step,20260927,0.0,V7,14,0.45053339950112853,0.029563051832753172,0.4440857425682442,0.15701305200819102,0.0,6,0.054435902369941135
B2,synthetic,1,direction_step,20260927,0.0,shrink,14,1.1888392113135318,0.07800912266168916,1.2479712028734062,0.658624177288155,2.6041666666666665,6,0.16217127226397204
B2,synthetic,1,direction_step,20260927,0.0,gated,14,0.17884712673236136,0.011735571399550657,0.05324747153634657,0.005195882005855819,0.0,6,0.013823507633786852
B2,synthetic,1,direction_step,20260927,0.5,uncorrected,14,8.91805176925242,0.5851837555073983,22.097358388703803,7.453609849728784,7.161458333333333,6,1.7992649549043995
B2,synthetic,1,direction_step,20260927,0.5,V7,14,7.661315604831443,0.5027193779273745,18.998847494155044,6.475491291419888,6.510416666666667,6,1.5509596234449416
B2,synthetic,1,direction_step,20260927,0.5,shrink,14,6.81607485874807,0.4472564621584514,16.878253652685796,5.788907414221924,7.161458333333333,6,1.3808700725983387
B2,synthetic,1,direction_step,20260927,0.5,gated,14,7.659629705500378,0.5026087527675879,19.115166084072293,6.544140813122778,6.510416666666667,6,1.5591699254882556
B2,synthetic,1,direction_step,20260927,1.0,uncorrected,14,17.83610353850484,1.1703675110147966,44.194716777407606,13.82730880217044,20.833333333333332,6,3.5276684334640818
B2,synthetic,1,direction_step,20260927,1.0,V7,14,15.218699186123365,0.9986189555860366,37.68575165943401,12.051490612676895,19.53125,6,3.0258421481126834
B2,synthetic,1,direction_step,20260927,1.0,shrink,14,13.452788468146965,0.8827436172751421,33.42937876081864,10.833669631712842,10.416666666666666,6,2.6904088564881574
B2,synthetic,1,direction_step,20260927,1.0,gated,14,14.378810992355186,0.9435072630154531,35.726731795294995,11.5326254455221,18.880208333333332,6,2.872410240498501
B2,synthetic,1,direction_step,20260927,2.0,uncorrected,14,35.67220707700968,2.3407350220295933,88.38943355481523,24.102436515624802,28.90625,5,6.822250232815533
B2,synthetic,1,direction_step,20260927,2.0,V7,14,30.365568098875872,1.9925245600705237,75.12274493746233,21.072545093833238,26.5625,5,5.839958614857235
B2,synthetic,1,direction_step,20260927,2.0,shrink,14,26.803621202793803,1.758797114267419,66.56432161045454,19.05307140922018,26.5625,5,5.192924715790573
B2,synthetic,1,direction_step,20260927,2.0,gated,14,27.7532731585753,1.8211112734905324,68.72447206033934,19.62612895498425,25.78125,5,5.3637139621902055
B2,synthetic,1,direction_step,20260928,0.0,uncorrected,14,0.0,0.0,0.0,0.0,0.0,6,0.0
B2,synthetic,1,direction_step,20260928,0.0,V7,14,0.45053339950112853,0.029563051832753172,0.4440857425682442,0.15701305200819102,0.0,6,0.054435902369941135
B2,synthetic,1,direction_step,20260928,0.0,shrink,14,1.1888392113135318,0.07800912266168916,1.2479712028734062,0.658624177288155,2.6041666666666665,6,0.16217127226397204
B2,synthetic,1,direction_step,20260928,0.0,gated,14,0.17884712673236136,0.011735571399550657,0.05324747153634657,0.005195882005855819,0.0,6,0.013823507633786852
B2,synthetic,1,direction_step,20260928,0.5,uncorrected,14,8.133644674987726,0.5337126157175317,20.292640720996754,7.103493463786677,8.463541666666666,6,1.665609031737636
B2,synthetic,1,direction_step,20260928,0.5,V7,14,7.010318807271581,0.4600023405434008,17.548510833163483,6.177883307977699,8.463541666666666,6,1.4411301606209428
B2,synthetic,1,direction_step,20260928,0.5,shrink,14,6.251530462057151,0.4102122490551735,15.504408099270549,5.535748723003995,7.8125,6,1.2821396955079574
B2,synthetic,1,direction_step,20260928,0.5,gated,14,7.096480574973776,0.4656560940884257,17.8131138163613,6.303069304783111,8.463541666666666,6,1.463679700303935
B2,synthetic,1,direction_step,20260928,1.0,uncorrected,14,16.267289349975453,1.0674252314350634,40.58528144199351,13.26838987787344,13.671875,6,3.269629303882592
B2,synthetic,1,direction_step,20260928,1.0,V7,14,13.868232502830873,0.9100041789661687,34.580512349078035,11.492510887661453,14.322916666666666,6,2.7986686719695597
B2,synthetic,1,direction_step,20260928,1.0,shrink,14,12.295349739923063,0.8067949281133446,30.69985480022078,10.358351912806945,11.71875,6,2.493718016834911
B2,synthetic,1,direction_step,20260928,1.0,gated,14,13.223055955165313,0.8676690541096465,33.0602146756999,11.068857791338745,14.322916666666666,6,2.6786549600336067
B2,synthetic,1,direction_step,20260928,2.0,uncorrected,14,32.534578699950906,2.134850462870127,81.17056288398703,23.86954660047606,23.4375,5,6.364240391343006
B2,synthetic,1,direction_step,20260928,2.0,V7,14,27.799445975149748,1.8241410363697463,69.30239234516208,20.77201383264003,24.21875,5,5.460895230256787
B2,synthetic,1,direction_step,20260928,2.0,shrink,14,24.467135149604225,1.6054818253822154,61.12663446344505,18.705903339082678,24.21875,5,4.838424206805848
B2,synthetic,1,direction_step,20260928,2.0,gated,14,25.60789241829163,1.6803359123381176,63.908759480324626,19.362352364710972,23.4375,5,5.047631683936239
B2,synthetic,1,direction_step,20260929,0.0,uncorrected,14,0.0,0.0,0.0,0.0,0.0,6,0.0
B2,synthetic,1,direction_step,20260929,0.0,V7,14,0.45053339950112853,0.029563051832753172,0.4440857425682442,0.15701305200819102,0.0,6,0.054435902369941135
B2,synthetic,1,direction_step,20260929,0.0,shrink,14,1.1888392113135318,0.07800912266168916,1.2479712028734062,0.658624177288155,2.6041666666666665,6,0.16217127226397204
B2,synthetic,1,direction_step,20260929,0.0,gated,14,0.17884712673236136,0.011735571399550657,0.05324747153634657,0.005195882005855819,0.0,6,0.013823507633786852
B2,synthetic,1,direction_step,20260929,0.5,uncorrected,14,7.834123700057405,0.5140586808113369,18.818606469502164,6.756977684843709,3.90625,6,1.574855951997071
B2,synthetic,1,direction_step,20260929,0.5,V7,14,6.7416989645225,0.4423760727832517,16.294252106881643,5.879671769504365,3.90625,6,1.36278497375806
B2,synthetic,1,direction_step,20260929,0.5,shrink,14,6.005859736477735,0.394091853980943,14.388508754144517,5.228964520578728,4.557291666666667,6,1.2092772866426893
B2,synthetic,1,direction_step,20260929,0.5,gated,14,6.835313738832253,0.4485188769089729,16.5946601348274,6.00280573940812,3.90625,6,1.3868636401176417
B2,synthetic,1,direction_step,20260929,1.0,uncorrected,14,15.668247400114808,1.0281173616226735,37.63721293900433,13.069404454792368,5.208333333333333,6,3.120541410188594
B2,synthetic,1,direction_step,20260929,1.0,V7,14,13.337946485003727,0.8752079284582883,32.09027568239928,11.269160570881338,5.859375,6,2.6675146045577036
B2,synthetic,1,direction_step,20260929,1.0,shrink,14,11.822543913828717,0.7757704066036584,28.47645306825839,10.049380462555373,7.161458333333333,6,2.3694719730836944
B2,synthetic,1,direction_step,20260929,1.0,gated,14,12.71552631350157,0.8343660290292022,30.731031830186918,10.835883336789337,5.859375,6,2.553646608519583
B2,synthetic,1,direction_step,20260929,2.0,uncorrected,14,31.33649480022962,2.0562347232453475,75.27442587800866,23.247980735259986,22.4609375,4,6.051392770201604
B2,synthetic,1,direction_step,20260929,2.0,V7,14,26.6566772785136,1.7491549637524653,64.04076916627135,20.3830392331441,6.8359375,4,5.187757154422084
B2,synthetic,1,direction_step,20260929,2.0,shrink,14,23.543841534115995,1.5448972448788554,56.69117302647029,18.448714199704664,4.8828125,4,4.6154406030092066
B2,synthetic,1,direction_step,20260929,2.0,gated,14,24.48417746871096,1.6066001064323232,58.95104925634131,19.08487437539088,6.8359375,4,4.793031110995103
B2,synthetic,2,asymmetric_burst,20260927,0.0,uncorrected,11,0.0,0.0,0.0,0.0,0.0,6,0.0
B2,synthetic,2,asymmetric_burst,20260927,0.0,V7,11,0.12213690415137082,0.00848771641690198,0.03478537726705236,0.005895225748957955,0.0,6,0.010106074230971396
B2,synthetic,2,asymmetric_burst,20260927,0.0,shrink,11,0.9109819131103138,0.06330728777785546,0.6040695854076614,0.30875716636633993,2.6041666666666665,6,0.10575333612280546
B2,synthetic,2,asymmetric_burst,20260927,0.0,gated,11,0.0,0.0,0.0,0.0,0.0,6,0.0
B2,synthetic,2,asymmetric_burst,20260927,0.5,uncorrected,11,6.687637967866553,0.46474712098325965,6.390708314723135,2.6499166068997995,9.765625,6,0.8709552279577931
B2,synthetic,2,asymmetric_burst,20260927,0.5,V7,11,6.042851662492759,0.4199386877947777,5.698634848795451,2.4559338546109952,11.71875,6,0.7886189707076728
B2,synthetic,2,asymmetric_burst,20260927,0.5,shrink,11,5.128406753908455,0.35639074446944075,4.930738771065931,2.0674998002643004,9.765625,6,0.6713955210460439
B2,synthetic,2,asymmetric_burst,20260927,0.5,gated,11,6.223091526332264,0.43246418008492743,5.841586473173919,2.568295939644103,11.71875,6,0.8139199950873616
B2,synthetic,2,asymmetric_burst,20260927,1.0,uncorrected,11,13.375275935733105,0.9294942419665193,12.78141662944627,4.878689146939419,13.671875,6,1.712643696331277
B2,synthetic,2,asymmetric_burst,20260927,1.0,V7,11,12.164667460797558,0.8453648668317413,11.645133618492018,4.443107043228395,13.020833333333334,6,1.5587620918033258
B2,synthetic,2,asymmetric_burst,20260927,1.0,shrink,11,10.103775923334808,0.7021463772399481,9.705965508506937,3.769570613434355,13.671875,6,1.3013574697680041
B2,synthetic,2,asymmetric_burst,20260927,1.0,gated,11,12.11145286987707,0.841666800632071,11.420869138587914,4.555874046657771,13.671875,6,1.5551081375158151
B2,synthetic,2,asymmetric_burst,20260927,2.0,uncorrected,11,26.75055187146621,1.8589884839330386,25.56283325889254,8.996624449210174,24.739583333333332,6,3.3724199735849183
B2,synthetic,2,asymmetric_burst,20260927,2.0,V7,11,23.99833580342759,1.6677274587264272,22.42592163639188,8.174309720770532,19.53125,6,3.0150160245849955
B2,synthetic,2,asymmetric_burst,20260927,2.0,shrink,11,20.114744465777644,1.397843248199385,19.282941172913933,7.005626700157086,14.973958333333334,6,2.5547076858163966
B2,synthetic,2,asymmetric_burst,20260927,2.0,gated,11,23.25563420370589,1.616114552663207,21.362193984657925,8.096234694800499,25.390625,6,2.921016355552679
B2,synthetic,2,asymmetric_burst,20260928,0.0,uncorrected,11,0.0,0.0,0.0,0.0,0.0,6,0.0
B2,synthetic,2,asymmetric_burst,20260928,0.0,V7,11,0.12213690415137082,0.00848771641690198,0.03478537726705236,0.005895225748957955,0.0,6,0.010106074230971396
B2,synthetic,2,asymmetric_burst,20260928,0.0,shrink,11,0.9109819131103138,0.06330728777785546,0.6040695854076614,0.30875716636633993,2.6041666666666665,6,0.10575333612280546
B2,synthetic,2,asymmetric_burst,20260928,0.0,gated,11,0.0,0.0,0.0,0.0,0.0,6,0.0
B2,synthetic,2,asymmetric_burst,20260928,0.5,uncorrected,11,5.14027857797597,0.357215758634787,4.8800314103481846,1.5940710593706056,5.208333333333333,6,0.63755841752679
B2,synthetic,2,asymmetric_burst,20260928,0.5,V7,11,4.702933894839958,0.32682316212441725,4.199976559840368,1.4196438979529502,6.510416666666667,6,0.5714145902857719
B2,synthetic,2,asymmetric_burst,20260928,0.5,shrink,11,3.960466339071352,0.2752265205859674,3.60643388709494,1.0980232490062327,5.208333333333333,6,0.47684374826020876
B2,synthetic,2,asymmetric_burst,20260928,0.5,gated,11,4.960494685708644,0.34472195338817035,4.512419806429647,1.5115658584840554,5.859375,6,0.6065577384850535
B2,synthetic,2,asymmetric_burst,20260928,1.0,uncorrected,11,10.28055715595194,0.714431517269574,9.760062820696369,3.019007302156423,7.161458333333333,6,1.263363070952787
B2,synthetic,2,asymmetric_burst,20260928,1.0,V7,11,9.296734009187036,0.6460622399234287,8.662055156102202,2.661655465088129,7.161458333333333,6,1.1320079995268235
B2,synthetic,2,asymmetric_burst,20260928,1.0,shrink,11,7.763116065177619,0.5394858182344392,7.241503682709265,2.203799311168213,6.510416666666667,6,0.9442540476393978
B2,synthetic,2,asymmetric_burst,20260928,1.0,gated,11,9.499143938927464,0.6601284068656709,8.773163398040456,2.7652379781325425,7.161458333333333,6,1.1571331222403143
B2,synthetic,2,asymmetric_burst,20260928,2.0,uncorrected,11,20.56111431190388,1.428863034539148,19.520125641392735,5.222416680782462,7.161458333333333,6,2.4700474178684844
B2,synthetic,2,asymmetric_burst,20260928,2.0,V7,11,18.632534591893876,1.2948393513242382,17.993084610095455,4.64126709861353,7.161458333333333,6,2.242577953103238
B2,synthetic,2,asymmetric_burst,20260928,2.0,shrink,11,15.44678417675399,1.07345052305311,14.549227837115657,4.0747508657531455,7.161458333333333,6,1.8621571835872452
B2,synthetic,2,asymmetric_burst,20260928,2.0,gated,11,18.33506676127402,1.2741672816742395,17.63987474376594,4.59112847821514,7.161458333333333,6,2.206148688726742
B2,synthetic,2,asymmetric_burst,20260929,0.0,uncorrected,11,0.0,0.0,0.0,0.0,0.0,6,0.0
B2,synthetic,2,asymmetric_burst,20260929,0.0,V7,11,0.12213690415137082,0.00848771641690198,0.03478537726705236,0.005895225748957955,0.0,6,0.010106074230971396
B2,synthetic,2,asymmetric_burst,20260929,0.0,shrink,11,0.9109819131103138,0.06330728777785546,0.6040695854076614,0.30875716636633993,2.6041666666666665,6,0.10575333612280546
B2,synthetic,2,asymmetric_burst,20260929,0.0,gated,11,0.0,0.0,0.0,0.0,0.0,6,0.0
B2,synthetic,2,asymmetric_burst,20260929,0.5,uncorrected,11,5.79068922763314,0.40241504698404135,7.518802178412334,2.683481679361975,13.671875,6,0.850153281606201
B2,synthetic,2,asymmetric_burst,20260929,0.5,V7,11,5.376198216171498,0.37361063125821664,6.984889062801555,2.417157111780463,13.020833333333334,6,0.7842893137800494
B2,synthetic,2,asymmetric_burst,20260929,0.5,shrink,11,4.344855745356684,0.3019390715293556,5.221244458178933,1.7281897360564187,11.71875,6,0.6034581398428792
B2,synthetic,2,asymmetric_burst,20260929,0.5,gated,11,5.61142660203644,0.3899574663634588,7.31795962172934,2.5996486979385893,13.020833333333334,6,0.8248912344211777
B2,synthetic,2,asymmetric_burst,20260929,1.0,uncorrected,11,11.58137845526628,0.8048300939680827,15.037604356824668,5.351318204074135,14.973958333333334,6,1.6992193272382397
B2,synthetic,2,asymmetric_burst,20260929,1.0,V7,11,10.582804441694071,0.7354357278067768,13.59281568342788,4.678219072673163,14.973958333333334,6,1.5328472875296584
B2,synthetic,2,asymmetric_burst,20260929,1.0,shrink,11,8.639979560005257,0.6004220989772899,10.85158153418082,3.7395677979418323,13.671875,6,1.2373546043468735
B2,synthetic,2,asymmetric_burst,20260929,1.0,gated,11,10.699081326600416,0.7435162111937035,13.799318738329475,4.794310871617643,14.973958333333334,6,1.5561706982309678
B2,synthetic,2,asymmetric_burst,20260929,2.0,uncorrected,11,23.16275691053256,1.6096601879361654,30.07520871364933,9.899716043125741,32.552083333333336,6,3.3426409378811694
B2,synthetic,2,asymmetric_burst,20260929,2.0,V7,11,21.010884761922686,1.4601191406193443,26.598107911339135,8.563042454043307,33.203125,6,2.979391926301223
B2,synthetic,2,asymmetric_burst,20260929,2.0,shrink,11,17.302108927475356,1.2023834647777962,22.125652112725962,7.430801122565666,31.901041666666668,6,2.4875696589531264
B2,synthetic,2,asymmetric_burst,20260929,2.0,gated,11,20.522332945963992,1.4261679831241398,25.8568850251494,8.220731014376382,33.203125,6,2.895897288904949
B2,synthetic,2,direction_step,20260927,0.0,uncorrected,11,0.0,0.0,0.0,0.0,0.0,6,0.0
B2,synthetic,2,direction_step,20260927,0.0,V7,11,0.12213690415137082,0.00848771641690198,0.03478537726705236,0.005895225748957955,0.0,6,0.010106074230971396
B2,synthetic,2,direction_step,20260927,0.0,shrink,11,0.9109819131103138,0.06330728777785546,0.6040695854076614,0.30875716636633993,2.6041666666666665,6,0.10575333612280546
B2,synthetic,2,direction_step,20260927,0.0,gated,11,0.0,0.0,0.0,0.0,0.0,6,0.0
B2,synthetic,2,direction_step,20260927,0.5,uncorrected,11,8.013809385955975,0.5569073652202791,20.479507328037933,7.381438973747553,8.463541666666666,6,1.7814650619799814
B2,synthetic,2,direction_step,20260927,0.5,V7,11,6.8692926083818495,0.47737093100383493,17.702332599605075,6.459962507125855,6.510416666666667,6,1.5413942926472972
B2,synthetic,2,direction_step,20260927,0.5,shrink,11,6.081847349621903,0.42264863313139933,15.489298623300696,5.722570126111047,5.208333333333333,6,1.35853234744467
B2,synthetic,2,direction_step,20260927,0.5,gated,11,7.016441968534414,0.48759684960379907,18.105685689990768,6.626267331405219,7.161458333333333,6,1.5771925108931772
B2,synthetic,2,direction_step,20260927,1.0,uncorrected,11,16.02761877191195,1.1138147304405581,40.95901465607587,13.373335339917906,14.0625,5,3.4663659963175855
B2,synthetic,2,direction_step,20260927,1.0,V7,11,13.649481915186566,0.948549765025589,34.87216340008299,11.81812321048242,11.71875,6,2.9815257685333827
B2,synthetic,2,direction_step,20260927,1.0,shrink,11,12.058052488106544,0.8379558231828571,30.84328681526354,10.644052708313644,11.71875,6,2.6493513090803513
B2,synthetic,2,direction_step,20260927,1.0,gated,11,13.066152819282598,0.9080122061431033,33.50421108179994,11.466220774589814,11.067708333333334,6,2.869001418941908
B2,synthetic,2,direction_step,20260927,2.0,uncorrected,11,32.0552375438239,2.2276294608811162,81.91802931215175,23.19076130928869,19.53125,4,6.685619536730748
B2,synthetic,2,direction_step,20260927,2.0,V7,11,27.267249287886003,1.894895576669578,69.66437990556364,20.370776869266802,21.09375,5,5.731140903278657
B2,synthetic,2,direction_step,20260927,2.0,shrink,11,24.061556589315103,1.6721208900647708,61.55970902196844,18.413673998751076,19.53125,5,5.090749538290005
B2,synthetic,2,direction_step,20260927,2.0,gated,11,25.100128092762166,1.7442948203046365,64.25150894159192,19.118453413826973,20.3125,5,5.30543227958066
B2,synthetic,2,direction_step,20260928,0.0,uncorrected,11,0.0,0.0,0.0,0.0,0.0,6,0.0
B2,synthetic,2,direction_step,20260928,0.0,V7,11,0.12213690415137082,0.00848771641690198,0.03478537726705236,0.005895225748957955,0.0,6,0.010106074230971396
B2,synthetic,2,direction_step,20260928,0.0,shrink,11,0.9109819131103138,0.06330728777785546,0.6040695854076614,0.30875716636633993,2.6041666666666665,6,0.10575333612280546
B2,synthetic,2,direction_step,20260928,0.0,gated,11,0.0,0.0,0.0,0.0,0.0,6,0.0
B2,synthetic,2,direction_step,20260928,0.5,uncorrected,11,7.287861361747196,0.506458723135345,16.704643483093992,5.693173945150892,4.557291666666667,6,1.4825288564978465
B2,synthetic,2,direction_step,20260928,0.5,V7,11,6.249631577458893,0.43430854014315945,14.553999731663389,4.955758002923267,4.557291666666667,6,1.2844052452138768
B2,synthetic,2,direction_step,20260928,0.5,shrink,11,5.535808429236604,0.38470249767771375,12.67514276041248,4.395397387478172,3.90625,6,1.1305736645010358
B2,synthetic,2,direction_step,20260928,0.5,gated,11,6.361788257408335,0.4421026962197888,14.826910210402339,5.090260359256633,4.557291666666667,6,1.3110291829139293
B2,synthetic,2,direction_step,20260928,1.0,uncorrected,11,14.575722723494392,1.01291744627069,33.40928696618798,10.92572430368225,6.510416666666667,6,2.933047384869827
B2,synthetic,2,direction_step,20260928,1.0,V7,11,12.405283900915073,0.8620861364852673,28.455562806198298,9.426105893340578,6.510416666666667,6,2.5058766756716766
B2,synthetic,2,direction_step,20260928,1.0,shrink,11,10.964146137112257,0.7619364827681007,25.196812121061924,8.446268974933831,5.208333333333333,6,2.2244038265080963
B2,synthetic,2,direction_step,20260928,1.0,gated,11,11.851705738058007,0.8236160729646044,27.33410057294516,9.11184218253611,6.510416666666667,6,2.406600191576554
B2,synthetic,2,direction_step,20260928,2.0,uncorrected,11,29.151445446988784,2.02583489254138,66.81857393237595,19.903327142357593,32.03125,5,5.730713062993874
B2,synthetic,2,direction_step,20260928,2.0,V7,11,24.798983898047904,1.7233672673828502,56.81038645965413,17.342573021300453,28.125,5,4.902537963940343
B2,synthetic,2,direction_step,20260928,2.0,shrink,11,21.87700316570137,1.5203087077760682,50.25034123866132,15.650439487590953,11.71875,5,4.353947055811996
B2,synthetic,2,direction_step,20260928,2.0,gated,11,22.81027611053441,1.5851650765398653,52.393577420612715,16.221831735347596,8.59375,5,4.532981902588587
B2,synthetic,2,direction_step,20260929,0.0,uncorrected,11,0.0,0.0,0.0,0.0,0.0,6,0.0
B2,synthetic,2,direction_step,20260929,0.0,V7,11,0.12213690415137082,0.00848771641690198,0.03478537726705236,0.005895225748957955,0.0,6,0.010106074230971396
B2,synthetic,2,direction_step,20260929,0.0,shrink,11,0.9109819131103138,0.06330728777785546,0.6040695854076614,0.30875716636633993,2.6041666666666665,6,0.10575333612280546
B2,synthetic,2,direction_step,20260929,0.0,gated,11,0.0,0.0,0.0,0.0,0.0,6,0.0
B2,synthetic,2,direction_step,20260929,0.5,uncorrected,11,7.987448300603106,0.5550754421134055,18.541599483971442,6.091765145308216,4.557291666666667,6,1.6226732750992774
B2,synthetic,2,direction_step,20260929,0.5,V7,11,6.826677352377256,0.47440944929186696,15.967859399301785,5.28951460521126,3.90625,6,1.3968270585967946
B2,synthetic,2,direction_step,20260929,0.5,shrink,11,6.074903571147628,0.4221660859196378,14.035897833301997,4.698765590984614,5.208333333333333,6,1.236401150821569
B2,synthetic,2,direction_step,20260929,0.5,gated,11,6.836456598800926,0.4750890429903632,16.132758803507553,5.351341904351538,4.557291666666667,6,1.4075329607279599
B2,synthetic,2,direction_step,20260929,1.0,uncorrected,11,15.974896601206213,1.110150884226811,37.083198967942884,11.407422174751325,6.25,5,3.1914121096452313
B2,synthetic,2,direction_step,20260929,1.0,V7,11,13.583824248242035,0.9439869863839271,31.517201410178878,10.027605082706767,6.510416666666667,6,2.7359597215323332
B2,synthetic,2,direction_step,20260929,1.0,shrink,11,12.031345120169592,0.836099835700075,27.935868185216297,8.993452642858367,8.463541666666666,6,2.4317661128468835
B2,synthetic,2,direction_step,20260929,1.0,gated,11,12.838088711560259,0.8921632415351424,30.007115730499383,9.629797513475037,6.510416666666667,6,2.6040204095558526
B2,synthetic,2,direction_step,20260929,2.0,uncorrected,11,31.949793202412426,2.220301768453622,74.16639793588577,20.165061522342015,46.875,5,6.198681634708144
B2,synthetic,2,direction_step,20260929,2.0,V7,11,27.161515537226457,1.8875477721912413,62.99663810388843,17.588178928418255,11.71875,5,5.2987384982947425
B2,synthetic,2,direction_step,20260929,2.0,shrink,11,23.99528348138185,1.6675153422975943,55.74513130191363,15.851014769858148,10.9375,5,4.706018355961215
B2,synthetic,2,direction_step,20260929,2.0,gated,11,24.83019618168422,1.7255363170576365,57.785742595786935,16.39794605795575,11.71875,5,4.87295205251564
B2,synthetic,3,asymmetric_burst,20260927,0.0,uncorrected,14,0.0,0.0,0.0,0.0,0.0,6,0.0
B2,synthetic,3,asymmetric_burst,20260927,0.0,V7,14,0.34734154871522493,0.022908845023153587,0.19404761513082391,0.048708738818092755,1.3020833333333333,6,0.032520607083518095
B2,synthetic,3,asymmetric_burst,20260927,0.0,shrink,14,1.0606500582900105,0.06995497054424117,1.0310809886905064,0.42662539375553976,2.6041666666666665,6,0.1320953404379073
B2,synthetic,3,asymmetric_burst,20260927,0.0,gated,14,0.0,0.0,0.0,0.0,0.0,6,0.0
B2,synthetic,3,asymmetric_burst,20260927,0.5,uncorrected,14,5.743353238610986,0.3788017579331968,5.2320862197150575,1.8835801435097583,13.671875,6,0.6755735439612557
B2,synthetic,3,asymmetric_burst,20260927,0.5,V7,14,5.190775540693294,0.3423566021731928,4.786697879327807,1.6818453520932508,13.671875,6,0.6111352576908667
B2,synthetic,3,asymmetric_burst,20260927,0.5,shrink,14,4.390210155620231,0.289555466215293,4.270762947440989,1.5448766849505464,13.020833333333334,6,0.5322861850539861
B2,synthetic,3,asymmetric_burst,20260927,0.5,gated,14,5.450696680399514,0.3594996509382951,4.799289822510814,1.6452921625061536,13.671875,6,0.6262826974640222
B2,synthetic,3,asymmetric_burst,20260927,1.0,uncorrected,14,11.486706477221972,0.7576035158663936,10.464172439430115,3.7809795625364937,22.135416666666668,6,1.3520585355806498
B2,synthetic,3,asymmetric_burst,20260927,1.0,V7,14,10.244094313149269,0.6756472696415398,9.564832771811727,3.3758060013752647,22.135416666666668,6,1.2137212576972431
B2,synthetic,3,asymmetric_burst,20260927,1.0,shrink,14,8.633208071236766,0.5694015774621686,8.137092311635614,2.965518138705041,14.322916666666666,6,1.0333319347780965
B2,synthetic,3,asymmetric_burst,20260927,1.0,gated,14,10.312180860777648,0.6801379047917242,9.263555538693524,3.1369223521580127,22.135416666666668,6,1.1925210267453297
B2,synthetic,3,asymmetric_burst,20260927,2.0,uncorrected,14,22.973412954443944,1.5152070317327873,20.92834487886023,7.599758584672806,30.598958333333332,6,2.7066101272472594
B2,synthetic,3,asymmetric_burst,20260927,2.0,V7,14,20.762559936662047,1.3693906462739265,18.920726231180335,6.669261499203647,23.4375,6,2.433216934688694
B2,synthetic,3,asymmetric_burst,20260927,2.0,shrink,14,17.21560523368172,1.135451931210092,15.954550526991188,5.821857026796887,22.786458333333332,6,2.0455710467078005
B2,synthetic,3,asymmetric_burst,20260927,2.0,gated,14,20.212620892772218,1.3331195224327,17.99330752917797,6.093676380697481,23.4375,6,2.3283993440529493
B2,synthetic,3,asymmetric_burst,20260928,0.0,uncorrected,14,0.0,0.0,0.0,0.0,0.0,6,0.0
B2,synthetic,3,asymmetric_burst,20260928,0.0,V7,14,0.34734154871522493,0.022908845023153587,0.19404761513082391,0.048708738818092755,1.3020833333333333,6,0.032520607083518095
B2,synthetic,3,asymmetric_burst,20260928,0.0,shrink,14,1.0606500582900105,0.06995497054424117,1.0310809886905064,0.42662539375553976,2.6041666666666665,6,0.1320953404379073
B2,synthetic,3,asymmetric_burst,20260928,0.0,gated,14,0.0,0.0,0.0,0.0,0.0,6,0.0
B2,synthetic,3,asymmetric_burst,20260928,0.5,uncorrected,14,5.913117333566283,0.38999851615636977,3.6824669289513587,1.866823778343889,12.369791666666666,6,0.6345627182420277
B2,synthetic,3,asymmetric_burst,20260928,0.5,V7,14,5.473625349694917,0.3610119069106037,3.481661577105217,1.7205833504660122,11.71875,6,0.5893088105348329
B2,synthetic,3,asymmetric_burst,20260928,0.5,shrink,14,4.573325021948217,0.30163277199589983,2.7903766570748756,1.294686726896207,11.067708333333334,6,0.4790429637927298
B2,synthetic,3,asymmetric_burst,20260928,0.5,gated,14,5.67985332187504,0.37461363314113627,3.6671665379274025,1.815324697432193,12.369791666666666,6,0.6152766560795434
B2,synthetic,3,asymmetric_burst,20260928,1.0,uncorrected,14,11.826234667132566,0.7799970323127395,7.3649338579027175,3.7214552476594327,13.671875,6,1.268321295087675
B2,synthetic,3,asymmetric_burst,20260928,1.0,V7,14,10.80296501113619,0.712507479010448,6.783694413122488,3.303671640238314,13.020833333333334,6,1.1541091364519314
B2,synthetic,3,asymmetric_burst,20260928,1.0,shrink,14,8.94657482739579,0.590069621578426,5.455722572641568,2.6851373699181877,13.020833333333334,6,0.9470829065856444
B2,synthetic,3,asymmetric_burst,20260928,1.0,gated,14,10.831227056848789,0.7143714967983057,7.035272119961596,3.374169155071185,13.020833333333334,6,1.1689191838958588
B2,synthetic,3,asymmetric_burst,20260928,2.0,uncorrected,14,23.65246933426513,1.559994064625479,14.729867715805435,7.1113301224332135,17.578125,6,2.5147732704718653
B2,synthetic,3,asymmetric_burst,20260928,2.0,V7,14,21.345476169093267,1.4078367742411737,13.414607706415113,6.29583176206888,16.927083333333332,6,2.2654560821738543
B2,synthetic,3,asymmetric_burst,20260928,2.0,shrink,14,17.784817357526688,1.1729942073319604,10.931112553016481,5.347240499970678,16.927083333333332,6,1.8861501385341306
B2,synthetic,3,asymmetric_burst,20260928,2.0,gated,14,20.7520671895724,1.3686985991582474,13.460128640566852,6.141769528296113,16.927083333333332,6,2.217657924328568
B2,synthetic,3,asymmetric_burst,20260929,0.0,uncorrected,14,0.0,0.0,0.0,0.0,0.0,6,0.0
B2,synthetic,3,asymmetric_burst,20260929,0.0,V7,14,0.34734154871522493,0.022908845023153587,0.19404761513082391,0.048708738818092755,1.3020833333333333,6,0.032520607083518095
B2,synthetic,3,asymmetric_burst,20260929,0.0,shrink,14,1.0606500582900105,0.06995497054424117,1.0310809886905064,0.42662539375553976,2.6041666666666665,6,0.1320953404379073
B2,synthetic,3,asymmetric_burst,20260929,0.0,gated,14,0.0,0.0,0.0,0.0,0.0,6,0.0
B2,synthetic,3,asymmetric_burst,20260929,0.5,uncorrected,14,5.042758277734898,0.33259415207067033,3.7585450073147486,1.4727406700452004,12.369791666666666,6,0.5536755360742868
B2,synthetic,3,asymmetric_burst,20260929,0.5,V7,14,4.645562797306188,0.3063972005723669,3.643256437592478,1.3328655393874387,12.369791666666666,6,0.51445122952467
B2,synthetic,3,asymmetric_burst,20260929,0.5,shrink,14,3.8884385990902137,0.2564612197363118,2.902225441818438,0.9064671159989427,11.71875,6,0.41195494432300533
B2,synthetic,3,asymmetric_burst,20260929,0.5,gated,14,4.921774794446319,0.3246147097054504,3.68255085766398,1.4311599720753057,12.369791666666666,6,0.5404475570137076
B2,synthetic,3,asymmetric_burst,20260929,1.0,uncorrected,14,10.085516555469797,0.6651883041413407,7.517090014629498,2.968119887901937,16.927083333333332,6,1.1088441932142281
B2,synthetic,3,asymmetric_burst,20260929,1.0,V7,14,9.16013169559244,0.6041547237357788,7.199741465520712,2.6478976689004297,17.578125,6,1.016225086707386
B2,synthetic,3,asymmetric_burst,20260929,1.0,shrink,14,7.597566607819935,0.5010960439815775,5.628071620772911,1.9873483260789673,14.322916666666666,6,0.8177704110009272
B2,synthetic,3,asymmetric_burst,20260929,1.0,gated,14,9.314999712590733,0.6143690140030391,7.147854266811245,2.6866100192895246,16.927083333333332,6,1.027281537492636
B2,synthetic,3,asymmetric_burst,20260929,2.0,uncorrected,14,20.171033110939593,1.3303766082826813,15.034180029258996,5.951801052771003,24.739583333333332,6,2.218714727457109
B2,synthetic,3,asymmetric_burst,20260929,2.0,V7,14,18.567893707865988,1.2246418573685753,14.435916149218409,5.214140327826173,24.088541666666668,6,2.044598515785765
B2,synthetic,3,asymmetric_burst,20260929,2.0,shrink,14,15.124596123164999,0.9975398275990616,11.21861064953712,4.230112217849817,18.229166666666668,6,1.646496718692876
B2,synthetic,3,asymmetric_burst,20260929,2.0,gated,14,18.323831514741666,1.2085447823743019,14.118607198456301,5.033769538089012,24.088541666666668,6,2.0061410946530733
B2,synthetic,3,direction_step,20260927,0.0,uncorrected,14,0.0,0.0,0.0,0.0,0.0,6,0.0
B2,synthetic,3,direction_step,20260927,0.0,V7,14,0.34734154871522493,0.022908845023153587,0.19404761513082391,0.048708738818092755,1.3020833333333333,6,0.032520607083518095
B2,synthetic,3,direction_step,20260927,0.0,shrink,14,1.0606500582900105,0.06995497054424117,1.0310809886905064,0.42662539375553976,2.6041666666666665,6,0.1320953404379073
B2,synthetic,3,direction_step,20260927,0.0,gated,14,0.0,0.0,0.0,0.0,0.0,6,0.0
B2,synthetic,3,direction_step,20260927,0.5,uncorrected,14,8.05421524138096,0.5312142167569897,18.722709440802493,6.461326266005909,3.2552083333333335,6,1.57479609721203
B2,synthetic,3,direction_step,20260927,0.5,V7,14,6.900368003203131,0.4551124441427334,15.979568286945792,5.476625372545308,3.90625,6,1.343286893073148
B2,synthetic,3,direction_step,20260927,0.5,shrink,14,6.107017947000615,0.40278719381238903,14.025935646222317,4.757727562609168,1.953125,6,1.1791211435043578
B2,synthetic,3,direction_step,20260927,0.5,gated,14,7.053803833234938,0.46523227479414636,16.43623057326884,5.675969870954471,3.2552083333333335,6,1.381613988387141
B2,synthetic,3,direction_step,20260927,1.0,uncorrected,14,16.10843048276192,1.0624284335139793,37.445418881604986,12.371112327926218,11.71875,6,3.1132154663701566
B2,synthetic,3,direction_step,20260927,1.0,V7,14,13.696855319035096,0.9033734575347049,31.774477937597357,10.586546067961145,9.765625,6,2.649446856547074
B2,synthetic,3,direction_step,20260927,1.0,shrink,14,12.101468461002147,0.798150024237303,28.049027494799258,9.360883847998283,9.765625,6,2.340529423705665
B2,synthetic,3,direction_step,20260927,1.0,gated,14,13.107466873640485,0.8645004560065963,30.49374239434797,10.206769490890817,9.765625,6,2.5432904307584807
B2,synthetic,3,direction_step,20260927,2.0,uncorrected,14,32.21686096552384,2.1248568670279586,74.89083776320997,22.139859934904923,20.3125,5,6.054792468219078
B2,synthetic,3,direction_step,20260927,2.0,V7,14,27.3879721526387,1.8063684343667588,63.58789646657191,19.251820597897925,19.53125,5,5.173082297326101
B2,synthetic,3,direction_step,20260927,2.0,shrink,14,24.159528626906795,1.5934370627224372,56.123632085102855,17.29723837071438,18.75,5,4.585084770271077
B2,synthetic,3,direction_step,20260927,2.0,gated,14,25.202797470437414,1.6622456585910603,58.579281217324095,17.97784319662345,19.53125,5,4.779763459542362
B2,synthetic,3,direction_step,20260928,0.0,uncorrected,14,0.0,0.0,0.0,0.0,0.0,6,0.0
B2,synthetic,3,direction_step,20260928,0.0,V7,14,0.34734154871522493,0.022908845023153587,0.19404761513082391,0.048708738818092755,1.3020833333333333,6,0.032520607083518095
B2,synthetic,3,direction_step,20260928,0.0,shrink,14,1.0606500582900105,0.06995497054424117,1.0310809886905064,0.42662539375553976,2.6041666666666665,6,0.1320953404379073
B2,synthetic,3,direction_step,20260928,0.0,gated,14,0.0,0.0,0.0,0.0,0.0,6,0.0
B2,synthetic,3,direction_step,20260928,0.5,uncorrected,14,8.522964716778933,0.5621304982277702,22.06228355183989,7.3147495713424275,3.90625,6,1.7721302326120543
B2,synthetic,3,direction_step,20260928,0.5,V7,14,7.2979631085391565,0.48133575282491803,18.802628440144098,6.228452560224805,3.90625,6,1.5121940139292285
B2,synthetic,3,direction_step,20260928,0.5,shrink,14,6.465128193981814,0.42640628625796817,16.515278384896956,5.44219773647643,3.90625,6,1.3299763952993469
B2,synthetic,3,direction_step,20260928,0.5,gated,14,7.2886806490042755,0.4807235299920757,18.808038743142177,6.256114851756133,3.90625,6,1.513584669959296
B2,synthetic,3,direction_step,20260928,1.0,uncorrected,14,17.045929433557866,1.1242609964555403,44.12456710367978,13.76802043023907,14.973958333333334,6,3.4874418024779854
B2,synthetic,3,direction_step,20260928,1.0,V7,14,14.491772070582241,0.9558020389550999,37.456961762127165,11.90445016553105,14.322916666666666,6,2.976191112900132
B2,synthetic,3,direction_step,20260928,1.0,shrink,14,12.813735992753145,0.8451274922662884,33.0459242905696,10.557288065071463,13.671875,6,2.6312001851300577
B2,synthetic,3,direction_step,20260928,1.0,gated,14,13.676231828459791,0.9020132391814049,35.386755212348696,11.307628081324117,14.322916666666666,6,2.81476899002077
B2,synthetic,3,direction_step,20260928,2.0,uncorrected,14,34.091858867115725,2.2485219929110802,88.24913420735956,24.75616993824282,32.03125,5,6.791537753077847
B2,synthetic,3,direction_step,20260928,2.0,V7,14,28.995968173699804,1.912423502585903,75.01975484938343,21.451784766606973,32.03125,5,5.801228589234005
B2,synthetic,3,direction_step,20260928,2.0,shrink,14,25.57621660201852,1.6868744455752682,66.13132915856833,19.176423525861512,29.6875,5,5.132491316098132
B2,synthetic,3,direction_step,20260928,2.0,gated,14,26.4967339169195,1.7475869879883426,68.59252177532137,19.84380083221767,29.6875,5,5.318384343134408
B2,synthetic,3,direction_step,20260929,0.0,uncorrected,14,0.0,0.0,0.0,0.0,0.0,6,0.0
B2,synthetic,3,direction_step,20260929,0.0,V7,14,0.34734154871522493,0.022908845023153587,0.19404761513082391,0.048708738818092755,1.3020833333333333,6,0.032520607083518095
B2,synthetic,3,direction_step,20260929,0.0,shrink,14,1.0606500582900105,0.06995497054424117,1.0310809886905064,0.42662539375553976,2.6041666666666665,6,0.1320953404379073
B2,synthetic,3,direction_step,20260929,0.0,gated,14,0.0,0.0,0.0,0.0,0.0,6,0.0
B2,synthetic,3,direction_step,20260929,0.5,uncorrected,14,7.621388879710371,0.5026672373411282,16.852120789165447,5.463678461615509,3.90625,6,1.418762291462053
B2,synthetic,3,direction_step,20260929,0.5,V7,14,6.5469407276036815,0.4318022161737167,14.410731982153274,4.640964917342818,3.90625,6,1.2131246922143724
B2,synthetic,3,direction_step,20260929,0.5,shrink,14,5.804619512059766,0.3828425632119657,12.641637232312554,4.014001809489185,3.90625,6,1.0644736561490955
B2,synthetic,3,direction_step,20260929,0.5,gated,14,6.642202303048137,0.4380851750555167,14.762237750209927,4.840810298383619,3.90625,6,1.2441801624103561
B2,synthetic,3,direction_step,20260929,1.0,uncorrected,14,15.242777759420742,1.0053344746822563,33.704241578330894,10.44481234764582,5.859375,6,2.80569844827441
B2,synthetic,3,direction_step,20260929,1.0,V7,14,12.979111336003747,0.8560347912150962,28.66980811618152,8.920188488709163,4.557291666666667,6,2.38981994627156
B2,synthetic,3,direction_step,20260929,1.0,shrink,14,11.472074848350834,0.7566384895990639,25.259692749531677,7.857061288289472,5.208333333333333,6,2.107848543197871
B2,synthetic,3,direction_step,20260929,1.0,gated,14,12.380475095807913,0.8165518531599848,27.50923807600406,8.638481813681539,4.557291666666667,6,2.2934845117969767
B2,synthetic,3,direction_step,20260929,2.0,uncorrected,14,30.485555518841483,2.0106689493645127,67.40848315666179,19.10141054168341,31.25,5,5.493455576068305
B2,synthetic,3,direction_step,20260929,2.0,V7,14,25.930672093183105,1.710252489304073,57.29607682182905,16.541525600416346,28.125,5,4.690721490000045
B2,synthetic,3,direction_step,20260929,2.0,shrink,14,22.879621547507185,1.509021037532078,50.52735808958398,14.778941909428815,30.46875,5,4.150024399076996
B2,synthetic,3,direction_step,20260929,2.0,gated,14,23.82485162520525,1.5713635054611363,52.80669863696457,15.428553267228201,28.125,5,4.330378592784876
B2,synthetic,4,asymmetric_burst,20260927,0.0,uncorrected,16,0.0,0.0,0.0,0.0,0.0,6,0.0
B2,synthetic,4,asymmetric_burst,20260927,0.0,V7,16,0.42197324308806117,0.028799789609140716,0.5969268392694723,0.1333173432327278,1.3020833333333333,6,0.058268945133919225
B2,synthetic,4,asymmetric_burst,20260927,0.0,shrink,16,1.1755846939527443,0.08023397788399493,2.3865984473346384,0.46776586896361244,4.557291666666667,6,0.19360212616934805
B2,synthetic,4,asymmetric_burst,20260927,0.0,gated,16,0.703288738480102,0.04799964934856786,0.9948780654491205,0.22168641006836096,1.3020833333333333,6,0.09708015811128626
B2,synthetic,4,asymmetric_burst,20260927,0.5,uncorrected,16,5.5910701756410255,0.3815920733978849,5.262743885067485,1.9227409880039819,12.369791666666666,6,0.692411530328197
B2,synthetic,4,asymmetric_burst,20260927,0.5,V7,16,5.123978720077515,0.3497129534091109,4.53985031970669,1.6874584530002055,8.463541666666666,6,0.6198054706947597
B2,synthetic,4,asymmetric_burst,20260927,0.5,shrink,16,4.3019008662563865,0.2936059143487182,3.7754147084673164,1.4331805189169804,7.8125,6,0.5202574227770049
B2,synthetic,4,asymmetric_burst,20260927,0.5,gated,16,4.856438833008037,0.33145328271703745,4.135193471268259,1.534365378866946,8.463541666666666,6,0.5772881852302238
B2,synthetic,4,asymmetric_burst,20260927,1.0,uncorrected,16,11.182140351282051,0.7631841467957698,10.52548777013497,3.9283591415833037,13.020833333333334,6,1.3904794499442654
B2,synthetic,4,asymmetric_burst,20260927,1.0,V7,16,10.19536504769175,0.6958364616038774,8.959271662969218,3.3976604357355504,13.020833333333334,6,1.2334640929782816
B2,synthetic,4,asymmetric_burst,20260927,1.0,shrink,16,8.414171181768252,0.5742694915839717,7.3464408146254545,2.881417785341276,12.369791666666666,6,1.0216253464979264
B2,synthetic,4,asymmetric_burst,20260927,1.0,gated,16,9.5933901956286,0.6547515127987364,8.071594404144221,3.0501548670866825,13.020833333333334,6,1.138369685550132
B2,synthetic,4,asymmetric_burst,20260927,2.0,uncorrected,16,22.364280702564102,1.5263682935915397,21.05097554026994,7.954665391504225,24.088541666666668,6,2.7876438169043674
B2,synthetic,4,asymmetric_burst,20260927,2.0,V7,16,20.285960361163003,1.384522360103624,17.663245046041652,6.629233346079302,23.4375,6,2.4397300148562957
B2,synthetic,4,asymmetric_burst,20260927,2.0,shrink,16,16.759619615903702,1.1438486367879153,15.062491909904475,5.917394692363929,13.020833333333334,6,2.061722050602484
B2,synthetic,4,asymmetric_burst,20260927,2.0,gated,16,18.98835755018974,1.2959606122573022,15.556204239782911,5.827016795539045,23.4375,6,2.224513710800495
B2,synthetic,4,asymmetric_burst,20260928,0.0,uncorrected,16,0.0,0.0,0.0,0.0,0.0,6,0.0
B2,synthetic,4,asymmetric_burst,20260928,0.0,V7,16,0.42197324308806117,0.028799789609140716,0.5969268392694723,0.1333173432327278,1.3020833333333333,6,0.058268945133919225
B2,synthetic,4,asymmetric_burst,20260928,0.0,shrink,16,1.1755846939527443,0.08023397788399493,2.3865984473346384,0.46776586896361244,4.557291666666667,6,0.19360212616934805
B2,synthetic,4,asymmetric_burst,20260928,0.0,gated,16,0.703288738480102,0.04799964934856786,0.9948780654491205,0.22168641006836096,1.3020833333333333,6,0.09708015811128626
B2,synthetic,4,asymmetric_burst,20260928,0.5,uncorrected,16,5.03860718977345,0.3438863230441748,5.728995176053623,2.38160417396195,10.416666666666666,6,0.701934207568191
B2,synthetic,4,asymmetric_burst,20260928,0.5,V7,16,4.636072920377419,0.3164132487225986,5.2929868038937675,2.139841327208917,10.416666666666666,6,0.6430819071186565
B2,synthetic,4,asymmetric_burst,20260928,0.5,shrink,16,3.9292264370454686,0.26817078231182456,4.904637227900951,1.6043451914048135,9.765625,6,0.5450391999732428
B2,synthetic,4,asymmetric_burst,20260928,0.5,gated,16,4.413757894771212,0.30124018723283646,5.083730342957696,1.9814752892445313,9.765625,6,0.6099594146558909
B2,synthetic,4,asymmetric_burst,20260928,1.0,uncorrected,16,10.0772143795469,0.6877726460883496,11.457990352107245,4.786080022309011,20.833333333333332,6,1.4054294131880107
B2,synthetic,4,asymmetric_burst,20260928,1.0,V7,16,9.173683867333216,0.626106440746124,10.425161170533395,4.2373706264077535,20.182291666666668,6,1.2710682035374972
B2,synthetic,4,asymmetric_burst,20260928,1.0,shrink,16,7.61949139568642,0.5200323781634472,8.907252071708488,3.390126978921528,19.53125,6,1.055370673355929
B2,synthetic,4,asymmetric_burst,20260928,1.0,gated,16,8.61727244047364,0.5881312082114549,9.815572931028901,3.877796851456002,20.182291666666668,6,1.1877496799199148
B2,synthetic,4,asymmetric_burst,20260928,2.0,uncorrected,16,20.1544287590938,1.3755452921766993,22.91598070421449,9.366149507821609,33.203125,6,2.796798550720665
B2,synthetic,4,asymmetric_burst,20260928,2.0,V7,16,18.404698267719866,1.2561257061017796,20.765169033881367,8.462618478827608,25.390625,6,2.5423159807453586
B2,synthetic,4,asymmetric_burst,20260928,2.0,shrink,16,15.131930800231276,1.0327584285617635,17.340088308935908,6.882615697861238,26.041666666666668,6,2.0942317303562463
B2,synthetic,4,asymmetric_burst,20260928,2.0,gated,16,17.305256348618006,1.1810884934911317,19.40597725141805,7.861056758664692,26.041666666666668,6,2.3798394096713755
B2,synthetic,4,asymmetric_burst,20260929,0.0,uncorrected,16,0.0,0.0,0.0,0.0,0.0,6,0.0
B2,synthetic,4,asymmetric_burst,20260929,0.0,V7,16,0.42197324308806117,0.028799789609140716,0.5969268392694723,0.1333173432327278,1.3020833333333333,6,0.058268945133919225
B2,synthetic,4,asymmetric_burst,20260929,0.0,shrink,16,1.1755846939527443,0.08023397788399493,2.3865984473346384,0.46776586896361244,4.557291666666667,6,0.19360212616934805
B2,synthetic,4,asymmetric_burst,20260929,0.0,gated,16,0.703288738480102,0.04799964934856786,0.9948780654491205,0.22168641006836096,1.3020833333333333,6,0.09708015811128626
B2,synthetic,4,asymmetric_burst,20260929,0.5,uncorrected,16,5.461241583181617,0.37273123634404937,3.869721942816592,1.0833965105879333,17.578125,6,0.5787281375493846
B2,synthetic,4,asymmetric_burst,20260929,0.5,V7,16,5.01800833761978,0.3424804457333907,3.3283792260092224,0.8365255033489912,16.927083333333332,6,0.5131549384958425
B2,synthetic,4,asymmetric_burst,20260929,0.5,shrink,16,4.2356558503023845,0.2890846738355341,3.0425114502919466,0.7555531570400037,16.927083333333332,6,0.4444775046873588
B2,synthetic,4,asymmetric_burst,20260929,0.5,gated,16,4.771807238733321,0.32567715318910595,3.073999259813608,0.7858405130372489,18.229166666666668,6,0.484211630216348
B2,synthetic,4,asymmetric_burst,20260929,1.0,uncorrected,16,10.922483166363234,0.7454624726880987,7.739443885633185,2.1376701943666965,22.135416666666668,6,1.1554686341791944
B2,synthetic,4,asymmetric_burst,20260929,1.0,V7,16,9.82819939510629,0.6707773050830045,6.568908373704596,1.6762714661970095,22.786458333333332,6,1.009348191878953
B2,synthetic,4,asymmetric_burst,20260929,1.0,shrink,16,8.249416111177307,0.5630249128155778,5.446511829194062,1.3895513318367303,22.135416666666668,6,0.8437251357335576
B2,synthetic,4,asymmetric_burst,20260929,1.0,gated,16,9.150718679873465,0.6245390604014958,5.889155448899109,1.3691677202539203,22.786458333333332,6,0.9189533704787883
B2,synthetic,4,asymmetric_burst,20260929,2.0,uncorrected,16,21.844966332726468,1.4909249453761975,15.47888777126637,4.175190381929021,37.109375,6,2.304102002917831
B2,synthetic,4,asymmetric_burst,20260929,2.0,V7,16,19.49927070764349,1.330830575422571,13.199638178799633,3.3686338191021483,31.901041666666668,6,2.0111802212733885
B2,synthetic,4,asymmetric_burst,20260929,2.0,shrink,16,16.39929728105664,1.1192565385801525,11.000886131512523,2.9406399648010626,26.041666666666668,6,1.6953627712272454
B2,synthetic,4,asymmetric_burst,20260929,2.0,gated,16,18.017439681594766,1.229695201354329,11.783434172737458,2.8337530825607637,31.901041666666668,6,1.8252109342169482
B2,synthetic,4,direction_step,20260927,0.0,uncorrected,16,0.0,0.0,0.0,0.0,0.0,6,0.0
B2,synthetic,4,direction_step,20260927,0.0,V7,16,0.42197324308806117,0.028799789609140716,0.5969268392694723,0.1333173432327278,1.3020833333333333,6,0.058268945133919225
B2,synthetic,4,direction_step,20260927,0.0,shrink,16,1.1755846939527443,0.08023397788399493,2.3865984473346384,0.46776586896361244,4.557291666666667,6,0.19360212616934805
B2,synthetic,4,direction_step,20260927,0.0,gated,16,0.703288738480102,0.04799964934856786,0.9948780654491205,0.22168641006836096,1.3020833333333333,6,0.09708015811128626
B2,synthetic,4,direction_step,20260927,0.5,uncorrected,16,8.193038460736753,0.5591771227057987,21.097817622518843,7.267304791510661,4.557291666666667,6,1.775138588973958
B2,synthetic,4,direction_step,20260927,0.5,V7,16,7.053544695984437,0.4814063606412812,18.172432044962804,6.174099845764506,3.90625,6,1.522927105317493
B2,synthetic,4,direction_step,20260927,0.5,shrink,16,6.299870496973927,0.4299678897882594,16.186928210313617,5.44124599294323,5.859375,6,1.3537155672319856
B2,synthetic,4,direction_step,20260927,0.5,gated,16,6.327279910815629,0.4318385898027296,16.251202072143766,5.430517871826368,4.557291666666667,6,1.3570474243886919
B2,synthetic,4,direction_step,20260927,1.0,uncorrected,16,16.386076921473506,1.1183542454115973,42.195635245037685,13.177857153813306,13.28125,5,3.4576784524293718
B2,synthetic,4,direction_step,20260927,1.0,V7,16,13.973201406320769,0.9536748295299036,35.96086405028342,11.394051990651896,12.5,5,2.9584914224989896
B2,synthetic,4,direction_step,20260927,1.0,shrink,16,12.389969786328363,0.845618837105747,31.92326870184308,10.270357231440878,9.114583333333334,6,2.635959459350197
B2,synthetic,4,direction_step,20260927,1.0,gated,16,12.382056961461263,0.8450787846376836,31.82356923244614,10.168741440010093,9.765625,6,2.625081843169237
B2,synthetic,4,direction_step,20260927,2.0,uncorrected,16,32.77215384294701,2.2367084908231947,84.39127049007537,23.881231256608043,39.0625,5,6.746472757752176
B2,synthetic,4,direction_step,20260927,2.0,V7,16,27.880698164521796,1.9028652987995613,71.77067265543569,20.594080021447002,37.5,5,5.757600959760788
B2,synthetic,4,direction_step,20260927,2.0,shrink,16,24.65171717600228,1.6824864604620071,63.52578141998827,18.46506561982957,16.40625,5,5.11055826001483
B2,synthetic,4,direction_step,20260927,2.0,gated,16,24.630323406313096,1.6810263298113386,63.369850349567315,18.377678778875865,15.625,5,5.097812784326522
B2,synthetic,4,direction_step,20260928,0.0,uncorrected,16,0.0,0.0,0.0,0.0,0.0,6,0.0
B2,synthetic,4,direction_step,20260928,0.0,V7,16,0.42197324308806117,0.028799789609140716,0.5969268392694723,0.1333173432327278,1.3020833333333333,6,0.058268945133919225
B2,synthetic,4,direction_step,20260928,0.0,shrink,16,1.1755846939527443,0.08023397788399493,2.3865984473346384,0.46776586896361244,4.557291666666667,6,0.19360212616934805
B2,synthetic,4,direction_step,20260928,0.0,gated,16,0.703288738480102,0.04799964934856786,0.9948780654491205,0.22168641006836096,1.3020833333333333,6,0.09708015811128626
B2,synthetic,4,direction_step,20260928,0.5,uncorrected,16,7.445380534305011,0.5081492641068424,16.99455251209149,6.047797294396603,3.2552083333333335,6,1.5008545243661955
B2,synthetic,4,direction_step,20260928,0.5,V7,16,6.457496430495003,0.44072590299575565,14.875403724781846,5.192743931781174,3.90625,6,1.3027572936114424
B2,synthetic,4,direction_step,20260928,0.5,shrink,16,5.763989314410459,0.3933938520592732,13.20863510130852,4.483854138204427,6.510416666666667,6,1.1501646118643412
B2,synthetic,4,direction_step,20260928,0.5,gated,16,5.835328766381851,0.39826278922830294,13.498226833363395,4.616651498801803,3.90625,6,1.1739793629082302
B2,synthetic,4,direction_step,20260928,1.0,uncorrected,16,14.89076106861002,1.0162985282136847,33.98910502418298,11.293159879442761,9.114583333333334,6,2.9469426596712203
B2,synthetic,4,direction_step,20260928,1.0,V7,16,12.735585565505032,0.8692072088542612,29.112668667612258,9.734715774934521,7.8125,6,2.527078043026634
B2,synthetic,4,direction_step,20260928,1.0,shrink,16,11.288403296029243,0.7704366219280099,25.848731057872712,8.660230859377469,11.71875,6,2.2435912471655373
B2,synthetic,4,direction_step,20260928,1.0,gated,16,11.319226669076668,0.7725403255948906,25.88407775239503,8.6341635440635,9.114583333333334,6,2.245122060209928
B2,synthetic,4,direction_step,20260928,2.0,uncorrected,16,29.781522137220044,2.0325970564273694,67.97821004836597,19.34400918994859,16.6015625,4,5.6725967334844265
B2,synthetic,4,direction_step,20260928,2.0,V7,16,25.41360094865416,1.7344852369683494,58.04197363093779,16.97373338669899,15.625,4,4.873637509420117
B2,synthetic,4,direction_step,20260928,2.0,shrink,16,22.426005204398034,1.5305810077758257,51.28630041583917,15.322880337758827,16.40625,5,4.326523831550925
B2,synthetic,4,direction_step,20260928,2.0,gated,16,22.514619085063533,1.5366289294424686,51.43259308659829,15.373127077998028,15.625,5,4.340993364481445
B2,synthetic,4,direction_step,20260929,0.0,uncorrected,16,0.0,0.0,0.0,0.0,0.0,6,0.0
B2,synthetic,4,direction_step,20260929,0.0,V7,16,0.42197324308806117,0.028799789609140716,0.5969268392694723,0.1333173432327278,1.3020833333333333,6,0.058268945133919225
B2,synthetic,4,direction_step,20260929,0.0,shrink,16,1.1755846939527443,0.08023397788399493,2.3865984473346384,0.46776586896361244,4.557291666666667,6,0.19360212616934805
B2,synthetic,4,direction_step,20260929,0.0,gated,16,0.703288738480102,0.04799964934856786,0.9948780654491205,0.22168641006836096,1.3020833333333333,6,0.09708015811128626
B2,synthetic,4,direction_step,20260929,0.5,uncorrected,16,7.160243078110133,0.4886885544940665,16.76721174666041,6.123196195321969,1.953125,6,1.4787817756214572
B2,synthetic,4,direction_step,20260929,0.5,V7,16,6.237959086191363,0.4257424190169507,14.537990680622187,5.204676589495993,1.953125,6,1.277073950378808
B2,synthetic,4,direction_step,20260929,0.5,shrink,16,5.570320804783038,0.3801759231442363,12.99549002968529,4.536072464423202,3.90625,6,1.1332369932325128
B2,synthetic,4,direction_step,20260929,0.5,gated,16,5.661763868764039,0.38641693734834887,13.078542625653538,4.590251511740965,1.953125,6,1.1460099235102452
B2,synthetic,4,direction_step,20260929,1.0,uncorrected,16,14.320486156220264,0.9773771089881328,33.53442349332082,11.418681516490764,3.2552083333333335,6,2.9010720569994404
B2,synthetic,4,direction_step,20260929,1.0,V7,16,12.244932610160994,0.8357200100413675,28.68415414542355,9.830727412650049,3.90625,6,2.4855205479774427
B2,synthetic,4,direction_step,20260929,1.0,shrink,16,10.879001076319856,0.7424948081133246,25.462746975758428,8.743619795123841,6.510416666666667,6,2.2081689913437743
B2,synthetic,4,direction_step,20260929,1.0,gated,16,10.88113643444724,0.7426405468913542,25.467088255834252,8.725397441124231,3.90625,6,2.2072191962401297
B2,synthetic,4,direction_step,20260929,2.0,uncorrected,16,28.64097231244053,1.954754217976266,67.06884698664165,20.175607936165285,19.53125,5,5.620478598388526
B2,synthetic,4,direction_step,20260929,2.0,V7,16,24.412804096428196,1.6661805772352605,57.106738265758054,17.488365810083305,17.1875,5,4.808541618644745
B2,synthetic,4,direction_step,20260929,2.0,shrink,16,21.58782512630185,1.4733749874910145,50.55822750910311,15.68994909110244,21.09375,5,4.26952476657136
B2,synthetic,4,direction_step,20260929,2.0,gated,16,21.606144910251675,1.4746253177716235,50.4767768900015,15.642344518868034,17.1875,5,4.26474655818682
