dataset,origin,held_block,method,alpha,gate,level,weight,contrast_normalized,RMSE,normalized_RMSE,contrast_RMSE,positive_mean_error,latency_error_ms,latency_pairs,objective
A1,semisynthetic,0,shrink,0.0,0.0,0.0,0.5,1.0350749253097522e-16,1.2210829454974246e-14,1.2630742874748178e-16,1.0006635010634383e-14,7.401486830834377e-17,0.0,2,1.7882677637850988e-16
A1,semisynthetic,0,shrink,0.05,0.0,0.0,0.5,0.041429852313241644,4.64396886773989,0.04803668489765316,4.005250252961468,0.22347199118159344,0.0,2,0.0710631798717165
A1,semisynthetic,0,shrink,0.1,0.0,0.0,0.5,0.08285970462648312,9.287937735479773,0.09607336979530626,8.01050050592292,0.4471836010923316,3.90625,2,0.14212883833226825
A1,semisynthetic,0,shrink,0.15,0.0,0.0,0.5,0.12428955693972471,13.931906603219668,0.14411005469295948,12.015750758884382,0.6717473445743142,3.90625,2,0.21320331116540067
A1,semisynthetic,0,shrink,0.25,0.0,0.0,0.5,0.20714926156620778,23.219844338699446,0.2401834244882658,20.026251264807296,1.1228112839606454,60.546875,2,0.35537228727490944
A1,semisynthetic,0,gated,0.0,0.0,0.0,0.5,1.0350749253097522e-16,1.2210829454974246e-14,1.2630742874748178e-16,1.0006635010634383e-14,7.401486830834377e-17,0.0,2,1.7882677637850988e-16
A1,semisynthetic,0,gated,0.0,1.0,0.0,0.5,1.0350749253097522e-16,1.2210829454974246e-14,1.2630742874748178e-16,1.0006635010634383e-14,7.401486830834377e-17,0.0,2,1.7882677637850988e-16
A1,semisynthetic,0,gated,0.0,2.0,0.0,0.5,1.0350749253097522e-16,1.2210829454974246e-14,1.2630742874748178e-16,1.0006635010634383e-14,7.401486830834377e-17,0.0,2,1.7882677637850988e-16
A1,semisynthetic,0,gated,0.05,0.0,0.0,0.5,0.017107581113311378,2.023288504260186,0.020928665782269044,1.6538833656365484,0.01979161210652262,0.0,2,0.029687178519769215
A1,semisynthetic,0,gated,0.05,1.0,0.0,0.5,0.003434993410661617,0.4536958679484898,0.0046929783701619675,0.3320795865491448,0.0005019041741947117,0.0,2,0.006415666715090554
A1,semisynthetic,0,gated,0.05,2.0,0.0,0.5,1.0350749253097522e-16,1.2210829454974246e-14,1.2630742874748178e-16,1.0006635010634383e-14,7.401486830834377e-17,0.0,2,1.7882677637850988e-16
A1,semisynthetic,0,gated,0.1,0.0,0.0,0.5,0.034215162226622714,4.046577008520377,0.041857331564538136,3.3077667312730923,0.039543610813382646,0.0,2,0.05937394728304536
A1,semisynthetic,0,gated,0.1,1.0,0.0,0.5,0.006869986821323202,0.9073917358969844,0.009385956740323984,0.6641591730982865,0.0010010937706949423,0.0,2,0.012831305350898731
A1,semisynthetic,0,gated,0.1,2.0,0.0,0.5,1.0350749253097522e-16,1.2210829454974246e-14,1.2630742874748178e-16,1.0006635010634383e-14,7.401486830834377e-17,0.0,2,1.7882677637850988e-16
A1,semisynthetic,0,gated,0.15,0.0,0.0,0.5,0.051322743339934064,6.069865512780568,0.06278599734680723,4.961650096909638,0.059189381471060086,0.0,2,0.08905961723548296
A1,semisynthetic,0,gated,0.15,1.0,0.0,0.5,0.010304980231984815,1.3610876038454778,0.014078935110485987,0.9962387596474309,0.001499616362496366,0.0,2,0.019246937087286295
A1,semisynthetic,0,gated,0.15,2.0,0.0,0.5,1.0350749253097522e-16,1.2210829454974246e-14,1.2630742874748178e-16,1.0006635010634383e-14,7.401486830834377e-17,0.0,2,1.7882677637850988e-16
A1,semisynthetic,0,gated,0.25,0.0,0.0,0.5,0.08553790556655677,10.116442521300952,0.10464332891134544,8.26941682818273,0.09820784428613687,0.0,2,0.14842813244746206
A1,semisynthetic,0,gated,0.25,1.0,0.0,0.5,0.017174967053307996,2.2684793397424663,0.023464891850810014,1.6603979327457157,0.002496661546099288,0.0,2,0.03207820056006142
A1,semisynthetic,0,gated,0.25,2.0,0.0,0.5,1.0350749253097522e-16,1.2210829454974246e-14,1.2630742874748178e-16,1.0006635010634383e-14,7.401486830834377e-17,0.0,2,1.7882677637850988e-16
A1,semisynthetic,0,shrink,0.0,0.0,1.0,0.25,0.19485340876553597,35.92015258161665,0.37155396605371616,18.837543973071977,1.7370168537555941,41.015625,2,0.4869481748798072
A1,semisynthetic,0,shrink,0.05,0.0,1.0,0.25,0.1990055301595932,35.056745215964945,0.3626229786282323,19.23895224115212,1.5383513533988065,42.96875,2,0.4780382748488892
A1,semisynthetic,0,shrink,0.1,0.0,1.0,0.25,0.2109031073635497,34.824651626545716,0.36022222898084655,20.38915605422593,1.7238550912864838,42.96875,2,0.48350514333443506
A1,semisynthetic,0,shrink,0.15,0.0,1.0,0.25,0.2293438682242229,35.23634897100148,0.3644807794087367,22.1719251923724,1.9639917129455862,50.78125,2,0.49946802004922375
A1,semisynthetic,0,shrink,0.25,0.0,1.0,0.25,0.2802860982813682,37.87449010833337,0.3917694107796062,27.096788990585583,2.446825948224216,50.78125,2,0.5572221487708641
A1,semisynthetic,0,gated,0.0,0.0,1.0,0.25,0.19485340876553597,35.92015258161665,0.37155396605371616,18.837543973071977,1.7370168537555941,41.015625,2,0.4869481748798072
A1,semisynthetic,0,gated,0.0,1.0,1.0,0.25,0.19485340876553597,35.92015258161665,0.37155396605371616,18.837543973071977,1.7370168537555941,41.015625,2,0.4869481748798072
A1,semisynthetic,0,gated,0.0,2.0,1.0,0.25,0.19485340876553597,35.92015258161665,0.37155396605371616,18.837543973071977,1.7370168537555941,41.015625,2,0.4869481748798072
A1,semisynthetic,0,gated,0.05,0.0,1.0,0.25,0.19461680355073915,35.73214255258949,0.3696092117327485,18.81467005382042,1.7171388308545803,41.015625,2,0.4846795019471829
A1,semisynthetic,0,gated,0.05,1.0,1.0,0.25,0.1947746562741121,35.93957272036752,0.3717548457564904,18.82993053931383,1.7450362178100374,41.015625,2,0.4871926297250322
A1,semisynthetic,0,gated,0.05,2.0,1.0,0.25,0.19485340876553597,35.92015258161665,0.37155396605371616,18.837543973071977,1.7370168537555941,41.015625,2,0.4869481748798072
A1,semisynthetic,0,gated,0.1,0.0,1.0,0.25,0.19577653833945616,35.65223057344181,0.3687826113245221,18.92678795423573,1.6973777476975773,41.015625,2,0.4842283625404463
A1,semisynthetic,0,gated,0.1,1.0,1.0,0.25,0.1947289453459027,35.96393753553532,0.3720068726287926,18.825511414056283,1.753172521608491,41.015625,2,0.4875059621327817
A1,semisynthetic,0,gated,0.1,2.0,1.0,0.25,0.19485340876553597,35.92015258161665,0.37155396605371616,18.837543973071977,1.7370168537555941,41.015625,2,0.4869481748798072
A1,semisynthetic,0,gated,0.15,0.0,1.0,0.25,0.1983081166447045,35.68114294520946,0.36908167760420674,19.171529465038724,1.678167811693496,41.015625,2,0.4855945125832461
A1,semisynthetic,0,gated,0.15,1.0,1.0,0.25,0.19471629925108,35.99323698555778,0.3723099428018466,18.824288846954072,1.7613088254069469,41.015625,2,0.48788687025797656
A1,semisynthetic,0,gated,0.15,2.0,1.0,0.25,0.19485340876553597,35.92015258161665,0.37155396605371616,18.837543973071977,1.7370168537555941,41.015625,2,0.4869481748798072
A1,semisynthetic,0,gated,0.25,0.0,1.0,0.25,0.20725861073184604,36.0634086930184,0.3730357909494154,20.03682264628417,1.6406680357607064,41.015625,2,0.49363597956198785
A1,semisynthetic,0,gated,0.25,1.0,1.0,0.25,0.19479021048320658,36.06658965968103,0.3730686945061778,18.831434249716636,1.7776351519987978,41.015625,2,0.48885145524063894
A1,semisynthetic,0,gated,0.25,2.0,1.0,0.25,0.19485340876553597,35.92015258161665,0.37155396605371616,18.837543973071977,1.7370168537555941,41.015625,2,0.4869481748798072
A1,semisynthetic,0,shrink,0.0,0.0,2.0,0.25,0.3905518028837339,72.12089589999731,0.7460103307218513,37.7567772983509,5.167962227820264,82.03125,2,0.9947430446814116
A1,semisynthetic,0,shrink,0.05,0.0,2.0,0.25,0.38287443105953717,69.29841263883388,0.7168148854234868,37.014563804359874,4.81049684959243,83.984375,2,0.9580113323232723
A1,semisynthetic,0,shrink,0.1,0.0,2.0,0.25,0.3795928588602827,66.80688338021083,0.6910427906230308,36.697316284822506,4.45398066725912,83.984375,2,0.9269106886497073
A1,semisynthetic,0,shrink,0.15,0.0,2.0,0.25,0.3808207404428092,64.68456263717988,0.6690897466452946,36.81602230824343,4.23206968879395,85.9375,2,0.9032761635834902
A1,semisynthetic,0,shrink,0.25,0.0,2.0,0.25,0.3964835431694109,61.69350458799558,0.6381505829447461,38.330231050975456,4.493353462861154,50.78125,2,0.8828710908380969
A1,semisynthetic,0,gated,0.0,0.0,2.0,0.25,0.3905518028837339,72.12089589999731,0.7460103307218513,37.7567772983509,5.167962227820264,82.03125,2,0.9947430446814116
A1,semisynthetic,0,gated,0.0,1.0,2.0,0.25,0.3905518028837339,72.12089589999731,0.7460103307218513,37.7567772983509,5.167962227820264,82.03125,2,0.9947430446814116
A1,semisynthetic,0,gated,0.0,2.0,2.0,0.25,0.3905518028837339,72.12089589999731,0.7460103307218513,37.7567772983509,5.167962227820264,82.03125,2,0.9947430446814116
A1,semisynthetic,0,gated,0.05,0.0,2.0,0.25,0.3866480480132707,71.09818680403816,0.735431544346726,37.37937997952374,5.083765536049978,82.03125,2,0.9813414598836014
A1,semisynthetic,0,gated,0.05,1.0,2.0,0.25,0.3903370587154737,72.11096074584425,0.7459075626191676,37.73601680594694,5.181890238812,82.03125,2,0.9946769742535294
A1,semisynthetic,0,gated,0.05,2.0,2.0,0.25,0.3905518028837339,72.12089589999731,0.7460103307218513,37.7567772983509,5.167962227820264,82.03125,2,0.9947430446814116
A1,semisynthetic,0,gated,0.1,0.0,2.0,0.25,0.3835621698339315,70.13965823217755,0.7255166340010254,37.081051270433555,4.999568844279696,82.03125,2,0.969012689460778
A1,semisynthetic,0,gated,0.1,1.0,2.0,0.25,0.39013071379118325,72.10389971330731,0.745834524103043,37.71606831436259,5.1958182498037395,82.03125,2,0.994644833034191
A1,semisynthetic,0,gated,0.1,2.0,2.0,0.25,0.3905518028837339,72.12089589999731,0.7460103307218513,37.7567772983509,5.167962227820264,82.03125,2,0.9947430446814116
A1,semisynthetic,0,gated,0.15,0.0,2.0,0.25,0.3813140254717347,69.24797539085569,0.71629316827653,36.86371086797924,4.915372152509412,82.03125,2,0.9577942305677309
A1,semisynthetic,0,gated,0.15,1.0,2.0,0.25,0.3899327814450176,72.0997136468115,0.7457912239081133,37.69693311268348,5.2101155949186655,82.03125,2,0.9946504567752036
A1,semisynthetic,0,gated,0.15,2.0,2.0,0.25,0.3905518028837339,72.12089589999731,0.7460103307218513,37.7567772983509,5.167962227820264,82.03125,2,0.9947430446814116
A1,semisynthetic,0,gated,0.25,0.0,2.0,0.25,0.37938496307110003,67.67551861232872,0.7000278545036492,36.67721786265296,4.74743171636754,82.03125,2,0.9388272288559161
A1,semisynthetic,0,gated,0.25,1.0,2.0,0.25,0.3895622052341364,72.09996807104656,0.7457938556434152,37.6611074850382,5.238850636913944,82.03125,2,0.9947650324057866
A1,semisynthetic,0,gated,0.25,2.0,2.0,0.25,0.3905518028837339,72.12089589999731,0.7460103307218513,37.7567772983509,5.167962227820264,82.03125,2,0.9947430446814116
A1,semisynthetic,1,shrink,0.0,0.0,0.0,0.5,1.0350749253097522e-16,1.2210829454974246e-14,1.2630742874748178e-16,1.0006635010634383e-14,7.401486830834377e-17,0.0,2,1.7882677637850988e-16
A1,semisynthetic,1,shrink,0.05,0.0,0.0,0.5,0.03873973157400735,4.847947191102912,0.05014661343602206,3.7451815785705787,0.22478678134955174,0.0,2,0.07184164808017642
A1,semisynthetic,1,shrink,0.1,0.0,0.0,0.5,0.0774794631480145,9.695894382205816,0.10029322687204405,7.4903631571411395,0.44992875995444015,1.953125,2,0.14368697028029556
A1,semisynthetic,1,shrink,0.15,0.0,0.0,0.5,0.1162191947220218,14.543841573308733,0.15043984030806615,11.235544735711713,0.6759941409600095,1.953125,2,0.21554184404964769
A1,semisynthetic,1,shrink,0.25,0.0,0.0,0.5,0.19369865787003626,24.23973595551455,0.25073306718011024,18.72590789285285,1.128258196919344,60.546875,2,0.35925297036576626
A1,semisynthetic,1,gated,0.0,0.0,0.0,0.5,1.0350749253097522e-16,1.2210829454974246e-14,1.2630742874748178e-16,1.0006635010634383e-14,7.401486830834377e-17,0.0,2,1.7882677637850988e-16
A1,semisynthetic,1,gated,0.0,1.0,0.0,0.5,1.0350749253097522e-16,1.2210829454974246e-14,1.2630742874748178e-16,1.0006635010634383e-14,7.401486830834377e-17,0.0,2,1.7882677637850988e-16
A1,semisynthetic,1,gated,0.0,2.0,0.0,0.5,1.0350749253097522e-16,1.2210829454974246e-14,1.2630742874748178e-16,1.0006635010634383e-14,7.401486830834377e-17,0.0,2,1.7882677637850988e-16
A1,semisynthetic,1,gated,0.05,0.0,0.0,0.5,0.017360128276583748,2.088319409675559,0.02160133805915441,1.6782984801760241,0.006896632468981497,0.0,2,0.030352740177997523
A1,semisynthetic,1,gated,0.05,1.0,0.0,0.5,0.006411970962771967,0.6052402044682083,0.006260535722234502,0.6198802768219324,0.0011735591604835616,0.0,2,0.00947866036587726
A1,semisynthetic,1,gated,0.05,2.0,0.0,0.5,1.0350749253097522e-16,1.2210829454974246e-14,1.2630742874748178e-16,1.0006635010634383e-14,7.401486830834377e-17,0.0,2,1.7882677637850988e-16
A1,semisynthetic,1,gated,0.1,0.0,0.0,0.5,0.034720256553167496,4.176638819351123,0.043202676118308865,3.356596960352048,0.013797313525053164,0.0,2,0.060705522234118715
A1,semisynthetic,1,gated,0.1,1.0,0.0,0.5,0.012823941925543883,1.210480408936419,0.01252107144446903,1.2397605536438598,0.002347118320967049,0.0,2,0.01895732073175452
A1,semisynthetic,1,gated,0.1,2.0,0.0,0.5,1.0350749253097522e-16,1.2210829454974246e-14,1.2630742874748178e-16,1.0006635010634383e-14,7.401486830834377e-17,0.0,2,1.7882677637850988e-16
A1,semisynthetic,1,gated,0.15,0.0,0.0,0.5,0.05208038482975117,6.264958229026686,0.06480401417746331,5.034895440528065,0.020697994581125423,0.0,2,0.09105830429023987
A1,semisynthetic,1,gated,0.15,1.0,0.0,0.5,0.01923591288831583,1.815720613404629,0.01878160716670355,1.8596408304657903,0.0035206774814499444,0.0,2,0.02843598109763178
A1,semisynthetic,1,gated,0.15,2.0,0.0,0.5,1.0350749253097522e-16,1.2210829454974246e-14,1.2630742874748178e-16,1.0006635010634383e-14,7.401486830834377e-17,0.0,2,1.7882677637850988e-16
A1,semisynthetic,1,gated,0.25,0.0,0.0,0.5,0.08680064138291864,10.441597048377814,0.10800669029577224,8.39149240088011,0.03449935669326935,0.0,2,0.15176386840248224
A1,semisynthetic,1,gated,0.25,1.0,0.0,0.5,0.0320598548138597,3.0262010223410507,0.031302678611172606,3.099401384109649,0.005867795802415736,0.0,2,0.0473933018293863
A1,semisynthetic,1,gated,0.25,2.0,0.0,0.5,1.0350749253097522e-16,1.2210829454974246e-14,1.2630742874748178e-16,1.0006635010634383e-14,7.401486830834377e-17,0.0,2,1.7882677637850988e-16
A1,semisynthetic,1,shrink,0.0,0.0,1.0,0.25,0.3098807829637971,42.307822316348954,0.4376272940661291,29.95786890500101,2.740130400681773,78.125,1,0.6209112822397277
A1,semisynthetic,1,shrink,0.05,0.0,1.0,0.25,0.3158919411038133,40.60690384249153,0.42003318715191745,30.539000415653202,2.845195698019088,78.125,1,0.6074095378614796
A1,semisynthetic,1,shrink,0.1,0.0,1.0,0.25,0.32528062640981986,39.53217905004707,0.4089163563383044,31.446655936907366,2.950260995356403,78.125,1,0.602073833166825
A1,semisynthetic,1,shrink,0.15,0.0,1.0,0.25,0.3377653061519865,39.13527119449455,0.4048107866987175,32.65361816108777,3.0553262926937177,78.125,1,0.6052973868642767
A1,semisynthetic,1,shrink,0.25,0.0,1.0,0.25,0.37069621020743876,40.42070242165552,0.41810714086803097,35.83722863599631,3.2654568873683494,78.125,1,0.6372327599932269
A1,semisynthetic,1,gated,0.0,0.0,1.0,0.25,0.3098807829637971,42.307822316348954,0.4376272940661291,29.95786890500101,2.740130400681773,78.125,1,0.6209112822397277
A1,semisynthetic,1,gated,0.0,1.0,1.0,0.25,0.3098807829637971,42.307822316348954,0.4376272940661291,29.95786890500101,2.740130400681773,78.125,1,0.6209112822397277
A1,semisynthetic,1,gated,0.0,2.0,1.0,0.25,0.3098807829637971,42.307822316348954,0.4376272940661291,29.95786890500101,2.740130400681773,78.125,1,0.6209112822397277
A1,semisynthetic,1,gated,0.05,0.0,1.0,0.25,0.3134832103415729,41.75649749883175,0.43192445296413456,30.30613524824115,2.7399107557174323,78.125,1,0.6170073828441333
A1,semisynthetic,1,gated,0.05,1.0,1.0,0.25,0.3112755220122994,42.286383351029016,0.4374055318513219,30.092705951597086,2.7412965209105606,78.125,1,0.6213989517639664
A1,semisynthetic,1,gated,0.05,2.0,1.0,0.25,0.3098807829637971,42.307822316348954,0.4376272940661291,29.95786890500101,2.740130400681773,78.125,1,0.6209112822397277
A1,semisynthetic,1,gated,0.1,0.0,1.0,0.25,0.31831118512402873,41.31876083435655,0.4273965547765271,30.772881957172633,2.739691110753093,78.125,1,0.614891200065266
A1,semisynthetic,1,gated,0.1,1.0,1.0,0.25,0.312851741897656,42.27385189214165,0.4372759078682539,30.245087742553405,2.742462641139349,78.125,1,0.6220694999383716
A1,semisynthetic,1,gated,0.1,2.0,1.0,0.25,0.3098807829637971,42.307822316348954,0.4376272940661291,29.95786890500101,2.740130400681773,78.125,1,0.6209112822397277
A1,semisynthetic,1,gated,0.15,0.0,1.0,0.25,0.3243099780723227,40.99825081271393,0.4240812356271807,31.35281805716058,2.739471465788753,78.125,1,0.6145730054075788
A1,semisynthetic,1,gated,0.15,1.0,1.0,0.25,0.31460671490507036,42.27023586186133,0.43723850406299525,30.414750574772583,2.7436287613681363,78.125,1,0.6229216448516149
A1,semisynthetic,1,gated,0.15,2.0,1.0,0.25,0.3098807829637971,42.307822316348954,0.4376272940661291,29.95786890500101,2.740130400681773,78.125,1,0.6209112822397277
A1,semisynthetic,1,gated,0.25,0.0,1.0,0.25,0.33955979762228883,40.71897215339506,0.4211924089923741,32.827101459097705,2.739032175860073,78.125,1,0.6193045445827796
A1,semisynthetic,1,gated,0.25,1.0,1.0,0.25,0.3186408054927512,42.28975359640977,0.43744039328558076,30.80474815971724,2.7459610018257123,78.125,1,0.6251647037976304
A1,semisynthetic,1,gated,0.25,2.0,1.0,0.25,0.3098807829637971,42.307822316348954,0.4376272940661291,29.95786890500101,2.740130400681773,78.125,1,0.6209112822397277
A1,semisynthetic,1,shrink,0.0,0.0,2.0,0.25,0.6142774912467805,85.20029201322635,0.8813021140297241,59.38556233806175,3.8951027684167765,78.125,1,1.2287313589349227
A1,semisynthetic,1,shrink,0.05,0.0,2.0,0.25,0.6039202961449728,81.25173370141407,0.840458676697026,58.38427568157449,3.9684849184515425,78.125,1,1.1834683806511224
A1,semisynthetic,1,shrink,0.1,0.0,2.0,0.25,0.5954865697204125,77.62123321106003,0.8029051932343371,57.568941254601846,4.0439354803904175,78.125,1,1.1424784859930446
A1,semisynthetic,1,shrink,0.15,0.0,2.0,0.25,0.5890589343326303,74.35539392875154,0.7691237237631645,56.94754661220217,4.119381160253328,78.125,1,1.1062636003452349
A1,semisynthetic,1,shrink,0.25,0.0,2.0,0.25,0.5824669117220235,69.11898121796435,0.7149588672479724,56.310259758533554,4.268918117135671,78.125,1,1.0503495257705362
A1,semisynthetic,1,gated,0.0,0.0,2.0,0.25,0.6142774912467805,85.20029201322635,0.8813021140297241,59.38556233806175,3.8951027684167765,78.125,1,1.2287313589349227
A1,semisynthetic,1,gated,0.0,1.0,2.0,0.25,0.6142774912467805,85.20029201322635,0.8813021140297241,59.38556233806175,3.8951027684167765,78.125,1,1.2287313589349227
A1,semisynthetic,1,gated,0.0,2.0,2.0,0.25,0.6142774912467805,85.20029201322635,0.8813021140297241,59.38556233806175,3.8951027684167765,78.125,1,1.2287313589349227
A1,semisynthetic,1,gated,0.05,0.0,2.0,0.25,0.6140046658206384,83.59333708255876,0.8646799553013482,59.35918681302226,3.893626415341125,78.125,1,1.2119575162654566
A1,semisynthetic,1,gated,0.05,1.0,2.0,0.25,0.6152946389833799,85.1225876356006,0.8804983488001367,59.48389556885658,3.88379848725407,78.125,1,1.2283192373771428
A1,semisynthetic,1,gated,0.05,2.0,2.0,0.25,0.6142774912467805,85.20029201322635,0.8813021140297241,59.38556233806175,3.8951027684167765,78.125,1,1.2287313589349227
A1,semisynthetic,1,gated,0.1,0.0,2.0,0.25,0.6142954347720262,82.04699400623132,0.8486847586889816,59.38729703671542,3.8921500622654737,78.125,1,1.1960924329007647
A1,semisynthetic,1,gated,0.1,1.0,2.0,0.25,0.6164474933135454,85.05019378356023,0.8797495150421957,59.59534829773941,3.8724942060913636,78.125,1,1.2280299005877926
A1,semisynthetic,1,gated,0.1,2.0,2.0,0.25,0.6142774912467805,85.20029201322635,0.8813021140297241,59.38556233806175,3.8951027684167765,78.125,1,1.2287313589349227
A1,semisynthetic,1,gated,0.15,0.0,2.0,0.25,0.6151489989012057,80.56475297374051,0.8333526263151517,59.46981574613457,3.8913813598360534,78.125,1,1.1811791312211701
A1,semisynthetic,1,gated,0.15,1.0,2.0,0.25,0.617735294446607,84.9831240286033,0.879055753137931,59.719847071593605,3.8611899249286576,78.125,1,1.2278631090535668
A1,semisynthetic,1,gated,0.15,2.0,2.0,0.25,0.6142774912467805,85.20029201322635,0.8813021140297241,59.38556233806175,3.8951027684167765,78.125,1,1.2287313589349227
A1,semisynthetic,1,gated,0.25,0.0,2.0,0.25,0.6185336567960168,77.80707384579762,0.8048275075879244,59.797029123263776,3.887896872915937,78.125,1,1.1543102983056213
A1,semisynthetic,1,gated,0.25,1.0,2.0,0.25,0.6207122894021445,84.8650063002305,0.8778339568123601,60.00764944435081,3.838581362603245,78.125,1,1.2278959498127808
A1,semisynthetic,1,gated,0.25,2.0,2.0,0.25,0.6142774912467805,85.20029201322635,0.8813021140297241,59.38556233806175,3.8951027684167765,78.125,1,1.2287313589349227
A1,semisynthetic,2,shrink,0.0,0.0,0.0,0.5,1.0350749253097522e-16,1.2210829454974246e-14,1.2630742874748178e-16,1.0006635010634383e-14,7.401486830834377e-17,0.0,2,1.7882677637850988e-16
A1,semisynthetic,2,shrink,0.05,0.0,0.0,0.5,0.04126495408126762,4.780728144786598,0.04945130727894418,3.989308639645222,0.2179712364911508,0.0,2,0.07233845395718326
A1,semisynthetic,2,shrink,0.1,0.0,0.0,0.5,0.0825299081625351,9.56145628957319,0.0989026145578883,7.978617279290431,0.4359424729823012,1.953125,2,0.1446769079143664
A1,semisynthetic,2,shrink,0.15,0.0,0.0,0.5,0.12379486224380268,14.34218443435979,0.14835392183683252,11.967925918935649,0.6545667416782096,50.78125,2,0.21702211676227812
A1,semisynthetic,2,shrink,0.25,0.0,0.0,0.5,0.20632477040633776,23.903640723932988,0.2472565363947209,19.946543198226077,1.0922084400523442,58.59375,2,0.36171660127051125
A1,semisynthetic,2,gated,0.0,0.0,0.0,0.5,1.0350749253097522e-16,1.2210829454974246e-14,1.2630742874748178e-16,1.0006635010634383e-14,7.401486830834377e-17,0.0,2,1.7882677637850988e-16
A1,semisynthetic,2,gated,0.0,1.0,0.0,0.5,1.0350749253097522e-16,1.2210829454974246e-14,1.2630742874748178e-16,1.0006635010634383e-14,7.401486830834377e-17,0.0,2,1.7882677637850988e-16
A1,semisynthetic,2,gated,0.0,2.0,0.0,0.5,1.0350749253097522e-16,1.2210829454974246e-14,1.2630742874748178e-16,1.0006635010634383e-14,7.401486830834377e-17,0.0,2,1.7882677637850988e-16
A1,semisynthetic,2,gated,0.05,0.0,0.0,0.5,0.018124112399301926,1.9875344355485605,0.02055882976884519,1.7521570007818896,0.011019652136827022,0.0,2,0.029734871994771157
A1,semisynthetic,2,gated,0.05,1.0,0.0,0.5,0.009315812921022834,0.9237065844119051,0.009554715674671794,0.9006105495225927,0.0018798501429454866,0.0,2,0.014232067090897445
A1,semisynthetic,2,gated,0.05,2.0,0.0,0.5,0.0015510102568745403,0.17771156183146877,0.001838228149561793,0.1499446383907835,4.548279760596685e-06,0.0,2,0.0026137803248867377
A1,semisynthetic,2,gated,0.1,0.0,0.0,0.5,0.03624822479860382,3.975068871097126,0.041117659537690435,3.5043140015637757,0.02203930427365286,0.0,2,0.05946974398954234
A1,semisynthetic,2,gated,0.1,1.0,0.0,0.5,0.018631625842045623,1.8474131688238145,0.019109431349343634,1.801221099045181,0.003759700285891047,0.0,2,0.02846413418179491
A1,semisynthetic,2,gated,0.1,2.0,0.0,0.5,0.003102020513749077,0.35542312366293966,0.0036764562991236076,0.2998892767815667,9.096559522303593e-06,0.0,2,0.005227560649773508
A1,semisynthetic,2,gated,0.15,0.0,0.0,0.5,0.05437233719790569,5.962603306645691,0.061676489306535666,5.256471002345661,0.03305895641047929,0.0,2,0.0892046159843135
A1,semisynthetic,2,gated,0.15,1.0,0.0,0.5,0.027947438763068433,2.7711197532357232,0.028664147024015464,2.7018316485677714,0.005639550428836533,0.0,2,0.042696201272692386
A1,semisynthetic,2,gated,0.15,2.0,0.0,0.5,0.004653030770623603,0.5331346854944105,0.005514684448685422,0.4498339151723488,1.364483928460262e-05,0.0,2,0.007841340974660277
A1,semisynthetic,2,gated,0.25,0.0,0.0,0.5,0.0906205619965095,9.93767217774282,0.10279414884422614,8.760785003909437,0.05509826068413215,0.0,2,0.14867435997385592
A1,semisynthetic,2,gated,0.25,1.0,0.0,0.5,0.046579064605114025,4.618532922059542,0.04777357837335914,4.50305274761295,0.009399250714727655,0.0,2,0.07116033545448731
A1,semisynthetic,2,gated,0.25,2.0,0.0,0.5,0.007755051284372654,0.888557809157352,0.00919114074780905,0.7497231919539129,2.2741398807424318e-05,0.0,2,0.013068901624433797
A1,semisynthetic,2,shrink,0.0,0.0,1.0,0.25,0.3201900622904047,31.337584399413014,0.32415240285209634,30.954523281621807,3.42178068063517,41.015625,2,0.5196419435269339
A1,semisynthetic,2,shrink,0.05,0.0,1.0,0.25,0.3123581105250018,29.882557206658,0.3091017673361211,30.197365699876432,3.5325009509753653,41.015625,2,0.5018206099907041
A1,semisynthetic,2,shrink,0.1,0.0,1.0,0.25,0.3101293795871516,29.26114616227485,0.3026739622880906,29.981902099255425,3.6466062680913933,41.015625,2,0.4954587318743987
A1,semisynthetic,2,shrink,0.15,0.0,1.0,0.25,0.31362334831230304,29.526031642481318,0.3054139075179203,30.31968315177874,3.759681687324983,41.015625,2,0.5011153007210908
A1,semisynthetic,2,shrink,0.25,0.0,1.0,0.25,0.3367766895244921,32.55615986421482,0.3367572086321971,32.55804318854344,3.9892096750533703,41.015625,2,0.5464094837972473
A1,semisynthetic,2,gated,0.0,0.0,1.0,0.25,0.3201900622904047,31.337584399413014,0.32415240285209634,30.954523281621807,3.42178068063517,41.015625,2,0.5196419435269339
A1,semisynthetic,2,gated,0.0,1.0,1.0,0.25,0.3201900622904047,31.337584399413014,0.32415240285209634,30.954523281621807,3.42178068063517,41.015625,2,0.5196419435269339
A1,semisynthetic,2,gated,0.0,2.0,1.0,0.25,0.3201900622904047,31.337584399413014,0.32415240285209634,30.954523281621807,3.42178068063517,41.015625,2,0.5196419435269339
A1,semisynthetic,2,gated,0.05,0.0,1.0,0.25,0.31587092000020767,30.86168949433893,0.3192298001709617,30.53696819067935,3.46899818548579,41.015625,2,0.5130481821915593
A1,semisynthetic,2,gated,0.05,1.0,1.0,0.25,0.3183473785737327,31.261702430842323,0.32336748841415397,30.77638097576643,3.4424678450658015,41.015625,2,0.5181496729027136
A1,semisynthetic,2,gated,0.05,2.0,1.0,0.25,0.3199428271282987,31.346444326755535,0.32424404893114855,30.930621707267182,3.421777701203888,41.015625,2,0.5196099412060353
A1,semisynthetic,2,gated,0.1,0.0,1.0,0.25,0.3126641208952831,30.54026719340668,0.315905044508576,30.226949394834147,3.5175653012112016,41.015625,2,0.5086223996887026
A1,semisynthetic,2,gated,0.1,1.0,1.0,0.25,0.31682081073298407,31.214767760189655,0.32288200152801677,30.628799319329605,3.4634956026925523,41.015625,2,0.5171184108254784
A1,semisynthetic,2,gated,0.1,2.0,1.0,0.25,0.3196989415817954,31.3558462782967,0.32434130164676067,30.90704395855979,3.4217747217726053,41.015625,2,0.5195852203294982
A1,semisynthetic,2,gated,0.15,0.0,1.0,0.25,0.3106041196923522,30.37822116894572,0.31422885889285784,30.02779781985972,3.566915860188035,41.015625,2,0.5064266900312481
A1,semisynthetic,2,gated,0.15,1.0,1.0,0.25,0.31561494577371774,31.196911038345803,0.3226972936316144,30.51222176320843,3.484523360319303,41.015625,2,0.516548279178719
A1,semisynthetic,2,gated,0.15,2.0,1.0,0.25,0.3194584133225303,31.36578976661834,0.32444415595713477,30.88379077715856,3.4217717423413223,41.015625,2,0.5195677796913418
A1,semisynthetic,2,gated,0.25,0.0,1.0,0.25,0.3100032408907002,30.53991161928733,0.3159013664903947,29.9697075820737,3.669580694535162,41.015625,2,0.5088607115782197
A1,semisynthetic,2,gated,0.25,1.0,1.0,0.25,0.31417911356540007,31.24854966314064,0.3232314376834941,30.373412016263316,3.527202381067561,41.015625,2,0.5168059740547964
A1,semisynthetic,2,gated,0.25,2.0,1.0,0.25,0.3189874589379262,31.38729926686859,0.3246666477772253,30.83826104285473,3.4217657834787576,41.015625,2,0.5195547326813349
A1,semisynthetic,2,shrink,0.0,0.0,2.0,0.25,0.6407177406676461,62.71420609204969,0.6487086030179234,61.941685755557955,7.977014435909854,39.0625,2,1.0515808018849588
A1,semisynthetic,2,shrink,0.05,0.0,2.0,0.25,0.6155414828289151,59.49924955198637,0.6154534588356517,59.50775931249961,7.895517666111114,39.0625,2,1.00489453548115
A1,semisynthetic,2,shrink,0.1,0.0,2.0,0.25,0.5933100971215882,56.71000766704465,0.5866018585458571,57.3585297532261,7.813540154990368,39.0625,2,0.9640792763020544
A1,semisynthetic,2,shrink,0.15,0.0,2.0,0.25,0.5743656378961748,54.41198822682569,0.5628314072611129,55.52706534125778,7.733431873322257,39.0625,2,0.9300079644654698
A1,semisynthetic,2,shrink,0.25,0.0,2.0,0.25,0.5476443156406444,51.539005731153416,0.5331136036341804,52.943769076665,7.580500071873878,39.0625,2,0.8853475905795462
A1,semisynthetic,2,gated,0.0,0.0,2.0,0.25,0.6407177406676461,62.71420609204969,0.6487086030179234,61.941685755557955,7.977014435909854,39.0625,2,1.0515808018849588
A1,semisynthetic,2,gated,0.0,1.0,2.0,0.25,0.6407177406676461,62.71420609204969,0.6487086030179234,61.941685755557955,7.977014435909854,39.0625,2,1.0515808018849588
A1,semisynthetic,2,gated,0.0,2.0,2.0,0.25,0.6407177406676461,62.71420609204969,0.6487086030179234,61.941685755557955,7.977014435909854,39.0625,2,1.0515808018849588
A1,semisynthetic,2,gated,0.05,0.0,2.0,0.25,0.6311691467202222,61.488087033860204,0.6360257671672342,61.01857099197665,7.95856083054339,39.0625,2,1.0339327870689983
A1,semisynthetic,2,gated,0.05,1.0,2.0,0.25,0.637045850475095,62.484552030248594,0.6463330875662933,61.586704062372874,7.983628372017219,39.0625,2,1.0474377551386465
A1,semisynthetic,2,gated,0.05,2.0,2.0,0.25,0.6404730400541274,62.71595492899982,0.648726692788097,61.918029209867534,7.976914265726411,39.0625,2,1.0514755051994076
A1,semisynthetic,2,gated,0.1,0.0,2.0,0.25,0.622254884845278,60.34251051267445,0.6241760541433976,60.1567805767071,7.940962774509397,39.0625,2,1.0174439108209554
A1,semisynthetic,2,gated,0.1,1.0,2.0,0.25,0.6335941434876299,62.27141964471723,0.6441284704517436,61.253008683008105,7.990242308124588,39.0625,2,1.0435756983319575
A1,semisynthetic,2,gated,0.1,2.0,2.0,0.25,0.640229598775905,62.71788737893663,0.6487466818300864,61.89449441100295,7.976814095542971,39.0625,2,1.0513727374533206
A1,semisynthetic,2,gated,0.15,0.0,2.0,0.25,0.6140025838977256,59.2821459583074,0.6132077639964484,59.358985542155786,7.923198655029975,39.0625,2,1.0021657201721357
A1,semisynthetic,2,gated,0.15,1.0,2.0,0.25,0.6303662366982483,62.07497911557423,0.6420965119980335,60.94094929194496,7.996387908165186,39.0625,2,1.039993355870231
A1,semisynthetic,2,gated,0.15,2.0,2.0,0.25,0.6399874182700739,62.72000342488838,0.6487685699683381,61.87108149789603,7.97671392535953,39.0625,2,1.0512724991896911
A1,semisynthetic,2,gated,0.25,0.0,2.0,0.25,0.5995910104418011,57.43555447634559,0.5941068320823935,57.96573997146218,7.887199045647686,39.0625,2,0.9754866256719709
A1,semisynthetic,2,gated,0.25,1.0,2.0,0.25,0.6245954624736689,61.732797473535854,0.6385570240762812,60.38305700818722,8.009421481208463,39.0625,2,1.0337032986308818
A1,semisynthetic,2,gated,0.25,2.0,2.0,0.25,0.6395068452975649,62.72478622890029,0.64881804274815,61.8246218821302,7.976513584992648,39.0625,2,1.0510796131853173
A1,semisynthetic,3,shrink,0.0,0.0,0.0,0.5,1.0350749253097522e-16,1.2210829454974246e-14,1.2630742874748178e-16,1.0006635010634383e-14,7.401486830834377e-17,0.0,2,1.7882677637850988e-16
A1,semisynthetic,3,shrink,0.05,0.0,0.0,0.5,0.04789691717577728,4.924180836920622,0.05093516558334231,4.630456758182591,0.23499858697593323,0.0,2,0.07731442278238757
A1,semisynthetic,3,shrink,0.1,0.0,0.0,0.5,0.09579383435155438,9.848361673841238,0.10187033116668454,9.260913516365164,0.4705033110478669,1.953125,2,0.15463408098923365
A1,semisynthetic,3,shrink,0.15,0.0,0.0,0.5,0.14369075152733163,14.772542510761863,0.1528054967500269,13.891370274547752,0.7060080351198024,50.78125,2,0.23195373919607992
A1,semisynthetic,3,shrink,0.25,0.0,0.0,0.5,0.239484585878886,24.620904184603106,0.25467582791671145,23.152283790912914,1.1773573770719696,50.78125,2,0.38659657143260256
A1,semisynthetic,3,gated,0.0,0.0,0.0,0.5,1.0350749253097522e-16,1.2210829454974246e-14,1.2630742874748178e-16,1.0006635010634383e-14,7.401486830834377e-17,0.0,2,1.7882677637850988e-16
A1,semisynthetic,3,gated,0.0,1.0,0.0,0.5,1.0350749253097522e-16,1.2210829454974246e-14,1.2630742874748178e-16,1.0006635010634383e-14,7.401486830834377e-17,0.0,2,1.7882677637850988e-16
A1,semisynthetic,3,gated,0.0,2.0,0.0,0.5,1.0350749253097522e-16,1.2210829454974246e-14,1.2630742874748178e-16,1.0006635010634383e-14,7.401486830834377e-17,0.0,2,1.7882677637850988e-16
A1,semisynthetic,3,gated,0.05,0.0,0.0,0.5,0.018723673986945848,2.222654989536165,0.022990889992875272,1.810119896290674,0.007040154007220689,0.0,2,0.0324255495373401
A1,semisynthetic,3,gated,0.05,1.0,0.0,0.5,0.0031530238752342427,0.3500642284314101,0.003621024497367839,0.304820050489033,2.8466032561717352e-05,0.0,2,0.005197830884382748
A1,semisynthetic,3,gated,0.05,2.0,0.0,0.5,1.0350749253097522e-16,1.2210829454974246e-14,1.2630742874748178e-16,1.0006635010634383e-14,7.401486830834377e-17,0.0,2,1.7882677637850988e-16
A1,semisynthetic,3,gated,0.1,0.0,0.0,0.5,0.03744734797389168,4.445309979072334,0.04598177998575059,3.6202397925813465,0.014080308014441748,0.0,2,0.06485109907468024
A1,semisynthetic,3,gated,0.1,1.0,0.0,0.5,0.006306047750468468,0.7001284568628224,0.0072420489947357,0.6096401009780643,5.693206512276857e-05,0.0,2,0.010395661768765503
A1,semisynthetic,3,gated,0.1,2.0,0.0,0.5,1.0350749253097522e-16,1.2210829454974246e-14,1.2630742874748178e-16,1.0006635010634383e-14,7.401486830834377e-17,0.0,2,1.7882677637850988e-16
A1,semisynthetic,3,gated,0.15,0.0,0.0,0.5,0.0561710219608375,6.667964968608503,0.0689726699786259,5.430359688872018,0.02112046202166229,0.0,2,0.09727664861202037
A1,semisynthetic,3,gated,0.15,1.0,0.0,0.5,0.00945907162570268,1.0501926852942347,0.010863073492103562,0.9144601514670944,8.539809768500402e-05,0.0,2,0.015593492653148265
A1,semisynthetic,3,gated,0.15,2.0,0.0,0.5,1.0350749253097522e-16,1.2210829454974246e-14,1.2630742874748178e-16,1.0006635010634383e-14,7.401486830834377e-17,0.0,2,1.7882677637850988e-16
A1,semisynthetic,3,gated,0.25,0.0,0.0,0.5,0.09361836993472918,11.113274947680843,0.11495444996437655,9.050599481453364,0.035200770036103966,0.0,2,0.16212774768670069
A1,semisynthetic,3,gated,0.25,1.0,0.0,0.5,0.015765119376171137,1.7503211421570597,0.01810512248683929,1.5241002524451575,0.0001423301628082907,0.0,2,0.025989154421913796
A1,semisynthetic,3,gated,0.25,2.0,0.0,0.5,1.0350749253097522e-16,1.2210829454974246e-14,1.2630742874748178e-16,1.0006635010634383e-14,7.401486830834377e-17,0.0,2,1.7882677637850988e-16
A1,semisynthetic,3,shrink,0.0,0.0,1.0,0.25,0.4488100482012738,37.87677661921231,0.3917930621876442,43.388920276581814,5.774992566265681,,0,0.6759339514701258
A1,semisynthetic,3,shrink,0.05,0.0,1.0,0.25,0.41259743383672787,35.48098443815606,0.36701126081056695,39.88804893030293,5.774992566265681,,0,0.6330458429107756
A1,semisynthetic,3,shrink,0.1,0.0,1.0,0.25,0.38222498600082533,33.840020667731075,0.35003731851824216,36.95177840107088,5.774992566265681,,0,0.6008856767004995
A1,semisynthetic,3,shrink,0.15,0.0,1.0,0.25,0.35917732655397955,33.066454804485595,0.3420356413583372,34.72363519815281,5.774992566265681,,0,0.5813601698171716
A1,semisynthetic,3,shrink,0.25,0.0,1.0,0.25,0.3405767450988018,34.29092270244154,0.35470139779568116,32.925415329655486,5.774992566265681,,0,0.5847256355269267
A1,semisynthetic,3,gated,0.0,0.0,1.0,0.25,0.4488100482012738,37.87677661921231,0.3917930621876442,43.388920276581814,5.774992566265681,,0,0.6759339514701258
A1,semisynthetic,3,gated,0.0,1.0,1.0,0.25,0.4488100482012738,37.87677661921231,0.3917930621876442,43.388920276581814,5.774992566265681,,0,0.6759339514701258
A1,semisynthetic,3,gated,0.0,2.0,1.0,0.25,0.4488100482012738,37.87677661921231,0.3917930621876442,43.388920276581814,5.774992566265681,,0,0.6759339514701258
A1,semisynthetic,3,gated,0.05,0.0,1.0,0.25,0.43620355637089214,36.95131609844233,0.382220203995104,42.17018181208445,5.774992566265681,,0,0.6600578473623947
A1,semisynthetic,3,gated,0.05,1.0,1.0,0.25,0.446123420616052,37.809559102568706,0.3910977718533266,43.129189304480725,5.774992566265681,,0,0.6738953473431973
A1,semisynthetic,3,gated,0.05,2.0,1.0,0.25,0.4488100482012738,37.87677661921231,0.3917930621876442,43.388920276581814,5.774992566265681,,0,0.6759339514701258
A1,semisynthetic,3,gated,0.1,0.0,1.0,0.25,0.4245455927086669,36.171480413272384,0.37415367251151005,41.04314274966859,5.774992566265681,,0,0.6461623340476882
A1,semisynthetic,3,gated,0.1,1.0,1.0,0.25,0.44347053051285695,37.74769517405122,0.390457858424671,42.87271991915528,5.774992566265681,,0,0.6719289888629442
A1,semisynthetic,3,gated,0.1,2.0,1.0,0.25,0.4488100482012738,37.87677661921231,0.3917930621876442,43.388920276581814,5.774992566265681,,0,0.6759339514701258
A1,semisynthetic,3,gated,0.15,0.0,1.0,0.25,0.41391631093694164,35.54685511692903,0.3676926196073911,40.01555198774366,5.774992566265681,,0,0.6343866402577065
A1,semisynthetic,3,gated,0.15,1.0,1.0,0.25,0.4408519869525298,37.69121119477417,0.38987359457804066,42.61957100184575,5.774992566265681,,0,0.6700354532361502
A1,semisynthetic,3,gated,0.15,2.0,1.0,0.25,0.4488100482012738,37.87677661921231,0.3917930621876442,43.388920276581814,5.774992566265681,,0,0.6759339514701258
A1,semisynthetic,3,gated,0.25,0.0,1.0,0.25,0.39606719155074976,34.794608406227034,0.35991146533258345,38.28998006448013,5.774992566265681,,0,0.617680926289803
A1,semisynthetic,3,gated,0.25,1.0,1.0,0.25,0.43572040828910324,37.5944777718963,0.38887299507227413,42.123473246430585,5.774992566265681,,0,0.6664690643986704
A1,semisynthetic,3,gated,0.25,2.0,1.0,0.25,0.4488100482012738,37.87677661921231,0.3917930621876442,43.388920276581814,5.774992566265681,,0,0.6759339514701258
A1,semisynthetic,3,shrink,0.0,0.0,2.0,0.25,0.8927374137412685,75.89634858409082,0.7850631831627124,86.30580493458702,5.876116493920409,,0,1.2922137696021756
A1,semisynthetic,3,shrink,0.05,0.0,2.0,0.25,0.8332383661240231,71.43922538646514,0.7389592085900825,80.55370681658887,5.890031671956824,,0,1.2165042082372266
A1,semisynthetic,3,shrink,0.1,0.0,2.0,0.25,0.7765547170180571,67.35522274066176,0.6967147504972538,75.0737886598957,5.905582825418619,,0,1.1460787849511382
A1,semisynthetic,3,shrink,0.15,0.0,2.0,0.25,0.7233486373245875,63.71612863534479,0.6590723756604272,69.93006614454303,5.923960920238092,,0,1.082023471186641
A1,semisynthetic,3,shrink,0.25,0.0,2.0,0.25,0.6308408696931135,58.097769471435385,0.6009567085478899,60.98683465760772,5.972113354698341,,0,0.9781520035545941
A1,semisynthetic,3,gated,0.0,0.0,2.0,0.25,0.8927374137412685,75.89634858409082,0.7850631831627124,86.30580493458702,5.876116493920409,,0,1.2922137696021756
A1,semisynthetic,3,gated,0.0,1.0,2.0,0.25,0.8927374137412685,75.89634858409082,0.7850631831627124,86.30580493458702,5.876116493920409,,0,1.2922137696021756
A1,semisynthetic,3,gated,0.0,2.0,2.0,0.25,0.8927374137412685,75.89634858409082,0.7850631831627124,86.30580493458702,5.876116493920409,,0,1.2922137696021756
A1,semisynthetic,3,gated,0.05,0.0,2.0,0.25,0.8712814291914232,74.02179899766068,0.765673055801201,84.23153764306836,5.894168625424964,,0,1.2622823791574118
A1,semisynthetic,3,gated,0.05,1.0,2.0,0.25,0.8881660276035821,75.74149981033548,0.783461445088337,85.86386405229956,5.878856990681819,,0,1.2883546858452426
A1,semisynthetic,3,gated,0.05,2.0,2.0,0.25,0.8927374137412685,75.89634858409082,0.7850631831627124,86.30580493458702,5.876116493920409,,0,1.2922137696021756
A1,semisynthetic,3,gated,0.1,0.0,2.0,0.25,0.8504409079546306,72.22585190815761,0.7470959837130106,82.21677055376273,5.919718206094443,,0,1.2335493284025008
A1,semisynthetic,3,gated,0.1,1.0,2.0,0.25,0.8836321103936949,75.59164179004165,0.7819113307991893,85.42554549604435,5.8817637562702245,,0,1.2845676802032404
A1,semisynthetic,3,gated,0.1,2.0,2.0,0.25,0.8927374137412685,75.89634858409082,0.7850631831627124,86.30580493458702,5.876116493920409,,0,1.2922137696021756
A1,semisynthetic,3,gated,0.15,0.0,2.0,0.25,0.8302621978025927,70.51451339564731,0.7293940931060902,80.26598435906867,5.958385224069279,,0,1.2061580499483022
A1,semisynthetic,3,gated,0.15,1.0,2.0,0.25,0.8791362418206368,75.4468042622256,0.7804131479122655,84.99090530946161,5.884800655984466,,0,1.280852976374449
A1,semisynthetic,3,gated,0.15,2.0,2.0,0.25,0.8927374137412685,75.89634858409082,0.7850631831627124,86.30580493458702,5.876116493920409,,0,1.2922137696021756
A1,semisynthetic,3,gated,0.25,0.0,2.0,0.25,0.7920908948977535,67.37113852553543,0.6968793815627604,76.57575588662462,6.052539487569849,,0,1.1555316079275548
A1,semisynthetic,3,gated,0.25,1.0,2.0,0.25,0.8702610043613,75.17230575644788,0.7775737666411033,84.13288759773204,5.8911651683393025,,0,1.2736418101643314
A1,semisynthetic,3,gated,0.25,2.0,2.0,0.25,0.8927374137412685,75.89634858409082,0.7850631831627124,86.30580493458702,5.876116493920409,,0,1.2922137696021756
A1,semisynthetic,4,shrink,0.0,0.0,0.0,0.5,6.522368843498319e-17,7.410189943186162e-15,1.1244092033221676e-16,4.29843440155424e-15,2.9605947323337506e-16,0.0,2,1.4954511898308456e-16
A1,semisynthetic,4,shrink,0.05,0.0,0.0,0.5,0.022074297491321188,3.331089659490107,0.050545369267707654,1.454761636509125,0.012458351781136745,0.0,2,0.06177155885453881
A1,semisynthetic,4,shrink,0.1,0.0,0.0,0.5,0.04414859498264234,6.662179318980208,0.10109073853541521,2.9095232730182476,0.024158931736836326,0.0,2,0.12353161941252813
A1,semisynthetic,4,shrink,0.15,0.0,0.0,0.5,0.06622289247396353,9.993268978470315,0.15163610780312287,4.364284909527372,0.03293228609462403,0.0,2,0.185247262763567
A1,semisynthetic,4,shrink,0.25,0.0,0.0,0.5,0.11037148745660588,16.655448297450523,0.2527268463385381,7.273808182545621,0.05797333091222671,0.0,2,0.3087922672050079
A1,semisynthetic,4,gated,0.0,0.0,0.0,0.5,6.522368843498319e-17,7.410189943186162e-15,1.1244092033221676e-16,4.29843440155424e-15,2.9605947323337506e-16,0.0,2,1.4954511898308456e-16
A1,semisynthetic,4,gated,0.0,1.0,0.0,0.5,6.522368843498319e-17,7.410189943186162e-15,1.1244092033221676e-16,4.29843440155424e-15,2.9605947323337506e-16,0.0,2,1.4954511898308456e-16
A1,semisynthetic,4,gated,0.0,2.0,0.0,0.5,6.522368843498319e-17,7.410189943186162e-15,1.1244092033221676e-16,4.29843440155424e-15,2.9605947323337506e-16,0.0,2,1.4954511898308456e-16
A1,semisynthetic,4,gated,0.05,0.0,0.0,0.5,6.522368843498319e-17,7.410189943186162e-15,1.1244092033221676e-16,4.29843440155424e-15,2.9605947323337506e-16,0.0,2,1.4954511898308456e-16
A1,semisynthetic,4,gated,0.05,1.0,0.0,0.5,6.522368843498319e-17,7.410189943186162e-15,1.1244092033221676e-16,4.29843440155424e-15,2.9605947323337506e-16,0.0,2,1.4954511898308456e-16
A1,semisynthetic,4,gated,0.05,2.0,0.0,0.5,6.522368843498319e-17,7.410189943186162e-15,1.1244092033221676e-16,4.29843440155424e-15,2.9605947323337506e-16,0.0,2,1.4954511898308456e-16
A1,semisynthetic,4,gated,0.1,0.0,0.0,0.5,6.522368843498319e-17,7.410189943186162e-15,1.1244092033221676e-16,4.29843440155424e-15,2.9605947323337506e-16,0.0,2,1.4954511898308456e-16
A1,semisynthetic,4,gated,0.1,1.0,0.0,0.5,6.522368843498319e-17,7.410189943186162e-15,1.1244092033221676e-16,4.29843440155424e-15,2.9605947323337506e-16,0.0,2,1.4954511898308456e-16
A1,semisynthetic,4,gated,0.1,2.0,0.0,0.5,6.522368843498319e-17,7.410189943186162e-15,1.1244092033221676e-16,4.29843440155424e-15,2.9605947323337506e-16,0.0,2,1.4954511898308456e-16
A1,semisynthetic,4,gated,0.15,0.0,0.0,0.5,6.522368843498319e-17,7.410189943186162e-15,1.1244092033221676e-16,4.29843440155424e-15,2.9605947323337506e-16,0.0,2,1.4954511898308456e-16
A1,semisynthetic,4,gated,0.15,1.0,0.0,0.5,6.522368843498319e-17,7.410189943186162e-15,1.1244092033221676e-16,4.29843440155424e-15,2.9605947323337506e-16,0.0,2,1.4954511898308456e-16
A1,semisynthetic,4,gated,0.15,2.0,0.0,0.5,6.522368843498319e-17,7.410189943186162e-15,1.1244092033221676e-16,4.29843440155424e-15,2.9605947323337506e-16,0.0,2,1.4954511898308456e-16
A1,semisynthetic,4,gated,0.25,0.0,0.0,0.5,6.522368843498319e-17,7.410189943186162e-15,1.1244092033221676e-16,4.29843440155424e-15,2.9605947323337506e-16,0.0,2,1.4954511898308456e-16
A1,semisynthetic,4,gated,0.25,1.0,0.0,0.5,6.522368843498319e-17,7.410189943186162e-15,1.1244092033221676e-16,4.29843440155424e-15,2.9605947323337506e-16,0.0,2,1.4954511898308456e-16
A1,semisynthetic,4,gated,0.25,2.0,0.0,0.5,6.522368843498319e-17,7.410189943186162e-15,1.1244092033221676e-16,4.29843440155424e-15,2.9605947323337506e-16,0.0,2,1.4954511898308456e-16
A1,semisynthetic,4,shrink,0.0,0.0,1.0,0.25,0.6663605579060321,45.280364362916906,0.6870762937225534,43.91513596777628,4.554013964806803,1.953125,2,1.0893583805016283
A1,semisynthetic,4,shrink,0.05,0.0,1.0,0.25,0.6438650737406849,43.42662822168402,0.6589480271907381,42.43261688098259,4.374488050863574,1.953125,2,1.0472582772091317
A1,semisynthetic,4,shrink,0.1,0.0,1.0,0.25,0.6219963215498522,41.848671512713466,0.635004389313521,40.99140128904558,4.200830716933562,1.953125,2,1.0097452173605848
A1,semisynthetic,4,shrink,0.15,0.0,1.0,0.25,0.6008227406217133,40.57867916606472,0.6157337485651871,39.595999543921494,4.032632361986151,1.953125,2,0.9773355738602841
A1,semisynthetic,4,shrink,0.25,0.0,1.0,0.25,0.5608735162815551,39.07557900090042,0.592925970732449,36.96322724386492,3.712950483126027,0.0,2,0.9297023871912334
A1,semisynthetic,4,gated,0.0,0.0,1.0,0.25,0.6663605579060321,45.280364362916906,0.6870762937225534,43.91513596777628,4.554013964806803,1.953125,2,1.0893583805016283
A1,semisynthetic,4,gated,0.0,1.0,1.0,0.25,0.6663605579060321,45.280364362916906,0.6870762937225534,43.91513596777628,4.554013964806803,1.953125,2,1.0893583805016283
A1,semisynthetic,4,gated,0.0,2.0,1.0,0.25,0.6663605579060321,45.280364362916906,0.6870762937225534,43.91513596777628,4.554013964806803,1.953125,2,1.0893583805016283
A1,semisynthetic,4,gated,0.05,0.0,1.0,0.25,0.6663605579060321,45.280364362916906,0.6870762937225534,43.91513596777628,4.554013964806803,1.953125,2,1.0893583805016283
A1,semisynthetic,4,gated,0.05,1.0,1.0,0.25,0.6663605579060321,45.280364362916906,0.6870762937225534,43.91513596777628,4.554013964806803,1.953125,2,1.0893583805016283
A1,semisynthetic,4,gated,0.05,2.0,1.0,0.25,0.6663605579060321,45.280364362916906,0.6870762937225534,43.91513596777628,4.554013964806803,1.953125,2,1.0893583805016283
A1,semisynthetic,4,gated,0.1,0.0,1.0,0.25,0.6663605579060321,45.280364362916906,0.6870762937225534,43.91513596777628,4.554013964806803,1.953125,2,1.0893583805016283
A1,semisynthetic,4,gated,0.1,1.0,1.0,0.25,0.6663605579060321,45.280364362916906,0.6870762937225534,43.91513596777628,4.554013964806803,1.953125,2,1.0893583805016283
A1,semisynthetic,4,gated,0.1,2.0,1.0,0.25,0.6663605579060321,45.280364362916906,0.6870762937225534,43.91513596777628,4.554013964806803,1.953125,2,1.0893583805016283
A1,semisynthetic,4,gated,0.15,0.0,1.0,0.25,0.6663605579060321,45.280364362916906,0.6870762937225534,43.91513596777628,4.554013964806803,1.953125,2,1.0893583805016283
A1,semisynthetic,4,gated,0.15,1.0,1.0,0.25,0.6663605579060321,45.280364362916906,0.6870762937225534,43.91513596777628,4.554013964806803,1.953125,2,1.0893583805016283
A1,semisynthetic,4,gated,0.15,2.0,1.0,0.25,0.6663605579060321,45.280364362916906,0.6870762937225534,43.91513596777628,4.554013964806803,1.953125,2,1.0893583805016283
A1,semisynthetic,4,gated,0.25,0.0,1.0,0.25,0.6663605579060321,45.280364362916906,0.6870762937225534,43.91513596777628,4.554013964806803,1.953125,2,1.0893583805016283
A1,semisynthetic,4,gated,0.25,1.0,1.0,0.25,0.6663605579060321,45.280364362916906,0.6870762937225534,43.91513596777628,4.554013964806803,1.953125,2,1.0893583805016283
A1,semisynthetic,4,gated,0.25,2.0,1.0,0.25,0.6663605579060321,45.280364362916906,0.6870762937225534,43.91513596777628,4.554013964806803,1.953125,2,1.0893583805016283
A1,semisynthetic,4,shrink,0.0,0.0,2.0,0.25,1.3504501270979097,90.71021068738264,1.3764208004677798,88.99866633098125,13.069222284298048,15.625,2,2.249955946880945
A1,semisynthetic,4,shrink,0.05,0.0,2.0,0.25,1.2936389881923323,86.53919676321411,1.3131305679706695,85.25464387958868,12.548909691911009,15.625,2,2.1503650130657372
A1,semisynthetic,4,shrink,0.1,0.0,2.0,0.25,1.2371448686675537,82.50817036465985,1.2519644815933995,81.53151394508811,12.027576571876864,15.625,2,2.0530412497535444
A1,semisynthetic,4,shrink,0.15,0.0,2.0,0.25,1.1810132635479984,78.63866176667611,1.1932492379455908,77.83227478444378,11.502906467416734,15.625,2,1.9582989515580052
A1,semisynthetic,4,shrink,0.25,0.0,2.0,0.25,1.0700654460396049,71.48809034097305,1.0847477233863565,70.52048474314874,10.456737925005678,15.625,2,1.778449150579063
A1,semisynthetic,4,gated,0.0,0.0,2.0,0.25,1.3504501270979097,90.71021068738264,1.3764208004677798,88.99866633098125,13.069222284298048,15.625,2,2.249955946880945
A1,semisynthetic,4,gated,0.0,1.0,2.0,0.25,1.3504501270979097,90.71021068738264,1.3764208004677798,88.99866633098125,13.069222284298048,15.625,2,2.249955946880945
A1,semisynthetic,4,gated,0.0,2.0,2.0,0.25,1.3504501270979097,90.71021068738264,1.3764208004677798,88.99866633098125,13.069222284298048,15.625,2,2.249955946880945
A1,semisynthetic,4,gated,0.05,0.0,2.0,0.25,1.3504501270979097,90.71021068738264,1.3764208004677798,88.99866633098125,13.069222284298048,15.625,2,2.249955946880945
A1,semisynthetic,4,gated,0.05,1.0,2.0,0.25,1.3504501270979097,90.71021068738264,1.3764208004677798,88.99866633098125,13.069222284298048,15.625,2,2.249955946880945
A1,semisynthetic,4,gated,0.05,2.0,2.0,0.25,1.3504501270979097,90.71021068738264,1.3764208004677798,88.99866633098125,13.069222284298048,15.625,2,2.249955946880945
A1,semisynthetic,4,gated,0.1,0.0,2.0,0.25,1.3504501270979097,90.71021068738264,1.3764208004677798,88.99866633098125,13.069222284298048,15.625,2,2.249955946880945
A1,semisynthetic,4,gated,0.1,1.0,2.0,0.25,1.3504501270979097,90.71021068738264,1.3764208004677798,88.99866633098125,13.069222284298048,15.625,2,2.249955946880945
A1,semisynthetic,4,gated,0.1,2.0,2.0,0.25,1.3504501270979097,90.71021068738264,1.3764208004677798,88.99866633098125,13.069222284298048,15.625,2,2.249955946880945
A1,semisynthetic,4,gated,0.15,0.0,2.0,0.25,1.3504501270979097,90.71021068738264,1.3764208004677798,88.99866633098125,13.069222284298048,15.625,2,2.249955946880945
A1,semisynthetic,4,gated,0.15,1.0,2.0,0.25,1.3504501270979097,90.71021068738264,1.3764208004677798,88.99866633098125,13.069222284298048,15.625,2,2.249955946880945
A1,semisynthetic,4,gated,0.15,2.0,2.0,0.25,1.3504501270979097,90.71021068738264,1.3764208004677798,88.99866633098125,13.069222284298048,15.625,2,2.249955946880945
A1,semisynthetic,4,gated,0.25,0.0,2.0,0.25,1.3504501270979097,90.71021068738264,1.3764208004677798,88.99866633098125,13.069222284298048,15.625,2,2.249955946880945
A1,semisynthetic,4,gated,0.25,1.0,2.0,0.25,1.3504501270979097,90.71021068738264,1.3764208004677798,88.99866633098125,13.069222284298048,15.625,2,2.249955946880945
A1,semisynthetic,4,gated,0.25,2.0,2.0,0.25,1.3504501270979097,90.71021068738264,1.3764208004677798,88.99866633098125,13.069222284298048,15.625,2,2.249955946880945
A1,synthetic,0,shrink,0.0,0.0,0.0,0.5,0.0,2.3795883822887615e-17,1.5747412327930097e-18,0.0,0.0,0.0,6,1.5747412327930097e-18
A1,synthetic,0,shrink,0.05,0.0,0.0,0.5,0.008190099749497862,0.23350231725485537,0.015452492946711426,0.123760436367852,0.09717978511331449,0.6510416666666666,6,0.02597861366341449
A1,synthetic,0,shrink,0.1,0.0,0.0,0.5,0.016380199498995666,0.4670046345097097,0.030904985893422783,0.2475208727357031,0.19435957022662573,0.6510416666666666,6,0.05195722732682867
A1,synthetic,0,shrink,0.15,0.0,0.0,0.5,0.02457029924849351,0.7005069517645651,0.04635747884013421,0.3712813091035549,0.2915393553399361,1.3020833333333333,6,0.07793584099024288
A1,synthetic,0,shrink,0.25,0.0,0.0,0.5,0.04095049874748926,1.1675115862742749,0.077262464733557,0.6188021818392593,0.4855119015132627,3.90625,6,0.1298674562095597
A1,synthetic,0,gated,0.0,0.0,0.0,0.5,0.0,2.3795883822887615e-17,1.5747412327930097e-18,0.0,0.0,0.0,6,1.5747412327930097e-18
A1,synthetic,0,gated,0.0,1.0,0.0,0.5,0.0,2.3795883822887615e-17,1.5747412327930097e-18,0.0,0.0,0.0,6,1.5747412327930097e-18
A1,synthetic,0,gated,0.0,2.0,0.0,0.5,0.0,2.3795883822887615e-17,1.5747412327930097e-18,0.0,0.0,0.0,6,1.5747412327930097e-18
A1,synthetic,0,gated,0.05,0.0,0.0,0.5,0.005523225682789341,0.10615355083686892,0.007024928124309572,0.0834613547535908,0.04903538813309657,0.0,6,0.013031557966708657
A1,synthetic,0,gated,0.05,1.0,0.0,0.5,0.0,2.3795883822887615e-17,1.5747412327930097e-18,0.0,0.0,0.0,6,1.5747412327930097e-18
A1,synthetic,0,gated,0.05,2.0,0.0,0.5,0.0,2.3795883822887615e-17,1.5747412327930097e-18,0.0,0.0,0.0,6,1.5747412327930097e-18
A1,synthetic,0,gated,0.1,0.0,0.0,0.5,0.011046451365578677,0.21230710167373773,0.014049856248619137,0.16692270950718152,0.09807077626619343,1.3020833333333333,6,0.026063115933417324
A1,synthetic,0,gated,0.1,1.0,0.0,0.5,0.0,2.3795883822887615e-17,1.5747412327930097e-18,0.0,0.0,0.0,6,1.5747412327930097e-18
A1,synthetic,0,gated,0.1,2.0,0.0,0.5,0.0,2.3795883822887615e-17,1.5747412327930097e-18,0.0,0.0,0.0,6,1.5747412327930097e-18
A1,synthetic,0,gated,0.15,0.0,0.0,0.5,0.016569677048367978,0.3184606525106067,0.02107478437292871,0.2503840642607717,0.14710616439929178,2.6041666666666665,6,0.039094673900126074
A1,synthetic,0,gated,0.15,1.0,0.0,0.5,0.0,2.3795883822887615e-17,1.5747412327930097e-18,0.0,0.0,0.0,6,1.5747412327930097e-18
A1,synthetic,0,gated,0.15,2.0,0.0,0.5,0.0,2.3795883822887615e-17,1.5747412327930097e-18,0.0,0.0,0.0,6,1.5747412327930097e-18
A1,synthetic,0,gated,0.25,0.0,0.0,0.5,0.027616128413946558,0.5307677541843444,0.03512464062154785,0.4173067737679517,0.24465104252353864,3.90625,6,0.06512298744946145
A1,synthetic,0,gated,0.25,1.0,0.0,0.5,0.0,2.3795883822887615e-17,1.5747412327930097e-18,0.0,0.0,0.0,6,1.5747412327930097e-18
A1,synthetic,0,gated,0.25,2.0,0.0,0.5,0.0,2.3795883822887615e-17,1.5747412327930097e-18,0.0,0.0,0.0,6,1.5747412327930097e-18
A1,synthetic,0,shrink,0.0,0.0,1.0,0.25,0.7779626711046503,22.839975939376657,1.5114820754479585,11.755778635017757,3.9455783499359245,9.765625,6,2.161570120089332
A1,synthetic,0,shrink,0.05,0.0,1.0,0.25,0.7364768617102468,21.678230414685203,1.4346011916211194,11.128887384512574,3.6950219765191594,9.765625,6,2.0473652516064558
A1,synthetic,0,shrink,0.1,0.0,1.0,0.25,0.695082500210886,20.5192621039762,1.3579040956040969,10.503378001352301,3.443862046235143,11.067708333333334,6,1.9333499532720122
A1,synthetic,0,shrink,0.15,0.0,1.0,0.25,0.6537969565750585,19.36356968768357,1.2814237885935316,9.879512962789459,3.1927887032714644,9.765625,6,1.819611582968635
A1,synthetic,0,shrink,0.25,0.0,1.0,0.25,0.5716465772391586,17.06467314957499,1.1292896129760368,8.638140195013476,2.690286751023456,9.114583333333334,6,1.5931481242587298
A1,synthetic,0,gated,0.0,0.0,1.0,0.25,0.7779626711046503,22.839975939376657,1.5114820754479585,11.755778635017757,3.9455783499359245,9.765625,6,2.161570120089332
A1,synthetic,0,gated,0.0,1.0,1.0,0.25,0.7779626711046503,22.839975939376657,1.5114820754479585,11.755778635017757,3.9455783499359245,9.765625,6,2.161570120089332
A1,synthetic,0,gated,0.0,2.0,1.0,0.25,0.7779626711046503,22.839975939376657,1.5114820754479585,11.755778635017757,3.9455783499359245,9.765625,6,2.161570120089332
A1,synthetic,0,gated,0.05,0.0,1.0,0.25,0.7376459630108682,21.697609957140347,1.435883672440236,11.146553651291802,3.7263085433211693,9.114583333333334,6,2.0513027355601174
A1,synthetic,0,gated,0.05,1.0,1.0,0.25,0.7453432307143063,21.865898266677895,1.4470204951780792,11.262866912296477,3.7759647761456403,9.114583333333334,6,2.0695742948166735
A1,synthetic,0,gated,0.05,2.0,1.0,0.25,0.7530846027327,22.034662663660317,1.45818882397535,11.379846632737735,3.8256210089701135,9.114583333333334,6,2.087899412290135
A1,synthetic,0,gated,0.1,0.0,1.0,0.25,0.6974359325899193,20.557805709186646,1.360454797432915,10.538940671783665,3.506435179839158,9.114583333333334,6,1.9412182762588162
A1,synthetic,0,gated,0.1,1.0,1.0,0.25,0.7127419194516801,20.893582917828656,1.3826755402898008,10.77022913846788,3.6057476454881043,9.114583333333334,6,1.9776642178805701
A1,synthetic,0,gated,0.1,2.0,1.0,0.25,0.7282340951396341,21.231361917127323,1.405028755733539,11.00433110084583,3.705060111137051,9.114583333333334,6,2.014335726502273
A1,synthetic,0,gated,0.15,0.0,1.0,0.25,0.6573521564551987,19.421014239341833,1.2852252991727926,9.933235518313653,3.286922023656576,9.114583333333334,6,1.8314201583018588
A1,synthetic,0,gated,0.15,1.0,1.0,0.25,0.6801613442032405,19.923287914341014,1.3184642858838862,10.277904706142163,3.4359510516814553,9.114583333333334,6,1.8859260393192907
A1,synthetic,0,gated,0.15,2.0,1.0,0.25,0.7034140693678234,20.430311093459146,1.3520175807344503,10.629276179155902,3.5849800797063356,9.114583333333334,6,1.940967997184464
A1,synthetic,0,gated,0.25,0.0,1.0,0.25,0.5776684215671917,17.15886340791721,1.135522845775579,8.729136166316797,2.848337248491665,7.8125,6,1.6128515938280878
A1,synthetic,0,gated,0.25,1.0,1.0,0.25,0.615075580441746,17.99006591925198,1.1905293703132804,9.294395008967676,3.096718961866465,7.8125,6,1.7029988651902623
A1,synthetic,0,gated,0.25,2.0,1.0,0.25,0.6538793435612418,18.83610664412055,1.2465178439496825,9.880757910918655,3.3451006752412673,8.463541666666666,6,1.7948263877736084
A1,synthetic,0,shrink,0.0,0.0,2.0,0.25,1.5535446631690921,45.705811567217765,3.0246754686177235,23.475582875842566,7.782593336318096,25.390625,6,4.31647681597568
A1,synthetic,0,shrink,0.05,0.0,2.0,0.25,1.4732890323727381,43.400294145634035,2.8721031425081756,22.262841616013226,7.3566766960241985,23.4375,6,4.0955907705445895
A1,synthetic,0,shrink,0.1,0.0,2.0,0.25,1.3930790638427546,41.096162821433985,2.7196225442251287,21.050790357793684,6.931561992341488,23.4375,6,3.874872353866984
A1,synthetic,0,shrink,0.15,0.0,2.0,0.25,1.312923126494001,38.79366457519564,2.567250018212976,19.83955556369192,6.506156700524449,16.927083333333332,6,3.6542697947873553
A1,synthetic,0,shrink,0.25,0.0,2.0,0.25,1.1528184203464389,34.19488665945389,2.2629164932101786,17.420216495375463,5.64430306274944,14.322916666666666,6,3.2128489912531415
A1,synthetic,0,gated,0.0,0.0,2.0,0.25,1.5535446631690921,45.705811567217765,3.0246754686177235,23.475582875842566,7.782593336318096,25.390625,6,4.31647681597568
A1,synthetic,0,gated,0.0,1.0,2.0,0.25,1.5535446631690921,45.705811567217765,3.0246754686177235,23.475582875842566,7.782593336318096,25.390625,6,4.31647681597568
A1,synthetic,0,gated,0.0,2.0,2.0,0.25,1.5535446631690921,45.705811567217765,3.0246754686177235,23.475582875842566,7.782593336318096,25.390625,6,4.31647681597568
A1,synthetic,0,gated,0.05,0.0,2.0,0.25,1.4748494667099163,43.4353411640858,2.8744224505638556,22.28642130861763,7.392815890553429,24.088541666666668,6,4.1010818808080485
A1,synthetic,0,gated,0.05,1.0,2.0,0.25,1.4824601407042608,43.604338752842125,2.8856062113032324,22.401426053785876,7.440286662198897,24.088541666666668,6,4.119212453852639
A1,synthetic,0,gated,0.05,2.0,2.0,0.25,1.4900903159169137,43.77355836538349,2.896804664920233,22.51672548148076,7.487757433844364,24.088541666666668,6,4.137367470384007
A1,synthetic,0,gated,0.1,0.0,2.0,0.25,1.3962343127758423,41.1676729162365,2.724354870861307,21.098469262416558,7.003840381399954,22.786458333333332,6,3.8859654750480854
A1,synthetic,0,gated,0.1,1.0,2.0,0.25,1.4114103269905491,41.50521254328468,2.7466922453572735,21.327793714985283,7.098781924690885,22.786458333333332,6,3.9221738072674865
A1,synthetic,0,gated,0.1,2.0,2.0,0.25,1.4266687814832524,41.8436885878863,2.7690915891981684,21.558363920974745,7.19372346798182,23.4375,6,3.9584853289708164
A1,synthetic,0,gated,0.15,0.0,2.0,0.25,1.317713527522382,38.90329683858602,2.574505157248375,19.911943219493764,6.6146551704160785,16.927083333333332,6,3.671100242270947
A1,synthetic,0,gated,0.15,1.0,2.0,0.25,1.3404007413968353,39.40880791891447,2.607958385871944,20.25476926251544,6.757142561320321,16.927083333333332,6,3.7253264720614365
A1,synthetic,0,gated,0.15,2.0,2.0,0.25,1.3632846393434457,39.916547934849405,2.6415591188635332,20.600567394686358,6.899629952224564,22.135416666666668,6,3.7797985482560246
A1,synthetic,0,gated,0.25,0.0,2.0,0.25,1.1610316286283588,34.38702180885315,2.2756314293007995,17.54432612432263,5.823927594500915,14.973958333333334,6,3.2415575518902475
A1,synthetic,0,gated,0.25,1.0,2.0,0.25,1.1985308516968802,35.22610647873703,2.3311595717856672,18.110976147199356,6.06404890888476,15.625,6,3.331725824515329
A1,synthetic,0,gated,0.25,2.0,2.0,0.25,1.2366515271148821,36.072203051569225,2.3871517412751726,18.687016924316683,6.303631040504271,16.276041666666668,6,3.4226331687986766
A1,synthetic,1,shrink,0.0,0.0,0.0,0.5,0.0,2.3795883822887615e-17,1.5747412327930097e-18,0.0,0.0,0.0,6,1.5747412327930097e-18
A1,synthetic,1,shrink,0.05,0.0,0.0,0.5,0.00817119669352242,0.2355517583748452,0.015588118900336453,0.12347479266047834,0.11475867113054534,0.6510416666666666,6,0.027268106789207675
A1,synthetic,1,shrink,0.1,0.0,0.0,0.5,0.01634239338704486,0.47110351674968953,0.031176237800672846,0.24694958532095704,0.22951734226108567,1.3020833333333333,6,0.054536213578414976
A1,synthetic,1,shrink,0.15,0.0,0.0,0.5,0.02451359008056733,0.7066552751245347,0.0467643567010093,0.37042437798143607,0.3441940368581875,1.3020833333333333,6,0.08179889540302393
A1,synthetic,1,shrink,0.25,0.0,0.0,0.5,0.04085598346761214,1.1777587918742245,0.07794059450168216,0.6173739633023924,0.5722729309661144,5.208333333333333,6,0.13623991673580205
A1,synthetic,1,gated,0.0,0.0,0.0,0.5,0.0,2.3795883822887615e-17,1.5747412327930097e-18,0.0,0.0,0.0,6,1.5747412327930097e-18
A1,synthetic,1,gated,0.0,1.0,0.0,0.5,0.0,2.3795883822887615e-17,1.5747412327930097e-18,0.0,0.0,0.0,6,1.5747412327930097e-18
A1,synthetic,1,gated,0.0,2.0,0.0,0.5,0.0,2.3795883822887615e-17,1.5747412327930097e-18,0.0,0.0,0.0,6,1.5747412327930097e-18
A1,synthetic,1,gated,0.05,0.0,0.0,0.5,0.004073728414329016,0.06199201441920847,0.0041024482190458135,0.061558030014516915,0.022449901225529995,0.0,6,0.007624980510451386
A1,synthetic,1,gated,0.05,1.0,0.0,0.5,4.672498883974263e-06,9.091335415443497e-05,6.016376969398459e-06,7.060603881465671e-05,1.5939682848298276e-05,0.0,6,9.407467492544174e-06
A1,synthetic,1,gated,0.05,2.0,0.0,0.5,0.0,2.3795883822887615e-17,1.5747412327930097e-18,0.0,0.0,0.0,6,1.5747412327930097e-18
A1,synthetic,1,gated,0.1,0.0,0.0,0.5,0.008147456828658122,0.12398402883841697,0.008204896438091629,0.12311606002903519,0.04489980245105526,0.6510416666666666,6,0.015249961020902508
A1,synthetic,1,gated,0.1,1.0,0.0,0.5,9.344997767943541e-06,0.00018182670830893614,1.2032753938801299e-05,0.0001412120776292381,3.1879365696004434e-05,0.0,6,1.8814934985051052e-05
A1,synthetic,1,gated,0.1,2.0,0.0,0.5,0.0,2.3795883822887615e-17,1.5747412327930097e-18,0.0,0.0,0.0,6,1.5747412327930097e-18
A1,synthetic,1,gated,0.15,0.0,0.0,0.5,0.012221185242987168,0.18597604325762543,0.012307344657137441,0.18467409004355254,0.06734970367658051,0.6510416666666666,6,0.022874941531353592
A1,synthetic,1,gated,0.15,1.0,0.0,0.5,1.4017496651895806e-05,0.00027274006246334173,1.8049130908197815e-05,0.0002118181164435624,4.781904854134211e-05,0.0,6,2.8222402477386358e-05
A1,synthetic,1,gated,0.15,2.0,0.0,0.5,0.0,2.3795883822887615e-17,1.5747412327930097e-18,0.0,0.0,0.0,6,1.5747412327930097e-18
A1,synthetic,1,gated,0.25,0.0,0.0,0.5,0.020368642071645255,0.30996007209604237,0.020512241095229068,0.3077901500725872,0.11224950612763192,3.90625,6,0.038124902552255834
A1,synthetic,1,gated,0.25,1.0,0.0,0.5,2.336249441984281e-05,0.0004545667707722505,3.00818848469973e-05,0.00035303019407285284,7.969841423675443e-05,0.0,6,4.7037337462398144e-05
A1,synthetic,1,gated,0.25,2.0,0.0,0.5,0.0,2.3795883822887615e-17,1.5747412327930097e-18,0.0,0.0,0.0,6,1.5747412327930097e-18
A1,synthetic,1,shrink,0.0,0.0,1.0,0.25,1.2148382796069426,26.98445606502014,1.7857515159494528,18.35739736988475,8.428740503035348,32.552083333333336,6,2.9509597805206202
A1,synthetic,1,shrink,0.05,0.0,1.0,0.25,1.1528307861979132,25.64895523709065,1.697372019906235,17.420403355514086,8.174887150199138,31.25,6,2.8147772734644345
A1,synthetic,1,shrink,0.1,0.0,1.0,0.25,1.090886176133144,24.315848302086394,1.6091509446186534,16.48435957012279,7.916839347255778,30.598958333333332,6,2.678507052529887
A1,synthetic,1,shrink,0.15,0.0,1.0,0.25,1.0290158058146799,22.985551783944537,1.5211158544093104,15.549437620078999,7.655859882057778,30.598958333333332,6,2.5422659278069255
A1,synthetic,1,shrink,0.25,0.0,1.0,0.25,0.905558635477886,20.335595145866588,1.3457495593746551,13.683878745224193,7.120048207115194,28.645833333333332,6,2.2697126152201847
A1,synthetic,1,gated,0.0,0.0,1.0,0.25,1.2148382796069426,26.98445606502014,1.7857515159494528,18.35739736988475,8.428740503035348,32.552083333333336,6,2.9509597805206202
A1,synthetic,1,gated,0.0,1.0,1.0,0.25,1.2148382796069426,26.98445606502014,1.7857515159494528,18.35739736988475,8.428740503035348,32.552083333333336,6,2.9509597805206202
A1,synthetic,1,gated,0.0,2.0,1.0,0.25,1.2148382796069426,26.98445606502014,1.7857515159494528,18.35739736988475,8.428740503035348,32.552083333333336,6,2.9509597805206202
A1,synthetic,1,gated,0.05,0.0,1.0,0.25,1.1550357429850262,25.701167656209105,1.7008272834241471,17.453722414193695,8.14316546339016,31.901041666666668,6,2.817235767936151
A1,synthetic,1,gated,0.05,1.0,1.0,0.25,1.1763392399802697,25.88261514111613,1.7128349414794808,17.77563913864558,8.236780267685115,31.901041666666668,6,2.846090325441277
A1,synthetic,1,gated,0.05,2.0,1.0,0.25,1.194362268411237,26.056231676999484,1.7243243704826279,18.04798476708844,8.318606742357845,31.901041666666668,6,2.872006302812886
A1,synthetic,1,gated,0.1,0.0,1.0,0.25,1.0953698068934121,24.42102810840747,1.616111433210032,16.552111626431646,7.853319662548664,31.25,6,2.683505811579647
A1,synthetic,1,gated,0.1,1.0,1.0,0.25,1.1380722648604886,24.784043199292512,1.640134698578009,17.19738762960966,8.041601447817447,31.25,6,2.7413402377770835
A1,synthetic,1,gated,0.1,2.0,1.0,0.25,1.1741864301398863,25.132510964581538,1.6631952649509236,17.743108071453243,8.207432621656968,31.25,6,2.7934321035521936
A1,synthetic,1,gated,0.15,0.0,1.0,0.25,1.0358640762380817,23.144559923709462,1.5316385429507926,15.65292169986902,7.559363493489464,29.947916666666668,6,2.5498269058808662
A1,synthetic,1,gated,0.15,1.0,1.0,0.25,1.100061572449619,23.689195035053277,1.5676808842667724,16.62300880355179,7.845262272322735,31.25,6,2.63688793115307
A1,synthetic,1,gated,0.15,2.0,1.0,0.25,1.1543265045726874,24.213809358773382,1.602398309054385,17.44300512648236,8.094751113293869,31.25,6,2.715248255820233
A1,synthetic,1,gated,0.25,0.0,1.0,0.25,0.9174578456434233,20.605365079943482,1.3636021359681807,13.863687476199658,6.95847959724361,28.645833333333332,6,2.2828226640140215
A1,synthetic,1,gated,0.25,1.0,1.0,0.25,1.0249229050404647,21.51294237539299,1.4236629178970475,15.487589876911006,7.444493469321164,29.296875,6,2.428778936671408
A1,synthetic,1,gated,0.25,2.0,1.0,0.25,1.1156216104800485,22.393931109031623,1.481964147421142,16.8581362324533,7.8675868003676195,30.598958333333332,6,2.560428584580498
A1,synthetic,1,shrink,0.0,0.0,2.0,0.25,2.4268520198023458,54.046362265617546,3.57662845287031,36.672113180227846,14.096164730723386,32.8125,5,5.722896965740932
A1,synthetic,1,shrink,0.05,0.0,2.0,0.25,2.304203340145732,51.35733642715128,3.3986766736720218,34.81877139215328,13.640484219584506,32.8125,5,5.453465257822933
A1,synthetic,1,shrink,0.1,0.0,2.0,0.25,2.181586053912574,48.669506812155,3.2208040570060366,32.965903989483635,13.17995776119083,31.25,5,5.183807718687924
A1,synthetic,1,shrink,0.15,0.0,2.0,0.25,2.0590057697053674,45.98308318813316,3.0430244846655685,31.113595723700993,12.71484225402804,31.25,5,4.913958035212561
A1,synthetic,1,shrink,0.25,0.0,2.0,0.25,1.8139862103360924,40.61556973487176,2.6878183147525987,27.411109977045776,11.765558728588315,40.364583333333336,6,4.3734213087004505
A1,synthetic,1,gated,0.0,0.0,2.0,0.25,2.4268520198023458,54.046362265617546,3.57662845287031,36.672113180227846,14.096164730723386,32.8125,5,5.722896965740932
A1,synthetic,1,gated,0.0,1.0,2.0,0.25,2.4268520198023458,54.046362265617546,3.57662845287031,36.672113180227846,14.096164730723386,32.8125,5,5.722896965740932
A1,synthetic,1,gated,0.0,2.0,2.0,0.25,2.4268520198023458,54.046362265617546,3.57662845287031,36.672113180227846,14.096164730723386,32.8125,5,5.722896965740932
A1,synthetic,1,gated,0.05,0.0,2.0,0.25,2.305896157703894,51.44183640255599,3.404268632198555,34.844351525008456,13.599819800687582,32.8125,5,5.4572125741206845
A1,synthetic,1,gated,0.05,1.0,2.0,0.25,2.3276071337893898,51.628159894015205,3.4165989699503543,35.17242565798561,13.681425468283336,32.8125,5,5.485798821708729
A1,synthetic,1,gated,0.05,2.0,2.0,0.25,2.349363984355128,51.814933304097416,3.4289590819863243,35.50119299933222,13.763031135879094,32.8125,5,5.514437780821064
A1,synthetic,1,gated,0.1,0.0,2.0,0.25,2.1850740384117504,48.84024815856573,3.2321032144711173,33.01861085470696,13.098049820049896,32.03125,5,5.191430443039625
A1,synthetic,1,gated,0.1,1.0,2.0,0.25,2.2285756348281898,49.212947971479586,3.2567673861076076,33.67596262328912,13.262853811674267,32.03125,5,5.24875165376496
A1,synthetic,1,gated,0.1,2.0,2.0,0.25,2.2722639145167474,49.58752753124946,3.281555953833078,34.33613535912767,13.427657803298642,32.03125,5,5.306290602215332
A1,synthetic,1,gated,0.15,0.0,2.0,0.25,2.0644091444529815,46.24209334919011,3.06016501129465,31.19524601332839,12.591498892744545,31.25,5,4.925637750261846
A1,synthetic,1,gated,0.15,1.0,2.0,0.25,2.1297872895354035,46.80118947367724,3.0971643397027773,32.18317387889771,12.839354093769126,31.25,5,5.0117284755678115
A1,synthetic,1,gated,0.15,2.0,2.0,0.25,2.195592681876271,47.36471254224441,3.1344566301807313,33.177557869393404,13.087154733278316,32.03125,5,5.098322175853061
A1,synthetic,1,gated,0.25,0.0,2.0,0.25,1.823675831341471,41.058690429323434,2.7171427321119466,27.55752964964357,11.560157496429248,30.46875,5,4.393997690339384
A1,synthetic,1,gated,0.25,1.0,2.0,0.25,1.9330890870837225,41.99041217568329,2.778801322412827,29.21087120704263,11.980045914605489,30.46875,5,4.5381498825189865
A1,synthetic,1,gated,0.25,2.0,2.0,0.25,2.043729523074675,42.935705559376565,2.841358043544423,30.88275666106402,12.396920092355387,41.015625,6,4.683614322134611
A1,synthetic,2,shrink,0.0,0.0,0.0,0.5,0.0,2.3795883822887615e-17,1.5747412327930097e-18,0.0,0.0,0.0,6,1.5747412327930097e-18
A1,synthetic,2,shrink,0.05,0.0,0.0,0.5,0.019200733355449483,0.23593958675779336,0.015613784236006333,0.29014190441317766,0.06846049825546825,0.0,6,0.02974466426733667
A1,synthetic,2,shrink,0.1,0.0,0.0,0.5,0.038401466710899036,0.47187917351558606,0.031227568472012624,0.5802838088263564,0.13692099651093326,1.3020833333333333,6,0.05948932853467312
A1,synthetic,2,shrink,0.15,0.0,0.0,0.5,0.05760220006634851,0.7078187602733794,0.04684135270801896,0.870425713239534,0.20500150859499153,3.2552083333333335,6,0.089208846440712
A1,synthetic,2,shrink,0.25,0.0,0.0,0.5,0.09600366677724752,1.1796979337889657,0.0780689211800316,1.4507095220658899,0.3402853838607873,5.208333333333333,6,0.14858983513194884
A1,synthetic,2,gated,0.0,0.0,0.0,0.5,0.0,2.3795883822887615e-17,1.5747412327930097e-18,0.0,0.0,0.0,6,1.5747412327930097e-18
A1,synthetic,2,gated,0.0,1.0,0.0,0.5,0.0,2.3795883822887615e-17,1.5747412327930097e-18,0.0,0.0,0.0,6,1.5747412327930097e-18
A1,synthetic,2,gated,0.0,2.0,0.0,0.5,0.0,2.3795883822887615e-17,1.5747412327930097e-18,0.0,0.0,0.0,6,1.5747412327930097e-18
A1,synthetic,2,gated,0.05,0.0,0.0,0.5,0.0037322014661963316,0.0873822970419002,0.005782702050162752,0.056397223012761746,0.019738629443014116,0.0,6,0.008955046917502303
A1,synthetic,2,gated,0.05,1.0,0.0,0.5,8.538238721872704e-06,0.00020216798024319963,1.3378879171247188e-05,0.00012902115753799496,2.6627080979224615e-05,0.0,6,1.9410100021625723e-05
A1,synthetic,2,gated,0.05,2.0,0.0,0.5,0.0,2.3795883822887615e-17,1.5747412327930097e-18,0.0,0.0,0.0,6,1.5747412327930097e-18
A1,synthetic,2,gated,0.1,0.0,0.0,0.5,0.007464402932392645,0.17476459408380043,0.011565404100325506,0.11279444602552322,0.039477258886021126,0.6510416666666666,6,0.01791009383500413
A1,synthetic,2,gated,0.1,1.0,0.0,0.5,1.7076477443773374e-05,0.00040433596048646496,2.6757758342498723e-05,0.00025804231507641255,5.325416195815317e-05,0.0,6,3.8820200043250185e-05
A1,synthetic,2,gated,0.1,2.0,0.0,0.5,0.0,2.3795883822887615e-17,1.5747412327930097e-18,0.0,0.0,0.0,6,1.5747412327930097e-18
A1,synthetic,2,gated,0.15,0.0,0.0,0.5,0.011196604398588952,0.2621468911257006,0.017348106150488256,0.1691916690382846,0.05921588832903198,0.6510416666666666,6,0.026865140752506202
A1,synthetic,2,gated,0.15,1.0,0.0,0.5,2.5614716165676098e-05,0.000606503940729622,4.013663751374309e-05,0.00038706347261486114,7.988124293767385e-05,0.0,6,5.823030006490769e-05
A1,synthetic,2,gated,0.15,2.0,0.0,0.5,0.0,2.3795883822887615e-17,1.5747412327930097e-18,0.0,0.0,0.0,6,1.5747412327930097e-18
A1,synthetic,2,gated,0.25,0.0,0.0,0.5,0.018661007330981656,0.436911485209501,0.028913510250813762,0.2819861150638087,0.09869314721505162,1.953125,6,0.04477523458751027
A1,synthetic,2,gated,0.25,1.0,0.0,0.5,4.269119360946067e-05,0.0010108399012160752,6.689439585624103e-05,0.0006451057876914429,0.00013313540489434672,0.0,6,9.705050010806474e-05
A1,synthetic,2,gated,0.25,2.0,0.0,0.5,0.0,2.3795883822887615e-17,1.5747412327930097e-18,0.0,0.0,0.0,6,1.5747412327930097e-18
A1,synthetic,2,shrink,0.0,0.0,1.0,0.25,1.2792501552888829,19.736105864111003,1.3060771312511839,19.33072395753193,6.93624364452829,21.484375,6,2.404722304515326
A1,synthetic,2,shrink,0.05,0.0,1.0,0.25,1.216633878349051,18.751514638587864,1.2409197951413902,18.384530627190745,6.6873072834617515,21.484375,6,2.291782957604138
A1,synthetic,2,shrink,0.1,0.0,1.0,0.25,1.1543521786754323,17.770220931613284,1.1759806790591847,17.443393087344408,6.432446149308514,21.484375,6,2.1788370353888724
A1,synthetic,2,shrink,0.15,0.0,1.0,0.25,1.0924622809071356,16.792802828322397,1.1112980389695544,16.508176058389935,6.171662275006688,21.484375,6,2.0659515406879025
A1,synthetic,2,shrink,0.25,0.0,1.0,0.25,0.9701573963884171,14.85265124623296,0.9829045438203552,14.660029351888056,5.629093873041576,20.833333333333332,6,1.8405000306792927
A1,synthetic,2,gated,0.0,0.0,1.0,0.25,1.2792501552888829,19.736105864111003,1.3060771312511839,19.33072395753193,6.93624364452829,21.484375,6,2.404722304515326
A1,synthetic,2,gated,0.0,1.0,1.0,0.25,1.2792501552888829,19.736105864111003,1.3060771312511839,19.33072395753193,6.93624364452829,21.484375,6,2.404722304515326
A1,synthetic,2,gated,0.0,2.0,1.0,0.25,1.2792501552888829,19.736105864111003,1.3060771312511839,19.33072395753193,6.93624364452829,21.484375,6,2.404722304515326
A1,synthetic,2,gated,0.05,0.0,1.0,0.25,1.2144390132869542,18.775227620763687,1.2424890501883004,18.351364064369545,6.640506360034894,21.484375,6,2.2891576333864894
A1,synthetic,2,gated,0.05,1.0,1.0,0.25,1.2373789226843388,19.076242396651857,1.2624093180295444,18.69800858447241,6.747420466326652,21.484375,6,2.327623115361963
A1,synthetic,2,gated,0.05,2.0,1.0,0.25,1.2574462626240113,19.346428927641185,1.2802894637749598,19.00124576394976,6.838393323743489,21.484375,6,2.3615572457965825
A1,synthetic,2,gated,0.1,0.0,1.0,0.25,1.149657351898912,17.817450150289666,1.179106169105945,17.372449652184258,6.33968700302172,21.484375,6,2.1734765860122103
A1,synthetic,2,gated,0.1,1.0,1.0,0.25,1.1955990831033,18.419183423700655,1.2189270979622369,18.066674249595085,6.557024235464897,21.484375,6,2.2506511159007707
A1,synthetic,2,gated,0.1,2.0,1.0,0.25,1.235819632363594,18.96113695039439,1.254791979934864,18.67444617907785,6.739608414676472,21.484375,6,2.318709153627027
A1,synthetic,2,gated,0.15,0.0,1.0,0.25,1.0849104521351585,16.863301800629237,1.1159634525086108,16.39406052222049,6.032742920918873,21.484375,6,2.0576477677379756
A1,synthetic,2,gated,0.15,1.0,1.0,0.25,1.1539205637515184,17.765240126148882,1.1756510640805735,17.436870962710977,6.364687764192776,21.484375,6,2.1738075633663096
A1,synthetic,2,gated,0.15,2.0,1.0,0.25,1.2143797350298688,18.580502718640744,1.229602731919691,18.350468311791627,6.640823505609458,22.135416666666668,6,2.2762626637457406
A1,synthetic,2,gated,0.25,0.0,1.0,0.25,0.9555491989903534,14.968666055618899,0.9905820608781137,14.439285168077237,5.387871913667685,21.484375,6,1.824910093000963
A1,synthetic,2,gated,0.25,1.0,1.0,0.25,1.070914776937213,16.468183518482043,1.0898156928641858,16.18257214933875,5.971108699454604,21.484375,6,2.0204233999553836
A1,synthetic,2,gated,0.25,2.0,1.0,0.25,1.1721010388982085,17.834396788465266,1.1802276475133437,17.711595765381077,6.4403504858467,22.135416666666668,6,2.1924815195753276
A1,synthetic,2,shrink,0.0,0.0,2.0,0.25,2.575949396392091,39.51970442822936,2.6152971889645618,38.925120707905414,11.315507509143293,55.6640625,4,4.6520987169288714
A1,synthetic,2,shrink,0.05,0.0,2.0,0.25,2.448405109067244,37.54501247746331,2.4846179143437626,36.99780148856165,11.006308717973644,54.6875,4,4.437185436871207
A1,synthetic,2,shrink,0.1,0.0,2.0,0.25,2.321027313745247,35.57196780561438,2.3540476517710975,35.072998126601156,10.691879170942917,54.6875,4,4.222118258906281
A1,synthetic,2,shrink,0.15,0.0,2.0,0.25,2.193845010912906,33.600860598904035,2.2236056049126938,33.151148847810155,10.372238785220926,54.6875,4,4.006932205003032
A1,synthetic,2,shrink,0.25,0.0,2.0,0.25,1.9402206051252646,29.666003020481032,1.9632083647836729,29.31863543602416,9.688188729340258,46.875,5,3.5744543518506378
A1,synthetic,2,gated,0.0,0.0,2.0,0.25,2.575949396392091,39.51970442822936,2.6152971889645618,38.925120707905414,11.315507509143293,55.6640625,4,4.6520987169288714
A1,synthetic,2,gated,0.0,1.0,2.0,0.25,2.575949396392091,39.51970442822936,2.6152971889645618,38.925120707905414,11.315507509143293,55.6640625,4,4.6520987169288714
A1,synthetic,2,gated,0.0,2.0,2.0,0.25,2.575949396392091,39.51970442822936,2.6152971889645618,38.925120707905414,11.315507509143293,55.6640625,4,4.6520987169288714
A1,synthetic,2,gated,0.05,0.0,2.0,0.25,2.4470179312347775,37.577135000818664,2.4867436879609786,36.97683987159522,10.971292842093575,55.6640625,4,4.436300374439823
A1,synthetic,2,gated,0.05,1.0,2.0,0.25,2.4705047533401463,37.89118583262067,2.507526643438173,37.331748778880836,11.038587301528546,55.6640625,4,4.473280089321859
A1,synthetic,2,gated,0.05,2.0,2.0,0.25,2.49401612042845,38.20605321435935,2.528363635775838,37.68702858492125,11.105806079694924,55.6640625,4,4.510321105193248
A1,synthetic,2,gated,0.1,0.0,2.0,0.25,2.3181340039037712,35.637276784233144,2.3583696068734183,35.029277378444164,10.623384645450026,55.6640625,4,4.220460793912296
A1,synthetic,2,gated,0.1,1.0,2.0,0.25,2.365134363450463,36.26538358874635,2.3999358580379773,35.73949888793202,10.758900771819276,55.6640625,4,4.2944952814052915
A1,synthetic,2,gated,0.1,2.0,2.0,0.25,2.412235192316349,36.89687242866363,2.441725922305726,36.451238587327865,10.893959059766805,55.6640625,4,4.368773518268043
A1,synthetic,2,gated,0.15,0.0,2.0,0.25,2.1893060100369657,33.700597966111594,2.2302059289755007,33.08256009477148,10.271999606226517,54.6875,4,4.004629496144742
A1,synthetic,2,gated,0.15,1.0,2.0,0.25,2.2598486133957487,34.642680138880294,2.292550141662873,34.14852798786613,10.476445199583596,54.6875,4,4.115774615384285
A1,synthetic,2,gated,0.15,2.0,2.0,0.25,2.330622649647586,35.592655372850025,2.3554166938026784,35.21799305885975,10.679979508217315,54.6875,4,4.227497484394242
A1,synthetic,2,gated,0.25,0.0,2.0,0.25,1.9318625780365495,29.83925386938861,1.97467359370401,29.1923374529334,9.51785154885353,47.65625,5,3.5704681562673675
A1,synthetic,2,gated,0.25,1.0,2.0,0.25,2.0495831976855903,31.40848993383638,2.0785209966021077,30.971211423076742,9.881830574975252,47.65625,5,3.757262924741805
A1,synthetic,2,gated,0.25,2.0,2.0,0.25,2.1679787482300132,33.001464292688134,2.1839393296355327,32.76028426071687,10.239020090388498,47.65625,5,3.9455167790554966
A1,synthetic,3,shrink,0.0,0.0,0.0,0.5,0.0,2.3795883822887615e-17,1.5747412327930097e-18,0.0,0.0,0.0,6,1.5747412327930097e-18
A1,synthetic,3,shrink,0.05,0.0,0.0,0.5,0.011076716039877263,0.23035880790794758,0.015244464792721001,0.16738003840576465,0.07242451681827096,0.6510416666666666,6,0.025575663194118605
A1,synthetic,3,shrink,0.1,0.0,0.0,0.5,0.022153432079754485,0.4607176158158945,0.030488929585441957,0.3347600768115287,0.14484903363653542,1.953125,6,0.05115132638823672
A1,synthetic,3,shrink,0.15,0.0,0.0,0.5,0.033230148119631785,0.6910764237238421,0.04573339437816296,0.5021401152172938,0.21658673039165777,3.2552083333333335,6,0.07668153786133504
A1,synthetic,3,shrink,0.25,0.0,0.0,0.5,0.05538358019938628,1.1517940395397366,0.07622232396360491,0.8369001920288227,0.35959408685523514,3.2552083333333335,6,0.12771098749965412
A1,synthetic,3,gated,0.0,0.0,0.0,0.5,0.0,2.3795883822887615e-17,1.5747412327930097e-18,0.0,0.0,0.0,6,1.5747412327930097e-18
A1,synthetic,3,gated,0.0,1.0,0.0,0.5,0.0,2.3795883822887615e-17,1.5747412327930097e-18,0.0,0.0,0.0,6,1.5747412327930097e-18
A1,synthetic,3,gated,0.0,2.0,0.0,0.5,0.0,2.3795883822887615e-17,1.5747412327930097e-18,0.0,0.0,0.0,6,1.5747412327930097e-18
A1,synthetic,3,gated,0.05,0.0,0.0,0.5,0.004802978761030647,0.12562700101947782,0.008313623479167526,0.07257771767274532,0.046106791676018354,0.0,6,0.013766324006300934
A1,synthetic,3,gated,0.05,1.0,0.0,0.5,0.0,2.3795883822887615e-17,1.5747412327930097e-18,0.0,0.0,0.0,6,1.5747412327930097e-18
A1,synthetic,3,gated,0.05,2.0,0.0,0.5,0.0,2.3795883822887615e-17,1.5747412327930097e-18,0.0,0.0,0.0,6,1.5747412327930097e-18
A1,synthetic,3,gated,0.1,0.0,0.0,0.5,0.009605957522061285,0.25125400203895565,0.016627246958335052,0.1451554353454905,0.09221358335203877,0.0,6,0.027532648012601996
A1,synthetic,3,gated,0.1,1.0,0.0,0.5,0.0,2.3795883822887615e-17,1.5747412327930097e-18,0.0,0.0,0.0,6,1.5747412327930097e-18
A1,synthetic,3,gated,0.1,2.0,0.0,0.5,0.0,2.3795883822887615e-17,1.5747412327930097e-18,0.0,0.0,0.0,6,1.5747412327930097e-18
A1,synthetic,3,gated,0.15,0.0,0.0,0.5,0.014408936283091936,0.3768810030584335,0.02494087043750258,0.2177331530182359,0.13832037502805358,0.6510416666666666,6,0.0412989720189027
A1,synthetic,3,gated,0.15,1.0,0.0,0.5,0.0,2.3795883822887615e-17,1.5747412327930097e-18,0.0,0.0,0.0,6,1.5747412327930097e-18
A1,synthetic,3,gated,0.15,2.0,0.0,0.5,0.0,2.3795883822887615e-17,1.5747412327930097e-18,0.0,0.0,0.0,6,1.5747412327930097e-18
A1,synthetic,3,gated,0.25,0.0,0.0,0.5,0.024014893805153228,0.6281350050973891,0.04156811739583763,0.3628885883637265,0.23008051911388527,1.3020833333333333,6,0.06880161276157606
A1,synthetic,3,gated,0.25,1.0,0.0,0.5,0.0,2.3795883822887615e-17,1.5747412327930097e-18,0.0,0.0,0.0,6,1.5747412327930097e-18
A1,synthetic,3,gated,0.25,2.0,0.0,0.5,0.0,2.3795883822887615e-17,1.5747412327930097e-18,0.0,0.0,0.0,6,1.5747412327930097e-18
A1,synthetic,3,shrink,0.0,0.0,1.0,0.25,1.7575535800383926,23.9438415563008,1.5845326381154812,26.558357609596627,12.691310533793816,14.6484375,4,3.3031828341614244
A1,synthetic,3,shrink,0.05,0.0,1.0,0.25,1.6733602349067571,22.77795564717368,1.5073777558887935,25.286113625828392,12.367018562381956,14.6484375,4,3.1624705955528887
A1,synthetic,3,shrink,0.1,0.0,1.0,0.25,1.5892391665341918,21.614606432065777,1.430390744571914,24.01496181474613,12.03185648847669,14.6484375,4,3.0212430149909153
A1,synthetic,3,shrink,0.15,0.0,1.0,0.25,1.5052024929367662,20.45422674458022,1.3536002478129148,22.74508529145253,11.677062929853484,12.5,5,2.8789549927612557
A1,synthetic,3,shrink,0.25,0.0,1.0,0.25,1.337445949632951,18.144653510090645,1.2007595199973042,20.210119462237135,10.88343939374378,9.765625,6,2.5897163342245966
A1,synthetic,3,gated,0.0,0.0,1.0,0.25,1.7575535800383926,23.9438415563008,1.5845326381154812,26.558357609596627,12.691310533793816,14.6484375,4,3.3031828341614244
A1,synthetic,3,gated,0.0,1.0,1.0,0.25,1.7575535800383926,23.9438415563008,1.5845326381154812,26.558357609596627,12.691310533793816,14.6484375,4,3.3031828341614244
A1,synthetic,3,gated,0.0,2.0,1.0,0.25,1.7575535800383926,23.9438415563008,1.5845326381154812,26.558357609596627,12.691310533793816,14.6484375,4,3.3031828341614244
A1,synthetic,3,gated,0.05,0.0,1.0,0.25,1.6698103930653745,22.81483432809428,1.5098182779508833,25.23247203552257,12.355791640084753,15.625,4,3.1623932321719193
A1,synthetic,3,gated,0.05,1.0,1.0,0.25,1.69024660599164,23.060880223806134,1.5261008678315868,25.541283247451464,12.442034502510891,15.625,4,3.194601226152077
A1,synthetic,3,gated,0.05,2.0,1.0,0.25,1.7107297988475836,23.308003089698985,1.5424547284145314,25.8508043721745,12.527622667185133,14.6484375,4,3.2268606548378753
A1,synthetic,3,gated,0.1,0.0,1.0,0.25,1.5821767252485837,21.688952314326375,1.4353107352373387,23.908241403266064,12.011688546953573,15.625,4,3.021297130275204
A1,synthetic,3,gated,0.1,1.0,1.0,0.25,1.6230425748010602,22.180457432232917,1.4678370906800295,24.52576445278296,12.186801803211443,15.625,4,3.0858448880262297
A1,synthetic,3,gated,0.1,2.0,1.0,0.25,1.6641019411689448,22.676416196798666,1.5006581752902834,25.146211731094613,12.360939740868183,14.6484375,4,3.1507195896512785
A1,synthetic,3,gated,0.15,0.0,1.0,0.25,1.4946718402690762,20.566708771639664,1.3610439757818786,22.585956805932984,11.648275522223907,11.71875,5,2.879228328876769
A1,synthetic,3,gated,0.15,1.0,1.0,0.25,1.555954825294604,21.302887928455327,1.409762135678313,23.51200278835815,11.926369578051817,14.6484375,4,2.976991423644584
A1,synthetic,3,gated,0.15,2.0,1.0,0.25,1.6176869488616266,22.049446228336073,1.4591671565742084,24.444835694457648,12.191256174879834,15.625,4,3.0747919180972185
A1,synthetic,3,gated,0.25,0.0,1.0,0.25,1.3201508200129421,18.335807440492477,1.2134095219159,19.948773098422446,10.91058653033591,10.416666666666666,6,2.595515288565415
A1,synthetic,3,gated,0.25,1.0,1.0,0.25,1.4221939672243387,19.55784393585841,1.294280283916329,21.4907450906446,11.37883779400344,11.71875,5,2.758395108296652
A1,synthetic,3,gated,0.25,2.0,1.0,0.25,1.5255731894211817,20.81102317769338,1.3772119807965977,23.052906485716115,11.842511207300921,14.6484375,4,2.923700951798546
A1,synthetic,3,shrink,0.0,0.0,2.0,0.25,3.522725052573096,47.965575386026266,3.174219956577814,53.23182904300286,16.694844550445065,40.364583333333336,3,6.040397932642653
A1,synthetic,3,shrink,0.05,0.0,2.0,0.25,3.3502594860414674,45.59803679185302,3.017543252647723,50.62570525633081,16.512979635091188,37.760416666666664,3,5.78545316307868
A1,synthetic,3,shrink,0.1,0.0,2.0,0.25,3.177830097895108,43.231767269020835,2.86095053210665,48.02012816052761,16.27713931273941,37.760416666666664,3,5.527038533253311
A1,synthetic,3,shrink,0.15,0.0,2.0,0.25,3.0054431150593595,40.86698726242695,2.704456383346093,45.41519185053973,15.988347069619342,36.458333333333336,3,5.26523947631319
A1,synthetic,3,shrink,0.25,0.0,2.0,0.25,2.6608293312188374,36.143065111242294,2.391841182862566,40.207739735064024,15.326194696612268,33.854166666666664,3,4.736498097686334
A1,synthetic,3,gated,0.0,0.0,2.0,0.25,3.522725052573096,47.965575386026266,3.174219956577814,53.23182904300286,16.694844550445065,40.364583333333336,3,6.040397932642653
A1,synthetic,3,gated,0.0,1.0,2.0,0.25,3.522725052573096,47.965575386026266,3.174219956577814,53.23182904300286,16.694844550445065,40.364583333333336,3,6.040397932642653
A1,synthetic,3,gated,0.0,2.0,2.0,0.25,3.522725052573096,47.965575386026266,3.174219956577814,53.23182904300286,16.694844550445065,40.364583333333336,3,6.040397932642653
A1,synthetic,3,gated,0.05,0.0,2.0,0.25,3.3491519874008544,45.6485614258021,3.0208868235334942,50.60896986613639,16.500668422988046,37.760416666666664,3,5.7874282650284
A1,synthetic,3,gated,0.05,1.0,2.0,0.25,3.3691272585320293,45.90628482529191,3.0379421960867017,50.91081579565782,16.54145788854598,37.760416666666664,3,5.817170599373351
A1,synthetic,3,gated,0.05,2.0,2.0,0.25,3.3891261194618987,46.164555057802026,3.055033756432341,51.21301819016374,16.581726861831545,37.760416666666664,3,5.846926471770463
A1,synthetic,3,gated,0.1,0.0,2.0,0.25,3.1756864122590662,43.334278031781025,2.867734391286878,47.987734969007775,16.249911745059233,37.760416666666664,3,5.530948709691699
A1,synthetic,3,gated,0.1,1.0,2.0,0.25,3.2156375256922094,43.84957928812423,2.9018355048119493,48.59143545900126,16.34117840724579,37.760416666666664,3,5.591065137783661
A1,synthetic,3,gated,0.1,2.0,2.0,0.25,3.2556868528966967,44.367159915740864,2.936087460388352,49.19662005536348,16.429815012573275,37.760416666666664,3,5.651207465426127
A1,synthetic,3,gated,0.15,0.0,2.0,0.25,3.002346958449911,41.023187333311675,2.714793242191856,45.36840588885812,15.941488834319978,36.458333333333336,3,5.270927317390452
A1,synthetic,3,gated,0.15,1.0,2.0,0.25,3.062272103095219,41.79584039072032,2.765925136985135,46.27393357198123,16.098186258530102,36.458333333333336,3,5.362391556724671
A1,synthetic,3,gated,0.15,2.0,2.0,0.25,3.122427723349689,42.57384910980957,2.8174114536330555,47.182943967505224,16.24818336965841,36.458333333333336,3,5.453882048809544
A1,synthetic,3,gated,0.25,0.0,2.0,0.25,2.6561451665070903,36.41301490338297,2.4097056619309565,40.13695741415515,15.264195929828412,32.552083333333336,3,4.747917599328279
A1,synthetic,3,gated,0.25,1.0,2.0,0.25,2.755997184287865,37.69920122785024,2.494821669945964,41.64581929260991,15.512934387200687,33.854166666666664,3,4.899420391883817
A1,synthetic,3,gated,0.25,2.0,2.0,0.25,2.856550684500056,39.00173287550341,2.5810193631202933,43.165281258300695,15.79467252305863,35.15625,3,5.054539431964593
A1,synthetic,4,shrink,0.0,0.0,0.0,0.5,4.3016107245086286e-18,3.684309763184684e-17,2.491749226089893e-18,6.360377771480977e-17,0.0,0.0,6,4.642554588344208e-18
A1,synthetic,4,shrink,0.05,0.0,0.0,0.5,0.01953240130906321,0.2328856802848074,0.015750377978953848,0.28880681927350066,0.11842908654660711,0.0,6,0.03352610019157408
A1,synthetic,4,shrink,0.1,0.0,0.0,0.5,0.039064802618126476,0.4657713605696143,0.03150075595790766,0.5776136385470021,0.23628351597628652,0.6510416666666666,6,0.06701333553414224
A1,synthetic,4,shrink,0.15,0.0,0.0,0.5,0.05859720392718975,0.6986570408544217,0.04725113393686151,0.8664204578205037,0.3535902626973971,0.6510416666666666,6,0.10046353034393939
A1,synthetic,4,shrink,0.25,0.0,0.0,0.5,0.0976620065453162,1.1644284014240358,0.07875188989476915,1.4440340963675056,0.58571297000071,3.90625,6,0.16719546468064733
A1,synthetic,4,gated,0.0,0.0,0.0,0.5,4.3016107245086286e-18,3.684309763184684e-17,2.491749226089893e-18,6.360377771480977e-17,0.0,0.0,6,4.642554588344208e-18
A1,synthetic,4,gated,0.0,1.0,0.0,0.5,4.3016107245086286e-18,3.684309763184684e-17,2.491749226089893e-18,6.360377771480977e-17,0.0,0.0,6,4.642554588344208e-18
A1,synthetic,4,gated,0.0,2.0,0.0,0.5,4.3016107245086286e-18,3.684309763184684e-17,2.491749226089893e-18,6.360377771480977e-17,0.0,0.0,6,4.642554588344208e-18
A1,synthetic,4,gated,0.05,0.0,0.0,0.5,0.013409286415795767,0.13583222820868252,0.009186519898492162,0.19827021251485197,0.07319961766317018,0.0,6,0.020841753648066424
A1,synthetic,4,gated,0.05,1.0,0.0,0.5,5.743758776519415e-06,0.00011625463195976134,7.862460211942282e-06,8.492743297011366e-05,1.846242448966251e-05,0.0,6,1.1982978691126157e-05
A1,synthetic,4,gated,0.05,2.0,0.0,0.5,4.3016107245086286e-18,3.684309763184684e-17,2.491749226089893e-18,6.360377771480977e-17,0.0,0.0,6,4.642554588344208e-18
A1,synthetic,4,gated,0.1,0.0,0.0,0.5,0.0268185728315915,0.271664456417365,0.01837303979698432,0.39654042502970344,0.1458245782094091,1.3020833333333333,6,0.04164464244712668
A1,synthetic,4,gated,0.1,1.0,0.0,0.5,1.14875175530781e-05,0.0002325092639195221,1.5724920423884524e-05,0.00016985486594080795,3.692484897932502e-05,0.0,6,2.396595738227191e-05
A1,synthetic,4,gated,0.1,2.0,0.0,0.5,4.3016107245086286e-18,3.684309763184684e-17,2.491749226089893e-18,6.360377771480977e-17,0.0,0.0,6,4.642554588344208e-18
A1,synthetic,4,gated,0.15,0.0,0.0,0.5,0.04022785924738726,0.4074966846260475,0.02755955969547648,0.5948106375445553,0.21844953875565043,1.953125,6,0.06244753124618711
A1,synthetic,4,gated,0.15,1.0,0.0,0.5,1.7231276329586717e-05,0.0003487638958792831,2.3587380635826785e-05,0.0002547822989107619,5.538727347105995e-05,0.0,6,3.5948936073532816e-05
A1,synthetic,4,gated,0.15,2.0,0.0,0.5,4.3016107245086286e-18,3.684309763184684e-17,2.491749226089893e-18,6.360377771480977e-17,0.0,0.0,6,4.642554588344208e-18
A1,synthetic,4,gated,0.25,0.0,0.0,0.5,0.06704643207897884,0.6791611410434125,0.0459325994924608,0.9913510625742599,0.36369945984813007,2.6041666666666665,6,0.1040533088443078
A1,synthetic,4,gated,0.25,1.0,0.0,0.5,2.8718793882660865e-05,0.0005812731597988064,3.9312301059711394e-05,0.00042463716485151146,9.231212244949678e-05,0.0,6,5.991489345574276e-05
A1,synthetic,4,gated,0.25,2.0,0.0,0.5,4.3016107245086286e-18,3.684309763184684e-17,2.491749226089893e-18,6.360377771480977e-17,0.0,0.0,6,4.642554588344208e-18
A1,synthetic,4,shrink,0.0,0.0,1.0,0.25,1.7328796328590885,26.19039451492289,1.7712923032600285,25.62242332782931,8.76996750257131,14.322916666666666,6,3.2308570505986514
A1,synthetic,4,shrink,0.05,0.0,1.0,0.25,1.6579986878343997,24.92336681859453,1.6856014823277607,24.515230862623326,8.419619098198948,13.671875,6,3.0840312140355453
A1,synthetic,4,shrink,0.1,0.0,1.0,0.25,1.5832794046600995,23.65867198233448,1.6000684359216162,23.410428735608225,8.065354874810495,13.671875,6,2.937179150712841
A1,synthetic,4,shrink,0.15,0.0,1.0,0.25,1.5087458020019797,22.396705204733603,1.5147198918643419,22.30837208767839,7.708471032735988,13.020833333333334,6,2.7904272615923422
A1,synthetic,4,shrink,0.25,0.0,1.0,0.25,1.3603576482552808,19.883032594338257,1.344716765520755,20.11429927382698,6.973443839111009,12.369791666666666,6,2.496519161122105
A1,synthetic,4,gated,0.0,0.0,1.0,0.25,1.7328796328590885,26.19039451492289,1.7712923032600285,25.62242332782931,8.76996750257131,14.322916666666666,6,3.2308570505986514
A1,synthetic,4,gated,0.0,1.0,1.0,0.25,1.7328796328590885,26.19039451492289,1.7712923032600285,25.62242332782931,8.76996750257131,14.322916666666666,6,3.2308570505986514
A1,synthetic,4,gated,0.0,2.0,1.0,0.25,1.7328796328590885,26.19039451492289,1.7712923032600285,25.62242332782931,8.76996750257131,14.322916666666666,6,3.2308570505986514
A1,synthetic,4,gated,0.05,0.0,1.0,0.25,1.6543548420892606,24.950835933751577,1.6874592562619148,24.46135282259511,8.413488909368597,13.671875,6,3.0836524720184895
A1,synthetic,4,gated,0.05,1.0,1.0,0.25,1.6689338116251327,25.166293807377006,1.7020309677728676,24.676918013649566,8.483053415490028,13.671875,6,3.1102184112596416
A1,synthetic,4,gated,0.05,2.0,1.0,0.25,1.6835206302130734,25.3820073961679,1.7166199736511945,24.89259926108267,8.552518169217118,13.671875,6,3.136798823002954
A1,synthetic,4,gated,0.1,0.0,1.0,0.25,1.5759448281473258,23.714250795386562,1.6038273072791054,23.301979411848457,8.053471732891445,12.369791666666666,6,2.9364670606272805
A1,synthetic,4,gated,0.1,1.0,1.0,0.25,1.6050665424030603,24.14433835227525,1.6329147186508879,23.732574172467462,8.193702846393188,13.020833333333334,6,2.989599351671214
A1,synthetic,4,gated,0.1,2.0,1.0,0.25,1.6342218921013139,24.575511371413477,1.662075541323405,24.163666268002697,8.333933959894928,13.020833333333334,6,3.0428218717371416
A1,synthetic,4,gated,0.15,0.0,1.0,0.25,1.4976676184782183,22.481129772051325,1.5204296411470697,22.144569650067144,7.6911977310982635,12.369791666666666,6,2.7894297020317187
A1,synthetic,4,gated,0.15,1.0,1.0,0.25,1.5412875902459648,23.124812566961168,1.5639627914291347,22.78953619072476,7.9038012266669035,12.369791666666666,6,2.8691515042056217
A1,synthetic,4,gated,0.15,2.0,1.0,0.25,1.584989041851196,23.77109892220712,1.6076720240677214,23.435707495319306,8.114147896919519,12.369791666666666,6,2.9489374964632504
A1,synthetic,4,gated,0.25,0.0,1.0,0.25,1.3416045588575698,20.027837877661817,1.3545101454439274,19.837015389740927,6.950190053942161,11.067708333333334,6,2.495363310961031
A1,synthetic,4,gated,0.25,1.0,1.0,0.25,1.4140424228078663,21.09445836676024,1.4266471520767596,20.90808436643374,7.311354679777828,11.71875,6,2.6281453085803794
A1,synthetic,4,gated,0.25,2.0,1.0,0.25,1.486747178508746,22.169431405918377,1.4993490531263192,21.9830996145735,7.669113963797486,12.369791666666666,6,2.7613953385540313
A1,synthetic,4,shrink,0.0,0.0,2.0,0.25,3.471733379251007,52.46669002910405,3.5483942089199685,51.33318012270626,16.060611547941317,26.041666666666668,6,6.370462085942948
A1,synthetic,4,shrink,0.05,0.0,2.0,0.25,3.309925379092509,49.88546591360505,3.3738224816339426,48.940680955842524,15.384954047123008,24.739583333333332,6,6.069290715079158
A1,synthetic,4,shrink,0.1,0.0,2.0,0.25,3.1481985551127387,47.30540919776905,3.1993297071883067,46.549382063005936,14.702752550602662,23.4375,6,5.767796305740182
A1,synthetic,4,shrink,0.15,0.0,2.0,0.25,2.986566094759222,44.72672190606916,3.0249295487752703,44.159478434290854,14.017114509532774,23.4375,6,5.46620927602555
A1,synthetic,4,shrink,0.25,0.0,2.0,0.25,2.663652968455667,39.5745262521544,2.6764794900535853,39.38487282212177,12.632804278318062,20.182291666666668,6,4.862679854523101
A1,synthetic,4,gated,0.0,0.0,2.0,0.25,3.471733379251007,52.46669002910405,3.5483942089199685,51.33318012270626,16.060611547941317,26.041666666666668,6,6.370462085942948
A1,synthetic,4,gated,0.0,1.0,2.0,0.25,3.471733379251007,52.46669002910405,3.5483942089199685,51.33318012270626,16.060611547941317,26.041666666666668,6,6.370462085942948
A1,synthetic,4,gated,0.0,2.0,2.0,0.25,3.471733379251007,52.46669002910405,3.5483942089199685,51.33318012270626,16.060611547941317,26.041666666666668,6,6.370462085942948
A1,synthetic,4,gated,0.05,0.0,2.0,0.25,3.308709255203515,49.92924696632565,3.3767834542786437,48.92269930234967,15.383129675715217,24.739583333333332,6,6.071520241038782
A1,synthetic,4,gated,0.05,1.0,2.0,0.25,3.323656461057142,50.14986434810517,3.3917041104027343,49.143709249427154,15.448816251934828,24.739583333333332,6,6.0983569733338
A1,synthetic,4,gated,0.05,2.0,2.0,0.25,3.338607210938353,50.37059490236505,3.4066324205368974,49.36477159862959,15.514502828154434,24.739583333333332,6,6.12520313165268
A1,synthetic,4,gated,0.1,0.0,2.0,0.25,3.1457593773570443,47.39500953531304,3.2053895009104187,46.51331628910962,14.700005562658786,23.4375,6,5.772450728022088
A1,synthetic,4,gated,0.1,1.0,2.0,0.25,3.1756371376103263,47.83575836940523,3.2351979490822664,46.95508997424083,14.832823349155083,24.088541666666668,6,5.826180705391513
A1,synthetic,4,gated,0.1,2.0,2.0,0.25,3.2055299730139537,48.27698840444625,3.2650389415342893,47.39708656111118,14.96516388668203,24.088541666666668,6,5.879918487613905
A1,synthetic,4,gated,0.15,0.0,2.0,0.25,2.9828959135187327,44.86452096361121,3.034249088039242,44.105210996639386,14.012166439049674,23.4375,6,5.473359079875832
A1,synthetic,4,gated,0.15,1.0,2.0,0.25,3.027683856107616,45.52478683682553,3.078903774652053,44.76744719772018,14.211816019431643,23.4375,6,5.553910312739646
A1,synthetic,4,gated,0.15,2.0,2.0,0.25,3.0725080233401223,46.18620896290049,3.1236366602317234,45.43021901774196,14.411465599813605,23.4375,6,5.634557856892132
A1,synthetic,4,gated,0.25,0.0,2.0,0.25,2.6574917704276144,39.81764840896017,2.692922174979796,39.29377311670202,12.621380226063605,22.135416666666668,6,4.875269316112318
A1,synthetic,4,gated,0.25,1.0,2.0,0.25,2.7320183327403775,40.91437096450934,2.7670950256540783,40.39572566582102,12.960236942426684,22.135416666666668,6,5.00962279243964
A1,synthetic,4,gated,0.25,2.0,2.0,0.25,2.8066614303471957,42.014818902602016,2.841519829059437,41.49940131017427,13.297124092240347,22.786458333333332,6,5.1441532846579126
A2,semisynthetic,0,shrink,0.0,0.0,0.0,0.5,1.1784763711741352e-16,1.5404960916466082e-14,8.034431022958164e-17,2.259572879154813e-14,1.1842378929335004e-14,0.0,5,2.0103185358539229e-16
A2,semisynthetic,0,shrink,0.05,0.0,0.0,0.5,0.03636177599934904,9.414790645572053,0.04910267961575127,6.971890561044687,3.7741471447083907,0.0,5,0.08696756750940945
A2,semisynthetic,0,shrink,0.1,0.0,0.0,0.5,0.07272355199869794,18.82958129114408,0.09820535923150242,13.943781122089348,7.54829428941678,0.0,5,0.1739351350188187
A2,semisynthetic,0,shrink,0.15,0.0,0.0,0.5,0.10908532799804695,28.24437193671613,0.1473080388472537,20.91567168313403,11.322441434125158,0.0,5,0.26090270252822806
A2,semisynthetic,0,shrink,0.25,0.0,0.0,0.5,0.1818088799967448,47.07395322786021,0.24551339807875608,34.85945280522336,18.870735723541937,0.0,5,0.4348378375470467
A2,semisynthetic,0,gated,0.0,0.0,0.0,0.5,1.1784763711741352e-16,1.5404960916466082e-14,8.034431022958164e-17,2.259572879154813e-14,1.1842378929335004e-14,0.0,5,2.0103185358539229e-16
A2,semisynthetic,0,gated,0.0,1.0,0.0,0.5,1.1784763711741352e-16,1.5404960916466082e-14,8.034431022958164e-17,2.259572879154813e-14,1.1842378929335004e-14,0.0,5,2.0103185358539229e-16
A2,semisynthetic,0,gated,0.0,2.0,0.0,0.5,1.1784763711741352e-16,1.5404960916466082e-14,8.034431022958164e-17,2.259572879154813e-14,1.1842378929335004e-14,0.0,5,2.0103185358539229e-16
A2,semisynthetic,0,gated,0.05,0.0,0.0,0.5,0.021105744474003388,8.471381532771687,0.04418234552056845,4.046747900453475,1.4854294291104821,0.0,5,0.06248244954373043
A2,semisynthetic,0,gated,0.05,1.0,0.0,0.5,0.004970449727749948,2.4491857245810813,0.01277368626461574,0.9530181238030667,0.28074792118110575,0.0,5,0.016723147110522623
A2,semisynthetic,0,gated,0.05,2.0,0.0,0.5,1.1784763711741352e-16,1.5404960916466082e-14,8.034431022958164e-17,2.259572879154813e-14,1.1842378929335004e-14,0.0,5,2.0103185358539229e-16
A2,semisynthetic,0,gated,0.1,0.0,0.0,0.5,0.0422114889480067,16.942763065543375,0.0883646910411369,8.093495800906936,2.9708588582209523,0.0,5,0.12496489908746077
A2,semisynthetic,0,gated,0.1,1.0,0.0,0.5,0.009940899455499827,4.89837144916216,0.025547372529231466,1.9060362476061201,0.5614958423621973,0.0,5,0.03344629422104513
A2,semisynthetic,0,gated,0.1,2.0,0.0,0.5,1.1784763711741352e-16,1.5404960916466082e-14,8.034431022958164e-17,2.259572879154813e-14,1.1842378929335004e-14,0.0,5,2.0103185358539229e-16
A2,semisynthetic,0,gated,0.15,0.0,0.0,0.5,0.06331723342201001,25.41414459831506,0.13254703656170533,12.140243701360397,4.456288287331426,0.0,5,0.18744734863119109
A2,semisynthetic,0,gated,0.15,1.0,0.0,0.5,0.014911349183249711,7.347557173743239,0.03832105879384719,2.8590543714091745,0.842876367614379,0.0,5,0.050172740667282646
A2,semisynthetic,0,gated,0.15,2.0,0.0,0.5,1.1784763711741352e-16,1.5404960916466082e-14,8.034431022958164e-17,2.259572879154813e-14,1.1842378929335004e-14,0.0,5,2.0103185358539229e-16
A2,semisynthetic,0,gated,0.25,0.0,0.0,0.5,0.10552872237001666,42.35690766385843,0.22091172760284222,20.233739502267323,7.427147145552365,0.0,5,0.3124122477186518
A2,semisynthetic,0,gated,0.25,1.0,0.0,0.5,0.024852248638749498,12.245928622905398,0.06386843132307865,4.765090619015287,1.4070146469188127,0.0,5,0.08363281647301338
A2,semisynthetic,0,gated,0.25,2.0,0.0,0.5,1.1784763711741352e-16,1.5404960916466082e-14,8.034431022958164e-17,2.259572879154813e-14,1.1842378929335004e-14,0.0,5,2.0103185358539229e-16
A2,semisynthetic,0,shrink,0.0,0.0,1.0,0.25,0.4546767769303629,131.34557641089748,0.6850306077155053,87.17827010055196,33.69821626742364,90.625,5,1.0881214668720902
A2,semisynthetic,0,shrink,0.05,0.0,1.0,0.25,0.43169627910726077,125.87201709310757,0.6564833526933606,82.77206299274012,32.0956456174174,89.84375,5,1.0397257831178082
A2,semisynthetic,0,shrink,0.1,0.0,1.0,0.25,0.4121067774299793,121.16054301297794,0.6319107401963076,79.01603463367832,30.922061327308555,90.625,5,0.9992376109857558
A2,semisynthetic,0,shrink,0.15,0.0,1.0,0.25,0.39641131076924196,117.30301757008318,0.6117918822139311,76.00663608655715,30.05547402965323,90.625,5,0.9667513484410367
A2,semisynthetic,0,shrink,0.25,0.0,1.0,0.25,0.3785242766192325,112.48228385816469,0.5866494279756613,72.57703340274524,28.707931419356218,132.03125,5,0.9256372916872105
A2,semisynthetic,0,gated,0.0,0.0,1.0,0.25,0.4546767769303629,131.34557641089748,0.6850306077155053,87.17827010055196,33.69821626742364,90.625,5,1.0881214668720902
A2,semisynthetic,0,gated,0.0,1.0,1.0,0.25,0.4546767769303629,131.34557641089748,0.6850306077155053,87.17827010055196,33.69821626742364,90.625,5,1.0881214668720902
A2,semisynthetic,0,gated,0.0,2.0,1.0,0.25,0.4546767769303629,131.34557641089748,0.6850306077155053,87.17827010055196,33.69821626742364,90.625,5,1.0881214668720902
A2,semisynthetic,0,gated,0.05,0.0,1.0,0.25,0.4359162756770689,126.1895755662263,0.6581395734795497,83.58119162972454,32.12192426029189,90.625,5,1.0436290580014393
A2,semisynthetic,0,gated,0.05,1.0,1.0,0.25,0.4552625349737769,130.53184559289343,0.6807866085492882,87.29058147318698,33.460210392385136,90.625,5,1.082929031156301
A2,semisynthetic,0,gated,0.05,2.0,1.0,0.25,0.4546767769303629,131.34557641089748,0.6850306077155053,87.17827010055196,33.69821626742364,90.625,5,1.0881214668720902
A2,semisynthetic,0,gated,0.1,0.0,1.0,0.25,0.4186183634240484,121.68803785504595,0.6346618805247659,80.26454529306673,30.97402305836627,90.625,5,1.0055155498310164
A2,semisynthetic,0,gated,0.1,1.0,1.0,0.25,0.4559244972138061,129.78978530374184,0.6769164058007099,87.4175039946037,33.651062824146216,132.8125,5,1.0803851971219434
A2,semisynthetic,0,gated,0.1,2.0,1.0,0.25,0.4546767769303629,131.34557641089748,0.6850306077155053,87.17827010055196,33.69821626742364,90.625,5,1.0881214668720902
A2,semisynthetic,0,gated,0.15,0.0,1.0,0.25,0.4029714330653848,117.91594111480933,0.6149885744802422,77.26445294117381,29.952500498259962,91.40625,5,0.9726910451633212
A2,semisynthetic,0,gated,0.15,1.0,1.0,0.25,0.4566623322615086,129.12063122763993,0.6734264441595703,87.55897412534696,33.84238768946154,132.8125,5,1.0782620045679845
A2,semisynthetic,0,gated,0.15,2.0,1.0,0.25,0.4546767769303629,131.34557641089748,0.6850306077155053,87.17827010055196,33.69821626742364,90.625,5,1.0881214668720902
A2,semisynthetic,0,gated,0.25,0.0,1.0,0.25,0.3774310265922626,112.83888293762631,0.5885092643766238,72.36741714131648,28.528631611106594,72.65625,5,0.9260153679908519
A2,semisynthetic,0,gated,0.25,1.0,1.0,0.25,0.45836411750275086,128.00549066299786,0.6676104476139753,87.88526898125704,34.23068000062074,132.8125,5,1.0753220325519266
A2,semisynthetic,0,gated,0.25,2.0,1.0,0.25,0.4546767769303629,131.34557641089748,0.6850306077155053,87.17827010055196,33.69821626742364,90.625,5,1.0881214668720902
A2,semisynthetic,0,shrink,0.0,0.0,2.0,0.25,0.9246466812188142,262.87819640686433,1.3710367380504287,177.28879549794695,67.27440655136637,150.0,5,2.184228595612485
A2,semisynthetic,0,shrink,0.05,0.0,2.0,0.25,0.8762416698978748,250.69193504448114,1.3074795003042725,168.00777353846507,63.541114493342285,150.0,5,2.076997931317841
A2,semisynthetic,0,shrink,0.1,0.0,2.0,0.25,0.8295101744716167,238.89251259286524,1.2459398142821418,159.04762616085446,60.71029576243692,150.0,5,1.9773284108995401
A2,semisynthetic,0,shrink,0.15,0.0,2.0,0.25,0.7847512227123414,227.54011728898203,1.1867315907046896,150.46568799319368,57.88170362103059,150.0,5,1.8809882374988651
A2,semisynthetic,0,shrink,0.25,0.0,2.0,0.25,0.7026437540260948,206.4686614498265,1.0768337731048763,134.72266471690588,52.85564267919261,150.0,5,1.7038233506611817
A2,semisynthetic,0,gated,0.0,0.0,2.0,0.25,0.9246466812188142,262.87819640686433,1.3710367380504287,177.28879549794695,67.27440655136637,150.0,5,2.184228595612485
A2,semisynthetic,0,gated,0.0,1.0,2.0,0.25,0.9246466812188142,262.87819640686433,1.3710367380504287,177.28879549794695,67.27440655136637,150.0,5,2.184228595612485
A2,semisynthetic,0,gated,0.0,2.0,2.0,0.25,0.9246466812188142,262.87819640686433,1.3710367380504287,177.28879549794695,67.27440655136637,150.0,5,2.184228595612485
A2,semisynthetic,0,gated,0.05,0.0,2.0,0.25,0.8838619057504183,251.17392677267028,1.309993319920415,169.46885317369066,63.7237968767439,150.0,5,2.084274645706954
A2,semisynthetic,0,gated,0.05,1.0,2.0,0.25,0.9130200636292141,258.2554243563208,1.3469267494718462,175.05954505013437,65.75571937476008,150.0,5,2.146384611239597
A2,semisynthetic,0,gated,0.05,2.0,2.0,0.25,0.9253126365434283,261.98804841280463,1.366394186409254,177.41648364062286,67.13761116814585,150.0,5,2.17920556765168
A2,semisynthetic,0,gated,0.1,0.0,2.0,0.25,0.8440828175409241,239.83990656464604,1.2508809313411946,161.84173810594197,61.08004930780036,150.0,5,1.9914842927861738
A2,semisynthetic,0,gated,0.1,1.0,2.0,0.25,0.9015794389223205,253.73217846656547,1.323335837882922,172.86595628241648,65.13966271829061,150.0,5,2.113860354340195
A2,semisynthetic,0,gated,0.1,2.0,2.0,0.25,0.9259864418246025,261.10938084257947,1.361811510722269,177.5456769088473,67.00437906916034,150.0,5,2.174264924871339
A2,semisynthetic,0,gated,0.15,0.0,2.0,0.25,0.8054584336774666,228.93113378859633,1.1939864134715568,154.43602235408687,58.438365881843104,150.0,5,1.9014999282504423
A2,semisynthetic,0,gated,0.15,1.0,2.0,0.25,0.890331977064142,249.31387583907767,1.3002922560837875,170.7094039411296,64.52472255907905,150.0,5,2.0819858317272963
A2,semisynthetic,0,gated,0.15,2.0,2.0,0.25,0.9266680799385932,260.2423099817963,1.357289317475071,177.67637201936844,66.87228389946056,150.0,5,2.169394610582441
A2,semisynthetic,0,gated,0.25,0.0,2.0,0.25,0.732399421532153,208.6536899508277,1.0882297518870925,140.42792117706296,53.15434268871934,114.0625,5,1.7316550279882383
A2,semisynthetic,0,gated,0.25,1.0,2.0,0.25,0.868446433907271,240.8150693555034,1.2559668762012846,166.5131399368231,63.29673349440967,150.0,5,2.0203131242986196
A2,semisynthetic,0,gated,0.25,2.0,2.0,0.25,0.928054785429946,258.5434235277639,1.3484288042256205,177.94225449238857,66.60993678051256,150.0,5,2.1598591831660214
A2,semisynthetic,1,shrink,0.0,0.0,0.0,0.5,1.1784763711741352e-16,1.5404960916466082e-14,8.034431022958164e-17,2.259572879154813e-14,1.1842378929335004e-14,0.0,5,2.0103185358539229e-16
A2,semisynthetic,1,shrink,0.05,0.0,0.0,0.5,0.029360758672068644,9.627363492048488,0.05021134966147872,5.629537904159878,4.053198416805944,0.0,5,0.08603111602924662
A2,semisynthetic,1,shrink,0.1,0.0,0.0,0.5,0.058721517344137164,19.25472698409695,0.10042269932295732,11.259075808319732,8.106396833611873,0.0,5,0.172062232058493
A2,semisynthetic,1,shrink,0.15,0.0,0.0,0.5,0.08808227601620576,28.88209047614544,0.15063404898443603,16.8886137124796,12.159595250417809,0.0,5,0.2580933480877396
A2,semisynthetic,1,shrink,0.25,0.0,0.0,0.5,0.14680379336034285,48.13681746024238,0.25105674830739333,28.14768952079932,20.265992084029666,0.0,5,0.4301555801462324
A2,semisynthetic,1,gated,0.0,0.0,0.0,0.5,1.1784763711741352e-16,1.5404960916466082e-14,8.034431022958164e-17,2.259572879154813e-14,1.1842378929335004e-14,0.0,5,2.0103185358539229e-16
A2,semisynthetic,1,gated,0.0,1.0,0.0,0.5,1.1784763711741352e-16,1.5404960916466082e-14,8.034431022958164e-17,2.259572879154813e-14,1.1842378929335004e-14,0.0,5,2.0103185358539229e-16
A2,semisynthetic,1,gated,0.0,2.0,0.0,0.5,1.1784763711741352e-16,1.5404960916466082e-14,8.034431022958164e-17,2.259572879154813e-14,1.1842378929335004e-14,0.0,5,2.0103185358539229e-16
A2,semisynthetic,1,gated,0.05,0.0,0.0,0.5,0.019966316999574286,8.685639456720601,0.04529980405903819,3.828277723031188,2.1129616551596744,0.0,5,0.06630307793892351
A2,semisynthetic,1,gated,0.05,1.0,0.0,0.5,0.005851583732596169,2.376722250786386,0.012395754256190382,1.1219639379875237,0.4138333606532492,0.0,5,0.01747988693827954
A2,semisynthetic,1,gated,0.05,2.0,0.0,0.5,1.1784763711741352e-16,1.5404960916466082e-14,8.034431022958164e-17,2.259572879154813e-14,1.1842378929335004e-14,0.0,5,2.0103185358539229e-16
A2,semisynthetic,1,gated,0.1,0.0,0.0,0.5,0.03993263399914852,17.3712789134412,0.09059960811807635,7.6565554460623675,4.22592331031934,0.0,5,0.13260615587784694
A2,semisynthetic,1,gated,0.1,1.0,0.0,0.5,0.011703167465192276,4.75344450157277,0.024791508512380753,2.2439278759750354,0.8276667213064955,0.0,5,0.03495977387655902
A2,semisynthetic,1,gated,0.1,2.0,0.0,0.5,1.1784763711741352e-16,1.5404960916466082e-14,8.034431022958164e-17,2.259572879154813e-14,1.1842378929335004e-14,0.0,5,2.0103185358539229e-16
A2,semisynthetic,1,gated,0.15,0.0,0.0,0.5,0.05989895099872275,26.056918370161796,0.13589941217711454,11.484833169093545,6.338884965479011,0.0,5,0.1989092338167704
A2,semisynthetic,1,gated,0.15,1.0,0.0,0.5,0.017554751197788397,7.130166752359152,0.037187262768571115,3.3658918139625498,1.24150008195974,0.0,5,0.052439660814838494
A2,semisynthetic,1,gated,0.15,2.0,0.0,0.5,1.1784763711741352e-16,1.5404960916466082e-14,8.034431022958164e-17,2.259572879154813e-14,1.1842378929335004e-14,0.0,5,2.0103185358539229e-16
A2,semisynthetic,1,gated,0.25,0.0,0.0,0.5,0.09983158499787122,43.42819728360299,0.22649902029519087,19.1413886151559,10.564808275798343,0.0,5,0.3315153896946172
A2,semisynthetic,1,gated,0.25,1.0,0.0,0.5,0.029257918662980633,11.883611253931917,0.06197877128095185,5.609819689937578,2.0691668032662274,0.0,5,0.08739943469139742
A2,semisynthetic,1,gated,0.25,2.0,0.0,0.5,1.1784763711741352e-16,1.5404960916466082e-14,8.034431022958164e-17,2.259572879154813e-14,1.1842378929335004e-14,0.0,5,2.0103185358539229e-16
A2,semisynthetic,1,shrink,0.0,0.0,1.0,0.25,0.8056171211872154,156.1070707227548,0.8141737578687396,154.4664485893564,51.035258201979076,96.875,5,1.4831558348939125
A2,semisynthetic,1,shrink,0.05,0.0,1.0,0.25,0.7856886699061282,148.4523738610501,0.7742508172845259,150.64543111800575,51.88275957896459,96.875,5,1.4376887976082517
A2,semisynthetic,1,shrink,0.1,0.0,1.0,0.25,0.7663755739613219,141.4887513354455,0.7379321630826284,146.94239990950385,52.73467226345739,96.09375,5,1.3961567314719172
A2,semisynthetic,1,shrink,0.15,0.0,1.0,0.25,0.7477255171431766,135.32293182637886,0.7057744368707726,143.36649770121505,53.582463184869795,96.09375,5,1.3590956159040923
A2,semisynthetic,1,shrink,0.25,0.0,1.0,0.25,0.71262092943051,125.83943399330522,0.6563134160935238,136.63565639886264,55.28687992845763,96.09375,5,1.300971657650567
A2,semisynthetic,1,gated,0.0,0.0,1.0,0.25,0.8056171211872154,156.1070707227548,0.8141737578687396,154.4664485893564,51.035258201979076,96.875,5,1.4831558348939125
A2,semisynthetic,1,gated,0.0,1.0,1.0,0.25,0.8056171211872154,156.1070707227548,0.8141737578687396,154.4664485893564,51.035258201979076,96.875,5,1.4831558348939125
A2,semisynthetic,1,gated,0.0,2.0,1.0,0.25,0.8056171211872154,156.1070707227548,0.8141737578687396,154.4664485893564,51.035258201979076,96.875,5,1.4831558348939125
A2,semisynthetic,1,gated,0.05,0.0,1.0,0.25,0.7850495565538328,149.11816707020682,0.777723250381585,150.52288956919952,51.672535778576325,96.875,5,1.4397452553931391
A2,semisynthetic,1,gated,0.05,1.0,1.0,0.25,0.8073103285923866,153.8231786427179,0.8022621577806646,154.79109875842997,51.21720359111065,96.875,5,1.4730397715741088
A2,semisynthetic,1,gated,0.05,2.0,1.0,0.25,0.8056171211872154,156.1070707227548,0.8141737578687396,154.4664485893564,51.035258201979076,96.875,5,1.4831558348939125
A2,semisynthetic,1,gated,0.1,0.0,1.0,0.25,0.764968976331372,142.8018934519284,0.7447808333359532,146.67270338149015,52.30038853672105,95.3125,5,1.4000371035598782
A2,semisynthetic,1,gated,0.1,1.0,1.0,0.25,0.8090894147570739,151.63324366956294,0.7908405893768329,155.1322150460142,51.40042918254887,96.09375,5,1.4634633561915449
A2,semisynthetic,1,gated,0.1,2.0,1.0,0.25,0.8056171211872154,156.1070707227548,0.8141737578687396,154.4664485893564,51.035258201979076,96.875,5,1.4831558348939125
A2,semisynthetic,1,gated,0.15,0.0,1.0,0.25,0.7454147378890957,137.25114425341798,0.7158309958108847,142.92343628225487,52.922895442801234,95.3125,5,1.3645568209372456
A2,semisynthetic,1,gated,0.15,1.0,1.0,0.25,0.8109538144740226,149.5413936796425,0.779930581525773,155.489689081079,51.582084925749676,96.09375,5,1.4544329706212462
A2,semisynthetic,1,gated,0.15,2.0,1.0,0.25,0.8056171211872154,156.1070707227548,0.8141737578687396,154.4664485893564,51.035258201979076,96.875,5,1.4831558348939125
A2,semisynthetic,1,gated,0.25,0.0,1.0,0.25,0.7080585636188488,128.82894339674755,0.6719051512655155,135.7608829791341,54.16376930665219,138.671875,4,1.3084246456742883
A2,semisynthetic,1,gated,0.25,1.0,1.0,0.25,0.8149361856244285,145.66865386596749,0.7597323732527632,156.253256180623,51.940783805174696,96.09375,5,1.4380967357952035
A2,semisynthetic,1,gated,0.25,2.0,1.0,0.25,0.8056171211872154,156.1070707227548,0.8141737578687396,154.4664485893564,51.035258201979076,96.875,5,1.4831558348939125
A2,semisynthetic,1,shrink,0.0,0.0,2.0,0.25,1.6115599517677999,311.81986009918455,1.6262911481180706,308.9953476554253,61.83128958324551,140.625,4,2.754551157486599
A2,semisynthetic,1,shrink,0.05,0.0,2.0,0.25,1.5511883388401981,296.204433211925,1.5448491562168576,297.4198878007547,61.855005563604514,140.625,4,2.643047049411596
A2,semisynthetic,1,shrink,0.1,0.0,2.0,0.25,1.4911370783417157,280.93650155063943,1.4652195197244215,285.9058512956153,61.897720244479025,140.625,4,2.533614560357584
A2,semisynthetic,1,shrink,0.15,0.0,2.0,0.25,1.431446488590055,266.0758916166949,1.3877142627355878,274.46096864521223,61.95329295596216,140.625,4,2.4265538470193473
A2,semisynthetic,1,shrink,0.25,0.0,2.0,0.25,1.3133437457872508,237.88008771817928,1.2406595296610385,251.81632670596534,62.108716503866866,139.6484375,4,2.221258351399695
A2,semisynthetic,1,gated,0.0,0.0,2.0,0.25,1.6115599517677999,311.81986009918455,1.6262911481180706,308.9953476554253,61.83128958324551,140.625,4,2.754551157486599
A2,semisynthetic,1,gated,0.0,1.0,2.0,0.25,1.6115599517677999,311.81986009918455,1.6262911481180706,308.9953476554253,61.83128958324551,140.625,4,2.754551157486599
A2,semisynthetic,1,gated,0.0,2.0,2.0,0.25,1.6115599517677999,311.81986009918455,1.6262911481180706,308.9953476554253,61.83128958324551,140.625,4,2.754551157486599
A2,semisynthetic,1,gated,0.05,0.0,2.0,0.25,1.5483751537352701,296.7181835491324,1.5475286123152514,296.8804966918091,61.72100600689623,140.625,4,2.6436210405609533
A2,semisynthetic,1,gated,0.05,1.0,2.0,0.25,1.589087279490502,304.1089963717603,1.58607527020617,304.6865093925652,61.657274399182825,140.625,4,2.7021913702192912
A2,semisynthetic,1,gated,0.05,2.0,2.0,0.25,1.601838951914643,308.63152264027633,1.609662428622826,307.1314742538248,61.62354348909969,140.625,4,2.7319784418632898
A2,semisynthetic,1,gated,0.1,0.0,2.0,0.25,1.4854637516002773,281.93702536035846,1.4704377345447022,284.8180657826342,61.622549955804516,140.625,4,2.534560965872072
A2,semisynthetic,1,gated,0.1,1.0,2.0,0.25,1.5667467998868718,296.53098044833877,1.5465522577443012,300.40301732989616,61.47480611975477,140.625,4,2.650546457764522
A2,semisynthetic,1,gated,0.1,2.0,2.0,0.25,1.5921974302921353,305.4805874454042,1.5932287799960698,305.2828397538138,61.41568758120104,140.625,4,2.7096399634920436
A2,semisynthetic,1,gated,0.15,0.0,2.0,0.25,1.4228620101692162,267.52951727487465,1.3952956224983146,272.8150082258199,61.52569430367384,140.625,4,2.427612834112732
A2,semisynthetic,1,gated,0.15,1.0,2.0,0.25,1.5445442491212473,289.09625944746534,1.5077765975005886,296.14597130121086,61.28981605659755,139.6484375,4,2.599704709626996
A2,semisynthetic,1,gated,0.15,2.0,2.0,0.25,1.582636839459851,302.3682238074571,1.5769963006648695,303.4497226645163,61.20191172128244,140.625,4,2.6875122444029382
A2,semisynthetic,1,gated,0.25,0.0,2.0,0.25,1.2987664114319746,240.10290892380948,1.2522526156479787,249.02131526871977,61.34414787044401,140.625,4,2.221575175575773
A2,semisynthetic,1,gated,0.25,1.0,2.0,0.25,1.5005773858187572,274.7030204722741,1.432708905754925,287.71590563932295,60.91900486635948,139.6484375,4,2.5007196268084027
A2,semisynthetic,1,gated,0.25,2.0,2.0,0.25,1.5637643751776558,296.26405867859035,1.5451601318186343,299.83117676084413,60.77425996642963,140.625,4,2.644009433001165
A2,semisynthetic,2,shrink,0.0,0.0,0.0,0.5,1.1784763711741352e-16,1.5404960916466082e-14,8.034431022958164e-17,2.259572879154813e-14,1.1842378929335004e-14,0.0,5,2.0103185358539229e-16
A2,semisynthetic,2,shrink,0.05,0.0,0.0,0.5,0.035859111129315197,9.40409006327895,0.04904687091178532,6.875511207549401,3.477340903270237,0.0,5,0.08511243849369694
A2,semisynthetic,2,shrink,0.1,0.0,0.0,0.5,0.07171822225863027,18.80818012655788,0.09809374182357053,13.751022415098777,6.956124503903914,0.0,5,0.1702324013508221
A2,semisynthetic,2,shrink,0.15,0.0,0.0,0.5,0.1075773333879454,28.212270189836826,0.14714061273535584,20.626533622648164,10.435852281527005,0.0,5,0.25535728854688994
A2,semisynthetic,2,shrink,0.25,0.0,0.0,0.5,0.17929555564657562,47.0204503163947,0.24523435455892634,34.377556037746935,17.400247202920877,0.0,5,0.42563282411870385
A2,semisynthetic,2,gated,0.0,0.0,0.0,0.5,1.1784763711741352e-16,1.5404960916466082e-14,8.034431022958164e-17,2.259572879154813e-14,1.1842378929335004e-14,0.0,5,2.0103185358539229e-16
A2,semisynthetic,2,gated,0.0,1.0,0.0,0.5,1.1784763711741352e-16,1.5404960916466082e-14,8.034431022958164e-17,2.259572879154813e-14,1.1842378929335004e-14,0.0,5,2.0103185358539229e-16
A2,semisynthetic,2,gated,0.0,2.0,0.0,0.5,1.1784763711741352e-16,1.5404960916466082e-14,8.034431022958164e-17,2.259572879154813e-14,1.1842378929335004e-14,0.0,5,2.0103185358539229e-16
A2,semisynthetic,2,gated,0.05,0.0,0.0,0.5,0.02884163037611489,8.55285531448295,0.044607270635853236,5.5300019060668255,2.6024346655665673,0.0,5,0.07260103931962546
A2,semisynthetic,2,gated,0.05,1.0,0.0,0.5,0.008690255582157943,2.5390254626102298,0.013242243882015661,1.666241793783602,0.4522725560265292,0.0,5,0.019946191455031292
A2,semisynthetic,2,gated,0.05,2.0,0.0,0.5,1.1784763711741352e-16,1.5404960916466082e-14,8.034431022958164e-17,2.259572879154813e-14,1.1842378929335004e-14,0.0,5,2.0103185358539229e-16
A2,semisynthetic,2,gated,0.1,0.0,0.0,0.5,0.057683260752229695,17.1057106289659,0.08921454127170647,11.060003812133635,5.204869331133128,0.0,5,0.14520207863925086
A2,semisynthetic,2,gated,0.1,1.0,0.0,0.5,0.017380511164315837,5.078050925220456,0.0264844877640313,3.3324835875671948,0.9046714285939692,0.0,5,0.039893041711821606
A2,semisynthetic,2,gated,0.1,2.0,0.0,0.5,1.1784763711741352e-16,1.5404960916466082e-14,8.034431022958164e-17,2.259572879154813e-14,1.1842378929335004e-14,0.0,5,2.0103185358539229e-16
A2,semisynthetic,2,gated,0.15,0.0,0.0,0.5,0.08652489112834452,25.65856594344885,0.13382181190755968,16.590005718200448,7.807303996699697,0.0,5,0.21780311795887622
A2,semisynthetic,2,gated,0.15,1.0,0.0,0.5,0.026070766746473698,7.61707638783068,0.03972673164604693,4.998725381350781,1.3586726685620925,0.0,5,0.059848249088389115
A2,semisynthetic,2,gated,0.15,2.0,0.0,0.5,1.1784763711741352e-16,1.5404960916466082e-14,8.034431022958164e-17,2.259572879154813e-14,1.1842378929335004e-14,0.0,5,2.0103185358539229e-16
A2,semisynthetic,2,gated,0.25,0.0,0.0,0.5,0.14420815188057415,42.764276572414744,0.22303635317926612,27.65000953033407,13.014208391928515,0.0,5,0.3630158104401178
A2,semisynthetic,2,gated,0.25,1.0,0.0,0.5,0.04345127791078948,12.695127313051135,0.06621121941007822,8.331208968917965,2.268446910410435,0.0,5,0.09976790443547896
A2,semisynthetic,2,gated,0.25,2.0,0.0,0.5,1.1784763711741352e-16,1.5404960916466082e-14,8.034431022958164e-17,2.259572879154813e-14,1.1842378929335004e-14,0.0,5,2.0103185358539229e-16
A2,semisynthetic,2,shrink,0.0,0.0,1.0,0.25,0.5406934006661883,114.20054868681292,0.5956110088065436,103.67082225552562,32.67423176541076,0.0,4,1.036369606171288
A2,semisynthetic,2,shrink,0.05,0.0,1.0,0.25,0.508686326313561,109.97391102413974,0.5735670523538615,97.53388825181435,28.51252377116957,0.0,4,0.976616795664997
A2,semisynthetic,2,shrink,0.1,0.0,1.0,0.25,0.4794561127822729,106.60223391370495,0.5559821280412527,91.92938065516239,27.638725295872927,0.0,4,0.9398594835810955
A2,semisynthetic,2,shrink,0.15,0.0,1.0,0.25,0.45353997623326425,104.16856929376397,0.543289391832471,86.9603035730085,27.05986865452137,0.0,4,0.9111896621834927
A2,semisynthetic,2,shrink,0.25,0.0,1.0,0.25,0.4140665203936186,102.35740367436209,0.5338432885160493,79.3917894777353,25.899084504143463,0.0,4,0.8759527810607693
A2,semisynthetic,2,gated,0.0,0.0,1.0,0.25,0.5406934006661883,114.20054868681292,0.5956110088065436,103.67082225552562,32.67423176541076,0.0,4,1.036369606171288
A2,semisynthetic,2,gated,0.0,1.0,1.0,0.25,0.5406934006661883,114.20054868681292,0.5956110088065436,103.67082225552562,32.67423176541076,0.0,4,1.036369606171288
A2,semisynthetic,2,gated,0.0,2.0,1.0,0.25,0.5406934006661883,114.20054868681292,0.5956110088065436,103.67082225552562,32.67423176541076,0.0,4,1.036369606171288
A2,semisynthetic,2,gated,0.05,0.0,1.0,0.25,0.5082230627171224,110.41010739915069,0.5758420270886198,97.44506357242177,29.32617576771928,0.0,4,0.9829037266758057
A2,semisynthetic,2,gated,0.05,1.0,1.0,0.25,0.5358002675415804,113.5559569103293,0.5922491514190392,102.73262856977166,32.339866888987096,0.0,4,1.028817307926249
A2,semisynthetic,2,gated,0.05,2.0,1.0,0.25,0.5406934006661883,114.20054868681292,0.5956110088065436,103.67082225552562,32.67423176541076,0.0,4,1.036369606171288
A2,semisynthetic,2,gated,0.1,0.0,1.0,0.25,0.47838175709546105,107.38218762145938,0.5600499632665633,91.72338713404774,27.564738661974094,0.0,4,0.9430042649390984
A2,semisynthetic,2,gated,0.1,1.0,1.0,0.25,0.5311612696420138,112.96727041950314,0.5891788670928814,101.84316195875483,32.00924461922042,0.0,4,1.0217031698560965
A2,semisynthetic,2,gated,0.1,2.0,1.0,0.25,0.5406934006661883,114.20054868681292,0.5956110088065436,103.67082225552562,32.67423176541076,0.0,4,1.036369606171288
A2,semisynthetic,2,gated,0.15,0.0,1.0,0.25,0.4516908518627238,105.18266267690731,0.5485783785309019,86.60575838397814,26.941016156345743,0.0,4,0.9149342135248376
A2,semisynthetic,2,gated,0.15,1.0,1.0,0.25,0.5267831209655717,112.43536734056099,0.5864047356803882,101.00370974298067,31.672948418005248,0.0,4,1.0149860170187281
A2,semisynthetic,2,gated,0.15,2.0,1.0,0.25,0.5406934006661883,114.20054868681292,0.5956110088065436,103.67082225552562,32.67423176541076,0.0,4,1.036369606171288
A2,semisynthetic,2,gated,0.25,0.0,1.0,0.25,0.41015479297166435,103.46041207891048,0.5395960099881401,78.64176738060257,25.689701468627522,0.0,4,0.8786576051806729
A2,semisynthetic,2,gated,0.25,1.0,1.0,0.25,0.5188353923514926,111.54507400704802,0.5817614260237802,99.47983769373766,30.994370676373276,0.0,4,1.0028297324475168
A2,semisynthetic,2,gated,0.25,2.0,1.0,0.25,0.5406934006661883,114.20054868681292,0.5956110088065436,103.67082225552562,32.67423176541076,0.0,4,1.036369606171288
A2,semisynthetic,2,shrink,0.0,0.0,2.0,0.25,1.083809344245202,228.5107901675193,1.1917941185038532,207.8061351362604,57.18243672840117,19.53125,4,2.03193281154366
A2,semisynthetic,2,shrink,0.05,0.0,2.0,0.25,1.024117386506539,218.3817435445399,1.138966249051962,196.36099019240746,51.8226313461206,20.5078125,4,1.9213049899057095
A2,semisynthetic,2,shrink,0.1,0.0,2.0,0.25,0.9657949036809776,208.69075211795763,1.0884230489859825,185.17842398564403,46.462805476518156,19.53125,4,1.8136464682589444
A2,semisynthetic,2,shrink,0.15,0.0,2.0,0.25,0.9091055046399784,199.5016630030963,1.0404975118440776,174.308980037353,44.188871897167495,19.53125,4,1.7255165698985
A2,semisynthetic,2,shrink,0.25,0.0,2.0,0.25,0.8020023738281701,182.9278514338232,0.954057081022538,153.7733684990566,40.961615053062445,20.5078125,4,1.5686928707878527
A2,semisynthetic,2,gated,0.0,0.0,2.0,0.25,1.083809344245202,228.5107901675193,1.1917941185038532,207.8061351362604,57.18243672840117,19.53125,4,2.03193281154366
A2,semisynthetic,2,gated,0.0,1.0,2.0,0.25,1.083809344245202,228.5107901675193,1.1917941185038532,207.8061351362604,57.18243672840117,19.53125,4,2.03193281154366
A2,semisynthetic,2,gated,0.0,2.0,2.0,0.25,1.083809344245202,228.5107901675193,1.1917941185038532,207.8061351362604,57.18243672840117,19.53125,4,2.03193281154366
A2,semisynthetic,2,gated,0.05,0.0,2.0,0.25,1.0245625478751894,218.7245117459009,1.1407539507447038,196.44634400857672,52.47277023865431,19.53125,4,1.9267060605591828
A2,semisynthetic,2,gated,0.05,1.0,2.0,0.25,1.0657597969248267,225.29595794355794,1.1750272160145439,204.34537269725558,56.43489357001503,20.5078125,4,2.0022423368348514
A2,semisynthetic,2,gated,0.05,2.0,2.0,0.25,1.0800045327929262,227.81906933887814,1.1881864603507446,207.07661276498922,57.24491473956052,19.53125,4,2.026748600663219
A2,semisynthetic,2,gated,0.1,0.0,2.0,0.25,0.9665510857485171,209.3321943042804,1.0917684797398621,185.3234119152546,47.766881014601324,19.53125,4,1.8241713737153162
A2,semisynthetic,2,gated,0.1,1.0,2.0,0.25,1.0478489316869604,222.16467025800628,1.1586960386366694,200.91120071692495,55.68488794369207,20.5078125,4,1.9730440853193159
A2,semisynthetic,2,gated,0.1,2.0,2.0,0.25,1.0762084065599762,227.13601051161828,1.1846239787177169,206.34875566987617,57.308131484861,19.53125,4,2.0216177617678026
A2,semisynthetic,2,gated,0.15,0.0,2.0,0.25,0.9100112390694012,200.38924078969617,1.045126658612197,174.4826426582167,44.14708559149832,19.53125,4,1.7303806481186734
A2,semisynthetic,2,gated,0.15,1.0,2.0,0.25,1.030083982674221,219.12050875811184,1.1428192663902017,197.50500624662251,54.923339852775484,20.5078125,4,1.9443129975210434
A2,semisynthetic,2,gated,0.15,2.0,2.0,0.25,1.0724210577774493,226.46169206532096,1.1811070823921357,205.62258153501662,57.3708970974852,19.53125,4,2.0165345440302853
A2,semisynthetic,2,gated,0.25,0.0,2.0,0.25,0.8025833065969927,184.11024545938,0.9602238368434759,153.88475468898386,40.89099286265772,19.53125,4,1.5747817641668105
A2,semisynthetic,2,gated,0.25,1.0,2.0,0.25,0.9950230315402837,213.3083787871671,1.112506201916205,190.78253168222494,53.38027381924136,20.5078125,4,1.8884216229691524
A2,semisynthetic,2,gated,0.25,2.0,2.0,0.25,1.0648730669633424,225.13958943898658,1.1742116787529082,204.17535393225415,57.49124539886921,19.53125,4,2.006492819491875
A2,semisynthetic,3,shrink,0.0,0.0,0.0,0.5,1.1784763711741352e-16,1.5404960916466082e-14,8.034431022958164e-17,2.259572879154813e-14,1.1842378929335004e-14,0.0,5,2.0103185358539229e-16
A2,semisynthetic,3,shrink,0.05,0.0,0.0,0.5,0.02826910096575325,9.269379454515613,0.0483442900353789,5.420226949197495,3.0695899770469524,0.0,5,0.0784882345524762
A2,semisynthetic,3,shrink,0.1,0.0,0.0,0.5,0.05653820193150637,18.538758909031205,0.09668858007075769,10.840453898394966,6.140622651457371,0.0,5,0.15698399346838074
A2,semisynthetic,3,shrink,0.15,0.0,0.0,0.5,0.08480730289725955,27.808138363546817,0.14503287010613658,16.260680847592447,9.212599502857191,0.0,5,0.2354846767232279
A2,semisynthetic,3,shrink,0.25,0.0,0.0,0.5,0.14134550482876584,46.34689727257802,0.24172145017689425,27.101134745987398,15.361492571804517,0.0,5,0.3925118044126004
A2,semisynthetic,3,gated,0.0,0.0,0.0,0.5,1.1784763711741352e-16,1.5404960916466082e-14,8.034431022958164e-17,2.259572879154813e-14,1.1842378929335004e-14,0.0,5,2.0103185358539229e-16
A2,semisynthetic,3,gated,0.0,1.0,0.0,0.5,1.1784763711741352e-16,1.5404960916466082e-14,8.034431022958164e-17,2.259572879154813e-14,1.1842378929335004e-14,0.0,5,2.0103185358539229e-16
A2,semisynthetic,3,gated,0.0,2.0,0.0,0.5,1.1784763711741352e-16,1.5404960916466082e-14,8.034431022958164e-17,2.259572879154813e-14,1.1842378929335004e-14,0.0,5,2.0103185358539229e-16
A2,semisynthetic,3,gated,0.05,0.0,0.0,0.5,0.02054364760209141,8.33408818333177,0.04346629440432911,3.938973245119093,1.8822140787153472,0.0,5,0.06355477354639227
A2,semisynthetic,3,gated,0.05,1.0,0.0,0.5,0.006620129704566816,2.475944723956591,0.012913247368270413,1.2693224830653822,0.3651637972147501,0.0,5,0.018127817760498047
A2,semisynthetic,3,gated,0.05,2.0,0.0,0.5,1.1784763711741352e-16,1.5404960916466082e-14,8.034431022958164e-17,2.259572879154813e-14,1.1842378929335004e-14,0.0,5,2.0103185358539229e-16
A2,semisynthetic,3,gated,0.1,0.0,0.0,0.5,0.04108729520418276,16.66817636666354,0.08693258880865821,7.877946490238173,3.764428157430672,0.0,5,0.1271095470927844
A2,semisynthetic,3,gated,0.1,1.0,0.0,0.5,0.013240259409133528,4.951889447913178,0.025826494736540806,2.5386449661307444,0.7303275944294949,0.0,5,0.036255635520996
A2,semisynthetic,3,gated,0.1,2.0,0.0,0.5,1.1784763711741352e-16,1.5404960916466082e-14,8.034431022958164e-17,2.259572879154813e-14,1.1842378929335004e-14,0.0,5,2.0103185358539229e-16
A2,semisynthetic,3,gated,0.15,0.0,0.0,0.5,0.0616309428062741,25.00226454999531,0.13039888321298732,11.816919735357253,5.64664223614601,0.0,5,0.19066432063917657
A2,semisynthetic,3,gated,0.15,1.0,0.0,0.5,0.019860389113700288,7.427834171869767,0.03873974210481121,3.807967449196116,1.0962765337505986,0.0,5,0.054387548176723484
A2,semisynthetic,3,gated,0.15,2.0,0.0,0.5,1.1784763711741352e-16,1.5404960916466082e-14,8.034431022958164e-17,2.259572879154813e-14,1.1842378929335004e-14,0.0,5,2.0103185358539229e-16
A2,semisynthetic,3,gated,0.25,0.0,0.0,0.5,0.10271823801045678,41.67044091665884,0.21733147202164546,19.694866225595412,9.41107039357667,0.0,5,0.31777386773196087
A2,semisynthetic,3,gated,0.25,1.0,0.0,0.5,0.03310064852283376,12.37972361978294,0.06456623684135199,6.34661241532685,1.8293647064635772,0.0,5,0.09065758144655008
A2,semisynthetic,3,gated,0.25,2.0,0.0,0.5,1.1784763711741352e-16,1.5404960916466082e-14,8.034431022958164e-17,2.259572879154813e-14,1.1842378929335004e-14,0.0,5,2.0103185358539229e-16
A2,semisynthetic,3,shrink,0.0,0.0,1.0,0.25,0.6285462045222823,138.90054709676429,0.7244334281349889,120.51543771040816,37.38628721540764,0.0,3,1.2336940720494343
A2,semisynthetic,3,shrink,0.05,0.0,1.0,0.25,0.5996321948100669,132.8998645603459,0.6931369709800796,114.97155802207396,37.236300319103435,0.0,3,1.1871583559455714
A2,semisynthetic,3,shrink,0.1,0.0,1.0,0.25,0.572178602261101,127.60255522559606,0.6655089447305438,109.70769404682895,37.08615078375083,0.0,3,1.145020431087531
A2,semisynthetic,3,shrink,0.15,0.0,1.0,0.25,0.5464056027508813,123.09945687780052,0.642023112302181,104.76606160240912,36.93600124839822,0.0,3,1.1078649965700365
A2,semisynthetic,3,shrink,0.25,0.0,1.0,0.25,0.5009231282141017,116.82757765750905,0.6093122334800903,96.04539749288911,38.09566054526761,0.0,3,1.0584610637117968
A2,semisynthetic,3,gated,0.0,0.0,1.0,0.25,0.6285462045222823,138.90054709676429,0.7244334281349889,120.51543771040816,37.38628721540764,0.0,3,1.2336940720494343
A2,semisynthetic,3,gated,0.0,1.0,1.0,0.25,0.6285462045222823,138.90054709676429,0.7244334281349889,120.51543771040816,37.38628721540764,0.0,3,1.2336940720494343
A2,semisynthetic,3,gated,0.0,2.0,1.0,0.25,0.6285462045222823,138.90054709676429,0.7244334281349889,120.51543771040816,37.38628721540764,0.0,3,1.2336940720494343
A2,semisynthetic,3,gated,0.05,0.0,1.0,0.25,0.6008538007514975,133.42527088896645,0.6958772187023673,115.2057848357623,37.14042368286973,0.0,3,1.1900093636818216
A2,semisynthetic,3,gated,0.05,1.0,1.0,0.25,0.6248319988261676,137.848134754188,0.7189445895589034,119.80328779685652,37.478844537456936,0.0,3,1.226830861755677
A2,semisynthetic,3,gated,0.05,2.0,1.0,0.25,0.6284543480626916,138.88959825533018,0.7243763246397185,120.4978254468157,37.38628721540764,0.0,3,1.2335910403243684
A2,semisynthetic,3,gated,0.1,0.0,1.0,0.25,0.5743234525015182,128.54626408782698,0.6704308421637559,110.11894076773409,36.89071054187556,0.0,3,1.149995438401548
A2,semisynthetic,3,gated,0.1,1.0,1.0,0.25,0.6214354919911189,136.88344535156767,0.713913268476065,119.15205244618984,37.57123922045783,0.0,3,1.2205831701445233
A2,semisynthetic,3,gated,0.1,2.0,1.0,0.25,0.6283630913527231,138.87955009159285,0.7243239186135735,120.48032817729636,37.38628721540764,0.0,3,1.2334930059432392
A2,semisynthetic,3,gated,0.15,0.0,1.0,0.25,0.5491236161982079,124.3337415234106,0.6484605027646589,105.2872048023053,36.63551060774061,0.0,3,1.1140941899583237
A2,semisynthetic,3,gated,0.15,1.0,1.0,0.25,0.6183619191596351,136.00834552372493,0.7093492002884658,118.56273542787675,37.663633903458724,0.0,3,1.2149641984303923
A2,semisynthetic,3,gated,0.15,2.0,1.0,0.25,0.6282724346537173,138.8704028010617,0.7242762110762301,120.46294595195883,37.38628721540764,0.0,3,1.233399970056393
A2,semisynthetic,3,gated,0.25,0.0,1.0,0.25,0.5035046376013159,118.18226743105339,0.6163775948283394,96.54036784115507,36.113851775466564,0.0,3,1.0564810900043824
A2,semisynthetic,3,gated,0.25,1.0,1.0,0.25,0.6132024894128226,134.5337288106855,0.7016583620380727,117.57348288001386,37.84292149673766,0.0,3,1.2056287166834583
A2,semisynthetic,3,gated,0.25,2.0,1.0,0.25,0.6280929223261167,138.85481153424186,0.7241948950907474,120.42852683276035,37.38628721540764,0.0,3,1.23322889790711
A2,semisynthetic,3,shrink,0.0,0.0,2.0,0.25,1.2572381839654363,278.19075827585885,1.4508991426279787,241.05882583761885,47.08960181456007,24.739583333333332,3,2.3251132476257896
A2,semisynthetic,3,shrink,0.05,0.0,2.0,0.25,1.196535928623358,265.05882126021424,1.3824097496836236,229.41996966455577,46.46056392174574,24.739583333333332,3,2.2229919906371913
A2,semisynthetic,3,shrink,0.1,0.0,2.0,0.25,1.1365697156568733,252.28311314567117,1.3157782624813241,217.92223990102295,45.8315260289314,24.739583333333332,3,2.123096660578446
A2,semisynthetic,3,shrink,0.15,0.0,2.0,0.25,1.0774624454736519,239.92054797776132,1.2513015152523008,206.58920107786707,45.20248813611707,24.739583333333332,3,2.0257855418846074
A2,semisynthetic,3,shrink,0.25,0.0,2.0,0.25,0.9624556433983282,216.71547892913898,1.1302758744440493,184.53816490572748,43.94441235048839,24.739583333333332,3,1.840695027292286
A2,semisynthetic,3,gated,0.0,0.0,2.0,0.25,1.2572381839654363,278.19075827585885,1.4508991426279787,241.05882583761885,47.08960181456007,24.739583333333332,3,2.3251132476257896
A2,semisynthetic,3,gated,0.0,1.0,2.0,0.25,1.2572381839654363,278.19075827585885,1.4508991426279787,241.05882583761885,47.08960181456007,24.739583333333332,3,2.3251132476257896
A2,semisynthetic,3,gated,0.0,2.0,2.0,0.25,1.2572381839654363,278.19075827585885,1.4508991426279787,241.05882583761885,47.08960181456007,24.739583333333332,3,2.3251132476257896
A2,semisynthetic,3,gated,0.05,0.0,2.0,0.25,1.200693257467551,265.3152597230619,1.3837472001014177,230.21708259238716,46.70225196200469,24.739583333333332,3,2.2276686253181026
A2,semisynthetic,3,gated,0.05,1.0,2.0,0.25,1.2328477345876399,272.0337160761185,1.4187871943228187,236.38227913099647,46.90216562660703,24.739583333333332,3,2.2798285043986874
A2,semisynthetic,3,gated,0.05,2.0,2.0,0.25,1.253014354916873,276.2804478451066,1.4409359512433702,240.2489623734231,47.0562034424444,24.739583333333332,3,2.312863953078254
A2,semisynthetic,3,gated,0.1,0.0,2.0,0.25,1.1446657281419337,252.75127874616115,1.3182199721648833,219.47454342513308,46.31490210944929,23.4375,3,2.132107416186575
A2,semisynthetic,3,gated,0.1,1.0,2.0,0.25,1.2087264970934317,265.9887048863552,1.387259541834425,231.75735024937094,46.71472943865399,24.739583333333332,3,2.2352626629301446
A2,semisynthetic,3,gated,0.1,2.0,2.0,0.25,1.2488625089536813,274.40689676363553,1.43116447761634,239.452900715648,47.022299375137685,24.739583333333332,3,2.3008397303863615
A2,semisynthetic,3,gated,0.15,0.0,2.0,0.25,1.089235439739591,240.5476326797023,1.2545720647919052,208.8465173211497,45.92631969706673,23.4375,3,2.03871771968554
A2,semisynthetic,3,gated,0.15,1.0,2.0,0.25,1.184890912917453,260.06353709221196,1.356356930526523,227.18719162080265,46.52729325070094,23.4375,3,2.1914646893012093
A2,semisynthetic,3,gated,0.15,2.0,2.0,0.25,1.2447833663524417,272.570863042925,1.4215886751427962,238.67077896782007,46.98722875567585,24.739583333333332,3,2.289041446396115
A2,semisynthetic,3,gated,0.25,0.0,2.0,0.25,0.9805707119992377,217.46234476351063,1.1341711404315464,188.0114901853733,45.137215791199424,22.135416666666668,3,1.8598688735279079
A2,semisynthetic,3,gated,0.25,1.0,2.0,0.25,1.1381482789661865,248.60683614707003,1.296604702660749,218.22490857805371,46.15242087479486,23.4375,3,2.1063860039937135
A2,semisynthetic,3,gated,0.25,2.0,2.0,0.25,1.2368460557437504,269.0144046936512,1.4030400274388468,237.14890443358928,46.91708751675217,24.739583333333332,3,2.2661583229556532
A2,semisynthetic,4,shrink,0.0,0.0,0.0,0.5,5.1122595638987934e-17,8.93365930137417e-15,7.407776433450402e-17,6.16530285631079e-15,3.1086244689504383e-15,0.0,6,1.254157280248312e-16
A2,semisynthetic,4,shrink,0.05,0.0,0.0,0.5,0.0073097129540861255,5.62707357548436,0.04665960679220519,0.8815396321596347,1.4823475845248655,0.0,6,0.06260606644370147
A2,semisynthetic,4,shrink,0.1,0.0,0.0,0.5,0.014619425908172225,11.254147150968706,0.09331921358441027,1.7630792643192663,2.963725100310936,0.0,6,0.1252040890924699
A2,semisynthetic,4,shrink,0.15,0.0,0.0,0.5,0.021929138862258345,16.881220726453066,0.13997882037661546,2.6446188964789004,4.4439771518488795,0.0,6,0.18779277940915293
A2,semisynthetic,4,shrink,0.25,0.0,0.0,0.5,0.03654856477043058,28.135367877421768,0.2332980339610257,4.407698160798168,7.384463348678477,3.2552083333333335,6,0.31280417187447274
A2,semisynthetic,4,gated,0.0,0.0,0.0,0.5,5.1122595638987934e-17,8.93365930137417e-15,7.407776433450402e-17,6.16530285631079e-15,3.1086244689504383e-15,0.0,6,1.254157280248312e-16
A2,semisynthetic,4,gated,0.0,1.0,0.0,0.5,5.1122595638987934e-17,8.93365930137417e-15,7.407776433450402e-17,6.16530285631079e-15,3.1086244689504383e-15,0.0,6,1.254157280248312e-16
A2,semisynthetic,4,gated,0.0,2.0,0.0,0.5,5.1122595638987934e-17,8.93365930137417e-15,7.407776433450402e-17,6.16530285631079e-15,3.1086244689504383e-15,0.0,6,1.254157280248312e-16
A2,semisynthetic,4,gated,0.05,0.0,0.0,0.5,0.011551031605204464,1.9874720668270114,0.01648008754544451,1.3930358437158794,0.7800037268515361,0.0,6,0.02872338215049728
A2,semisynthetic,4,gated,0.05,1.0,0.0,0.5,0.0038674533765567665,0.5991584068993319,0.004968212214954112,0.46640866041922824,0.2277475669338472,0.0,6,0.008790418195081817
A2,semisynthetic,4,gated,0.05,2.0,0.0,0.5,5.1122595638987934e-17,8.93365930137417e-15,7.407776433450402e-17,6.16530285631079e-15,3.1086244689504383e-15,0.0,6,1.254157280248312e-16
A2,semisynthetic,4,gated,0.1,0.0,0.0,0.5,0.023102063210408932,3.974944133654023,0.03296017509088903,2.7860716874317593,1.5600074537030695,0.0,6,0.05744676430099454
A2,semisynthetic,4,gated,0.1,1.0,0.0,0.5,0.007734906753113548,1.1983168137986642,0.009936424429908228,0.9328173208384583,0.45549513386768953,0.0,6,0.017580836390163605
A2,semisynthetic,4,gated,0.1,2.0,0.0,0.5,5.1122595638987934e-17,8.93365930137417e-15,7.407776433450402e-17,6.16530285631079e-15,3.1086244689504383e-15,0.0,6,1.254157280248312e-16
A2,semisynthetic,4,gated,0.15,0.0,0.0,0.5,0.034653094815613406,5.962416200481034,0.049440262636333526,4.17910753114764,2.340011180554601,0.0,6,0.08617014645149178
A2,semisynthetic,4,gated,0.15,1.0,0.0,0.5,0.011602360129670319,1.797475220697996,0.01490463664486234,1.399225981257687,0.6832427008015342,0.0,6,0.026371254585245404
A2,semisynthetic,4,gated,0.15,2.0,0.0,0.5,5.1122595638987934e-17,8.93365930137417e-15,7.407776433450402e-17,6.16530285631079e-15,3.1086244689504383e-15,0.0,6,1.254157280248312e-16
A2,semisynthetic,4,gated,0.25,0.0,0.0,0.5,0.05775515802602235,9.937360334135057,0.08240043772722255,6.9651792185794,3.900018634257671,0.6510416666666666,6,0.14361691075248634
A2,semisynthetic,4,gated,0.25,1.0,0.0,0.5,0.01933726688278387,2.9957920344966604,0.02484106107477057,2.3320433020961455,1.1387378346692218,0.0,6,0.043952090975409
A2,semisynthetic,4,gated,0.25,2.0,0.0,0.5,5.1122595638987934e-17,8.93365930137417e-15,7.407776433450402e-17,6.16530285631079e-15,3.1086244689504383e-15,0.0,6,1.254157280248312e-16
A2,semisynthetic,4,shrink,0.0,0.0,1.0,0.25,0.6688596447002271,102.05751737843454,0.8462593508307752,80.66339798279786,27.98520462992028,154.94791666666666,6,1.4127420558231922
A2,semisynthetic,4,shrink,0.05,0.0,1.0,0.25,0.6398284862399413,96.14749923876897,0.7972535721018452,77.16228693904033,26.831200972161522,154.94791666666666,6,1.3396517174366411
A2,semisynthetic,4,shrink,0.1,0.0,1.0,0.25,0.6108558640142219,90.59852329523211,0.7512415496621796,73.6682352710766,25.676521419470465,154.94791666666666,6,1.2695787989463447
A2,semisynthetic,4,shrink,0.15,0.0,1.0,0.25,0.581950520833098,85.48092941511791,0.708806540600161,70.1822973477424,24.519504190931283,154.296875,6,1.2030971493841256
A2,semisynthetic,4,shrink,0.25,0.0,1.0,0.25,0.5243861504609717,76.8779630676291,0.637470877109063,63.240126813538524,22.947264418250807,127.60416666666667,6,1.089942312902869
A2,semisynthetic,4,gated,0.0,0.0,1.0,0.25,0.6688596447002271,102.05751737843454,0.8462593508307752,80.66339798279786,27.98520462992028,154.94791666666666,6,1.4127420558231922
A2,semisynthetic,4,gated,0.0,1.0,1.0,0.25,0.6688596447002271,102.05751737843454,0.8462593508307752,80.66339798279786,27.98520462992028,154.94791666666666,6,1.4127420558231922
A2,semisynthetic,4,gated,0.0,2.0,1.0,0.25,0.6688596447002271,102.05751737843454,0.8462593508307752,80.66339798279786,27.98520462992028,154.94791666666666,6,1.4127420558231922
A2,semisynthetic,4,gated,0.05,0.0,1.0,0.25,0.6662558044010861,100.07372783682398,0.8298097987272965,80.34937902830197,27.66056838328709,154.94791666666666,6,1.3922987048493114
A2,semisynthetic,4,gated,0.05,1.0,1.0,0.25,0.6705637479224535,101.81133692726928,0.8442180263488379,80.86891009211315,27.985071336849824,154.94791666666666,6,1.411551677688296
A2,semisynthetic,4,gated,0.05,2.0,1.0,0.25,0.6688596447002271,102.05751737843454,0.8462593508307752,80.66339798279786,27.98520462992028,154.94791666666666,6,1.4127420558231922
A2,semisynthetic,4,gated,0.1,0.0,1.0,0.25,0.6636934868015724,98.16448916423904,0.8139784212732322,80.04036764463487,27.328984758917766,154.94791666666666,6,1.3724366823262484
A2,semisynthetic,4,gated,0.1,1.0,1.0,0.25,0.6722899861177286,101.57215408550509,0.8422347259354968,81.07709164359693,27.984318890517006,154.94791666666666,6,1.410425257099274
A2,semisynthetic,4,gated,0.1,2.0,1.0,0.25,0.6688596447002271,102.05751737843454,0.8462593508307752,80.66339798279786,27.98520462992028,154.94791666666666,6,1.4127420558231922
A2,semisynthetic,4,gated,0.15,0.0,1.0,0.25,0.6611731746544064,96.33423401159806,0.7988019739412305,79.73642205099864,26.9917647806689,154.94791666666666,6,1.3532038560924928
A2,semisynthetic,4,gated,0.15,1.0,1.0,0.25,0.6740381892204755,101.34001840045421,0.8403098604362961,81.287922127614,27.98207368069826,154.94791666666666,6,1.4093558759064606
A2,semisynthetic,4,gated,0.15,2.0,1.0,0.25,0.6688596447002271,102.05751737843454,0.8462593508307752,80.66339798279786,27.98520462992028,154.94791666666666,6,1.4127420558231922
A2,semisynthetic,4,gated,0.25,0.0,1.0,0.25,0.6562604944740313,92.92914183438971,0.7705670024327801,79.14396071820377,26.295349469594786,155.59895833333334,6,1.31673787953828
A2,semisynthetic,4,gated,0.25,1.0,1.0,0.25,0.6775998079808787,100.89708158625567,0.8366370352444703,81.71744762494336,27.976022625119707,154.94791666666666,6,1.4074136848358523
A2,semisynthetic,4,gated,0.25,2.0,1.0,0.25,0.6688596447002271,102.05751737843454,0.8462593508307752,80.66339798279786,27.98520462992028,154.94791666666666,6,1.4127420558231922
A2,semisynthetic,4,shrink,0.0,0.0,2.0,0.25,1.3466128960104904,204.43179251872735,1.6951452521088517,162.3993506266103,47.95525632651689,163.41145833333334,6,2.766095941618809
A2,semisynthetic,4,shrink,0.05,0.0,2.0,0.25,1.283679935646539,193.3584270755137,1.603325077640586,154.80973676920945,45.81290978808642,163.41145833333334,6,2.6250449827072355
A2,semisynthetic,4,shrink,0.1,0.0,2.0,0.25,1.2207763721797102,182.46363265489342,1.5129856113213995,147.22366813034714,43.672035751166646,162.76041666666666,6,2.485501640352985
A2,semisynthetic,4,shrink,0.15,0.0,2.0,0.25,1.157906996599475,171.78138884620006,1.4244086113789032,139.64172249565217,41.53038214285828,162.76041666666666,6,2.3477313941248616
A2,semisynthetic,4,shrink,0.25,0.0,2.0,0.25,1.0322957915300097,151.2339226297047,1.254029340275225,124.4932130798117,37.249466484570426,162.109375,6,2.079049234259993
A2,semisynthetic,4,gated,0.0,0.0,2.0,0.25,1.3466128960104904,204.43179251872735,1.6951452521088517,162.3993506266103,47.95525632651689,163.41145833333334,6,2.766095941618809
A2,semisynthetic,4,gated,0.0,1.0,2.0,0.25,1.3466128960104904,204.43179251872735,1.6951452521088517,162.3993506266103,47.95525632651689,163.41145833333334,6,2.766095941618809
A2,semisynthetic,4,gated,0.0,2.0,2.0,0.25,1.3466128960104904,204.43179251872735,1.6951452521088517,162.3993506266103,47.95525632651689,163.41145833333334,6,2.766095941618809
A2,semisynthetic,4,gated,0.05,0.0,2.0,0.25,1.3389236913642075,200.4932965000887,1.6624873042222315,161.47204490639112,47.30832317730809,163.41145833333334,6,2.7242290317720177
A2,semisynthetic,4,gated,0.05,1.0,2.0,0.25,1.3450952685098112,202.76271455218387,1.6813052835035454,162.21632718956053,47.66230981856662,163.41145833333334,6,2.7490680513638703
A2,semisynthetic,4,gated,0.05,2.0,2.0,0.25,1.3466180437473914,204.2464133705923,1.6936080910883988,162.39997143540577,47.953559147649344,163.41145833333334,6,2.7645472814859664
A2,semisynthetic,4,gated,0.1,0.0,2.0,0.25,1.331387361244106,196.61930262596903,1.6303642071173077,160.56317560828907,46.64573119494312,162.76041666666666,6,2.682843567168406
A2,semisynthetic,4,gated,0.1,1.0,2.0,0.25,1.343585777291704,201.10585478111855,1.6675666279855967,162.03428497511015,47.36704976403585,163.41145833333334,6,2.7321263584452224
A2,semisynthetic,4,gated,0.1,2.0,2.0,0.25,1.346623300863725,204.06173116362476,1.6920767090932947,162.40060543518496,47.95186196878182,163.41145833333334,6,2.763004455068189
A2,semisynthetic,4,gated,0.15,0.0,2.0,0.25,1.3240065161676235,192.81369884779903,1.5988081996270274,159.67305755651077,45.97089487716454,162.109375,6,2.6420014048619502
A2,semisynthetic,4,gated,0.15,1.0,2.0,0.25,1.3420844498096878,199.46151768309056,1.653931810278203,161.85322729410944,47.06932947661454,163.41145833333334,6,2.7152721849922115
A2,semisynthetic,4,gated,0.15,2.0,2.0,0.25,1.3466286673582102,203.87774779179253,1.6905511218282914,162.40125262579343,47.95016478991428,163.41145833333334,6,2.761467478069588
A2,semisynthetic,4,gated,0.25,0.0,2.0,0.25,1.30972174051234,185.42443011549665,1.5375364979323347,157.95033657475153,44.58450053972745,154.94791666666666,6,2.562091355001442
A2,semisynthetic,4,gated,0.25,1.0,2.0,0.25,1.3391063957370457,196.21166845630643,1.6269841109063057,161.49407876006464,46.4684981830658,163.41145833333334,6,2.681853374818895
A2,semisynthetic,4,gated,0.25,2.0,2.0,0.25,1.3466397284763785,203.5118851276542,1.6875173942930737,162.40258657886417,47.94677043217922,163.41145833333334,6,2.7584111351317735
A2,synthetic,0,shrink,0.0,0.0,0.0,0.5,0.0,3.028516668639827e-17,1.9845753815587645e-18,0.0,0.0,0.0,6,1.9845753815587645e-18
A2,synthetic,0,shrink,0.05,0.0,0.0,0.5,0.015806425999414793,0.2605688693090315,0.017074978275208118,0.24121041234145818,0.16809598823563685,0.0,6,0.03599345704662623
A2,synthetic,0,shrink,0.1,0.0,0.0,0.5,0.031612851998829544,0.521137738618062,0.03414995655041617,0.4824208246829158,0.3355119960878629,1.3020833333333333,6,0.07194235523898443
A2,synthetic,0,shrink,0.15,0.0,0.0,0.5,0.04741927799824426,0.7817066079270936,0.05122493482562429,0.7236312370243728,0.5020652490469381,1.953125,6,0.10783471743340689
A2,synthetic,0,shrink,0.25,0.0,0.0,0.5,0.07903212999707382,1.3028443465451556,0.08537489137604046,1.2060520617072887,0.8331222593651768,2.6041666666666665,6,0.17948513916001738
A2,synthetic,0,gated,0.0,0.0,0.0,0.5,0.0,3.028516668639827e-17,1.9845753815587645e-18,0.0,0.0,0.0,6,1.9845753815587645e-18
A2,synthetic,0,gated,0.0,1.0,0.0,0.5,0.0,3.028516668639827e-17,1.9845753815587645e-18,0.0,0.0,0.0,6,1.9845753815587645e-18
A2,synthetic,0,gated,0.0,2.0,0.0,0.5,0.0,3.028516668639827e-17,1.9845753815587645e-18,0.0,0.0,0.0,6,1.9845753815587645e-18
A2,synthetic,0,gated,0.05,0.0,0.0,0.5,0.013351741331626015,0.17510777135980649,0.011474745236134667,0.20375124852368512,0.0850584626259104,0.0,6,0.02372446440238971
A2,synthetic,0,gated,0.05,1.0,0.0,0.5,0.0014057284880567957,0.015803380624483446,0.0010355894837071652,0.02145180373203076,0.0021087325140414967,0.0,6,0.0018766381622805056
A2,synthetic,0,gated,0.05,2.0,0.0,0.5,0.0,3.028516668639827e-17,1.9845753815587645e-18,0.0,0.0,0.0,6,1.9845753815587645e-18
A2,synthetic,0,gated,0.1,0.0,0.0,0.5,0.026703482663252023,0.35021554271961297,0.022949490472269334,0.4075024970473701,0.16943694486841032,1.953125,6,0.047404369950511484
A2,synthetic,0,gated,0.1,1.0,0.0,0.5,0.0028114569761135367,0.03160676124896691,0.0020711789674143313,0.04290360746406069,0.00421746502808625,0.0,6,0.0037532763245611985
A2,synthetic,0,gated,0.1,2.0,0.0,0.5,0.0,3.028516668639827e-17,1.9845753815587645e-18,0.0,0.0,0.0,6,1.9845753815587645e-18
A2,synthetic,0,gated,0.15,0.0,0.0,0.5,0.04005522399487805,0.5253233140794195,0.034424235708404,0.6112537455710554,0.2532154338195909,1.953125,6,0.07104495816789565
A2,synthetic,0,gated,0.15,1.0,0.0,0.5,0.004217185464170315,0.047410141873450336,0.0031067684511214954,0.06435541119609119,0.006326197542131595,0.0,6,0.005629914486841947
A2,synthetic,0,gated,0.15,2.0,0.0,0.5,0.0,3.028516668639827e-17,1.9845753815587645e-18,0.0,0.0,0.0,6,1.9845753815587645e-18
A2,synthetic,0,gated,0.25,0.0,0.0,0.5,0.06675870665813007,0.8755388567990325,0.057373726180673344,1.0187562426184253,0.41912338947483124,4.557291666666667,6,0.11821807480595997
A2,synthetic,0,gated,0.25,1.0,0.0,0.5,0.00702864244028387,0.07901690312241724,0.005177947418535827,0.10725901866015214,0.010543662570220214,0.0,6,0.009383190811403309
A2,synthetic,0,gated,0.25,2.0,0.0,0.5,0.0,3.028516668639827e-17,1.9845753815587645e-18,0.0,0.0,0.0,6,1.9845753815587645e-18
A2,synthetic,0,shrink,0.0,0.0,1.0,0.25,0.9508124842171672,21.951523167872253,1.4384749114239443,14.50966027272201,5.795585017336136,20.833333333333332,6,2.293663621505597
A2,synthetic,0,shrink,0.05,0.0,1.0,0.25,0.9017984479415285,20.818234042233577,1.3642109087780254,13.761692585339441,5.413642205566451,20.182291666666668,6,2.1698640344520923
A2,synthetic,0,shrink,0.1,0.0,1.0,0.25,0.8530900701880908,19.68850706671157,1.2901803324658678,13.018389331155023,5.066533280436122,20.182291666666668,6,2.04873335425254
A2,synthetic,0,shrink,0.15,0.0,1.0,0.25,0.8047428543171643,18.562992620422154,1.2164258015820109,12.28059750672745,4.719251570760528,19.53125,6,1.9280479779174242
A2,synthetic,0,shrink,0.25,0.0,1.0,0.25,0.7094267747613537,16.328082922961663,1.0699730245009111,10.826047891698757,4.024699964036106,16.927083333333332,6,1.688423460103739
A2,synthetic,0,gated,0.0,0.0,1.0,0.25,0.9508124842171672,21.951523167872253,1.4384749114239443,14.50966027272201,5.795585017336136,20.833333333333332,6,2.293663621505597
A2,synthetic,0,gated,0.0,1.0,1.0,0.25,0.9508124842171672,21.951523167872253,1.4384749114239443,14.50966027272201,5.795585017336136,20.833333333333332,6,2.293663621505597
A2,synthetic,0,gated,0.0,2.0,1.0,0.25,0.9508124842171672,21.951523167872253,1.4384749114239443,14.50966027272201,5.795585017336136,20.833333333333332,6,2.293663621505597
A2,synthetic,0,gated,0.05,0.0,1.0,0.25,0.9026420789732956,20.845898165281657,1.3660237281731482,13.77456662714017,5.413946410304536,20.182291666666668,6,2.172118603783154
A2,synthetic,0,gated,0.05,1.0,1.0,0.25,0.9184660513221643,21.01895298513275,1.3773639442826673,14.016044801604895,5.519766330771734,20.182291666666668,6,2.19830514495361
A2,synthetic,0,gated,0.05,2.0,1.0,0.25,0.9343589346704365,21.192534649876738,1.3887386843363723,14.25857457689207,5.6408359094563565,20.182291666666668,6,2.2255599698342587
A2,synthetic,0,gated,0.1,0.0,1.0,0.25,0.8549627031652903,19.743982201958286,1.293815596845929,13.046966225932579,5.06680703233175,20.182291666666668,6,2.053322873978145
A2,synthetic,0,gated,0.1,1.0,1.0,0.25,0.8864607827648016,20.089076590267283,1.3164295000297508,13.527635592204465,5.278589825059114,20.182291666666668,6,2.105563862311007
A2,synthetic,0,gated,0.1,2.0,1.0,0.25,0.9182496837094279,20.436390762370795,1.339188864796023,14.012742972267421,5.49037261778648,20.182291666666668,6,2.158095722898878
A2,synthetic,0,gated,0.15,0.0,1.0,0.25,0.80786130205291,18.64643284951547,1.2218936078584277,12.328185877699632,4.719662198603971,20.182291666666668,6,1.9351019163471301
A2,synthetic,0,gated,0.15,1.0,1.0,0.25,0.854834999277164,19.16228614661739,1.2556972769788681,13.045017429442234,5.03733638769502,20.182291666666668,6,2.013209502103625
A2,synthetic,0,gated,0.15,2.0,1.0,0.25,0.902503168218924,19.6834193398377,1.2898469356711093,13.772446810785613,5.355010576786064,20.833333333333332,6,2.092010313290674
A2,synthetic,0,gated,0.25,0.0,1.0,0.25,0.7158475241962023,16.46792316871963,1.0791367022827154,10.924030295739895,4.048471052885527,20.833333333333332,6,1.7023552229570795
A2,synthetic,0,gated,0.25,1.0,1.0,0.25,0.7929029973390461,17.31994312824759,1.1349692441268817,12.099918029667833,4.553711672299689,20.833333333333332,6,1.8298237257861452
A2,synthetic,0,gated,0.25,2.0,1.0,0.25,0.8721764816864053,18.188568304502294,1.1918899194676402,13.30965322520657,5.083315044600708,20.833333333333332,6,1.9610858495860912
A2,synthetic,0,shrink,0.0,0.0,2.0,0.25,1.9180123285349673,43.97067159553315,2.881381280238821,29.269396172104212,11.786812203089587,36.458333333333336,6,4.612772736868383
A2,synthetic,0,shrink,0.05,0.0,2.0,0.25,1.8205518918152745,41.73572704515485,2.734926219259357,27.782123076402122,11.066652377692478,35.807291666666664,6,4.37039565980611
A2,synthetic,0,shrink,0.1,0.0,2.0,0.25,1.723242590558582,39.50255644716535,2.5885874047009647,26.29715634947378,10.345143666344898,35.15625,6,4.128122004916347
A2,synthetic,0,shrink,0.15,0.0,2.0,0.25,1.626111557606289,37.27147866913341,2.4423857318333817,24.81491004594876,9.62389641233691,35.15625,6,3.886091759068987
A2,synthetic,0,shrink,0.25,0.0,2.0,0.25,1.4325292847759272,32.81730857601119,2.1505056704284122,21.86079126836191,8.331321627086965,34.505208333333336,6,3.41271863029388
A2,synthetic,0,gated,0.0,0.0,2.0,0.25,1.9180123285349673,43.97067159553315,2.881381280238821,29.269396172104212,11.786812203089587,36.458333333333336,6,4.612772736868383
A2,synthetic,0,gated,0.0,1.0,2.0,0.25,1.9180123285349673,43.97067159553315,2.881381280238821,29.269396172104212,11.786812203089587,36.458333333333336,6,4.612772736868383
A2,synthetic,0,gated,0.0,2.0,2.0,0.25,1.9180123285349673,43.97067159553315,2.881381280238821,29.269396172104212,11.786812203089587,36.458333333333336,6,4.612772736868383
A2,synthetic,0,gated,0.05,0.0,2.0,0.25,1.8213388835563473,41.77146167940317,2.7372678961645085,27.794132787033767,11.068558577791174,35.807291666666664,6,4.373255745144682
A2,synthetic,0,gated,0.05,1.0,2.0,0.25,1.8373262090572562,41.94678007027009,2.7487564432163314,28.038103775570587,11.190803347744577,35.807291666666664,6,4.400748607933816
A2,synthetic,0,gated,0.05,2.0,2.0,0.25,1.8533381248674197,42.12233178275162,2.760260279744258,28.28245001899647,11.31307565860987,35.807291666666664,6,4.428270860099096
A2,synthetic,0,gated,0.1,0.0,2.0,0.25,1.7249398789032269,39.57547654983745,2.593365831119492,26.323057436885275,10.348675194534309,35.15625,6,4.133980495197785
A2,synthetic,0,gated,0.1,1.0,2.0,0.25,1.7568708588259048,39.92565635001247,2.6163129793964943,26.81033298126837,10.593539357011649,35.15625,6,4.188938988283502
A2,synthetic,0,gated,0.1,2.0,2.0,0.25,1.7889053051540933,40.27682016126901,2.6393246095430465,27.299187451484393,10.838416689178624,35.15625,6,4.244014559446247
A2,synthetic,0,gated,0.15,0.0,2.0,0.25,1.6288640408706045,37.383284506593085,2.4497123255693407,24.856913698335017,9.628961930521237,35.15625,6,3.8951265359049367
A2,synthetic,0,gated,0.15,1.0,2.0,0.25,1.676679498509187,37.90774314977449,2.4840798997247435,25.586590745741248,9.996897910399811,35.15625,6,3.977512542816574
A2,synthetic,0,gated,0.15,2.0,2.0,0.25,1.7247409224507488,38.434544137054885,2.51860096679244,26.320021306646726,10.364462678240118,35.15625,6,4.060150700409205
A2,synthetic,0,gated,0.25,0.0,2.0,0.25,1.4379407781495426,33.013300991160705,2.163348978378659,21.943372147055246,8.356841993052894,34.505208333333336,6,3.42994002474497
A2,synthetic,0,gated,0.25,1.0,2.0,0.25,1.5172560505922732,33.88384186027529,2.22039518833931,23.15374504043383,8.863476805045797,34.505208333333336,6,3.5598434562465324
A2,synthetic,0,gated,0.25,2.0,2.0,0.25,1.5973467332583522,34.76175576926888,2.2779245507812607,24.37595090729513,9.41472616361068,34.505208333333336,6,3.693541319502077
A2,synthetic,1,shrink,0.0,0.0,0.0,0.5,0.0,3.028516668639827e-17,1.9845753815587645e-18,0.0,0.0,0.0,6,1.9845753815587645e-18
A2,synthetic,1,shrink,0.05,0.0,0.0,0.5,0.01609109163893457,0.2575036543804869,0.01687411591412664,0.24555448837044494,0.16174406860243185,0.6510416666666666,6,0.03551868864288623
A2,synthetic,1,shrink,0.1,0.0,0.0,0.5,0.032182183277869085,0.515007308760973,0.03374823182825323,0.491108976740889,0.32289800887309905,1.3020833333333333,6,0.07099870640205866
A2,synthetic,1,shrink,0.15,0.0,0.0,0.5,0.0482732749168036,0.7725109631414598,0.05062234774237987,0.7366634651113332,0.48400702311794613,2.6041666666666665,6,0.10647578017595422
A2,synthetic,1,shrink,0.25,0.0,0.0,0.5,0.08045545819467265,1.2875182719024327,0.0843705795706331,1.2277724418522216,0.8057744938131304,2.6041666666666665,6,0.1774004028439184
A2,synthetic,1,gated,0.0,0.0,0.0,0.5,0.0,3.028516668639827e-17,1.9845753815587645e-18,0.0,0.0,0.0,6,1.9845753815587645e-18
A2,synthetic,1,gated,0.0,1.0,0.0,0.5,0.0,3.028516668639827e-17,1.9845753815587645e-18,0.0,0.0,0.0,6,1.9845753815587645e-18
A2,synthetic,1,gated,0.0,2.0,0.0,0.5,0.0,3.028516668639827e-17,1.9845753815587645e-18,0.0,0.0,0.0,6,1.9845753815587645e-18
A2,synthetic,1,gated,0.05,0.0,0.0,0.5,0.01332698074955192,0.13522804009314923,0.008861441709872988,0.2033733952245188,0.08984600979908919,0.6510416666666666,6,0.021412506718954696
A2,synthetic,1,gated,0.05,1.0,0.0,0.5,2.1120666256670464e-05,0.006771538649321887,0.000443736335938791,0.0003223071817048599,6.083396388027277e-05,0.0,6,0.0004582830954364963
A2,synthetic,1,gated,0.05,2.0,0.0,0.5,0.0,3.028516668639827e-17,1.9845753815587645e-18,0.0,0.0,0.0,6,1.9845753815587645e-18
A2,synthetic,1,gated,0.1,0.0,0.0,0.5,0.02665396149910383,0.27045608018629846,0.017722883419745976,0.4067467904490375,0.17969201959817335,0.6510416666666666,6,0.042825013437909065
A2,synthetic,1,gated,0.1,1.0,0.0,0.5,4.224133251332003e-05,0.013543077298643773,0.000887472671877582,0.0006446143634094008,0.00012166792775965736,0.0,6,0.000916566190872924
A2,synthetic,1,gated,0.1,2.0,0.0,0.5,0.0,3.028516668639827e-17,1.9845753815587645e-18,0.0,0.0,0.0,6,1.9845753815587645e-18
A2,synthetic,1,gated,0.15,0.0,0.0,0.5,0.03998094224865573,0.40568412027944767,0.026584325129618964,0.610120185673556,0.2694828045576451,1.3020833333333333,6,0.06423390129426047
A2,synthetic,1,gated,0.15,1.0,0.0,0.5,6.336199876998507e-05,0.02031461594796566,0.001331209007816373,0.000966921545114178,0.00018250189163993014,0.0,6,0.0013748492863094174
A2,synthetic,1,gated,0.15,2.0,0.0,0.5,0.0,3.028516668639827e-17,1.9845753815587645e-18,0.0,0.0,0.0,6,1.9845753815587645e-18
A2,synthetic,1,gated,0.25,0.0,0.0,0.5,0.06663490374775953,0.6761402004657462,0.04430720854936494,1.016866976122593,0.44868468734046996,4.557291666666667,6,0.10702679625425562
A2,synthetic,1,gated,0.25,1.0,0.0,0.5,0.00010560333128332884,0.03385769324660943,0.002218681679693955,0.001611535908523941,0.00030416981939840326,0.0,6,0.0022914154771822757
A2,synthetic,1,gated,0.25,2.0,0.0,0.5,0.0,3.028516668639827e-17,1.9845753815587645e-18,0.0,0.0,0.0,6,1.9845753815587645e-18
A2,synthetic,1,shrink,0.0,0.0,1.0,0.25,1.7083515505018765,26.006811012067114,1.7042163717256364,26.069914978628525,9.741358318659817,24.21875,5,3.196739629172787
A2,synthetic,1,shrink,0.05,0.0,1.0,0.25,1.6296484875035337,24.715078473477906,1.6195696328719953,24.86888456991571,9.508013745778223,21.875,5,3.057450378269779
A2,synthetic,1,shrink,0.1,0.0,1.0,0.25,1.5510905506003168,23.426322264866048,1.5351179317826036,23.670068825368475,9.270414480498074,21.875,5,2.9181499198141543
A2,synthetic,1,shrink,0.15,0.0,1.0,0.25,1.4727009642555675,22.141062118582706,1.4508953263195103,22.473822156691234,9.028451153587572,20.3125,5,2.778876756975734
A2,synthetic,1,shrink,0.25,0.0,1.0,0.25,1.316547070898186,19.58378164260601,1.2833177155070339,20.09087075408747,8.530765479870091,19.53125,5,2.500609047770999
A2,synthetic,1,gated,0.0,0.0,1.0,0.25,1.7083515505018765,26.006811012067114,1.7042163717256364,26.069914978628525,9.741358318659817,24.21875,5,3.196739629172787
A2,synthetic,1,gated,0.0,1.0,1.0,0.25,1.7083515505018765,26.006811012067114,1.7042163717256364,26.069914978628525,9.741358318659817,24.21875,5,3.196739629172787
A2,synthetic,1,gated,0.0,2.0,1.0,0.25,1.7083515505018765,26.006811012067114,1.7042163717256364,26.069914978628525,9.741358318659817,24.21875,5,3.196739629172787
A2,synthetic,1,gated,0.05,0.0,1.0,0.25,1.6274298020867277,24.76895802465852,1.6231003392389014,24.835026819639744,9.492418471773389,21.09375,5,3.0588497895917097
A2,synthetic,1,gated,0.05,1.0,1.0,0.25,1.6539610280009271,24.98727135283702,1.63740632807679,25.2399006312734,9.55538461819154,21.875,5,3.090547538861699
A2,synthetic,1,gated,0.05,2.0,1.0,0.25,1.6714267254641977,25.173493526848937,1.6496093958647704,25.506431982959267,9.60350465784917,22.65625,5,3.1146367431625266
A2,synthetic,1,gated,0.1,0.0,1.0,0.25,1.5467444953021927,23.535012321621252,1.5422403496015382,23.603746825027724,9.237660681822204,19.53125,5,2.920952966093047
A2,synthetic,1,gated,0.1,1.0,1.0,0.25,1.5996331854019403,23.97129726170721,1.5708299347408632,24.410842796478324,9.367534224987752,20.3125,5,2.984497459857843
A2,synthetic,1,gated,0.1,2.0,1.0,0.25,1.6345509778967118,24.344015704752355,1.5952540316586628,24.94369792299643,9.464426292002296,21.09375,5,3.0327297530898414
A2,synthetic,1,gated,0.15,0.0,1.0,0.25,1.466334661387001,22.305622364598584,1.4616788962568368,22.37667062224098,8.977206163810866,19.53125,5,2.7831191109123123
A2,synthetic,1,gated,0.15,1.0,1.0,0.25,1.5453746332789307,22.95936208312071,1.5045182097980383,23.58284235342268,9.174043153004977,19.53125,5,2.878377062963614
A2,synthetic,1,gated,0.15,2.0,1.0,0.25,1.597727705944771,23.51878380950313,1.5411769014137684,24.381764655373622,9.32408023529865,20.3125,5,2.9510441634894975
A2,synthetic,1,gated,0.25,0.0,1.0,0.25,1.3065446977767912,19.863890341105307,1.3016731313103695,19.938231786550208,8.440658579426229,17.1875,5,2.5080586063152333
A2,synthetic,1,gated,0.25,1.0,1.0,0.25,1.4370967840811277,20.949947333846026,1.3728420303651996,21.930492565215324,8.780518488920874,19.53125,5,2.666774438312803
A2,synthetic,1,gated,0.25,2.0,1.0,0.25,1.524253796158759,21.882976836846534,1.433983096587379,23.260532564293754,9.035371985600213,19.53125,5,2.7881944626680952
A2,synthetic,1,shrink,0.0,0.0,2.0,0.25,3.394494455265245,52.01151905063789,3.4082949364029536,51.800919909133,13.909440782247906,43.9453125,4,6.017022494771098
A2,synthetic,1,shrink,0.05,0.0,2.0,0.25,3.231393011289356,49.418958319381574,3.2384054239652342,49.31194697139439,13.703350812761878,42.96875,4,5.752077263524271
A2,synthetic,1,shrink,0.1,0.0,2.0,0.25,3.0683653449800934,46.82788669050256,3.068613491836357,46.82409990115987,13.488831247695684,39.84375,5,5.486714113247592
A2,synthetic,1,shrink,0.15,0.0,2.0,0.25,2.9054238756886783,44.23856581685472,2.8989362860276917,44.33756822114818,13.22698013588266,38.28125,5,5.218407169657492
A2,synthetic,1,shrink,0.25,0.0,2.0,0.25,2.579864849669762,39.06656859929047,2.560017287900522,39.36944785602493,12.629324576124192,36.71875,5,4.67754451843769
A2,synthetic,1,gated,0.0,0.0,2.0,0.25,3.394494455265245,52.01151905063789,3.4082949364029536,51.800919909133,13.909440782247906,43.9453125,4,6.017022494771098
A2,synthetic,1,gated,0.0,1.0,2.0,0.25,3.394494455265245,52.01151905063789,3.4082949364029536,51.800919909133,13.909440782247906,43.9453125,4,6.017022494771098
A2,synthetic,1,gated,0.0,2.0,2.0,0.25,3.394494455265245,52.01151905063789,3.4082949364029536,51.800919909133,13.909440782247906,43.9453125,4,6.017022494771098
A2,synthetic,1,gated,0.05,0.0,2.0,0.25,3.2320388923795633,49.493634976018946,3.243298956692799,49.32180329464534,13.69537345956183,42.96875,4,5.756770983895008
A2,synthetic,1,gated,0.05,1.0,2.0,0.25,3.2600883685145106,49.721887681590474,3.258256269127037,49.749846022629704,13.727125166689179,42.96875,4,5.787833711612066
A2,synthetic,1,gated,0.05,2.0,2.0,0.25,3.2881738171266695,49.951219419609295,3.2732842901445554,50.17843770051973,13.758873264110088,43.9453125,4,5.818984897608331
A2,synthetic,1,gated,0.1,0.0,2.0,0.25,3.069792732471473,46.97903991162465,3.0785185045638235,46.84588222724544,13.467983748688011,39.84375,5,5.495966691089986
A2,synthetic,1,gated,0.1,1.0,2.0,0.25,3.1257844686440537,47.43547384115471,3.108428445269559,47.70033153605202,13.537679693388009,39.84375,5,5.558439648462647
A2,synthetic,1,gated,0.1,2.0,2.0,0.25,3.1819327364784886,47.89642530867347,3.1386344185106427,48.55716956111247,13.605523228004534,40.625,5,5.6211655164778085
A2,synthetic,1,gated,0.15,0.0,2.0,0.25,2.907791027957163,44.46829182227171,2.9139901432369095,44.37369161645445,13.194864665033755,39.0625,5,5.232540088488157
A2,synthetic,1,gated,0.15,1.0,2.0,0.25,2.991596518333457,45.152766312789645,2.9588434946235127,45.65258647167931,13.309871881039435,39.0625,5,5.326832563909686
A2,synthetic,1,gated,0.15,2.0,2.0,0.25,3.0757794573627724,45.84787695722694,3.0043938291055503,46.93724129726283,13.421563817777944,40.625,5,5.421793497771676
A2,synthetic,1,gated,0.25,0.0,2.0,0.25,2.584704783238115,39.461272747066054,2.585882099634458,39.4433065747366,12.582132950862592,35.9375,5,4.70273684781462
A2,synthetic,1,gated,0.25,1.0,2.0,0.25,2.7236370035797433,40.600969813139464,2.6605660121644776,41.5634505059048,12.789297172144394,37.5,5,4.8604622626456315
A2,synthetic,1,gated,0.25,2.0,2.0,0.25,2.863775351024104,41.77319038131135,2.7373811773389054,43.70200026871369,12.990202250301337,39.0625,5,5.020511834419082
A2,synthetic,2,shrink,0.0,0.0,0.0,0.5,0.0,3.028516668639827e-17,1.9845753815587645e-18,0.0,0.0,0.0,6,1.9845753815587645e-18
A2,synthetic,2,shrink,0.05,0.0,0.0,0.5,0.01747263082207639,0.2641482172903849,0.017309531578459915,0.26663715665003307,0.1620927133736775,1.3020833333333333,6,0.036667720457209195
A2,synthetic,2,shrink,0.1,0.0,0.0,0.5,0.03494526164415272,0.5282964345807688,0.03461906315691977,0.5332743133000653,0.3235952984155868,1.3020833333333333,6,0.07329677003070435
A2,synthetic,2,shrink,0.15,0.0,0.0,0.5,0.0524178924662291,0.7924446518711536,0.051928594735379675,0.7999114699500981,0.4850529574316784,2.6041666666666665,6,0.10992287561892282
A2,synthetic,2,shrink,0.25,0.0,0.0,0.5,0.08736315411038183,1.3207410864519225,0.08654765789229944,1.3331857832501635,0.807517717669349,3.2552083333333335,6,0.1831455619155326
A2,synthetic,2,gated,0.0,0.0,0.0,0.5,0.0,3.028516668639827e-17,1.9845753815587645e-18,0.0,0.0,0.0,6,1.9845753815587645e-18
A2,synthetic,2,gated,0.0,1.0,0.0,0.5,0.0,3.028516668639827e-17,1.9845753815587645e-18,0.0,0.0,0.0,6,1.9845753815587645e-18
A2,synthetic,2,gated,0.0,2.0,0.0,0.5,0.0,3.028516668639827e-17,1.9845753815587645e-18,0.0,0.0,0.0,6,1.9845753815587645e-18
A2,synthetic,2,gated,0.05,0.0,0.0,0.5,0.015624147146913065,0.15056646542670016,0.009866562851323197,0.23842878686997607,0.09287863612790748,0.0,6,0.02376493790169991
A2,synthetic,2,gated,0.05,1.0,0.0,0.5,2.847322495210211e-06,0.009258740072123902,0.0006067216932189177,4.345092515943784e-05,9.955533314472595e-06,0.0,6,0.000608797736754221
A2,synthetic,2,gated,0.05,2.0,0.0,0.5,0.0,3.028516668639827e-17,1.9845753815587645e-18,0.0,0.0,0.0,6,1.9845753815587645e-18
A2,synthetic,2,gated,0.1,0.0,0.0,0.5,0.031248294293826105,0.3011329308534003,0.019733125702646393,0.47685757373995175,0.1857572722558123,0.6510416666666666,6,0.04752987580339964
A2,synthetic,2,gated,0.1,1.0,0.0,0.5,5.694644990389991e-06,0.018517480144247804,0.0012134433864378353,8.69018503184113e-05,1.991106662805701e-05,0.0,6,0.0012175954735083685
A2,synthetic,2,gated,0.1,2.0,0.0,0.5,0.0,3.028516668639827e-17,1.9845753815587645e-18,0.0,0.0,0.0,6,1.9845753815587645e-18
A2,synthetic,2,gated,0.15,0.0,0.0,0.5,0.04687244144073916,0.4516993962801005,0.02959968855396959,0.7152863606099277,0.2786359083837168,1.3020833333333333,6,0.07129481370509935
A2,synthetic,2,gated,0.15,1.0,0.0,0.5,8.541967485612188e-06,0.027776220216371703,0.0018201650796567529,0.00013035277547803205,2.9866599943417782e-05,0.0,6,0.0018263932102626531
A2,synthetic,2,gated,0.15,2.0,0.0,0.5,0.0,3.028516668639827e-17,1.9845753815587645e-18,0.0,0.0,0.0,6,1.9845753815587645e-18
A2,synthetic,2,gated,0.25,0.0,0.0,0.5,0.07812073573456527,0.7528323271335008,0.04933281425661599,1.1921439343498794,0.46421602254817174,1.3020833333333333,6,0.11881308040657813
A2,synthetic,2,gated,0.25,1.0,0.0,0.5,1.4236612476052721e-05,0.04629370036061949,0.003033608466094587,0.00021725462579721462,4.977766656940238e-05,0.0,6,0.0030439886837709106
A2,synthetic,2,gated,0.25,2.0,0.0,0.5,0.0,3.028516668639827e-17,1.9845753815587645e-18,0.0,0.0,0.0,6,1.9845753815587645e-18
A2,synthetic,2,shrink,0.0,0.0,1.0,0.25,1.1597816558527991,19.033882994335563,1.2472830675551008,17.698587362169675,6.777086510649451,12.369791666666666,6,2.2712737806496883
A2,synthetic,2,shrink,0.05,0.0,1.0,0.25,1.092505494055329,18.10007357079427,1.186090893438392,16.67193461166686,6.311694511172298,12.369791666666666,6,2.145946566033504
A2,synthetic,2,shrink,0.1,0.0,1.0,0.25,1.0254542051509132,17.170522548806982,1.1251777707456487,15.648713483420716,5.8424321982882,13.020833333333334,6,2.0207572191315863
A2,synthetic,2,shrink,0.15,0.0,1.0,0.25,0.9586749742297942,16.245960908325113,1.0645916003133102,14.629644034898645,5.371998590597712,11.71875,6,1.8959540989813632
A2,synthetic,2,shrink,0.25,0.0,1.0,0.25,0.8261963362401757,14.415641089481587,0.944651443124499,12.607983547126537,4.520971838791571,12.369791666666666,6,1.6540071654754451
A2,synthetic,2,gated,0.0,0.0,1.0,0.25,1.1597816558527991,19.033882994335563,1.2472830675551008,17.698587362169675,6.777086510649451,12.369791666666666,6,2.2712737806496883
A2,synthetic,2,gated,0.0,1.0,1.0,0.25,1.1597816558527991,19.033882994335563,1.2472830675551008,17.698587362169675,6.777086510649451,12.369791666666666,6,2.2712737806496883
A2,synthetic,2,gated,0.0,2.0,1.0,0.25,1.1597816558527991,19.033882994335563,1.2472830675551008,17.698587362169675,6.777086510649451,12.369791666666666,6,2.2712737806496883
A2,synthetic,2,gated,0.05,0.0,1.0,0.25,1.0934080706961455,18.131094467552888,1.1881236809299887,16.685708179689712,6.332250262669227,12.369791666666666,6,2.149777652373556
A2,synthetic,2,gated,0.05,1.0,1.0,0.25,1.1286154476702421,18.54471563395058,1.2152281176538964,17.22298244508642,6.56347530940107,12.369791666666666,6,2.209637866397346
A2,synthetic,2,gated,0.05,2.0,1.0,0.25,1.1471029614707358,18.765543802572182,1.2296989030234868,17.505106995389603,6.693880551840373,12.369791666666666,6,2.2418978142926864
A2,synthetic,2,gated,0.1,0.0,1.0,0.25,1.027206805651295,17.23196519684203,1.1292040839547122,15.675458649556479,5.883744316622358,13.020833333333334,6,2.0283669998934015
A2,synthetic,2,gated,0.1,1.0,1.0,0.25,1.0976002809999912,18.06073778371302,1.1835132343664099,16.749682463063458,6.349217138234173,13.020833333333334,6,2.1483751438237375
A2,synthetic,2,gated,0.1,2.0,1.0,0.25,1.1344763070581496,18.500926968072385,1.2123586631386536,17.312420772870627,6.610674593031298,12.369791666666666,6,2.2127917925672045
A2,synthetic,2,gated,0.15,0.0,1.0,0.25,0.9612134657771252,16.337099366276767,1.0705638685803796,14.668382114770697,5.432713912447444,13.020833333333334,6,1.9071742648246157
A2,synthetic,2,gated,0.15,1.0,1.0,0.25,1.0667493302771434,17.582377992919515,1.1521665003640258,16.278888461607366,6.1350519841427955,13.020833333333334,6,2.0875687738822903
A2,synthetic,2,gated,0.15,2.0,1.0,0.25,1.1219034496946494,18.240194496143264,1.1952729640463686,17.120555508131304,6.527377793035325,13.020833333333334,6,2.1839612573706053
A2,synthetic,2,gated,0.25,0.0,1.0,0.25,0.8300488029792786,14.563298308906043,0.9543273641987854,12.666773250169157,4.526108690904518,13.020833333333334,6,1.6659459358721558
A2,synthetic,2,gated,0.25,1.0,1.0,0.25,1.0056004540721102,16.64444456301751,1.0907040816889295,15.34573977611838,5.706021574113893,13.671875,6,1.967417718543379
A2,synthetic,2,gated,0.25,2.0,1.0,0.25,1.096926517618637,17.731065527429298,1.161909937591509,16.73940064837347,6.360221959637609,13.020833333333334,6,2.1271561070927207
A2,synthetic,2,shrink,0.0,0.0,2.0,0.25,2.3078792466650904,38.08704374348896,2.495829399005011,35.218872675137995,12.40636375592438,19.53125,5,4.462753290828587
A2,synthetic,2,shrink,0.05,0.0,2.0,0.25,2.1831620560176748,36.19959515807811,2.3721456156086127,33.31565401057428,11.731310853594573,19.53125,5,4.2324749537898105
A2,synthetic,2,shrink,0.1,0.0,2.0,0.25,2.0585565308229223,34.31427828333552,2.248601522396411,31.414139391560276,11.05570571721571,19.53125,5,4.002355951975689
A2,synthetic,2,shrink,0.15,0.0,2.0,0.25,1.934084253713517,32.43146488536648,2.1252214810589947,29.51465817501256,10.380484984793581,19.53125,5,3.7724928159231848
A2,synthetic,2,shrink,0.25,0.0,2.0,0.25,1.6856574879054675,28.675320462747763,1.8790827746784788,25.72359733561515,9.006298471905444,16.927083333333332,6,3.3120908104077817
A2,synthetic,2,gated,0.0,0.0,2.0,0.25,2.3078792466650904,38.08704374348896,2.495829399005011,35.218872675137995,12.40636375592438,19.53125,5,4.462753290828587
A2,synthetic,2,gated,0.0,1.0,2.0,0.25,2.3078792466650904,38.08704374348896,2.495829399005011,35.218872675137995,12.40636375592438,19.53125,5,4.462753290828587
A2,synthetic,2,gated,0.0,2.0,2.0,0.25,2.3078792466650904,38.08704374348896,2.495829399005011,35.218872675137995,12.40636375592438,19.53125,5,4.462753290828587
A2,synthetic,2,gated,0.05,0.0,2.0,0.25,2.186993188454077,36.230267712189004,2.374155576339829,33.374118146284246,11.77865752862476,19.53125,5,4.239503090232402
A2,synthetic,2,gated,0.05,1.0,2.0,0.25,2.2223949346993708,36.690362832503794,2.4043054334763974,33.91435854027028,11.946581336354134,19.53125,5,4.298357803340652
A2,synthetic,2,gated,0.05,2.0,2.0,0.25,2.2570601536657176,37.145468779595326,2.4341283520012102,34.44335932520984,12.112264256833319,19.53125,5,4.356370469713851
A2,synthetic,2,gated,0.1,0.0,2.0,0.25,2.066241674950819,34.37632255172718,2.2526672595571777,31.531416806711697,11.152196105284132,20.3125,5,4.016587239399619
A2,synthetic,2,gated,0.1,1.0,2.0,0.25,2.1370478607636643,35.29815772298895,2.313074765505057,32.61193869552291,11.487294130978439,20.3125,5,4.134356683621628
A2,synthetic,2,gated,0.1,2.0,2.0,0.25,2.206463455574795,36.21450403065908,2.373122588322594,33.6712397828111,11.817897776973686,20.3125,5,4.250776634230945
A2,synthetic,2,gated,0.15,0.0,2.0,0.25,1.945649756781659,32.52569233957896,2.131396170068748,29.691150935874898,10.526538138933555,18.229166666666668,6,3.794021063757146
A2,synthetic,2,gated,0.15,1.0,2.0,0.25,2.05185515020891,33.910979677489806,2.2221735191145986,31.311874478465896,11.028448248782155,20.3125,5,3.970791086912994
A2,synthetic,2,gated,0.15,2.0,2.0,0.25,2.1561048090832884,35.29498909350501,2.312867126427742,32.90275297335627,11.524468133954022,20.3125,5,4.146113516891067
A2,synthetic,2,gated,0.25,0.0,2.0,0.25,1.7050801157107653,28.836928599648694,1.8896728940353986,26.019991983073343,9.232084464140053,18.880208333333332,6,3.347187913320734
A2,synthetic,2,gated,0.25,1.0,2.0,0.25,1.8820166334038602,31.154388476891217,2.041535152802206,28.720091954603483,10.11382429826139,18.229166666666668,6,3.6452985047853197
A2,synthetic,2,gated,0.25,2.0,2.0,0.25,2.0561715521844257,33.49406911288198,2.194853529384971,31.37774396093993,10.93821490322388,20.3125,5,3.9397163415727685
A2,synthetic,3,shrink,0.0,0.0,0.0,0.5,0.0,3.028516668639827e-17,1.9845753815587645e-18,0.0,0.0,0.0,6,1.9845753815587645e-18
A2,synthetic,3,shrink,0.05,0.0,0.0,0.5,0.01290000422411713,0.2618859399500503,0.017161285410216016,0.19685761589755002,0.1789588837804071,0.0,6,0.03533839468134929
A2,synthetic,3,shrink,0.1,0.0,0.0,0.5,0.025800008448234327,0.5237718799000995,0.03432257082043197,0.3937152317951011,0.3572377871774055,1.3020833333333333,6,0.07063223050843075
A2,synthetic,3,shrink,0.15,0.0,0.0,0.5,0.03870001267235142,0.7856578198501497,0.051483856230647974,0.5905728476926506,0.5349285800035176,2.6041666666666665,6,0.10588752767489654
A2,synthetic,3,shrink,0.25,0.0,0.0,0.5,0.06450002112058575,1.3094296997502493,0.08580642705107994,0.9842880794877517,0.8880536728016825,3.90625,6,0.1762502548947559
A2,synthetic,3,gated,0.0,0.0,0.0,0.5,0.0,3.028516668639827e-17,1.9845753815587645e-18,0.0,0.0,0.0,6,1.9845753815587645e-18
A2,synthetic,3,gated,0.0,1.0,0.0,0.5,0.0,3.028516668639827e-17,1.9845753815587645e-18,0.0,0.0,0.0,6,1.9845753815587645e-18
A2,synthetic,3,gated,0.0,2.0,0.0,0.5,0.0,3.028516668639827e-17,1.9845753815587645e-18,0.0,0.0,0.0,6,1.9845753815587645e-18
A2,synthetic,3,gated,0.05,0.0,0.0,0.5,0.009903939385678953,0.14817024047536786,0.009709539147397977,0.15113684163092117,0.09639479635721344,0.0,6,0.02097822295120236
A2,synthetic,3,gated,0.05,1.0,0.0,0.5,0.0006417917776180243,0.014991042023663184,0.0009823572461113974,0.00979391921502891,0.0030500678879059606,0.0,6,0.0015031229162262422
A2,synthetic,3,gated,0.05,2.0,0.0,0.5,0.0,3.028516668639827e-17,1.9845753815587645e-18,0.0,0.0,0.0,6,1.9845753815587645e-18
A2,synthetic,3,gated,0.1,0.0,0.0,0.5,0.01980787877135793,0.2963404809507357,0.01941907829479595,0.30227368326184273,0.1927895927144269,0.0,6,0.041956445902404736
A2,synthetic,3,gated,0.1,1.0,0.0,0.5,0.0012835835552360332,0.029982084047326395,0.0019647144922227966,0.019587838430057587,0.006100135775811033,0.0,6,0.00300624583245242
A2,synthetic,3,gated,0.1,2.0,0.0,0.5,0.0,3.028516668639827e-17,1.9845753815587645e-18,0.0,0.0,0.0,6,1.9845753815587645e-18
A2,synthetic,3,gated,0.15,0.0,0.0,0.5,0.0297118181570369,0.4445107214261035,0.029128617442193926,0.4534105248927641,0.2888688892167117,1.3020833333333333,6,0.06291399426886864
A2,synthetic,3,gated,0.15,1.0,0.0,0.5,0.0019253753328540638,0.044973126070989605,0.0029470717383341958,0.02938175764508659,0.009150203663716994,0.0,6,0.004509368748678667
A2,synthetic,3,gated,0.15,2.0,0.0,0.5,0.0,3.028516668639827e-17,1.9845753815587645e-18,0.0,0.0,0.0,6,1.9845753815587645e-18
A2,synthetic,3,gated,0.25,0.0,0.0,0.5,0.04951969692839485,0.7408512023768392,0.04854769573698988,0.7556842081546071,0.48099482843892066,2.6041666666666665,6,0.10482695121193632
A2,synthetic,3,gated,0.25,1.0,0.0,0.5,0.0032089588880901613,0.07495521011831602,0.004911786230556993,0.04896959607514516,0.01525033943952625,0.0,6,0.007515614581131005
A2,synthetic,3,gated,0.25,2.0,0.0,0.5,0.0,3.028516668639827e-17,1.9845753815587645e-18,0.0,0.0,0.0,6,1.9845753815587645e-18
A2,synthetic,3,shrink,0.0,0.0,1.0,0.25,1.3212951303177096,23.20592873668671,1.52067562823484,20.163327447994583,10.697560727644932,9.375,5,2.882330253472017
A2,synthetic,3,shrink,0.05,0.0,1.0,0.25,1.255668821580497,22.08488485126591,1.4472140514936325,19.16185190940433,10.413518658734088,9.375,5,2.7574423543012645
A2,synthetic,3,shrink,0.1,0.0,1.0,0.25,1.1901895289144393,20.96720706759626,1.3739730541118298,18.162619876534183,10.124597455949472,8.59375,5,2.632528814750194
A2,synthetic,3,shrink,0.15,0.0,1.0,0.25,1.1248829259731674,19.853463891662177,1.3009898900689998,17.166023136406636,9.831009123566853,9.375,5,2.507653618184239
A2,synthetic,3,shrink,0.25,0.0,1.0,0.25,0.9949237324756083,17.64075990263909,1.155992244562749,15.182810065199382,9.203193060038366,11.71875,6,2.256535829577672
A2,synthetic,3,gated,0.0,0.0,1.0,0.25,1.3212951303177096,23.20592873668671,1.52067562823484,20.163327447994583,10.697560727644932,9.375,5,2.882330253472017
A2,synthetic,3,gated,0.0,1.0,1.0,0.25,1.3212951303177096,23.20592873668671,1.52067562823484,20.163327447994583,10.697560727644932,9.375,5,2.882330253472017
A2,synthetic,3,gated,0.0,2.0,1.0,0.25,1.3212951303177096,23.20592873668671,1.52067562823484,20.163327447994583,10.697560727644932,9.375,5,2.882330253472017
A2,synthetic,3,gated,0.05,0.0,1.0,0.25,1.2562370127157017,22.137345558467945,1.4506517815576734,19.170522662553495,10.421893334719096,9.375,5,2.7617129692448663
A2,synthetic,3,gated,0.05,1.0,1.0,0.25,1.2789388441043765,22.375092686062878,1.4662312598331924,19.516958859475636,10.496745185766057,9.375,5,2.7935483763648934
A2,synthetic,3,gated,0.05,2.0,1.0,0.25,1.3015102042161786,22.610452442375035,1.481654294582298,19.861404028793284,10.575521136703793,9.375,5,2.825419249083996
A2,synthetic,3,gated,0.1,0.0,1.0,0.25,1.1912557273708246,21.073133217355952,1.3809143541632112,18.178890358508543,10.141948367364463,9.375,5,2.6411402126138728
A2,synthetic,3,gated,0.1,1.0,1.0,0.25,1.2366986723186406,21.547706426566954,1.4120129549237772,18.872362209088724,10.293024423144793,9.375,5,2.7048602419605015
A2,synthetic,3,gated,0.1,2.0,1.0,0.25,1.2820270686720705,22.020368818270242,1.4429863405444125,19.564086016582756,10.45218921552321,9.375,5,2.7689278336833816
A2,synthetic,3,gated,0.15,0.0,1.0,0.25,1.1263645719890427,20.01398896263344,1.3115090365300832,17.188633462513664,9.857823524194508,7.8125,5,2.5206707250633964
A2,synthetic,3,gated,0.15,1.0,1.0,0.25,1.194586932319386,20.724183147690358,1.3580477896558223,18.229725463121447,10.086986257452836,9.375,5,2.6163376045545554
A2,synthetic,3,gated,0.15,2.0,1.0,0.25,1.2628596916476844,21.436123209746164,1.4047009494330782,19.27158656631313,10.327516768659267,9.375,5,2.712889016334224
A2,synthetic,3,gated,0.25,0.0,1.0,0.25,0.9969230294223481,17.914496407437582,1.1739300929517762,15.213319887023367,9.24675199326146,9.114583333333334,6,2.2783277266623516
A2,synthetic,3,gated,0.25,1.0,1.0,0.25,1.11080713230023,19.090722956443347,1.2510077685169914,16.951222649819204,9.668443685882492,7.8125,5,2.439980748884903
A2,synthetic,3,gated,0.25,2.0,1.0,0.25,1.2255312322842722,20.28715863264321,1.3294097404523566,18.701943999710572,10.07555800915088,9.375,5,2.6024228165963748
A2,synthetic,3,shrink,0.0,0.0,2.0,0.25,2.6398307414759854,46.44936545951619,3.0438091404457386,40.28454387390639,15.907880822560765,19.53125,4,5.406161852874304
A2,synthetic,3,shrink,0.05,0.0,2.0,0.25,2.5080981529115483,44.16516848561293,2.8941265870036483,38.274268305753786,15.581775009592443,17.578125,4,5.1692434160405245
A2,synthetic,3,shrink,0.1,0.0,2.0,0.25,2.3764392462925055,41.882658452958616,2.7445545781759377,36.26511714437293,15.237287095594562,17.578125,4,4.931267792748955
A2,synthetic,3,shrink,0.15,0.0,2.0,0.25,2.2448669857442707,39.602127048499824,2.595112228096576,34.257288225886704,14.87288714249992,16.6015625,4,4.692160322940298
A2,synthetic,3,shrink,0.25,0.0,2.0,0.25,1.9820514134270169,35.04854476270552,2.2967177237550116,30.24665023784639,14.054367264647013,15.625,4,4.208720738126224
A2,synthetic,3,gated,0.0,0.0,2.0,0.25,2.6398307414759854,46.44936545951619,3.0438091404457386,40.28454387390639,15.907880822560765,19.53125,4,5.406161852874304
A2,synthetic,3,gated,0.0,1.0,2.0,0.25,2.6398307414759854,46.44936545951619,3.0438091404457386,40.28454387390639,15.907880822560765,19.53125,4,5.406161852874304
A2,synthetic,3,gated,0.0,2.0,2.0,0.25,2.6398307414759854,46.44936545951619,3.0438091404457386,40.28454387390639,15.907880822560765,19.53125,4,5.406161852874304
A2,synthetic,3,gated,0.05,0.0,2.0,0.25,2.5080773141234878,44.21930748861289,2.897674295148973,38.27395030011096,15.569204914653417,18.5546875,4,5.171956991281566
A2,synthetic,3,gated,0.05,1.0,2.0,0.25,2.5302863263072695,44.47612101065357,2.914503186955015,38.61286594029077,15.613511775200294,19.53125,4,5.202793800793045
A2,synthetic,3,gated,0.05,2.0,2.0,0.25,2.5525365433088645,44.733655960159545,2.9313793536267365,38.95241037733431,15.657332801829801,19.53125,4,5.2336666510684555
A2,synthetic,3,gated,0.1,0.0,2.0,0.25,2.3764059617536444,41.99233029187125,2.7517413318038795,36.2646092131465,15.210942484376687,18.5546875,4,4.936711551817544
A2,synthetic,3,gated,0.1,1.0,2.0,0.25,2.420859729445003,42.50580264641752,2.7853889786699346,36.94298594646756,15.304727623002377,18.5546875,4,4.998731786767922
A2,synthetic,3,gated,0.1,2.0,2.0,0.25,2.4654828520293397,43.022279274743696,2.8192334944469253,37.62394708207973,15.396577915234056,18.5546875,4,5.060906778332072
A2,synthetic,3,gated,0.15,0.0,2.0,0.25,2.2448311268230783,39.768951423177214,2.6060441655185147,34.256741008877164,14.83644151752487,16.6015625,4,4.700686063046292
A2,synthetic,3,gated,0.15,1.0,2.0,0.25,2.3115676830442675,40.538837020533535,2.656494474045832,35.275159229729745,14.982491665881527,17.578125,4,4.794075260006511
A2,synthetic,3,gated,0.15,2.0,2.0,0.25,2.3786960734428293,41.3157738265673,2.7074068455789893,36.299556948002994,15.12557767448377,18.5546875,4,4.887928198117649
A2,synthetic,3,gated,0.25,0.0,2.0,0.25,1.9820478823982037,35.335704625474804,2.315535199654184,30.24659635337459,14.011794379631349,14.6484375,4,4.224746663650338
A2,synthetic,3,gated,0.25,1.0,2.0,0.25,2.0934715096872467,36.61712431906176,2.399506141721985,31.946951581303157,14.289819987232216,15.625,4,4.382648331016709
A2,synthetic,3,gated,0.25,2.0,2.0,0.25,2.2060491663717943,37.92000548604668,2.484883445927351,33.66491761551736,14.555205485185851,15.625,4,4.541705073671111
A2,synthetic,4,shrink,0.0,0.0,0.0,0.5,0.0,3.037037806755506e-17,2.0419874872535284e-18,0.0,0.0,0.0,6,2.0419874872535284e-18
A2,synthetic,4,shrink,0.05,0.0,0.0,0.5,0.023440876095297974,0.2563269702772299,0.017234440242641594,0.34863498120962005,0.10774073620646647,0.0,6,0.03619895127192137
A2,synthetic,4,shrink,0.1,0.0,0.0,0.5,0.04688175219059589,0.5126539405544591,0.03446888048528315,0.6972699624192393,0.2147141263150297,1.3020833333333333,6,0.07234630914165234
A2,synthetic,4,shrink,0.15,0.0,0.0,0.5,0.07032262828589383,0.768980910831689,0.05170332072792474,1.045904943628859,0.3216875164235926,1.3020833333333333,6,0.10849366701138337
A2,synthetic,4,shrink,0.25,0.0,0.0,0.5,0.11720438047648973,1.281634851386148,0.08617220121320787,1.7431749060480983,0.5337617637822071,1.953125,6,0.18066248083885575
A2,synthetic,4,gated,0.0,0.0,0.0,0.5,0.0,3.037037806755506e-17,2.0419874872535284e-18,0.0,0.0,0.0,6,2.0419874872535284e-18
A2,synthetic,4,gated,0.0,1.0,0.0,0.5,0.0,3.037037806755506e-17,2.0419874872535284e-18,0.0,0.0,0.0,6,2.0419874872535284e-18
A2,synthetic,4,gated,0.0,2.0,0.0,0.5,0.0,3.037037806755506e-17,2.0419874872535284e-18,0.0,0.0,0.0,6,2.0419874872535284e-18
A2,synthetic,4,gated,0.05,0.0,0.0,0.5,0.008888189961706264,0.13925030380257522,0.009362655194104477,0.13219360606187305,0.06056958179648101,1.3020833333333333,6,0.017879216044874597
A2,synthetic,4,gated,0.05,1.0,0.0,0.5,0.0010049940196172906,0.01575425755040552,0.0010592557233676649,0.014947225936463054,0.004883142095672828,0.0,6,0.001890076438454689
A2,synthetic,4,gated,0.05,2.0,0.0,0.5,0.0,3.037037806755506e-17,2.0419874872535284e-18,0.0,0.0,0.0,6,2.0419874872535284e-18
A2,synthetic,4,gated,0.1,0.0,0.0,0.5,0.01777637992341251,0.2785006076051504,0.01872531038820895,0.26438721212374583,0.12073892342420223,1.3020833333333333,6,0.035731521479196816
A2,synthetic,4,gated,0.1,1.0,0.0,0.5,0.00200998803923452,0.03150851510081099,0.0021185114467353267,0.0298944518729252,0.009766284191345362,0.0,6,0.003780152876909325
A2,synthetic,4,gated,0.1,2.0,0.0,0.5,0.0,3.037037806755506e-17,2.0419874872535284e-18,0.0,0.0,0.0,6,2.0419874872535284e-18
A2,synthetic,4,gated,0.15,0.0,0.0,0.5,0.026664569885118762,0.4177509114077256,0.028087965582313423,0.3965808181856187,0.1807247120873526,3.2552083333333335,6,0.053571485517700135
A2,synthetic,4,gated,0.15,1.0,0.0,0.5,0.0030149820588518247,0.04726277265121651,0.0031777671701029913,0.04484167780938846,0.014649426287018485,0.0,6,0.00567022931536404
A2,synthetic,4,gated,0.15,2.0,0.0,0.5,0.0,3.037037806755506e-17,2.0419874872535284e-18,0.0,0.0,0.0,6,2.0419874872535284e-18
A2,synthetic,4,gated,0.25,0.0,0.0,0.5,0.04444094980853126,0.696251519012876,0.04681327597052237,0.6609680303093644,0.3006962894136495,4.557291666666667,6,0.0892514135947065
A2,synthetic,4,gated,0.25,1.0,0.0,0.5,0.005024970098086303,0.07877128775202745,0.0052962786168383146,0.07473612968231304,0.024415710478365327,0.0,6,0.00945038219227344
A2,synthetic,4,gated,0.25,2.0,0.0,0.5,0.0,3.037037806755506e-17,2.0419874872535284e-18,0.0,0.0,0.0,6,2.0419874872535284e-18
A2,synthetic,4,shrink,0.0,0.0,1.0,0.25,1.3861322920281907,25.426212184153243,1.7095607770441532,20.615876455327207,6.974930746750257,16.927083333333332,6,2.8715944570692775
A2,synthetic,4,shrink,0.05,0.0,1.0,0.25,1.3106637498706804,24.165346829653913,1.6247850369703192,19.493436591303578,6.667597983105799,14.973958333333334,6,2.7284205721779724
A2,synthetic,4,shrink,0.1,0.0,1.0,0.25,1.235631034922949,22.907495828775673,1.540211970447757,18.377478763637043,6.357295559279454,13.020833333333334,6,2.5854676059066213
A2,synthetic,4,shrink,0.15,0.0,1.0,0.25,1.1611186411053687,21.653184506610412,1.4558768983164643,17.269259646191735,6.042804147449483,13.020833333333334,6,2.4427311431393792
A2,synthetic,4,shrink,0.25,0.0,1.0,0.25,1.0141128893231877,19.157960139150386,1.2881076026919642,15.082850430856679,5.403077390682708,9.114583333333334,6,2.1584462034036074
A2,synthetic,4,gated,0.0,0.0,1.0,0.25,1.3861322920281907,25.426212184153243,1.7095607770441532,20.615876455327207,6.974930746750257,16.927083333333332,6,2.8715944570692775
A2,synthetic,4,gated,0.0,1.0,1.0,0.25,1.3861322920281907,25.426212184153243,1.7095607770441532,20.615876455327207,6.974930746750257,16.927083333333332,6,2.8715944570692775
A2,synthetic,4,gated,0.0,2.0,1.0,0.25,1.3861322920281907,25.426212184153243,1.7095607770441532,20.615876455327207,6.974930746750257,16.927083333333332,6,2.8715944570692775
A2,synthetic,4,gated,0.05,0.0,1.0,0.25,1.3134317120679875,24.1985705595009,1.627018872863851,19.534604355030663,6.646387082971825,15.625,6,2.730612249773058
A2,synthetic,4,gated,0.05,1.0,1.0,0.25,1.3288908441879523,24.45490737707613,1.6442539752009602,19.76452725613085,6.718745073991795,15.625,6,2.7604419913653837
A2,synthetic,4,gated,0.05,2.0,1.0,0.25,1.3443533652303281,24.711717048352142,1.661520870403412,19.99450056050506,6.791103065011769,15.625,6,2.790305220284257
A2,synthetic,4,gated,0.1,0.0,1.0,0.25,1.2408159127383138,22.974126943109205,1.5446919904668752,18.45459319282412,6.314876469297507,14.973958333333334,6,2.5896879682684353
A2,synthetic,4,gated,0.1,1.0,1.0,0.25,1.2717312567320143,23.485844298969695,1.5790978985972677,18.91439556234796,6.461056861166143,15.625,6,2.649380156074305
A2,synthetic,4,gated,0.1,2.0,1.0,0.25,1.302660728950186,23.99955007715071,1.6136375006016335,19.374408060249806,6.606410203695352,15.625,6,2.7091574942477132
A2,synthetic,4,gated,0.15,0.0,1.0,0.25,1.1683007027814525,21.75342136443003,1.4626164393578691,17.3760780913432,5.980284399484844,14.973958333333334,6,2.448858127471577
A2,synthetic,4,gated,0.15,1.0,1.0,0.25,1.2146650862485453,22.519312353529077,1.5141120056251607,18.065653254538056,6.201032747429907,14.322916666666666,6,2.5383781559022736
A2,synthetic,4,gated,0.15,2.0,1.0,0.25,1.2610629418994472,23.28992484567357,1.5659250276092824,18.755726247853506,6.421147990805722,15.625,6,2.62818980862392
A2,synthetic,4,gated,0.25,0.0,1.0,0.25,1.0236575331029565,19.32605565901394,1.2994096993422344,15.224807441818385,5.302370797000389,13.020833333333334,6,2.1677494976684635
A2,synthetic,4,gated,0.25,1.0,1.0,0.25,1.1008710837392872,20.59526640360309,1.3847465513687007,16.37320072992697,5.675732773445819,14.973958333333334,6,2.316796549225397
A2,synthetic,4,gated,0.25,2.0,1.0,0.25,1.1781920787454894,21.879287993234026,1.4710792276876306,17.523192032790593,6.045582363329356,14.322916666666666,6,2.466656987887797
A2,synthetic,4,shrink,0.0,0.0,2.0,0.25,2.7622802650228104,50.96034368114941,3.426377633876581,41.08325663156875,12.692174813724229,33.203125,6,5.660890816206781
A2,synthetic,4,shrink,0.05,0.0,2.0,0.25,2.6179031176584533,48.422280228076964,3.2557280027952302,38.935942518656056,12.169166236953197,30.598958333333332,6,5.382887525018672
A2,synthetic,4,shrink,0.1,0.0,2.0,0.25,2.4737431013876354,45.885721784274914,3.085179562752447,36.79185778566962,11.639286060060277,29.296875,6,5.104631970435935
A2,synthetic,4,shrink,0.15,0.0,2.0,0.25,2.329840521835281,43.3509325347595,2.914750076533281,34.651601896158965,11.09961623269295,27.34375,6,4.82596586956643
A2,synthetic,4,shrink,0.25,0.0,2.0,0.25,2.0430251809873434,38.28806691317552,2.5743424521723237,30.385811634710105,9.982782806815598,24.088541666666668,6,4.267058987975596
A2,synthetic,4,gated,0.0,0.0,2.0,0.25,2.7622802650228104,50.96034368114941,3.426377633876581,41.08325663156875,12.692174813724229,33.203125,6,5.660890816206781
A2,synthetic,4,gated,0.0,1.0,2.0,0.25,2.7622802650228104,50.96034368114941,3.426377633876581,41.08325663156875,12.692174813724229,33.203125,6,5.660890816206781
A2,synthetic,4,gated,0.0,2.0,2.0,0.25,2.7622802650228104,50.96034368114941,3.426377633876581,41.08325663156875,12.692174813724229,33.203125,6,5.660890816206781
A2,synthetic,4,gated,0.05,0.0,2.0,0.25,2.6195244799804165,48.47321155441887,3.2591524294147494,38.96005695961609,12.137385734706008,31.25,6,5.384985833982145
A2,synthetic,4,gated,0.05,1.0,2.0,0.25,2.6346330918542313,48.733571862625524,3.276658055796906,39.18476659057513,12.19767725558578,31.25,6,5.414099536423864
A2,synthetic,4,gated,0.05,2.0,2.0,0.25,2.64974378258015,48.99413758222987,3.2941774932519077,39.40950714019783,12.257947011594945,31.901041666666668,6,5.443226625978237
A2,synthetic,4,gated,0.1,0.0,2.0,0.25,2.476844702466617,45.989532774333895,3.092159414707807,36.83798774384586,11.574663070903435,29.947916666666668,6,5.108817621529958
A2,synthetic,4,gated,0.1,1.0,2.0,0.25,2.507062893799259,46.50967888675119,3.1271320400316376,37.28742139660756,11.696721659165277,30.598958333333332,6,5.167106092840704
A2,synthetic,4,gated,0.1,2.0,2.0,0.25,2.5372897460482338,47.03069366788095,3.16216307130081,37.73698386274598,11.81820542994422,30.598958333333332,6,5.225418652036823
A2,synthetic,4,gated,0.15,0.0,2.0,0.25,2.33425487025203,43.50989872784262,2.9254383523410437,34.71725628002539,11.00192579434937,28.645833333333332,6,4.832292989999109
A2,synthetic,4,gated,0.15,1.0,2.0,0.25,2.3795820508756726,44.28909842250046,2.977828744815706,35.391405177053116,11.188781028334573,28.645833333333332,6,4.919910400507069
A2,synthetic,4,gated,0.15,2.0,2.0,0.25,2.4249296255298924,45.0703729346411,3.0303586400429774,36.0658573934806,11.374215942595526,29.947916666666668,6,5.007582013943921
A2,synthetic,4,gated,0.25,0.0,2.0,0.25,2.0494201273351327,38.56588441393261,2.5930218330817127,30.480923352835916,9.808893963842738,26.692708333333332,6,4.277244224630419
A2,synthetic,4,gated,0.25,1.0,2.0,0.25,2.124952747582232,39.860088719758075,2.6800391560984624,31.60431624709054,10.136526077559802,26.692708333333332,6,4.4240565817841135
A2,synthetic,4,gated,0.25,2.0,2.0,0.25,2.200548665535402,41.160885267796736,2.767499716143159,32.728650564971005,10.460629227933852,27.34375,6,4.571106550887812
B1,semisynthetic,0,shrink,0.0,0.0,0.0,0.5,8.275272354018833e-17,8.907692884556884e-15,1.4554113035899893e-16,5.0647940196587925e-15,3.2844097811827546e-15,0.0,6,2.405808501175819e-16
B1,semisynthetic,0,shrink,0.05,0.0,0.0,0.5,0.027443383007016424,2.913815313337112,0.04760828419395377,1.679643595846612,0.9298816029939746,0.6510416666666666,6,0.07652313753563118
B1,semisynthetic,0,shrink,0.1,0.0,0.0,0.5,0.054886766014032785,5.827630626674217,0.09521656838790742,3.3592871916932205,1.8822176295741302,1.3020833333333333,6,0.15341315370444436
B1,semisynthetic,0,shrink,0.15,0.0,0.0,0.5,0.0823301490210492,8.741445940011328,0.14282485258186117,5.038930787539831,2.8486752078402433,9.114583333333334,6,0.23053389926878504
B1,semisynthetic,0,shrink,0.25,0.0,0.0,0.5,0.13721691503508196,14.569076566685546,0.2380414209697686,8.398217979233051,4.8129344986053075,20.182291666666668,6,0.3852875163525809
B1,semisynthetic,0,gated,0.0,0.0,0.0,0.5,8.275272354018833e-17,8.907692884556884e-15,1.4554113035899893e-16,5.0647940196587925e-15,3.2844097811827546e-15,0.0,6,2.405808501175819e-16
B1,semisynthetic,0,gated,0.0,1.0,0.0,0.5,8.275272354018833e-17,8.907692884556884e-15,1.4554113035899893e-16,5.0647940196587925e-15,3.2844097811827546e-15,0.0,6,2.405808501175819e-16
B1,semisynthetic,0,gated,0.0,2.0,0.0,0.5,8.275272354018833e-17,8.907692884556884e-15,1.4554113035899893e-16,5.0647940196587925e-15,3.2844097811827546e-15,0.0,6,2.405808501175819e-16
B1,semisynthetic,0,gated,0.05,0.0,0.0,0.5,0.009363634073916278,0.45143204168743084,0.007375863815575157,0.573091444377814,0.2739991737773196,0.0,6,0.016534502178302053
B1,semisynthetic,0,gated,0.05,1.0,0.0,0.5,8.275272354018833e-17,8.907692884556884e-15,1.4554113035899893e-16,5.0647940196587925e-15,3.2844097811827546e-15,0.0,6,2.405808501175819e-16
B1,semisynthetic,0,gated,0.05,2.0,0.0,0.5,8.275272354018833e-17,8.907692884556884e-15,1.4554113035899893e-16,5.0647940196587925e-15,3.2844097811827546e-15,0.0,6,2.405808501175819e-16
B1,semisynthetic,0,gated,0.1,0.0,0.0,0.5,0.018727268147832554,0.9028640833748586,0.014751727631150263,1.1461828887556278,0.5479983475546369,0.0,6,0.033069004356604016
B1,semisynthetic,0,gated,0.1,1.0,0.0,0.5,8.275272354018833e-17,8.907692884556884e-15,1.4554113035899893e-16,5.0647940196587925e-15,3.2844097811827546e-15,0.0,6,2.405808501175819e-16
B1,semisynthetic,0,gated,0.1,2.0,0.0,0.5,8.275272354018833e-17,8.907692884556884e-15,1.4554113035899893e-16,5.0647940196587925e-15,3.2844097811827546e-15,0.0,6,2.405808501175819e-16
B1,semisynthetic,0,gated,0.15,0.0,0.0,0.5,0.028090902221748825,1.3542961250622862,0.022127591446725367,1.7192743331334415,0.8219975213319554,0.0,6,0.049603506534906
B1,semisynthetic,0,gated,0.15,1.0,0.0,0.5,8.275272354018833e-17,8.907692884556884e-15,1.4554113035899893e-16,5.0647940196587925e-15,3.2844097811827546e-15,0.0,6,2.405808501175819e-16
B1,semisynthetic,0,gated,0.15,2.0,0.0,0.5,8.275272354018833e-17,8.907692884556884e-15,1.4554113035899893e-16,5.0647940196587925e-15,3.2844097811827546e-15,0.0,6,2.405808501175819e-16
B1,semisynthetic,0,gated,0.25,0.0,0.0,0.5,0.04681817036958138,2.257160208437142,0.03687931907787559,2.8654572218890695,1.3699958688865899,0.0,6,0.08267251089150993
B1,semisynthetic,0,gated,0.25,1.0,0.0,0.5,8.275272354018833e-17,8.907692884556884e-15,1.4554113035899893e-16,5.0647940196587925e-15,3.2844097811827546e-15,0.0,6,2.405808501175819e-16
B1,semisynthetic,0,gated,0.25,2.0,0.0,0.5,8.275272354018833e-17,8.907692884556884e-15,1.4554113035899893e-16,5.0647940196587925e-15,3.2844097811827546e-15,0.0,6,2.405808501175819e-16
B1,semisynthetic,0,shrink,0.0,0.0,1.0,0.25,0.3787059498418886,39.7244106307837,0.6490497260039851,23.178302150223523,8.217698707863208,64.453125,6,0.9726701453005213
B1,semisynthetic,0,shrink,0.05,0.0,1.0,0.25,0.35302251945173174,37.41986252590745,0.6113961449367856,21.606374616246757,7.3603873176209165,63.802083333333336,6,0.9081673983523506
B1,semisynthetic,0,shrink,0.1,0.0,1.0,0.25,0.3296066862070905,35.36589222186391,0.5778367077572018,20.173232997346553,6.50480854989934,63.802083333333336,6,0.8489209028603188
B1,semisynthetic,0,shrink,0.15,0.0,1.0,0.25,0.3089744350310558,33.60847309139714,0.5491225648160931,18.910457611860544,5.649966658904154,63.151041666666664,6,0.7959235323322725
B1,semisynthetic,0,shrink,0.25,0.0,1.0,0.25,0.278462503754726,31.176023710481125,0.5093792286876861,17.043006723896166,4.512673434005683,77.47395833333333,6,0.7223422089753158
B1,semisynthetic,0,gated,0.0,0.0,1.0,0.25,0.3787059498418886,39.7244106307837,0.6490497260039851,23.178302150223523,8.217698707863208,64.453125,6,0.9726701453005213
B1,semisynthetic,0,gated,0.0,1.0,1.0,0.25,0.3787059498418886,39.7244106307837,0.6490497260039851,23.178302150223523,8.217698707863208,64.453125,6,0.9726701453005213
B1,semisynthetic,0,gated,0.0,2.0,1.0,0.25,0.3787059498418886,39.7244106307837,0.6490497260039851,23.178302150223523,8.217698707863208,64.453125,6,0.9726701453005213
B1,semisynthetic,0,gated,0.05,0.0,1.0,0.25,0.371282635273401,39.114286170158714,0.6390810163942294,22.72396593476032,8.013673218624605,63.802083333333336,6,0.955656244043509
B1,semisynthetic,0,gated,0.05,1.0,1.0,0.25,0.3787059498418886,39.7244106307837,0.6490497260039851,23.178302150223523,8.217698707863208,64.453125,6,0.9726701453005213
B1,semisynthetic,0,gated,0.05,2.0,1.0,0.25,0.3787059498418886,39.7244106307837,0.6490497260039851,23.178302150223523,8.217698707863208,64.453125,6,0.9726701453005213
B1,semisynthetic,0,gated,0.1,0.0,1.0,0.25,0.36430848027360196,38.52135205490972,0.6293931766269467,22.29712006160907,7.80964772938601,64.453125,6,0.9391477924133143
B1,semisynthetic,0,gated,0.1,1.0,1.0,0.25,0.3787059498418886,39.7244106307837,0.6490497260039851,23.178302150223523,8.217698707863208,64.453125,6,0.9726701453005213
B1,semisynthetic,0,gated,0.1,2.0,1.0,0.25,0.3787059498418886,39.7244106307837,0.6490497260039851,23.178302150223523,8.217698707863208,64.453125,6,0.9726701453005213
B1,semisynthetic,0,gated,0.15,0.0,1.0,0.25,0.35780974983466773,37.94641412010899,0.6199993730908777,21.8993720521855,7.605622240147409,59.244791666666664,6,0.9231710892947655
B1,semisynthetic,0,gated,0.15,1.0,1.0,0.25,0.3787059498418886,39.7244106307837,0.6490497260039851,23.178302150223523,8.217698707863208,64.453125,6,0.9726701453005213
B1,semisynthetic,0,gated,0.15,2.0,1.0,0.25,0.3787059498418886,39.7244106307837,0.6490497260039851,23.178302150223523,8.217698707863208,64.453125,6,0.9726701453005213
B1,semisynthetic,0,gated,0.25,0.0,1.0,0.25,0.3463436701212786,36.85386956814263,0.6021484917098612,21.197602618178884,7.1975712616702054,59.895833333333336,6,0.8929200993310289
B1,semisynthetic,0,gated,0.25,1.0,1.0,0.25,0.3787059498418886,39.7244106307837,0.6490497260039851,23.178302150223523,8.217698707863208,64.453125,6,0.9726701453005213
B1,semisynthetic,0,gated,0.25,2.0,1.0,0.25,0.3787059498418886,39.7244106307837,0.6490497260039851,23.178302150223523,8.217698707863208,64.453125,6,0.9726701453005213
B1,semisynthetic,0,shrink,0.0,0.0,2.0,0.25,0.7619051103907497,79.59375849540027,1.300467554401769,46.631606569184335,16.7062760089574,88.54166666666667,6,1.9543808330913777
B1,semisynthetic,0,shrink,0.05,0.0,2.0,0.25,0.7153432087124706,75.26509251993863,1.2297422894897463,43.7818340049066,15.446284126670767,88.54166666666667,6,1.839787845303083
B1,semisynthetic,0,shrink,0.1,0.0,2.0,0.25,0.6698530279914341,71.06049941575527,1.161044228048561,40.99765500254166,14.185312539049411,88.54166666666667,6,1.7277419142417616
B1,semisynthetic,0,shrink,0.15,0.0,2.0,0.25,0.6256683752710054,67.00334071498973,1.0947550697886286,38.29337947799717,12.92194991257297,88.54166666666667,6,1.618718583624716
B1,semisynthetic,0,shrink,0.25,0.0,2.0,0.25,0.5424837147457736,59.45108779649314,0.9713602198807872,33.20214920627164,10.392583206151379,88.54166666666667,6,1.412404553245578
B1,semisynthetic,0,gated,0.0,0.0,2.0,0.25,0.7619051103907497,79.59375849540027,1.300467554401769,46.631606569184335,16.7062760089574,88.54166666666667,6,1.9543808330913777
B1,semisynthetic,0,gated,0.0,1.0,2.0,0.25,0.7619051103907497,79.59375849540027,1.300467554401769,46.631606569184335,16.7062760089574,88.54166666666667,6,1.9543808330913777
B1,semisynthetic,0,gated,0.0,2.0,2.0,0.25,0.7619051103907497,79.59375849540027,1.300467554401769,46.631606569184335,16.7062760089574,88.54166666666667,6,1.9543808330913777
B1,semisynthetic,0,gated,0.05,0.0,2.0,0.25,0.7485340685574109,78.21195731499846,1.2778905629929456,45.813245918115086,16.36000425944279,88.54166666666667,6,1.9194606513234282
B1,semisynthetic,0,gated,0.05,1.0,2.0,0.25,0.7617574920384689,79.58612265775102,1.3003427938765564,46.62257174210144,16.70371691200475,88.54166666666667,6,1.9541404507828757
B1,semisynthetic,0,gated,0.05,2.0,2.0,0.25,0.7619051103907497,79.59375849540027,1.300467554401769,46.631606569184335,16.7062760089574,88.54166666666667,6,1.9543808330913777
B1,semisynthetic,0,gated,0.1,0.0,2.0,0.25,0.7354701576844944,76.84726669687484,1.2555931378654612,45.013682896719544,16.013732509928182,88.54166666666667,6,1.8849736013170295
B1,semisynthetic,0,gated,0.1,1.0,2.0,0.25,0.7616098914234867,79.57849187090133,1.3002181158754145,46.61353800061139,16.701157815052103,88.54166666666667,6,1.9539001598670933
B1,semisynthetic,0,gated,0.1,2.0,2.0,0.25,0.7619051103907497,79.59375849540027,1.300467554401769,46.631606569184335,16.7062760089574,88.54166666666667,6,1.9543808330913777
B1,semisynthetic,0,gated,0.15,0.0,2.0,0.25,0.7227300328612156,75.50061447853587,1.2335904387830423,44.23393686233903,15.667460760413569,88.54166666666667,6,1.8509431703805144
B1,semisynthetic,0,gated,0.15,1.0,2.0,0.25,0.7614623085561179,79.57086613630433,1.3000935204220858,46.60450534534548,16.698598718099458,88.54166666666667,6,1.9536599603729312
B1,semisynthetic,0,gated,0.15,2.0,2.0,0.25,0.7619051103907497,79.59375849540027,1.300467554401769,46.631606569184335,16.7062760089574,88.54166666666667,6,1.9543808330913777
B1,semisynthetic,0,gated,0.25,0.0,2.0,0.25,0.6982915830905699,72.86541244447578,1.1905343649228448,42.73820706695668,14.974917261384356,87.890625,6,1.784352532750081
B1,semisynthetic,0,gated,0.25,1.0,2.0,0.25,0.7611671961055118,79.55562982967871,1.299844577253801,46.586443296013286,16.693480524194168,88.54166666666667,6,1.9531798357650454
B1,semisynthetic,0,gated,0.25,2.0,2.0,0.25,0.7619051103907497,79.59375849540027,1.300467554401769,46.631606569184335,16.7062760089574,88.54166666666667,6,1.9543808330913777
B1,semisynthetic,1,shrink,0.0,0.0,0.0,0.5,8.275272354018833e-17,8.907692884556884e-15,1.4554113035899893e-16,5.0647940196587925e-15,3.2844097811827546e-15,0.0,6,2.405808501175819e-16
B1,semisynthetic,1,shrink,0.05,0.0,0.0,0.5,0.01509385483996898,3.0316009354192475,0.049532761474439246,0.9238036218825678,0.6570549723833733,0.6510416666666666,6,0.06781518737063036
B1,semisynthetic,1,shrink,0.1,0.0,0.0,0.5,0.030187709679937894,6.063201870838488,0.09906552294887838,1.8476072437651316,1.3113525822344554,7.161458333333333,6,0.13558532270983556
B1,semisynthetic,1,shrink,0.15,0.0,0.0,0.5,0.045281564519906836,9.094802806257734,0.1485982844233176,2.771410865647697,1.9633785783958118,13.020833333333334,6,0.20331834257723172
B1,semisynthetic,1,shrink,0.25,0.0,0.0,0.5,0.0754692741998447,15.15800467709622,0.24766380737219593,4.619018109412827,3.2690494841996247,13.020833333333334,6,0.33881083343702856
B1,semisynthetic,1,gated,0.0,0.0,0.0,0.5,8.275272354018833e-17,8.907692884556884e-15,1.4554113035899893e-16,5.0647940196587925e-15,3.2844097811827546e-15,0.0,6,2.405808501175819e-16
B1,semisynthetic,1,gated,0.0,1.0,0.0,0.5,8.275272354018833e-17,8.907692884556884e-15,1.4554113035899893e-16,5.0647940196587925e-15,3.2844097811827546e-15,0.0,6,2.405808501175819e-16
B1,semisynthetic,1,gated,0.0,2.0,0.0,0.5,8.275272354018833e-17,8.907692884556884e-15,1.4554113035899893e-16,5.0647940196587925e-15,3.2844097811827546e-15,0.0,6,2.405808501175819e-16
B1,semisynthetic,1,gated,0.05,0.0,0.0,0.5,8.275272354018833e-17,8.907692884556884e-15,1.4554113035899893e-16,5.0647940196587925e-15,3.2844097811827546e-15,0.0,6,2.405808501175819e-16
B1,semisynthetic,1,gated,0.05,1.0,0.0,0.5,8.275272354018833e-17,8.907692884556884e-15,1.4554113035899893e-16,5.0647940196587925e-15,3.2844097811827546e-15,0.0,6,2.405808501175819e-16
B1,semisynthetic,1,gated,0.05,2.0,0.0,0.5,8.275272354018833e-17,8.907692884556884e-15,1.4554113035899893e-16,5.0647940196587925e-15,3.2844097811827546e-15,0.0,6,2.405808501175819e-16
B1,semisynthetic,1,gated,0.1,0.0,0.0,0.5,8.275272354018833e-17,8.907692884556884e-15,1.4554113035899893e-16,5.0647940196587925e-15,3.2844097811827546e-15,0.0,6,2.405808501175819e-16
B1,semisynthetic,1,gated,0.1,1.0,0.0,0.5,8.275272354018833e-17,8.907692884556884e-15,1.4554113035899893e-16,5.0647940196587925e-15,3.2844097811827546e-15,0.0,6,2.405808501175819e-16
B1,semisynthetic,1,gated,0.1,2.0,0.0,0.5,8.275272354018833e-17,8.907692884556884e-15,1.4554113035899893e-16,5.0647940196587925e-15,3.2844097811827546e-15,0.0,6,2.405808501175819e-16
B1,semisynthetic,1,gated,0.15,0.0,0.0,0.5,8.275272354018833e-17,8.907692884556884e-15,1.4554113035899893e-16,5.0647940196587925e-15,3.2844097811827546e-15,0.0,6,2.405808501175819e-16
B1,semisynthetic,1,gated,0.15,1.0,0.0,0.5,8.275272354018833e-17,8.907692884556884e-15,1.4554113035899893e-16,5.0647940196587925e-15,3.2844097811827546e-15,0.0,6,2.405808501175819e-16
B1,semisynthetic,1,gated,0.15,2.0,0.0,0.5,8.275272354018833e-17,8.907692884556884e-15,1.4554113035899893e-16,5.0647940196587925e-15,3.2844097811827546e-15,0.0,6,2.405808501175819e-16
B1,semisynthetic,1,gated,0.25,0.0,0.0,0.5,8.275272354018833e-17,8.907692884556884e-15,1.4554113035899893e-16,5.0647940196587925e-15,3.2844097811827546e-15,0.0,6,2.405808501175819e-16
B1,semisynthetic,1,gated,0.25,1.0,0.0,0.5,8.275272354018833e-17,8.907692884556884e-15,1.4554113035899893e-16,5.0647940196587925e-15,3.2844097811827546e-15,0.0,6,2.405808501175819e-16
B1,semisynthetic,1,gated,0.25,2.0,0.0,0.5,8.275272354018833e-17,8.907692884556884e-15,1.4554113035899893e-16,5.0647940196587925e-15,3.2844097811827546e-15,0.0,6,2.405808501175819e-16
B1,semisynthetic,1,shrink,0.0,0.0,1.0,0.25,0.636286237146753,46.61665338822727,0.7616607931598844,38.94323462510581,10.248535103339444,82.8125,5,1.2472528126770548
B1,semisynthetic,1,shrink,0.05,0.0,1.0,0.25,0.6110258856035331,44.48417002575603,0.7268185457824634,37.39720119010416,10.466407959834195,82.8125,5,1.2033401734383746
B1,semisynthetic,1,shrink,0.1,0.0,1.0,0.25,0.5860976548454576,42.578529536696195,0.6956826417464723,35.871494860899666,10.67745942351415,32.8125,5,1.1631884844705207
B1,semisynthetic,1,shrink,0.15,0.0,1.0,0.25,0.5615457772930569,40.93142749769347,0.668770949158971,34.36882283659579,10.884222660056672,32.8125,5,1.1273791190117037
B1,semisynthetic,1,shrink,0.25,0.0,1.0,0.25,0.5137861135569605,38.54043682389001,0.6297049991028706,31.445742496478378,11.289889550471043,30.46875,5,1.0710614526439957
B1,semisynthetic,1,gated,0.0,0.0,1.0,0.25,0.636286237146753,46.61665338822727,0.7616607931598844,38.94323462510581,10.248535103339444,82.8125,5,1.2472528126770548
B1,semisynthetic,1,gated,0.0,1.0,1.0,0.25,0.636286237146753,46.61665338822727,0.7616607931598844,38.94323462510581,10.248535103339444,82.8125,5,1.2472528126770548
B1,semisynthetic,1,gated,0.0,2.0,1.0,0.25,0.636286237146753,46.61665338822727,0.7616607931598844,38.94323462510581,10.248535103339444,82.8125,5,1.2472528126770548
B1,semisynthetic,1,gated,0.05,0.0,1.0,0.25,0.636286237146753,46.61665338822727,0.7616607931598844,38.94323462510581,10.248535103339444,82.8125,5,1.2472528126770548
B1,semisynthetic,1,gated,0.05,1.0,1.0,0.25,0.636286237146753,46.61665338822727,0.7616607931598844,38.94323462510581,10.248535103339444,82.8125,5,1.2472528126770548
B1,semisynthetic,1,gated,0.05,2.0,1.0,0.25,0.636286237146753,46.61665338822727,0.7616607931598844,38.94323462510581,10.248535103339444,82.8125,5,1.2472528126770548
B1,semisynthetic,1,gated,0.1,0.0,1.0,0.25,0.636286237146753,46.61665338822727,0.7616607931598844,38.94323462510581,10.248535103339444,82.8125,5,1.2472528126770548
B1,semisynthetic,1,gated,0.1,1.0,1.0,0.25,0.636286237146753,46.61665338822727,0.7616607931598844,38.94323462510581,10.248535103339444,82.8125,5,1.2472528126770548
B1,semisynthetic,1,gated,0.1,2.0,1.0,0.25,0.636286237146753,46.61665338822727,0.7616607931598844,38.94323462510581,10.248535103339444,82.8125,5,1.2472528126770548
B1,semisynthetic,1,gated,0.15,0.0,1.0,0.25,0.636286237146753,46.61665338822727,0.7616607931598844,38.94323462510581,10.248535103339444,82.8125,5,1.2472528126770548
B1,semisynthetic,1,gated,0.15,1.0,1.0,0.25,0.636286237146753,46.61665338822727,0.7616607931598844,38.94323462510581,10.248535103339444,82.8125,5,1.2472528126770548
B1,semisynthetic,1,gated,0.15,2.0,1.0,0.25,0.636286237146753,46.61665338822727,0.7616607931598844,38.94323462510581,10.248535103339444,82.8125,5,1.2472528126770548
B1,semisynthetic,1,gated,0.25,0.0,1.0,0.25,0.636286237146753,46.61665338822727,0.7616607931598844,38.94323462510581,10.248535103339444,82.8125,5,1.2472528126770548
B1,semisynthetic,1,gated,0.25,1.0,1.0,0.25,0.636286237146753,46.61665338822727,0.7616607931598844,38.94323462510581,10.248535103339444,82.8125,5,1.2472528126770548
B1,semisynthetic,1,gated,0.25,2.0,1.0,0.25,0.636286237146753,46.61665338822727,0.7616607931598844,38.94323462510581,10.248535103339444,82.8125,5,1.2472528126770548
B1,semisynthetic,1,shrink,0.0,0.0,2.0,0.25,1.29094647940656,93.74289010593829,1.5316475731657844,79.0110310438616,12.268120349787047,140.625,3,2.377567339958448
B1,semisynthetic,1,shrink,0.05,0.0,2.0,0.25,1.2326285882608403,89.18900117552894,1.4572424324575595,75.44174542185414,12.37500590987031,108.3984375,4,2.275749636880644
B1,semisynthetic,1,shrink,0.1,0.0,2.0,0.25,1.1744801178807305,84.749120833034,1.3847000567739867,71.88282902086753,12.479664961943897,108.3984375,4,2.1758430307117695
B1,semisynthetic,1,shrink,0.15,0.0,2.0,0.25,1.1165275387512208,80.44212888322329,1.3143289197190362,68.3359019392906,12.581790700555738,108.3984375,4,2.0781642174613113
B1,semisynthetic,1,shrink,0.25,0.0,2.0,0.25,1.0013459942276774,72.32110709798737,1.1816410615259898,61.286335799094665,12.77629273440486,85.9375,4,1.8910635194105845
B1,semisynthetic,1,gated,0.0,0.0,2.0,0.25,1.29094647940656,93.74289010593829,1.5316475731657844,79.0110310438616,12.268120349787047,140.625,3,2.377567339958448
B1,semisynthetic,1,gated,0.0,1.0,2.0,0.25,1.29094647940656,93.74289010593829,1.5316475731657844,79.0110310438616,12.268120349787047,140.625,3,2.377567339958448
B1,semisynthetic,1,gated,0.0,2.0,2.0,0.25,1.29094647940656,93.74289010593829,1.5316475731657844,79.0110310438616,12.268120349787047,140.625,3,2.377567339958448
B1,semisynthetic,1,gated,0.05,0.0,2.0,0.25,1.29094647940656,93.74289010593829,1.5316475731657844,79.0110310438616,12.268120349787047,140.625,3,2.377567339958448
B1,semisynthetic,1,gated,0.05,1.0,2.0,0.25,1.29094647940656,93.74289010593829,1.5316475731657844,79.0110310438616,12.268120349787047,140.625,3,2.377567339958448
B1,semisynthetic,1,gated,0.05,2.0,2.0,0.25,1.29094647940656,93.74289010593829,1.5316475731657844,79.0110310438616,12.268120349787047,140.625,3,2.377567339958448
B1,semisynthetic,1,gated,0.1,0.0,2.0,0.25,1.29094647940656,93.74289010593829,1.5316475731657844,79.0110310438616,12.268120349787047,140.625,3,2.377567339958448
B1,semisynthetic,1,gated,0.1,1.0,2.0,0.25,1.29094647940656,93.74289010593829,1.5316475731657844,79.0110310438616,12.268120349787047,140.625,3,2.377567339958448
B1,semisynthetic,1,gated,0.1,2.0,2.0,0.25,1.29094647940656,93.74289010593829,1.5316475731657844,79.0110310438616,12.268120349787047,140.625,3,2.377567339958448
B1,semisynthetic,1,gated,0.15,0.0,2.0,0.25,1.29094647940656,93.74289010593829,1.5316475731657844,79.0110310438616,12.268120349787047,140.625,3,2.377567339958448
B1,semisynthetic,1,gated,0.15,1.0,2.0,0.25,1.29094647940656,93.74289010593829,1.5316475731657844,79.0110310438616,12.268120349787047,140.625,3,2.377567339958448
B1,semisynthetic,1,gated,0.15,2.0,2.0,0.25,1.29094647940656,93.74289010593829,1.5316475731657844,79.0110310438616,12.268120349787047,140.625,3,2.377567339958448
B1,semisynthetic,1,gated,0.25,0.0,2.0,0.25,1.29094647940656,93.74289010593829,1.5316475731657844,79.0110310438616,12.268120349787047,140.625,3,2.377567339958448
B1,semisynthetic,1,gated,0.25,1.0,2.0,0.25,1.29094647940656,93.74289010593829,1.5316475731657844,79.0110310438616,12.268120349787047,140.625,3,2.377567339958448
B1,semisynthetic,1,gated,0.25,2.0,2.0,0.25,1.29094647940656,93.74289010593829,1.5316475731657844,79.0110310438616,12.268120349787047,140.625,3,2.377567339958448
B1,semisynthetic,2,shrink,0.0,0.0,0.0,0.5,8.275272354018833e-17,8.907692884556884e-15,1.4554113035899893e-16,5.0647940196587925e-15,3.2844097811827546e-15,0.0,6,2.405808501175819e-16
B1,semisynthetic,2,shrink,0.05,0.0,0.0,0.5,0.01658269051123885,3.1025311049710664,0.050691676267182545,1.0149262542445137,0.9207096240533342,1.3020833333333333,6,0.07402632411010229
B1,semisynthetic,2,shrink,0.1,0.0,0.0,0.5,0.033165381022477625,6.205062209942125,0.10138335253436495,2.029852508489023,1.8433239616511512,1.953125,6,0.14808376897906608
B1,semisynthetic,2,shrink,0.15,0.0,0.0,0.5,0.04974807153371644,9.307593314913193,0.15207502880154752,3.044778762733534,2.767571808017614,26.692708333333332,6,0.22216790344271198
B1,semisynthetic,2,shrink,0.25,0.0,0.0,0.5,0.08291345255619403,15.512655524855314,0.2534583813359124,5.074631271222555,4.617255957855869,33.203125,6,0.37035559034868043
B1,semisynthetic,2,gated,0.0,0.0,0.0,0.5,8.275272354018833e-17,8.907692884556884e-15,1.4554113035899893e-16,5.0647940196587925e-15,3.2844097811827546e-15,0.0,6,2.405808501175819e-16
B1,semisynthetic,2,gated,0.0,1.0,0.0,0.5,8.275272354018833e-17,8.907692884556884e-15,1.4554113035899893e-16,5.0647940196587925e-15,3.2844097811827546e-15,0.0,6,2.405808501175819e-16
B1,semisynthetic,2,gated,0.0,2.0,0.0,0.5,8.275272354018833e-17,8.907692884556884e-15,1.4554113035899893e-16,5.0647940196587925e-15,3.2844097811827546e-15,0.0,6,2.405808501175819e-16
B1,semisynthetic,2,gated,0.05,0.0,0.0,0.5,0.00650931793897278,1.0415023664040743,0.017016912644217383,0.39839600630613886,0.19352735820690728,0.0,6,0.02343357897451607
B1,semisynthetic,2,gated,0.05,1.0,0.0,0.5,8.275272354018833e-17,8.907692884556884e-15,1.4554113035899893e-16,5.0647940196587925e-15,3.2844097811827546e-15,0.0,6,2.405808501175819e-16
B1,semisynthetic,2,gated,0.05,2.0,0.0,0.5,8.275272354018833e-17,8.907692884556884e-15,1.4554113035899893e-16,5.0647940196587925e-15,3.2844097811827546e-15,0.0,6,2.405808501175819e-16
B1,semisynthetic,2,gated,0.1,0.0,0.0,0.5,0.013018635877945552,2.0830047328081465,0.03403382528843473,0.7967920126122772,0.3870547164138098,0.0,6,0.04686715794903202
B1,semisynthetic,2,gated,0.1,1.0,0.0,0.5,8.275272354018833e-17,8.907692884556884e-15,1.4554113035899893e-16,5.0647940196587925e-15,3.2844097811827546e-15,0.0,6,2.405808501175819e-16
B1,semisynthetic,2,gated,0.1,2.0,0.0,0.5,8.275272354018833e-17,8.907692884556884e-15,1.4554113035899893e-16,5.0647940196587925e-15,3.2844097811827546e-15,0.0,6,2.405808501175819e-16
B1,semisynthetic,2,gated,0.15,0.0,0.0,0.5,0.01952795381691833,3.124507099212219,0.051050737932652086,1.1951880189184159,0.580582074620715,0.0,6,0.07030073692354802
B1,semisynthetic,2,gated,0.15,1.0,0.0,0.5,8.275272354018833e-17,8.907692884556884e-15,1.4554113035899893e-16,5.0647940196587925e-15,3.2844097811827546e-15,0.0,6,2.405808501175819e-16
B1,semisynthetic,2,gated,0.15,2.0,0.0,0.5,8.275272354018833e-17,8.907692884556884e-15,1.4554113035899893e-16,5.0647940196587925e-15,3.2844097811827546e-15,0.0,6,2.405808501175819e-16
B1,semisynthetic,2,gated,0.25,0.0,0.0,0.5,0.032546589694863876,5.207511832020364,0.08508456322108679,1.9919800315306928,0.967636791034522,0.0,6,0.11716789487257998
B1,semisynthetic,2,gated,0.25,1.0,0.0,0.5,8.275272354018833e-17,8.907692884556884e-15,1.4554113035899893e-16,5.0647940196587925e-15,3.2844097811827546e-15,0.0,6,2.405808501175819e-16
B1,semisynthetic,2,gated,0.25,2.0,0.0,0.5,8.275272354018833e-17,8.907692884556884e-15,1.4554113035899893e-16,5.0647940196587925e-15,3.2844097811827546e-15,0.0,6,2.405808501175819e-16
B1,semisynthetic,2,shrink,0.0,0.0,1.0,0.25,0.6680791332406579,34.874252797694865,0.5698039030287562,40.889085626926224,11.16840000111692,94.53125,5,1.0863218713553269
B1,semisynthetic,2,shrink,0.05,0.0,1.0,0.25,0.6434099096392506,33.68284542824872,0.5503377205374568,39.379231560245806,11.25462185220106,93.75,5,1.0559298397846097
B1,semisynthetic,2,shrink,0.1,0.0,1.0,0.25,0.6190786149011707,32.792010998567626,0.5357825431712413,37.89006007672194,11.34036416819747,93.75,5,1.0306099427364048
B1,semisynthetic,2,shrink,0.15,0.0,1.0,0.25,0.5951266983504254,32.22668515001477,0.5265457897171356,36.42410803894198,11.42610648419388,92.96875,5,1.0107981586939767
B1,semisynthetic,2,shrink,0.25,0.0,1.0,0.25,0.5485590274338953,32.13144503967318,0.5249896793421741,33.573982374462325,11.594309627789821,91.40625,5,0.9887064526088146
B1,semisynthetic,2,gated,0.0,0.0,1.0,0.25,0.6680791332406579,34.874252797694865,0.5698039030287562,40.889085626926224,11.16840000111692,94.53125,5,1.0863218713553269
B1,semisynthetic,2,gated,0.0,1.0,1.0,0.25,0.6680791332406579,34.874252797694865,0.5698039030287562,40.889085626926224,11.16840000111692,94.53125,5,1.0863218713553269
B1,semisynthetic,2,gated,0.0,2.0,1.0,0.25,0.6680791332406579,34.874252797694865,0.5698039030287562,40.889085626926224,11.16840000111692,94.53125,5,1.0863218713553269
B1,semisynthetic,2,gated,0.05,0.0,1.0,0.25,0.6636204633345109,34.50645688396172,0.5637945542871817,40.61619739183001,11.161928737832314,94.53125,5,1.0779774548985037
B1,semisynthetic,2,gated,0.05,1.0,1.0,0.25,0.6680791332406579,34.874252797694865,0.5698039030287562,40.889085626926224,11.16840000111692,94.53125,5,1.0863218713553269
B1,semisynthetic,2,gated,0.05,2.0,1.0,0.25,0.6680791332406579,34.874252797694865,0.5698039030287562,40.889085626926224,11.16840000111692,94.53125,5,1.0863218713553269
B1,semisynthetic,2,gated,0.1,0.0,1.0,0.25,0.6592101004159352,34.17354285869286,0.5583551342063665,40.346265735457656,11.15508586386584,93.75,5,1.0702210489186998
B1,semisynthetic,2,gated,0.1,1.0,1.0,0.25,0.6680791332406579,34.874252797694865,0.5698039030287562,40.889085626926224,11.16840000111692,94.53125,5,1.0863218713553269
B1,semisynthetic,2,gated,0.1,2.0,1.0,0.25,0.6680791332406579,34.874252797694865,0.5698039030287562,40.889085626926224,11.16840000111692,94.53125,5,1.0863218713553269
B1,semisynthetic,2,gated,0.15,0.0,1.0,0.25,0.6548490205183313,33.87653911910359,0.5535024455763383,40.07935039491407,11.148352507584441,93.75,5,1.0630778052891707
B1,semisynthetic,2,gated,0.15,1.0,1.0,0.25,0.6680791332406579,34.874252797694865,0.5698039030287562,40.889085626926224,11.16840000111692,94.53125,5,1.0863218713553269
B1,semisynthetic,2,gated,0.15,2.0,1.0,0.25,0.6680791332406579,34.874252797694865,0.5698039030287562,40.889085626926224,11.16840000111692,94.53125,5,1.0863218713553269
B1,semisynthetic,2,gated,0.25,0.0,1.0,0.25,0.6462786892577699,33.393979458335245,0.5456179934062775,39.554812220724486,11.13433223176208,92.96875,5,1.050679112820722
B1,semisynthetic,2,gated,0.25,1.0,1.0,0.25,0.6680791332406579,34.874252797694865,0.5698039030287562,40.889085626926224,11.16840000111692,94.53125,5,1.0863218713553269
B1,semisynthetic,2,gated,0.25,2.0,1.0,0.25,0.6680791332406579,34.874252797694865,0.5698039030287562,40.889085626926224,11.16840000111692,94.53125,5,1.0863218713553269
B1,semisynthetic,2,shrink,0.0,0.0,2.0,0.25,1.336159524937597,69.77637626595082,1.1400631797384297,81.77824827635483,16.708335130608397,92.7734375,4,2.0811373093055376
B1,semisynthetic,2,shrink,0.05,0.0,2.0,0.25,1.2780172688892242,66.77005173618383,1.0909434047350914,78.21971221705212,16.5160772433893,93.75,4,1.9998051405665722
B1,semisynthetic,2,shrink,0.1,0.0,2.0,0.25,1.220047486755659,63.918600035217274,1.0443540679560643,74.67173224357829,16.32241554799028,93.75,4,1.9210667104496584
B1,semisynthetic,2,shrink,0.15,0.0,2.0,0.25,1.162275985797112,61.243657219631984,1.0006486768888765,71.13588786234217,16.12875385259126,93.75,4,1.8453113666320928
B1,semisynthetic,2,shrink,0.25,0.0,2.0,0.25,1.04745895489547,56.52197166302727,0.9235019384444701,64.10863139768695,15.740606017802135,97.65625,4,1.7044142377582676
B1,semisynthetic,2,gated,0.0,0.0,2.0,0.25,1.336159524937597,69.77637626595082,1.1400631797384297,81.77824827635483,16.708335130608397,92.7734375,4,2.0811373093055376
B1,semisynthetic,2,gated,0.0,1.0,2.0,0.25,1.336159524937597,69.77637626595082,1.1400631797384297,81.77824827635483,16.708335130608397,92.7734375,4,2.0811373093055376
B1,semisynthetic,2,gated,0.0,2.0,2.0,0.25,1.336159524937597,69.77637626595082,1.1400631797384297,81.77824827635483,16.708335130608397,92.7734375,4,2.0811373093055376
B1,semisynthetic,2,gated,0.05,0.0,2.0,0.25,1.3191463451316714,68.67274505841954,1.1220311555627827,80.73697437441993,16.582419924098378,91.796875,4,2.05254139018483
B1,semisynthetic,2,gated,0.05,1.0,2.0,0.25,1.336159524937597,69.77637626595082,1.1400631797384297,81.77824827635483,16.708335130608397,92.7734375,4,2.0811373093055376
B1,semisynthetic,2,gated,0.05,2.0,2.0,0.25,1.336159524937597,69.77637626595082,1.1400631797384297,81.77824827635483,16.708335130608397,92.7734375,4,2.0811373093055376
B1,semisynthetic,2,gated,0.1,0.0,2.0,0.25,1.3021618197827205,67.59127422791576,1.1043612056485144,79.69745423859827,16.45632805811614,91.796875,4,2.0243189861478665
B1,semisynthetic,2,gated,0.1,1.0,2.0,0.25,1.336159524937597,69.77637626595082,1.1400631797384297,81.77824827635483,16.708335130608397,92.7734375,4,2.0811373093055376
B1,semisynthetic,2,gated,0.1,2.0,2.0,0.25,1.336159524937597,69.77637626595082,1.1400631797384297,81.77824827635483,16.708335130608397,92.7734375,4,2.0811373093055376
B1,semisynthetic,2,gated,0.15,0.0,2.0,0.25,1.2852070849315549,66.53304441021332,1.087070986301704,78.65975739908119,16.327630640941596,91.796875,4,1.9964486363129594
B1,semisynthetic,2,gated,0.15,1.0,2.0,0.25,1.336159524937597,69.77637626595082,1.1400631797384297,81.77824827635483,16.708335130608397,92.7734375,4,2.0811373093055376
B1,semisynthetic,2,gated,0.15,2.0,2.0,0.25,1.336159524937597,69.77637626595082,1.1400631797384297,81.77824827635483,16.708335130608397,92.7734375,4,2.0811373093055376
B1,semisynthetic,2,gated,0.25,0.0,2.0,0.25,1.2513918280752656,64.4908591856093,1.0537041033339936,76.59012991889577,16.07141961057783,90.8203125,4,1.9419879407442941
B1,semisynthetic,2,gated,0.25,1.0,2.0,0.25,1.336159524937597,69.77637626595082,1.1400631797384297,81.77824827635483,16.708335130608397,92.7734375,4,2.0811373093055376
B1,semisynthetic,2,gated,0.25,2.0,2.0,0.25,1.336159524937597,69.77637626595082,1.1400631797384297,81.77824827635483,16.708335130608397,92.7734375,4,2.0811373093055376
B1,semisynthetic,3,shrink,0.0,0.0,0.0,0.5,8.275272354018833e-17,8.907692884556884e-15,1.4554113035899893e-16,5.0647940196587925e-15,3.2844097811827546e-15,0.0,6,2.405808501175819e-16
B1,semisynthetic,3,shrink,0.05,0.0,0.0,0.5,0.01792373333488594,3.0837650221121344,0.050385060744274845,1.0970033797184031,0.7477906464595949,0.0,6,0.07156493912003571
B1,semisynthetic,3,shrink,0.1,0.0,0.0,0.5,0.0358474666697718,6.167530044224262,0.10077012148854957,2.1940067594368013,1.492262320483366,0.0,6,0.14307565016932383
B1,semisynthetic,3,shrink,0.15,0.0,0.0,0.5,0.053771200004657696,9.251295066336395,0.1511551822328244,3.2910101391552016,2.2342734622939004,6.510416666666667,6,0.21454615904233137
B1,semisynthetic,3,shrink,0.25,0.0,0.0,0.5,0.08961866667442946,15.418825110560656,0.25192530372137395,5.485016898592001,3.7203226809845353,12.369791666666666,6,0.35752029450187917
B1,semisynthetic,3,gated,0.0,0.0,0.0,0.5,8.275272354018833e-17,8.907692884556884e-15,1.4554113035899893e-16,5.0647940196587925e-15,3.2844097811827546e-15,0.0,6,2.405808501175819e-16
B1,semisynthetic,3,gated,0.0,1.0,0.0,0.5,8.275272354018833e-17,8.907692884556884e-15,1.4554113035899893e-16,5.0647940196587925e-15,3.2844097811827546e-15,0.0,6,2.405808501175819e-16
B1,semisynthetic,3,gated,0.0,2.0,0.0,0.5,8.275272354018833e-17,8.907692884556884e-15,1.4554113035899893e-16,5.0647940196587925e-15,3.2844097811827546e-15,0.0,6,2.405808501175819e-16
B1,semisynthetic,3,gated,0.05,0.0,0.0,0.5,8.275272354018833e-17,8.907692884556884e-15,1.4554113035899893e-16,5.0647940196587925e-15,3.2844097811827546e-15,0.0,6,2.405808501175819e-16
B1,semisynthetic,3,gated,0.05,1.0,0.0,0.5,8.275272354018833e-17,8.907692884556884e-15,1.4554113035899893e-16,5.0647940196587925e-15,3.2844097811827546e-15,0.0,6,2.405808501175819e-16
B1,semisynthetic,3,gated,0.05,2.0,0.0,0.5,8.275272354018833e-17,8.907692884556884e-15,1.4554113035899893e-16,5.0647940196587925e-15,3.2844097811827546e-15,0.0,6,2.405808501175819e-16
B1,semisynthetic,3,gated,0.1,0.0,0.0,0.5,8.275272354018833e-17,8.907692884556884e-15,1.4554113035899893e-16,5.0647940196587925e-15,3.2844097811827546e-15,0.0,6,2.405808501175819e-16
B1,semisynthetic,3,gated,0.1,1.0,0.0,0.5,8.275272354018833e-17,8.907692884556884e-15,1.4554113035899893e-16,5.0647940196587925e-15,3.2844097811827546e-15,0.0,6,2.405808501175819e-16
B1,semisynthetic,3,gated,0.1,2.0,0.0,0.5,8.275272354018833e-17,8.907692884556884e-15,1.4554113035899893e-16,5.0647940196587925e-15,3.2844097811827546e-15,0.0,6,2.405808501175819e-16
B1,semisynthetic,3,gated,0.15,0.0,0.0,0.5,8.275272354018833e-17,8.907692884556884e-15,1.4554113035899893e-16,5.0647940196587925e-15,3.2844097811827546e-15,0.0,6,2.405808501175819e-16
B1,semisynthetic,3,gated,0.15,1.0,0.0,0.5,8.275272354018833e-17,8.907692884556884e-15,1.4554113035899893e-16,5.0647940196587925e-15,3.2844097811827546e-15,0.0,6,2.405808501175819e-16
B1,semisynthetic,3,gated,0.15,2.0,0.0,0.5,8.275272354018833e-17,8.907692884556884e-15,1.4554113035899893e-16,5.0647940196587925e-15,3.2844097811827546e-15,0.0,6,2.405808501175819e-16
B1,semisynthetic,3,gated,0.25,0.0,0.0,0.5,8.275272354018833e-17,8.907692884556884e-15,1.4554113035899893e-16,5.0647940196587925e-15,3.2844097811827546e-15,0.0,6,2.405808501175819e-16
B1,semisynthetic,3,gated,0.25,1.0,0.0,0.5,8.275272354018833e-17,8.907692884556884e-15,1.4554113035899893e-16,5.0647940196587925e-15,3.2844097811827546e-15,0.0,6,2.405808501175819e-16
B1,semisynthetic,3,gated,0.25,2.0,0.0,0.5,8.275272354018833e-17,8.907692884556884e-15,1.4554113035899893e-16,5.0647940196587925e-15,3.2844097811827546e-15,0.0,6,2.405808501175819e-16
B1,semisynthetic,3,shrink,0.0,0.0,1.0,0.25,0.6313387699757126,40.96534092165136,0.6693250542590393,38.64043006389793,14.24236960380839,44.921875,2,1.2176978561689793
B1,semisynthetic,3,shrink,0.05,0.0,1.0,0.25,0.607820732409687,39.2983595279596,0.6420885566081228,37.20103313624672,14.392346548732498,44.921875,2,1.1811527850271064
B1,semisynthetic,3,shrink,0.1,0.0,1.0,0.25,0.5847645572656223,37.89241064404106,0.6191170203815843,35.78990401577549,14.542323493656609,46.875,2,1.1491036065205917
B1,semisynthetic,3,shrink,0.15,0.0,1.0,0.25,0.562227068483436,36.777443158962456,0.600899774884358,34.41052055238157,14.692095274260003,46.875,2,1.1220647097828103
B1,semisynthetic,3,shrink,0.25,0.0,1.0,0.25,0.518976962862072,35.52304690334874,0.5804044287463441,31.763443007020612,14.988816257458184,80.72916666666667,3,1.084792379560279
B1,semisynthetic,3,gated,0.0,0.0,1.0,0.25,0.6313387699757126,40.96534092165136,0.6693250542590393,38.64043006389793,14.24236960380839,44.921875,2,1.2176978561689793
B1,semisynthetic,3,gated,0.0,1.0,1.0,0.25,0.6313387699757126,40.96534092165136,0.6693250542590393,38.64043006389793,14.24236960380839,44.921875,2,1.2176978561689793
B1,semisynthetic,3,gated,0.0,2.0,1.0,0.25,0.6313387699757126,40.96534092165136,0.6693250542590393,38.64043006389793,14.24236960380839,44.921875,2,1.2176978561689793
B1,semisynthetic,3,gated,0.05,0.0,1.0,0.25,0.6313387699757126,40.96534092165136,0.6693250542590393,38.64043006389793,14.24236960380839,44.921875,2,1.2176978561689793
B1,semisynthetic,3,gated,0.05,1.0,1.0,0.25,0.6313387699757126,40.96534092165136,0.6693250542590393,38.64043006389793,14.24236960380839,44.921875,2,1.2176978561689793
B1,semisynthetic,3,gated,0.05,2.0,1.0,0.25,0.6313387699757126,40.96534092165136,0.6693250542590393,38.64043006389793,14.24236960380839,44.921875,2,1.2176978561689793
B1,semisynthetic,3,gated,0.1,0.0,1.0,0.25,0.6313387699757126,40.96534092165136,0.6693250542590393,38.64043006389793,14.24236960380839,44.921875,2,1.2176978561689793
B1,semisynthetic,3,gated,0.1,1.0,1.0,0.25,0.6313387699757126,40.96534092165136,0.6693250542590393,38.64043006389793,14.24236960380839,44.921875,2,1.2176978561689793
B1,semisynthetic,3,gated,0.1,2.0,1.0,0.25,0.6313387699757126,40.96534092165136,0.6693250542590393,38.64043006389793,14.24236960380839,44.921875,2,1.2176978561689793
B1,semisynthetic,3,gated,0.15,0.0,1.0,0.25,0.6313387699757126,40.96534092165136,0.6693250542590393,38.64043006389793,14.24236960380839,44.921875,2,1.2176978561689793
B1,semisynthetic,3,gated,0.15,1.0,1.0,0.25,0.6313387699757126,40.96534092165136,0.6693250542590393,38.64043006389793,14.24236960380839,44.921875,2,1.2176978561689793
B1,semisynthetic,3,gated,0.15,2.0,1.0,0.25,0.6313387699757126,40.96534092165136,0.6693250542590393,38.64043006389793,14.24236960380839,44.921875,2,1.2176978561689793
B1,semisynthetic,3,gated,0.25,0.0,1.0,0.25,0.6313387699757126,40.96534092165136,0.6693250542590393,38.64043006389793,14.24236960380839,44.921875,2,1.2176978561689793
B1,semisynthetic,3,gated,0.25,1.0,1.0,0.25,0.6313387699757126,40.96534092165136,0.6693250542590393,38.64043006389793,14.24236960380839,44.921875,2,1.2176978561689793
B1,semisynthetic,3,gated,0.25,2.0,1.0,0.25,0.6313387699757126,40.96534092165136,0.6693250542590393,38.64043006389793,14.24236960380839,44.921875,2,1.2176978561689793
B1,semisynthetic,3,shrink,0.0,0.0,2.0,0.25,1.257380895605765,82.27284075328505,1.3442405790435685,76.95668454228621,16.676741831653974,117.1875,2,2.245409196933796
B1,semisynthetic,3,shrink,0.05,0.0,2.0,0.25,1.20236327358638,78.47530428792145,1.2821933399984573,73.58938844544774,16.717795956977934,117.1875,2,2.156523922565018
B1,semisynthetic,3,shrink,0.1,0.0,2.0,0.25,1.1475838108211198,74.81028584337703,1.2223112881452396,70.23666863703114,16.75885008230189,117.1875,2,2.0699229150151965
B1,semisynthetic,3,shrink,0.15,0.0,2.0,0.25,1.0930783138469344,71.29822424347711,1.164928369609056,66.90071661873512,16.79990420762585,117.1875,2,1.9859580236779466
B1,semisynthetic,3,shrink,0.25,0.0,2.0,0.25,0.9850709128550215,64.83139584446911,1.059268068201379,60.29023644091878,16.881040184973244,117.1875,2,1.827619687354499
B1,semisynthetic,3,gated,0.0,0.0,2.0,0.25,1.257380895605765,82.27284075328505,1.3442405790435685,76.95668454228621,16.676741831653974,117.1875,2,2.245409196933796
B1,semisynthetic,3,gated,0.0,1.0,2.0,0.25,1.257380895605765,82.27284075328505,1.3442405790435685,76.95668454228621,16.676741831653974,117.1875,2,2.245409196933796
B1,semisynthetic,3,gated,0.0,2.0,2.0,0.25,1.257380895605765,82.27284075328505,1.3442405790435685,76.95668454228621,16.676741831653974,117.1875,2,2.245409196933796
B1,semisynthetic,3,gated,0.05,0.0,2.0,0.25,1.257380895605765,82.27284075328505,1.3442405790435685,76.95668454228621,16.676741831653974,117.1875,2,2.245409196933796
B1,semisynthetic,3,gated,0.05,1.0,2.0,0.25,1.257380895605765,82.27284075328505,1.3442405790435685,76.95668454228621,16.676741831653974,117.1875,2,2.245409196933796
B1,semisynthetic,3,gated,0.05,2.0,2.0,0.25,1.257380895605765,82.27284075328505,1.3442405790435685,76.95668454228621,16.676741831653974,117.1875,2,2.245409196933796
B1,semisynthetic,3,gated,0.1,0.0,2.0,0.25,1.257380895605765,82.27284075328505,1.3442405790435685,76.95668454228621,16.676741831653974,117.1875,2,2.245409196933796
B1,semisynthetic,3,gated,0.1,1.0,2.0,0.25,1.257380895605765,82.27284075328505,1.3442405790435685,76.95668454228621,16.676741831653974,117.1875,2,2.245409196933796
B1,semisynthetic,3,gated,0.1,2.0,2.0,0.25,1.257380895605765,82.27284075328505,1.3442405790435685,76.95668454228621,16.676741831653974,117.1875,2,2.245409196933796
B1,semisynthetic,3,gated,0.15,0.0,2.0,0.25,1.257380895605765,82.27284075328505,1.3442405790435685,76.95668454228621,16.676741831653974,117.1875,2,2.245409196933796
B1,semisynthetic,3,gated,0.15,1.0,2.0,0.25,1.257380895605765,82.27284075328505,1.3442405790435685,76.95668454228621,16.676741831653974,117.1875,2,2.245409196933796
B1,semisynthetic,3,gated,0.15,2.0,2.0,0.25,1.257380895605765,82.27284075328505,1.3442405790435685,76.95668454228621,16.676741831653974,117.1875,2,2.245409196933796
B1,semisynthetic,3,gated,0.25,0.0,2.0,0.25,1.257380895605765,82.27284075328505,1.3442405790435685,76.95668454228621,16.676741831653974,117.1875,2,2.245409196933796
B1,semisynthetic,3,gated,0.25,1.0,2.0,0.25,1.257380895605765,82.27284075328505,1.3442405790435685,76.95668454228621,16.676741831653974,117.1875,2,2.245409196933796
B1,semisynthetic,3,gated,0.25,2.0,2.0,0.25,1.257380895605765,82.27284075328505,1.3442405790435685,76.95668454228621,16.676741831653974,117.1875,2,2.245409196933796
B1,semisynthetic,4,shrink,0.0,0.0,0.0,0.5,8.401270131255924e-17,1.073376126766559e-14,8.683933316997234e-17,1.0384375909193702e-14,1.7763568394002505e-15,0.0,4,1.432169409800815e-16
B1,semisynthetic,4,shrink,0.05,0.0,0.0,0.5,0.024032824209920013,6.167986926167741,0.04990085565653754,2.9705732211478413,1.2717027476978462,0.0,4,0.07220572265132015
B1,semisynthetic,4,shrink,0.1,0.0,0.0,0.5,0.04806564841983993,12.335973852335462,0.09980171131307493,5.941146442295671,2.543405495395691,0.0,4,0.1444114453026401
B1,semisynthetic,4,shrink,0.15,0.0,0.0,0.5,0.0720984726297599,18.5039607785032,0.14970256696961243,8.911719663443506,3.8151082430935346,0.0,4,0.21661716795396016
B1,semisynthetic,4,shrink,0.25,0.0,0.0,0.5,0.1201641210495998,30.839934630838663,0.24950427828268737,14.852866105739173,6.358513738489223,0.0,4,0.3610286132566002
B1,semisynthetic,4,gated,0.0,0.0,0.0,0.5,8.401270131255924e-17,1.073376126766559e-14,8.683933316997234e-17,1.0384375909193702e-14,1.7763568394002505e-15,0.0,4,1.432169409800815e-16
B1,semisynthetic,4,gated,0.0,1.0,0.0,0.5,8.401270131255924e-17,1.073376126766559e-14,8.683933316997234e-17,1.0384375909193702e-14,1.7763568394002505e-15,0.0,4,1.432169409800815e-16
B1,semisynthetic,4,gated,0.0,2.0,0.0,0.5,8.401270131255924e-17,1.073376126766559e-14,8.683933316997234e-17,1.0384375909193702e-14,1.7763568394002505e-15,0.0,4,1.432169409800815e-16
B1,semisynthetic,4,gated,0.05,0.0,0.0,0.5,8.401270131255924e-17,1.073376126766559e-14,8.683933316997234e-17,1.0384375909193702e-14,1.7763568394002505e-15,0.0,4,1.432169409800815e-16
B1,semisynthetic,4,gated,0.05,1.0,0.0,0.5,8.401270131255924e-17,1.073376126766559e-14,8.683933316997234e-17,1.0384375909193702e-14,1.7763568394002505e-15,0.0,4,1.432169409800815e-16
B1,semisynthetic,4,gated,0.05,2.0,0.0,0.5,8.401270131255924e-17,1.073376126766559e-14,8.683933316997234e-17,1.0384375909193702e-14,1.7763568394002505e-15,0.0,4,1.432169409800815e-16
B1,semisynthetic,4,gated,0.1,0.0,0.0,0.5,8.401270131255924e-17,1.073376126766559e-14,8.683933316997234e-17,1.0384375909193702e-14,1.7763568394002505e-15,0.0,4,1.432169409800815e-16
B1,semisynthetic,4,gated,0.1,1.0,0.0,0.5,8.401270131255924e-17,1.073376126766559e-14,8.683933316997234e-17,1.0384375909193702e-14,1.7763568394002505e-15,0.0,4,1.432169409800815e-16
B1,semisynthetic,4,gated,0.1,2.0,0.0,0.5,8.401270131255924e-17,1.073376126766559e-14,8.683933316997234e-17,1.0384375909193702e-14,1.7763568394002505e-15,0.0,4,1.432169409800815e-16
B1,semisynthetic,4,gated,0.15,0.0,0.0,0.5,8.401270131255924e-17,1.073376126766559e-14,8.683933316997234e-17,1.0384375909193702e-14,1.7763568394002505e-15,0.0,4,1.432169409800815e-16
B1,semisynthetic,4,gated,0.15,1.0,0.0,0.5,8.401270131255924e-17,1.073376126766559e-14,8.683933316997234e-17,1.0384375909193702e-14,1.7763568394002505e-15,0.0,4,1.432169409800815e-16
B1,semisynthetic,4,gated,0.15,2.0,0.0,0.5,8.401270131255924e-17,1.073376126766559e-14,8.683933316997234e-17,1.0384375909193702e-14,1.7763568394002505e-15,0.0,4,1.432169409800815e-16
B1,semisynthetic,4,gated,0.25,0.0,0.0,0.5,8.401270131255924e-17,1.073376126766559e-14,8.683933316997234e-17,1.0384375909193702e-14,1.7763568394002505e-15,0.0,4,1.432169409800815e-16
B1,semisynthetic,4,gated,0.25,1.0,0.0,0.5,8.401270131255924e-17,1.073376126766559e-14,8.683933316997234e-17,1.0384375909193702e-14,1.7763568394002505e-15,0.0,4,1.432169409800815e-16
B1,semisynthetic,4,gated,0.25,2.0,0.0,0.5,8.401270131255924e-17,1.073376126766559e-14,8.683933316997234e-17,1.0384375909193702e-14,1.7763568394002505e-15,0.0,4,1.432169409800815e-16
B1,semisynthetic,4,shrink,0.0,0.0,1.0,0.25,0.5550582943807487,89.37535959646497,0.7230733417337738,68.60788773975455,16.296803471654147,54.6875,4,1.1324484943447923
B1,semisynthetic,4,shrink,0.05,0.0,1.0,0.25,0.5289760695561203,84.67332007024186,0.6850324381945738,65.38399869803229,15.353887850796822,53.7109375,4,1.0737380095174645
B1,semisynthetic,4,shrink,0.1,0.0,1.0,0.25,0.5040955203811697,80.46977020152336,0.6510244648063575,62.30864257421672,14.409177462818645,53.7109375,4,1.019646772464132
B1,semisynthetic,4,shrink,0.15,0.0,1.0,0.25,0.4806033132187377,76.84655657023599,0.6217115848356464,59.40489223289926,13.465308174957121,53.7109375,4,0.9709516045856144
B1,semisynthetic,4,shrink,0.25,0.0,1.0,0.25,0.43866384077468207,71.67985494600242,0.5799114262008311,54.22097074855058,12.428274810977896,97.65625,4,0.8997918002126868
B1,semisynthetic,4,gated,0.0,0.0,1.0,0.25,0.5550582943807487,89.37535959646497,0.7230733417337738,68.60788773975455,16.296803471654147,54.6875,4,1.1324484943447923
B1,semisynthetic,4,gated,0.0,1.0,1.0,0.25,0.5550582943807487,89.37535959646497,0.7230733417337738,68.60788773975455,16.296803471654147,54.6875,4,1.1324484943447923
B1,semisynthetic,4,gated,0.0,2.0,1.0,0.25,0.5550582943807487,89.37535959646497,0.7230733417337738,68.60788773975455,16.296803471654147,54.6875,4,1.1324484943447923
B1,semisynthetic,4,gated,0.05,0.0,1.0,0.25,0.5550582943807487,89.37535959646497,0.7230733417337738,68.60788773975455,16.296803471654147,54.6875,4,1.1324484943447923
B1,semisynthetic,4,gated,0.05,1.0,1.0,0.25,0.5550582943807487,89.37535959646497,0.7230733417337738,68.60788773975455,16.296803471654147,54.6875,4,1.1324484943447923
B1,semisynthetic,4,gated,0.05,2.0,1.0,0.25,0.5550582943807487,89.37535959646497,0.7230733417337738,68.60788773975455,16.296803471654147,54.6875,4,1.1324484943447923
B1,semisynthetic,4,gated,0.1,0.0,1.0,0.25,0.5550582943807487,89.37535959646497,0.7230733417337738,68.60788773975455,16.296803471654147,54.6875,4,1.1324484943447923
B1,semisynthetic,4,gated,0.1,1.0,1.0,0.25,0.5550582943807487,89.37535959646497,0.7230733417337738,68.60788773975455,16.296803471654147,54.6875,4,1.1324484943447923
B1,semisynthetic,4,gated,0.1,2.0,1.0,0.25,0.5550582943807487,89.37535959646497,0.7230733417337738,68.60788773975455,16.296803471654147,54.6875,4,1.1324484943447923
B1,semisynthetic,4,gated,0.15,0.0,1.0,0.25,0.5550582943807487,89.37535959646497,0.7230733417337738,68.60788773975455,16.296803471654147,54.6875,4,1.1324484943447923
B1,semisynthetic,4,gated,0.15,1.0,1.0,0.25,0.5550582943807487,89.37535959646497,0.7230733417337738,68.60788773975455,16.296803471654147,54.6875,4,1.1324484943447923
B1,semisynthetic,4,gated,0.15,2.0,1.0,0.25,0.5550582943807487,89.37535959646497,0.7230733417337738,68.60788773975455,16.296803471654147,54.6875,4,1.1324484943447923
B1,semisynthetic,4,gated,0.25,0.0,1.0,0.25,0.5550582943807487,89.37535959646497,0.7230733417337738,68.60788773975455,16.296803471654147,54.6875,4,1.1324484943447923
B1,semisynthetic,4,gated,0.25,1.0,1.0,0.25,0.5550582943807487,89.37535959646497,0.7230733417337738,68.60788773975455,16.296803471654147,54.6875,4,1.1324484943447923
B1,semisynthetic,4,gated,0.25,2.0,1.0,0.25,0.5550582943807487,89.37535959646497,0.7230733417337738,68.60788773975455,16.296803471654147,54.6875,4,1.1324484943447923
B1,semisynthetic,4,shrink,0.0,0.0,2.0,0.25,1.1169994051318008,178.8172323670526,1.4466847949033992,138.06652484700382,31.10982327510081,96.6796875,4,2.2568722554580685
B1,semisynthetic,4,shrink,0.05,0.0,2.0,0.25,1.062497175983333,169.51902357506162,1.3714595098391564,131.32978591914724,29.48436420218033,97.65625,4,2.141245406646411
B1,semisynthetic,4,shrink,0.1,0.0,2.0,0.25,1.0085960240114982,160.46972741791592,1.2982480023025227,124.66734303528256,27.854113245328772,98.6328125,4,2.0278941061790814
B1,semisynthetic,4,shrink,0.15,0.0,2.0,0.25,0.9553976884536256,151.71389119861854,1.227410673274183,118.09177165684159,26.221960328175445,98.6328125,4,1.9172530050003644
B1,semisynthetic,4,shrink,0.25,0.0,2.0,0.25,0.8516347153084124,135.30875587574766,1.0946882308352248,105.2661666975783,22.952548854089358,97.65625,4,1.7061985610958372
B1,semisynthetic,4,gated,0.0,0.0,2.0,0.25,1.1169994051318008,178.8172323670526,1.4466847949033992,138.06652484700382,31.10982327510081,96.6796875,4,2.2568722554580685
B1,semisynthetic,4,gated,0.0,1.0,2.0,0.25,1.1169994051318008,178.8172323670526,1.4466847949033992,138.06652484700382,31.10982327510081,96.6796875,4,2.2568722554580685
B1,semisynthetic,4,gated,0.0,2.0,2.0,0.25,1.1169994051318008,178.8172323670526,1.4466847949033992,138.06652484700382,31.10982327510081,96.6796875,4,2.2568722554580685
B1,semisynthetic,4,gated,0.05,0.0,2.0,0.25,1.1169994051318008,178.8172323670526,1.4466847949033992,138.06652484700382,31.10982327510081,96.6796875,4,2.2568722554580685
B1,semisynthetic,4,gated,0.05,1.0,2.0,0.25,1.1169994051318008,178.8172323670526,1.4466847949033992,138.06652484700382,31.10982327510081,96.6796875,4,2.2568722554580685
B1,semisynthetic,4,gated,0.05,2.0,2.0,0.25,1.1169994051318008,178.8172323670526,1.4466847949033992,138.06652484700382,31.10982327510081,96.6796875,4,2.2568722554580685
B1,semisynthetic,4,gated,0.1,0.0,2.0,0.25,1.1169994051318008,178.8172323670526,1.4466847949033992,138.06652484700382,31.10982327510081,96.6796875,4,2.2568722554580685
B1,semisynthetic,4,gated,0.1,1.0,2.0,0.25,1.1169994051318008,178.8172323670526,1.4466847949033992,138.06652484700382,31.10982327510081,96.6796875,4,2.2568722554580685
B1,semisynthetic,4,gated,0.1,2.0,2.0,0.25,1.1169994051318008,178.8172323670526,1.4466847949033992,138.06652484700382,31.10982327510081,96.6796875,4,2.2568722554580685
B1,semisynthetic,4,gated,0.15,0.0,2.0,0.25,1.1169994051318008,178.8172323670526,1.4466847949033992,138.06652484700382,31.10982327510081,96.6796875,4,2.2568722554580685
B1,semisynthetic,4,gated,0.15,1.0,2.0,0.25,1.1169994051318008,178.8172323670526,1.4466847949033992,138.06652484700382,31.10982327510081,96.6796875,4,2.2568722554580685
B1,semisynthetic,4,gated,0.15,2.0,2.0,0.25,1.1169994051318008,178.8172323670526,1.4466847949033992,138.06652484700382,31.10982327510081,96.6796875,4,2.2568722554580685
B1,semisynthetic,4,gated,0.25,0.0,2.0,0.25,1.1169994051318008,178.8172323670526,1.4466847949033992,138.06652484700382,31.10982327510081,96.6796875,4,2.2568722554580685
B1,semisynthetic,4,gated,0.25,1.0,2.0,0.25,1.1169994051318008,178.8172323670526,1.4466847949033992,138.06652484700382,31.10982327510081,96.6796875,4,2.2568722554580685
B1,semisynthetic,4,gated,0.25,2.0,2.0,0.25,1.1169994051318008,178.8172323670526,1.4466847949033992,138.06652484700382,31.10982327510081,96.6796875,4,2.2568722554580685
B1,synthetic,0,shrink,0.0,0.0,0.0,0.5,0.0,3.1859463677455895e-17,2.0509834172997393e-18,0.0,0.0,0.0,6,2.0509834172997393e-18
B1,synthetic,0,shrink,0.05,0.0,0.0,0.5,0.016501435901914916,0.2720241193144895,0.01751181261140852,0.25632918009404504,0.15641524294839412,0.0,6,0.03583191128854159
B1,synthetic,0,shrink,0.1,0.0,0.0,0.5,0.03300287180382978,0.5440482386289779,0.03502362522281697,0.5126583601880893,0.31273882305753187,2.6041666666666665,6,0.07165792169421824
B1,synthetic,0,shrink,0.15,0.0,0.0,0.5,0.04950430770574461,0.8160723579434673,0.05253543783422548,0.7689875402821331,0.46808279186198565,2.6041666666666665,6,0.10742086868609592
B1,synthetic,0,shrink,0.25,0.0,0.0,0.5,0.08250717950957435,1.3601205965724454,0.08755906305704246,1.2816459004702219,0.7777013103543261,3.90625,6,0.17887791779234713
B1,synthetic,0,gated,0.0,0.0,0.0,0.5,0.0,3.1859463677455895e-17,2.0509834172997393e-18,0.0,0.0,0.0,6,2.0509834172997393e-18
B1,synthetic,0,gated,0.0,1.0,0.0,0.5,0.0,3.1859463677455895e-17,2.0509834172997393e-18,0.0,0.0,0.0,6,2.0509834172997393e-18
B1,synthetic,0,gated,0.0,2.0,0.0,0.5,0.0,3.1859463677455895e-17,2.0509834172997393e-18,0.0,0.0,0.0,6,2.0509834172997393e-18
B1,synthetic,0,gated,0.05,0.0,0.0,0.5,0.00964898941306773,0.1683889435396115,0.010840199143112001,0.14988498938451503,0.07075252720377605,0.6510416666666666,6,0.02021945539541779
B1,synthetic,0,gated,0.05,1.0,0.0,0.5,0.0006425096783393793,0.02220024927615135,0.0014291622604283244,0.009980584721848948,0.003559584374015342,0.0,6,0.0019795687450085034
B1,synthetic,0,gated,0.05,2.0,0.0,0.5,0.0,3.1859463677455895e-17,2.0509834172997393e-18,0.0,0.0,0.0,6,2.0509834172997393e-18
B1,synthetic,0,gated,0.1,0.0,0.0,0.5,0.019297978826135445,0.3367778870792231,0.02168039828622401,0.29976997876902983,0.1415050544075521,1.953125,6,0.04043891079083558
B1,synthetic,0,gated,0.1,1.0,0.0,0.5,0.001285019356678755,0.04440049855230273,0.0028583245208566505,0.01996116944369784,0.007119168748031868,0.0,6,0.003959137490017083
B1,synthetic,0,gated,0.1,2.0,0.0,0.5,0.0,3.1859463677455895e-17,2.0509834172997393e-18,0.0,0.0,0.0,6,2.0509834172997393e-18
B1,synthetic,0,gated,0.15,0.0,0.0,0.5,0.028946968239203195,0.5051668306188347,0.032520597429336016,0.44965496815354516,0.21225758161132488,3.2552083333333335,6,0.060658366186253164
B1,synthetic,0,gated,0.15,1.0,0.0,0.5,0.0019275290350181428,0.06660074782845408,0.004287486781284976,0.029941754165546917,0.010678753122048393,0.0,6,0.005938706235025668
B1,synthetic,0,gated,0.15,2.0,0.0,0.5,0.0,3.1859463677455895e-17,2.0509834172997393e-18,0.0,0.0,0.0,6,2.0509834172997393e-18
B1,synthetic,0,gated,0.25,0.0,0.0,0.5,0.04824494706533865,0.8419447176980577,0.054200995715560016,0.7494249469225751,0.35290641724661764,5.208333333333333,6,0.10104215707547133
B1,synthetic,0,gated,0.25,1.0,0.0,0.5,0.0032125483916968754,0.1110012463807568,0.007145811302141625,0.049902923609244414,0.017797921870078486,0.0,6,0.009897843725042623
B1,synthetic,0,gated,0.25,2.0,0.0,0.5,0.0,3.1859463677455895e-17,2.0509834172997393e-18,0.0,0.0,0.0,6,2.0509834172997393e-18
B1,synthetic,0,shrink,0.0,0.0,1.0,0.25,0.8621326576191407,22.973631407046994,1.4789494741040308,13.392153178267932,5.417241054334536,10.416666666666666,6,2.2587558721890777
B1,synthetic,0,shrink,0.05,0.0,1.0,0.25,0.8226325209384746,21.78933766938096,1.4027094330990804,12.778567929739173,5.032599669301944,9.765625,6,2.138004106141228
B1,synthetic,0,shrink,0.1,0.0,1.0,0.25,0.7834808269266732,20.608759033263475,1.3267085553062545,12.170395302521115,4.7191179928238665,9.114583333333334,6,2.022246698874239
B1,synthetic,0,shrink,0.15,0.0,1.0,0.25,0.7447325320554916,19.43257261633931,1.2509904308209494,11.56848897670739,4.405636316345787,10.416666666666666,6,1.9069737444850814
B1,synthetic,0,shrink,0.25,0.0,1.0,0.25,0.6687259603408883,17.096999386376687,1.100635672403213,10.387821892632445,3.7772745293703345,13.020833333333334,6,1.6781643097472643
B1,synthetic,0,gated,0.0,0.0,1.0,0.25,0.8621326576191407,22.973631407046994,1.4789494741040308,13.392153178267932,5.417241054334536,10.416666666666666,6,2.2587558721890777
B1,synthetic,0,gated,0.0,1.0,1.0,0.25,0.8621326576191407,22.973631407046994,1.4789494741040308,13.392153178267932,5.417241054334536,10.416666666666666,6,2.2587558721890777
B1,synthetic,0,gated,0.0,2.0,1.0,0.25,0.8621326576191407,22.973631407046994,1.4789494741040308,13.392153178267932,5.417241054334536,10.416666666666666,6,2.2587558721890777
B1,synthetic,0,gated,0.05,0.0,1.0,0.25,0.8209892416511376,21.811537639231002,1.404138577371186,12.753041640094299,5.058826514456719,9.765625,6,2.140299988987362
B1,synthetic,0,gated,0.05,1.0,1.0,0.25,0.8335820097114465,22.00650278492879,1.4166896449229147,12.948654551067632,5.181266649453572,10.416666666666666,6,2.1670296412563888
B1,synthetic,0,gated,0.05,2.0,1.0,0.25,0.8462264668069434,22.202352923155917,1.429297684714367,13.145070386591795,5.3037067844504255,10.416666666666666,6,2.193842110282734
B1,synthetic,0,gated,0.1,0.0,1.0,0.25,0.7800598217458601,20.652631202166706,1.3295328681011107,12.117254263262007,4.733699298802228,9.114583333333334,6,2.0242991945840996
B1,synthetic,0,gated,0.1,1.0,1.0,0.25,0.8051361074830762,21.04182391314844,1.3545875207606377,12.506783017064498,4.9453417496570395,9.114583333333334,6,2.075516675119316
B1,synthetic,0,gated,0.1,2.0,1.0,0.25,0.8304297167449609,21.434710426651343,1.3798799654870488,12.89968762017032,5.190222019650746,9.114583333333334,6,2.129220325850958
B1,synthetic,0,gated,0.15,0.0,1.0,0.25,0.7393799369196203,19.497480457285075,1.2551689351040172,11.485343101966029,4.427508275313333,8.463541666666666,6,1.90988397945833
B1,synthetic,0,gated,0.15,1.0,1.0,0.25,0.7768064580760896,20.07994786680128,1.2926658311638404,12.066717325326609,4.723441670889897,9.114583333333334,6,1.985145131213491
B1,synthetic,0,gated,0.15,2.0,1.0,0.25,0.8147487731313878,20.671108999686822,1.3307223939727846,12.656103762167897,5.076737254851067,9.114583333333334,6,2.0649165923564405
B1,synthetic,0,gated,0.25,0.0,1.0,0.25,0.6589533727198279,17.201470375359595,1.107361092145431,10.236016959583381,3.8147964979058937,7.161458333333333,6,1.6824189482572551
B1,synthetic,0,gated,0.25,1.0,1.0,0.25,0.7205507116171921,18.16638389263021,1.1694783218353577,11.192854623250222,4.308348554296473,7.8125,6,1.8071077326358485
B1,synthetic,0,gated,0.25,2.0,1.0,0.25,0.7837620580656928,19.157959730606613,1.233311963897693,12.174763876729461,4.849767725251708,8.463541666666666,6,1.9374014244015687
B1,synthetic,0,shrink,0.0,0.0,2.0,0.25,1.7243195912148181,45.99270555467685,2.960824368055542,26.785149465986894,10.682108321553976,41.015625,6,4.510655094068778
B1,synthetic,0,shrink,0.05,0.0,2.0,0.25,1.6415451572093296,43.65669414978044,2.8104414017077484,25.499352100988293,10.043967314836705,39.0625,6,4.2778039736401245
B1,synthetic,0,shrink,0.1,0.0,2.0,0.25,1.5589465962439564,41.32253404844833,2.6601776147959053,24.21628670382821,9.405517537941625,38.411458333333336,6,4.04514009179224
B1,synthetic,0,shrink,0.15,0.0,2.0,0.25,1.476553423685334,38.990557735588936,2.5100544113536953,22.936411758833394,8.823071837505628,34.505208333333336,6,3.816324803553678
B1,synthetic,0,shrink,0.25,0.0,2.0,0.25,1.3125378729501715,34.33493593957643,2.2103443095920774,20.388635196083563,7.693233420944768,32.552083333333336,6,3.3618724987500337
B1,synthetic,0,gated,0.0,0.0,2.0,0.25,1.7243195912148181,45.99270555467685,2.960824368055542,26.785149465986894,10.682108321553976,41.015625,6,4.510655094068778
B1,synthetic,0,gated,0.0,1.0,2.0,0.25,1.7243195912148181,45.99270555467685,2.960824368055542,26.785149465986894,10.682108321553976,41.015625,6,4.510655094068778
B1,synthetic,0,gated,0.0,2.0,2.0,0.25,1.7243195912148181,45.99270555467685,2.960824368055542,26.785149465986894,10.682108321553976,41.015625,6,4.510655094068778
B1,synthetic,0,gated,0.05,0.0,2.0,0.25,1.6412780736687498,43.694781310003805,2.812893299041018,25.495203292037342,10.060085267609164,39.0625,6,4.281159937814216
B1,synthetic,0,gated,0.05,1.0,2.0,0.25,1.6547192848878975,43.89233957045473,2.8256113008328105,25.70399570693714,10.177952666571658,39.0625,6,4.308186371651072
B1,synthetic,0,gated,0.05,2.0,2.0,0.25,1.6681783720803596,44.09035039019274,2.8383584365611485,25.91306580273757,10.295812936417482,39.713541666666664,6,4.335250418467433
B1,synthetic,0,gated,0.1,0.0,2.0,0.25,1.5583583468925672,41.40009531318724,2.6651706953265375,24.207148985460627,9.437589384229613,37.760416666666664,6,4.05190370339797
B1,synthetic,0,gated,0.1,1.0,2.0,0.25,1.5852203565270813,41.7948350531367,2.6905824432762824,24.624416727869292,9.673751395745615,37.760416666666664,6,4.105949611319095
B1,synthetic,0,gated,0.1,2.0,2.0,0.25,1.6121570365992766,42.191473588725046,2.7161164280096597,25.042844382189976,9.909486193670606,38.411458333333336,6,4.160127588959549
B1,synthetic,0,gated,0.15,0.0,2.0,0.25,1.4755809429912796,39.109217569199615,2.517693251526867,22.921305486843128,8.81460487567409,36.458333333333336,6,3.822932334621377
B1,synthetic,0,gated,0.15,1.0,2.0,0.25,1.5158367502970207,39.70064554502355,2.5557669926049496,23.54662913395114,9.167538749501798,36.458333333333336,6,3.9038544347232165
B1,synthetic,0,gated,0.15,2.0,2.0,0.25,1.556268531258948,40.29656688123125,2.5941299980513333,24.174686311842557,9.52185177547251,37.109375,6,3.9852425702584933
B1,synthetic,0,gated,0.25,0.0,2.0,0.25,1.31056093433069,34.54191654945081,2.2236688841314574,20.3579259257849,7.679869727375291,32.552083333333336,6,3.3733483034365643
B1,synthetic,0,gated,0.25,1.0,2.0,0.25,1.3774851820121925,35.52455576221429,2.286927222406388,21.397510458826634,8.180928987018477,33.203125,6,3.502324934175067
B1,synthetic,0,gated,0.25,2.0,2.0,0.25,1.4449516276674628,36.52113440689524,2.351082924930722,22.445517359648402,8.744875220510561,33.854166666666664,6,3.63651843718254
B1,synthetic,1,shrink,0.0,0.0,0.0,0.5,0.0,3.1859463677455895e-17,2.0509834172997393e-18,0.0,0.0,0.0,6,2.0509834172997393e-18
B1,synthetic,1,shrink,0.05,0.0,0.0,0.5,0.013475523720008592,0.2687458071429351,0.017300768132798926,0.20932541671036142,0.17595533393627605,0.0,6,0.03536582274770619
B1,synthetic,1,shrink,0.1,0.0,0.0,0.5,0.0269510474400172,0.537491614285869,0.034601536265597775,0.41865083342072307,0.35191066787254854,0.6510416666666666,6,0.07073164549541207
B1,synthetic,1,shrink,0.15,0.0,0.0,0.5,0.040426571160025807,0.8062374214288042,0.0519023043983967,0.6279762501310847,0.5278660018088219,1.953125,6,0.1060974682431181
B1,synthetic,1,shrink,0.25,0.0,0.0,0.5,0.067377618600043,1.3437290357146732,0.08650384066399447,1.0466270835518077,0.8797766696813681,2.6041666666666665,6,0.17682911373853
B1,synthetic,1,gated,0.0,0.0,0.0,0.5,0.0,3.1859463677455895e-17,2.0509834172997393e-18,0.0,0.0,0.0,6,2.0509834172997393e-18
B1,synthetic,1,gated,0.0,1.0,0.0,0.5,0.0,3.1859463677455895e-17,2.0509834172997393e-18,0.0,0.0,0.0,6,2.0509834172997393e-18
B1,synthetic,1,gated,0.0,2.0,0.0,0.5,0.0,3.1859463677455895e-17,2.0509834172997393e-18,0.0,0.0,0.0,6,2.0509834172997393e-18
B1,synthetic,1,gated,0.05,0.0,0.0,0.5,0.011100588277574784,0.1701622988935873,0.010954360588540152,0.17243376325948193,0.08038152737492481,0.6510416666666666,6,0.021679292360033627
B1,synthetic,1,gated,0.05,1.0,0.0,0.5,0.0010820750322654011,0.02724166372427693,0.0017537081328108993,0.016808683042464228,0.004206888445943117,0.0,6,0.0025655681125108273
B1,synthetic,1,gated,0.05,2.0,0.0,0.5,0.0,3.1859463677455895e-17,2.0509834172997393e-18,0.0,0.0,0.0,6,2.0509834172997393e-18
B1,synthetic,1,gated,0.1,0.0,0.0,0.5,0.022201176555149523,0.3403245977871746,0.021908721177080304,0.3448675265189632,0.16076305474984723,0.6510416666666666,6,0.04335858472006708
B1,synthetic,1,gated,0.1,1.0,0.0,0.5,0.0021641500645308356,0.05448332744855387,0.0035074162656217995,0.03361736608492897,0.008413776891887418,0.0,6,0.005131136225021748
B1,synthetic,1,gated,0.1,2.0,0.0,0.5,0.0,3.1859463677455895e-17,2.0509834172997393e-18,0.0,0.0,0.0,6,2.0509834172997393e-18
B1,synthetic,1,gated,0.15,0.0,0.0,0.5,0.03330176483272428,0.510486896680762,0.032863081765620465,0.5173012897784447,0.24114458212477263,1.3020833333333333,6,0.06503787708010074
B1,synthetic,1,gated,0.15,1.0,0.0,0.5,0.0032462250967962617,0.08172499117283082,0.0052611243984327,0.05042604912739358,0.012620665337831127,0.0,6,0.007696704337532628
B1,synthetic,1,gated,0.15,2.0,0.0,0.5,0.0,3.1859463677455895e-17,2.0509834172997393e-18,0.0,0.0,0.0,6,2.0509834172997393e-18
B1,synthetic,1,gated,0.25,0.0,0.0,0.5,0.055502941387873796,0.8508114944679366,0.054771802942700766,0.8621688162974077,0.40190763687461634,3.90625,6,0.1083964618001676
B1,synthetic,1,gated,0.25,1.0,0.0,0.5,0.005410375161327145,0.13620831862138466,0.008768540664054497,0.0840434152123233,0.021034442229719435,0.0,6,0.012827840562554454
B1,synthetic,1,gated,0.25,2.0,0.0,0.5,0.0,3.1859463677455895e-17,2.0509834172997393e-18,0.0,0.0,0.0,6,2.0509834172997393e-18
B1,synthetic,1,shrink,0.0,0.0,1.0,0.25,1.5318704747344432,27.17504915715669,1.7494197563995006,23.795693001079297,6.670923997965144,14.0625,5,2.944802100485436
B1,synthetic,1,shrink,0.05,0.0,1.0,0.25,1.4606530761297716,25.824994017206013,1.6625086667304536,22.689419734845064,6.578976359058644,20.182291666666668,6,2.816363094399594
B1,synthetic,1,shrink,0.1,0.0,1.0,0.25,1.3895513478578312,24.478041689906316,1.5757973235906821,21.584943262642962,6.481265089315067,20.182291666666668,6,2.687810630766863
B1,synthetic,1,shrink,0.15,0.0,1.0,0.25,1.3185840018525854,23.134734138219045,1.4893206163636974,20.482554250977373,6.379067101179671,18.229166666666668,6,2.559271157396544
B1,synthetic,1,shrink,0.25,0.0,1.0,0.25,1.1771496333956217,20.461922931638494,1.3172558409560478,18.285548128650436,6.160864379599349,18.880208333333332,6,2.302442189056761
B1,synthetic,1,gated,0.0,0.0,1.0,0.25,1.5318704747344432,27.17504915715669,1.7494197563995006,23.795693001079297,6.670923997965144,14.0625,5,2.944802100485436
B1,synthetic,1,gated,0.0,1.0,1.0,0.25,1.5318704747344432,27.17504915715669,1.7494197563995006,23.795693001079297,6.670923997965144,14.0625,5,2.944802100485436
B1,synthetic,1,gated,0.0,2.0,1.0,0.25,1.5318704747344432,27.17504915715669,1.7494197563995006,23.795693001079297,6.670923997965144,14.0625,5,2.944802100485436
B1,synthetic,1,gated,0.05,0.0,1.0,0.25,1.463237823022039,25.860310843791435,1.66478222118861,22.72957054690674,6.54659853636068,20.182291666666668,6,2.817844669029325
B1,synthetic,1,gated,0.05,1.0,1.0,0.25,1.480258627648159,26.1069839091141,1.6806620354752917,22.99396747092521,6.5144343978101515,20.182291666666668,6,2.8401642884756835
B1,synthetic,1,gated,0.05,2.0,1.0,0.25,1.4971479708383022,26.331048120322123,1.6950863831746281,23.256322305861357,6.542154790925106,20.182291666666668,6,2.864817834564873
B1,synthetic,1,gated,0.1,0.0,1.0,0.25,1.394759374768562,24.54900268239334,1.5803655052882604,21.665843450715712,6.4127101613473085,19.53125,6,2.6905695369247526
B1,synthetic,1,gated,0.1,1.0,1.0,0.25,1.428779592915603,25.041661652351454,1.6120808972357732,22.194305014672075,6.3503526965655235,20.182291666666668,6,2.7352807165652666
B1,synthetic,1,gated,0.1,2.0,1.0,0.25,1.4626706258833622,25.491199388026708,1.641020318522166,22.720759848348568,6.41046110564992,20.182291666666668,6,2.7850351906064708
B1,synthetic,1,gated,0.15,0.0,1.0,0.25,1.3264590124503166,23.241705272673055,1.4962069853596125,20.604882696922743,6.273442598188435,19.53125,6,2.5632953533825895
B1,synthetic,1,gated,0.15,1.0,1.0,0.25,1.3774482613074526,23.97944797392557,1.5436998766970618,21.39693694182904,6.180655887325493,20.182291666666668,6,2.6303096359751823
B1,synthetic,1,gated,0.15,2.0,1.0,0.25,1.428456191513576,24.655927280678867,1.587248878473862,22.189281378140343,6.274597452450879,20.182291666666668,6,2.7054101808751256
B1,synthetic,1,gated,0.25,0.0,1.0,0.25,1.1905150744079334,20.64218867034447,1.328860620136774,18.493163548099094,5.976905486017877,19.53125,6,2.308887159188841
B1,synthetic,1,gated,0.25,1.0,1.0,0.25,1.275299999450077,21.866157202641965,1.4076547639570671,19.81019137825694,5.826730569314843,19.53125,6,2.420406111768971
B1,synthetic,1,gated,0.25,2.0,1.0,0.25,1.360895222866311,23.001104665729404,1.4807180913835702,21.139806180790803,5.996610096775684,20.182291666666668,6,2.5472032078109477
B1,synthetic,1,shrink,0.0,0.0,2.0,0.25,3.0413124887519114,54.3392662828445,3.498142190422729,47.242987900288774,9.645758608678209,36.71875,5,5.639753362162201
B1,synthetic,1,shrink,0.05,0.0,2.0,0.25,2.894598238132053,51.63043228233473,3.323758413234584,44.96396540836512,9.52422491129587,35.15625,5,5.384188611764557
B1,synthetic,1,shrink,0.1,0.0,2.0,0.25,2.7479425783972706,48.92315086435998,3.1494745850306898,42.68585305260306,9.39390570809848,32.8125,5,5.128187530461935
B1,synthetic,1,shrink,0.15,0.0,2.0,0.25,2.601355419036911,46.21769486534787,2.9753082699167805,40.40880476453282,9.240729910793283,32.03125,5,4.870866797350378
B1,synthetic,1,shrink,0.25,0.0,2.0,0.25,2.3084387936782433,40.81371094381475,2.6274216412331453,35.858711132657504,8.87947932367607,26.5625,5,4.353266004251541
B1,synthetic,1,gated,0.0,0.0,2.0,0.25,3.0413124887519114,54.3392662828445,3.498142190422729,47.242987900288774,9.645758608678209,36.71875,5,5.639753362162201
B1,synthetic,1,gated,0.0,1.0,2.0,0.25,3.0413124887519114,54.3392662828445,3.498142190422729,47.242987900288774,9.645758608678209,36.71875,5,5.639753362162201
B1,synthetic,1,gated,0.0,2.0,2.0,0.25,3.0413124887519114,54.3392662828445,3.498142190422729,47.242987900288774,9.645758608678209,36.71875,5,5.639753362162201
B1,synthetic,1,gated,0.05,0.0,2.0,0.25,2.8974030312608337,51.70379343447599,3.328481107503358,45.00753436365527,9.501118511755223,35.9375,5,5.388826206048151
B1,synthetic,1,gated,0.05,1.0,2.0,0.25,2.9166398693600377,51.95444832997378,3.3446172559123704,45.30635459765676,9.453514487747668,35.9375,5,5.411516218973622
B1,synthetic,1,gated,0.05,2.0,2.0,0.25,2.9360139307772815,52.206116523521274,3.3608186363515813,45.60730642437612,9.405848077873173,35.9375,5,5.434336059438517
B1,synthetic,1,gated,0.1,0.0,2.0,0.25,2.7536164435030117,49.07167788741893,3.159036154063955,42.77398945474186,9.349504869077732,34.375,5,5.137727685609232
B1,synthetic,1,gated,0.1,1.0,2.0,0.25,2.792080520402463,49.5725422698898,3.191279777282595,43.37148080963458,9.254567208560836,35.15625,5,5.183091644664877
B1,synthetic,1,gated,0.1,2.0,2.0,0.25,2.8311141332836134,50.07764117116419,3.2237960016954728,43.977819194088305,9.159434983194748,35.15625,5,5.229000447607528
B1,synthetic,1,gated,0.15,0.0,2.0,0.25,2.609973032686443,46.44349045531346,2.9898440767780405,40.542668620640974,9.179950975902766,33.59375,5,4.885798709025988
B1,synthetic,1,gated,0.15,1.0,2.0,0.25,2.667650308576707,47.19398899904701,3.038158137663953,41.438613005535,9.0419662007586,33.59375,5,4.954068506106843
B1,synthetic,1,gated,0.15,2.0,2.0,0.25,2.7266591198971395,47.95446265530534,3.0871143559502894,42.35524112892973,8.90215841133819,34.375,5,5.023528870017208
B1,synthetic,1,gated,0.25,0.0,2.0,0.25,2.323221948359608,41.20190572156634,2.6524120509874143,36.08834896182592,8.779888660815553,26.5625,5,4.3792367472617615
B1,synthetic,1,gated,0.25,1.0,2.0,0.25,2.4192569802381283,42.449194490221785,2.732707457306722,37.580133139157425,8.563259662174445,26.5625,5,4.493603970734647
B1,synthetic,1,gated,0.25,2.0,2.0,0.25,2.5193045184015426,43.727080586449624,2.814972595825541,39.134246586029015,8.34206067089062,26.5625,5,4.611652981906295
B1,synthetic,2,shrink,0.0,0.0,0.0,0.5,0.0,3.1859463677455895e-17,2.0509834172997393e-18,0.0,0.0,0.0,6,2.0509834172997393e-18
B1,synthetic,2,shrink,0.05,0.0,0.0,0.5,0.015604526475250319,0.27939098646582955,0.017986061723628828,0.24239681327929552,0.17083630663786784,0.6510416666666666,6,0.03678607544237507
B1,synthetic,2,shrink,0.1,0.0,0.0,0.5,0.031209052950500703,0.5587819729316581,0.03597212344725759,0.48479362655859204,0.3416726132757309,1.3020833333333333,6,0.0735721508847498
B1,synthetic,2,shrink,0.15,0.0,0.0,0.5,0.04681357942575096,0.8381729593974877,0.05395818517088642,0.7271904398378867,0.5125089199135967,3.2552083333333335,6,0.11035822632712473
B1,synthetic,2,shrink,0.25,0.0,0.0,0.5,0.07802263237625165,1.3969549323291457,0.089930308618144,1.2119840663964785,0.8541815331893279,3.2552083333333335,6,0.18393037721187452
B1,synthetic,2,gated,0.0,0.0,0.0,0.5,0.0,3.1859463677455895e-17,2.0509834172997393e-18,0.0,0.0,0.0,6,2.0509834172997393e-18
B1,synthetic,2,gated,0.0,1.0,0.0,0.5,0.0,3.1859463677455895e-17,2.0509834172997393e-18,0.0,0.0,0.0,6,2.0509834172997393e-18
B1,synthetic,2,gated,0.0,2.0,0.0,0.5,0.0,3.1859463677455895e-17,2.0509834172997393e-18,0.0,0.0,0.0,6,2.0509834172997393e-18
B1,synthetic,2,gated,0.05,0.0,0.0,0.5,0.017187992276784754,0.21745721588112354,0.013999016061904056,0.2669939751885316,0.1593481356838057,0.0,6,0.03285120069881708
B1,synthetic,2,gated,0.05,1.0,0.0,0.5,0.00036121575813771956,0.010543117469013322,0.0006787232614618913,0.005611035286313834,0.0014504448063285362,0.0,6,0.0009527049108994402
B1,synthetic,2,gated,0.05,2.0,0.0,0.5,0.0,3.1859463677455895e-17,2.0509834172997393e-18,0.0,0.0,0.0,6,2.0509834172997393e-18
B1,synthetic,2,gated,0.1,0.0,0.0,0.5,0.03437598455356956,0.4349144317622471,0.027998032123808112,0.5339879503770638,0.3186962713676147,0.6510416666666666,6,0.0657024013976344
B1,synthetic,2,gated,0.1,1.0,0.0,0.5,0.0007224315162754642,0.02108623493802664,0.0013574465229237822,0.011222070572628057,0.0029008896126570725,0.0,6,0.0019054098217988927
B1,synthetic,2,gated,0.1,2.0,0.0,0.5,0.0,3.1859463677455895e-17,2.0509834172997393e-18,0.0,0.0,0.0,6,2.0509834172997393e-18
B1,synthetic,2,gated,0.15,0.0,0.0,0.5,0.05156397683035433,0.6523716476433706,0.04199704818571217,0.8009819255655958,0.47804440705142043,1.3020833333333333,6,0.09855360209645149
B1,synthetic,2,gated,0.15,1.0,0.0,0.5,0.0010836472744131897,0.03162935240703997,0.002036169784385674,0.016833105858941984,0.004351334418986497,0.0,6,0.002858114732698394
B1,synthetic,2,gated,0.15,2.0,0.0,0.5,0.0,3.1859463677455895e-17,2.0509834172997393e-18,0.0,0.0,0.0,6,2.0509834172997393e-18
B1,synthetic,2,gated,0.25,0.0,0.0,0.5,0.08593996138392383,1.0872860794056176,0.06999508030952027,1.3349698759426587,0.7967406784190348,3.2552083333333335,6,0.16425600349408584
B1,synthetic,2,gated,0.25,1.0,0.0,0.5,0.0018060787906886368,0.05271558734506662,0.003393616307309457,0.028055176431569774,0.007252224031645049,0.0,6,0.004763524554497373
B1,synthetic,2,gated,0.25,2.0,0.0,0.5,0.0,3.1859463677455895e-17,2.0509834172997393e-18,0.0,0.0,0.0,6,2.0509834172997393e-18
B1,synthetic,2,shrink,0.0,0.0,1.0,0.25,1.5111052714719362,20.025199816311115,1.2891413730994608,23.473131524708204,7.431505272184925,18.880208333333332,6,2.523104261849581
B1,synthetic,2,shrink,0.05,0.0,1.0,0.25,1.44519983133264,19.06505528499653,1.2273311514374212,22.449372893334644,7.185467973173424,18.880208333333332,6,2.4125024338949945
B1,synthetic,2,shrink,0.1,0.0,1.0,0.25,1.3794091530747021,18.109350344750393,1.16580673269263,21.427396944336696,6.925882132568115,19.53125,6,2.30137158948703
B1,synthetic,2,shrink,0.15,0.0,1.0,0.25,1.3137504781264215,17.158826834897475,1.1046158734804779,20.407471501751356,6.646543395379983,20.182291666666668,6,2.1893686946742874
B1,synthetic,2,shrink,0.25,0.0,1.0,0.25,1.1829170205157862,15.277187892037562,0.9834835685483669,18.375137278381654,6.073881884891082,20.182291666666668,6,1.9659540289968689
B1,synthetic,2,gated,0.0,0.0,1.0,0.25,1.5111052714719362,20.025199816311115,1.2891413730994608,23.473131524708204,7.431505272184925,18.880208333333332,6,2.523104261849581
B1,synthetic,2,gated,0.0,1.0,1.0,0.25,1.5111052714719362,20.025199816311115,1.2891413730994608,23.473131524708204,7.431505272184925,18.880208333333332,6,2.523104261849581
B1,synthetic,2,gated,0.0,2.0,1.0,0.25,1.5111052714719362,20.025199816311115,1.2891413730994608,23.473131524708204,7.431505272184925,18.880208333333332,6,2.523104261849581
B1,synthetic,2,gated,0.05,0.0,1.0,0.25,1.44364586335003,19.081353120317626,1.228380340159487,22.425233943170397,7.169026374538405,18.880208333333332,6,2.411716195002984
B1,synthetic,2,gated,0.05,1.0,1.0,0.25,1.4671434256177638,19.35222920683355,1.2458182470624939,22.79023920126421,7.2744921537739815,18.880208333333332,6,2.447692343355156
B1,synthetic,2,gated,0.05,2.0,1.0,0.25,1.489785906880501,19.619677506963562,1.2630354869415132,23.14196184478875,7.377218077468625,18.880208333333332,6,2.4828439033623466
B1,synthetic,2,gated,0.1,0.0,1.0,0.25,1.3763972630541526,18.141495232903253,1.167876090583269,21.380610997702117,6.892976031439518,19.53125,6,2.299816640664071
B1,synthetic,2,gated,0.1,1.0,1.0,0.25,1.423257630439079,18.682385528917315,1.202696420232703,22.108528230001276,7.113015040330372,18.880208333333332,6,2.372232375459886
B1,synthetic,2,gated,0.1,2.0,1.0,0.25,1.4685148990737125,19.218626056378387,1.2372174165884884,22.811543327073245,7.321644761642369,18.880208333333332,6,2.4428127437969605
B1,synthetic,2,gated,0.15,0.0,1.0,0.25,1.309391951401948,17.20627980804611,1.1076707039702416,20.33976723720474,6.599089651461177,19.53125,6,2.1871893816929835
B1,synthetic,2,gated,0.15,1.0,1.0,0.25,1.379455144351994,18.016017568125864,1.1597983460140149,21.428111361340754,6.943720878290186,19.53125,6,2.2965345847485943
B1,synthetic,2,gated,0.15,2.0,1.0,0.25,1.447294380164392,18.822331251366016,1.2117055598393884,22.48190909126925,7.264999504651155,18.880208333333332,6,2.403044035047455
B1,synthetic,2,gated,0.25,0.0,1.0,0.25,1.1762773587621527,15.353165973824622,0.9883747301636759,18.271998432554717,5.991884231554554,19.53125,6,1.9622466824496
B1,synthetic,2,gated,0.25,1.0,1.0,0.25,1.292133973259301,16.69537143949753,1.0747804895503963,20.07168611907172,6.581675924207911,19.53125,6,2.1445491528703338
B1,synthetic,2,gated,0.25,2.0,1.0,0.25,1.4050139542865943,18.045261397092702,1.161680945447469,21.825135525398824,7.145119506665616,18.880208333333332,6,2.3241618182959147
B1,synthetic,2,shrink,0.0,0.0,2.0,0.25,3.0236779456435543,40.0618978313835,2.579022953731193,46.96905731611617,12.007103400744745,44.53125,5,4.863830681270478
B1,synthetic,2,shrink,0.05,0.0,2.0,0.25,2.8820989630977554,38.09897188121982,2.4526577200307322,44.769804794685456,11.588045771540306,25.0,5,4.639698720989814
B1,synthetic,2,shrink,0.1,0.0,2.0,0.25,2.7405780737365237,36.13827270380368,2.3264358369536704,42.57145467826104,11.1662938061094,25.0,5,4.4155657074557
B1,synthetic,2,shrink,0.15,0.0,2.0,0.25,2.59912476700137,34.180183508543685,2.2003819739718584,40.3741543734551,10.740981357612966,24.21875,5,4.191405295830342
B1,synthetic,2,shrink,0.25,0.0,2.0,0.25,2.3164704185341733,30.273860196024017,1.9489086780714486,35.98347238533761,9.879623165351406,25.0,5,3.743154069005353
B1,synthetic,2,gated,0.0,0.0,2.0,0.25,3.0236779456435543,40.0618978313835,2.579022953731193,46.96905731611617,12.007103400744745,44.53125,5,4.863830681270478
B1,synthetic,2,gated,0.0,1.0,2.0,0.25,3.0236779456435543,40.0618978313835,2.579022953731193,46.96905731611617,12.007103400744745,44.53125,5,4.863830681270478
B1,synthetic,2,gated,0.0,2.0,2.0,0.25,3.0236779456435543,40.0618978313835,2.579022953731193,46.96905731611617,12.007103400744745,44.53125,5,4.863830681270478
B1,synthetic,2,gated,0.05,0.0,2.0,0.25,2.8812833445436357,38.131569073502824,2.4547561954319455,44.75713517996285,11.565049211164412,25.0,5,4.639908961565584
B1,synthetic,2,gated,0.05,1.0,2.0,0.25,2.905284884515924,38.40915895519548,2.4726263093147693,45.12996910172945,11.652821824372168,25.0,5,4.675430291280241
B1,synthetic,2,gated,0.05,2.0,2.0,0.25,2.9293037655973757,38.68725407595509,2.4905289484453057,45.503072395950674,11.740594437579922,25.0,5,4.7109928167971935
B1,synthetic,2,gated,0.1,0.0,2.0,0.25,2.7390344688732684,36.20448758696828,2.3306984833285096,42.54747670620217,11.12090133689582,25.0,5,4.416134367818867
B1,synthetic,2,gated,0.1,1.0,2.0,0.25,2.786976169925846,36.75939992218868,2.3664214951505027,43.29219110537121,11.296763704477934,25.0,5,4.48714953812417
B1,synthetic,2,gated,0.1,2.0,2.0,0.25,2.8349916209699173,37.31641545565934,2.402279902369551,44.0380511184713,11.472308930893446,25.0,5,4.558316562556631
B1,synthetic,2,gated,0.15,0.0,2.0,0.25,2.596955265183663,34.28120100193514,2.206885071635416,40.340453874574216,10.672335777750897,24.21875,5,4.192404517787673
B1,synthetic,2,gated,0.15,1.0,2.0,0.25,2.6687630193752154,35.11304075174929,2.260435550387726,41.455897576911624,10.939284170077414,25.0,5,4.299043931472245
B1,synthetic,2,gated,0.15,2.0,2.0,0.25,2.7407479158892474,35.949817265430056,2.3143038380312353,42.574092963802485,11.204023424206971,25.0,5,4.405947509826903
B1,synthetic,2,gated,0.25,0.0,2.0,0.25,2.31343088451279,30.448887686628293,1.9601762400252605,35.936257023704826,9.768300157451792,23.4375,5,3.745735338941098
B1,synthetic,2,gated,0.25,1.0,2.0,0.25,2.4326791256189377,31.83263103837346,2.0492560405190874,37.788629390090755,10.217326413489397,24.21875,5,3.9233457542839774
B1,synthetic,2,gated,0.25,2.0,2.0,0.25,2.5524961422849017,33.23143320178077,2.1393052664029955,39.64983697383424,10.662240400700256,24.21875,5,4.101945251561678
B1,synthetic,3,shrink,0.0,0.0,0.0,0.5,0.0,3.1859463677455895e-17,2.0509834172997393e-18,0.0,0.0,0.0,6,2.0509834172997393e-18
B1,synthetic,3,shrink,0.05,0.0,0.0,0.5,0.011334837301841892,0.2771819260809307,0.01784385135050044,0.17607252904235843,0.204673444889741,0.6510416666666666,6,0.036687318590321934
B1,synthetic,3,shrink,0.1,0.0,0.0,0.5,0.022669674603683743,0.5543638521618602,0.0356877027010008,0.35214505808471624,0.40934688977947725,1.3020833333333333,6,0.07337463718064346
B1,synthetic,3,shrink,0.15,0.0,0.0,0.5,0.03400451190552557,0.831545778242791,0.05353155405150124,0.5282175871270737,0.6140203346692189,1.953125,6,0.1100619557709654
B1,synthetic,3,shrink,0.25,0.0,0.0,0.5,0.05667418650920935,1.3859096304046512,0.08921925675250204,0.8803626452117904,1.0230940246057694,2.6041666666666665,6,0.1834190054506665
B1,synthetic,3,gated,0.0,0.0,0.0,0.5,0.0,3.1859463677455895e-17,2.0509834172997393e-18,0.0,0.0,0.0,6,2.0509834172997393e-18
B1,synthetic,3,gated,0.0,1.0,0.0,0.5,0.0,3.1859463677455895e-17,2.0509834172997393e-18,0.0,0.0,0.0,6,2.0509834172997393e-18
B1,synthetic,3,gated,0.0,2.0,0.0,0.5,0.0,3.1859463677455895e-17,2.0509834172997393e-18,0.0,0.0,0.0,6,2.0509834172997393e-18
B1,synthetic,3,gated,0.05,0.0,0.0,0.5,0.010064582583743282,0.17011177594937701,0.010951108125729808,0.15634070980334153,0.08721212276446118,0.6510416666666666,6,0.021597763155431403
B1,synthetic,3,gated,0.05,1.0,0.0,0.5,0.0018159048300414344,0.03835550853449055,0.002469172512216646,0.028207811670457206,0.007620653120866017,0.0,6,0.003867711753749121
B1,synthetic,3,gated,0.05,2.0,0.0,0.5,0.0,3.1859463677455895e-17,2.0509834172997393e-18,0.0,0.0,0.0,6,2.0509834172997393e-18
B1,synthetic,3,gated,0.1,0.0,0.0,0.5,0.020129165167486602,0.3402235518987541,0.02190221625145962,0.31268141960668366,0.17442424552892,1.953125,6,0.04319552631086268
B1,synthetic,3,gated,0.1,1.0,0.0,0.5,0.003631809660082878,0.07671101706898113,0.004938345024433294,0.05641562334091456,0.01524130624172848,0.0,6,0.00773542350749802
B1,synthetic,3,gated,0.1,2.0,0.0,0.5,0.0,3.1859463677455895e-17,2.0509834172997393e-18,0.0,0.0,0.0,6,2.0509834172997393e-18
B1,synthetic,3,gated,0.15,0.0,0.0,0.5,0.030193747751229877,0.5103353278481311,0.03285332437718942,0.4690221294100251,0.26163636829338266,3.2552083333333335,6,0.06479328946629417
B1,synthetic,3,gated,0.15,1.0,0.0,0.5,0.005447714490124336,0.11506652560347166,0.007407517536649939,0.08462343501137214,0.022861959362593314,0.0,6,0.011603135261247075
B1,synthetic,3,gated,0.15,2.0,0.0,0.5,0.0,3.1859463677455895e-17,2.0509834172997393e-18,0.0,0.0,0.0,6,2.0509834172997393e-18
B1,synthetic,3,gated,0.25,0.0,0.0,0.5,0.050322912918716455,0.850558879746885,0.054755540628649034,0.7817035490167084,0.43606061382230443,6.510416666666667,6,0.10798881577715695
B1,synthetic,3,gated,0.25,1.0,0.0,0.5,0.009079524150207243,0.1917775426724528,0.012345862561083233,0.14103905835228714,0.03810326560432298,0.0,6,0.019338558768745188
B1,synthetic,3,gated,0.25,2.0,0.0,0.5,0.0,3.1859463677455895e-17,2.0509834172997393e-18,0.0,0.0,0.0,6,2.0509834172997393e-18
B1,synthetic,3,shrink,0.0,0.0,1.0,0.25,1.448175256487923,23.71866503304465,1.5269117256887352,22.49559240386805,11.854046615618133,3.90625,5,3.014114931855455
B1,synthetic,3,shrink,0.05,0.0,1.0,0.25,1.3804336903822219,22.58194989810724,1.4537346026978049,21.44331185074686,11.587643882891433,3.90625,5,2.889917095333327
B1,synthetic,3,shrink,0.1,0.0,1.0,0.25,1.3127776795400468,21.44888671235239,1.3807925774250938,20.392360291701255,11.304639335243733,3.90625,5,2.7649283764619064
B1,synthetic,3,shrink,0.15,0.0,1.0,0.25,1.245221169340077,20.320086391201162,1.308124978134588,19.34295435075743,11.014126999480283,3.90625,5,2.6397805128598333
B1,synthetic,3,shrink,0.25,0.0,1.0,0.25,1.1104792644954953,18.078465634077837,1.1638184999314383,17.249907285131254,10.420585015969808,4.6875,5,2.3898932498914656
B1,synthetic,3,gated,0.0,0.0,1.0,0.25,1.448175256487923,23.71866503304465,1.5269117256887352,22.49559240386805,11.854046615618133,3.90625,5,3.014114931855455
B1,synthetic,3,gated,0.0,1.0,1.0,0.25,1.448175256487923,23.71866503304465,1.5269117256887352,22.49559240386805,11.854046615618133,3.90625,5,3.014114931855455
B1,synthetic,3,gated,0.0,2.0,1.0,0.25,1.448175256487923,23.71866503304465,1.5269117256887352,22.49559240386805,11.854046615618133,3.90625,5,3.014114931855455
B1,synthetic,3,gated,0.05,0.0,1.0,0.25,1.378877026464662,22.617815926367722,1.4560435125385787,21.41913102260306,11.584711656853443,4.6875,5,2.8912589083622597
B1,synthetic,3,gated,0.05,1.0,1.0,0.25,1.398167971964554,22.832821824068358,1.4698847226502758,21.718791747440488,11.623394344007094,4.6875,5,2.9172358261723605
B1,synthetic,3,gated,0.05,2.0,1.0,0.25,1.4174888322586294,23.04881101782465,1.4837892333851368,22.018917161212347,11.661574796827152,5.46875,5,2.9432586701875865
B1,synthetic,3,gated,0.1,0.0,1.0,0.25,1.3097277957180964,21.520803169707875,1.3854222680865664,20.344984158853816,11.293937806491257,4.6875,5,2.7673442040732006
B1,synthetic,3,gated,0.1,1.0,1.0,0.25,1.348293281297271,21.950079182220758,1.4130573215834488,20.944050770826134,11.377644483612277,5.46875,5,2.8196506976846023
B1,synthetic,3,gated,0.1,2.0,1.0,0.25,1.3869819746652086,22.38343382957112,1.440954941095302,21.54503126178829,11.460677645838965,5.46875,5,2.8722380030404615
B1,synthetic,3,gated,0.15,0.0,1.0,0.25,1.2407524764422295,20.42824481742228,1.315087780172518,19.273538792414147,10.996560862046517,4.6875,5,2.6433781315663545
B1,synthetic,3,gated,0.15,1.0,1.0,0.25,1.2985664623713054,21.07082679721186,1.3564546091357013,20.171606796874833,11.124821270595307,5.46875,5,2.721908839852643
B1,synthetic,3,gated,0.15,2.0,1.0,0.25,1.3566667973045798,21.722944849903676,1.3984353319040863,21.07412287518214,11.25149399755449,5.46875,5,2.801094407926805
B1,synthetic,3,gated,0.25,0.0,1.0,0.25,1.1034539492468964,18.259686667791787,1.1754847771411276,17.14077779432333,10.388414816107307,4.6875,5,2.3959758821207218
B1,synthetic,3,gated,0.25,1.0,1.0,0.25,1.1996299419090393,19.324696634397043,1.2440458114033577,18.63475162122873,10.610814244262036,5.46875,5,2.5269420884135334
B1,synthetic,3,gated,0.25,2.0,1.0,0.25,1.2966651756780474,20.418525551459734,1.3144620931390099,20.142072684685846,10.826364404085602,5.46875,5,2.659752234539616
B1,synthetic,3,shrink,0.0,0.0,2.0,0.25,2.871358097412261,47.420511824714886,3.0527407610184523,44.602958872244024,17.32248374762327,33.854166666666664,3,5.603571253342878
B1,synthetic,3,shrink,0.05,0.0,2.0,0.25,2.732385139503916,45.09768335169577,2.903206458507108,42.44418768604947,17.045790652733157,33.854166666666664,3,5.366738089501868
B1,synthetic,3,shrink,0.1,0.0,2.0,0.25,2.5934557592573846,42.77668835282697,2.753790187646152,40.286093424359514,16.764181287516667,33.854166666666664,3,5.129728256542189
B1,synthetic,3,shrink,0.15,0.0,2.0,0.25,2.454577356186874,40.45784237886542,2.604512262317084,38.12879102937804,16.478389270303545,33.854166666666664,3,4.892612995483425
B1,synthetic,3,shrink,0.25,0.0,2.0,0.25,2.1770125022551428,35.8282662057363,2.306478872416277,33.81716797704793,15.89336253780418,28.3203125,4,4.418135523694348
B1,synthetic,3,gated,0.0,0.0,2.0,0.25,2.871358097412261,47.420511824714886,3.0527407610184523,44.602958872244024,17.32248374762327,33.854166666666664,3,5.603571253342878
B1,synthetic,3,gated,0.0,1.0,2.0,0.25,2.871358097412261,47.420511824714886,3.0527407610184523,44.602958872244024,17.32248374762327,33.854166666666664,3,5.603571253342878
B1,synthetic,3,gated,0.0,2.0,2.0,0.25,2.871358097412261,47.420511824714886,3.0527407610184523,44.602958872244024,17.32248374762327,33.854166666666664,3,5.603571253342878
B1,synthetic,3,gated,0.05,0.0,2.0,0.25,2.732808231963014,45.14912159854548,2.9065178447994757,42.4507598985399,17.046308834699314,33.854166666666664,3,5.370294380483001
B1,synthetic,3,gated,0.05,1.0,2.0,0.25,2.7520873599748454,45.375811598176156,2.9211112301375723,42.75023705347206,17.05391475633739,33.854166666666664,3,5.3950169683002445
B1,synthetic,3,gated,0.05,2.0,2.0,0.25,2.7713818095452782,45.602984884556676,2.935735727521991,43.049952209665285,17.061520677975473,33.854166666666664,3,5.419778328943109
B1,synthetic,3,gated,0.1,0.0,2.0,0.25,2.5943854699407716,42.88093400442367,2.760501101078814,40.30053531769618,16.764374254853283,33.854166666666664,3,5.136916447773228
B1,synthetic,3,gated,0.1,1.0,2.0,0.25,2.6329277647921274,43.33408763133101,2.7896732988184083,40.89924169070003,16.78037134816463,33.854166666666664,3,5.186389621106318
B1,synthetic,3,gated,0.1,2.0,2.0,0.25,2.6715340976624846,43.7892591972962,2.8189754033130785,41.49894281428213,16.796222748391312,33.854166666666664,3,5.236015341072441
B1,synthetic,3,gated,0.15,0.0,2.0,0.25,2.4561113015170775,40.6164855893811,2.614725070584321,38.152618952665286,16.477249316091147,33.854166666666664,3,4.903519390774066
B1,synthetic,3,gated,0.15,1.0,2.0,0.25,2.5138951164706165,41.29578137846548,2.6584553861024527,39.05021828873445,16.503050960020357,33.854166666666664,3,4.977802619251471
B1,synthetic,3,gated,0.15,2.0,2.0,0.25,2.5718299371574895,41.97982746175333,2.70249150634904,39.95016331011519,16.528852603949566,33.854166666666664,3,5.052467155323999
B1,synthetic,3,gated,0.25,0.0,2.0,0.25,2.18012181255441,36.101619692490885,2.3240762643269086,33.86546722593795,15.88122292155303,28.3203125,4,4.4365060713585285
B1,synthetic,3,gated,0.25,1.0,2.0,0.25,2.276290300814614,37.2316664387807,2.396824103426723,35.359324481339655,15.93845921501346,33.854166666666664,3,4.561022795671656
B1,synthetic,3,gated,0.25,2.0,2.0,0.25,2.372924625226411,38.37627398629096,2.470509308018564,36.86041791906548,15.984736423711055,33.854166666666664,3,4.686004301999131
B1,synthetic,4,shrink,0.0,0.0,0.0,0.5,2.1361443859747722e-18,2.968339244401673e-17,1.993844215049136e-18,3.1801888857404884e-17,0.0,0.0,6,3.061916408036522e-18
B1,synthetic,4,shrink,0.05,0.0,0.0,0.5,0.012375355014990683,0.25444665293256546,0.017091273780280886,0.1842383255278278,0.1562194166487251,1.953125,6,0.033772266051271045
B1,synthetic,4,shrink,0.1,0.0,0.0,0.5,0.02475071002998143,0.50889330586513,0.034182547560561716,0.3684766510556565,0.31243883329744815,1.953125,6,0.06754453210254192
B1,synthetic,4,shrink,0.15,0.0,0.0,0.5,0.037126065044972095,0.7633399587976956,0.0512738213408426,0.552714976583484,0.4686582499461703,3.2552083333333335,6,0.10131679815381275
B1,synthetic,4,shrink,0.25,0.0,0.0,0.5,0.06187677507495352,1.2722332646628256,0.08545636890140432,0.9211916276391404,0.7800495900529345,4.557291666666667,6,0.16879096975957228
B1,synthetic,4,gated,0.0,0.0,0.0,0.5,2.1361443859747722e-18,2.968339244401673e-17,1.993844215049136e-18,3.1801888857404884e-17,0.0,0.0,6,3.061916408036522e-18
B1,synthetic,4,gated,0.0,1.0,0.0,0.5,2.1361443859747722e-18,2.968339244401673e-17,1.993844215049136e-18,3.1801888857404884e-17,0.0,0.0,6,3.061916408036522e-18
B1,synthetic,4,gated,0.0,2.0,0.0,0.5,2.1361443859747722e-18,2.968339244401673e-17,1.993844215049136e-18,3.1801888857404884e-17,0.0,0.0,6,3.061916408036522e-18
B1,synthetic,4,gated,0.05,0.0,0.0,0.5,0.006956234302858961,0.14687410826317476,0.009865587016488743,0.10356106619854706,0.05922746841512675,1.3020833333333333,6,0.01732203466010256
B1,synthetic,4,gated,0.05,1.0,0.0,0.5,0.0016680969583465623,0.03133219319219466,0.002104594758125485,0.024833824165169997,0.007151123969800703,0.0,6,0.0034189868228635743
B1,synthetic,4,gated,0.05,2.0,0.0,0.5,2.1361443859747722e-18,2.968339244401673e-17,1.993844215049136e-18,3.1801888857404884e-17,0.0,0.0,6,3.061916408036522e-18
B1,synthetic,4,gated,0.1,0.0,0.0,0.5,0.013912468605717902,0.2937482165263496,0.01973117403297749,0.20712213239709382,0.11845493683025203,1.953125,6,0.034644069320205015
B1,synthetic,4,gated,0.1,1.0,0.0,0.5,0.003336193916693163,0.06266438638438933,0.004209189516250971,0.04966764833034057,0.014302247939601997,0.0,6,0.006837973645727209
B1,synthetic,4,gated,0.1,2.0,0.0,0.5,2.1361443859747722e-18,2.968339244401673e-17,1.993844215049136e-18,3.1801888857404884e-17,0.0,0.0,6,3.061916408036522e-18
B1,synthetic,4,gated,0.15,0.0,0.0,0.5,0.020868702908576866,0.44062232478952434,0.029596761049466232,0.3106831985956409,0.17768240524537435,1.953125,6,0.05196610398030728
B1,synthetic,4,gated,0.15,1.0,0.0,0.5,0.005004290875039712,0.093996579576584,0.006313784274376457,0.07450147249551037,0.021453371909404478,0.0,6,0.010256960468590898
B1,synthetic,4,gated,0.15,2.0,0.0,0.5,2.1361443859747722e-18,2.968339244401673e-17,1.993844215049136e-18,3.1801888857404884e-17,0.0,0.0,6,3.061916408036522e-18
B1,synthetic,4,gated,0.25,0.0,0.0,0.5,0.03478117151429478,0.7343705413158739,0.049327935082443715,0.517805330992735,0.2961373420756237,5.208333333333333,6,0.08661017330051211
B1,synthetic,4,gated,0.25,1.0,0.0,0.5,0.008340484791732876,0.1566609659609733,0.010522973790627424,0.12416912082585095,0.03575561984900796,0.0,6,0.017094934114318203
B1,synthetic,4,gated,0.25,2.0,0.0,0.5,2.1361443859747722e-18,2.968339244401673e-17,1.993844215049136e-18,3.1801888857404884e-17,0.0,0.0,6,3.061916408036522e-18
B1,synthetic,4,shrink,0.0,0.0,1.0,0.25,1.3130547446516896,25.43706582104115,1.7086169187285771,19.54812667498888,5.884023657037095,14.973958333333334,6,2.7603762899548863
B1,synthetic,4,shrink,0.05,0.0,1.0,0.25,1.2501827872319382,24.182263872047038,1.6243314176103048,18.612119251877342,5.580506593656627,13.671875,6,2.624267459114512
B1,synthetic,4,shrink,0.1,0.0,1.0,0.25,1.1874397445590765,22.930420828952943,1.5402446672723804,17.678031049432526,5.275396434210925,13.671875,6,2.4883148275885705
B1,synthetic,4,shrink,0.15,0.0,1.0,0.25,1.1248471891127407,21.682049207366966,1.4563910935737168,16.746183228342012,4.969195714943786,13.671875,6,2.3525973630171935
B1,synthetic,4,shrink,0.25,0.0,1.0,0.25,1.0002264853191296,19.198427273425214,1.2895653092669412,14.890890207234962,4.35263558685504,11.71875,6,2.082046659831815
B1,synthetic,4,gated,0.0,0.0,1.0,0.25,1.3130547446516896,25.43706582104115,1.7086169187285771,19.54812667498888,5.884023657037095,14.973958333333334,6,2.7603762899548863
B1,synthetic,4,gated,0.0,1.0,1.0,0.25,1.3130547446516896,25.43706582104115,1.7086169187285771,19.54812667498888,5.884023657037095,14.973958333333334,6,2.7603762899548863
B1,synthetic,4,gated,0.0,2.0,1.0,0.25,1.3130547446516896,25.43706582104115,1.7086169187285771,19.54812667498888,5.884023657037095,14.973958333333334,6,2.7603762899548863
B1,synthetic,4,gated,0.05,0.0,1.0,0.25,1.249537287981278,24.215471145750005,1.6265619622050673,18.602509369904094,5.593177205095432,13.020833333333334,6,2.6270263436407064
B1,synthetic,4,gated,0.05,1.0,1.0,0.25,1.2613831296404703,24.403674422811946,1.6392036444498095,18.7788645556029,5.6452322851282695,13.020833333333334,6,2.6490875052833807
B1,synthetic,4,gated,0.05,2.0,1.0,0.25,1.2732317342215769,24.592123143341233,1.6518618132210972,18.955260874352557,5.697287365161109,13.020833333333334,6,2.6711665349135574
B1,synthetic,4,gated,0.1,0.0,1.0,0.25,1.1861084021253219,22.99721240356869,1.544731081516062,17.65821066444947,5.300636379023897,13.020833333333334,6,2.4938309468446387
B1,synthetic,4,gated,0.1,1.0,1.0,0.25,1.2097786024195525,23.372794832444917,1.5699590892143505,18.010601206929646,5.404847817154209,13.020833333333334,6,2.537893974710975
B1,synthetic,4,gated,0.1,2.0,1.0,0.25,1.2334610356867366,23.74941998405579,1.5952571369761626,18.363173868019793,5.508957977219887,13.020833333333334,6,2.5820263562430505
B1,synthetic,4,gated,0.15,0.0,1.0,0.25,1.1227830979589708,21.7828493121673,1.4631618731000646,16.715454033305043,5.005480180710056,12.369791666666666,6,2.360773337666171
B1,synthetic,4,gated,0.15,1.0,1.0,0.25,1.1582501300859702,22.344774700561498,1.5009066048402822,17.24347012679123,5.163230844884831,13.020833333333334,6,2.426847754683978
B1,synthetic,4,gated,0.15,2.0,1.0,0.25,1.193747877500877,22.90920348308528,1.5388194904703447,17.771943494691385,5.320628589278667,13.020833333333334,6,2.493081977486151
B1,synthetic,4,gated,0.25,0.0,1.0,0.25,0.9965221923282038,19.368738903001645,1.3010052030737898,14.835742477162903,4.408641382268889,11.71875,6,2.0953963366937307
B1,synthetic,4,gated,0.25,1.0,1.0,0.25,1.0554658911173405,20.299049442780007,1.363494498777934,15.713267877619899,4.675873661725075,12.369791666666666,6,2.205307570734367
B1,synthetic,4,gated,0.25,2.0,1.0,0.25,1.114518777255267,21.237410172515656,1.4265245286554602,16.592418806741364,4.941125599095075,12.369791666666666,6,2.31568111232802
B1,synthetic,4,shrink,0.0,0.0,2.0,0.25,2.642995430836107,51.00104547535938,3.4257586855777484,39.34764311529618,11.126047380873615,25.390625,6,5.494597030897052
B1,synthetic,4,shrink,0.05,0.0,2.0,0.25,2.513530117880685,48.467548743769015,3.2555827930595886,37.420225886137914,10.596474970413494,25.390625,6,5.2241169113996975
B1,synthetic,4,shrink,0.1,0.0,2.0,0.25,2.3841292420298763,45.93552936993188,3.0855061351964768,35.49376796556041,10.063558420891894,24.088541666666668,6,4.95354361807845
B1,synthetic,4,shrink,0.15,0.0,2.0,0.25,2.25480389724839,43.40524589699293,2.9155460784250455,33.56843451516743,9.52648977631402,24.088541666666668,6,4.682845793655669
B1,synthetic,4,shrink,0.25,0.0,2.0,0.25,1.996438506226378,38.35126078752056,2.5760680692159883,29.722015001660345,8.441469965450318,22.786458333333332,6,4.141303915492091
B1,synthetic,4,gated,0.0,0.0,2.0,0.25,2.642995430836107,51.00104547535938,3.4257586855777484,39.34764311529618,11.126047380873615,25.390625,6,5.494597030897052
B1,synthetic,4,gated,0.0,1.0,2.0,0.25,2.642995430836107,51.00104547535938,3.4257586855777484,39.34764311529618,11.126047380873615,25.390625,6,5.494597030897052
B1,synthetic,4,gated,0.0,2.0,2.0,0.25,2.642995430836107,51.00104547535938,3.4257586855777484,39.34764311529618,11.126047380873615,25.390625,6,5.494597030897052
B1,synthetic,4,gated,0.05,0.0,2.0,0.25,2.5136625193791566,48.51496291651616,3.2587676202056612,37.42219701588298,10.609842602971026,24.088541666666668,6,5.228265848012617
B1,synthetic,4,gated,0.05,1.0,2.0,0.25,2.525639657795464,48.70721172252843,3.271681042094369,37.600506884469574,10.65598962411775,24.088541666666668,6,5.2502675512238755
B1,synthetic,4,gated,0.05,2.0,2.0,0.25,2.5376178500244437,48.899564279868606,3.284601432997327,37.77883244171173,10.702060077542194,24.088541666666668,6,5.272271607274101
B1,synthetic,4,gated,0.1,0.0,2.0,0.25,2.3844083627431822,46.032223777739084,3.092001133569645,35.49792338031638,10.09011269404913,22.786458333333332,6,4.961961836948171
B1,synthetic,4,gated,0.1,1.0,2.0,0.25,2.408352963554643,46.41628639490963,3.1177987585852613,35.85439906554657,10.18289018271699,22.786458333333332,6,5.005963659866278
B1,synthetic,4,gated,0.1,2.0,2.0,0.25,2.4323021526834863,46.80078977332297,3.1436259896930996,36.21094305943625,10.275667671384843,23.4375,6,5.049997383035296
B1,synthetic,4,gated,0.15,0.0,2.0,0.25,2.255246501911643,43.55339983260096,2.9254976319075507,33.57502380023681,9.56743834867323,22.786458333333332,6,4.695769179897444
B1,synthetic,4,gated,0.15,1.0,2.0,0.25,2.2911459568347587,44.128722464092085,2.964142261316028,34.109477596058,9.707333536300954,22.786458333333332,6,4.761760347158704
B1,synthetic,4,gated,0.15,2.0,2.0,0.25,2.3270567408163183,44.705103170857214,3.002857962023655,34.644100053445264,9.847458270966536,22.786458333333332,6,4.82784366900596
B1,synthetic,4,gated,0.25,0.0,2.0,0.25,1.9972712804588997,38.61051275044744,2.5934821174079796,29.734412943372455,8.511249039048005,21.484375,6,4.163821436432036
B1,synthetic,4,gated,0.25,1.0,2.0,0.25,2.05702548348573,39.566010130826115,2.6576632223122014,30.624004740583725,8.747408163110554,21.484375,6,4.273742536696164
B1,synthetic,4,gated,0.25,2.0,2.0,0.25,2.1168187009213293,40.52490925505886,2.7220728235824403,31.51417736552352,8.982908047934185,22.135416666666668,6,4.38386735919239
B2,semisynthetic,0,shrink,0.0,0.0,0.0,0.5,3.996170934291625e-17,1.5123485340718857e-14,5.844508874897454e-17,1.0340652026955227e-14,0.0,0.0,3,7.842594342043266e-17
B2,semisynthetic,0,shrink,0.05,0.0,0.0,0.5,0.020841434241421434,12.920995579980636,0.04993351177878557,5.393013031145811,1.044587619593176,65.10416666666667,3,0.06439106397803654
B2,semisynthetic,0,shrink,0.1,0.0,0.0,0.5,0.04168286848284285,25.841991159961236,0.099867023557571,10.786026062291615,2.0891752391863507,65.10416666666667,3,0.12878212795607297
B2,semisynthetic,0,shrink,0.15,0.0,0.0,0.5,0.06252430272426432,38.76298673994187,0.1498005353363566,16.179039093437435,3.140998593216873,65.10416666666667,3,0.19320115461148363
B2,semisynthetic,0,shrink,0.25,0.0,0.0,0.5,0.10420717120710717,64.6049778999031,0.24966755889392758,26.965065155729054,5.205144221096215,80.72916666666667,3,0.3218865550063342
B2,semisynthetic,0,gated,0.0,0.0,0.0,0.5,3.996170934291625e-17,1.5123485340718857e-14,5.844508874897454e-17,1.0340652026955227e-14,0.0,0.0,3,7.842594342043266e-17
B2,semisynthetic,0,gated,0.0,1.0,0.0,0.5,3.996170934291625e-17,1.5123485340718857e-14,5.844508874897454e-17,1.0340652026955227e-14,0.0,0.0,3,7.842594342043266e-17
B2,semisynthetic,0,gated,0.0,2.0,0.0,0.5,3.996170934291625e-17,1.5123485340718857e-14,5.844508874897454e-17,1.0340652026955227e-14,0.0,0.0,3,7.842594342043266e-17
B2,semisynthetic,0,gated,0.05,0.0,0.0,0.5,0.017835939368426326,12.146002811998443,0.04693853277202312,4.615299135482598,0.3618850707849557,65.10416666666667,3,0.05725501639680326
B2,semisynthetic,0,gated,0.05,1.0,0.0,0.5,0.011690546694885517,5.677189285093066,0.02193964050856944,3.025092704101549,0.10875310924610145,0.0,3,0.028205192976758397
B2,semisynthetic,0,gated,0.05,2.0,0.0,0.5,0.004174378605565156,1.3606487593689658,0.005258261287389284,1.0801789337514307,0.0,0.0,3,0.007345450590171863
B2,semisynthetic,0,gated,0.1,0.0,0.0,0.5,0.03567187873685266,24.292005623996886,0.09387706554404623,9.230598270965197,0.7237701415699114,65.10416666666667,3,0.11451003279360653
B2,semisynthetic,0,gated,0.1,1.0,0.0,0.5,0.023381093389771047,11.354378570186128,0.043879281017138866,6.0501854082031015,0.2175062184922023,0.0,3,0.05641038595351679
B2,semisynthetic,0,gated,0.1,2.0,0.0,0.5,0.00834875721113033,2.721297518737932,0.01051652257477857,2.1603578675028663,0.0,0.0,3,0.014690901180343736
B2,semisynthetic,0,gated,0.15,0.0,0.0,0.5,0.053507818105278986,36.43800843599532,0.14081559831606932,13.845897406447795,1.0856552123548653,65.10416666666667,3,0.17176504919040975
B2,semisynthetic,0,gated,0.15,1.0,0.0,0.5,0.03507164008465658,17.03156785527919,0.06581892152570828,9.075278112304655,0.32823327183991635,0.0,3,0.0846232072868084
B2,semisynthetic,0,gated,0.15,2.0,0.0,0.5,0.0125231358166955,4.081946278106898,0.015774783862167855,3.2405368012543008,0.0,0.0,3,0.022036351770515605
B2,semisynthetic,0,gated,0.25,0.0,0.0,0.5,0.08917969684213166,60.7300140599922,0.23469266386011553,23.076495677412996,1.8215590442804324,65.10416666666667,3,0.2863219729349917
B2,semisynthetic,0,gated,0.25,1.0,0.0,0.5,0.05845273347442765,28.38594642546531,0.10969820254284712,15.125463520507761,0.5626339062563986,0.0,3,0.14109888213477056
B2,semisynthetic,0,gated,0.25,2.0,0.0,0.5,0.02087189302782585,6.803243796844829,0.026291306436946424,5.4008946687571715,0.0,0.0,3,0.03672725295085935
B2,semisynthetic,0,shrink,0.0,0.0,1.0,0.25,0.2963719738278747,147.48541228063075,0.5699610781327238,76.69039944206466,15.91179026390454,149.73958333333334,3,0.7796385779603615
B2,semisynthetic,0,shrink,0.05,0.0,1.0,0.25,0.2828338960094801,137.59421968878135,0.5317363160597003,73.18723218181142,15.089818813942701,149.73958333333334,3,0.7314682476755467
B2,semisynthetic,0,shrink,0.1,0.0,1.0,0.25,0.27098199028428854,129.02017155347892,0.4986016918037077,70.12038556849934,14.368830979105523,149.73958333333334,3,0.6896213949700382
B2,semisynthetic,0,shrink,0.15,0.0,1.0,0.25,0.2610460224754035,122.04119371491382,0.4716312567510246,67.54931472713349,13.673532364502265,149.73958333333334,3,0.6549959770624711
B2,semisynthetic,0,shrink,0.25,0.0,1.0,0.25,0.24780088948509368,113.97889416004871,0.440474297730723,64.12195104435807,12.330942840198517,148.4375,3,0.6120279806268818
B2,semisynthetic,0,gated,0.0,0.0,1.0,0.25,0.2963719738278747,147.48541228063075,0.5699610781327238,76.69039944206466,15.91179026390454,149.73958333333334,3,0.7796385779603615
B2,semisynthetic,0,gated,0.0,1.0,1.0,0.25,0.2963719738278747,147.48541228063075,0.5699610781327238,76.69039944206466,15.91179026390454,149.73958333333334,3,0.7796385779603615
B2,semisynthetic,0,gated,0.0,2.0,1.0,0.25,0.2963719738278747,147.48541228063075,0.5699610781327238,76.69039944206466,15.91179026390454,149.73958333333334,3,0.7796385779603615
B2,semisynthetic,0,gated,0.05,0.0,1.0,0.25,0.28166209831794586,138.094531008464,0.5336697817140915,72.88401311602607,15.29531694745514,148.4375,3,0.733609967179816
B2,semisynthetic,0,gated,0.05,1.0,1.0,0.25,0.2934444074910607,144.21054535637114,0.5573052726938741,75.93285064666539,16.135067061900845,149.73958333333334,3,0.7663818481439514
B2,semisynthetic,0,gated,0.05,2.0,1.0,0.25,0.29682149299560473,146.72044671423694,0.5670048494982157,76.80671882302643,16.26076612873848,149.73958333333334,3,0.7782557348998236
B2,semisynthetic,0,gated,0.1,0.0,1.0,0.25,0.2679400807356345,129.92556271357753,0.5021005986702373,69.33324886545739,14.73580933296799,148.4375,3,0.6930175441231191
B2,semisynthetic,0,gated,0.1,1.0,1.0,0.25,0.29097642483133007,141.3482081522535,0.5462436987143806,75.29422556499436,16.396921961354384,149.73958333333334,3,0.7550982276669594
B2,semisynthetic,0,gated,0.1,2.0,1.0,0.25,0.2976463973563475,146.06690851833332,0.5644792347341645,77.02017438061436,16.6429607129357,149.73958333333334,3,0.7776195728811288
B2,semisynthetic,0,gated,0.15,0.0,1.0,0.25,0.2553652180268113,123.22176711751895,0.4761936123017098,66.07932700633836,14.230055914533352,148.4375,3,0.658868629618547
B2,semisynthetic,0,gated,0.15,1.0,1.0,0.25,0.28897980107640664,138.9239018426996,0.5368749061229604,74.777571202158,16.71890569446505,149.73958333333334,3,0.745975437417546
B2,semisynthetic,0,gated,0.15,2.0,1.0,0.25,0.29884357837478964,145.52629891473694,0.5623900353499678,77.32996173777556,17.083557800286187,149.73958333333334,3,0.777831662510671
B2,semisynthetic,0,gated,0.25,0.0,1.0,0.25,0.23437978888322045,115.18119230676999,0.4451206091004084,60.64905327735272,13.291185644967564,147.13541666666666,3,0.6136746241199477
B2,semisynthetic,0,gated,0.25,1.0,1.0,0.25,0.2864377331695578,135.47922206863993,0.5235628546631913,74.11977552510011,17.43424529222266,149.73958333333334,3,0.7341567998372891
B2,semisynthetic,0,gated,0.25,2.0,1.0,0.25,0.3023357062171324,144.78866113815224,0.5595394156451954,78.2335987304136,18.06199317858118,149.73958333333334,3,0.7805082948084723
B2,semisynthetic,0,shrink,0.0,0.0,2.0,0.25,0.5902103134490599,294.78520233508306,1.1392048145126459,152.72518554511655,35.24438994082009,208.33333333333334,3,1.5705128009148477
B2,semisynthetic,0,shrink,0.05,0.0,2.0,0.25,0.5615387125798612,277.24523316236997,1.071421163333151,145.30600722368953,33.47761577447964,208.33333333333334,3,1.4815656061830247
B2,semisynthetic,0,shrink,0.1,0.0,2.0,0.25,0.5337230841354513,260.34935890445774,1.0061266331208276,138.10832375658563,31.743074915648148,208.33333333333334,3,1.3956600850567993
B2,semisynthetic,0,shrink,0.15,0.0,2.0,0.25,0.5069043583766745,244.23129125452286,0.943837956070565,131.168602822776,30.035872956354865,208.33333333333334,3,1.3133645202990138
B2,semisynthetic,0,shrink,0.25,0.0,2.0,0.25,0.4569537220689717,215.02090653046497,0.8309536910266643,118.24317603107869,26.70435304374074,208.33333333333334,3,1.1626301947667377
B2,semisynthetic,0,gated,0.0,0.0,2.0,0.25,0.5902103134490599,294.78520233508306,1.1392048145126459,152.72518554511655,35.24438994082009,208.33333333333334,3,1.5705128009148477
B2,semisynthetic,0,gated,0.0,1.0,2.0,0.25,0.5902103134490599,294.78520233508306,1.1392048145126459,152.72518554511655,35.24438994082009,208.33333333333334,3,1.5705128009148477
B2,semisynthetic,0,gated,0.0,2.0,2.0,0.25,0.5902103134490599,294.78520233508306,1.1392048145126459,152.72518554511655,35.24438994082009,208.33333333333334,3,1.5705128009148477
B2,semisynthetic,0,gated,0.05,0.0,2.0,0.25,0.5606425479826954,277.49918776874404,1.0724025772845884,145.07411208180142,33.841440542936844,208.33333333333334,3,1.4835049477867934
B2,semisynthetic,0,gated,0.05,1.0,2.0,0.25,0.5747344861876554,286.36249734013086,1.1066550596217528,148.72059847487355,34.991895520318344,208.33333333333334,3,1.529249361366774
B2,semisynthetic,0,gated,0.05,2.0,2.0,0.25,0.5855675560717519,291.47918583464065,1.1264286307546798,151.52380704370287,35.55129569627427,208.33333333333334,3,1.556601283464535
B2,semisynthetic,0,gated,0.1,0.0,2.0,0.25,0.5315498573539713,260.8014053632802,1.0078735780088162,137.54597088698975,32.45754197670076,145.83333333333334,3,1.3990814924469845
B2,semisynthetic,0,gated,0.1,1.0,2.0,0.25,0.5594868809580295,278.2520979961284,1.0753122177588654,144.77506705200676,34.763127781704206,208.33333333333334,3,1.489398638220368
B2,semisynthetic,0,gated,0.1,2.0,2.0,0.25,0.5811304535445557,288.3266906637773,1.114245734028768,150.37564461531585,35.89976828325669,208.33333333333334,3,1.543546516535239
B2,semisynthetic,0,gated,0.15,0.0,2.0,0.25,0.503014678548382,244.8122484623346,0.946083079784111,130.1620936853542,31.08882334242723,145.83333333333334,3,1.317733957297946
B2,semisynthetic,0,gated,0.15,1.0,2.0,0.25,0.5444866712362251,270.48209919484054,1.0452848623384838,140.89355268200083,34.55650851599796,208.33333333333334,3,1.4510726925999322
B2,semisynthetic,0,gated,0.15,2.0,2.0,0.25,0.5769037511065498,285.3328054021084,1.102675789278574,149.28192615703247,36.289292479567,208.33333333333334,3,1.5313685466010358
B2,semisynthetic,0,gated,0.25,0.0,2.0,0.25,0.448041062863843,215.58440413059816,0.8331313416480424,115.93690062418314,28.39676721157166,145.83333333333334,3,1.1668918928223568
B2,semisynthetic,0,gated,0.25,1.0,2.0,0.25,0.5153145059577129,256.0859137940595,0.9896504424650456,133.34484630837338,34.202192645268624,145.83333333333334,3,1.3794829275102978
B2,semisynthetic,0,gated,0.25,2.0,2.0,0.25,0.569100065121391,279.8409583375809,1.081452408434086,147.2626131039371,37.15491757809142,208.33333333333334,3,1.5095885526872845
B2,semisynthetic,1,shrink,0.0,0.0,0.0,0.5,3.996170934291625e-17,1.5123485340718857e-14,5.844508874897454e-17,1.0340652026955227e-14,0.0,0.0,3,7.842594342043266e-17
B2,semisynthetic,1,shrink,0.05,0.0,0.0,0.5,0.015989789253498178,12.84081097245112,0.0496236363500875,4.1375819346447065,0.6363721304917647,0.0,3,0.060077807050178386
B2,semisynthetic,1,shrink,0.1,0.0,0.0,0.5,0.031979578506996335,25.681621944902208,0.09924727270017487,8.275163869289408,1.2727442609835233,0.0,3,0.1201556141003566
B2,semisynthetic,1,shrink,0.15,0.0,0.0,0.5,0.04796936776049455,38.52243291735332,0.14887090905026235,12.412745803934122,1.909116391475287,0.0,3,0.18023342115053498
B2,semisynthetic,1,shrink,0.25,0.0,0.0,0.5,0.0799489462674909,64.20405486225553,0.24811818175043726,20.687909673223533,3.190309272185369,1.3020833333333333,3,0.3004216851539134
B2,semisynthetic,1,gated,0.0,0.0,0.0,0.5,3.996170934291625e-17,1.5123485340718857e-14,5.844508874897454e-17,1.0340652026955227e-14,0.0,0.0,3,7.842594342043266e-17
B2,semisynthetic,1,gated,0.0,1.0,0.0,0.5,3.996170934291625e-17,1.5123485340718857e-14,5.844508874897454e-17,1.0340652026955227e-14,0.0,0.0,3,7.842594342043266e-17
B2,semisynthetic,1,gated,0.0,2.0,0.0,0.5,3.996170934291625e-17,1.5123485340718857e-14,5.844508874897454e-17,1.0340652026955227e-14,0.0,0.0,3,7.842594342043266e-17
B2,semisynthetic,1,gated,0.05,0.0,0.0,0.5,0.017849306020272338,11.859645316146548,0.045831897040778204,4.618757943871373,0.7470769990532121,0.0,3,0.05764364786787216
B2,semisynthetic,1,gated,0.05,1.0,0.0,0.5,0.0001421378092552194,0.0635822090155364,0.00024571504286539285,0.03678014903640505,0.0,0.0,3,0.0003167839474930026
B2,semisynthetic,1,gated,0.05,2.0,0.0,0.5,3.996170934291625e-17,1.5123485340718857e-14,5.844508874897454e-17,1.0340652026955227e-14,0.0,0.0,3,7.842594342043266e-17
B2,semisynthetic,1,gated,0.1,0.0,0.0,0.5,0.03569861204054471,23.71929063229309,0.0916637940815564,9.237515887742754,1.494153998106422,0.0,3,0.11528729573574432
B2,semisynthetic,1,gated,0.1,1.0,0.0,0.5,0.00028427561851045185,0.1271644180310728,0.0004914300857307857,0.07356029807281349,0.0,0.0,3,0.0006335678949860117
B2,semisynthetic,1,gated,0.1,2.0,0.0,0.5,3.996170934291625e-17,1.5123485340718857e-14,5.844508874897454e-17,1.0340652026955227e-14,0.0,0.0,3,7.842594342043266e-17
B2,semisynthetic,1,gated,0.15,0.0,0.0,0.5,0.053547918060817074,35.578935948439636,0.1374956911223346,13.856273831614134,2.2412309971596307,0.0,3,0.1729309436036165
B2,semisynthetic,1,gated,0.15,1.0,0.0,0.5,0.0004264134277656837,0.1907466270466086,0.0007371451285961762,0.11034044710922176,0.0,0.0,3,0.000950351842479018
B2,semisynthetic,1,gated,0.15,2.0,0.0,0.5,3.996170934291625e-17,1.5123485340718857e-14,5.844508874897454e-17,1.0340652026955227e-14,0.0,0.0,3,7.842594342043266e-17
B2,semisynthetic,1,gated,0.25,0.0,0.0,0.5,0.0892465301013618,59.29822658073272,0.22915948520389096,23.09378971935689,3.7353849952660525,1.3020833333333333,3,0.2882182393393608
B2,semisynthetic,1,gated,0.25,1.0,0.0,0.5,0.000710689046276152,0.31791104507768125,0.001228575214326961,0.1839007451820395,0.0,0.0,3,0.0015839197374650372
B2,semisynthetic,1,gated,0.25,2.0,0.0,0.5,3.996170934291625e-17,1.5123485340718857e-14,5.844508874897454e-17,1.0340652026955227e-14,0.0,0.0,3,7.842594342043266e-17
B2,semisynthetic,1,shrink,0.0,0.0,1.0,0.25,0.4782938022620378,171.9488960100753,0.6645008251199431,123.76522068663176,15.24381722155097,173.17708333333334,3,0.9625578405741426
B2,semisynthetic,1,shrink,0.05,0.0,1.0,0.25,0.43985994183190874,160.8303269635407,0.6215328359265587,113.81992096608869,14.237296932277545,171.875,3,0.8964831982407907
B2,semisynthetic,1,shrink,0.1,0.0,1.0,0.25,0.4015437159073675,150.8222748228518,0.5828564671934816,103.90506082154593,13.229636126343939,171.875,3,0.8347545860652759
B2,semisynthetic,1,shrink,0.15,0.0,1.0,0.25,0.36338233769854117,142.1594751457142,0.5493788603761084,94.03026969236079,12.221852281408138,171.875,3,0.7783016841760096
B2,semisynthetic,1,shrink,0.25,0.0,1.0,0.25,0.2877703930481338,129.9084746808659,0.5020345615388568,74.46461993494219,10.203882940603172,171.875,3,0.6853529198382735
B2,semisynthetic,1,gated,0.0,0.0,1.0,0.25,0.4782938022620378,171.9488960100753,0.6645008251199431,123.76522068663176,15.24381722155097,173.17708333333334,3,0.9625578405741426
B2,semisynthetic,1,gated,0.0,1.0,1.0,0.25,0.4782938022620378,171.9488960100753,0.6645008251199431,123.76522068663176,15.24381722155097,173.17708333333334,3,0.9625578405741426
B2,semisynthetic,1,gated,0.0,2.0,1.0,0.25,0.4782938022620378,171.9488960100753,0.6645008251199431,123.76522068663176,15.24381722155097,173.17708333333334,3,0.9625578405741426
B2,semisynthetic,1,gated,0.05,0.0,1.0,0.25,0.4368044118786223,161.56677704192265,0.6243788657418113,113.02925979257022,14.176255174307741,171.875,3,0.8975655656733746
B2,semisynthetic,1,gated,0.05,1.0,1.0,0.25,0.46947865318329707,170.47342583820242,0.6587988336015332,121.48417739074102,14.646985466407799,173.17708333333334,3,0.95014180321615
B2,semisynthetic,1,gated,0.05,2.0,1.0,0.25,0.4782938022620378,171.9488960100753,0.6645008251199431,123.76522068663176,15.24381722155097,173.17708333333334,3,0.9625578405741426
B2,semisynthetic,1,gated,0.1,0.0,1.0,0.25,0.39604539434971275,152.2428336614553,0.588346252486015,102.48229310477677,13.106742372108547,170.57291666666666,3,0.8370202845806974
B2,semisynthetic,1,gated,0.1,1.0,1.0,0.25,0.4608346560494353,169.0573228596865,0.6533262680921653,119.24742205787368,14.041904960067654,171.875,3,0.9380088903335672
B2,semisynthetic,1,gated,0.1,2.0,1.0,0.25,0.4782938022620378,171.9488960100753,0.6645008251199431,123.76522068663176,15.24381722155097,173.17708333333334,3,0.9625578405741426
B2,semisynthetic,1,gated,0.15,0.0,1.0,0.25,0.356267514277191,144.1825014062016,0.5571968961444475,92.18920947639045,12.03408057178885,170.57291666666666,3,0.7818366597481556
B2,semisynthetic,1,gated,0.15,1.0,1.0,0.25,0.4523716221719415,167.70209099917994,0.648088940546412,117.05749350230228,13.43682445372751,170.57291666666666,3,0.926201697042783
B2,semisynthetic,1,gated,0.15,2.0,1.0,0.25,0.4782938022620378,171.9488960100753,0.6645008251199431,123.76522068663176,15.24381722155097,173.17708333333334,3,0.9625578405741426
B2,semisynthetic,1,gated,0.25,0.0,1.0,0.25,0.281314589028764,132.74030808869836,0.5129782528318595,72.79409021996753,9.888756971149453,169.27083333333334,3,0.6918508969019279
B2,semisynthetic,1,gated,0.25,1.0,1.0,0.25,0.4360303692790671,165.18016649752,0.6383429000010569,112.82896542809857,12.219914029254866,170.57291666666666,3,0.9035822491671183
B2,semisynthetic,1,gated,0.25,2.0,1.0,0.25,0.4782938022620378,171.9488960100753,0.6645008251199431,123.76522068663176,15.24381722155097,173.17708333333334,3,0.9625578405741426
B2,semisynthetic,1,shrink,0.0,0.0,2.0,0.25,0.9394476812488807,343.980831091135,1.3293225568142621,243.09524615084194,27.884362318056976,170.57291666666666,3,1.906806215607041
B2,semisynthetic,1,shrink,0.05,0.0,2.0,0.25,0.8778822179500788,324.09156316174943,1.2524599816143964,227.16432018898632,26.2182470965996,170.57291666666666,3,1.792722164659421
B2,semisynthetic,1,shrink,0.1,0.0,2.0,0.25,0.8163718338353574,304.7473203895339,1.1777036698163577,211.24764673749297,24.553622591435442,170.57291666666666,3,1.6807776776162047
B2,semisynthetic,1,shrink,0.15,0.0,2.0,0.25,0.7549299922934324,286.0586934076169,1.1054810016980638,195.34870963677076,22.89272864992601,169.27083333333334,3,1.5714155223960249
B2,semisynthetic,1,shrink,0.25,0.0,2.0,0.25,0.6323318406708509,251.22907098006493,0.9708810514874605,163.6247207003031,19.595297793852172,169.27083333333334,3,1.3627734920543553
B2,semisynthetic,1,gated,0.0,0.0,2.0,0.25,0.9394476812488807,343.980831091135,1.3293225568142621,243.09524615084194,27.884362318056976,170.57291666666666,3,1.906806215607041
B2,semisynthetic,1,gated,0.0,1.0,2.0,0.25,0.9394476812488807,343.980831091135,1.3293225568142621,243.09524615084194,27.884362318056976,170.57291666666666,3,1.906806215607041
B2,semisynthetic,1,gated,0.0,2.0,2.0,0.25,0.9394476812488807,343.980831091135,1.3293225568142621,243.09524615084194,27.884362318056976,170.57291666666666,3,1.906806215607041
B2,semisynthetic,1,gated,0.05,0.0,2.0,0.25,0.8768918992708987,324.68000910676386,1.2547340457408545,226.9080613595824,26.313570632959284,169.27083333333334,3,1.7948694496454884
B2,semisynthetic,1,gated,0.05,1.0,2.0,0.25,0.9180918091215143,337.2455523127814,1.303293902897423,237.5691151110947,26.74541844167884,170.57291666666666,3,1.8656981484249775
B2,semisynthetic,1,gated,0.05,2.0,2.0,0.25,0.9323222426934329,342.2692044918909,1.3227079328539648,241.25143912024012,27.160221010806367,170.57291666666666,3,1.8938304101087955
B2,semisynthetic,1,gated,0.1,0.0,2.0,0.25,0.8145518664089061,305.92426255891206,1.1822519923750814,210.77670467403337,24.743983793466032,169.27083333333334,3,1.685151672105649
B2,semisynthetic,1,gated,0.1,1.0,2.0,0.25,0.8970478296791236,330.62666759266693,1.277715056740527,232.123690672194,25.624032956750607,169.27083333333334,3,1.8252636901898769
B2,semisynthetic,1,gated,0.1,2.0,2.0,0.25,0.9252558506146041,340.5885143759852,1.3162128637101371,239.42291119251388,26.44719722821097,170.57291666666666,3,1.881046646618446
B2,semisynthetic,1,gated,0.15,0.0,2.0,0.25,0.7524812064057311,287.82017039131495,1.112288273720494,194.7150519887471,23.1759657853963,169.27083333333334,3,1.5780929784948232
B2,semisynthetic,1,gated,0.15,1.0,2.0,0.25,0.8763382121486721,324.13130744219166,1.2526135743838789,226.76478706133804,24.516786820347534,169.27083333333334,3,1.7855284185783136
B2,semisynthetic,1,gated,0.15,2.0,2.0,0.25,0.9182498681899309,338.93922095581456,1.3098391278851391,237.6100151089445,25.74677283771359,170.57291666666666,3,1.8684631119410529
B2,semisynthetic,1,gated,0.25,0.0,2.0,0.25,0.6294664887202963,254.1196420340329,0.9820517358884641,162.88327074877105,20.04490202360124,169.27083333333334,3,1.3742490073125078
B2,semisynthetic,1,gated,0.25,1.0,2.0,0.25,0.8360210598444424,311.5419199111277,1.2039615702345965,216.3321591895351,22.321959866021462,169.27083333333334,3,1.7082358744144692
B2,semisynthetic,1,gated,0.25,2.0,2.0,0.25,0.9044247356608801,335.7366662201449,1.2974627747143717,234.03256842159965,24.362002147740697,169.27083333333334,3,1.8438227114120114
B2,semisynthetic,2,shrink,0.0,0.0,0.0,0.5,3.996170934291625e-17,1.5123485340718857e-14,5.844508874897454e-17,1.0340652026955227e-14,0.0,0.0,3,7.842594342043266e-17
B2,semisynthetic,2,shrink,0.05,0.0,0.0,0.5,0.015515974213360758,12.87644318127703,0.04976133791558215,4.014975656390811,0.6596508262801203,0.0,3,0.060068562199851086
B2,semisynthetic,2,shrink,0.1,0.0,0.0,0.5,0.031031948426721506,25.75288636255403,0.09952267583116418,8.029951312781618,1.319301652560238,0.0,3,0.12013712439970203
B2,semisynthetic,2,shrink,0.15,0.0,0.0,0.5,0.046547922640082284,38.629329543831055,0.1492840137467463,12.044926969172435,1.978952478840359,0.0,3,0.1802056865995531
B2,semisynthetic,2,shrink,0.25,0.0,0.0,0.5,0.07757987106680381,64.38221590638508,0.2488066895779105,20.074878281954057,3.2982541314005984,0.0,3,0.30034281099925514
B2,semisynthetic,2,gated,0.0,0.0,0.0,0.5,3.996170934291625e-17,1.5123485340718857e-14,5.844508874897454e-17,1.0340652026955227e-14,0.0,0.0,3,7.842594342043266e-17
B2,semisynthetic,2,gated,0.0,1.0,0.0,0.5,3.996170934291625e-17,1.5123485340718857e-14,5.844508874897454e-17,1.0340652026955227e-14,0.0,0.0,3,7.842594342043266e-17
B2,semisynthetic,2,gated,0.0,2.0,0.0,0.5,3.996170934291625e-17,1.5123485340718857e-14,5.844508874897454e-17,1.0340652026955227e-14,0.0,0.0,3,7.842594342043266e-17
B2,semisynthetic,2,gated,0.05,0.0,0.0,0.5,0.009494864499228886,5.9282642644251675,0.022909926069015134,2.4569291815596643,0.1729393922550179,65.10416666666667,3,0.02832568694135285
B2,semisynthetic,2,gated,0.05,1.0,0.0,0.5,0.0018614142948170053,0.6140788314347139,0.002373123059499887,0.4816670211859921,0.0,0.0,3,0.00330383020690839
B2,semisynthetic,2,gated,0.05,2.0,0.0,0.5,3.996170934291625e-17,1.5123485340718857e-14,5.844508874897454e-17,1.0340652026955227e-14,0.0,0.0,3,7.842594342043266e-17
B2,semisynthetic,2,gated,0.1,0.0,0.0,0.5,0.018989728998457783,11.856528528850331,0.045819852138030255,4.913858363119331,0.34587878451003523,65.10416666666667,3,0.056651373882705684
B2,semisynthetic,2,gated,0.1,1.0,0.0,0.5,0.0037228285896340274,1.2281576628694273,0.004746246118999773,0.9633340423719886,0.0,0.0,3,0.006607660413816787
B2,semisynthetic,2,gated,0.1,2.0,0.0,0.5,3.996170934291625e-17,1.5123485340718857e-14,5.844508874897454e-17,1.0340652026955227e-14,0.0,0.0,3,7.842594342043266e-17
B2,semisynthetic,2,gated,0.15,0.0,0.0,0.5,0.028484593497686683,17.784792793275493,0.06872977820704536,7.370787544678999,0.5188181767650537,65.10416666666667,3,0.08497706082405852
B2,semisynthetic,2,gated,0.15,1.0,0.0,0.5,0.005584242884451044,1.8422364943041405,0.007119369178499657,1.4450010635579837,0.0,0.0,3,0.009911490620725178
B2,semisynthetic,2,gated,0.15,2.0,0.0,0.5,3.996170934291625e-17,1.5123485340718857e-14,5.844508874897454e-17,1.0340652026955227e-14,0.0,0.0,3,7.842594342043266e-17
B2,semisynthetic,2,gated,0.25,0.0,0.0,0.5,0.047474322496144486,29.64132132212582,0.11454963034507559,12.284645907798335,0.8646969612750871,65.10416666666667,3,0.1416284347067642
B2,semisynthetic,2,gated,0.25,1.0,0.0,0.5,0.009307071474085089,3.0703941571735673,0.011865615297499427,2.408335105929977,0.0,0.0,3,0.016519151034541976
B2,semisynthetic,2,gated,0.25,2.0,0.0,0.5,3.996170934291625e-17,1.5123485340718857e-14,5.844508874897454e-17,1.0340652026955227e-14,0.0,0.0,3,7.842594342043266e-17
B2,semisynthetic,2,shrink,0.0,0.0,1.0,0.25,0.5181533630139681,124.03623625377254,0.4793411487246452,134.07944033489753,22.558033692067454,39.0625,2,0.8255939177162733
B2,semisynthetic,2,shrink,0.05,0.0,1.0,0.25,0.4810189749841034,116.4159566696138,0.4498923869773093,124.47039729933404,21.097906394883896,39.0625,2,0.7719352633599894
B2,semisynthetic,2,shrink,0.1,0.0,1.0,0.25,0.4441565189290906,110.36902626725248,0.4265238726393253,114.93172047115212,19.652463322711856,39.0625,2,0.724549569956663
B2,semisynthetic,2,shrink,0.15,0.0,1.0,0.25,0.4076397731331368,106.16463102013722,0.4102758816625484,105.48250101478584,18.244529462752826,39.0625,2,0.6846022103362763
B2,semisynthetic,2,shrink,0.25,0.0,1.0,0.25,0.3360933862289218,104.08180679784415,0.4022267551696836,86.96887126952721,15.57745637232636,39.0625,2,0.6304729194809486
B2,semisynthetic,2,gated,0.0,0.0,1.0,0.25,0.5181533630139681,124.03623625377254,0.4793411487246452,134.07944033489753,22.558033692067454,39.0625,2,0.8255939177162733
B2,semisynthetic,2,gated,0.0,1.0,1.0,0.25,0.5181533630139681,124.03623625377254,0.4793411487246452,134.07944033489753,22.558033692067454,39.0625,2,0.8255939177162733
B2,semisynthetic,2,gated,0.0,2.0,1.0,0.25,0.5181533630139681,124.03623625377254,0.4793411487246452,134.07944033489753,22.558033692067454,39.0625,2,0.8255939177162733
B2,semisynthetic,2,gated,0.05,0.0,1.0,0.25,0.5047681287564867,120.81267028299246,0.4668835971083416,130.61582348687523,22.245017869411253,39.0625,2,0.8052340914668362
B2,semisynthetic,2,gated,0.05,1.0,1.0,0.25,0.515247349174267,123.42239071252781,0.47696892722094086,133.3274685500071,22.53883579393405,39.0625,2,0.8216944985334509
B2,semisynthetic,2,gated,0.05,2.0,1.0,0.25,0.5181533630139681,124.03623625377254,0.4793411487246452,134.07944033489753,22.558033692067454,39.0625,2,0.8255939177162733
B2,semisynthetic,2,gated,0.1,0.0,1.0,0.25,0.49163567652609436,117.90086595819871,0.45563085619920607,127.21761752902194,21.935352220125722,39.0625,2,0.7862184137672033
B2,semisynthetic,2,gated,0.1,1.0,1.0,0.25,0.512367030406289,122.8261915622005,0.47466490063792,132.58214572482999,22.519637895800628,39.0625,2,0.8178761218071733
B2,semisynthetic,2,gated,0.1,2.0,1.0,0.25,0.5181533630139681,124.03623625377254,0.4793411487246452,134.07944033489753,22.558033692067454,39.0625,2,0.8255939177162733
B2,semisynthetic,2,gated,0.15,0.0,1.0,0.25,0.47877680758107016,115.32444052480791,0.4456741954350225,123.89020507827584,21.639609962264398,39.0625,2,0.7686894151508885
B2,semisynthetic,2,gated,0.15,1.0,1.0,0.25,0.5095128424793972,122.2478969857444,0.47243006673008875,131.84358462079263,22.50043999766721,39.0625,2,0.8141400031766285
B2,semisynthetic,2,gated,0.15,2.0,1.0,0.25,0.5181533630139681,124.03623625377254,0.4793411487246452,134.07944033489753,22.558033692067454,39.0625,2,0.8255939177162733
B2,semisynthetic,2,gated,0.25,0.0,1.0,0.25,0.4539723260551659,111.2679192190443,0.42999766701672665,117.47169805277788,21.080890147211445,39.0625,2,0.7384514592186433
B2,semisynthetic,2,gated,0.25,1.0,1.0,0.25,0.5038846312630154,121.14603923701219,0.46817190979982004,130.38720613549324,22.46594459759037,39.0625,2,0.8069344322986227
B2,semisynthetic,2,gated,0.25,2.0,1.0,0.25,0.5181533630139681,124.03623625377254,0.4793411487246452,134.07944033489753,22.558033692067454,39.0625,2,0.8255939177162733
B2,semisynthetic,2,shrink,0.0,0.0,2.0,0.25,1.0356941605350856,248.0412949408261,0.9585618109600443,268.0003707684559,43.95184822984937,42.96875,2,1.6462619120493671
B2,semisynthetic,2,shrink,0.05,0.0,2.0,0.25,0.9726314062716429,233.8678115616146,0.9037880286395228,251.6819997972892,41.29481889631294,42.96875,2,1.5496885960374023
B2,semisynthetic,2,shrink,0.1,0.0,2.0,0.25,0.9097000537123038,220.4723342801757,0.8520208704143835,235.3976308575727,38.65488263798196,42.96875,2,1.4562536615910957
B2,semisynthetic,2,shrink,0.15,0.0,2.0,0.25,0.8469293948973069,208.00522755669837,0.8038414235156744,219.15484367500508,36.02413183361588,42.96875,2,1.366522282760823
B2,semisynthetic,2,shrink,0.25,0.0,2.0,0.25,0.7220377104080001,186.58806643444174,0.721074266716759,186.83737098428466,30.807857092809837,41.015625,2,1.2011508590355695
B2,semisynthetic,2,gated,0.0,0.0,2.0,0.25,1.0356941605350856,248.0412949408261,0.9585618109600443,268.0003707684559,43.95184822984937,42.96875,2,1.6462619120493671
B2,semisynthetic,2,gated,0.0,1.0,2.0,0.25,1.0356941605350856,248.0412949408261,0.9585618109600443,268.0003707684559,43.95184822984937,42.96875,2,1.6462619120493671
B2,semisynthetic,2,gated,0.0,2.0,2.0,0.25,1.0356941605350856,248.0412949408261,0.9585618109600443,268.0003707684559,43.95184822984937,42.96875,2,1.6462619120493671
B2,semisynthetic,2,gated,0.05,0.0,2.0,0.25,1.0133840396178797,241.98790636866082,0.9351683388627313,262.2273144883943,43.30262962924531,42.96875,2,1.6092044579138713
B2,semisynthetic,2,gated,0.05,1.0,2.0,0.25,1.0297192024131918,246.62510567243385,0.9530889119812831,266.45426666455114,43.86549275899872,42.96875,2,1.6374678111247472
B2,semisynthetic,2,gated,0.05,2.0,2.0,0.25,1.0356941605350856,248.0412949408261,0.9585618109600443,268.0003707684559,43.95184822984937,42.96875,2,1.6462619120493671
B2,semisynthetic,2,gated,0.1,0.0,2.0,0.25,0.9912962941369454,236.1024905155314,0.9124240015548062,256.51180096722953,42.65811440483434,42.96875,2,1.572925502601268
B2,semisynthetic,2,gated,0.1,1.0,2.0,0.25,1.0237723112110553,245.23651435457862,0.9477226659751725,264.9154252692604,43.782045293869544,42.96875,2,1.6288056346937678
B2,semisynthetic,2,gated,0.1,2.0,2.0,0.25,1.0356941605350856,248.0412949408261,0.9585618109600443,268.0003707684559,43.95184822984937,42.96875,2,1.6462619120493671
B2,semisynthetic,2,gated,0.15,0.0,2.0,0.25,0.9694461239381188,230.3979201138074,0.8903785460336595,250.85776337797247,42.01449646788486,42.96875,2,1.5374676843064161
B2,semisynthetic,2,gated,0.15,1.0,2.0,0.25,1.0178539788782937,243.8759924028085,0.9424648947389322,263.383973881438,43.70039280143769,42.96875,2,1.620273149184395
B2,semisynthetic,2,gated,0.15,2.0,2.0,0.25,1.0356941605350856,248.0412949408261,0.9585618109600443,268.0003707684559,43.95184822984937,42.96875,2,1.6462619120493671
B2,semisynthetic,2,gated,0.25,0.0,2.0,0.25,0.9265255616611348,219.58725332218373,0.8486004528337486,239.75146671035438,40.73297269778838,42.96875,2,1.469276829187968
B2,semisynthetic,2,gated,0.25,1.0,2.0,0.25,1.0061050043341477,241.2410464333926,0.9322820798942197,260.34376215295487,43.53708781657394,42.96875,2,1.6035847508541052
B2,semisynthetic,2,gated,0.25,2.0,2.0,0.25,1.0356941605350856,248.0412949408261,0.9585618109600443,268.0003707684559,43.95184822984937,42.96875,2,1.6462619120493671
B2,semisynthetic,3,shrink,0.0,0.0,0.0,0.5,3.996170934291625e-17,1.5123485340718857e-14,5.844508874897454e-17,1.0340652026955227e-14,0.0,0.0,3,7.842594342043266e-17
B2,semisynthetic,3,shrink,0.05,0.0,0.0,0.5,0.017387378002139256,12.925801679250405,0.04995208507006267,4.499227599059885,0.6677719119240818,0.0,3,0.06122639538805819
B2,semisynthetic,3,shrink,0.1,0.0,0.0,0.5,0.03477475600427851,25.85160335850078,0.09990417014012522,8.99845519811977,1.3355438238481658,0.0,3,0.12245279077611627
B2,semisynthetic,3,shrink,0.15,0.0,0.0,0.5,0.05216213400641779,38.77740503775118,0.14985625521018786,13.497682797179658,2.0106069540710845,0.0,3,0.18370736326032416
B2,semisynthetic,3,shrink,0.25,0.0,0.0,0.5,0.08693689001069631,64.62900839625195,0.24976042535031304,22.496137995299428,3.3891265881997206,0.0,3,0.30632623513410495
B2,semisynthetic,3,gated,0.0,0.0,0.0,0.5,3.996170934291625e-17,1.5123485340718857e-14,5.844508874897454e-17,1.0340652026955227e-14,0.0,0.0,3,7.842594342043266e-17
B2,semisynthetic,3,gated,0.0,1.0,0.0,0.5,3.996170934291625e-17,1.5123485340718857e-14,5.844508874897454e-17,1.0340652026955227e-14,0.0,0.0,3,7.842594342043266e-17
B2,semisynthetic,3,gated,0.0,2.0,0.0,0.5,3.996170934291625e-17,1.5123485340718857e-14,5.844508874897454e-17,1.0340652026955227e-14,0.0,0.0,3,7.842594342043266e-17
B2,semisynthetic,3,gated,0.05,0.0,0.0,0.5,0.005870172265597302,3.6916070339094245,0.014266308054153841,1.518989295876685,0.06706726350089671,65.10416666666667,3,0.017460577310363014
B2,semisynthetic,3,gated,0.05,1.0,0.0,0.5,6.028390898688481e-05,0.3289198883511623,0.0012711191655158985,0.015599305833210472,0.0022061810309702188,0.0,3,0.0013097869619860046
B2,semisynthetic,3,gated,0.05,2.0,0.0,0.5,3.996170934291625e-17,1.5123485340718857e-14,5.844508874897454e-17,1.0340652026955227e-14,0.0,0.0,3,7.842594342043266e-17
B2,semisynthetic,3,gated,0.1,0.0,0.0,0.5,0.01174034453119462,7.383214067818848,0.02853261610830768,3.037978591753374,0.1341345270017887,65.10416666666667,3,0.034921154620726015
B2,semisynthetic,3,gated,0.1,1.0,0.0,0.5,0.00012056781797376804,0.657839776702323,0.0025422383310317906,0.031198611666420534,0.004412362061941029,0.0,3,0.0026195739239720044
B2,semisynthetic,3,gated,0.1,2.0,0.0,0.5,3.996170934291625e-17,1.5123485340718857e-14,5.844508874897454e-17,1.0340652026955227e-14,0.0,0.0,3,7.842594342043266e-17
B2,semisynthetic,3,gated,0.15,0.0,0.0,0.5,0.01761051679679194,11.07482110172827,0.04279892416246151,4.556967887630064,0.2012017905026854,65.10416666666667,3,0.052381731931089026
B2,semisynthetic,3,gated,0.15,1.0,0.0,0.5,0.0001808517269606525,0.9867596650534844,0.003813357496547686,0.046797917499630914,0.006618543092909472,0.0,3,0.003929360885957999
B2,semisynthetic,3,gated,0.15,2.0,0.0,0.5,3.996170934291625e-17,1.5123485340718857e-14,5.844508874897454e-17,1.0340652026955227e-14,0.0,0.0,3,7.842594342043266e-17
B2,semisynthetic,3,gated,0.25,0.0,0.0,0.5,0.029350861327986564,18.458035169547117,0.07133154027076918,7.594946479383439,0.3353363175044753,65.10416666666667,3,0.08730288655181503
B2,semisynthetic,3,gated,0.25,1.0,0.0,0.5,0.00030141954493441436,1.6445994417558079,0.006355595827579478,0.07799652916604985,0.011030905154851093,0.0,3,0.006548934809930004
B2,semisynthetic,3,gated,0.25,2.0,0.0,0.5,3.996170934291625e-17,1.5123485340718857e-14,5.844508874897454e-17,1.0340652026955227e-14,0.0,0.0,3,7.842594342043266e-17
B2,semisynthetic,3,shrink,0.0,0.0,1.0,0.25,0.7419757500707849,159.57151259372287,0.6166681161939715,191.99661801456804,12.613190823808615,50.78125,3,1.0363999838009998
B2,semisynthetic,3,shrink,0.05,0.0,1.0,0.25,0.6881655130689897,148.75729532797152,0.5748763020976656,178.0724654827347,11.782790408650179,50.78125,3,0.9644939479536052
B2,semisynthetic,3,shrink,0.1,0.0,1.0,0.25,0.6343935207403626,139.1513720156353,0.5377539703165282,164.158209295768,10.95238999349174,50.78125,3,0.897276516757963
B2,semisynthetic,3,shrink,0.15,0.0,1.0,0.25,0.5806703979303964,131.01977672500365,0.5063292161858034,150.2565987812589,10.121989578333304,49.479166666666664,3,0.835781097972064
B2,semisynthetic,3,shrink,0.25,0.0,1.0,0.25,0.4734372958159978,120.32645356541123,0.46500460039759267,122.50853161974962,8.461188748016433,46.875,3,0.7344217246262715
B2,semisynthetic,3,gated,0.0,0.0,1.0,0.25,0.7419757500707849,159.57151259372287,0.6166681161939715,191.99661801456804,12.613190823808615,50.78125,3,1.0363999838009998
B2,semisynthetic,3,gated,0.0,1.0,1.0,0.25,0.7419757500707849,159.57151259372287,0.6166681161939715,191.99661801456804,12.613190823808615,50.78125,3,1.0363999838009998
B2,semisynthetic,3,gated,0.0,2.0,1.0,0.25,0.7419757500707849,159.57151259372287,0.6166681161939715,191.99661801456804,12.613190823808615,50.78125,3,1.0363999838009998
B2,semisynthetic,3,gated,0.05,0.0,1.0,0.25,0.7323324506076714,156.66899496360102,0.6054512639495225,189.50127920700882,12.784204918071799,50.78125,3,1.0210223700852967
B2,semisynthetic,3,gated,0.05,1.0,1.0,0.25,0.7416809727037972,159.28114140502203,0.6155459694459549,191.92034024198117,12.625253994148542,50.78125,3,1.0351770667940936
B2,semisynthetic,3,gated,0.05,2.0,1.0,0.25,0.7419757500707849,159.57151259372287,0.6166681161939715,191.99661801456804,12.613190823808615,50.78125,3,1.0363999838009998
B2,semisynthetic,3,gated,0.1,0.0,1.0,0.25,0.72274876648061,153.96024883740697,0.5949832465463114,187.02136670267143,12.955219012334988,49.479166666666664,3,1.0064233988788571
B2,semisynthetic,3,gated,0.1,1.0,1.0,0.25,0.7413904767307058,159.00035130523239,0.6144608490565526,191.84517034003346,12.637317164488472,50.78125,3,1.0339933168427502
B2,semisynthetic,3,gated,0.1,2.0,1.0,0.25,0.7419757500707849,159.57151259372287,0.6166681161939715,191.99661801456804,12.613190823808615,50.78125,3,1.0363999838009998
B2,semisynthetic,3,gated,0.15,0.0,1.0,0.25,0.7132271008603934,151.45567123407082,0.5853042435249934,184.55750235565904,13.126135788501886,49.479166666666664,3,0.9926440752195075
B2,semisynthetic,3,gated,0.15,1.0,1.0,0.25,0.7411042671861372,158.72919314086724,0.613412951523392,191.77110961150507,12.6493803348284,50.78125,3,1.0328489329619097
B2,semisynthetic,3,gated,0.15,2.0,1.0,0.25,0.7419757500707849,159.57151259372287,0.6166681161939715,191.99661801456804,12.613190823808615,50.78125,3,1.0363999838009998
B2,semisynthetic,3,gated,0.25,0.0,1.0,0.25,0.6943800137212306,147.09989213416185,0.5684712258488572,179.680554571584,13.465820451919479,49.479166666666664,3,0.9677002338827816
B2,semisynthetic,3,gated,0.25,1.0,1.0,0.25,0.7405447271878282,158.21596895151174,0.6114295837599941,191.62632079959448,12.669742386334343,49.479166666666664,3,1.030664484858557
B2,semisynthetic,3,gated,0.25,2.0,1.0,0.25,0.7419757500707849,159.57151259372287,0.6166681161939715,191.99661801456804,12.613190823808615,50.78125,3,1.0363999838009998
B2,semisynthetic,3,shrink,0.0,0.0,2.0,0.25,1.4864766554089284,319.53073892866007,1.23483456187377,384.64665532383447,23.108781966059777,54.6875,3,2.067377357593334
B2,semisynthetic,3,shrink,0.05,0.0,2.0,0.25,1.3954253908200112,300.43632923019095,1.161043736260865,361.08586527732155,21.74876742626988,54.6875,3,1.942805089356066
B2,semisynthetic,3,shrink,0.1,0.0,2.0,0.25,1.3043922948816031,281.9300442133063,1.0895257332438284,337.529776623612,20.387978844196326,54.6875,3,1.8205117367340842
B2,semisynthetic,3,shrink,0.15,0.0,2.0,0.25,1.2133814568715209,264.1355312083381,1.020758391034687,313.9794475206184,19.026950101731,54.6875,3,1.7009792457782975
B2,semisynthetic,3,shrink,0.25,0.0,2.0,0.25,1.0314501208209288,231.33317575148217,0.8939928649234798,266.9021660471293,16.303830933801823,54.6875,3,1.472724489257987
B2,semisynthetic,3,gated,0.0,0.0,2.0,0.25,1.4864766554089284,319.53073892866007,1.23483456187377,384.64665532383447,23.108781966059777,54.6875,3,2.067377357593334
B2,semisynthetic,3,gated,0.0,1.0,2.0,0.25,1.4864766554089284,319.53073892866007,1.23483456187377,384.64665532383447,23.108781966059777,54.6875,3,2.067377357593334
B2,semisynthetic,3,gated,0.0,2.0,2.0,0.25,1.4864766554089284,319.53073892866007,1.23483456187377,384.64665532383447,23.108781966059777,54.6875,3,2.067377357593334
B2,semisynthetic,3,gated,0.05,0.0,2.0,0.25,1.4650865374814976,313.54644065374333,1.21170809096457,379.1116627036475,23.309102249272048,54.6875,3,2.0343299704835984
B2,semisynthetic,3,gated,0.05,1.0,2.0,0.25,1.4850975666959976,318.1031889522562,1.2293177591537061,384.2897968027851,23.165978550918823,53.385416666666664,3,2.0613920481548176
B2,semisynthetic,3,gated,0.05,2.0,2.0,0.25,1.4858600074739916,319.00818383783735,1.2328151346074152,384.48708903342373,23.077838259580627,53.385416666666664,3,2.064930023629033
B2,semisynthetic,3,gated,0.1,0.0,2.0,0.25,1.4438576206202896,307.7533927248397,1.1893207118185576,373.6183831172519,23.50942253248431,53.385416666666664,3,2.0021022756701607
B2,semisynthetic,3,gated,0.1,1.0,2.0,0.25,1.4837258110543121,316.7043109197262,1.2239117598805043,383.93483581663304,23.221891264786933,53.385416666666664,3,2.055516247147111
B2,semisynthetic,3,gated,0.1,2.0,2.0,0.25,1.4852461791494114,318.49296009349194,1.2308240395135635,384.32825235668633,23.045640190034277,53.385416666666664,3,2.0625075841248504
B2,semisynthetic,3,gated,0.15,0.0,2.0,0.25,1.4227971204697438,302.16259527173406,1.1677149347134257,368.16868371371436,23.709742815696583,53.385416666666664,3,1.9707403912529349
B2,semisynthetic,3,gated,0.15,1.0,2.0,0.25,1.4823614088416235,315.3344864123285,1.218618038684516,383.58177763323175,23.274325241527038,53.385416666666664,3,2.049742957264158
B2,semisynthetic,3,gated,0.15,2.0,2.0,0.25,1.484635173932525,317.985103332048,1.22886141431007,384.17014619860737,23.01212291993799,52.083333333333336,3,2.0601099279812316
B2,semisynthetic,3,gated,0.25,0.0,2.0,0.25,1.381212124926605,291.6338618178575,1.127026379974703,357.4079836454549,24.107151233388805,53.385416666666664,3,1.9107951335490867
B2,semisynthetic,3,gated,0.25,1.0,2.0,0.25,1.479654745961519,312.68351723306034,1.2083733017430938,382.8813907014,23.365484225910436,53.385416666666664,3,2.038497175066227
B2,semisynthetic,3,gated,0.25,2.0,2.0,0.25,1.4834216467594037,316.99163187722866,1.2250221189334838,383.8561290449661,22.937569362332294,52.083333333333336,3,2.0553757549231753
B2,semisynthetic,4,shrink,0.0,0.0,0.0,0.5,6.921327652803189e-17,1.145988970046694e-14,5.74400990137437e-17,1.3808759532767857e-14,1.7763568394002505e-15,0.0,4,1.009503232114649e-16
B2,semisynthetic,4,shrink,0.05,0.0,0.0,0.5,0.03048277886337002,10.104825563652819,0.05064814723907654,6.081627461233334,0.5561851068389196,0.0,4,0.06867728842420953
B2,semisynthetic,4,shrink,0.1,0.0,0.0,0.5,0.060965557726739956,20.209651127305612,0.10129629447815296,12.163254922466653,1.1251133315981505,0.9765625,4,0.13741844883795964
B2,semisynthetic,4,shrink,0.15,0.0,0.0,0.5,0.09144833659010998,30.31447669095843,0.15194444171722948,18.244882383699988,1.7006957245577567,0.9765625,4,0.20619296176122562
B2,semisynthetic,4,shrink,0.25,0.0,0.0,0.5,0.15241389431684996,50.52412781826405,0.2532407361953825,30.40813730616664,2.873014814907535,0.9765625,4,0.3438480187627528
B2,semisynthetic,4,gated,0.0,0.0,0.0,0.5,6.921327652803189e-17,1.145988970046694e-14,5.74400990137437e-17,1.3808759532767857e-14,1.7763568394002505e-15,0.0,4,1.009503232114649e-16
B2,semisynthetic,4,gated,0.0,1.0,0.0,0.5,6.921327652803189e-17,1.145988970046694e-14,5.74400990137437e-17,1.3808759532767857e-14,1.7763568394002505e-15,0.0,4,1.009503232114649e-16
B2,semisynthetic,4,gated,0.0,2.0,0.0,0.5,6.921327652803189e-17,1.145988970046694e-14,5.74400990137437e-17,1.3808759532767857e-14,1.7763568394002505e-15,0.0,4,1.009503232114649e-16
B2,semisynthetic,4,gated,0.05,0.0,0.0,0.5,6.921327652803189e-17,1.145988970046694e-14,5.74400990137437e-17,1.3808759532767857e-14,1.7763568394002505e-15,0.0,4,1.009503232114649e-16
B2,semisynthetic,4,gated,0.05,1.0,0.0,0.5,6.921327652803189e-17,1.145988970046694e-14,5.74400990137437e-17,1.3808759532767857e-14,1.7763568394002505e-15,0.0,4,1.009503232114649e-16
B2,semisynthetic,4,gated,0.05,2.0,0.0,0.5,6.921327652803189e-17,1.145988970046694e-14,5.74400990137437e-17,1.3808759532767857e-14,1.7763568394002505e-15,0.0,4,1.009503232114649e-16
B2,semisynthetic,4,gated,0.1,0.0,0.0,0.5,6.921327652803189e-17,1.145988970046694e-14,5.74400990137437e-17,1.3808759532767857e-14,1.7763568394002505e-15,0.0,4,1.009503232114649e-16
B2,semisynthetic,4,gated,0.1,1.0,0.0,0.5,6.921327652803189e-17,1.145988970046694e-14,5.74400990137437e-17,1.3808759532767857e-14,1.7763568394002505e-15,0.0,4,1.009503232114649e-16
B2,semisynthetic,4,gated,0.1,2.0,0.0,0.5,6.921327652803189e-17,1.145988970046694e-14,5.74400990137437e-17,1.3808759532767857e-14,1.7763568394002505e-15,0.0,4,1.009503232114649e-16
B2,semisynthetic,4,gated,0.15,0.0,0.0,0.5,6.921327652803189e-17,1.145988970046694e-14,5.74400990137437e-17,1.3808759532767857e-14,1.7763568394002505e-15,0.0,4,1.009503232114649e-16
B2,semisynthetic,4,gated,0.15,1.0,0.0,0.5,6.921327652803189e-17,1.145988970046694e-14,5.74400990137437e-17,1.3808759532767857e-14,1.7763568394002505e-15,0.0,4,1.009503232114649e-16
B2,semisynthetic,4,gated,0.15,2.0,0.0,0.5,6.921327652803189e-17,1.145988970046694e-14,5.74400990137437e-17,1.3808759532767857e-14,1.7763568394002505e-15,0.0,4,1.009503232114649e-16
B2,semisynthetic,4,gated,0.25,0.0,0.0,0.5,6.921327652803189e-17,1.145988970046694e-14,5.74400990137437e-17,1.3808759532767857e-14,1.7763568394002505e-15,0.0,4,1.009503232114649e-16
B2,semisynthetic,4,gated,0.25,1.0,0.0,0.5,6.921327652803189e-17,1.145988970046694e-14,5.74400990137437e-17,1.3808759532767857e-14,1.7763568394002505e-15,0.0,4,1.009503232114649e-16
B2,semisynthetic,4,gated,0.25,2.0,0.0,0.5,6.921327652803189e-17,1.145988970046694e-14,5.74400990137437e-17,1.3808759532767857e-14,1.7763568394002505e-15,0.0,4,1.009503232114649e-16
B2,semisynthetic,4,shrink,0.0,0.0,1.0,0.25,0.9415802825498697,166.5566901001724,0.8348276485039392,187.85493701141047,32.54565506213218,101.5625,4,1.4687455072437157
B2,semisynthetic,4,shrink,0.05,0.0,1.0,0.25,0.9183902031387865,159.24087982954828,0.7981588081142021,183.22827799168115,31.46952745149784,101.5625,4,1.4150877814726155
B2,semisynthetic,4,shrink,0.1,0.0,1.0,0.25,0.8956215928244219,152.6238307794397,0.7649923499238106,178.6857063855093,30.392827163923656,101.5625,4,1.3651403020358919
B2,semisynthetic,4,shrink,0.15,0.0,1.0,0.25,0.8733074174784341,146.80006388224794,0.7358020386772698,174.23379922287168,29.317737165810886,100.5859375,4,1.3194042582380594
B2,semisynthetic,4,shrink,0.25,0.0,1.0,0.25,0.830188212355595,137.92119556953546,0.6912987242176711,165.63107493854704,27.181138476508607,101.5625,4,1.242632124682334
B2,semisynthetic,4,gated,0.0,0.0,1.0,0.25,0.9415802825498697,166.5566901001724,0.8348276485039392,187.85493701141047,32.54565506213218,101.5625,4,1.4687455072437157
B2,semisynthetic,4,gated,0.0,1.0,1.0,0.25,0.9415802825498697,166.5566901001724,0.8348276485039392,187.85493701141047,32.54565506213218,101.5625,4,1.4687455072437157
B2,semisynthetic,4,gated,0.0,2.0,1.0,0.25,0.9415802825498697,166.5566901001724,0.8348276485039392,187.85493701141047,32.54565506213218,101.5625,4,1.4687455072437157
B2,semisynthetic,4,gated,0.05,0.0,1.0,0.25,0.9415802825498697,166.5566901001724,0.8348276485039392,187.85493701141047,32.54565506213218,101.5625,4,1.4687455072437157
B2,semisynthetic,4,gated,0.05,1.0,1.0,0.25,0.9415802825498697,166.5566901001724,0.8348276485039392,187.85493701141047,32.54565506213218,101.5625,4,1.4687455072437157
B2,semisynthetic,4,gated,0.05,2.0,1.0,0.25,0.9415802825498697,166.5566901001724,0.8348276485039392,187.85493701141047,32.54565506213218,101.5625,4,1.4687455072437157
B2,semisynthetic,4,gated,0.1,0.0,1.0,0.25,0.9415802825498697,166.5566901001724,0.8348276485039392,187.85493701141047,32.54565506213218,101.5625,4,1.4687455072437157
B2,semisynthetic,4,gated,0.1,1.0,1.0,0.25,0.9415802825498697,166.5566901001724,0.8348276485039392,187.85493701141047,32.54565506213218,101.5625,4,1.4687455072437157
B2,semisynthetic,4,gated,0.1,2.0,1.0,0.25,0.9415802825498697,166.5566901001724,0.8348276485039392,187.85493701141047,32.54565506213218,101.5625,4,1.4687455072437157
B2,semisynthetic,4,gated,0.15,0.0,1.0,0.25,0.9415802825498697,166.5566901001724,0.8348276485039392,187.85493701141047,32.54565506213218,101.5625,4,1.4687455072437157
B2,semisynthetic,4,gated,0.15,1.0,1.0,0.25,0.9415802825498697,166.5566901001724,0.8348276485039392,187.85493701141047,32.54565506213218,101.5625,4,1.4687455072437157
B2,semisynthetic,4,gated,0.15,2.0,1.0,0.25,0.9415802825498697,166.5566901001724,0.8348276485039392,187.85493701141047,32.54565506213218,101.5625,4,1.4687455072437157
B2,semisynthetic,4,gated,0.25,0.0,1.0,0.25,0.9415802825498697,166.5566901001724,0.8348276485039392,187.85493701141047,32.54565506213218,101.5625,4,1.4687455072437157
B2,semisynthetic,4,gated,0.25,1.0,1.0,0.25,0.9415802825498697,166.5566901001724,0.8348276485039392,187.85493701141047,32.54565506213218,101.5625,4,1.4687455072437157
B2,semisynthetic,4,gated,0.25,2.0,1.0,0.25,0.9415802825498697,166.5566901001724,0.8348276485039392,187.85493701141047,32.54565506213218,101.5625,4,1.4687455072437157
B2,semisynthetic,4,shrink,0.0,0.0,2.0,0.25,1.9041640740847263,333.56926451126924,1.6719403137613331,379.90028978504176,84.94239483520991,179.6875,3,3.0497768473413176
B2,semisynthetic,4,shrink,0.05,0.0,2.0,0.25,1.832913044333533,317.78737784609876,1.5928371848163716,365.68497755520053,81.2333739369221,179.6875,3,2.9164575771526002
B2,semisynthetic,4,shrink,0.1,0.0,2.0,0.25,1.7618742736039363,302.3583760140283,1.5155028110936255,351.51201318020617,77.52439820014253,179.6875,3,2.785013418058717
B2,semisynthetic,4,shrink,0.15,0.0,2.0,0.25,1.6910745118808554,287.3391103021188,1.4402221467805425,337.38673355678986,73.81446489549798,179.6875,3,2.655737673285927
B2,semisynthetic,4,shrink,0.25,0.0,2.0,0.25,1.5503228904855015,258.8133266341834,1.29724312332065,309.3053394775997,66.39327163859697,179.6875,3,2.4051857904116356
B2,semisynthetic,4,gated,0.0,0.0,2.0,0.25,1.9041640740847263,333.56926451126924,1.6719403137613331,379.90028978504176,84.94239483520991,179.6875,3,3.0497768473413176
B2,semisynthetic,4,gated,0.0,1.0,2.0,0.25,1.9041640740847263,333.56926451126924,1.6719403137613331,379.90028978504176,84.94239483520991,179.6875,3,3.0497768473413176
B2,semisynthetic,4,gated,0.0,2.0,2.0,0.25,1.9041640740847263,333.56926451126924,1.6719403137613331,379.90028978504176,84.94239483520991,179.6875,3,3.0497768473413176
B2,semisynthetic,4,gated,0.05,0.0,2.0,0.25,1.9041640740847263,333.56926451126924,1.6719403137613331,379.90028978504176,84.94239483520991,179.6875,3,3.0497768473413176
B2,semisynthetic,4,gated,0.05,1.0,2.0,0.25,1.9041640740847263,333.56926451126924,1.6719403137613331,379.90028978504176,84.94239483520991,179.6875,3,3.0497768473413176
B2,semisynthetic,4,gated,0.05,2.0,2.0,0.25,1.9041640740847263,333.56926451126924,1.6719403137613331,379.90028978504176,84.94239483520991,179.6875,3,3.0497768473413176
B2,semisynthetic,4,gated,0.1,0.0,2.0,0.25,1.9041640740847263,333.56926451126924,1.6719403137613331,379.90028978504176,84.94239483520991,179.6875,3,3.0497768473413176
B2,semisynthetic,4,gated,0.1,1.0,2.0,0.25,1.9041640740847263,333.56926451126924,1.6719403137613331,379.90028978504176,84.94239483520991,179.6875,3,3.0497768473413176
B2,semisynthetic,4,gated,0.1,2.0,2.0,0.25,1.9041640740847263,333.56926451126924,1.6719403137613331,379.90028978504176,84.94239483520991,179.6875,3,3.0497768473413176
B2,semisynthetic,4,gated,0.15,0.0,2.0,0.25,1.9041640740847263,333.56926451126924,1.6719403137613331,379.90028978504176,84.94239483520991,179.6875,3,3.0497768473413176
B2,semisynthetic,4,gated,0.15,1.0,2.0,0.25,1.9041640740847263,333.56926451126924,1.6719403137613331,379.90028978504176,84.94239483520991,179.6875,3,3.0497768473413176
B2,semisynthetic,4,gated,0.15,2.0,2.0,0.25,1.9041640740847263,333.56926451126924,1.6719403137613331,379.90028978504176,84.94239483520991,179.6875,3,3.0497768473413176
B2,semisynthetic,4,gated,0.25,0.0,2.0,0.25,1.9041640740847263,333.56926451126924,1.6719403137613331,379.90028978504176,84.94239483520991,179.6875,3,3.0497768473413176
B2,semisynthetic,4,gated,0.25,1.0,2.0,0.25,1.9041640740847263,333.56926451126924,1.6719403137613331,379.90028978504176,84.94239483520991,179.6875,3,3.0497768473413176
B2,semisynthetic,4,gated,0.25,2.0,2.0,0.25,1.9041640740847263,333.56926451126924,1.6719403137613331,379.90028978504176,84.94239483520991,179.6875,3,3.0497768473413176
B2,synthetic,0,shrink,0.0,0.0,0.0,0.5,4.340975278735394e-18,2.692682578111716e-17,1.8377632469372585e-18,6.360377771480977e-17,0.0,0.0,6,4.008250886304955e-18
B2,synthetic,0,shrink,0.05,0.0,0.0,0.5,0.03392267593876215,0.23259690854962997,0.01587480282148585,0.49703354692429985,0.08648813112845459,0.6510416666666666,6,0.03873897946840709
B2,synthetic,0,shrink,0.1,0.0,0.0,0.5,0.06784535187752415,0.4651938170992595,0.03174960564297166,0.9940670938485975,0.1722238406476985,1.3020833333333333,6,0.07742660595555853
B2,synthetic,0,shrink,0.15,0.0,0.0,0.5,0.10176802781628626,0.6977907256488892,0.04762440846445749,1.4911006407728966,0.25795955016694005,2.6041666666666665,6,0.1161142324427099
B2,synthetic,0,shrink,0.25,0.0,0.0,0.5,0.1696133796938104,1.1629845427481487,0.07937401410742916,2.485167734621494,0.427375865991426,4.557291666666667,6,0.1933492240588396
B2,synthetic,0,gated,0.0,0.0,0.0,0.5,4.340975278735394e-18,2.692682578111716e-17,1.8377632469372585e-18,6.360377771480977e-17,0.0,0.0,6,4.008250886304955e-18
B2,synthetic,0,gated,0.0,1.0,0.0,0.5,4.340975278735394e-18,2.692682578111716e-17,1.8377632469372585e-18,6.360377771480977e-17,0.0,0.0,6,4.008250886304955e-18
B2,synthetic,0,gated,0.0,2.0,0.0,0.5,4.340975278735394e-18,2.692682578111716e-17,1.8377632469372585e-18,6.360377771480977e-17,0.0,0.0,6,4.008250886304955e-18
B2,synthetic,0,gated,0.05,0.0,0.0,0.5,0.011591624096538215,0.1317347164688479,0.008990930540424982,0.16983996338367308,0.014981706440465814,0.0,6,0.0158092481634878
B2,synthetic,0,gated,0.05,1.0,0.0,0.5,0.0027981932748045437,0.034459583529089725,0.0023518760298488544,0.040999004054589186,0.005194478563538792,0.0,6,0.004105497254318105
B2,synthetic,0,gated,0.05,2.0,0.0,0.5,4.340975278735394e-18,2.692682578111716e-17,1.8377632469372585e-18,6.360377771480977e-17,0.0,0.0,6,4.008250886304955e-18
B2,synthetic,0,gated,0.1,0.0,0.0,0.5,0.023183248193076475,0.26346943293769576,0.01798186108084996,0.3396799267673468,0.029778885676893314,0.0,6,0.031605902294674956
B2,synthetic,0,gated,0.1,1.0,0.0,0.5,0.005596386549609048,0.06891916705817949,0.0047037520596977115,0.08199800810917779,0.010388957127080545,0.0,6,0.008210994508636394
B2,synthetic,0,gated,0.1,2.0,0.0,0.5,4.340975278735394e-18,2.692682578111716e-17,1.8377632469372585e-18,6.360377771480977e-17,0.0,0.0,6,4.008250886304955e-18
B2,synthetic,0,gated,0.15,0.0,0.0,0.5,0.03477487228961467,0.3952041494065436,0.026972791621274937,0.5095198901510196,0.04429211771073286,0.0,6,0.04738317695138452
B2,synthetic,0,gated,0.15,1.0,0.0,0.5,0.008394579824413585,0.10337875058726922,0.007055628089546567,0.12299701216376689,0.015583435690619337,0.0,6,0.012316491762954499
B2,synthetic,0,gated,0.15,2.0,0.0,0.5,4.340975278735394e-18,2.692682578111716e-17,1.8377632469372585e-18,6.360377771480977e-17,0.0,0.0,6,4.008250886304955e-18
B2,synthetic,0,gated,0.25,0.0,0.0,0.5,0.05795812048269111,0.6586735823442393,0.0449546527021249,0.8491998169183659,0.07331858177841581,0.6510416666666666,6,0.07893772626480394
B2,synthetic,0,gated,0.25,1.0,0.0,0.5,0.013990966374022635,0.17229791764544872,0.011759380149244278,0.2049950202729447,0.025972392817699586,0.0,6,0.020527486271590872
B2,synthetic,0,gated,0.25,2.0,0.0,0.5,4.340975278735394e-18,2.692682578111716e-17,1.8377632469372585e-18,6.360377771480977e-17,0.0,0.0,6,4.008250886304955e-18
B2,synthetic,0,shrink,0.0,0.0,1.0,0.25,0.7681570305160658,21.942369131953228,1.4975727131458867,11.255002823523414,3.931951622935855,12.369791666666666,6,2.150008005400418
B2,synthetic,0,shrink,0.05,0.0,1.0,0.25,0.7262820329957731,20.831012620999882,1.421722326372606,10.641452212642072,3.7346568092881127,11.067708333333334,6,2.0397546947076903
B2,synthetic,0,shrink,0.1,0.0,1.0,0.25,0.6861561847528956,19.722532997428434,1.346068287952414,10.053530059581192,3.5350289250375297,9.765625,6,1.9304130742980372
B2,synthetic,0,shrink,0.15,0.0,1.0,0.25,0.6481044505307684,18.617444136564107,1.2706456700172388,9.495997733381845,3.332740687243188,9.114583333333334,6,1.8221583615245467
B2,synthetic,0,shrink,0.25,0.0,1.0,0.25,0.5798366736823028,16.42017523779978,1.1206814648557402,8.495741287549476,2.9254748273196793,7.8125,6,1.6102642612656264
B2,synthetic,0,gated,0.0,0.0,1.0,0.25,0.7681570305160658,21.942369131953228,1.4975727131458867,11.255002823523414,3.931951622935855,12.369791666666666,6,2.150008005400418
B2,synthetic,0,gated,0.0,1.0,1.0,0.25,0.7681570305160658,21.942369131953228,1.4975727131458867,11.255002823523414,3.931951622935855,12.369791666666666,6,2.150008005400418
B2,synthetic,0,gated,0.0,2.0,1.0,0.25,0.7681570305160658,21.942369131953228,1.4975727131458867,11.255002823523414,3.931951622935855,12.369791666666666,6,2.150008005400418
B2,synthetic,0,gated,0.05,0.0,1.0,0.25,0.7279491268542698,20.85618517469021,1.4234403600680623,10.665878398095135,3.7397726337090393,11.067708333333334,6,2.04265543175265
B2,synthetic,0,gated,0.05,1.0,1.0,0.25,0.7354875568356262,21.005443405849057,1.4336272752936567,10.776331140639323,3.7845911256898006,11.067708333333334,6,2.0596704363425653
B2,synthetic,0,gated,0.05,2.0,1.0,0.25,0.7430857591101033,21.155062679801357,1.4438388317889568,10.887659664177654,3.8293766909685583,12.369791666666666,6,2.076737721092301
B2,synthetic,0,gated,0.1,0.0,1.0,0.25,0.6886228562674754,19.772975069026568,1.3495109731777715,10.089671621473359,3.5458562375846774,11.067708333333334,6,1.935828062332501
B2,synthetic,0,gated,0.1,1.0,1.0,0.25,0.7032925970899813,20.070609565884684,1.369824609244377,10.30461201493267,3.6360842013523023,11.067708333333334,6,1.9696346520915466
B2,synthetic,0,gated,0.1,2.0,1.0,0.25,0.7182266026188293,20.369769765772112,1.3902423749613102,10.52342440317675,3.7262826476567334,11.067708333333334,6,2.0036754892791295
B2,synthetic,0,gated,0.15,0.0,1.0,0.25,0.6503381767892049,18.693255795634688,1.2758198365477385,9.528726191687813,3.3506171851342352,10.416666666666666,6,1.8296694670697466
B2,synthetic,0,gated,0.15,1.0,1.0,0.25,0.6716403919627348,19.138174158797295,1.3061856368969618,9.84084530588027,3.4871869136029354,11.067708333333334,6,1.8800072964416357
B2,synthetic,0,gated,0.15,2.0,1.0,0.25,0.6936023684235093,19.58673257834528,1.3367998720931369,10.162631213261875,3.6226198383894754,11.067708333333334,6,1.9308458541409088
B2,synthetic,0,gated,0.25,0.0,1.0,0.25,0.5777168455298105,16.547021149630265,1.1293387331383533,8.464681659252308,2.957528187827298,9.114583333333334,6,1.620049266120479
B2,synthetic,0,gated,0.25,1.0,1.0,0.25,0.6103006787663665,17.28205057434642,1.1795046930305906,8.942098542141833,3.1860637072751885,9.114583333333334,6,1.7021047545320445
B2,synthetic,0,gated,0.25,2.0,1.0,0.25,0.6451660153773131,18.028600252047802,1.2304569133496517,9.452943911526356,3.414019843809647,10.416666666666666,6,1.786047712014833
B2,synthetic,0,shrink,0.0,0.0,2.0,0.25,1.540500699209407,43.95186640754051,2.999726940511407,22.571348084379792,7.704292060601315,23.4375,6,4.295797336925066
B2,synthetic,0,shrink,0.05,0.0,2.0,0.25,1.4596672528894856,41.73975706145178,2.848749870748541,21.386980005427716,7.341202392429419,22.135416666666668,6,4.079622574535838
B2,synthetic,0,shrink,0.1,0.0,2.0,0.25,1.3797009671144362,39.52908281024283,2.697870746604938,20.215317524411034,6.97540606814625,20.833333333333332,6,3.863794608016144
B2,synthetic,0,shrink,0.15,0.0,2.0,0.25,1.30076178171116,37.320098680420855,2.5471069737096803,19.05870407259686,6.604350231704696,20.833333333333332,6,3.648236579782925
B2,synthetic,0,shrink,0.25,0.0,2.0,0.25,1.1468106534141014,32.90856194355603,2.2460183811133296,16.803018952454266,5.851765803040028,17.578125,6,3.2188083293101055
B2,synthetic,0,gated,0.0,0.0,2.0,0.25,1.540500699209407,43.95186640754051,2.999726940511407,22.571348084379792,7.704292060601315,23.4375,6,4.295797336925066
B2,synthetic,0,gated,0.0,1.0,2.0,0.25,1.540500699209407,43.95186640754051,2.999726940511407,22.571348084379792,7.704292060601315,23.4375,6,4.295797336925066
B2,synthetic,0,gated,0.0,2.0,2.0,0.25,1.540500699209407,43.95186640754051,2.999726940511407,22.571348084379792,7.704292060601315,23.4375,6,4.295797336925066
B2,synthetic,0,gated,0.05,0.0,2.0,0.25,1.4627623138840784,41.77745361417722,2.851322670814103,21.43232870217754,7.351261000188885,22.135416666666668,6,4.0844294078378605
B2,synthetic,0,gated,0.05,1.0,2.0,0.25,1.47027360077374,41.92827679455621,2.8616163942533164,21.54238374534318,7.395495550047783,22.135416666666668,6,4.101497794885526
B2,synthetic,0,gated,0.05,2.0,2.0,0.25,1.4778012935634586,42.079257230533095,2.871920850430229,21.652679167030566,7.439730099906676,22.135416666666668,6,4.118585117620918
B2,synthetic,0,gated,0.1,0.0,2.0,0.25,1.3855587851097897,39.605936543459,2.703116034981767,20.301146014496055,6.99561416942694,22.135416666666668,6,3.8733480138471506
B2,synthetic,0,gated,0.1,1.0,2.0,0.25,1.4004204116118968,39.90714887273957,2.7236738590927834,20.51889790844278,7.08487110678031,22.135416666666668,6,3.9074284616712336
B2,synthetic,0,gated,0.1,2.0,2.0,0.25,1.4153539568515934,40.20902599370613,2.7442770554187543,20.737703552550578,7.1738566178171395,22.135416666666668,6,3.9415717161584953
B2,synthetic,0,gated,0.15,0.0,2.0,0.25,1.3089847533454735,37.43781908318917,2.555141423495216,19.179186689152193,6.636176743667074,22.135416666666668,6,3.6625546835586547
B2,synthetic,0,gated,0.15,1.0,2.0,0.25,1.331000003247873,37.8888765903203,2.5859262221045656,19.50175315664337,6.770208433175475,22.135416666666668,6,3.713494806699754
B2,synthetic,0,gated,0.15,2.0,2.0,0.25,1.3531935870442053,38.34152067372624,2.616819304979948,19.826932564457955,6.9042401226838805,22.135416666666668,6,3.764632381053852
B2,synthetic,0,gated,0.25,0.0,2.0,0.25,1.1582236794957368,33.114453065267384,2.260070506656369,16.970242105625765,5.909548468754683,21.484375,6,3.2425106506816657
B2,synthetic,0,gated,0.25,1.0,2.0,0.25,1.193759105178969,33.86294067758884,2.3111549915449223,17.4909055904489,6.136203009636435,22.135416666666668,6,3.326832083009699
B2,synthetic,0,gated,0.25,2.0,2.0,0.25,1.2299076016006976,34.61645189447487,2.3625823388232345,18.020551760606775,6.36153951692105,22.135416666666668,6,3.4117129569421327
B2,synthetic,1,shrink,0.0,0.0,0.0,0.5,4.340975278735394e-18,2.692682578111716e-17,1.8377632469372585e-18,6.360377771480977e-17,0.0,0.0,6,4.008250886304955e-18
B2,synthetic,1,shrink,0.05,0.0,0.0,0.5,0.02186117932148666,0.23167632555933126,0.01581197277983597,0.32030903215659373,0.09502102983503964,0.6510416666666666,6,0.03322777379584509
B2,synthetic,1,shrink,0.1,0.0,0.0,0.5,0.04372235864297325,0.463352651118662,0.0316239455596719,0.6406180643131864,0.1892784127836317,1.3020833333333333,6,0.06640342848218349
B2,synthetic,1,shrink,0.15,0.0,0.0,0.5,0.06558353796445988,0.6950289766779931,0.04743591833950787,0.9609270964697797,0.28233982773721483,2.6041666666666665,6,0.09949745802474871
B2,synthetic,1,shrink,0.25,0.0,0.0,0.5,0.1093058966074331,1.158381627796655,0.07905986389917977,1.6015451607829656,0.4663440227854047,3.90625,6,0.16554091969950635
B2,synthetic,1,gated,0.0,0.0,0.0,0.5,4.340975278735394e-18,2.692682578111716e-17,1.8377632469372585e-18,6.360377771480977e-17,0.0,0.0,6,4.008250886304955e-18
B2,synthetic,1,gated,0.0,1.0,0.0,0.5,4.340975278735394e-18,2.692682578111716e-17,1.8377632469372585e-18,6.360377771480977e-17,0.0,0.0,6,4.008250886304955e-18
B2,synthetic,1,gated,0.0,2.0,0.0,0.5,4.340975278735394e-18,2.692682578111716e-17,1.8377632469372585e-18,6.360377771480977e-17,0.0,0.0,6,4.008250886304955e-18
B2,synthetic,1,gated,0.05,0.0,0.0,0.5,0.014445112279570927,0.1391076706536856,0.009494136686310507,0.2116491459870629,0.07105155515274279,0.6510416666666666,6,0.02156598095826841
B2,synthetic,1,gated,0.05,1.0,0.0,0.5,0.0035998750821504117,0.041794887306442256,0.0028525125250941264,0.052745210424897715,0.013629168864909206,0.0,6,0.005582644580362552
B2,synthetic,1,gated,0.05,2.0,0.0,0.5,4.340975278735394e-18,2.692682578111716e-17,1.8377632469372585e-18,6.360377771480977e-17,0.0,0.0,6,4.008250886304955e-18
B2,synthetic,1,gated,0.1,0.0,0.0,0.5,0.028890224559141843,0.27821534130737113,0.01898827337262101,0.4232982919741256,0.1413862845131891,0.6510416666666666,6,0.04308303835955138
B2,synthetic,1,gated,0.1,1.0,0.0,0.5,0.007199750164300782,0.0835897746128845,0.005705025050188252,0.10549042084979482,0.0272583377298193,0.0,6,0.011165289160725142
B2,synthetic,1,gated,0.1,2.0,0.0,0.5,4.340975278735394e-18,2.692682578111716e-17,1.8377632469372585e-18,6.360377771480977e-17,0.0,0.0,6,4.008250886304955e-18
B2,synthetic,1,gated,0.15,0.0,0.0,0.5,0.043335336838712775,0.41732301196105676,0.02848241005893152,0.6349474379611886,0.21170321596518024,1.3020833333333333,6,0.06459888104869944
B2,synthetic,1,gated,0.15,1.0,0.0,0.5,0.010799625246451151,0.12538466191932676,0.008557537575282378,0.15823563127469192,0.04088750659472851,0.6510416666666666,6,0.016747933741087673
B2,synthetic,1,gated,0.15,2.0,0.0,0.5,4.340975278735394e-18,2.692682578111716e-17,1.8377632469372585e-18,6.360377771480977e-17,0.0,0.0,6,4.008250886304955e-18
B2,synthetic,1,gated,0.25,0.0,0.0,0.5,0.07222556139785459,0.695538353268428,0.047470683431552536,1.0582457299353139,0.3513934420724887,1.953125,6,0.10756616295673577
B2,synthetic,1,gated,0.25,1.0,0.0,0.5,0.017999375410751906,0.20897443653221126,0.01426256262547063,0.26372605212448635,0.06787092131896373,0.6510416666666666,6,0.02789445933125655
B2,synthetic,1,gated,0.25,2.0,0.0,0.5,4.340975278735394e-18,2.692682578111716e-17,1.8377632469372585e-18,6.360377771480977e-17,0.0,0.0,6,4.008250886304955e-18
B2,synthetic,1,shrink,0.0,0.0,1.0,0.25,1.2242469575712633,25.708300367653017,1.754598553165822,17.937612254746313,6.554521004116288,19.53125,6,2.814069888715559
B2,synthetic,1,shrink,0.05,0.0,1.0,0.25,1.1641403212127384,24.448513386340874,1.6686177460686462,17.056932478277684,6.209091722503122,20.182291666666668,6,2.674460120200481
B2,synthetic,1,shrink,0.1,0.0,1.0,0.25,1.1044880860213053,23.19113294524881,1.5828011860017255,16.18291056760402,5.861432906508462,20.182291666666668,6,2.535089632965995
B2,synthetic,1,shrink,0.15,0.0,1.0,0.25,1.045368043892494,21.93657286906537,1.4971771166135854,15.316686326136663,5.5127879725242686,20.182291666666668,6,2.3961104301182723
B2,synthetic,1,shrink,0.25,0.0,1.0,0.25,0.9291300706927744,19.438097066624586,1.3266554576400393,13.613572685837669,4.809314863408589,20.182291666666668,6,2.1194575518498384
B2,synthetic,1,gated,0.0,0.0,1.0,0.25,1.2242469575712633,25.708300367653017,1.754598553165822,17.937612254746313,6.554521004116288,19.53125,6,2.814069888715559
B2,synthetic,1,gated,0.0,1.0,1.0,0.25,1.2242469575712633,25.708300367653017,1.754598553165822,17.937612254746313,6.554521004116288,19.53125,6,2.814069888715559
B2,synthetic,1,gated,0.0,2.0,1.0,0.25,1.2242469575712633,25.708300367653017,1.754598553165822,17.937612254746313,6.554521004116288,19.53125,6,2.814069888715559
B2,synthetic,1,gated,0.05,0.0,1.0,0.25,1.1690762500559533,24.494321725061468,1.6717441777538469,17.12925348929515,6.238247543941889,18.880208333333332,6,2.6820444091193862
B2,synthetic,1,gated,0.05,1.0,1.0,0.25,1.1833956257513334,24.69317524355614,1.685315984946581,17.33906034841394,6.310047181971382,19.53125,6,2.7076762491535575
B2,synthetic,1,gated,0.05,2.0,1.0,0.25,1.193381353997494,24.876796331352484,1.6978481745651361,17.485370796851768,6.362748663010681,19.53125,6,2.728798193434779
B2,synthetic,1,gated,0.1,0.0,1.0,0.25,1.1143316740176434,23.283691720802643,1.5891183478267794,16.327138383390533,5.9196928979941745,18.880208333333332,6,2.550304849191749
B2,synthetic,1,gated,0.1,1.0,1.0,0.25,1.142992094796894,23.681274647860324,1.6162534916753621,16.747069600549505,6.064503772599749,19.53125,6,2.601653585350658
B2,synthetic,1,gated,0.1,2.0,1.0,0.25,1.1630510778264358,24.049300245122147,1.6413713396563228,17.040972932375848,6.170309078303705,20.182291666666668,6,2.6440221659883756
B2,synthetic,1,gated,0.15,0.0,1.0,0.25,1.060079250313257,22.076961247624965,1.5067586619658366,15.532234271706967,5.600006177999629,18.880208333333332,6,2.4190002451329176
B2,synthetic,1,gated,0.15,1.0,1.0,0.25,1.1030855716058026,22.673030318171463,1.5474405395622146,16.16236098844322,5.817556965199214,19.53125,6,2.4960331842870094
B2,synthetic,1,gated,0.15,2.0,1.0,0.25,1.1332991104803356,23.226240494294117,1.5851972858558254,16.605048423215568,5.977368512554928,20.182291666666668,6,2.55980388196922
B2,synthetic,1,gated,0.25,0.0,1.0,0.25,0.9533862277436455,19.678066386011402,1.3430334295237845,13.968972825717884,4.953922006387195,18.229166666666668,6,2.1578330794402856
B2,synthetic,1,gated,0.25,1.0,1.0,0.25,1.024995053991012,20.669648814145816,1.4107092022846475,15.018182179516089,5.320533842687785,19.53125,6,2.286334623732323
B2,synthetic,1,gated,0.25,2.0,1.0,0.25,1.0757211227980625,21.595456325052417,1.4738958188993603,15.761418295269708,5.589060077600021,20.182291666666668,6,2.3932112639535075
B2,synthetic,1,shrink,0.0,0.0,2.0,0.25,2.4514249032558126,51.53013074357411,3.516945560542904,35.91816921764505,11.642753898117997,60.9375,5,5.5372791599074835
B2,synthetic,1,shrink,0.05,0.0,2.0,0.25,2.3298910798887578,48.97808016310551,3.342767408270716,34.137461015012526,11.157367199281765,60.9375,5,5.26920632059033
B2,synthetic,1,shrink,0.1,0.0,2.0,0.25,2.2085845320965056,46.427232971489296,3.1686713876178536,32.36008284404606,10.65780997425381,60.15625,5,5.000362108379633
B2,synthetic,1,shrink,0.15,0.0,2.0,0.25,2.087544880982201,43.87779904719357,2.9946718228473443,30.586615231395868,10.147012269750043,53.385416666666664,6,4.730980634582213
B2,synthetic,1,shrink,0.25,0.0,2.0,0.25,1.8464761113531973,38.78428565327244,2.6470381363065707,27.054486285033253,9.074144988578823,44.921875,6,4.1895890769458095
B2,synthetic,1,gated,0.0,0.0,2.0,0.25,2.4514249032558126,51.53013074357411,3.516945560542904,35.91816921764505,11.642753898117997,60.9375,5,5.5372791599074835
B2,synthetic,1,gated,0.0,1.0,2.0,0.25,2.4514249032558126,51.53013074357411,3.516945560542904,35.91816921764505,11.642753898117997,60.9375,5,5.5372791599074835
B2,synthetic,1,gated,0.0,2.0,2.0,0.25,2.4514249032558126,51.53013074357411,3.516945560542904,35.91816921764505,11.642753898117997,60.9375,5,5.5372791599074835
B2,synthetic,1,gated,0.05,0.0,2.0,0.25,2.3346316208521207,49.05069623328887,3.3477234749829528,34.206919211459464,11.187674097131795,60.9375,5,5.278601111877211
B2,synthetic,1,gated,0.05,1.0,2.0,0.25,2.3501116317499307,49.25842820622208,3.361901239126922,34.433731646211214,11.238174686120374,60.9375,5,5.303965560523395
B2,synthetic,1,gated,0.05,2.0,2.0,0.25,2.3656436881547815,49.46679511510154,3.376122337823417,34.66130664942934,11.287912392885582,60.9375,5,5.329347299554583
B2,synthetic,1,gated,0.1,0.0,2.0,0.25,2.218037023992338,46.57400526656788,3.1786886370239538,32.49858033707227,10.717639814511173,60.9375,5,5.019189006745535
B2,synthetic,1,gated,0.1,1.0,2.0,0.25,2.249068479415439,46.98954198367751,3.2070491319692054,32.953251848925,10.82103467078998,60.9375,5,5.070121956709749
B2,synthetic,1,gated,0.1,2.0,2.0,0.25,2.2803139727821304,47.40772753507869,3.235590410581563,33.411059435256966,10.92179696978642,60.9375,5,5.1211630365561005
B2,synthetic,1,gated,0.15,0.0,2.0,0.25,2.101674180375573,44.10052007912813,3.0098725943804046,30.79363710094769,10.235982246290346,54.6875,6,4.759318281119753
B2,synthetic,1,gated,0.15,1.0,2.0,0.25,2.148333560354173,44.72390070101905,3.052418492848965,31.477288271920095,10.397532095479901,55.338541666666664,6,4.83621969110601
B2,synthetic,1,gated,0.15,2.0,2.0,0.25,2.1954884016499308,45.35350932058418,3.095389453867442,32.1681989201895,10.553081473488547,60.9375,5,4.913384360496435
B2,synthetic,1,gated,0.25,0.0,2.0,0.25,1.8698167449206107,39.16559584439255,2.673062661462988,27.396472215341767,9.225423067952908,45.572916666666664,6,4.237608689306365
B2,synthetic,1,gated,0.25,1.0,2.0,0.25,1.947979559318467,40.20454656931157,2.743971333474895,28.541710313535557,9.508675991217112,46.223958333333336,6,4.366930858240435
B2,synthetic,1,gated,0.25,2.0,2.0,0.25,2.0276024247550364,41.26251643695683,2.816178067195771,29.70834101494768,9.784209634723434,54.6875,6,4.497754271441571
B2,synthetic,2,shrink,0.0,0.0,0.0,0.5,4.340975278735394e-18,2.692682578111716e-17,1.8377632469372585e-18,6.360377771480977e-17,0.0,0.0,6,4.008250886304955e-18
B2,synthetic,2,shrink,0.05,0.0,0.0,0.5,0.03592398478657277,0.2472108054165037,0.016872205291973322,0.526356635613234,0.11383199207715193,0.6510416666666666,6,0.0426032623743381
B2,synthetic,2,shrink,0.1,0.0,0.0,0.5,0.0718479695731455,0.49442161083300673,0.0337444105839466,1.0527132712264675,0.22691156254509556,1.3020833333333333,6,0.08515517176742075
B2,synthetic,2,shrink,0.15,0.0,0.0,0.5,0.10777195435971826,0.7416324162495104,0.05061661587591992,1.5790699068397012,0.3391751278080388,1.3020833333333333,6,0.1276513885813911
B2,synthetic,2,shrink,0.25,0.0,0.0,0.5,0.17961992393286372,1.2360540270825169,0.0843610264598665,2.631783178066168,0.5615093176296355,3.90625,6,0.21249415340463063
B2,synthetic,2,gated,0.0,0.0,0.0,0.5,4.340975278735394e-18,2.692682578111716e-17,1.8377632469372585e-18,6.360377771480977e-17,0.0,0.0,6,4.008250886304955e-18
B2,synthetic,2,gated,0.0,1.0,0.0,0.5,4.340975278735394e-18,2.692682578111716e-17,1.8377632469372585e-18,6.360377771480977e-17,0.0,0.0,6,4.008250886304955e-18
B2,synthetic,2,gated,0.0,2.0,0.0,0.5,4.340975278735394e-18,2.692682578111716e-17,1.8377632469372585e-18,6.360377771480977e-17,0.0,0.0,6,4.008250886304955e-18
B2,synthetic,2,gated,0.05,0.0,0.0,0.5,0.014096585978308044,0.14840104502094692,0.01012841203651382,0.20654255404172772,0.0323521252930122,0.6510416666666666,6,0.01938474645272313
B2,synthetic,2,gated,0.05,1.0,0.0,0.5,0.0028648675134011706,0.03184325196443228,0.002173310682770287,0.04197591204846273,0.0042092876160001085,0.0,6,0.0038930294740811494
B2,synthetic,2,gated,0.05,2.0,0.0,0.5,4.340975278735394e-18,2.692682578111716e-17,1.8377632469372585e-18,6.360377771480977e-17,0.0,0.0,6,4.008250886304955e-18
B2,synthetic,2,gated,0.1,0.0,0.0,0.5,0.028193171956616078,0.2968020900418939,0.020256824073027643,0.4130851080834553,0.06433179953334249,1.3020833333333333,6,0.03874407301891875
B2,synthetic,2,gated,0.1,1.0,0.0,0.5,0.005729735026802364,0.06368650392886456,0.004346621365540574,0.0839518240969258,0.008418575232004066,0.0,6,0.007786058948162573
B2,synthetic,2,gated,0.1,2.0,0.0,0.5,4.340975278735394e-18,2.692682578111716e-17,1.8377632469372585e-18,6.360377771480977e-17,0.0,0.0,6,4.008250886304955e-18
B2,synthetic,2,gated,0.15,0.0,0.0,0.5,0.04228975793492411,0.44520313506284076,0.03038523610954146,0.6196276621251828,0.09612148849541165,1.3020833333333333,6,0.058090433037750584
B2,synthetic,2,gated,0.15,1.0,0.0,0.5,0.008594602540203503,0.09552975589329683,0.0065199320483108605,0.12592773614538808,0.012627862848004176,0.0,6,0.011679088422243708
B2,synthetic,2,gated,0.15,2.0,0.0,0.5,4.340975278735394e-18,2.692682578111716e-17,1.8377632469372585e-18,6.360377771480977e-17,0.0,0.0,6,4.008250886304955e-18
B2,synthetic,2,gated,0.25,0.0,0.0,0.5,0.07048292989154015,0.7420052251047347,0.0506420601825691,1.0327127702086376,0.15970086641954614,1.953125,6,0.09678315307541395
B2,synthetic,2,gated,0.25,1.0,0.0,0.5,0.014324337567005858,0.15921625982216137,0.010866553413851432,0.20987956024231372,0.021046438080008834,0.6510416666666666,6,0.019465147370406312
B2,synthetic,2,gated,0.25,2.0,0.0,0.5,4.340975278735394e-18,2.692682578111716e-17,1.8377632469372585e-18,6.360377771480977e-17,0.0,0.0,6,4.008250886304955e-18
B2,synthetic,2,shrink,0.0,0.0,1.0,0.25,1.373292730364203,18.533398171731147,1.2649095098593748,20.12142432308314,7.1552784850820785,18.229166666666668,6,2.4399055946993418
B2,synthetic,2,shrink,0.05,0.0,1.0,0.25,1.3104007903697852,17.61646119766542,1.2023283098176836,19.199934400978947,6.815581576463508,18.880208333333332,6,2.3226940174513606
B2,synthetic,2,shrink,0.1,0.0,1.0,0.25,1.2485692158762782,16.703369995128906,1.1400095847379492,18.29398090727755,6.473874551398414,18.880208333333332,6,2.2061379069168403
B2,synthetic,2,shrink,0.15,0.0,1.0,0.25,1.187963589327385,15.794791546199363,1.0779988563299645,17.405989948617787,6.129276931164942,18.880208333333332,6,2.0903054831130996
B2,synthetic,2,shrink,0.25,0.0,1.0,0.25,1.0712585761335438,13.99468476817249,0.955141074870245,15.696033258989406,5.428873288368174,18.880208333333332,6,1.8612924542798053
B2,synthetic,2,gated,0.0,0.0,1.0,0.25,1.373292730364203,18.533398171731147,1.2649095098593748,20.12142432308314,7.1552784850820785,18.229166666666668,6,2.4399055946993418
B2,synthetic,2,gated,0.0,1.0,1.0,0.25,1.373292730364203,18.533398171731147,1.2649095098593748,20.12142432308314,7.1552784850820785,18.229166666666668,6,2.4399055946993418
B2,synthetic,2,gated,0.0,2.0,1.0,0.25,1.373292730364203,18.533398171731147,1.2649095098593748,20.12142432308314,7.1552784850820785,18.229166666666668,6,2.4399055946993418
B2,synthetic,2,gated,0.05,0.0,1.0,0.25,1.3061826776176644,17.637184203464297,1.2037426606488149,19.138130799567964,6.800249110382896,18.880208333333332,6,2.320952866889966
B2,synthetic,2,gated,0.05,1.0,1.0,0.25,1.3283180027547532,17.877601271675985,1.2201511915126972,19.462456604085002,6.9151840277730345,18.880208333333332,6,2.3562733999666707
B2,synthetic,2,gated,0.05,2.0,1.0,0.25,1.34991834487273,18.114699161739992,1.2363331875573838,19.77894386107668,7.026278634068444,18.229166666666668,6,2.3908378044288185
B2,synthetic,2,gated,0.1,0.0,1.0,0.25,1.2396648154617251,16.744551818369345,1.1428202554723443,18.163514026384398,6.442708171829493,18.880208333333332,6,2.2023692634878818
B2,synthetic,2,gated,0.1,1.0,1.0,0.25,1.2837565443993006,17.224579563675356,1.1755822807851157,18.80954408791107,6.673539942474158,18.880208333333332,6,2.272931484944648
B2,synthetic,2,gated,0.1,2.0,1.0,0.25,1.3268488924471478,17.69970688193916,1.2080098506078243,19.440931264859692,6.897278783054809,18.880208333333332,6,2.3421754660436713
B2,synthetic,2,gated,0.15,0.0,1.0,0.25,1.1738398210263077,15.856105912401835,1.0821835786448828,17.199049120385542,6.081117705603748,18.880208333333332,6,2.0841414409204417
B2,synthetic,2,gated,0.15,1.0,1.0,0.25,1.2396529231232989,16.574661068660895,1.131225165195207,18.16333978036796,6.431470607986326,18.880208333333332,6,2.190001260226209
B2,synthetic,2,gated,0.15,2.0,1.0,0.25,1.304100555925057,17.288688259974787,1.179957716895776,19.10762364465268,6.7681402282001,18.880208333333332,6,2.293935422272575
B2,synthetic,2,gated,0.25,0.0,1.0,0.25,1.0447910207011588,14.094936797593974,0.9619833033824106,15.308231807867978,5.3383757146156965,18.880208333333332,6,1.848724420839158
B2,synthetic,2,gated,0.25,1.0,1.0,0.25,1.1530288139815472,15.285715219443576,1.0432542573637662,16.894127165962,5.941164396747837,18.880208333333332,6,2.025254764391332
B2,synthetic,2,gated,0.25,2.0,1.0,0.25,1.2596365770134907,16.479758433061303,1.124748034278992,18.456139392977533,6.508991085717476,18.880208333333332,6,2.198806750127988
B2,synthetic,2,shrink,0.0,0.0,2.0,0.25,2.7526307273291275,37.09055123149144,2.5314402973438934,40.331423624923374,12.20382271384211,35.9375,5,4.740669909347559
B2,synthetic,2,shrink,0.05,0.0,2.0,0.25,2.620502796514125,35.244876577311146,2.405472495835154,38.395491028706566,11.754303920997629,35.9375,5,4.517958361494179
B2,synthetic,2,shrink,0.1,0.0,2.0,0.25,2.488907916219424,33.40112548156763,2.2796359777174526,36.467368665128056,11.294905444452516,35.15625,5,4.294970331168928
B2,synthetic,2,shrink,0.15,0.0,2.0,0.25,2.3579353357716526,31.559635075717882,2.1539537523052217,34.54836421137271,10.827232045832877,34.375,5,4.0718829777708
B2,synthetic,2,shrink,0.25,0.0,2.0,0.25,2.0983226830830364,27.885227344261903,1.9031744165594044,30.744531110906582,9.826298319835708,29.296875,6,3.62298331427515
B2,synthetic,2,gated,0.0,0.0,2.0,0.25,2.7526307273291275,37.09055123149144,2.5314402973438934,40.331423624923374,12.20382271384211,35.9375,5,4.740669909347559
B2,synthetic,2,gated,0.0,1.0,2.0,0.25,2.7526307273291275,37.09055123149144,2.5314402973438934,40.331423624923374,12.20382271384211,35.9375,5,4.740669909347559
B2,synthetic,2,gated,0.0,2.0,2.0,0.25,2.7526307273291275,37.09055123149144,2.5314402973438934,40.331423624923374,12.20382271384211,35.9375,5,4.740669909347559
B2,synthetic,2,gated,0.05,0.0,2.0,0.25,2.6172614147418436,35.281212282854085,2.407952417707162,38.347998446396105,11.747385662856807,35.9375,5,4.51834541946391
B2,synthetic,2,gated,0.05,1.0,2.0,0.25,2.640615286321133,35.53104308143849,2.4250034382516397,38.6901783394689,11.81942888275367,35.9375,5,4.551990345321055
B2,synthetic,2,gated,0.05,2.0,2.0,0.25,2.663977214473891,35.781321111241866,2.4420849824495106,39.0324762770997,11.891472102650534,35.9375,5,4.5856698231183275
B2,synthetic,2,gated,0.1,0.0,2.0,0.25,2.4822432436720323,33.47515802510936,2.2846887191250076,36.369718177846366,11.281909019884786,35.15625,5,4.29580372676047
B2,synthetic,2,gated,0.1,1.0,2.0,0.25,2.52892467329431,33.97446603544821,2.318766627815812,37.05369241922234,11.429691470414864,35.9375,5,4.363308543055214
B2,synthetic,2,gated,0.1,2.0,2.0,0.25,2.575640388747135,34.475641006307185,2.352971957074316,37.73816901507048,11.575936842995171,35.9375,5,4.43085301684116
B2,synthetic,2,gated,0.15,0.0,2.0,0.25,2.3476367998507364,31.672950361950505,2.1616875516786527,34.39747051872474,10.80921385423816,29.296875,6,4.073237762664142
B2,synthetic,2,gated,0.15,1.0,2.0,0.25,2.4176039087427377,32.421242272193254,2.2127586798466434,35.42262550247096,11.03558817922108,35.15625,5,4.174742555064025
B2,synthetic,2,gated,0.15,2.0,2.0,0.25,2.487653987146271,33.17393009044589,2.264129829942327,36.44899615182911,11.257261855016191,35.9375,5,4.276268033550675
B2,synthetic,2,gated,0.25,0.0,2.0,0.25,2.07997861463195,28.083035622570723,1.9166748858226925,30.47575463160628,9.78400021174865,28.645833333333332,6,3.624424891831465
B2,synthetic,2,gated,0.25,1.0,2.0,0.25,2.1962967019265918,29.326984690690985,2.00157475099939,32.180042100079376,10.214738797450659,29.296875,6,3.7968818273027978
B2,synthetic,2,gated,0.25,2.0,2.0,0.25,2.3128922714066737,30.58444154968341,2.087396526608976,33.88839522525616,10.612410339076295,29.296875,6,3.968142579469582
B2,synthetic,3,shrink,0.0,0.0,0.0,0.5,4.340975278735394e-18,2.692682578111716e-17,1.8377632469372585e-18,6.360377771480977e-17,0.0,0.0,6,4.008250886304955e-18
B2,synthetic,3,shrink,0.05,0.0,0.0,0.5,0.038390769870322666,0.24401075044982773,0.016653800662562446,0.5624998615158574,0.1158830951570966,0.0,6,0.043758238634728636
B2,synthetic,3,shrink,0.1,0.0,0.0,0.5,0.07678153974064533,0.48802150089965485,0.03330760132512485,1.1249997230317148,0.231013768704987,2.6041666666666665,6,0.08746512428820198
B2,synthetic,3,shrink,0.15,0.0,0.0,0.5,0.11517230961096801,0.7320322513494826,0.049961401987687296,1.6874995845475724,0.3451625463907811,2.6041666666666665,6,0.13110499527970412
B2,synthetic,3,shrink,0.25,0.0,0.0,0.5,0.19195384935161336,1.2200537522491373,0.08326900331281213,2.8124993075792872,0.5702445327254951,7.161458333333333,6,0.21816527379375017
B2,synthetic,3,gated,0.0,0.0,0.0,0.5,4.340975278735394e-18,2.692682578111716e-17,1.8377632469372585e-18,6.360377771480977e-17,0.0,0.0,6,4.008250886304955e-18
B2,synthetic,3,gated,0.0,1.0,0.0,0.5,4.340975278735394e-18,2.692682578111716e-17,1.8377632469372585e-18,6.360377771480977e-17,0.0,0.0,6,4.008250886304955e-18
B2,synthetic,3,gated,0.0,2.0,0.0,0.5,4.340975278735394e-18,2.692682578111716e-17,1.8377632469372585e-18,6.360377771480977e-17,0.0,0.0,6,4.008250886304955e-18
B2,synthetic,3,gated,0.05,0.0,0.0,0.5,0.013418212053696305,0.15065392590150153,0.010282171774689656,0.1966030493134037,0.08639055972648653,0.6510416666666666,6,0.022887457204124936
B2,synthetic,3,gated,0.05,1.0,0.0,0.5,0.004285294762473393,0.052650424368564305,0.003593405907801097,0.06278794925415891,0.020018785641116626,0.0,6,0.007102340901198854
B2,synthetic,3,gated,0.05,2.0,0.0,0.5,4.340975278735394e-18,2.692682578111716e-17,1.8377632469372585e-18,6.360377771480977e-17,0.0,0.0,6,4.008250886304955e-18
B2,synthetic,3,gated,0.1,0.0,0.0,0.5,0.026836424107392533,0.30130785180300307,0.02056434354937931,0.3932060986268063,0.17243083077535992,0.6510416666666666,6,0.04575100710990102
B2,synthetic,3,gated,0.1,1.0,0.0,0.5,0.008570589524946748,0.10530084873712861,0.007186811815602194,0.12557589850831727,0.04003757128223503,0.6510416666666666,6,0.01420468180239781
B2,synthetic,3,gated,0.1,2.0,0.0,0.5,4.340975278735394e-18,2.692682578111716e-17,1.8377632469372585e-18,6.360377771480977e-17,0.0,0.0,6,4.008250886304955e-18
B2,synthetic,3,gated,0.15,0.0,0.0,0.5,0.040254636161088826,0.45196177770450463,0.030846515324068968,0.5898091479402098,0.2582700353584369,1.3020833333333333,6,0.06860083417422393
B2,synthetic,3,gated,0.15,1.0,0.0,0.5,0.012855884287420166,0.1579512731056929,0.01078021772340329,0.18836384776247653,0.0600563569233555,0.6510416666666666,6,0.021307022703596936
B2,synthetic,3,gated,0.15,2.0,0.0,0.5,4.340975278735394e-18,2.692682578111716e-17,1.8377632469372585e-18,6.360377771480977e-17,0.0,0.0,6,4.008250886304955e-18
B2,synthetic,3,gated,0.25,0.0,0.0,0.5,0.06709106026848136,0.7532696295075076,0.051410858873448276,0.983015246567016,0.4299484445245894,1.3020833333333333,6,0.11430048830286964
B2,synthetic,3,gated,0.25,1.0,0.0,0.5,0.021426473812366925,0.2632521218428215,0.01796702953900548,0.31393974627079396,0.09966457997974427,0.6510416666666666,6,0.03548240137178904
B2,synthetic,3,gated,0.25,2.0,0.0,0.5,4.340975278735394e-18,2.692682578111716e-17,1.8377632469372585e-18,6.360377771480977e-17,0.0,0.0,6,4.008250886304955e-18
B2,synthetic,3,shrink,0.0,0.0,1.0,0.25,1.963575479189846,23.934126716430058,1.6335107147252241,28.770221041439576,10.055150714873838,13.28125,5,3.3015652492413934
B2,synthetic,3,shrink,0.05,0.0,1.0,0.25,1.8583305887503592,22.767370163163935,1.5538792598650921,27.22817756334755,9.672278059994687,12.5,5,3.143180185424883
B2,synthetic,3,shrink,0.1,0.0,1.0,0.25,1.7539404763227981,21.60347124694298,1.4744428395172855,25.69865825486606,9.284407208235551,12.5,5,2.9850764168183472
B2,synthetic,3,shrink,0.15,0.0,1.0,0.25,1.650567331153197,20.442918064479567,1.3952347664163334,24.184039505651835,8.891744479097374,12.5,5,2.8273824321418743
B2,synthetic,3,shrink,0.25,0.0,1.0,0.25,1.4477414352740456,18.134416644761302,1.2376789111830808,21.2122434533917,8.245662594188865,12.5,5,2.5243183630714428
B2,synthetic,3,gated,0.0,0.0,1.0,0.25,1.963575479189846,23.934126716430058,1.6335107147252241,28.770221041439576,10.055150714873838,13.28125,5,3.3015652492413934
B2,synthetic,3,gated,0.0,1.0,1.0,0.25,1.963575479189846,23.934126716430058,1.6335107147252241,28.770221041439576,10.055150714873838,13.28125,5,3.3015652492413934
B2,synthetic,3,gated,0.0,2.0,1.0,0.25,1.963575479189846,23.934126716430058,1.6335107147252241,28.770221041439576,10.055150714873838,13.28125,5,3.3015652492413934
B2,synthetic,3,gated,0.05,0.0,1.0,0.25,1.867776978752203,22.811909350828234,1.5569190716425088,27.36658565169301,9.706242719998775,13.28125,5,3.1532612895667067
B2,synthetic,3,gated,0.05,1.0,1.0,0.25,1.8844306882572217,22.977950222947868,1.5682514067179956,27.61059506650654,9.765734069265012,13.28125,5,3.1769807803035777
B2,synthetic,3,gated,0.05,2.0,1.0,0.25,1.9011149838614683,23.14444197137766,1.5796145142253484,27.855052627492658,9.825225418531248,13.28125,5,3.2007463365219295
B2,synthetic,3,gated,0.1,0.0,1.0,0.25,1.7727150566872756,21.693608742236695,1.480594748300308,25.973742575673096,9.35251417953443,12.5,5,3.0052639352599075
B2,synthetic,3,gated,0.1,1.0,1.0,0.25,1.8058131003359417,22.024752025533175,1.5031953682344692,26.45869364676929,9.473546368295557,12.5,5,3.052674057106536
B2,synthetic,3,gated,0.1,2.0,1.0,0.25,1.8390451817713824,22.35779017059908,1.5259253130042492,26.94560863358672,9.593676725705246,13.28125,5,3.100218972445017
B2,synthetic,3,gated,0.15,0.0,1.0,0.25,1.6785148649990633,20.579863405053544,1.4045813234814684,24.593525535005003,8.994729572848295,12.5,5,2.8577315170324082
B2,synthetic,3,gated,0.15,1.0,1.0,0.25,1.727794682817837,21.074936244079232,1.43837018056823,25.31557124526869,9.17757872333335,12.5,5,2.9286397877138355
B2,synthetic,3,gated,0.15,2.0,1.0,0.25,1.7774070042276395,21.5745030792447,1.4724657541244595,26.042488783436298,9.358845785493534,12.5,5,2.9999130486980268
B2,synthetic,3,gated,0.25,0.0,1.0,0.25,1.493350615749999,18.369349722437097,1.2537131581883554,21.880507147718074,8.309002434147887,12.5,5,2.5674801617691854
B2,synthetic,3,gated,0.25,1.0,1.0,0.25,1.573911123799262,19.187459477664436,1.309549373431074,23.06087614720479,8.592232735554784,13.28125,5,2.6829271768118037
B2,synthetic,3,gated,0.25,2.0,1.0,0.25,1.6556180274689911,20.019601162289455,1.3663432717048447,24.25804208459957,8.884143515156145,12.5,5,2.800497517713969
B2,synthetic,3,shrink,0.0,0.0,2.0,0.25,3.93402615812879,47.89513158612392,3.2688558707847255,57.641177205405334,14.493877978447484,26.3671875,4,6.225080098274316
B2,synthetic,3,shrink,0.05,0.0,2.0,0.25,3.7301027367315625,45.53010761957266,3.1074423362231576,54.65330025781506,14.08639915303786,26.3671875,4,5.933894311388092
B2,synthetic,3,shrink,0.1,0.0,2.0,0.25,3.5266036919800663,43.1665140549071,2.9461264269827194,51.67164125806123,13.660274176221023,25.390625,4,5.641745733196746
B2,synthetic,3,shrink,0.15,0.0,2.0,0.25,3.3236069764620164,40.80459945961967,2.784925107862964,48.69734236400998,13.214220007140161,27.34375,4,5.348602736903214
B2,synthetic,3,shrink,0.25,0.0,2.0,0.25,2.9195394296599817,36.08712563629356,2.462956225181775,42.77696254649301,12.308918766773216,26.3671875,4,4.762813022796523
B2,synthetic,3,gated,0.0,0.0,2.0,0.25,3.93402615812879,47.89513158612392,3.2688558707847255,57.641177205405334,14.493877978447484,26.3671875,4,6.225080098274316
B2,synthetic,3,gated,0.0,1.0,2.0,0.25,3.93402615812879,47.89513158612392,3.2688558707847255,57.641177205405334,14.493877978447484,26.3671875,4,6.225080098274316
B2,synthetic,3,gated,0.0,2.0,2.0,0.25,3.93402615812879,47.89513158612392,3.2688558707847255,57.641177205405334,14.493877978447484,26.3671875,4,6.225080098274316
B2,synthetic,3,gated,0.05,0.0,2.0,0.25,3.7400409214527643,45.58537177882152,3.111214130253617,54.798914100628785,14.109369888308203,26.3671875,4,5.944202956763375
B2,synthetic,3,gated,0.05,1.0,2.0,0.25,3.7572682603233707,45.757843257218234,3.122985355971752,55.05132830752631,14.145308471314268,26.3671875,4,5.967040670066729
B2,synthetic,3,gated,0.05,2.0,2.0,0.25,3.774502182764637,45.930512900008424,3.1347701064641074,55.303838976609846,14.181247054320329,26.3671875,4,5.9898951999296335
B2,synthetic,3,gated,0.1,0.0,2.0,0.25,3.5464099180933126,43.27861516033937,2.953777358183416,51.9618412067334,13.713756251834447,25.390625,4,5.662949943787494
B2,synthetic,3,gated,0.1,1.0,2.0,0.25,3.580832419322321,43.62323290453014,2.9772976137703315,52.4661981716953,13.786284364701984,25.390625,4,5.7086315135902135
B2,synthetic,3,gated,0.1,2.0,2.0,0.25,3.615283027712576,43.9686837801253,3.0008747308041666,52.970966961540164,13.858617874145166,25.390625,4,5.7543707166833755
B2,synthetic,3,gated,0.15,0.0,2.0,0.25,3.3531945144696995,40.975368937964,2.7965801716105796,49.13085766177905,13.30030950258893,25.390625,4,5.380927201337707
B2,synthetic,3,gated,0.15,1.0,2.0,0.25,3.4047687026508235,41.49171384896402,2.831820853445583,49.88652038507601,13.411862485645345,25.390625,4,5.449568498961439
B2,synthetic,3,gated,0.15,2.0,2.0,0.25,3.4564108177640533,42.0100350386496,2.8671964168430684,50.64317837077672,13.522741496099327,25.390625,4,5.518332642798686
B2,synthetic,3,gated,0.25,0.0,2.0,0.25,2.968334977127227,36.38207356212215,2.4830865020385553,43.49191274899295,12.456531817809838,24.4140625,4,4.817415704617823
B2,synthetic,3,gated,0.25,1.0,2.0,0.25,3.0540149523611864,37.2400721677507,2.541645142264664,44.747291955155745,12.645171871360603,24.4140625,4,4.93168906786916
B2,synthetic,3,gated,0.25,2.0,2.0,0.25,3.1399177801799807,38.10423969339487,2.600624812974283,46.00593638753129,12.832520535709568,24.4140625,4,5.0464067502291075
B2,synthetic,4,shrink,0.0,0.0,0.0,0.5,0.0,3.359885658114132e-17,2.216006121984542e-18,0.0,0.0,0.0,6,2.216006121984542e-18
B2,synthetic,4,shrink,0.05,0.0,0.0,0.5,0.019456392937468613,0.22765312731136117,0.015014818215393149,0.29499582578179306,0.10225178957840075,0.0,6,0.031487011794338465
B2,synthetic,4,shrink,0.1,0.0,0.0,0.5,0.03891278587493716,0.4553062546227216,0.03002963643078625,0.5899916515635851,0.20433075466971276,0.6510416666666666,6,0.06296262498287929
B2,synthetic,4,shrink,0.15,0.0,0.0,0.5,0.058369178812405755,0.6829593819340827,0.04504445464617939,0.884987477345378,0.30639061192454903,1.3020833333333333,6,0.09443697791774142
B2,synthetic,4,shrink,0.25,0.0,0.0,0.5,0.09728196468734286,1.1382656365568042,0.07507409107696564,1.4749791289089622,0.507941120120825,3.90625,6,0.1572162322793353
B2,synthetic,4,gated,0.0,0.0,0.0,0.5,0.0,3.359885658114132e-17,2.216006121984542e-18,0.0,0.0,0.0,6,2.216006121984542e-18
B2,synthetic,4,gated,0.0,1.0,0.0,0.5,0.0,3.359885658114132e-17,2.216006121984542e-18,0.0,0.0,0.0,6,2.216006121984542e-18
B2,synthetic,4,gated,0.0,2.0,0.0,0.5,0.0,3.359885658114132e-17,2.216006121984542e-18,0.0,0.0,0.0,6,2.216006121984542e-18
B2,synthetic,4,gated,0.05,0.0,0.0,0.5,0.008915305621077398,0.14923753698981526,0.00984293304150564,0.1351729455834563,0.06161661435452833,0.6510416666666666,6,0.0183644977978525
B2,synthetic,4,gated,0.05,1.0,0.0,0.5,0.0008080430359345913,0.01876659421138959,0.0012377471108520185,0.012251465285413024,0.003923173739640499,0.0,6,0.0019005207980681946
B2,synthetic,4,gated,0.05,2.0,0.0,0.5,0.0,3.359885658114132e-17,2.216006121984542e-18,0.0,0.0,0.0,6,2.216006121984542e-18
B2,synthetic,4,gated,0.1,0.0,0.0,0.5,0.01783061124215481,0.29847507397963047,0.019685866083011278,0.2703458911669128,0.12323322870905458,1.3020833333333333,6,0.03672899559570487
B2,synthetic,4,gated,0.1,1.0,0.0,0.5,0.0016160860718691778,0.03753318842277919,0.0024754942217040375,0.024502930570825976,0.007846347479277446,0.0,6,0.0038010415961361533
B2,synthetic,4,gated,0.1,2.0,0.0,0.5,0.0,3.359885658114132e-17,2.216006121984542e-18,0.0,0.0,0.0,6,2.216006121984542e-18
B2,synthetic,4,gated,0.15,0.0,0.0,0.5,0.026745916863232223,0.4477126109694457,0.029528799124516916,0.40551883675036937,0.1848498430635844,1.953125,6,0.05509349339355748
B2,synthetic,4,gated,0.15,1.0,0.0,0.5,0.002424129107803755,0.05629978263416877,0.003713241332556056,0.03675439585623879,0.01176952121891676,0.0,6,0.005701562394204262
B2,synthetic,4,gated,0.15,2.0,0.0,0.5,0.0,3.359885658114132e-17,2.216006121984542e-18,0.0,0.0,0.0,6,2.216006121984542e-18
B2,synthetic,4,gated,0.25,0.0,0.0,0.5,0.044576528105386974,0.7461876849490762,0.049214665207528194,0.6758647279172814,0.30791636537791245,2.6041666666666665,6,0.09181149390106949
B2,synthetic,4,gated,0.25,1.0,0.0,0.5,0.004040215179672905,0.09383297105694795,0.006188735554260093,0.06125732642706434,0.019615868698193612,0.0,6,0.009502603990340362
B2,synthetic,4,gated,0.25,2.0,0.0,0.5,0.0,3.359885658114132e-17,2.216006121984542e-18,0.0,0.0,0.0,6,2.216006121984542e-18
B2,synthetic,4,shrink,0.0,0.0,1.0,0.25,1.9578296229873136,26.060986744077024,1.7188473670335518,29.684411094564474,10.410601089338739,13.020833333333334,6,3.3843913705593716
B2,synthetic,4,shrink,0.05,0.0,1.0,0.25,1.8689193317503732,24.745282900519378,1.6320703731498123,28.336362416259284,9.946093253605083,11.71875,6,3.2225227061144257
B2,synthetic,4,shrink,0.1,0.0,1.0,0.25,1.7801851926139487,23.4319001558219,1.545446466894857,26.990984537959108,9.493995264333366,11.067708333333334,6,3.0617136943844834
B2,synthetic,4,shrink,0.15,0.0,1.0,0.25,1.6916549254743838,22.121251938621537,1.4590029158748994,25.64869774587726,9.06327438371069,10.416666666666666,6,2.9025968969763403
B2,synthetic,4,shrink,0.25,0.0,1.0,0.25,1.5153488598489657,19.510362430584482,1.2868022006611919,22.975563337733675,8.191213408031514,9.765625,6,2.5847265350680817
B2,synthetic,4,gated,0.0,0.0,1.0,0.25,1.9578296229873136,26.060986744077024,1.7188473670335518,29.684411094564474,10.410601089338739,13.020833333333334,6,3.3843913705593716
B2,synthetic,4,gated,0.0,1.0,1.0,0.25,1.9578296229873136,26.060986744077024,1.7188473670335518,29.684411094564474,10.410601089338739,13.020833333333334,6,3.3843913705593716
B2,synthetic,4,gated,0.0,2.0,1.0,0.25,1.9578296229873136,26.060986744077024,1.7188473670335518,29.684411094564474,10.410601089338739,13.020833333333334,6,3.3843913705593716
B2,synthetic,4,gated,0.05,0.0,1.0,0.25,1.8665646478131628,24.776531039905606,1.6341313381714428,28.30066094092699,9.935200522383562,12.369791666666666,6,3.2226879011753033
B2,synthetic,4,gated,0.05,1.0,1.0,0.25,1.8767106853535742,24.938219714549888,1.6447954836015706,28.454494117110578,9.98961510109832,12.369791666666666,6,3.2420139684463685
B2,synthetic,4,gated,0.05,2.0,1.0,0.25,1.8868607905195454,25.100086532716517,1.655471378453443,28.60838896621395,10.044029679813073,13.020833333333334,6,3.2613538189519566
B2,synthetic,4,gated,0.1,0.0,1.0,0.25,1.7753923525776718,23.494971831128108,1.5496063471058055,26.918315990973777,9.457143249695594,12.369791666666666,6,3.0610465870415338
B2,synthetic,4,gated,0.1,1.0,1.0,0.25,1.795656235004082,23.817749567330406,1.5708950906003112,27.225554889218486,9.566738903911004,12.369791666666666,6,3.0996956320387596
B2,synthetic,4,gated,0.1,2.0,1.0,0.25,1.8159376530950095,24.141284236642548,1.592233757472456,27.533059661402504,9.67633455812641,12.369791666666666,6,3.138403368245884
B2,synthetic,4,gated,0.15,0.0,1.0,0.25,1.6843277875825897,22.216810369565906,1.4653054538040866,25.537604435829827,9.0043737410353,11.71875,6,2.901351085403414
B2,synthetic,4,gated,0.15,1.0,1.0,0.25,1.7146754171017038,22.699916427988615,1.4971686209463113,25.99773206890567,9.149312931111714,11.71875,6,2.9579475037029543
B2,synthetic,4,gated,0.15,2.0,1.0,0.25,1.7450657821501026,23.184840133338955,1.529151670641965,26.45850765367493,9.307265476728915,12.369791666666666,6,3.0155434656817186
B2,synthetic,4,gated,0.25,0.0,1.0,0.25,1.5026001746321438,19.673328095004592,1.297550569706314,22.78226908554338,8.093244849829494,9.114583333333334,6,2.5826390640959938
B2,synthetic,4,gated,0.25,1.0,1.0,0.25,1.5529807439778471,20.473887930799975,1.350351339662672,23.54613408895168,8.338996486709014,10.416666666666666,6,2.676838620657332
B2,synthetic,4,gated,0.25,2.0,1.0,0.25,1.6035030256165197,21.28029762821829,1.4035379361169609,24.312147719550136,8.582622872443075,11.067708333333334,6,2.771354689332647
B2,synthetic,4,shrink,0.0,0.0,2.0,0.25,3.9390228303322616,52.31097164232942,3.450160070965844,59.72305844879711,19.60666350626438,48.828125,6,6.712825205713014
B2,synthetic,4,shrink,0.05,0.0,2.0,0.25,3.750999428215675,49.68226702214846,3.276784363457997,56.872266991616506,18.718440249016776,48.177083333333336,6,6.386855203093524
B2,synthetic,4,shrink,0.1,0.0,2.0,0.25,3.5630643150937398,47.05471790999933,3.1034848672600908,54.02281416307937,17.828005661715963,48.828125,6,6.06085970843306
B2,synthetic,4,shrink,0.15,0.0,2.0,0.25,3.3752322389635756,44.42852932017047,2.9302751040500765,51.17492357079903,16.93960419522617,48.177083333333336,6,5.735139559348329
B2,synthetic,4,shrink,0.25,0.0,2.0,0.25,2.9999546038402043,39.18132787416435,2.584196942147321,45.48500271925908,15.156125576770227,46.223958333333336,6,5.083793590713309
B2,synthetic,4,gated,0.0,0.0,2.0,0.25,3.9390228303322616,52.31097164232942,3.450160070965844,59.72305844879711,19.60666350626438,48.828125,6,6.712825205713014
B2,synthetic,4,gated,0.0,1.0,2.0,0.25,3.9390228303322616,52.31097164232942,3.450160070965844,59.72305844879711,19.60666350626438,48.828125,6,6.712825205713014
B2,synthetic,4,gated,0.0,2.0,2.0,0.25,3.9390228303322616,52.31097164232942,3.450160070965844,59.72305844879711,19.60666350626438,48.828125,6,6.712825205713014
B2,synthetic,4,gated,0.05,0.0,2.0,0.25,3.751615624279901,49.72891771646668,3.2798612010269887,56.881609692876395,18.72377469625108,48.828125,6,6.390591971135714
B2,synthetic,4,gated,0.05,1.0,2.0,0.25,3.7623666499657773,49.89312845021849,3.290691688380354,57.04461563701,18.776222714535972,48.828125,6,6.410257170287927
B2,synthetic,4,gated,0.05,2.0,2.0,0.25,3.7731194192751207,50.0574179031053,3.301527367639124,57.207648017783015,18.828670732820857,48.828125,6,6.429928433157279
B2,synthetic,4,gated,0.1,0.0,2.0,0.25,3.564306583159418,47.1501662608009,3.109780144874637,54.04164930354219,17.836125391971503,48.177083333333336,6,6.068311655327357
B2,synthetic,4,gated,0.1,1.0,2.0,0.25,3.5857883955784327,47.478227438486705,3.1314173567357466,54.36735433089251,17.9411342537615,48.177083333333336,6,6.107615612675489
B2,synthetic,4,gated,0.1,2.0,2.0,0.25,3.6072777443090125,47.80662326591505,3.153076640356245,54.69317362302257,18.046143115551494,48.828125,6,6.146945409938794
B2,synthetic,4,gated,0.15,0.0,2.0,0.25,3.377112040948043,44.575290438478945,2.9399547053738733,51.20342493487491,16.94397467388305,48.828125,6,5.746047315743372
B2,synthetic,4,gated,0.15,1.0,2.0,0.25,3.409300175277843,45.06674157975704,2.9723682708503794,51.69145811232522,17.102802637854143,48.177083333333336,6,5.805030416192804
B2,synthetic,4,gated,0.15,2.0,2.0,0.25,3.441506730388168,45.55899666425502,3.004834860247288,52.179770583752585,17.26163060182524,48.177083333333336,6,5.864075750952903
B2,synthetic,4,gated,0.25,0.0,2.0,0.25,3.003152085674687,39.44020094310521,2.601270865606724,45.533482609504766,15.152212454176166,47.526041666666664,6,5.102208165842078
B2,synthetic,4,gated,0.25,1.0,2.0,0.25,3.0566562113364424,40.25646946447549,2.6551076988981013,46.344706652062364,15.41813171780001,47.526041666666664,6,5.200335715838489
B2,synthetic,4,gated,0.25,2.0,2.0,0.25,3.1102218749598025,41.07532713183113,2.7091152988148375,47.156863726855626,15.684050981423844,48.177083333333336,6,5.298664801441062
