dataset,trial_id,block,cue,features,score,prediction
A1,2,0,1,amplitude,0.10078080004523449,1
A1,4,0,-1,amplitude,-0.7218469827293543,-1
A1,5,0,1,amplitude,-0.36400559030501495,-1
A1,6,0,-1,amplitude,-1.4054840954124168,-1
A1,7,0,-1,amplitude,-0.05354272802181868,-1
A1,8,0,-1,amplitude,0.022297884233532437,1
A1,9,0,1,amplitude,-0.08256793289411947,-1
A1,10,0,1,amplitude,0.014223377305484116,1
A1,11,0,1,amplitude,-0.6783300161028044,-1
A1,12,0,1,amplitude,-0.06084261108061683,-1
A1,13,0,-1,amplitude,0.021860672691662836,1
A1,15,0,1,amplitude,-0.2220299698980938,-1
A1,16,0,-1,amplitude,-0.467607360267305,-1
A1,17,0,1,amplitude,0.12798895784563308,1
A1,24,1,-1,amplitude,-0.1810552121019226,-1
A1,25,1,-1,amplitude,-0.549117870574337,-1
A1,26,1,1,amplitude,-0.17220001313628588,-1
A1,28,1,-1,amplitude,-0.038279368231859,-1
A1,29,1,-1,amplitude,-0.047439238691695064,-1
A1,30,1,-1,amplitude,-0.18263644428138168,-1
A1,31,1,-1,amplitude,-0.1816714791810478,-1
A1,32,1,1,amplitude,-0.21115857553939557,-1
A1,33,1,1,amplitude,0.07525291456996705,1
A1,34,1,-1,amplitude,0.1935246450220243,1
A1,35,1,1,amplitude,-0.1982200751196173,-1
A1,37,1,-1,amplitude,0.09672668537612371,1
A1,44,2,1,amplitude,0.7895764156824149,1
A1,45,2,-1,amplitude,-0.60329781474806,-1
A1,47,2,-1,amplitude,0.28162537136132965,1
A1,48,2,1,amplitude,0.2208245122914456,1
A1,49,2,-1,amplitude,1.2587632875457995,1
A1,50,2,-1,amplitude,0.40815119993798304,1
A1,51,2,1,amplitude,2.293597399313693,1
A1,52,2,1,amplitude,12.276780603532316,1
A1,53,2,1,amplitude,11.642784607433654,1
A1,54,2,-1,amplitude,7.176481653385795,1
A1,55,2,1,amplitude,1.0613799979750793,1
A1,56,2,-1,amplitude,1.5984293531524036,1
A1,57,2,-1,amplitude,0.07895229529977546,1
A1,64,3,1,amplitude,-1.5755942512937122,-1
A1,65,3,-1,amplitude,-0.37407764129788473,-1
A1,66,3,1,amplitude,0.29156132901300824,1
A1,67,3,-1,amplitude,-0.6107434992577386,-1
A1,68,3,-1,amplitude,0.16641138831918065,1
A1,69,3,1,amplitude,-0.03887005762614262,-1
A1,70,3,1,amplitude,0.08454452987110217,1
A1,71,3,-1,amplitude,-0.09593291417039028,-1
A1,72,3,1,amplitude,-0.3884616173967454,-1
A1,73,3,-1,amplitude,0.016328100515259736,1
A1,74,3,1,amplitude,-0.7959238948383739,-1
A1,75,3,-1,amplitude,-0.34473351090461135,-1
A1,76,3,1,amplitude,-0.6931692338824168,-1
A1,84,4,1,amplitude,-1.323230705146326,-1
A1,85,4,-1,amplitude,-1.0461530444656335,-1
A1,86,4,1,amplitude,-0.24376266396191765,-1
A1,87,4,1,amplitude,0.022260272179081136,1
A1,89,4,1,amplitude,0.28292486323937455,1
A1,90,4,1,amplitude,-0.2745076864627648,-1
A1,91,4,-1,amplitude,-2.522462845626036,-1
A1,92,4,1,amplitude,-0.35059124327955365,-1
A1,93,4,1,amplitude,-0.10483809540089789,-1
A1,94,4,1,amplitude,-0.03697156343236925,-1
A1,95,4,-1,amplitude,-0.12867545921965168,-1
A1,96,4,1,amplitude,-0.35977422964426464,-1
A1,97,4,1,amplitude,-0.053671282978460584,-1
A1,98,4,-1,amplitude,-2.7588670354958618,-1
A1,99,4,-1,amplitude,-0.3221004564939866,-1
A1,2,0,1,peak_latency,-0.3052503614397413,-1
A1,4,0,-1,peak_latency,-1.0244906389092205,-1
A1,5,0,1,peak_latency,-0.7924530987748312,-1
A1,6,0,-1,peak_latency,-0.9153080752047459,-1
A1,7,0,-1,peak_latency,-0.10035126475257264,-1
A1,8,0,-1,peak_latency,0.5979339210334205,1
A1,9,0,1,peak_latency,-0.27611235165320286,-1
A1,10,0,1,peak_latency,-1.2865226700642654,-1
A1,11,0,1,peak_latency,-0.5758465833450943,-1
A1,12,0,1,peak_latency,0.11667669581658865,1
A1,13,0,-1,peak_latency,0.20349361854945958,1
A1,15,0,1,peak_latency,-0.620150242221539,-1
A1,16,0,-1,peak_latency,-0.39408339891311256,-1
A1,17,0,1,peak_latency,0.20313959190825082,1
A1,24,1,-1,peak_latency,-0.311770069266313,-1
A1,25,1,-1,peak_latency,-0.33723879648634186,-1
A1,26,1,1,peak_latency,-0.05392144400312856,-1
A1,28,1,-1,peak_latency,1.5376708138540889,1
A1,29,1,-1,peak_latency,1.327988583359524,1
A1,30,1,-1,peak_latency,0.38892738432639135,1
A1,31,1,-1,peak_latency,-0.1654932066488461,-1
A1,32,1,1,peak_latency,-0.3994401323656205,-1
A1,33,1,1,peak_latency,0.014523586152601856,1
A1,34,1,-1,peak_latency,-0.22408790264313025,-1
A1,35,1,1,peak_latency,-0.5179545524913226,-1
A1,37,1,-1,peak_latency,-0.33471766318405183,-1
A1,44,2,1,peak_latency,0.9739839358865918,1
A1,45,2,-1,peak_latency,-0.1941053477941483,-1
A1,47,2,-1,peak_latency,0.6922121620236769,1
A1,48,2,1,peak_latency,-0.4622118826570889,-1
A1,49,2,-1,peak_latency,1.4171360772230737,1
A1,50,2,-1,peak_latency,0.05076980145669048,1
A1,51,2,1,peak_latency,3.461523149330654,1
A1,52,2,1,peak_latency,10.701419818490773,1
A1,53,2,1,peak_latency,10.265333748144558,1
A1,54,2,-1,peak_latency,7.294440096900717,1
A1,55,2,1,peak_latency,1.3697640193352547,1
A1,56,2,-1,peak_latency,2.3802427151051755,1
A1,57,2,-1,peak_latency,-0.10345334602283443,-1
A1,64,3,1,peak_latency,-2.0101511271132426,-1
A1,65,3,-1,peak_latency,-0.4662712383830692,-1
A1,66,3,1,peak_latency,0.5552219265919489,1
A1,67,3,-1,peak_latency,-0.8078619626469815,-1
A1,68,3,-1,peak_latency,0.2792281622403503,1
A1,69,3,1,peak_latency,0.5166404756353813,1
A1,70,3,1,peak_latency,0.42730427972448387,1
A1,71,3,-1,peak_latency,-0.5380399168962284,-1
A1,72,3,1,peak_latency,-0.7034646961803499,-1
A1,73,3,-1,peak_latency,0.5924969095828758,1
A1,74,3,1,peak_latency,-1.1725002398615505,-1
A1,75,3,-1,peak_latency,-0.3558543024078035,-1
A1,76,3,1,peak_latency,-1.7022354926208672,-1
A1,84,4,1,peak_latency,-1.1834447453850099,-1
A1,85,4,-1,peak_latency,-0.5110383273872644,-1
A1,86,4,1,peak_latency,-0.5512258468923091,-1
A1,87,4,1,peak_latency,-0.5658076840646673,-1
A1,89,4,1,peak_latency,-0.01712821548527451,-1
A1,90,4,1,peak_latency,-0.5698315526736757,-1
A1,91,4,-1,peak_latency,-0.8908596534318245,-1
A1,92,4,1,peak_latency,-0.00940280451765116,-1
A1,93,4,1,peak_latency,0.4215017810081396,1
A1,94,4,1,peak_latency,-0.7648405015639669,-1
A1,95,4,-1,peak_latency,-0.03453633844014556,-1
A1,96,4,1,peak_latency,-0.774234667954473,-1
A1,97,4,1,peak_latency,-0.7101528324456413,-1
A1,98,4,-1,peak_latency,0.33318912660130545,1
A1,99,4,-1,peak_latency,-0.25206790637396403,-1
A1,2,0,1,spatial,0.7082459133646629,1
A1,4,0,-1,spatial,-1.160163235131943,-1
A1,5,0,1,spatial,-0.9923767485044155,-1
A1,6,0,-1,spatial,-0.5407461839289126,-1
A1,7,0,-1,spatial,-0.06387776168206553,-1
A1,8,0,-1,spatial,0.42767664210272466,1
A1,9,0,1,spatial,-0.29538457544269014,-1
A1,10,0,1,spatial,-1.2400410988016304,-1
A1,11,0,1,spatial,-0.695036936040056,-1
A1,12,0,1,spatial,0.04235713410762977,1
A1,13,0,-1,spatial,0.15726956470326545,1
A1,15,0,1,spatial,-0.4892593129079118,-1
A1,16,0,-1,spatial,-0.18896140923849286,-1
A1,17,0,1,spatial,0.1855776054629642,1
A1,24,1,-1,spatial,-0.2833451391596975,-1
A1,25,1,-1,spatial,0.8013800701261362,1
A1,26,1,1,spatial,-0.11703206106602759,-1
A1,28,1,-1,spatial,1.457738655426975,1
A1,29,1,-1,spatial,1.0439743041124872,1
A1,30,1,-1,spatial,0.13767359135897447,1
A1,31,1,-1,spatial,0.32516550250574233,1
A1,32,1,1,spatial,-0.5226262040708658,-1
A1,33,1,1,spatial,-0.05274568479861992,-1
A1,34,1,-1,spatial,-0.2785702976562123,-1
A1,35,1,1,spatial,-0.42466231860874953,-1
A1,37,1,-1,spatial,-0.5237658211926715,-1
A1,44,2,1,spatial,0.9493896696176246,1
A1,45,2,-1,spatial,-0.3839765566742643,-1
A1,47,2,-1,spatial,0.6757141780830388,1
A1,48,2,1,spatial,-0.4991602522490617,-1
A1,49,2,-1,spatial,1.3818676917384924,1
A1,50,2,-1,spatial,0.13035145528642167,1
A1,51,2,1,spatial,3.2311717671442066,1
A1,52,2,1,spatial,10.80934659096043,1
A1,53,2,1,spatial,10.499649578076147,1
A1,54,2,-1,spatial,6.26871743428839,1
A1,55,2,1,spatial,1.3647626805272541,1
A1,56,2,-1,spatial,2.450710346728668,1
A1,57,2,-1,spatial,-0.035319265702575216,-1
A1,64,3,1,spatial,-1.9680084659292716,-1
A1,65,3,-1,spatial,-0.34141344905792864,-1
A1,66,3,1,spatial,1.0466126095513626,1
A1,67,3,-1,spatial,-0.7256335031572216,-1
A1,68,3,-1,spatial,0.4183863844932026,1
A1,69,3,1,spatial,0.2120200148091009,1
A1,70,3,1,spatial,0.31716532424083377,1
A1,71,3,-1,spatial,-0.5187520745054266,-1
A1,72,3,1,spatial,-0.5541872494909702,-1
A1,73,3,-1,spatial,0.7163046282438541,1
A1,74,3,1,spatial,-0.7099281213215108,-1
A1,75,3,-1,spatial,0.00565270087791741,1
A1,76,3,1,spatial,-1.4726959791829717,-1
A1,84,4,1,spatial,-0.868208493201291,-1
A1,85,4,-1,spatial,-0.7776849446922891,-1
A1,86,4,1,spatial,-0.5478609812345419,-1
A1,87,4,1,spatial,-0.5339425298372751,-1
A1,89,4,1,spatial,-0.13629056586818142,-1
A1,90,4,1,spatial,-0.5311611661040734,-1
A1,91,4,-1,spatial,-1.0313822244181865,-1
A1,92,4,1,spatial,-0.09925776138679963,-1
A1,93,4,1,spatial,0.38116111075083986,1
A1,94,4,1,spatial,-0.7363269178407054,-1
A1,95,4,-1,spatial,-0.03073305801019261,-1
A1,96,4,1,spatial,-0.7829628957700623,-1
A1,97,4,1,spatial,-0.668117150186084,-1
A1,98,4,-1,spatial,-0.015495102460511537,-1
A1,99,4,-1,spatial,-0.27144601390075745,-1
A1,2,0,1,mechanism,1.0222890150501187,1
A1,4,0,-1,mechanism,-1.330989552418153,-1
A1,5,0,1,mechanism,-1.1037456072897738,-1
A1,6,0,-1,mechanism,-0.8366964536534576,-1
A1,7,0,-1,mechanism,-0.12571335450260857,-1
A1,8,0,-1,mechanism,0.3815681771818403,1
A1,9,0,1,mechanism,-0.30973985758665273,-1
A1,10,0,1,mechanism,-1.1705399035099477,-1
A1,11,0,1,mechanism,-0.8904946162997227,-1
A1,12,0,1,mechanism,-0.006407047059586856,-1
A1,13,0,-1,mechanism,0.18049147176616806,1
A1,15,0,1,mechanism,-0.5336159990926966,-1
A1,16,0,-1,mechanism,-0.18632556949779802,-1
A1,17,0,1,mechanism,0.2255523828246351,1
A1,24,1,-1,mechanism,-0.7738818291976627,-1
A1,25,1,-1,mechanism,0.7155830260521681,1
A1,26,1,1,mechanism,-1.0412105060647114,-1
A1,28,1,-1,mechanism,0.42130837264806725,1
A1,29,1,-1,mechanism,0.7232127847244164,1
A1,30,1,-1,mechanism,-0.26277313048651413,-1
A1,31,1,-1,mechanism,0.253814914995258,1
A1,32,1,1,mechanism,-0.35294720984466926,-1
A1,33,1,1,mechanism,-0.1940210193972931,-1
A1,34,1,-1,mechanism,0.14638581307645443,1
A1,35,1,1,mechanism,-0.35887503325670383,-1
A1,37,1,-1,mechanism,-0.4931633587123342,-1
A1,44,2,1,mechanism,1.08179631519564,1
A1,45,2,-1,mechanism,-0.754816683436716,-1
A1,47,2,-1,mechanism,0.8517808731228083,1
A1,48,2,1,mechanism,-0.2772651953186027,-1
A1,49,2,-1,mechanism,1.8374520451034488,1
A1,50,2,-1,mechanism,0.3950627219519595,1
A1,51,2,1,mechanism,3.5851861771332025,1
A1,52,2,1,mechanism,10.913835094300628,1
A1,53,2,1,mechanism,10.746582986658701,1
A1,54,2,-1,mechanism,6.162140494366595,1
A1,55,2,1,mechanism,1.810080962705374,1
A1,56,2,-1,mechanism,2.5043824399327854,1
A1,57,2,-1,mechanism,1.000944013333349,1
A1,64,3,1,mechanism,-2.6020918689878645,-1
A1,65,3,-1,mechanism,-0.22643915602126885,-1
A1,66,3,1,mechanism,0.5175844427619519,1
A1,67,3,-1,mechanism,-0.675665771404163,-1
A1,68,3,-1,mechanism,0.498222832811302,1
A1,69,3,1,mechanism,0.3137906250898817,1
A1,70,3,1,mechanism,0.6050859749906703,1
A1,71,3,-1,mechanism,-0.3493514303589057,-1
A1,72,3,1,mechanism,-0.6154832916144329,-1
A1,73,3,-1,mechanism,0.8639688783416386,1
A1,74,3,1,mechanism,-1.5633313254101615,-1
A1,75,3,-1,mechanism,0.21629461284576795,1
A1,76,3,1,mechanism,-1.379839553138575,-1
A1,84,4,1,mechanism,-1.0560791382009231,-1
A1,85,4,-1,mechanism,-0.7749648675139579,-1
A1,86,4,1,mechanism,-1.718505153415498,-1
A1,87,4,1,mechanism,-0.45635181060257607,-1
A1,89,4,1,mechanism,-0.0023555849087722363,-1
A1,90,4,1,mechanism,-0.7363531710458182,-1
A1,91,4,-1,mechanism,-0.8356375157555398,-1
A1,92,4,1,mechanism,-0.43306326855813015,-1
A1,93,4,1,mechanism,0.3340020011552685,1
A1,94,4,1,mechanism,-0.7618388891368565,-1
A1,95,4,-1,mechanism,0.03889317972439048,1
A1,96,4,1,mechanism,-0.8411630146901983,-1
A1,97,4,1,mechanism,-0.1576524917820107,-1
A1,98,4,-1,mechanism,-0.6900502420992207,-1
A1,99,4,-1,mechanism,-0.4952839707266158,-1
A1,2,0,1,covariance,-3.040344210872868,-1
A1,4,0,-1,covariance,0.78060458646912,1
A1,5,0,1,covariance,-1.7343338166144917,-1
A1,6,0,-1,covariance,1.1384024152856342,1
A1,7,0,-1,covariance,-0.7876893639359578,-1
A1,8,0,-1,covariance,0.10643312758079275,1
A1,9,0,1,covariance,-0.19670272663217858,-1
A1,10,0,1,covariance,0.3573836590496291,1
A1,11,0,1,covariance,-0.6337691819735751,-1
A1,12,0,1,covariance,-0.1234011858978158,-1
A1,13,0,-1,covariance,0.047121445582111364,1
A1,15,0,1,covariance,0.7193810929474802,1
A1,16,0,-1,covariance,0.2918389615047004,1
A1,17,0,1,covariance,-0.18159646924258582,-1
A1,24,1,-1,covariance,1.4210013384941458,1
A1,25,1,-1,covariance,0.1549478013777301,1
A1,26,1,1,covariance,0.3269621321448978,1
A1,28,1,-1,covariance,2.081245274710701,1
A1,29,1,-1,covariance,0.3778038907548442,1
A1,30,1,-1,covariance,-0.9898028414789372,-1
A1,31,1,-1,covariance,-0.4604049953232596,-1
A1,32,1,1,covariance,0.7435374208524431,1
A1,33,1,1,covariance,1.0360692371353688,1
A1,34,1,-1,covariance,1.2660290313916693,1
A1,35,1,1,covariance,-0.15331999497485307,-1
A1,37,1,-1,covariance,-0.14533458296174387,-1
A1,44,2,1,covariance,0.26350568240713423,1
A1,45,2,-1,covariance,-2.5674618672602914,-1
A1,47,2,-1,covariance,0.07049009804221772,1
A1,48,2,1,covariance,0.9273244238668273,1
A1,49,2,-1,covariance,0.8300731248492663,1
A1,50,2,-1,covariance,0.08855535024624096,1
A1,51,2,1,covariance,-1.2246065114877203,-1
A1,52,2,1,covariance,-3.315192046721571,-1
A1,53,2,1,covariance,-3.634101101066813,-1
A1,54,2,-1,covariance,-1.718781482129336,-1
A1,55,2,1,covariance,-1.1979497711972213,-1
A1,56,2,-1,covariance,-1.8824366404518142,-1
A1,57,2,-1,covariance,2.906367759951821,1
A1,64,3,1,covariance,-1.4521064013470737,-1
A1,65,3,-1,covariance,0.5441709919110378,1
A1,66,3,1,covariance,-0.22622513746760808,-1
A1,67,3,-1,covariance,0.1224636718935652,1
A1,68,3,-1,covariance,2.6931195031928037,1
A1,69,3,1,covariance,1.1988640371268473,1
A1,70,3,1,covariance,1.0276060650844976,1
A1,71,3,-1,covariance,0.46189295222542576,1
A1,72,3,1,covariance,-0.004062021635117883,-1
A1,73,3,-1,covariance,0.7182640531577356,1
A1,74,3,1,covariance,-2.1332319553753214,-1
A1,75,3,-1,covariance,1.028123514029385,1
A1,76,3,1,covariance,-1.1117317280622936,-1
A1,84,4,1,covariance,-0.552200863413273,-1
A1,85,4,-1,covariance,3.819069547377725,1
A1,86,4,1,covariance,-1.92991421019406,-1
A1,87,4,1,covariance,-1.0088035630878371,-1
A1,89,4,1,covariance,-0.843600441353097,-1
A1,90,4,1,covariance,0.24272730249298488,1
A1,91,4,-1,covariance,2.781764288580893,1
A1,92,4,1,covariance,-0.6826561401244069,-1
A1,93,4,1,covariance,-0.10573265946437306,-1
A1,94,4,1,covariance,-0.004846190446199822,-1
A1,95,4,-1,covariance,0.8106591621472483,1
A1,96,4,1,covariance,0.11476167126917518,1
A1,97,4,1,covariance,0.9616293559121943,1
A1,98,4,-1,covariance,3.5392957637262867,1
A1,99,4,-1,covariance,-0.06858700225168018,-1
A1,2,0,1,projection6,0.700745737462617,1
A1,4,0,-1,projection6,-1.2385788824963326,-1
A1,5,0,1,projection6,-0.7314818095459032,-1
A1,6,0,-1,projection6,-1.9920009238730394,-1
A1,7,0,-1,projection6,-0.20761749666662666,-1
A1,8,0,-1,projection6,0.020895911613004046,1
A1,9,0,1,projection6,-0.10039779885565778,-1
A1,10,0,1,projection6,0.008590973978285196,1
A1,11,0,1,projection6,-1.1820742297056086,-1
A1,12,0,1,projection6,-0.135373043957185,-1
A1,13,0,-1,projection6,0.12102924480952999,1
A1,15,0,1,projection6,-0.3561145215213864,-1
A1,16,0,-1,projection6,-0.3559744422272056,-1
A1,17,0,1,projection6,0.12961593179096728,1
A1,24,1,-1,projection6,-0.8967094490206082,-1
A1,25,1,-1,projection6,-0.22776044230050846,-1
A1,26,1,1,projection6,-1.1457674703613072,-1
A1,28,1,-1,projection6,-1.708838714209195,-1
A1,29,1,-1,projection6,-0.20992766669354204,-1
A1,30,1,-1,projection6,-0.6102676060688685,-1
A1,31,1,-1,projection6,-0.08037713519281303,-1
A1,32,1,1,projection6,0.055922360914731115,1
A1,33,1,1,projection6,-0.13011488332267715,-1
A1,34,1,-1,projection6,0.6543793637324437,1
A1,35,1,1,projection6,-0.06537326355393668,-1
A1,37,1,-1,projection6,0.13464093377160477,1
A1,44,2,1,projection6,0.6922913055943949,1
A1,45,2,-1,projection6,-1.3217755989051088,-1
A1,47,2,-1,projection6,0.5334574153271638,1
A1,48,2,1,projection6,0.7013956553720512,1
A1,49,2,-1,projection6,1.410762266183535,1
A1,50,2,-1,projection6,0.973050257295152,1
A1,51,2,1,projection6,1.7094117106949531,1
A1,52,2,1,projection6,8.510966591410929,1
A1,53,2,1,projection6,7.790209453936276,1
A1,54,2,-1,projection6,3.4656845346079206,1
A1,55,2,1,projection6,1.0001948925051025,1
A1,56,2,-1,projection6,1.6775428275100723,1
A1,57,2,-1,projection6,2.0246355494394797,1
A1,64,3,1,projection6,-1.963742307450214,-1
A1,65,3,-1,projection6,-0.3842715291927743,-1
A1,66,3,1,projection6,-0.430636172587177,-1
A1,67,3,-1,projection6,-0.5858141595989714,-1
A1,68,3,-1,projection6,0.12365817481180164,1
A1,69,3,1,projection6,-0.025290526999626254,-1
A1,70,3,1,projection6,0.5635928110817834,1
A1,71,3,-1,projection6,-0.2412270896448093,-1
A1,72,3,1,projection6,-0.5881044445549515,-1
A1,73,3,-1,projection6,0.3424997073099518,1
A1,74,3,1,projection6,-1.6689536412273824,-1
A1,75,3,-1,projection6,0.029420757557742146,1
A1,76,3,1,projection6,-0.7248794915865935,-1
A1,84,4,1,projection6,-1.6778143479825631,-1
A1,85,4,-1,projection6,-1.3059876396742025,-1
A1,86,4,1,projection6,-2.4401121500354677,-1
A1,87,4,1,projection6,0.14836281967230516,1
A1,89,4,1,projection6,0.574102015793359,1
A1,90,4,1,projection6,-0.40090864541283017,-1
A1,91,4,-1,projection6,-2.2247275330139598,-1
A1,92,4,1,projection6,-0.6293023421435848,-1
A1,93,4,1,projection6,0.14306594506503317,1
A1,94,4,1,projection6,-0.12028768369014552,-1
A1,95,4,-1,projection6,0.09854283427378219,1
A1,96,4,1,projection6,-0.3622813257400037,-1
A1,97,4,1,projection6,0.8079968588532707,1
A1,98,4,-1,projection6,-3.146571125915989,-1
A1,99,4,-1,projection6,-0.4934301409899379,-1
A1,2,0,1,direction3,0.3997505248801648,1
A1,4,0,-1,direction3,-1.001427788127435,-1
A1,5,0,1,direction3,-0.5687403665697273,-1
A1,6,0,-1,direction3,-1.707250045872986,-1
A1,7,0,-1,direction3,-0.18699575418218026,-1
A1,8,0,-1,direction3,0.04238304716029264,1
A1,9,0,1,direction3,-0.09551065377892469,-1
A1,10,0,1,direction3,0.006196904783569598,1
A1,11,0,1,direction3,-0.9388749902404655,-1
A1,12,0,1,direction3,-0.09083669076532436,-1
A1,13,0,-1,direction3,0.10269763768544278,1
A1,15,0,1,direction3,-0.29893808334392746,-1
A1,16,0,-1,direction3,-0.34887459853890324,-1
A1,17,0,1,direction3,0.08931232596545853,1
A1,24,1,-1,direction3,-1.203513886726519,-1
A1,25,1,-1,direction3,-0.095314350652011,-1
A1,26,1,1,direction3,-1.4783762777098313,-1
A1,28,1,-1,direction3,-2.1868681189126957,-1
A1,29,1,-1,direction3,-0.49530940471521306,-1
A1,30,1,-1,direction3,-0.8001510961593846,-1
A1,31,1,-1,direction3,-0.06791986531783813,-1
A1,32,1,1,direction3,0.09912416572762082,1
A1,33,1,1,direction3,-0.239118906695172,-1
A1,34,1,-1,direction3,0.9206447926110367,1
A1,35,1,1,direction3,-0.030946914393228723,-1
A1,37,1,-1,direction3,0.05577321629602099,1
A1,44,2,1,direction3,0.5151716145318791,1
A1,45,2,-1,direction3,-1.0108287508795555,-1
A1,47,2,-1,direction3,0.4199631468713758,1
A1,48,2,1,direction3,0.5343538800916501,1
A1,49,2,-1,direction3,1.1992082456919624,1
A1,50,2,-1,direction3,0.7716580983330488,1
A1,51,2,1,direction3,1.1515429560076293,1
A1,52,2,1,direction3,6.279676703921567,1
A1,53,2,1,direction3,5.649830963435227,1
A1,54,2,-1,direction3,2.573282797354701,1
A1,55,2,1,direction3,0.7588353275535326,1
A1,56,2,-1,direction3,1.1801426465332163,1
A1,57,2,-1,direction3,1.7470880582478978,1
A1,64,3,1,direction3,-1.593207909335054,-1
A1,65,3,-1,direction3,-0.3859911947211253,-1
A1,66,3,1,direction3,-0.03048870539849036,-1
A1,67,3,-1,direction3,-0.6013908831990669,-1
A1,68,3,-1,direction3,0.12089526304502336,1
A1,69,3,1,direction3,-0.12201889813486153,-1
A1,70,3,1,direction3,0.27801102519902354,1
A1,71,3,-1,direction3,-0.15171248415039304,-1
A1,72,3,1,direction3,-0.48834536994414607,-1
A1,73,3,-1,direction3,0.13887576365600893,1
A1,74,3,1,direction3,-1.158199391915945,-1
A1,75,3,-1,direction3,-0.24538652016555326,-1
A1,76,3,1,direction3,-0.6915204226448876,-1
A1,84,4,1,direction3,-1.6574981849709902,-1
A1,85,4,-1,direction3,-0.9557985357501106,-1
A1,86,4,1,direction3,-1.3109227727182786,-1
A1,87,4,1,direction3,0.08818365976926447,1
A1,89,4,1,direction3,0.5560623463186927,1
A1,90,4,1,direction3,-0.2472448845627881,-1
A1,91,4,-1,direction3,-1.9284321261127098,-1
A1,92,4,1,direction3,-0.22961327044340432,-1
A1,93,4,1,direction3,0.03218029942609519,1
A1,94,4,1,direction3,-0.22634177211919052,-1
A1,95,4,-1,direction3,-0.1044944326422027,-1
A1,96,4,1,direction3,-0.3365514476611094,-1
A1,97,4,1,direction3,0.591850905513739,1
A1,98,4,-1,direction3,-1.4901948720552571,-1
A1,99,4,-1,direction3,-0.20890563036208395,-1
A1,2,0,1,past_only,0.33613292542689804,1
A1,4,0,-1,past_only,-1.1213460271513698,-1
A1,5,0,1,past_only,-0.9272988821713161,-1
A1,6,0,-1,past_only,-1.270380177759656,-1
A1,7,0,-1,past_only,-1.2591750442483822,-1
A1,8,0,-1,past_only,-0.535266285629204,-1
A1,9,0,1,past_only,-1.7008641506302253,-1
A1,10,0,1,past_only,-1.006249129261815,-1
A1,11,0,1,past_only,-1.1946961981281912,-1
A1,12,0,1,past_only,-0.34282086528441597,-1
A1,13,0,-1,past_only,-0.4245794904325971,-1
A1,15,0,1,past_only,-0.6988455993756924,-1
A1,16,0,-1,past_only,0.006821073881804625,1
A1,17,0,1,past_only,-0.7534428125315653,-1
A1,24,1,-1,past_only,-1.7602794706592597,-1
A1,25,1,-1,past_only,-0.052968020408742655,-1
A1,26,1,1,past_only,1.0078982065434394,1
A1,28,1,-1,past_only,0.05564829567558832,1
A1,29,1,-1,past_only,-0.33667027139100464,-1
A1,30,1,-1,past_only,1.2778456583688071,1
A1,31,1,-1,past_only,0.6504155357502376,1
A1,32,1,1,past_only,1.7444847269033703,1
A1,33,1,1,past_only,0.4047577592206446,1
A1,34,1,-1,past_only,-0.8025389873719322,-1
A1,35,1,1,past_only,0.2704188568631716,1
A1,37,1,-1,past_only,0.4760695030980899,1
A1,44,2,1,past_only,0.9768642281212712,1
A1,45,2,-1,past_only,-0.0189229276698502,-1
A1,47,2,-1,past_only,-1.072028706471351,-1
A1,48,2,1,past_only,0.9960290943773578,1
A1,49,2,-1,past_only,0.060702673548406194,1
A1,50,2,-1,past_only,0.8612843620658264,1
A1,51,2,1,past_only,0.021091157796773924,1
A1,52,2,1,past_only,0.3952720593741745,1
A1,53,2,1,past_only,1.5495768845540054,1
A1,54,2,-1,past_only,-1.9535853448849196,-1
A1,55,2,1,past_only,-0.6116606049968735,-1
A1,56,2,-1,past_only,-0.14177768308242678,-1
A1,57,2,-1,past_only,1.700101287397367,1
A1,64,3,1,past_only,0.6433098902608649,1
A1,65,3,-1,past_only,-0.2640722628348653,-1
A1,66,3,1,past_only,-0.3551790537090697,-1
A1,67,3,-1,past_only,-0.943372876500041,-1
A1,68,3,-1,past_only,0.6601333428494184,1
A1,69,3,1,past_only,0.3314950074494951,1
A1,70,3,1,past_only,-0.20199844958861823,-1
A1,71,3,-1,past_only,1.3121989901669986,1
A1,72,3,1,past_only,-0.5749192725401007,-1
A1,73,3,-1,past_only,-0.09939648217608284,-1
A1,74,3,1,past_only,0.12215486833878157,1
A1,75,3,-1,past_only,3.0521514784121755,1
A1,76,3,1,past_only,0.14331988506143703,1
A1,84,4,1,past_only,4.15800677991988,1
A1,85,4,-1,past_only,-0.9404470051230711,-1
A1,86,4,1,past_only,-1.30296129807738,-1
A1,87,4,1,past_only,-0.43628973117304887,-1
A1,89,4,1,past_only,-1.296439374102382,-1
A1,90,4,1,past_only,0.16413078824615118,1
A1,91,4,-1,past_only,-1.1249043874192353,-1
A1,92,4,1,past_only,1.965295729759519,1
A1,93,4,1,past_only,0.33283675568605037,1
A1,94,4,1,past_only,0.5880786166080465,1
A1,95,4,-1,past_only,0.14791845075076834,1
A1,96,4,1,past_only,-0.4984472419559846,-1
A1,97,4,1,past_only,-0.30116984484073034,-1
A1,98,4,-1,past_only,-1.2986902131362499,-1
A1,99,4,-1,past_only,-0.6137929025582397,-1
A1,2,0,1,previous_cue,1.0259202293889236,1
A1,4,0,-1,previous_cue,1.0259202293889236,1
A1,5,0,1,previous_cue,1.0259202293889236,1
A1,6,0,-1,previous_cue,-0.9801967651264645,-1
A1,7,0,-1,previous_cue,1.0259202293889236,1
A1,8,0,-1,previous_cue,1.0259202293889236,1
A1,9,0,1,previous_cue,1.0259202293889236,1
A1,10,0,1,previous_cue,-0.9801967651264645,-1
A1,11,0,1,previous_cue,-0.9801967651264645,-1
A1,12,0,1,previous_cue,-0.9801967651264645,-1
A1,13,0,-1,previous_cue,-0.9801967651264645,-1
A1,15,0,1,previous_cue,1.0259202293889236,1
A1,16,0,-1,previous_cue,-0.9801967651264645,-1
A1,17,0,1,previous_cue,1.0259202293889236,1
A1,24,1,-1,previous_cue,-0.9269514359353178,-1
A1,25,1,-1,previous_cue,1.1014364121113775,1
A1,26,1,1,previous_cue,1.1014364121113775,1
A1,28,1,-1,previous_cue,-0.9269514359353178,-1
A1,29,1,-1,previous_cue,1.1014364121113775,1
A1,30,1,-1,previous_cue,1.1014364121113775,1
A1,31,1,-1,previous_cue,1.1014364121113775,1
A1,32,1,1,previous_cue,1.1014364121113775,1
A1,33,1,1,previous_cue,-0.9269514359353178,-1
A1,34,1,-1,previous_cue,-0.9269514359353178,-1
A1,35,1,1,previous_cue,1.1014364121113775,1
A1,37,1,-1,previous_cue,1.1014364121113775,1
A1,44,2,1,previous_cue,1.012451219202371,1
A1,45,2,-1,previous_cue,-0.9849015261628506,-1
A1,47,2,-1,previous_cue,1.012451219202371,1
A1,48,2,1,previous_cue,1.012451219202371,1
A1,49,2,-1,previous_cue,-0.9849015261628506,-1
A1,50,2,-1,previous_cue,1.012451219202371,1
A1,51,2,1,previous_cue,1.012451219202371,1
A1,52,2,1,previous_cue,-0.9849015261628506,-1
A1,53,2,1,previous_cue,-0.9849015261628506,-1
A1,54,2,-1,previous_cue,-0.9849015261628506,-1
A1,55,2,1,previous_cue,1.012451219202371,1
A1,56,2,-1,previous_cue,-0.9849015261628506,-1
A1,57,2,-1,previous_cue,1.012451219202371,1
A1,64,3,1,previous_cue,-1.0205341068636764,-1
A1,65,3,-1,previous_cue,-1.0205341068636764,-1
A1,66,3,1,previous_cue,0.9553936319574842,1
A1,67,3,-1,previous_cue,-1.0205341068636764,-1
A1,68,3,-1,previous_cue,0.9553936319574842,1
A1,69,3,1,previous_cue,0.9553936319574842,1
A1,70,3,1,previous_cue,-1.0205341068636764,-1
A1,71,3,-1,previous_cue,-1.0205341068636764,-1
A1,72,3,1,previous_cue,0.9553936319574842,1
A1,73,3,-1,previous_cue,-1.0205341068636764,-1
A1,74,3,1,previous_cue,0.9553936319574842,1
A1,75,3,-1,previous_cue,-1.0205341068636764,-1
A1,76,3,1,previous_cue,0.9553936319574842,1
A1,84,4,1,previous_cue,0.889664828973923,1
A1,85,4,-1,previous_cue,-1.142564475788845,-1
A1,86,4,1,previous_cue,0.889664828973923,1
A1,87,4,1,previous_cue,-1.142564475788845,-1
A1,89,4,1,previous_cue,-1.142564475788845,-1
A1,90,4,1,previous_cue,-1.142564475788845,-1
A1,91,4,-1,previous_cue,-1.142564475788845,-1
A1,92,4,1,previous_cue,0.889664828973923,1
A1,93,4,1,previous_cue,-1.142564475788845,-1
A1,94,4,1,previous_cue,-1.142564475788845,-1
A1,95,4,-1,previous_cue,-1.142564475788845,-1
A1,96,4,1,previous_cue,0.889664828973923,1
A1,97,4,1,previous_cue,-1.142564475788845,-1
A1,98,4,-1,previous_cue,-1.142564475788845,-1
A1,99,4,-1,previous_cue,0.889664828973923,1
A1,2,0,1,post_given_past,-0.30383612364815504,-1
A1,4,0,-1,post_given_past,0.031879404964589846,1
A1,5,0,1,post_given_past,-0.9727385723456171,-1
A1,6,0,-1,post_given_past,-0.6495109540477162,-1
A1,7,0,-1,post_given_past,-0.34329766306959153,-1
A1,8,0,-1,post_given_past,1.2196165262879282,1
A1,9,0,1,post_given_past,0.35801114115113725,1
A1,10,0,1,post_given_past,-0.43850484820031443,-1
A1,11,0,1,post_given_past,0.7893851581281408,1
A1,12,0,1,post_given_past,0.4679807127752921,1
A1,13,0,-1,post_given_past,0.8504733001772932,1
A1,15,0,1,post_given_past,-1.103698684466798,-1
A1,16,0,-1,post_given_past,-1.662527881944671,-1
A1,17,0,1,post_given_past,-0.7942240766314684,-1
A1,24,1,-1,post_given_past,0.08660167791219044,1
A1,25,1,-1,post_given_past,0.1336233432719659,1
A1,26,1,1,post_given_past,-1.7502418273540992,-1
A1,28,1,-1,post_given_past,0.07608645739728409,1
A1,29,1,-1,post_given_past,0.7747589175125441,1
A1,30,1,-1,post_given_past,-0.2691000565701609,-1
A1,31,1,-1,post_given_past,-1.3893817699102342,-1
A1,32,1,1,post_given_past,-0.7198402690474661,-1
A1,33,1,1,post_given_past,0.31577016176850575,1
A1,34,1,-1,post_given_past,0.2933611962471522,1
A1,35,1,1,post_given_past,0.4166000671930266,1
A1,37,1,-1,post_given_past,1.1636634919153392,1
A1,44,2,1,post_given_past,1.0288018260079592,1
A1,45,2,-1,post_given_past,-0.38043712433097837,-1
A1,47,2,-1,post_given_past,1.4642786307839004,1
A1,48,2,1,post_given_past,0.3282855458862352,1
A1,49,2,-1,post_given_past,1.6701307631032247,1
A1,50,2,-1,post_given_past,1.2976936726933281,1
A1,51,2,1,post_given_past,2.0349199458053326,1
A1,52,2,1,post_given_past,10.53170421931845,1
A1,53,2,1,post_given_past,10.153661090445462,1
A1,54,2,-1,post_given_past,5.158639241102173,1
A1,55,2,1,post_given_past,2.1502940907118373,1
A1,56,2,-1,post_given_past,3.952807666171534,1
A1,57,2,-1,post_given_past,1.6335511203110264,1
A1,64,3,1,post_given_past,-2.5461314275325067,-1
A1,65,3,-1,post_given_past,0.6147531112287614,1
A1,66,3,1,post_given_past,0.09888054549299269,1
A1,67,3,-1,post_given_past,-0.39800740283565955,-1
A1,68,3,-1,post_given_past,-0.2914875355619272,-1
A1,69,3,1,post_given_past,-0.29640393493750894,-1
A1,70,3,1,post_given_past,1.0849922724926566,1
A1,71,3,-1,post_given_past,0.013515017101141148,1
A1,72,3,1,post_given_past,-1.0231120206967799,-1
A1,73,3,-1,post_given_past,0.4212736623755951,1
A1,74,3,1,post_given_past,-0.5153312656958998,-1
A1,75,3,-1,post_given_past,-1.5008331482953239,-1
A1,76,3,1,post_given_past,-0.5132449164464246,-1
A1,84,4,1,post_given_past,1.236794681364171,1
A1,85,4,-1,post_given_past,1.2688677553069252,1
A1,86,4,1,post_given_past,-3.088735362733283,-1
A1,87,4,1,post_given_past,0.4466609055668456,1
A1,89,4,1,post_given_past,0.5812530952678732,1
A1,90,4,1,post_given_past,-1.3888564468865254,-1
A1,91,4,-1,post_given_past,-1.877354821844915,-1
A1,92,4,1,post_given_past,-3.5963838214900705,-1
A1,93,4,1,post_given_past,0.13929894279382632,1
A1,94,4,1,post_given_past,-0.03483130272086208,-1
A1,95,4,-1,post_given_past,0.5291614881854414,1
A1,96,4,1,post_given_past,-1.3658095853731576,-1
A1,97,4,1,post_given_past,-2.042560066722785,-1
A1,98,4,-1,post_given_past,-6.872370929568016,-1
A1,99,4,-1,post_given_past,-0.8254314651689802,-1
A2,2,0,-1,amplitude,-1.3625991705803142,-1
A2,3,0,-1,amplitude,-0.18618044379365953,-1
A2,4,0,-1,amplitude,-0.6203183812894967,-1
A2,5,0,1,amplitude,-0.9334258714409418,-1
A2,6,0,-1,amplitude,-0.5466588982045866,-1
A2,7,0,1,amplitude,-0.35189633028094713,-1
A2,8,0,1,amplitude,-0.06521362765937398,-1
A2,9,0,-1,amplitude,-0.19981070299605835,-1
A2,10,0,-1,amplitude,0.6672069414778051,1
A2,11,0,1,amplitude,-0.5888979847441422,-1
A2,12,0,1,amplitude,-0.026796526472701476,-1
A2,13,0,1,amplitude,0.4195729588317465,1
A2,14,0,-1,amplitude,1.4562130554848762,1
A2,15,0,-1,amplitude,-0.6840053052739672,-1
A2,16,0,-1,amplitude,-0.7535255382721846,-1
A2,17,0,1,amplitude,1.9742697182139373,1
A2,24,1,1,amplitude,-0.3017036004291563,-1
A2,25,1,-1,amplitude,-0.048625110671258395,-1
A2,26,1,-1,amplitude,-0.11734842176750776,-1
A2,27,1,1,amplitude,1.0281634488708111,1
A2,28,1,1,amplitude,-0.13121004974214787,-1
A2,29,1,1,amplitude,1.6804143697559377,1
A2,31,1,-1,amplitude,-1.1082756015179065,-1
A2,32,1,-1,amplitude,-0.2727568868904514,-1
A2,34,1,-1,amplitude,-0.1020188847880277,-1
A2,35,1,-1,amplitude,0.25169634476272146,1
A2,36,1,1,amplitude,-0.683007858653333,-1
A2,37,1,1,amplitude,-0.7019320740182833,-1
A2,44,2,-1,amplitude,-0.8400883214622443,-1
A2,46,2,-1,amplitude,0.6671054874138443,1
A2,47,2,-1,amplitude,0.2270361008904614,1
A2,48,2,-1,amplitude,-1.2053953123971881,-1
A2,49,2,1,amplitude,1.2740705533969499,1
A2,50,2,1,amplitude,-0.8208990859776931,-1
A2,51,2,-1,amplitude,3.010630816342672,1
A2,52,2,1,amplitude,-0.20903719851087466,-1
A2,53,2,1,amplitude,0.0020971940669768404,1
A2,54,2,-1,amplitude,1.6402028388568042,1
A2,55,2,-1,amplitude,1.333556469085241,1
A2,56,2,1,amplitude,0.9550514031645216,1
A2,57,2,1,amplitude,-0.6906198267958445,-1
A2,64,3,-1,amplitude,1.5787377760398587,1
A2,65,3,1,amplitude,-1.695382125636344,-1
A2,66,3,-1,amplitude,-1.8928488463240596,-1
A2,67,3,1,amplitude,2.0395150095167667,1
A2,68,3,1,amplitude,-1.4096321638511928,-1
A2,69,3,-1,amplitude,-0.2531051459734029,-1
A2,70,3,-1,amplitude,0.2902649057084998,1
A2,71,3,1,amplitude,-0.6168766008870735,-1
A2,72,3,1,amplitude,2.1269980078931523,1
A2,73,3,1,amplitude,-1.1136759104231715,-1
A2,74,3,1,amplitude,0.08091480662385082,1
A2,75,3,-1,amplitude,0.014699874598452707,1
A2,76,3,-1,amplitude,-1.0080525881921003,-1
A2,77,3,-1,amplitude,-0.3610640099231212,-1
A2,84,4,-1,amplitude,0.7780474662685479,1
A2,85,4,1,amplitude,1.1439883796980408,1
A2,87,4,-1,amplitude,4.0547979314871885,1
A2,88,4,1,amplitude,0.9309645035408181,1
A2,89,4,-1,amplitude,0.6146649866244415,1
A2,90,4,-1,amplitude,2.2749264017490987,1
A2,91,4,-1,amplitude,-0.9164449936381803,-1
A2,92,4,-1,amplitude,0.43460275828735684,1
A2,93,4,1,amplitude,0.269384125786183,1
A2,94,4,-1,amplitude,-5.933932138709116,-1
A2,95,4,-1,amplitude,-2.248612042397763,-1
A2,96,4,-1,amplitude,0.7080341504372167,1
A2,97,4,-1,amplitude,-0.44306868001841104,-1
A2,98,4,-1,amplitude,-2.3450713784525754,-1
A2,99,4,-1,amplitude,0.02264157752609086,1
A2,2,0,-1,peak_latency,0.2286005548120529,1
A2,3,0,-1,peak_latency,-0.9850195637496462,-1
A2,4,0,-1,peak_latency,0.6094202873102248,1
A2,5,0,1,peak_latency,0.5157241698152231,1
A2,6,0,-1,peak_latency,0.39402715168722763,1
A2,7,0,1,peak_latency,-0.054255630388873946,-1
A2,8,0,1,peak_latency,-0.7237342846856172,-1
A2,9,0,-1,peak_latency,-0.34746962327131714,-1
A2,10,0,-1,peak_latency,1.28520220834794,1
A2,11,0,1,peak_latency,-0.1864844888065785,-1
A2,12,0,1,peak_latency,0.3042357994271081,1
A2,13,0,1,peak_latency,-2.4988699144086453,-1
A2,14,0,-1,peak_latency,-0.30033260703286574,-1
A2,15,0,-1,peak_latency,0.6078181560469589,1
A2,16,0,-1,peak_latency,0.573800135338797,1
A2,17,0,1,peak_latency,-4.898510281910837,-1
A2,24,1,1,peak_latency,0.8058254539576767,1
A2,25,1,-1,peak_latency,1.1528373380409382,1
A2,26,1,-1,peak_latency,0.6149842889852031,1
A2,27,1,1,peak_latency,-0.03205643053581249,-1
A2,28,1,1,peak_latency,-0.19479779170300257,-1
A2,29,1,1,peak_latency,-0.10665207537322734,-1
A2,31,1,-1,peak_latency,-0.7329522337287422,-1
A2,32,1,-1,peak_latency,0.7076663513753838,1
A2,34,1,-1,peak_latency,1.4812044852380506,1
A2,35,1,-1,peak_latency,1.0924571034906618,1
A2,36,1,1,peak_latency,-0.5365843110001713,-1
A2,37,1,1,peak_latency,-0.242377408339702,-1
A2,44,2,-1,peak_latency,-0.5975949560770675,-1
A2,46,2,-1,peak_latency,0.6627159001335725,1
A2,47,2,-1,peak_latency,0.6156772043392137,1
A2,48,2,-1,peak_latency,-0.8689854173927218,-1
A2,49,2,1,peak_latency,1.2952095551618554,1
A2,50,2,1,peak_latency,0.031845533360261004,1
A2,51,2,-1,peak_latency,3.2179183422704267,1
A2,52,2,1,peak_latency,-0.08814744470686633,-1
A2,53,2,1,peak_latency,0.04288808491450556,1
A2,54,2,-1,peak_latency,0.720922679088545,1
A2,55,2,-1,peak_latency,0.9900087800197038,1
A2,56,2,1,peak_latency,0.8259804320311936,1
A2,57,2,1,peak_latency,-0.4875994914988739,-1
A2,64,3,-1,peak_latency,-0.21728591029591232,-1
A2,65,3,1,peak_latency,-1.7815126078230026,-1
A2,66,3,-1,peak_latency,-1.8866023873888482,-1
A2,67,3,1,peak_latency,0.18219372953327506,1
A2,68,3,1,peak_latency,-1.6266957231249541,-1
A2,69,3,-1,peak_latency,0.22705910260085588,1
A2,70,3,-1,peak_latency,0.8910581536569846,1
A2,71,3,1,peak_latency,0.49285645748059714,1
A2,72,3,1,peak_latency,0.2316761969320778,1
A2,73,3,1,peak_latency,-1.4720164498863122,-1
A2,74,3,1,peak_latency,0.9948002850696215,1
A2,75,3,-1,peak_latency,-0.6012211357026714,-1
A2,76,3,-1,peak_latency,-1.4214342283256196,-1
A2,77,3,-1,peak_latency,0.766795428973373,1
A2,84,4,-1,peak_latency,0.3236762274350372,1
A2,85,4,1,peak_latency,-0.7014092463058876,-1
A2,87,4,-1,peak_latency,1.5485651908417748,1
A2,88,4,1,peak_latency,0.5299491331387576,1
A2,89,4,-1,peak_latency,-0.3488393621456005,-1
A2,90,4,-1,peak_latency,0.9798021060098142,1
A2,91,4,-1,peak_latency,0.06057922014236716,1
A2,92,4,-1,peak_latency,-0.3906297341096396,-1
A2,93,4,1,peak_latency,-1.753905711290624,-1
A2,94,4,-1,peak_latency,-2.6856956148316504,-1
A2,95,4,-1,peak_latency,-1.168129679555723,-1
A2,96,4,-1,peak_latency,0.6780634707003106,1
A2,97,4,-1,peak_latency,-1.9899555835364817,-1
A2,98,4,-1,peak_latency,-1.2083780225874043,-1
A2,99,4,-1,peak_latency,1.5764851509497435,1
A2,2,0,-1,spatial,0.26251480496673674,1
A2,3,0,-1,spatial,-0.8513252891105689,-1
A2,4,0,-1,spatial,1.0402917221703913,1
A2,5,0,1,spatial,0.7575871688133373,1
A2,6,0,-1,spatial,0.4683881035558948,1
A2,7,0,1,spatial,0.02893521821714855,1
A2,8,0,1,spatial,-0.7562184342541216,-1
A2,9,0,-1,spatial,-0.4855106781473745,-1
A2,10,0,-1,spatial,1.3548085615311827,1
A2,11,0,1,spatial,-0.11681843334434117,-1
A2,12,0,1,spatial,0.39302485131243853,1
A2,13,0,1,spatial,-2.0899539469915083,-1
A2,14,0,-1,spatial,-0.6441909961564937,-1
A2,15,0,-1,spatial,0.3312484242663433,1
A2,16,0,-1,spatial,0.6256932265787186,1
A2,17,0,1,spatial,-4.5603463020863195,-1
A2,24,1,1,spatial,0.7782719422416277,1
A2,25,1,-1,spatial,1.0281581918937435,1
A2,26,1,-1,spatial,0.4357618196678524,1
A2,27,1,1,spatial,0.5648380574120836,1
A2,28,1,1,spatial,0.2473458898345371,1
A2,29,1,1,spatial,0.3960171399568043,1
A2,31,1,-1,spatial,-0.7263484317844864,-1
A2,32,1,-1,spatial,1.4232459900199637,1
A2,34,1,-1,spatial,0.8400795755005397,1
A2,35,1,-1,spatial,1.2628608769562204,1
A2,36,1,1,spatial,-0.5796153513601782,-1
A2,37,1,1,spatial,0.07789937342796906,1
A2,44,2,-1,spatial,-0.9135487973441363,-1
A2,46,2,-1,spatial,0.4882968780874952,1
A2,47,2,-1,spatial,1.6939359778831247,1
A2,48,2,-1,spatial,-0.2434927993116076,-1
A2,49,2,1,spatial,1.2814174154553533,1
A2,50,2,1,spatial,-0.7598633297303644,-1
A2,51,2,-1,spatial,3.7339883706070722,1
A2,52,2,1,spatial,-2.2074818851855693,-1
A2,53,2,1,spatial,0.3648890311998649,1
A2,54,2,-1,spatial,0.7466607920883471,1
A2,55,2,-1,spatial,1.2874293915851984,1
A2,56,2,1,spatial,2.074575004062642,1
A2,57,2,1,spatial,0.27778907401978037,1
A2,64,3,-1,spatial,-0.813505513226112,-1
A2,65,3,1,spatial,-1.8045637726013943,-1
A2,66,3,-1,spatial,-1.5663490941571137,-1
A2,67,3,1,spatial,0.5168297706825041,1
A2,68,3,1,spatial,-1.6863314149507298,-1
A2,69,3,-1,spatial,0.7185913134455277,1
A2,70,3,-1,spatial,0.5457112836573518,1
A2,71,3,1,spatial,-0.5973922218826541,-1
A2,72,3,1,spatial,-0.24771096510631943,-1
A2,73,3,1,spatial,-1.10395941819655,-1
A2,74,3,1,spatial,1.4842607627907107,1
A2,75,3,-1,spatial,-1.5007260736507835,-1
A2,76,3,-1,spatial,-1.6460717272780954,-1
A2,77,3,-1,spatial,-0.4524079071438749,-1
A2,84,4,-1,spatial,0.47454549018352465,1
A2,85,4,1,spatial,-1.105281348620972,-1
A2,87,4,-1,spatial,1.5306749778948128,1
A2,88,4,1,spatial,1.8555861939783234,1
A2,89,4,-1,spatial,-0.7659987124078389,-1
A2,90,4,-1,spatial,0.8770017773383325,1
A2,91,4,-1,spatial,-0.520905736194655,-1
A2,92,4,-1,spatial,-1.0653464727347257,-1
A2,93,4,1,spatial,-1.8077564449063739,-1
A2,94,4,-1,spatial,-3.402129578725601,-1
A2,95,4,-1,spatial,-1.2191029711956607,-1
A2,96,4,-1,spatial,0.6668306550527705,1
A2,97,4,-1,spatial,-1.9569958447705267,-1
A2,98,4,-1,spatial,-1.350088395532955,-1
A2,99,4,-1,spatial,1.265576671824,1
A2,2,0,-1,mechanism,-0.024716553608519997,-1
A2,3,0,-1,mechanism,-1.3379491400271748,-1
A2,4,0,-1,mechanism,-0.05800713825293124,-1
A2,5,0,1,mechanism,-0.3973875299543508,-1
A2,6,0,-1,mechanism,0.9701852246230135,1
A2,7,0,1,mechanism,-0.7458442879886196,-1
A2,8,0,1,mechanism,-0.5211978154657718,-1
A2,9,0,-1,mechanism,-1.0390164062569256,-1
A2,10,0,-1,mechanism,1.35926793371141,1
A2,11,0,1,mechanism,-0.2502136208880107,-1
A2,12,0,1,mechanism,0.09602525340175545,1
A2,13,0,1,mechanism,-2.2704681237447177,-1
A2,14,0,-1,mechanism,0.4737783710339742,1
A2,15,0,-1,mechanism,0.22949856663974122,1
A2,16,0,-1,mechanism,-0.7476219870486517,-1
A2,17,0,1,mechanism,-3.8238870627832293,-1
A2,24,1,1,mechanism,-0.05863701372383608,-1
A2,25,1,-1,mechanism,1.0374027809742121,1
A2,26,1,-1,mechanism,0.1227205326594076,1
A2,27,1,1,mechanism,1.181422385055795,1
A2,28,1,1,mechanism,0.5599205316066532,1
A2,29,1,1,mechanism,1.3946320501249576,1
A2,31,1,-1,mechanism,-1.379775165067577,-1
A2,32,1,-1,mechanism,0.850204569556903,1
A2,34,1,-1,mechanism,0.40905913771091196,1
A2,35,1,-1,mechanism,0.5790668270678281,1
A2,36,1,1,mechanism,-1.2178728972184318,-1
A2,37,1,1,mechanism,-0.43202415820673323,-1
A2,44,2,-1,mechanism,-1.0020151010373781,-1
A2,46,2,-1,mechanism,0.0662902552993711,1
A2,47,2,-1,mechanism,0.49927850700282095,1
A2,48,2,-1,mechanism,-0.496855899195957,-1
A2,49,2,1,mechanism,1.5221356982654237,1
A2,50,2,1,mechanism,-1.5513885617752239,-1
A2,51,2,-1,mechanism,3.674563259043511,1
A2,52,2,1,mechanism,-1.6018720006820748,-1
A2,53,2,1,mechanism,-0.009690630015447612,-1
A2,54,2,-1,mechanism,1.6589511839044302,1
A2,55,2,-1,mechanism,1.8714561751599197,1
A2,56,2,1,mechanism,2.9913833734272655,1
A2,57,2,1,mechanism,-0.8591047891503422,-1
A2,64,3,-1,mechanism,-0.1750266883810603,-1
A2,65,3,1,mechanism,-1.9083596011430872,-1
A2,66,3,-1,mechanism,-2.1746557303020575,-1
A2,67,3,1,mechanism,1.415413454690891,1
A2,68,3,1,mechanism,-1.9788969183845666,-1
A2,69,3,-1,mechanism,0.33302678119608564,1
A2,70,3,-1,mechanism,0.6370754882162948,1
A2,71,3,1,mechanism,-0.5963045267596802,-1
A2,72,3,1,mechanism,0.6263357521835796,1
A2,73,3,1,mechanism,-1.405128106687462,-1
A2,74,3,1,mechanism,1.3743754357309481,1
A2,75,3,-1,mechanism,-1.2472208113630507,-1
A2,76,3,-1,mechanism,-1.8784317620702498,-1
A2,77,3,-1,mechanism,-0.5634680029359644,-1
A2,84,4,-1,mechanism,0.8160980367646261,1
A2,85,4,1,mechanism,-0.07182667881433455,-1
A2,87,4,-1,mechanism,1.800299942545866,1
A2,88,4,1,mechanism,2.577335038243711,1
A2,89,4,-1,mechanism,-0.6877161460499025,-1
A2,90,4,-1,mechanism,1.8006172418454498,1
A2,91,4,-1,mechanism,-1.3159664143016765,-1
A2,92,4,-1,mechanism,-1.0033048453374793,-1
A2,93,4,1,mechanism,-1.2204311762517515,-1
A2,94,4,-1,mechanism,-0.7949157127627505,-1
A2,95,4,-1,mechanism,-0.7388733844331589,-1
A2,96,4,-1,mechanism,0.05377975534352506,1
A2,97,4,-1,mechanism,-1.848950820652826,-1
A2,98,4,-1,mechanism,-1.0506710084031743,-1
A2,99,4,-1,mechanism,0.5379634980634626,1
A2,2,0,-1,covariance,-1.5252720850629513,-1
A2,3,0,-1,covariance,-0.496774145764161,-1
A2,4,0,-1,covariance,-2.210152901612395,-1
A2,5,0,1,covariance,-0.06454838625512749,-1
A2,6,0,-1,covariance,0.07733215460107876,1
A2,7,0,1,covariance,-1.3279560004554056,-1
A2,8,0,1,covariance,-0.5547888939417351,-1
A2,9,0,-1,covariance,-0.7727884540036103,-1
A2,10,0,-1,covariance,0.9410601003065894,1
A2,11,0,1,covariance,-0.41320681364751527,-1
A2,12,0,1,covariance,0.79788422266731,1
A2,13,0,1,covariance,-1.3969825088711374,-1
A2,14,0,-1,covariance,-0.7838073956836085,-1
A2,15,0,-1,covariance,-0.2419017269919228,-1
A2,16,0,-1,covariance,-0.6847663123554635,-1
A2,17,0,1,covariance,0.7244808850240914,1
A2,24,1,1,covariance,-2.0269448757863726,-1
A2,25,1,-1,covariance,-0.12476031686573737,-1
A2,26,1,-1,covariance,-0.04782300529228999,-1
A2,27,1,1,covariance,2.2494412031708944,1
A2,28,1,1,covariance,1.704362843573039,1
A2,29,1,1,covariance,2.563225855222064,1
A2,31,1,-1,covariance,-0.9682697217589014,-1
A2,32,1,-1,covariance,-0.38577687463090365,-1
A2,34,1,-1,covariance,-0.23687425527629483,-1
A2,35,1,-1,covariance,-0.5725829995049287,-1
A2,36,1,1,covariance,-0.6996911102805092,-1
A2,37,1,1,covariance,1.0851294488984722,1
A2,44,2,-1,covariance,-0.8308679635837397,-1
A2,46,2,-1,covariance,-1.3903723046648397,-1
A2,47,2,-1,covariance,-0.6158001388220841,-1
A2,48,2,-1,covariance,-1.2035581432427782,-1
A2,49,2,1,covariance,0.8084443405007203,1
A2,50,2,1,covariance,0.5574387226700968,1
A2,51,2,-1,covariance,2.820703887172704,1
A2,52,2,1,covariance,-0.5307305124113632,-1
A2,53,2,1,covariance,-0.8680070900971417,-1
A2,54,2,-1,covariance,-1.735731876471965,-1
A2,55,2,-1,covariance,0.5316848735533308,1
A2,56,2,1,covariance,2.985218918367318,1
A2,57,2,1,covariance,-2.106865270698305,-1
A2,64,3,-1,covariance,-0.7007887753900752,-1
A2,65,3,1,covariance,0.9437314868756731,1
A2,66,3,-1,covariance,-0.9873461175256207,-1
A2,67,3,1,covariance,-0.7653612567280365,-1
A2,68,3,1,covariance,-0.6506353510449331,-1
A2,69,3,-1,covariance,-1.2606783860027753,-1
A2,70,3,-1,covariance,-2.2825941179825837,-1
A2,71,3,1,covariance,-0.38009464037684987,-1
A2,72,3,1,covariance,-1.8261019383910801,-1
A2,73,3,1,covariance,-1.365683958116073,-1
A2,74,3,1,covariance,1.2243372067806557,1
A2,75,3,-1,covariance,-1.1806452793968543,-1
A2,76,3,-1,covariance,-1.5556797224135814,-1
A2,77,3,-1,covariance,-1.1400852326856485,-1
A2,84,4,-1,covariance,2.1515804492270734,1
A2,85,4,1,covariance,0.2612266597752973,1
A2,87,4,-1,covariance,0.1801591108056849,1
A2,88,4,1,covariance,4.9060638931651415,1
A2,89,4,-1,covariance,-1.0298575489793091,-1
A2,90,4,-1,covariance,-0.7477607198883118,-1
A2,91,4,-1,covariance,-1.5772393204353647,-1
A2,92,4,-1,covariance,-0.37697045391784356,-1
A2,93,4,1,covariance,-0.04535454537242362,-1
A2,94,4,-1,covariance,3.510509337546451,1
A2,95,4,-1,covariance,2.4063754934109336,1
A2,96,4,-1,covariance,-1.26095994837278,-1
A2,97,4,-1,covariance,0.30793550264762687,1
A2,98,4,-1,covariance,0.44896068983664356,1
A2,99,4,-1,covariance,-0.9818460838366555,-1
A2,2,0,-1,projection6,0.1383981312675268,1
A2,3,0,-1,projection6,-0.2908159601561264,-1
A2,4,0,-1,projection6,-0.18803911629573458,-1
A2,5,0,1,projection6,-0.4102681378279194,-1
A2,6,0,-1,projection6,0.7391956098383631,1
A2,7,0,1,projection6,-0.8144429839220292,-1
A2,8,0,1,projection6,0.25430360924959217,1
A2,9,0,-1,projection6,-0.18958735256146997,-1
A2,10,0,-1,projection6,0.5079074731679136,1
A2,11,0,1,projection6,-0.2774812141427124,-1
A2,12,0,1,projection6,0.43860231025118007,1
A2,13,0,1,projection6,-1.503412517979882,-1
A2,14,0,-1,projection6,1.0100608318154343,1
A2,15,0,-1,projection6,0.9886341747432946,1
A2,16,0,-1,projection6,-1.5041246971703612,-1
A2,17,0,1,projection6,-0.9899305146750067,-1
A2,24,1,1,projection6,-0.09703385788423516,-1
A2,25,1,-1,projection6,-0.11928423401060266,-1
A2,26,1,-1,projection6,-0.15043320682103214,-1
A2,27,1,1,projection6,0.8612756395421618,1
A2,28,1,1,projection6,-0.14393323590269577,-1
A2,29,1,1,projection6,1.5001732462666766,1
A2,31,1,-1,projection6,-1.3368507165812817,-1
A2,32,1,-1,projection6,-0.06789821296395024,-1
A2,34,1,-1,projection6,0.009544235277447188,1
A2,35,1,-1,projection6,0.3128525005885648,1
A2,36,1,1,projection6,-0.6190990502162858,-1
A2,37,1,1,projection6,-1.0466085046986082,-1
A2,44,2,-1,projection6,-0.21740347946283023,-1
A2,46,2,-1,projection6,0.12757525352876722,1
A2,47,2,-1,projection6,-0.761011444407988,-1
A2,48,2,-1,projection6,-0.6038468003525191,-1
A2,49,2,1,projection6,0.7883015252734189,1
A2,50,2,1,projection6,-4.687789362550819,-1
A2,51,2,-1,projection6,1.3202032819606768,1
A2,52,2,1,projection6,0.4490561148746076,1
A2,53,2,1,projection6,-0.02391717086571563,-1
A2,54,2,-1,projection6,1.6468162459131186,1
A2,55,2,-1,projection6,0.5423370794005968,1
A2,56,2,1,projection6,2.048071269756948,1
A2,57,2,1,projection6,-2.1983233400258513,-1
A2,64,3,-1,projection6,2.0288900537276797,1
A2,65,3,1,projection6,-2.167961003180125,-1
A2,66,3,-1,projection6,-1.9507510580708645,-1
A2,67,3,1,projection6,1.478783016533605,1
A2,68,3,1,projection6,-1.426614592059498,-1
A2,69,3,-1,projection6,0.2107477383597738,1
A2,70,3,-1,projection6,0.28818479648512,1
A2,71,3,1,projection6,-0.08306285792894463,-1
A2,72,3,1,projection6,2.5009354769999925,1
A2,73,3,1,projection6,-1.0244450035706596,-1
A2,74,3,1,projection6,-0.15945499195975113,-1
A2,75,3,-1,projection6,0.4276281654497178,1
A2,76,3,-1,projection6,-0.4076221876838557,-1
A2,77,3,-1,projection6,-0.056006152581085586,-1
A2,84,4,-1,projection6,0.5138782272863962,1
A2,85,4,1,projection6,0.40406158355371535,1
A2,87,4,-1,projection6,2.5189006111948173,1
A2,88,4,1,projection6,-1.0476593106481527,-1
A2,89,4,-1,projection6,0.008832092099122805,1
A2,90,4,-1,projection6,1.1587004205564702,1
A2,91,4,-1,projection6,-0.4871001590918611,-1
A2,92,4,-1,projection6,1.1294031287050736,1
A2,93,4,1,projection6,-0.04902574833109577,-1
A2,94,4,-1,projection6,-3.9457218468374298,-1
A2,95,4,-1,projection6,-2.396721080090717,-1
A2,96,4,-1,projection6,0.7724387518115201,1
A2,97,4,-1,projection6,-0.4843061125187122,-1
A2,98,4,-1,projection6,-2.3861145433172823,-1
A2,99,4,-1,projection6,0.5110246101003567,1
A2,2,0,-1,direction3,1.3378888018642177,1
A2,3,0,-1,direction3,0.17232253743011428,1
A2,4,0,-1,direction3,0.3905428003832625,1
A2,5,0,1,direction3,0.062778060114046,1
A2,6,0,-1,direction3,0.6715993388790147,1
A2,7,0,1,direction3,-0.09413453994388138,-1
A2,8,0,1,direction3,0.1346186227602682,1
A2,9,0,-1,direction3,0.3001330363323822,1
A2,10,0,-1,direction3,0.21383645100143353,1
A2,11,0,1,direction3,0.040628924146195615,1
A2,12,0,1,direction3,-0.1712897631042655,-1
A2,13,0,1,direction3,-0.8672950663760172,-1
A2,14,0,-1,direction3,0.2279846864392553,1
A2,15,0,-1,direction3,0.5604232649206379,1
A2,16,0,-1,direction3,-0.3463657541436946,-1
A2,17,0,1,direction3,-0.27040873778394864,-1
A2,24,1,1,direction3,0.18729465299655593,1
A2,25,1,-1,direction3,-0.5561802467477468,-1
A2,26,1,-1,direction3,-0.1040870948657773,-1
A2,27,1,1,direction3,0.42060016509996695,1
A2,28,1,1,direction3,-0.618058336538585,-1
A2,29,1,1,direction3,0.7907774080938058,1
A2,31,1,-1,direction3,-1.5093604456072376,-1
A2,32,1,-1,direction3,0.11188316602191581,1
A2,34,1,-1,direction3,-0.08807907096490111,-1
A2,35,1,-1,direction3,0.38824328860551194,1
A2,36,1,1,direction3,-0.2591268704950136,-1
A2,37,1,1,direction3,-2.0211984449057834,-1
A2,44,2,-1,direction3,-0.7621629504030409,-1
A2,46,2,-1,direction3,0.5738835578085091,1
A2,47,2,-1,direction3,0.5663729536356032,1
A2,48,2,-1,direction3,-1.0342530640851406,-1
A2,49,2,1,direction3,0.5579583266800414,1
A2,50,2,1,direction3,1.5721445491596926,1
A2,51,2,-1,direction3,2.3152116502588704,1
A2,52,2,1,direction3,-0.3896629360102898,-1
A2,53,2,1,direction3,0.1316706980262383,1
A2,54,2,-1,direction3,0.9695920595235366,1
A2,55,2,-1,direction3,0.7766727413250942,1
A2,56,2,1,direction3,0.1534056350472782,1
A2,57,2,1,direction3,0.5325449251699108,1
A2,64,3,-1,direction3,2.7943781340001284,1
A2,65,3,1,direction3,-2.5540539334310504,-1
A2,66,3,-1,direction3,-2.0527456545718192,-1
A2,67,3,1,direction3,1.366142825521915,1
A2,68,3,1,direction3,-1.4323032863605392,-1
A2,69,3,-1,direction3,0.4072124433883067,1
A2,70,3,-1,direction3,0.31082687483303434,1
A2,71,3,1,direction3,0.11895797559596569,1
A2,72,3,1,direction3,2.885135045654228,1
A2,73,3,1,direction3,-1.0213941198991798,-1
A2,74,3,1,direction3,-0.37722302317819634,-1
A2,75,3,-1,direction3,0.5933891775128413,1
A2,76,3,-1,direction3,-0.16128627606176776,-1
A2,77,3,-1,direction3,0.18521621924959564,1
A2,84,4,-1,direction3,0.3411488996557453,1
A2,85,4,1,direction3,0.0007605395116050324,1
A2,87,4,-1,direction3,2.088089532764033,1
A2,88,4,1,direction3,-1.9971047139544686,-1
A2,89,4,-1,direction3,-0.20020257331293104,-1
A2,90,4,-1,direction3,0.9496257374598931,1
A2,91,4,-1,direction3,-0.3588922392421565,-1
A2,92,4,-1,direction3,1.6101799031852422,1
A2,93,4,1,direction3,-0.10324212923132198,-1
A2,94,4,-1,direction3,-2.946915943060509,-1
A2,95,4,-1,direction3,-2.68163311994155,-1
A2,96,4,-1,direction3,0.873837173106751,1
A2,97,4,-1,direction3,-0.4889074424833866,-1
A2,98,4,-1,direction3,-2.3723142367953423,-1
A2,99,4,-1,direction3,0.7449879465719715,1
A2,2,0,-1,past_only,0.8673421143527879,1
A2,3,0,-1,past_only,0.731088397174292,1
A2,4,0,-1,past_only,-0.3987774922364048,-1
A2,5,0,1,past_only,-0.11024367271552568,-1
A2,6,0,-1,past_only,2.62004333402288,1
A2,7,0,1,past_only,-0.5665909363034106,-1
A2,8,0,1,past_only,-0.24934526744474908,-1
A2,9,0,-1,past_only,0.9749372850836033,1
A2,10,0,-1,past_only,1.1208463838957845,1
A2,11,0,1,past_only,0.11976039979489876,1
A2,12,0,1,past_only,2.0628112269017738,1
A2,13,0,1,past_only,0.3003715956557775,1
A2,14,0,-1,past_only,-0.6796833450007467,-1
A2,15,0,-1,past_only,0.5435849675773486,1
A2,16,0,-1,past_only,0.8962706325510691,1
A2,17,0,1,past_only,0.43291057630695895,1
A2,24,1,1,past_only,-0.24789577852490471,-1
A2,25,1,-1,past_only,-0.5964950957693623,-1
A2,26,1,-1,past_only,-0.5134680248540111,-1
A2,27,1,1,past_only,0.2626103628327472,1
A2,28,1,1,past_only,-0.23824513665111302,-1
A2,29,1,1,past_only,-1.2522689470174055,-1
A2,31,1,-1,past_only,0.9096577998455601,1
A2,32,1,-1,past_only,0.8991691378880082,1
A2,34,1,-1,past_only,1.5034956829068926,1
A2,35,1,-1,past_only,0.8796519406648483,1
A2,36,1,1,past_only,-0.7805455996606695,-1
A2,37,1,1,past_only,0.15391726303411535,1
A2,44,2,-1,past_only,-0.04917658207509899,-1
A2,46,2,-1,past_only,-0.0545529173186452,-1
A2,47,2,-1,past_only,0.5379767005153183,1
A2,48,2,-1,past_only,-0.2605545903227483,-1
A2,49,2,1,past_only,0.7999153157477302,1
A2,50,2,1,past_only,-0.6944847182847096,-1
A2,51,2,-1,past_only,3.8815236770301897,1
A2,52,2,1,past_only,-4.119899863152008,-1
A2,53,2,1,past_only,-0.4695553598896453,-1
A2,54,2,-1,past_only,-0.8587879211975024,-1
A2,55,2,-1,past_only,-0.6418223821899511,-1
A2,56,2,1,past_only,0.46643987601425146,1
A2,57,2,1,past_only,-0.5512640436606479,-1
A2,64,3,-1,past_only,0.35615281646191077,1
A2,65,3,1,past_only,-2.350224819438226,-1
A2,66,3,-1,past_only,0.5086215727484401,1
A2,67,3,1,past_only,0.2657977941401265,1
A2,68,3,1,past_only,-0.5012580031592216,-1
A2,69,3,-1,past_only,0.2628478186892559,1
A2,70,3,-1,past_only,0.43710802310938573,1
A2,71,3,1,past_only,1.4362536275633737,1
A2,72,3,1,past_only,0.47810521585961824,1
A2,73,3,1,past_only,-0.09405468687591766,-1
A2,74,3,1,past_only,0.02237661938853443,1
A2,75,3,-1,past_only,0.07731614522138938,1
A2,76,3,-1,past_only,-0.0463595872902046,-1
A2,77,3,-1,past_only,0.027276561710775176,1
A2,84,4,-1,past_only,0.6536820488055054,1
A2,85,4,1,past_only,-1.8153184054634761,-1
A2,87,4,-1,past_only,0.35569785212057936,1
A2,88,4,1,past_only,2.156171841755109,1
A2,89,4,-1,past_only,-0.3382628432332156,-1
A2,90,4,-1,past_only,1.0384029165228101,1
A2,91,4,-1,past_only,1.7235720226629903,1
A2,92,4,-1,past_only,-0.4795776950188802,-1
A2,93,4,1,past_only,-1.4085556484483894,-1
A2,94,4,-1,past_only,-1.289845748566577,-1
A2,95,4,-1,past_only,-0.13015504988369783,-1
A2,96,4,-1,past_only,0.08248442233118072,1
A2,97,4,-1,past_only,-0.46494122881235905,-1
A2,98,4,-1,past_only,-0.09759211668905741,-1
A2,99,4,-1,past_only,-1.281994965301581,-1
A2,2,0,-1,previous_cue,1.217118015077528,1
A2,3,0,-1,previous_cue,-0.8327649576846246,-1
A2,4,0,-1,previous_cue,-0.8327649576846246,-1
A2,5,0,1,previous_cue,-0.8327649576846246,-1
A2,6,0,-1,previous_cue,1.217118015077528,1
A2,7,0,1,previous_cue,-0.8327649576846246,-1
A2,8,0,1,previous_cue,1.217118015077528,1
A2,9,0,-1,previous_cue,1.217118015077528,1
A2,10,0,-1,previous_cue,-0.8327649576846246,-1
A2,11,0,1,previous_cue,-0.8327649576846246,-1
A2,12,0,1,previous_cue,1.217118015077528,1
A2,13,0,1,previous_cue,1.217118015077528,1
A2,14,0,-1,previous_cue,1.217118015077528,1
A2,15,0,-1,previous_cue,-0.8327649576846246,-1
A2,16,0,-1,previous_cue,-0.8327649576846246,-1
A2,17,0,1,previous_cue,-0.8327649576846246,-1
A2,24,1,1,previous_cue,1.2430476426797976,1
A2,25,1,-1,previous_cue,1.2430476426797976,1
A2,26,1,-1,previous_cue,-0.7908006344690581,-1
A2,27,1,1,previous_cue,-0.7908006344690581,-1
A2,28,1,1,previous_cue,1.2430476426797976,1
A2,29,1,1,previous_cue,1.2430476426797976,1
A2,31,1,-1,previous_cue,-0.7908006344690581,-1
A2,32,1,-1,previous_cue,-0.7908006344690581,-1
A2,34,1,-1,previous_cue,1.2430476426797976,1
A2,35,1,-1,previous_cue,-0.7908006344690581,-1
A2,36,1,1,previous_cue,-0.7908006344690581,-1
A2,37,1,1,previous_cue,1.2430476426797976,1
A2,44,2,-1,previous_cue,-0.8387438911874485,-1
A2,46,2,-1,previous_cue,-0.8387438911874485,-1
A2,47,2,-1,previous_cue,-0.8387438911874485,-1
A2,48,2,-1,previous_cue,-0.8387438911874485,-1
A2,49,2,1,previous_cue,-0.8387438911874485,-1
A2,50,2,1,previous_cue,1.1794029485312738,1
A2,51,2,-1,previous_cue,1.1794029485312738,1
A2,52,2,1,previous_cue,-0.8387438911874485,-1
A2,53,2,1,previous_cue,1.1794029485312738,1
A2,54,2,-1,previous_cue,1.1794029485312738,1
A2,55,2,-1,previous_cue,-0.8387438911874485,-1
A2,56,2,1,previous_cue,-0.8387438911874485,-1
A2,57,2,1,previous_cue,1.1794029485312738,1
A2,64,3,-1,previous_cue,-0.7960959988429301,-1
A2,65,3,1,previous_cue,-0.7960959988429301,-1
A2,66,3,-1,previous_cue,1.2502263624440517,1
A2,67,3,1,previous_cue,-0.7960959988429301,-1
A2,68,3,1,previous_cue,1.2502263624440517,1
A2,69,3,-1,previous_cue,1.2502263624440517,1
A2,70,3,-1,previous_cue,-0.7960959988429301,-1
A2,71,3,1,previous_cue,-0.7960959988429301,-1
A2,72,3,1,previous_cue,1.2502263624440517,1
A2,73,3,1,previous_cue,1.2502263624440517,1
A2,74,3,1,previous_cue,1.2502263624440517,1
A2,75,3,-1,previous_cue,1.2502263624440517,1
A2,76,3,-1,previous_cue,-0.7960959988429301,-1
A2,77,3,-1,previous_cue,-0.7960959988429301,-1
A2,84,4,-1,previous_cue,1.0806338421436863,1
A2,85,4,1,previous_cue,-0.9164198759355772,-1
A2,87,4,-1,previous_cue,-0.9164198759355772,-1
A2,88,4,1,previous_cue,-0.9164198759355772,-1
A2,89,4,-1,previous_cue,1.0806338421436863,1
A2,90,4,-1,previous_cue,-0.9164198759355772,-1
A2,91,4,-1,previous_cue,-0.9164198759355772,-1
A2,92,4,-1,previous_cue,-0.9164198759355772,-1
A2,93,4,1,previous_cue,-0.9164198759355772,-1
A2,94,4,-1,previous_cue,1.0806338421436863,1
A2,95,4,-1,previous_cue,-0.9164198759355772,-1
A2,96,4,-1,previous_cue,-0.9164198759355772,-1
A2,97,4,-1,previous_cue,-0.9164198759355772,-1
A2,98,4,-1,previous_cue,-0.9164198759355772,-1
A2,99,4,-1,previous_cue,-0.9164198759355772,-1
A2,2,0,-1,post_given_past,-0.19786541472257027,-1
A2,3,0,-1,post_given_past,-1.1915845135367142,-1
A2,4,0,-1,post_given_past,0.32855389926704437,1
A2,5,0,1,post_given_past,-0.7475562842559551,-1
A2,6,0,-1,post_given_past,0.9722068203244898,1
A2,7,0,1,post_given_past,-0.6053540253216855,-1
A2,8,0,1,post_given_past,-0.82775173207122,-1
A2,9,0,-1,post_given_past,-1.372272629105126,-1
A2,10,0,-1,post_given_past,0.7454923860476814,1
A2,11,0,1,post_given_past,-0.19275053205503628,-1
A2,12,0,1,post_given_past,-1.0298328497584348,-1
A2,13,0,1,post_given_past,-2.6453339492446237,-1
A2,14,0,-1,post_given_past,0.615737306096303,1
A2,15,0,-1,post_given_past,0.2770641182780156,1
A2,16,0,-1,post_given_past,-1.0562622400599564,-1
A2,17,0,1,post_given_past,-4.733086556148813,-1
A2,24,1,1,post_given_past,-0.09801377392216534,-1
A2,25,1,-1,post_given_past,1.6434274724182987,1
A2,26,1,-1,post_given_past,0.5999618901311352,1
A2,27,1,1,post_given_past,0.8183478050054729,1
A2,28,1,1,post_given_past,0.3498903864350953,1
A2,29,1,1,post_given_past,1.4594062573398563,1
A2,31,1,-1,post_given_past,-1.1429318053074444,-1
A2,32,1,-1,post_given_past,0.710080019358007,1
A2,34,1,-1,post_given_past,1.1796823107910268,1
A2,35,1,-1,post_given_past,0.9930995095569941,1
A2,36,1,1,post_given_past,-1.3398750022668924,-1
A2,37,1,1,post_given_past,-0.15976665126550746,-1
A2,44,2,-1,post_given_past,-0.575707170780252,-1
A2,46,2,-1,post_given_past,-0.5258909639732723,-1
A2,47,2,-1,post_given_past,0.08459551538997133,1
A2,48,2,-1,post_given_past,0.5642839909508084,1
A2,49,2,1,post_given_past,1.599444200586505,1
A2,50,2,1,post_given_past,-1.5679404890518671,-1
A2,51,2,-1,post_given_past,-0.16533844845032356,-1
A2,52,2,1,post_given_past,1.789950886001689,1
A2,53,2,1,post_given_past,0.012860677476758266,1
A2,54,2,-1,post_given_past,1.9167353133205391,1
A2,55,2,-1,post_given_past,2.213394828601388,1
A2,56,2,1,post_given_past,3.1013474225877533,1
A2,57,2,1,post_given_past,-0.42258579817865194,-1
A2,64,3,-1,post_given_past,0.6355446324572757,1
A2,65,3,1,post_given_past,-1.4383408817750853,-1
A2,66,3,-1,post_given_past,-2.5983133710081083,-1
A2,67,3,1,post_given_past,2.1341586393703214,1
A2,68,3,1,post_given_past,-1.8893517288308885,-1
A2,69,3,-1,post_given_past,0.25330335792021635,1
A2,70,3,-1,post_given_past,1.972310787964295,1
A2,71,3,1,post_given_past,-2.175131169263274,-1
A2,72,3,1,post_given_past,0.49816889533162284,1
A2,73,3,1,post_given_past,-1.343449553160406,-1
A2,74,3,1,post_given_past,1.368652548079448,1
A2,75,3,-1,post_given_past,-1.036072818821901,-1
A2,76,3,-1,post_given_past,-3.3386178029657163,-1
A2,77,3,-1,post_given_past,-0.771952991198944,-1
A2,84,4,-1,post_given_past,1.1193840227935146,1
A2,85,4,1,post_given_past,-0.14916657011281603,-1
A2,87,4,-1,post_given_past,1.5165004284645183,1
A2,88,4,1,post_given_past,3.6547316063061253,1
A2,89,4,-1,post_given_past,-0.6943823394518465,-1
A2,90,4,-1,post_given_past,0.5072906402016466,1
A2,91,4,-1,post_given_past,-1.4169121273978131,-1
A2,92,4,-1,post_given_past,-0.20982009214058547,-1
A2,93,4,1,post_given_past,-1.8649475164534033,-1
A2,94,4,-1,post_given_past,-0.9342189021640841,-1
A2,95,4,-1,post_given_past,-0.4195169652617677,-1
A2,96,4,-1,post_given_past,-0.22297372179631103,-1
A2,97,4,-1,post_given_past,-2.9661605990653954,-1
A2,98,4,-1,post_given_past,-1.204133474637581,-1
A2,99,4,-1,post_given_past,1.5236378116038212,1
B1,2,0,-1,amplitude,0.08795372412128684,1
B1,3,0,1,amplitude,0.43747781929251917,1
B1,4,0,-1,amplitude,0.18152254804172518,1
B1,5,0,1,amplitude,-0.028090001538012357,-1
B1,6,0,1,amplitude,0.2996017066207517,1
B1,7,0,1,amplitude,0.11819722226804188,1
B1,8,0,-1,amplitude,0.43767917324050004,1
B1,9,0,-1,amplitude,0.040622051165792636,1
B1,10,0,-1,amplitude,0.15058509978729478,1
B1,11,0,1,amplitude,0.053303814648428774,1
B1,12,0,-1,amplitude,0.18618772636239153,1
B1,13,0,1,amplitude,-0.20349666634074692,-1
B1,15,0,-1,amplitude,0.2844790050197155,1
B1,16,0,1,amplitude,0.17992094281028978,1
B1,17,0,-1,amplitude,-0.2534058556140123,-1
B1,24,1,1,amplitude,0.2835798297458741,1
B1,25,1,1,amplitude,-6.274477050012485,-1
B1,26,1,1,amplitude,0.23072383659607767,1
B1,27,1,1,amplitude,-0.10182961731444695,-1
B1,28,1,1,amplitude,-0.4522089579650834,-1
B1,29,1,1,amplitude,0.14221447982174,1
B1,30,1,-1,amplitude,0.3357292810251232,1
B1,31,1,1,amplitude,0.17771233268894526,1
B1,32,1,-1,amplitude,1.2650642267004233,1
B1,33,1,-1,amplitude,-0.4620639489517895,-1
B1,34,1,1,amplitude,-0.16240310732795885,-1
B1,35,1,-1,amplitude,-0.7536104225501159,-1
B1,37,1,-1,amplitude,-0.9785434305915037,-1
B1,44,2,1,amplitude,-0.22686994361746235,-1
B1,45,2,1,amplitude,-0.10288518983281221,-1
B1,46,2,-1,amplitude,1.1167899725286656,1
B1,47,2,-1,amplitude,-3.094762884026941,-1
B1,48,2,1,amplitude,0.2295980519103068,1
B1,49,2,1,amplitude,0.40417846587706235,1
B1,50,2,-1,amplitude,4.442033544400297,1
B1,51,2,1,amplitude,-2.1316482685697467,-1
B1,52,2,-1,amplitude,-0.9679442480039834,-1
B1,53,2,1,amplitude,-0.1283946162201675,-1
B1,55,2,1,amplitude,0.11235406616122126,1
B1,56,2,-1,amplitude,-0.25068741854109633,-1
B1,57,2,1,amplitude,0.22881876696069678,1
B1,64,3,-1,amplitude,-0.4895966962145266,-1
B1,65,3,-1,amplitude,0.0950886935605574,1
B1,66,3,-1,amplitude,-0.35735655959997087,-1
B1,67,3,1,amplitude,0.5471202235562368,1
B1,68,3,1,amplitude,-0.0012956812103573259,-1
B1,69,3,-1,amplitude,0.5744642457443646,1
B1,70,3,-1,amplitude,-0.20667082282922475,-1
B1,71,3,1,amplitude,-0.1006746781298336,-1
B1,72,3,1,amplitude,-1.0729778501654337,-1
B1,73,3,-1,amplitude,-0.10486386462885501,-1
B1,74,3,-1,amplitude,0.24553771035039187,1
B1,75,3,1,amplitude,-1.4461492559113098,-1
B1,76,3,-1,amplitude,0.053266808680541046,1
B1,77,3,-1,amplitude,0.13147075197934038,1
B1,84,4,-1,amplitude,-0.0037912016879795,-1
B1,85,4,1,amplitude,0.05890303233196326,1
B1,86,4,-1,amplitude,0.16019498635477078,1
B1,87,4,-1,amplitude,0.1665673330887472,1
B1,89,4,-1,amplitude,0.09100032794420383,1
B1,90,4,-1,amplitude,0.41449205972832864,1
B1,91,4,1,amplitude,0.20452451788931703,1
B1,93,4,-1,amplitude,0.2892258374721486,1
B1,94,4,1,amplitude,0.1894466104204345,1
B1,95,4,-1,amplitude,0.2791116835341032,1
B1,96,4,1,amplitude,0.25214535716589087,1
B1,97,4,-1,amplitude,0.10366310628365442,1
B1,98,4,1,amplitude,0.38141328418231446,1
B1,99,4,1,amplitude,0.042514417608265985,1
B1,2,0,-1,peak_latency,-0.7400947954725976,-1
B1,3,0,1,peak_latency,0.4517219971539095,1
B1,4,0,-1,peak_latency,-0.8868860123501213,-1
B1,5,0,1,peak_latency,-1.5678882871276694,-1
B1,6,0,1,peak_latency,0.0532343207935342,1
B1,7,0,1,peak_latency,0.829626778256006,1
B1,8,0,-1,peak_latency,0.3652325081621487,1
B1,9,0,-1,peak_latency,-0.41536020144424424,-1
B1,10,0,-1,peak_latency,-0.6863206730770781,-1
B1,11,0,1,peak_latency,0.48543700011809315,1
B1,12,0,-1,peak_latency,0.23340691763205548,1
B1,13,0,1,peak_latency,-1.260234379282426,-1
B1,15,0,-1,peak_latency,-0.048098275495588,-1
B1,16,0,1,peak_latency,0.5663254427053539,1
B1,17,0,-1,peak_latency,0.5039574937781519,1
B1,24,1,1,peak_latency,1.4206711273410184,1
B1,25,1,1,peak_latency,-2.7278951738755435,-1
B1,26,1,1,peak_latency,1.4101045198165518,1
B1,27,1,1,peak_latency,1.958594849831754,1
B1,28,1,1,peak_latency,0.30392226094634245,1
B1,29,1,1,peak_latency,-0.509385446081313,-1
B1,30,1,-1,peak_latency,-0.8908691936950672,-1
B1,31,1,1,peak_latency,1.5762945553036296,1
B1,32,1,-1,peak_latency,0.9931211199906399,1
B1,33,1,-1,peak_latency,1.115713437339965,1
B1,34,1,1,peak_latency,-0.29130297477327766,-1
B1,35,1,-1,peak_latency,0.06512283832024451,1
B1,37,1,-1,peak_latency,-0.022449098775948622,-1
B1,44,2,1,peak_latency,1.9981219437730147,1
B1,45,2,1,peak_latency,3.079550812037703,1
B1,46,2,-1,peak_latency,0.6539658641154624,1
B1,47,2,-1,peak_latency,0.32788873130771656,1
B1,48,2,1,peak_latency,-0.09979915802241546,-1
B1,49,2,1,peak_latency,-0.3917055079062498,-1
B1,50,2,-1,peak_latency,1.0601467373039275,1
B1,51,2,1,peak_latency,0.2623748209042378,1
B1,52,2,-1,peak_latency,-0.8452328894225601,-1
B1,53,2,1,peak_latency,0.29899648295249487,1
B1,55,2,1,peak_latency,0.52739062024463,1
B1,56,2,-1,peak_latency,0.42262248494626503,1
B1,57,2,1,peak_latency,-0.569634213309906,-1
B1,64,3,-1,peak_latency,-1.5574267814463216,-1
B1,65,3,-1,peak_latency,-0.8002160419647986,-1
B1,66,3,-1,peak_latency,-0.5195599431752739,-1
B1,67,3,1,peak_latency,1.5809255894552867,1
B1,68,3,1,peak_latency,0.0410731656165419,1
B1,69,3,-1,peak_latency,1.0614846109342206,1
B1,70,3,-1,peak_latency,-0.18063506072389937,-1
B1,71,3,1,peak_latency,0.013610337694104054,1
B1,72,3,1,peak_latency,1.8091688668492112,1
B1,73,3,-1,peak_latency,-2.210865678956171,-1
B1,74,3,-1,peak_latency,1.0368911940384289,1
B1,75,3,1,peak_latency,-1.1891562291887514,-1
B1,76,3,-1,peak_latency,-0.8048750940683116,-1
B1,77,3,-1,peak_latency,-0.6723772302565769,-1
B1,84,4,-1,peak_latency,1.3534482054177848,1
B1,85,4,1,peak_latency,-0.5592488606206505,-1
B1,86,4,-1,peak_latency,-0.8935448827344336,-1
B1,87,4,-1,peak_latency,0.01928596109556477,1
B1,89,4,-1,peak_latency,-0.7155509325402163,-1
B1,90,4,-1,peak_latency,-0.15530025318203589,-1
B1,91,4,1,peak_latency,-0.821301170212057,-1
B1,93,4,-1,peak_latency,-0.03391160511764088,-1
B1,94,4,1,peak_latency,0.6478548070729059,1
B1,95,4,-1,peak_latency,0.3347139462362029,1
B1,96,4,1,peak_latency,-0.3944669141165098,-1
B1,97,4,-1,peak_latency,-2.530449103212142,-1
B1,98,4,1,peak_latency,0.6988709056797141,1
B1,99,4,1,peak_latency,0.6616097729781055,1
B1,2,0,-1,spatial,-0.7104351790438299,-1
B1,3,0,1,spatial,0.8182862454087402,1
B1,4,0,-1,spatial,-0.7898799511294108,-1
B1,5,0,1,spatial,-1.4027136149606583,-1
B1,6,0,1,spatial,0.2299125682362664,1
B1,7,0,1,spatial,0.6995985608187667,1
B1,8,0,-1,spatial,0.7255931626111447,1
B1,9,0,-1,spatial,-0.6852789483561451,-1
B1,10,0,-1,spatial,-0.6368962451077012,-1
B1,11,0,1,spatial,0.38979457974374765,1
B1,12,0,-1,spatial,0.34909522244633723,1
B1,13,0,1,spatial,-1.4702927931293972,-1
B1,15,0,-1,spatial,0.3256115365998197,1
B1,16,0,1,spatial,0.6067256022603726,1
B1,17,0,-1,spatial,0.15442418784601494,1
B1,24,1,1,spatial,1.6789915117843486,1
B1,25,1,1,spatial,-2.5289655365976076,-1
B1,26,1,1,spatial,1.6720940156554456,1
B1,27,1,1,spatial,1.6138426295446011,1
B1,28,1,1,spatial,-0.03178362582566347,-1
B1,29,1,1,spatial,-0.21163725499825642,-1
B1,30,1,-1,spatial,-1.226141928295409,-1
B1,31,1,1,spatial,1.8874865688791798,1
B1,32,1,-1,spatial,1.257000918976295,1
B1,33,1,-1,spatial,0.8740079221662058,1
B1,34,1,1,spatial,-0.38096781948317093,-1
B1,35,1,-1,spatial,0.26086786490406794,1
B1,37,1,-1,spatial,0.02680320117480767,1
B1,44,2,1,spatial,2.2403931406363458,1
B1,45,2,1,spatial,3.098047317734695,1
B1,46,2,-1,spatial,0.8833330090779826,1
B1,47,2,-1,spatial,-0.37111680148284737,-1
B1,48,2,1,spatial,-0.32239570768385456,-1
B1,49,2,1,spatial,-0.5031881485920728,-1
B1,50,2,-1,spatial,0.9410406766432539,1
B1,51,2,1,spatial,0.41289251678859706,1
B1,52,2,-1,spatial,-1.0211841927395418,-1
B1,53,2,1,spatial,0.14640067510654045,1
B1,55,2,1,spatial,1.0709019756941767,1
B1,56,2,-1,spatial,0.7553073135794051,1
B1,57,2,1,spatial,-0.24640331019865103,-1
B1,64,3,-1,spatial,-1.7787972727199397,-1
B1,65,3,-1,spatial,-1.1796118417506527,-1
B1,66,3,-1,spatial,-1.205529556097617,-1
B1,67,3,1,spatial,1.8836422537678603,1
B1,68,3,1,spatial,-0.00822202511782811,-1
B1,69,3,-1,spatial,1.5075825549115338,1
B1,70,3,-1,spatial,0.09372681414580157,1
B1,71,3,1,spatial,-0.07146915715477849,-1
B1,72,3,1,spatial,1.713642972640927,1
B1,73,3,-1,spatial,-2.440150021437889,-1
B1,74,3,-1,spatial,1.4132166109487299,1
B1,75,3,1,spatial,-1.9502614248550187,-1
B1,76,3,-1,spatial,-1.061787096230143,-1
B1,77,3,-1,spatial,-0.3043358916625171,-1
B1,84,4,-1,spatial,1.3327243617253566,1
B1,85,4,1,spatial,-0.43692942042692406,-1
B1,86,4,-1,spatial,-0.9803267086623751,-1
B1,87,4,-1,spatial,-0.09821547594197198,-1
B1,89,4,-1,spatial,-0.7472430013538969,-1
B1,90,4,-1,spatial,-0.26649989628462145,-1
B1,91,4,1,spatial,-0.7356788337850361,-1
B1,93,4,-1,spatial,0.034030321632456194,1
B1,94,4,1,spatial,0.5382574156825944,1
B1,95,4,-1,spatial,0.4500816343579912,1
B1,96,4,1,spatial,-0.3697734839827569,-1
B1,97,4,-1,spatial,-2.5946064251373824,-1
B1,98,4,1,spatial,0.7724886420871161,1
B1,99,4,1,spatial,0.6792257721666154,1
B1,2,0,-1,mechanism,-0.40982367186866236,-1
B1,3,0,1,mechanism,1.0330817790256692,1
B1,4,0,-1,mechanism,-0.6852618477586396,-1
B1,5,0,1,mechanism,-2.0734449385604576,-1
B1,6,0,1,mechanism,-0.07562140065724203,-1
B1,7,0,1,mechanism,0.9194917872841502,1
B1,8,0,-1,mechanism,0.9406256390940165,1
B1,9,0,-1,mechanism,-0.4925087375932551,-1
B1,10,0,-1,mechanism,-0.43845574934208753,-1
B1,11,0,1,mechanism,0.5837271672231417,1
B1,12,0,-1,mechanism,0.6389744794796015,1
B1,13,0,1,mechanism,-1.2252949087302332,-1
B1,15,0,-1,mechanism,0.5215415668120086,1
B1,16,0,1,mechanism,0.807208940451027,1
B1,17,0,-1,mechanism,0.1299499900403681,1
B1,24,1,1,mechanism,1.3630477672445938,1
B1,25,1,1,mechanism,-3.456904823530136,-1
B1,26,1,1,mechanism,1.82683255423876,1
B1,27,1,1,mechanism,1.7490844273808497,1
B1,28,1,1,mechanism,0.7594769227421976,1
B1,29,1,1,mechanism,-0.16583847026811066,-1
B1,30,1,-1,mechanism,-1.2729230589028453,-1
B1,31,1,1,mechanism,1.952409545236725,1
B1,32,1,-1,mechanism,1.3682673992571561,1
B1,33,1,-1,mechanism,0.9360491271439219,1
B1,34,1,1,mechanism,-0.3589024509745232,-1
B1,35,1,-1,mechanism,0.9839727162849804,1
B1,37,1,-1,mechanism,0.4636903271242575,1
B1,44,2,1,mechanism,1.9750911521822179,1
B1,45,2,1,mechanism,2.7032308230388633,1
B1,46,2,-1,mechanism,1.9224731222528826,1
B1,47,2,-1,mechanism,0.8629423952455483,1
B1,48,2,1,mechanism,0.6662977423420593,1
B1,49,2,1,mechanism,-0.517698611928792,-1
B1,50,2,-1,mechanism,2.763395858452181,1
B1,51,2,1,mechanism,1.1042070109125572,1
B1,52,2,-1,mechanism,-1.1503989285597431,-1
B1,53,2,1,mechanism,-0.1123909117452918,-1
B1,55,2,1,mechanism,1.5117728820348775,1
B1,56,2,-1,mechanism,0.5524003990339177,1
B1,57,2,1,mechanism,-0.3107216107129407,-1
B1,64,3,-1,mechanism,-2.0149850126730917,-1
B1,65,3,-1,mechanism,-1.1824181507151563,-1
B1,66,3,-1,mechanism,-0.6553623162521486,-1
B1,67,3,1,mechanism,2.1640341445960996,1
B1,68,3,1,mechanism,0.2261674527438321,1
B1,69,3,-1,mechanism,1.2539215808959234,1
B1,70,3,-1,mechanism,0.19919065185983167,1
B1,71,3,1,mechanism,-0.8931366809839616,-1
B1,72,3,1,mechanism,1.818408258909791,1
B1,73,3,-1,mechanism,-2.4657488839451385,-1
B1,74,3,-1,mechanism,1.4872024333186655,1
B1,75,3,1,mechanism,-2.133761486327508,-1
B1,76,3,-1,mechanism,-0.9822553070665374,-1
B1,77,3,-1,mechanism,-0.3094531565335581,-1
B1,84,4,-1,mechanism,1.2285258263844956,1
B1,85,4,1,mechanism,-0.5473394847179153,-1
B1,86,4,-1,mechanism,-0.9836270386540942,-1
B1,87,4,-1,mechanism,-0.11046106806714316,-1
B1,89,4,-1,mechanism,-0.7970283224356979,-1
B1,90,4,-1,mechanism,-0.3605125585820773,-1
B1,91,4,1,mechanism,-0.7019326097196392,-1
B1,93,4,-1,mechanism,-0.016355487106713903,-1
B1,94,4,1,mechanism,0.5370894306058916,1
B1,95,4,-1,mechanism,0.4468079364604948,1
B1,96,4,1,mechanism,-0.34652046363425,-1
B1,97,4,-1,mechanism,-2.510348881782806,-1
B1,98,4,1,mechanism,0.7810697088282219,1
B1,99,4,1,mechanism,0.5200893110180207,1
B1,2,0,-1,covariance,0.8303551366029633,1
B1,3,0,1,covariance,1.216578656739935,1
B1,4,0,-1,covariance,1.0159995420608268,1
B1,5,0,1,covariance,-0.02865411993938699,-1
B1,6,0,1,covariance,-1.0895800347863949,-1
B1,7,0,1,covariance,1.051129544625023,1
B1,8,0,-1,covariance,1.7983477862363375,1
B1,9,0,-1,covariance,0.7955134638899208,1
B1,10,0,-1,covariance,1.3616350594777804,1
B1,11,0,1,covariance,2.4437763063754123,1
B1,12,0,-1,covariance,1.7928609242536637,1
B1,13,0,1,covariance,0.6015593229600584,1
B1,15,0,-1,covariance,0.1119762956189106,1
B1,16,0,1,covariance,0.9906079357634306,1
B1,17,0,-1,covariance,0.05228323666971223,1
B1,24,1,1,covariance,0.17296470857678048,1
B1,25,1,1,covariance,0.2391755906135214,1
B1,26,1,1,covariance,1.3758497403052519,1
B1,27,1,1,covariance,-0.8095107414544939,-1
B1,28,1,1,covariance,0.495871765224138,1
B1,29,1,1,covariance,0.8510074212147526,1
B1,30,1,-1,covariance,-2.4828370626564937,-1
B1,31,1,1,covariance,-1.0377344541895446,-1
B1,32,1,-1,covariance,-1.0313575565899686,-1
B1,33,1,-1,covariance,0.9142922379687113,1
B1,34,1,1,covariance,2.536377588899323,1
B1,35,1,-1,covariance,-1.0958496488456113,-1
B1,37,1,-1,covariance,2.2099838468808066,1
B1,44,2,1,covariance,0.4716718135931277,1
B1,45,2,1,covariance,0.17510567514698608,1
B1,46,2,-1,covariance,-1.5298797661791723,-1
B1,47,2,-1,covariance,0.12958536350259048,1
B1,48,2,1,covariance,1.669341509894284,1
B1,49,2,1,covariance,1.5353326167638421,1
B1,50,2,-1,covariance,2.013425382499842,1
B1,51,2,1,covariance,1.0764293045139044,1
B1,52,2,-1,covariance,-0.558517502403063,-1
B1,53,2,1,covariance,-1.2578073010573716,-1
B1,55,2,1,covariance,-2.302328414975704,-1
B1,56,2,-1,covariance,-0.8336999362995384,-1
B1,57,2,1,covariance,0.106879625558333,1
B1,64,3,-1,covariance,-1.9049636941799137,-1
B1,65,3,-1,covariance,-1.777754125821644,-1
B1,66,3,-1,covariance,-3.3669527136748147,-1
B1,67,3,1,covariance,-1.4287973579243565,-1
B1,68,3,1,covariance,1.1550386982722272,1
B1,69,3,-1,covariance,1.1913245271455488,1
B1,70,3,-1,covariance,0.32108098712854266,1
B1,71,3,1,covariance,-1.3943733222730197,-1
B1,72,3,1,covariance,1.4082502493631557,1
B1,73,3,-1,covariance,-1.0148422913520505,-1
B1,74,3,-1,covariance,-0.06424936066322147,-1
B1,75,3,1,covariance,-1.5237165278674025,-1
B1,76,3,-1,covariance,-0.7348900324748826,-1
B1,77,3,-1,covariance,0.44999373339170834,1
B1,84,4,-1,covariance,2.05094558216191,1
B1,85,4,1,covariance,-0.13763893281990386,-1
B1,86,4,-1,covariance,0.04877060938118594,1
B1,87,4,-1,covariance,0.929898289479357,1
B1,89,4,-1,covariance,-1.530235627145531,-1
B1,90,4,-1,covariance,-0.054248517740522396,-1
B1,91,4,1,covariance,0.993597516715624,1
B1,93,4,-1,covariance,0.28002121695358817,1
B1,94,4,1,covariance,-0.3490632587797806,-1
B1,95,4,-1,covariance,0.26262294427566285,1
B1,96,4,1,covariance,0.2315098573784951,1
B1,97,4,-1,covariance,-0.2636021334338728,-1
B1,98,4,1,covariance,-0.021265996708723832,-1
B1,99,4,1,covariance,0.8501498087839574,1
B1,2,0,-1,projection6,0.10951162870115246,1
B1,3,0,1,projection6,0.2621123278067256,1
B1,4,0,-1,projection6,-0.12363280509292693,-1
B1,5,0,1,projection6,1.0717085838275613,1
B1,6,0,1,projection6,1.211403918536517,1
B1,7,0,1,projection6,0.17995090431171254,1
B1,8,0,-1,projection6,0.4923285519529013,1
B1,9,0,-1,projection6,0.26625008231899583,1
B1,10,0,-1,projection6,0.14931241351828015,1
B1,11,0,1,projection6,-0.012740145555724555,-1
B1,12,0,-1,projection6,0.2419818459235967,1
B1,13,0,1,projection6,-0.07403192486459403,-1
B1,15,0,-1,projection6,0.13422913373626574,1
B1,16,0,1,projection6,0.15979694622029136,1
B1,17,0,-1,projection6,-0.09755687507072665,-1
B1,24,1,1,projection6,-0.4114636716812031,-1
B1,25,1,1,projection6,-2.717335969574842,-1
B1,26,1,1,projection6,0.6672542411761476,1
B1,27,1,1,projection6,0.34970226486052747,1
B1,28,1,1,projection6,2.470784307442255,1
B1,29,1,1,projection6,0.22217344217504578,1
B1,30,1,-1,projection6,0.5958863738544663,1
B1,31,1,1,projection6,0.7376752607054099,1
B1,32,1,-1,projection6,0.9413406505510268,1
B1,33,1,-1,projection6,-0.029105316256137666,-1
B1,34,1,1,projection6,-0.28530392426091383,-1
B1,35,1,-1,projection6,2.5919233655400427,1
B1,37,1,-1,projection6,1.6915697411506831,1
B1,44,2,1,projection6,-0.26289528317000427,-1
B1,45,2,1,projection6,0.21987640044109014,1
B1,46,2,-1,projection6,2.046087121863324,1
B1,47,2,-1,projection6,-4.600908655737424,-1
B1,48,2,1,projection6,-0.18670762810484412,-1
B1,49,2,1,projection6,0.7612849064081263,1
B1,50,2,-1,projection6,4.34379894021556,1
B1,51,2,1,projection6,-1.4630185388260888,-1
B1,52,2,-1,projection6,-0.7255479010906751,-1
B1,53,2,1,projection6,-0.20131714874125145,-1
B1,55,2,1,projection6,1.3140767860472577,1
B1,56,2,-1,projection6,-0.8802240814716566,-1
B1,57,2,1,projection6,0.2944346723937989,1
B1,64,3,-1,projection6,-1.1770322751067797,-1
B1,65,3,-1,projection6,-0.28318333814643964,-1
B1,66,3,-1,projection6,0.30445485259090677,1
B1,67,3,1,projection6,1.1337815231312611,1
B1,68,3,1,projection6,0.32812123048447267,1
B1,69,3,-1,projection6,0.013767399414989516,1
B1,70,3,-1,projection6,0.23914155571676082,1
B1,71,3,1,projection6,-1.5527185583819434,-1
B1,72,3,1,projection6,0.0006088995207744116,1
B1,73,3,-1,projection6,-0.6733964483933716,-1
B1,74,3,-1,projection6,0.6399272525196269,1
B1,75,3,1,projection6,-1.3722219039980024,-1
B1,76,3,-1,projection6,-0.02599087953051266,-1
B1,77,3,-1,projection6,-0.04760552504006431,-1
B1,84,4,-1,projection6,-0.13962687292352027,-1
B1,85,4,1,projection6,-0.29456494840858016,-1
B1,86,4,-1,projection6,-0.1653337661116608,-1
B1,87,4,-1,projection6,0.016624165533238953,1
B1,89,4,-1,projection6,-0.015070384421128005,-1
B1,90,4,-1,projection6,-0.4574659166148027,-1
B1,91,4,1,projection6,0.20864899837113735,1
B1,93,4,-1,projection6,0.022231937268023222,1
B1,94,4,1,projection6,0.27390843646021773,1
B1,95,4,-1,projection6,0.33402196015182223,1
B1,96,4,1,projection6,0.11016045688477345,1
B1,97,4,-1,projection6,-0.17235939515623566,-1
B1,98,4,1,projection6,0.31738032930188104,1
B1,99,4,1,projection6,-0.3492897292331088,-1
B1,2,0,-1,direction3,-0.6968467457816632,-1
B1,3,0,1,direction3,-0.5290489781340735,-1
B1,4,0,-1,direction3,-0.5768250606962678,-1
B1,5,0,1,direction3,0.9556733718649915,1
B1,6,0,1,direction3,2.1609034141536174,1
B1,7,0,1,direction3,0.09885461700540298,1
B1,8,0,-1,direction3,0.26033497862571625,1
B1,9,0,-1,direction3,0.4160284269772899,1
B1,10,0,-1,direction3,-0.39595172570523923,-1
B1,11,0,1,direction3,0.17745199644353027,1
B1,12,0,-1,direction3,0.03363704046690952,1
B1,13,0,1,direction3,0.10721991743682728,1
B1,15,0,-1,direction3,-0.6441752772153488,-1
B1,16,0,1,direction3,0.21000233130648654,1
B1,17,0,-1,direction3,0.31708661976995356,1
B1,24,1,1,direction3,-0.27550174084907664,-1
B1,25,1,1,direction3,-4.362785194169946,-1
B1,26,1,1,direction3,0.33449215268489507,1
B1,27,1,1,direction3,0.1801134879207829,1
B1,28,1,1,direction3,2.1161865849273385,1
B1,29,1,1,direction3,0.13780974511627658,1
B1,30,1,-1,direction3,0.8032260163468632,1
B1,31,1,1,direction3,0.16379798432449236,1
B1,32,1,-1,direction3,1.0019937734608095,1
B1,33,1,-1,direction3,-0.026320715630947365,-1
B1,34,1,1,direction3,-0.20308626468581406,-1
B1,35,1,-1,direction3,1.473189676916158,1
B1,37,1,-1,direction3,1.0542745517952112,1
B1,44,2,1,direction3,-0.2548815470966912,-1
B1,45,2,1,direction3,-0.011867314139534367,-1
B1,46,2,-1,direction3,1.9336299519432139,1
B1,47,2,-1,direction3,-3.315268736175984,-1
B1,48,2,1,direction3,-0.16657638404092687,-1
B1,49,2,1,direction3,0.616463931510373,1
B1,50,2,-1,direction3,3.882539941831206,1
B1,51,2,1,direction3,-1.6360252121863712,-1
B1,52,2,-1,direction3,-0.69468269478711,-1
B1,53,2,1,direction3,-0.11159784485473398,-1
B1,55,2,1,direction3,0.9126363380886575,1
B1,56,2,-1,direction3,-0.6767206128253015,-1
B1,57,2,1,direction3,0.1656690251293335,1
B1,64,3,-1,direction3,-0.767331244805311,-1
B1,65,3,-1,direction3,0.10019085612118328,1
B1,66,3,-1,direction3,0.10299389676548024,1
B1,67,3,1,direction3,0.9465401466111301,1
B1,68,3,1,direction3,0.058169424455498574,1
B1,69,3,-1,direction3,0.7967305935387611,1
B1,70,3,-1,direction3,-0.2318413940516334,-1
B1,71,3,1,direction3,-0.922794947539005,-1
B1,72,3,1,direction3,-0.7587372794532212,-1
B1,73,3,-1,direction3,-0.3684568037670123,-1
B1,74,3,-1,direction3,0.36013830291018273,1
B1,75,3,1,direction3,-1.0621672893095833,-1
B1,76,3,-1,direction3,-0.09262515024744457,-1
B1,77,3,-1,direction3,0.02655558253573285,1
B1,84,4,-1,direction3,-0.12569163285073462,-1
B1,85,4,1,direction3,-0.25678756740460035,-1
B1,86,4,-1,direction3,-0.05535952244083386,-1
B1,87,4,-1,direction3,0.11447589951960824,1
B1,89,4,-1,direction3,-0.07605337143354246,-1
B1,90,4,-1,direction3,-0.13553025736854096,-1
B1,91,4,1,direction3,0.19001715389222903,1
B1,93,4,-1,direction3,0.13187167004708683,1
B1,94,4,1,direction3,0.2520938024653976,1
B1,95,4,-1,direction3,0.26162023629483416,1
B1,96,4,1,direction3,0.14923886647094614,1
B1,97,4,-1,direction3,-0.04012081268702995,-1
B1,98,4,1,direction3,0.34150236626294767,1
B1,99,4,1,direction3,-0.2360949764082582,-1
B1,2,0,-1,past_only,-0.9229165408265493,-1
B1,3,0,1,past_only,0.5171807629983011,1
B1,4,0,-1,past_only,-0.6842474080027966,-1
B1,5,0,1,past_only,-0.4558279803106971,-1
B1,6,0,1,past_only,0.6506963209198378,1
B1,7,0,1,past_only,0.8548181467857167,1
B1,8,0,-1,past_only,-1.1736032483772187,-1
B1,9,0,-1,past_only,-0.6189408254397083,-1
B1,10,0,-1,past_only,-0.366068956772199,-1
B1,11,0,1,past_only,-1.075637262944247,-1
B1,12,0,-1,past_only,0.6157877046530714,1
B1,13,0,1,past_only,-1.3113990575522663,-1
B1,15,0,-1,past_only,-0.006390182439713054,-1
B1,16,0,1,past_only,-0.5101963588465561,-1
B1,17,0,-1,past_only,0.8016779993576454,1
B1,24,1,1,past_only,0.883854092339656,1
B1,25,1,1,past_only,-3.218442018985294,-1
B1,26,1,1,past_only,0.15477605332033748,1
B1,27,1,1,past_only,0.5563225263027611,1
B1,28,1,1,past_only,2.754462920488409,1
B1,29,1,1,past_only,0.062281666796551886,1
B1,30,1,-1,past_only,0.8518599066881771,1
B1,31,1,1,past_only,0.10262023153556939,1
B1,32,1,-1,past_only,-0.17516260955536184,-1
B1,33,1,-1,past_only,0.28976720944233586,1
B1,34,1,1,past_only,-1.7624236878285595,-1
B1,35,1,-1,past_only,1.2639116588196773,1
B1,37,1,-1,past_only,0.8259417614772891,1
B1,44,2,1,past_only,0.5529801780194847,1
B1,45,2,1,past_only,-2.2210069899767215,-1
B1,46,2,-1,past_only,-1.2019865964607432,-1
B1,47,2,-1,past_only,-1.4125753613102612,-1
B1,48,2,1,past_only,-0.5147529346930053,-1
B1,49,2,1,past_only,-0.960366939744995,-1
B1,50,2,-1,past_only,7.942409130628164,1
B1,51,2,1,past_only,-0.5920084234825844,-1
B1,52,2,-1,past_only,-2.497098278347308,-1
B1,53,2,1,past_only,0.01818975748677033,1
B1,55,2,1,past_only,1.3951953347303543,1
B1,56,2,-1,past_only,2.0435168096373757,1
B1,57,2,1,past_only,0.32997429061097044,1
B1,64,3,-1,past_only,-1.0929470376286103,-1
B1,65,3,-1,past_only,1.5684797144921172,1
B1,66,3,-1,past_only,-0.8101985623395885,-1
B1,67,3,1,past_only,-1.1633048181666277,-1
B1,68,3,1,past_only,0.9002602280102853,1
B1,69,3,-1,past_only,-0.3444701236253767,-1
B1,70,3,-1,past_only,2.074256286479917,1
B1,71,3,1,past_only,0.22695331542741598,1
B1,72,3,1,past_only,0.6474375156634666,1
B1,73,3,-1,past_only,1.5881008231134035,1
B1,74,3,-1,past_only,-1.390376367294335,-1
B1,75,3,1,past_only,0.20100475835146214,1
B1,76,3,-1,past_only,-0.5018259259658039,-1
B1,77,3,-1,past_only,0.018652843588972037,1
B1,84,4,-1,past_only,-0.8733937286748817,-1
B1,85,4,1,past_only,-0.214048983683839,-1
B1,86,4,-1,past_only,1.4989053559226837,1
B1,87,4,-1,past_only,0.27147611173291686,1
B1,89,4,-1,past_only,-0.5450656318309043,-1
B1,90,4,-1,past_only,0.8300283213269943,1
B1,91,4,1,past_only,0.43737531515575473,1
B1,93,4,-1,past_only,0.301762052243766,1
B1,94,4,1,past_only,-0.46369846632190526,-1
B1,95,4,-1,past_only,0.607761202858105,1
B1,96,4,1,past_only,-1.3304600876715802,-1
B1,97,4,-1,past_only,1.3992880544635287,1
B1,98,4,1,past_only,0.07428278383382515,1
B1,99,4,1,past_only,0.041813518626830845,1
B1,2,0,-1,previous_cue,1.0297287216138635,1
B1,3,0,1,previous_cue,1.0297287216138635,1
B1,4,0,-1,previous_cue,-0.9561766700700159,-1
B1,5,0,1,previous_cue,1.0297287216138635,1
B1,6,0,1,previous_cue,-0.9561766700700159,-1
B1,7,0,1,previous_cue,-0.9561766700700159,-1
B1,8,0,-1,previous_cue,-0.9561766700700159,-1
B1,9,0,-1,previous_cue,1.0297287216138635,1
B1,10,0,-1,previous_cue,1.0297287216138635,1
B1,11,0,1,previous_cue,1.0297287216138635,1
B1,12,0,-1,previous_cue,-0.9561766700700159,-1
B1,13,0,1,previous_cue,1.0297287216138635,1
B1,15,0,-1,previous_cue,-0.9561766700700159,-1
B1,16,0,1,previous_cue,1.0297287216138635,1
B1,17,0,-1,previous_cue,-0.9561766700700159,-1
B1,24,1,1,previous_cue,-1.124484274208912,-1
B1,25,1,1,previous_cue,-1.124484274208912,-1
B1,26,1,1,previous_cue,-1.124484274208912,-1
B1,27,1,1,previous_cue,-1.124484274208912,-1
B1,28,1,1,previous_cue,-1.124484274208912,-1
B1,29,1,1,previous_cue,-1.124484274208912,-1
B1,30,1,-1,previous_cue,-1.124484274208912,-1
B1,31,1,1,previous_cue,0.9344305940609269,1
B1,32,1,-1,previous_cue,-1.124484274208912,-1
B1,33,1,-1,previous_cue,0.9344305940609269,1
B1,34,1,1,previous_cue,0.9344305940609269,1
B1,35,1,-1,previous_cue,-1.124484274208912,-1
B1,37,1,-1,previous_cue,0.9344305940609269,1
B1,44,2,1,previous_cue,-1.0023862559348597,-1
B1,45,2,1,previous_cue,-1.0023862559348597,-1
B1,46,2,-1,previous_cue,-1.0023862559348597,-1
B1,47,2,-1,previous_cue,0.9820332355097867,1
B1,48,2,1,previous_cue,0.9820332355097867,1
B1,49,2,1,previous_cue,-1.0023862559348597,-1
B1,50,2,-1,previous_cue,-1.0023862559348597,-1
B1,51,2,1,previous_cue,0.9820332355097867,1
B1,52,2,-1,previous_cue,-1.0023862559348597,-1
B1,53,2,1,previous_cue,0.9820332355097867,1
B1,55,2,1,previous_cue,0.9820332355097867,1
B1,56,2,-1,previous_cue,-1.0023862559348597,-1
B1,57,2,1,previous_cue,0.9820332355097867,1
B1,64,3,-1,previous_cue,-0.9442257057296807,-1
B1,65,3,-1,previous_cue,1.0812257370019813,1
B1,66,3,-1,previous_cue,1.0812257370019813,1
B1,67,3,1,previous_cue,1.0812257370019813,1
B1,68,3,1,previous_cue,-0.9442257057296807,-1
B1,69,3,-1,previous_cue,-0.9442257057296807,-1
B1,70,3,-1,previous_cue,1.0812257370019813,1
B1,71,3,1,previous_cue,1.0812257370019813,1
B1,72,3,1,previous_cue,-0.9442257057296807,-1
B1,73,3,-1,previous_cue,-0.9442257057296807,-1
B1,74,3,-1,previous_cue,1.0812257370019813,1
B1,75,3,1,previous_cue,1.0812257370019813,1
B1,76,3,-1,previous_cue,-0.9442257057296807,-1
B1,77,3,-1,previous_cue,1.0812257370019813,1
B1,84,4,-1,previous_cue,1.047714148164702,1
B1,85,4,1,previous_cue,1.047714148164702,1
B1,86,4,-1,previous_cue,-0.9349439144448466,-1
B1,87,4,-1,previous_cue,1.047714148164702,1
B1,89,4,-1,previous_cue,-0.9349439144448466,-1
B1,90,4,-1,previous_cue,1.047714148164702,1
B1,91,4,1,previous_cue,1.047714148164702,1
B1,93,4,-1,previous_cue,-0.9349439144448466,-1
B1,94,4,1,previous_cue,1.047714148164702,1
B1,95,4,-1,previous_cue,-0.9349439144448466,-1
B1,96,4,1,previous_cue,1.047714148164702,1
B1,97,4,-1,previous_cue,-0.9349439144448466,-1
B1,98,4,1,previous_cue,1.047714148164702,1
B1,99,4,1,previous_cue,-0.9349439144448466,-1
B1,2,0,-1,post_given_past,-0.15509457459336812,-1
B1,3,0,1,post_given_past,1.428846939143654,1
B1,4,0,-1,post_given_past,-0.2764768772187193,-1
B1,5,0,1,post_given_past,-2.460269566231263,-1
B1,6,0,1,post_given_past,0.08761858269824108,1
B1,7,0,1,post_given_past,1.0367126476841837,1
B1,8,0,-1,post_given_past,1.1479390607370386,1
B1,9,0,-1,post_given_past,-0.5090266536946195,-1
B1,10,0,-1,post_given_past,-0.8226260949770662,-1
B1,11,0,1,post_given_past,0.49908567837450574,1
B1,12,0,-1,post_given_past,0.9593621951448476,1
B1,13,0,1,post_given_past,-1.4253830281966797,-1
B1,15,0,-1,post_given_past,0.33681056818010036,1
B1,16,0,1,post_given_past,0.5250496598240918,1
B1,17,0,-1,post_given_past,0.25789985849968455,1
B1,24,1,1,post_given_past,1.2792823871432086,1
B1,25,1,1,post_given_past,-3.242340528956465,-1
B1,26,1,1,post_given_past,1.9226125141381054,1
B1,27,1,1,post_given_past,1.7334275092905318,1
B1,28,1,1,post_given_past,-0.7291857168661855,-1
B1,29,1,1,post_given_past,0.03872882980835678,1
B1,30,1,-1,post_given_past,-1.470775936728902,-1
B1,31,1,1,post_given_past,2.241778110667097,1
B1,32,1,-1,post_given_past,1.2763377828854083,1
B1,33,1,-1,post_given_past,0.7622534870352563,1
B1,34,1,1,post_given_past,0.4881209198969349,1
B1,35,1,-1,post_given_past,0.11774855757207049,1
B1,37,1,-1,post_given_past,-0.1938334480691925,-1
B1,44,2,1,post_given_past,2.1828606389772593,1
B1,45,2,1,post_given_past,3.038759264485594,1
B1,46,2,-1,post_given_past,0.5948377793102801,1
B1,47,2,-1,post_given_past,0.1449792552033037,1
B1,48,2,1,post_given_past,0.21480421820030732,1
B1,49,2,1,post_given_past,-0.5259634071010794,-1
B1,50,2,-1,post_given_past,0.9323300005150527,1
B1,51,2,1,post_given_past,1.6939579271920706,1
B1,52,2,-1,post_given_past,-0.9361557768566703,-1
B1,53,2,1,post_given_past,-0.3583932379389353,-1
B1,55,2,1,post_given_past,1.0419184938005537,1
B1,56,2,-1,post_given_past,0.9490389645683042,1
B1,57,2,1,post_given_past,-0.147302811155836,-1
B1,64,3,-1,post_given_past,-1.9437152482305493,-1
B1,65,3,-1,post_given_past,-1.590735041091577,-1
B1,66,3,-1,post_given_past,0.7032394662842965,1
B1,67,3,1,post_given_past,2.5161672389523533,1
B1,68,3,1,post_given_past,0.06922759824497736,1
B1,69,3,-1,post_given_past,0.623773575248375,1
B1,70,3,-1,post_given_past,0.004666784549212989,1
B1,71,3,1,post_given_past,-1.7241093965751046,-1
B1,72,3,1,post_given_past,1.9989364299651804,1
B1,73,3,-1,post_given_past,-3.131074171905729,-1
B1,74,3,-1,post_given_past,1.6309601069369388,1
B1,75,3,1,post_given_past,-1.5427332083385243,-1
B1,76,3,-1,post_given_past,-1.1443231091220378,-1
B1,77,3,-1,post_given_past,-0.2894017052078199,-1
B1,84,4,-1,post_given_past,1.0758493480193183,1
B1,85,4,1,post_given_past,-1.066310535517518,-1
B1,86,4,-1,post_given_past,-2.3052973219097916,-1
B1,87,4,-1,post_given_past,0.09895723962910356,1
B1,89,4,-1,post_given_past,-0.5774558592489808,-1
B1,90,4,-1,post_given_past,-0.5726041654448272,-1
B1,91,4,1,post_given_past,-0.6412168922521965,-1
B1,93,4,-1,post_given_past,0.8614532147657902,1
B1,94,4,1,post_given_past,1.1468185111468627,1
B1,95,4,-1,post_given_past,0.2845934337838472,1
B1,96,4,1,post_given_past,0.24041977426703387,1
B1,97,4,-1,post_given_past,-3.692843375462946,-1
B1,98,4,1,post_given_past,0.4320192545032146,1
B1,99,4,1,post_given_past,1.1903667355470577,1
B2,2,0,-1,amplitude,2.729893795387585,1
B2,3,0,-1,amplitude,-0.3226288774881925,-1
B2,4,0,1,amplitude,0.0410291961122065,1
B2,5,0,-1,amplitude,-0.10744374556045568,-1
B2,6,0,1,amplitude,2.006550626939533,1
B2,7,0,1,amplitude,2.1203491639207455,1
B2,8,0,1,amplitude,0.2724161855406664,1
B2,9,0,1,amplitude,0.07895837969199618,1
B2,10,0,-1,amplitude,2.344790062310844,1
B2,11,0,1,amplitude,1.3655565103096954,1
B2,12,0,1,amplitude,-0.15884091798151947,-1
B2,13,0,1,amplitude,-0.08706758051605575,-1
B2,15,0,1,amplitude,2.22250713330789,1
B2,17,0,-1,amplitude,0.5667519400815249,1
B2,24,1,-1,amplitude,0.2381508210146199,1
B2,25,1,-1,amplitude,1.0572247320464998,1
B2,26,1,1,amplitude,1.6588292226939019,1
B2,27,1,-1,amplitude,-1.7915361247570014,-1
B2,28,1,-1,amplitude,-0.30979890738246907,-1
B2,29,1,-1,amplitude,1.2715316696177454,1
B2,30,1,1,amplitude,0.7028635625273126,1
B2,31,1,1,amplitude,0.15298963578328717,1
B2,32,1,1,amplitude,1.4692874166233116,1
B2,33,1,1,amplitude,-1.0856067554142705,-1
B2,34,1,1,amplitude,0.20495138106668395,1
B2,35,1,-1,amplitude,0.6120759422074403,1
B2,36,1,1,amplitude,0.5123303715639963,1
B2,37,1,-1,amplitude,-0.39011164269247434,-1
B2,44,2,1,amplitude,-0.32151475621900255,-1
B2,45,2,-1,amplitude,1.4753592326626637,1
B2,46,2,-1,amplitude,-0.10080749140586184,-1
B2,47,2,1,amplitude,-0.3452039008375219,-1
B2,48,2,-1,amplitude,-1.1834550238494732,-1
B2,49,2,1,amplitude,1.073771326664869,1
B2,51,2,-1,amplitude,0.6121038318153806,1
B2,52,2,-1,amplitude,-0.15663816807776695,-1
B2,53,2,1,amplitude,-0.5009689140542292,-1
B2,55,2,1,amplitude,-0.19740038724589987,-1
B2,56,2,-1,amplitude,-4.35468951152139,-1
B2,64,3,-1,amplitude,-1.3988444417810242,-1
B2,65,3,1,amplitude,-1.8717328649456764,-1
B2,66,3,1,amplitude,1.4648391646889327,1
B2,67,3,1,amplitude,-0.03514122266733952,-1
B2,68,3,1,amplitude,1.993480606145449,1
B2,69,3,-1,amplitude,-0.14149290146754895,-1
B2,70,3,-1,amplitude,-0.21446877107545512,-1
B2,71,3,1,amplitude,0.15153756202063465,1
B2,72,3,1,amplitude,-2.043293333877496,-1
B2,73,3,1,amplitude,0.21243786639338497,1
B2,74,3,-1,amplitude,-1.5785833317313678,-1
B2,75,3,-1,amplitude,-0.5965968702562128,-1
B2,76,3,1,amplitude,-1.3728218987097518,-1
B2,77,3,1,amplitude,-0.4073208877282181,-1
B2,84,4,-1,amplitude,-0.13519052100540724,-1
B2,85,4,-1,amplitude,3.143734270449549,1
B2,86,4,1,amplitude,-0.6909678549762,-1
B2,87,4,-1,amplitude,0.370980453765357,1
B2,88,4,1,amplitude,2.089268390910091,1
B2,89,4,-1,amplitude,-4.357801009224625,-1
B2,90,4,1,amplitude,-0.4568500948666171,-1
B2,91,4,-1,amplitude,-4.563076935750062,-1
B2,92,4,-1,amplitude,-0.29809867275774654,-1
B2,93,4,1,amplitude,-0.030517989135687464,-1
B2,94,4,-1,amplitude,0.8165142250472603,1
B2,95,4,1,amplitude,0.05009102261067396,1
B2,96,4,1,amplitude,-2.503223877012718,-1
B2,97,4,-1,amplitude,0.01879931616370749,1
B2,98,4,-1,amplitude,-0.382254199356793,-1
B2,99,4,1,amplitude,0.751811696706425,1
B2,2,0,-1,peak_latency,1.8764646473519373,1
B2,3,0,-1,peak_latency,0.024781379969556632,1
B2,4,0,1,peak_latency,-1.395569018466191,-1
B2,5,0,-1,peak_latency,1.1575342476877635,1
B2,6,0,1,peak_latency,2.207137136461988,1
B2,7,0,1,peak_latency,1.5085010516428419,1
B2,8,0,1,peak_latency,0.927273744358018,1
B2,9,0,1,peak_latency,-1.0656121524952562,-1
B2,10,0,-1,peak_latency,1.640871310082248,1
B2,11,0,1,peak_latency,2.1016807214985,1
B2,12,0,1,peak_latency,0.487579079966906,1
B2,13,0,1,peak_latency,-2.0457171785757624,-1
B2,15,0,1,peak_latency,1.5678376022660097,1
B2,17,0,-1,peak_latency,1.6346640712633789,1
B2,24,1,-1,peak_latency,-0.010566163608676108,-1
B2,25,1,-1,peak_latency,0.13518876023347853,1
B2,26,1,1,peak_latency,0.47266522772995845,1
B2,27,1,-1,peak_latency,-1.5067838352557854,-1
B2,28,1,-1,peak_latency,0.1273926304519769,1
B2,29,1,-1,peak_latency,1.33969116574371,1
B2,30,1,1,peak_latency,-0.07073395184122074,-1
B2,31,1,1,peak_latency,-0.28436820437752947,-1
B2,32,1,1,peak_latency,0.37157628925354197,1
B2,33,1,1,peak_latency,-1.1038035618715734,-1
B2,34,1,1,peak_latency,-0.01499535777924958,-1
B2,35,1,-1,peak_latency,1.1820268978162893,1
B2,36,1,1,peak_latency,-0.1840879303922532,-1
B2,37,1,-1,peak_latency,-0.5599089978463055,-1
B2,44,2,1,peak_latency,-0.5943007555914824,-1
B2,45,2,-1,peak_latency,1.8098938711062065,1
B2,46,2,-1,peak_latency,0.6456479451333892,1
B2,47,2,1,peak_latency,-1.5204851950410985,-1
B2,48,2,-1,peak_latency,-0.6637893219060745,-1
B2,49,2,1,peak_latency,-0.3024086803839131,-1
B2,51,2,-1,peak_latency,0.28789121333279927,1
B2,52,2,-1,peak_latency,0.625588967614281,1
B2,53,2,1,peak_latency,-0.4568345870428199,-1
B2,55,2,1,peak_latency,-0.6310424086187192,-1
B2,56,2,-1,peak_latency,-2.3441182085577346,-1
B2,64,3,-1,peak_latency,-1.5798229275438118,-1
B2,65,3,1,peak_latency,-1.9307518228532796,-1
B2,66,3,1,peak_latency,0.550486253000772,1
B2,67,3,1,peak_latency,0.16745528934764564,1
B2,68,3,1,peak_latency,0.9450498152684984,1
B2,69,3,-1,peak_latency,0.7338121915349279,1
B2,70,3,-1,peak_latency,0.644597161006186,1
B2,71,3,1,peak_latency,0.7936396660091777,1
B2,72,3,1,peak_latency,-2.058115957856676,-1
B2,73,3,1,peak_latency,0.3638928034648342,1
B2,74,3,-1,peak_latency,-1.7129241503255253,-1
B2,75,3,-1,peak_latency,0.29791122406796994,1
B2,76,3,1,peak_latency,-1.5591644063280379,-1
B2,77,3,1,peak_latency,-0.4309897786769968,-1
B2,84,4,-1,peak_latency,1.8081121755670744,1
B2,85,4,-1,peak_latency,1.376899848277937,1
B2,86,4,1,peak_latency,-1.1174944728809335,-1
B2,87,4,-1,peak_latency,0.44663806215338026,1
B2,88,4,1,peak_latency,0.6914904355031181,1
B2,89,4,-1,peak_latency,-3.498949762270948,-1
B2,90,4,1,peak_latency,-0.4732302854739275,-1
B2,91,4,-1,peak_latency,-3.6365153436613173,-1
B2,92,4,-1,peak_latency,-1.4034691229490093,-1
B2,93,4,1,peak_latency,1.2050490644261678,1
B2,94,4,-1,peak_latency,0.39138734669686437,1
B2,95,4,1,peak_latency,0.7822971099985675,1
B2,96,4,1,peak_latency,-2.2972015368858263,-1
B2,97,4,-1,peak_latency,2.260556740321981,1
B2,98,4,-1,peak_latency,-1.5137123420122232,-1
B2,99,4,1,peak_latency,1.4931419915416353,1
B2,2,0,-1,spatial,1.8648798827815756,1
B2,3,0,-1,spatial,0.0346660924540944,1
B2,4,0,1,spatial,-1.3890534231577585,-1
B2,5,0,-1,spatial,1.1572253606975336,1
B2,6,0,1,spatial,2.2283613954314703,1
B2,7,0,1,spatial,1.46892475710832,1
B2,8,0,1,spatial,0.956766833502064,1
B2,9,0,1,spatial,-1.0627387788735705,-1
B2,10,0,-1,spatial,1.6554182463464224,1
B2,11,0,1,spatial,2.1409400138878674,1
B2,12,0,1,spatial,0.47149329522216427,1
B2,13,0,1,spatial,-2.0417299756836025,-1
B2,15,0,1,spatial,1.5591281326806106,1
B2,17,0,-1,spatial,1.6537450866933388,1
B2,24,1,-1,spatial,0.6370364258655138,1
B2,25,1,-1,spatial,0.5489783029812687,1
B2,26,1,1,spatial,-0.4044123562319256,-1
B2,27,1,-1,spatial,-1.4040825167986728,-1
B2,28,1,-1,spatial,0.35563158584751114,1
B2,29,1,-1,spatial,1.3988662566803867,1
B2,30,1,1,spatial,0.4270164436299233,1
B2,31,1,1,spatial,0.12196797312042587,1
B2,32,1,1,spatial,0.710968072995576,1
B2,33,1,1,spatial,-1.9012687025161699,-1
B2,34,1,1,spatial,0.7912730825298363,1
B2,35,1,-1,spatial,1.5745036732149504,1
B2,36,1,1,spatial,-0.38953780117977066,-1
B2,37,1,-1,spatial,-0.48631888190267875,-1
B2,44,2,1,spatial,-0.5608411091717285,-1
B2,45,2,-1,spatial,1.8486377372243816,1
B2,46,2,-1,spatial,0.6230907684341803,1
B2,47,2,1,spatial,-1.470745482976486,-1
B2,48,2,-1,spatial,-0.5393899110643618,-1
B2,49,2,1,spatial,-0.5517560313173409,-1
B2,51,2,-1,spatial,-0.13952707464749606,-1
B2,52,2,-1,spatial,0.6327498103187581,1
B2,53,2,1,spatial,-0.6073373124390002,-1
B2,55,2,1,spatial,-0.8759039648477113,-1
B2,56,2,-1,spatial,-1.947656045053953,-1
B2,64,3,-1,spatial,-1.2561596480969064,-1
B2,65,3,1,spatial,-1.9224508317328066,-1
B2,66,3,1,spatial,0.07829350296900998,1
B2,67,3,1,spatial,1.024602051310935,1
B2,68,3,1,spatial,0.297463298439812,1
B2,69,3,-1,spatial,1.4249400432692614,1
B2,70,3,-1,spatial,1.113186747088746,1
B2,71,3,1,spatial,0.7786330512225851,1
B2,72,3,1,spatial,-2.177230357351687,-1
B2,73,3,1,spatial,-0.11867396646447599,-1
B2,74,3,-1,spatial,-1.742353258149178,-1
B2,75,3,-1,spatial,0.9089007738494925,1
B2,76,3,1,spatial,-2.138654568120145,-1
B2,77,3,1,spatial,0.2674098093260716,1
B2,84,4,-1,spatial,2.3514586495839556,1
B2,85,4,-1,spatial,1.9221548667021888,1
B2,86,4,1,spatial,-0.898778918314395,-1
B2,87,4,-1,spatial,1.01205254326318,1
B2,88,4,1,spatial,0.8223218147172432,1
B2,89,4,-1,spatial,-2.511622829693282,-1
B2,90,4,1,spatial,-0.7372848776586058,-1
B2,91,4,-1,spatial,-3.5046986735845564,-1
B2,92,4,-1,spatial,-1.1726446769074688,-1
B2,93,4,1,spatial,1.3023567289285343,1
B2,94,4,-1,spatial,0.5903494701220404,1
B2,95,4,1,spatial,1.1282910267456354,1
B2,96,4,1,spatial,-2.3376070511784275,-1
B2,97,4,-1,spatial,2.4395061536213567,1
B2,98,4,-1,spatial,-0.7931727398617867,-1
B2,99,4,1,spatial,1.480002220359259,1
B2,2,0,-1,mechanism,2.653906239820139,1
B2,3,0,-1,mechanism,-0.3204674366284778,-1
B2,4,0,1,mechanism,-1.3804256399629151,-1
B2,5,0,-1,mechanism,0.5993727813148442,1
B2,6,0,1,mechanism,2.8191467518761515,1
B2,7,0,1,mechanism,1.9209432365898198,1
B2,8,0,1,mechanism,1.1214822236897175,1
B2,9,0,1,mechanism,-1.2014835644662532,-1
B2,10,0,-1,mechanism,2.347626584541437,1
B2,11,0,1,mechanism,2.1222746129736256,1
B2,12,0,1,mechanism,-0.2105485491940883,-1
B2,13,0,1,mechanism,-2.1692935465310788,-1
B2,15,0,1,mechanism,1.853432687431534,1
B2,17,0,-1,mechanism,1.9058339133930664,1
B2,24,1,-1,mechanism,0.9879637357815595,1
B2,25,1,-1,mechanism,0.7859698485268559,1
B2,26,1,1,mechanism,-0.267785186837807,-1
B2,27,1,-1,mechanism,-1.4796983224225986,-1
B2,28,1,-1,mechanism,0.4701588330381696,1
B2,29,1,-1,mechanism,1.5592136777976993,1
B2,30,1,1,mechanism,0.7447578941594425,1
B2,31,1,1,mechanism,0.23183266682694328,1
B2,32,1,1,mechanism,0.7911880768595811,1
B2,33,1,1,mechanism,-2.040690059338228,-1
B2,34,1,1,mechanism,1.0496394935391142,1
B2,35,1,-1,mechanism,1.824280689469717,1
B2,36,1,1,mechanism,-0.5846681231210324,-1
B2,37,1,-1,mechanism,-0.22287691690886471,-1
B2,44,2,1,mechanism,-0.3434879329648766,-1
B2,45,2,-1,mechanism,1.9440372717357242,1
B2,46,2,-1,mechanism,0.7260990753968343,1
B2,47,2,1,mechanism,-1.744999224525026,-1
B2,48,2,-1,mechanism,-0.3889178229631353,-1
B2,49,2,1,mechanism,-0.20429217098813046,-1
B2,51,2,-1,mechanism,0.2808694630628488,1
B2,52,2,-1,mechanism,0.7804962754170764,1
B2,53,2,1,mechanism,-0.028007321709897476,-1
B2,55,2,1,mechanism,-0.3769491691737686,-1
B2,56,2,-1,mechanism,-0.9010770163933974,-1
B2,64,3,-1,mechanism,-1.5057875054395797,-1
B2,65,3,1,mechanism,-2.2062088397351753,-1
B2,66,3,1,mechanism,0.32337533698825793,1
B2,67,3,1,mechanism,0.9385153906329278,1
B2,68,3,1,mechanism,0.3752743872568758,1
B2,69,3,-1,mechanism,1.437368612543007,1
B2,70,3,-1,mechanism,1.2146959986579566,1
B2,71,3,1,mechanism,0.5661723296772918,1
B2,72,3,1,mechanism,-2.5832532841464655,-1
B2,73,3,1,mechanism,-0.09880380442938728,-1
B2,74,3,-1,mechanism,-1.7783105266961576,-1
B2,75,3,-1,mechanism,0.8855739471111438,1
B2,76,3,1,mechanism,-1.9979647379491074,-1
B2,77,3,1,mechanism,0.31309728187185354,1
B2,84,4,-1,mechanism,1.822564801415219,1
B2,85,4,-1,mechanism,2.8014389325676756,1
B2,86,4,1,mechanism,-1.760175242486399,-1
B2,87,4,-1,mechanism,0.3900124935608428,1
B2,88,4,1,mechanism,1.8951937491734345,1
B2,89,4,-1,mechanism,-1.0965302534749068,-1
B2,90,4,1,mechanism,-0.7201411737851112,-1
B2,91,4,-1,mechanism,-1.8222557682896139,-1
B2,92,4,-1,mechanism,-2.1917556264636944,-1
B2,93,4,1,mechanism,0.4937611413147427,1
B2,94,4,-1,mechanism,1.248366343535847,1
B2,95,4,1,mechanism,1.2948881232341027,1
B2,96,4,1,mechanism,-3.08701978982269,-1
B2,97,4,-1,mechanism,2.445881032045054,1
B2,98,4,-1,mechanism,-0.15586930608866134,-1
B2,99,4,1,mechanism,1.3855994480971432,1
B2,2,0,-1,covariance,0.5046613422599814,1
B2,3,0,-1,covariance,2.18025213779172,1
B2,4,0,1,covariance,0.37765290763513504,1
B2,5,0,-1,covariance,-1.029494084337535,-1
B2,6,0,1,covariance,0.02584076197957174,1
B2,7,0,1,covariance,2.2370236096640816,1
B2,8,0,1,covariance,-0.08418695699445983,-1
B2,9,0,1,covariance,0.9760764343894291,1
B2,10,0,-1,covariance,0.2510572499721379,1
B2,11,0,1,covariance,-0.40693366652569857,-1
B2,12,0,1,covariance,-1.5560180000845114,-1
B2,13,0,1,covariance,-1.9181663984578063,-1
B2,15,0,1,covariance,0.7254938309024376,1
B2,17,0,-1,covariance,0.8318738344598896,1
B2,24,1,-1,covariance,0.11373945444836449,1
B2,25,1,-1,covariance,-0.8095921697097049,-1
B2,26,1,1,covariance,-0.48798883649408553,-1
B2,27,1,-1,covariance,-2.0397032347903883,-1
B2,28,1,-1,covariance,2.2829281451097363,1
B2,29,1,-1,covariance,0.5717023447042741,1
B2,30,1,1,covariance,0.39298213842109636,1
B2,31,1,1,covariance,-0.2015599166498576,-1
B2,32,1,1,covariance,1.4201064008589377,1
B2,33,1,1,covariance,0.13304613720558084,1
B2,34,1,1,covariance,-1.3407932742434752,-1
B2,35,1,-1,covariance,0.59005778869951,1
B2,36,1,1,covariance,-2.2446708861415052,-1
B2,37,1,-1,covariance,0.42837408516349484,1
B2,44,2,1,covariance,0.04970193313643432,1
B2,45,2,-1,covariance,-0.45065738577924247,-1
B2,46,2,-1,covariance,0.5312333172734715,1
B2,47,2,1,covariance,-1.8245250273109763,-1
B2,48,2,-1,covariance,0.6325764936391295,1
B2,49,2,1,covariance,-0.6868198756919077,-1
B2,51,2,-1,covariance,-0.11745171208701105,-1
B2,52,2,-1,covariance,-0.2816050602637912,-1
B2,53,2,1,covariance,0.23276159435620117,1
B2,55,2,1,covariance,1.3976325401794991,1
B2,56,2,-1,covariance,1.3886529639025191,1
B2,64,3,-1,covariance,1.28581767846759,1
B2,65,3,1,covariance,-3.8689854834262274,-1
B2,66,3,1,covariance,-0.8359424600741214,-1
B2,67,3,1,covariance,-0.5868243638142399,-1
B2,68,3,1,covariance,-0.17990470751920648,-1
B2,69,3,-1,covariance,2.73665137914945,1
B2,70,3,-1,covariance,-0.15490873386276685,-1
B2,71,3,1,covariance,-0.03932816946860831,-1
B2,72,3,1,covariance,-0.3607937189158637,-1
B2,73,3,1,covariance,0.9684499151631278,1
B2,74,3,-1,covariance,-0.3507331275505357,-1
B2,75,3,-1,covariance,1.6419130691463628,1
B2,76,3,1,covariance,-0.2658020546868493,-1
B2,77,3,1,covariance,1.610162761226642,1
B2,84,4,-1,covariance,1.050048771424633,1
B2,85,4,-1,covariance,-0.5944266890932494,-1
B2,86,4,1,covariance,0.7159971171717854,1
B2,87,4,-1,covariance,-0.19649121939475991,-1
B2,88,4,1,covariance,-0.03847774911418004,-1
B2,89,4,-1,covariance,1.183297047754545,1
B2,90,4,1,covariance,0.6851915161510306,1
B2,91,4,-1,covariance,0.1413382789495447,1
B2,92,4,-1,covariance,-0.2819420112891844,-1
B2,93,4,1,covariance,-0.32958400233713403,-1
B2,94,4,-1,covariance,0.6742408304255577,1
B2,95,4,1,covariance,-0.0506075893401806,-1
B2,96,4,1,covariance,0.2166818310680864,1
B2,97,4,-1,covariance,1.1965015728124382,1
B2,98,4,-1,covariance,0.9324634271979888,1
B2,99,4,1,covariance,0.6680356400595252,1
B2,2,0,-1,projection6,2.5433440368515106,1
B2,3,0,-1,projection6,-0.3873074046212368,-1
B2,4,0,1,projection6,-0.20705498774166928,-1
B2,5,0,-1,projection6,-0.4621960329252818,-1
B2,6,0,1,projection6,2.122345159110093,1
B2,7,0,1,projection6,1.6221029251426928,1
B2,8,0,1,projection6,0.8132613660907064,1
B2,9,0,1,projection6,-0.4385379343221957,-1
B2,10,0,-1,projection6,2.2903839143845226,1
B2,11,0,1,projection6,1.086947180147868,1
B2,12,0,1,projection6,-1.0673660564420173,-1
B2,13,0,1,projection6,-0.7612298589260732,-1
B2,15,0,1,projection6,1.5181851191468922,1
B2,17,0,-1,projection6,1.1446289806835659,1
B2,24,1,-1,projection6,0.5725233699345613,1
B2,25,1,-1,projection6,0.9656584072180255,1
B2,26,1,1,projection6,1.7058074616922985,1
B2,27,1,-1,projection6,-1.537800337692547,-1
B2,28,1,-1,projection6,-0.270498187709174,-1
B2,29,1,-1,projection6,1.3530768533006505,1
B2,30,1,1,projection6,0.6282053093121168,1
B2,31,1,1,projection6,0.17986672070252321,1
B2,32,1,1,projection6,1.3856014243881716,1
B2,33,1,1,projection6,-1.5385430789775274,-1
B2,34,1,1,projection6,0.39297739636018464,1
B2,35,1,-1,projection6,0.6993145094078178,1
B2,36,1,1,projection6,0.14728477407016913,1
B2,37,1,-1,projection6,-0.3478506682832273,-1
B2,44,2,1,projection6,0.3547208908242422,1
B2,45,2,-1,projection6,0.8724719396049537,1
B2,46,2,-1,projection6,0.037552125574522026,1
B2,47,2,1,projection6,-1.132203131989001,-1
B2,48,2,-1,projection6,0.057111933107664575,1
B2,49,2,1,projection6,0.9382901893825446,1
B2,51,2,-1,projection6,0.8191282155527332,1
B2,52,2,-1,projection6,0.41036641218186404,1
B2,53,2,1,projection6,0.6415599370631009,1
B2,55,2,1,projection6,0.2805705325390494,1
B2,56,2,-1,projection6,0.2647439297855398,1
B2,64,3,-1,projection6,-0.973630898670168,-1
B2,65,3,1,projection6,-1.0694718616381071,-1
B2,66,3,1,projection6,1.5437963241449117,1
B2,67,3,1,projection6,-0.09342548287577152,-1
B2,68,3,1,projection6,1.5761172633309117,1
B2,69,3,-1,projection6,0.18884058803542908,1
B2,70,3,-1,projection6,0.3974751247978499,1
B2,71,3,1,projection6,0.0011866966835950166,1
B2,72,3,1,projection6,-2.6093045732313818,-1
B2,73,3,1,projection6,0.1254963023554343,1
B2,74,3,-1,projection6,-1.4860965888651425,-1
B2,75,3,-1,projection6,-0.235441593909059,-1
B2,76,3,1,projection6,-1.4192608491115692,-1
B2,77,3,1,projection6,-0.23408203776999462,-1
B2,84,4,-1,projection6,0.34415535103211453,1
B2,85,4,-1,projection6,2.802826003105387,1
B2,86,4,1,projection6,-1.0219325828954848,-1
B2,87,4,-1,projection6,-0.10342841179207099,-1
B2,88,4,1,projection6,1.9856062304080635,1
B2,89,4,-1,projection6,-1.6933136763288823,-1
B2,90,4,1,projection6,-0.4048789081850302,-1
B2,91,4,-1,projection6,-2.241554210615416,-1
B2,92,4,-1,projection6,-2.707585445928335,-1
B2,93,4,1,projection6,-0.3382346693668158,-1
B2,94,4,-1,projection6,1.7037419099550026,1
B2,95,4,1,projection6,0.9416829808844642,1
B2,96,4,1,projection6,-3.5086494145992466,-1
B2,97,4,-1,projection6,0.9928423232625352,1
B2,98,4,-1,projection6,0.36941906094309135,1
B2,99,4,1,projection6,0.6194982874890484,1
B2,2,0,-1,direction3,2.532219708143597,1
B2,3,0,-1,direction3,-0.23782988800755034,-1
B2,4,0,1,direction3,0.10184268963007329,1
B2,5,0,-1,direction3,-0.034185809679913144,-1
B2,6,0,1,direction3,1.871279792057524,1
B2,7,0,1,direction3,1.9294582452737632,1
B2,8,0,1,direction3,0.24709127941791836,1
B2,9,0,1,direction3,0.16104525066441014,1
B2,10,0,-1,direction3,2.179697784150297,1
B2,11,0,1,direction3,1.366973488427933,1
B2,12,0,1,direction3,-0.03810022778634487,-1
B2,13,0,1,direction3,0.038368642759488494,1
B2,15,0,1,direction3,2.088981545177273,1
B2,17,0,-1,direction3,0.4482180066085802,1
B2,24,1,-1,direction3,1.559694488280503,1
B2,25,1,-1,direction3,0.3955604500896687,1
B2,26,1,1,direction3,0.6908832772163642,1
B2,27,1,-1,direction3,0.3446409495632246,1
B2,28,1,-1,direction3,0.06972903701506332,1
B2,29,1,-1,direction3,1.157623405667272,1
B2,30,1,1,direction3,0.23437585471282804,1
B2,31,1,1,direction3,0.20566299861731221,1
B2,32,1,1,direction3,0.6482461821691846,1
B2,33,1,1,direction3,-2.993415576566394,-1
B2,34,1,1,direction3,1.3126003960498525,1
B2,35,1,-1,direction3,0.8870846970917262,1
B2,36,1,1,direction3,-1.5569131882469716,-1
B2,37,1,-1,direction3,-0.06805556719838707,-1
B2,44,2,1,direction3,0.6882528448901164,1
B2,45,2,-1,direction3,-0.1594431206047059,-1
B2,46,2,-1,direction3,0.1583815059549592,1
B2,47,2,1,direction3,-1.1070048806171606,-1
B2,48,2,-1,direction3,0.8747208131778703,1
B2,49,2,1,direction3,0.32062471268375214,1
B2,51,2,-1,direction3,0.5104222412128391,1
B2,52,2,-1,direction3,0.6166297293083245,1
B2,53,2,1,direction3,1.1469005606068592,1
B2,55,2,1,direction3,0.44193834058598186,1
B2,56,2,-1,direction3,3.4448714459375838,1
B2,64,3,-1,direction3,0.012359006683284175,1
B2,65,3,1,direction3,0.9037346992781675,1
B2,66,3,1,direction3,1.2600748039317804,1
B2,67,3,1,direction3,-0.5171309885734197,-1
B2,68,3,1,direction3,0.4948699602449869,1
B2,69,3,-1,direction3,0.7506523545174832,1
B2,70,3,-1,direction3,1.6195620801091848,1
B2,71,3,1,direction3,-0.25539736081207354,-1
B2,72,3,1,direction3,-3.2913319542908006,-1
B2,73,3,1,direction3,-0.06770079267782093,-1
B2,74,3,-1,direction3,-0.9915209565150781,-1
B2,75,3,-1,direction3,0.3710440873216279,1
B2,76,3,1,direction3,-1.2522892313648357,-1
B2,77,3,1,direction3,0.2338423392421197,1
B2,84,4,-1,direction3,0.2877755184214963,1
B2,85,4,-1,direction3,1.8358188729514786,1
B2,86,4,1,direction3,-0.8441125341882046,-1
B2,87,4,-1,direction3,-0.11253918072212091,-1
B2,88,4,1,direction3,1.1570771118594816,1
B2,89,4,-1,direction3,-0.38841253401930365,-1
B2,90,4,1,direction3,-0.19323797358131137,-1
B2,91,4,-1,direction3,-0.7306062223521634,-1
B2,92,4,-1,direction3,-2.619880612883135,-1
B2,93,4,1,direction3,-0.3421174569431355,-1
B2,94,4,-1,direction3,1.4264690099420267,1
B2,95,4,1,direction3,0.9022573397867083,1
B2,96,4,1,direction3,-2.6924969165554997,-1
B2,97,4,-1,direction3,0.8713188446718888,1
B2,98,4,-1,direction3,0.5277222396194485,1
B2,99,4,1,direction3,0.42744894582230447,1
B2,2,0,-1,past_only,0.34744766691493384,1
B2,3,0,-1,past_only,1.6625066956275552,1
B2,4,0,1,past_only,-0.053883341260714555,-1
B2,5,0,-1,past_only,0.1514263791223972,1
B2,6,0,1,past_only,1.6463219278940315,1
B2,7,0,1,past_only,2.5824152880759974,1
B2,8,0,1,past_only,0.5529323324411027,1
B2,9,0,1,past_only,-1.2748868526580643,-1
B2,10,0,-1,past_only,0.8207881277433612,1
B2,11,0,1,past_only,0.9652338761119682,1
B2,12,0,1,past_only,1.4013516898274843,1
B2,13,0,1,past_only,-1.439633979593365,-1
B2,15,0,1,past_only,2.2161617010543146,1
B2,17,0,-1,past_only,2.1403778843838412,1
B2,24,1,-1,past_only,0.6551234299617129,1
B2,25,1,-1,past_only,0.06999832127406827,1
B2,26,1,1,past_only,0.9607830840065842,1
B2,27,1,-1,past_only,0.517931225505565,1
B2,28,1,-1,past_only,-1.0967995859146538,-1
B2,29,1,-1,past_only,-3.1367078428260484,-1
B2,30,1,1,past_only,1.4326518143706641,1
B2,31,1,1,past_only,0.2808697217049223,1
B2,32,1,1,past_only,-0.1309457399386277,-1
B2,33,1,1,past_only,0.4077080534719079,1
B2,34,1,1,past_only,-1.2584508187472758,-1
B2,35,1,-1,past_only,-0.21582818890549504,-1
B2,36,1,1,past_only,-2.3614380606853875,-1
B2,37,1,-1,past_only,0.6294973370470497,1
B2,44,2,1,past_only,-1.2115801714962402,-1
B2,45,2,-1,past_only,-0.3365218428477622,-1
B2,46,2,-1,past_only,-1.543071440173706,-1
B2,47,2,1,past_only,1.2367548842953915,1
B2,48,2,-1,past_only,-0.12536852510855587,-1
B2,49,2,1,past_only,-1.4372708046461244,-1
B2,51,2,-1,past_only,-0.4546449639032939,-1
B2,52,2,-1,past_only,0.06723263638449453,1
B2,53,2,1,past_only,-1.925590938006161,-1
B2,55,2,1,past_only,1.2275305433237889,1
B2,56,2,-1,past_only,-0.9672242913400385,-1
B2,64,3,-1,past_only,-0.25389313866214724,-1
B2,65,3,1,past_only,-0.4091002228440712,-1
B2,66,3,1,past_only,-1.2939495101361485,-1
B2,67,3,1,past_only,2.443414474054679,1
B2,68,3,1,past_only,0.14633368614104322,1
B2,69,3,-1,past_only,0.13736611234228285,1
B2,70,3,-1,past_only,1.0037374680858884,1
B2,71,3,1,past_only,1.363345748925287,1
B2,72,3,1,past_only,-0.7845070846473691,-1
B2,73,3,1,past_only,0.2614636350165754,1
B2,74,3,-1,past_only,-0.07236811398067834,-1
B2,75,3,-1,past_only,-0.04133009856751228,-1
B2,76,3,1,past_only,-0.8184732026153372,-1
B2,77,3,1,past_only,-0.36316869269363367,-1
B2,84,4,-1,past_only,1.076774554208545,1
B2,85,4,-1,past_only,2.164250714109194,1
B2,86,4,1,past_only,0.16914891877593663,1
B2,87,4,-1,past_only,0.19930721453725478,1
B2,88,4,1,past_only,0.44462661150369737,1
B2,89,4,-1,past_only,-0.9101702613923495,-1
B2,90,4,1,past_only,0.27717215615425517,1
B2,91,4,-1,past_only,0.7285038330373871,1
B2,92,4,-1,past_only,0.9769591060546383,1
B2,93,4,1,past_only,0.3956398876489048,1
B2,94,4,-1,past_only,-1.5297274585936287,-1
B2,95,4,1,past_only,0.7368935979197543,1
B2,96,4,1,past_only,3.7078274966172295,1
B2,97,4,-1,past_only,-0.25566899873898985,-1
B2,98,4,-1,past_only,-0.5754640203381676,-1
B2,99,4,1,past_only,0.5525628489978143,1
B2,2,0,-1,previous_cue,0.9348964407183987,1
B2,3,0,-1,previous_cue,0.9348964407183987,1
B2,4,0,1,previous_cue,0.9348964407183987,1
B2,5,0,-1,previous_cue,-1.0393541435919629,-1
B2,6,0,1,previous_cue,0.9348964407183987,1
B2,7,0,1,previous_cue,-1.0393541435919629,-1
B2,8,0,1,previous_cue,-1.0393541435919629,-1
B2,9,0,1,previous_cue,-1.0393541435919629,-1
B2,10,0,-1,previous_cue,-1.0393541435919629,-1
B2,11,0,1,previous_cue,0.9348964407183987,1
B2,12,0,1,previous_cue,-1.0393541435919629,-1
B2,13,0,1,previous_cue,-1.0393541435919629,-1
B2,15,0,1,previous_cue,-1.0393541435919629,-1
B2,17,0,-1,previous_cue,-1.0393541435919629,-1
B2,24,1,-1,previous_cue,1.012377733753112,1
B2,25,1,-1,previous_cue,1.012377733753112,1
B2,26,1,1,previous_cue,1.012377733753112,1
B2,27,1,-1,previous_cue,-0.959786682649054,-1
B2,28,1,-1,previous_cue,1.012377733753112,1
B2,29,1,-1,previous_cue,1.012377733753112,1
B2,30,1,1,previous_cue,1.012377733753112,1
B2,31,1,1,previous_cue,-0.959786682649054,-1
B2,32,1,1,previous_cue,-0.959786682649054,-1
B2,33,1,1,previous_cue,-0.959786682649054,-1
B2,34,1,1,previous_cue,-0.959786682649054,-1
B2,35,1,-1,previous_cue,-0.959786682649054,-1
B2,36,1,1,previous_cue,1.012377733753112,1
B2,37,1,-1,previous_cue,-0.959786682649054,-1
B2,44,2,1,previous_cue,1.053642285789013,1
B2,45,2,-1,previous_cue,-0.9163136283153889,-1
B2,46,2,-1,previous_cue,1.053642285789013,1
B2,47,2,1,previous_cue,1.053642285789013,1
B2,48,2,-1,previous_cue,-0.9163136283153889,-1
B2,49,2,1,previous_cue,1.053642285789013,1
B2,51,2,-1,previous_cue,1.053642285789013,1
B2,52,2,-1,previous_cue,1.053642285789013,1
B2,53,2,1,previous_cue,1.053642285789013,1
B2,55,2,1,previous_cue,-0.9163136283153889,-1
B2,56,2,-1,previous_cue,-0.9163136283153889,-1
B2,64,3,-1,previous_cue,0.9741134873417111,1
B2,65,3,1,previous_cue,0.9741134873417111,1
B2,66,3,1,previous_cue,-1.0055365030624115,-1
B2,67,3,1,previous_cue,-1.0055365030624115,-1
B2,68,3,1,previous_cue,-1.0055365030624115,-1
B2,69,3,-1,previous_cue,-1.0055365030624115,-1
B2,70,3,-1,previous_cue,0.9741134873417111,1
B2,71,3,1,previous_cue,0.9741134873417111,1
B2,72,3,1,previous_cue,-1.0055365030624115,-1
B2,73,3,1,previous_cue,-1.0055365030624115,-1
B2,74,3,-1,previous_cue,-1.0055365030624115,-1
B2,75,3,-1,previous_cue,0.9741134873417111,1
B2,76,3,1,previous_cue,0.9741134873417111,1
B2,77,3,1,previous_cue,-1.0055365030624115,-1
B2,84,4,-1,previous_cue,0.9420190733801128,1
B2,85,4,-1,previous_cue,-1.0306460575220961,-1
B2,86,4,1,previous_cue,-1.0306460575220961,-1
B2,87,4,-1,previous_cue,0.9420190733801128,1
B2,88,4,1,previous_cue,-1.0306460575220961,-1
B2,89,4,-1,previous_cue,0.9420190733801128,1
B2,90,4,1,previous_cue,-1.0306460575220961,-1
B2,91,4,-1,previous_cue,0.9420190733801128,1
B2,92,4,-1,previous_cue,-1.0306460575220961,-1
B2,93,4,1,previous_cue,-1.0306460575220961,-1
B2,94,4,-1,previous_cue,0.9420190733801128,1
B2,95,4,1,previous_cue,-1.0306460575220961,-1
B2,96,4,1,previous_cue,0.9420190733801128,1
B2,97,4,-1,previous_cue,0.9420190733801128,1
B2,98,4,-1,previous_cue,-1.0306460575220961,-1
B2,99,4,1,previous_cue,-1.0306460575220961,-1
B2,2,0,-1,post_given_past,0.9096666160961446,1
B2,3,0,-1,post_given_past,-0.8224346030310332,-1
B2,4,0,1,post_given_past,-1.2040595788367763,-1
B2,5,0,-1,post_given_past,0.8700057760797513,1
B2,6,0,1,post_given_past,4.262628399399079,1
B2,7,0,1,post_given_past,0.26482664239284526,1
B2,8,0,1,post_given_past,0.8050490410454467,1
B2,9,0,1,post_given_past,-0.987277126194153,-1
B2,10,0,-1,post_given_past,-0.30863696391286677,-1
B2,11,0,1,post_given_past,1.241943468497774,1
B2,12,0,1,post_given_past,0.19199311375115993,1
B2,13,0,1,post_given_past,-2.913172379213398,-1
B2,15,0,1,post_given_past,1.1188938718917996,1
B2,17,0,-1,post_given_past,1.2045721360492752,1
B2,24,1,-1,post_given_past,0.9693949154140235,1
B2,25,1,-1,post_given_past,3.9404931424896192,1
B2,26,1,1,post_given_past,1.5338293063870123,1
B2,27,1,-1,post_given_past,-2.6957227209424706,-1
B2,28,1,-1,post_given_past,1.0798373241091608,1
B2,29,1,-1,post_given_past,3.993526256937532,1
B2,30,1,1,post_given_past,0.3263039322088403,1
B2,31,1,1,post_given_past,1.5740323523055906,1
B2,32,1,1,post_given_past,3.2571805770520066,1
B2,33,1,1,post_given_past,-1.8523960949240523,-1
B2,34,1,1,post_given_past,-0.35994336986316383,-1
B2,35,1,-1,post_given_past,2.755526866821024,1
B2,36,1,1,post_given_past,-0.009278898443918061,-1
B2,37,1,-1,post_given_past,0.16766865349111382,1
B2,44,2,1,post_given_past,0.22371205205833652,1
B2,45,2,-1,post_given_past,1.7624577684615323,1
B2,46,2,-1,post_given_past,1.2264841935754855,1
B2,47,2,1,post_given_past,-1.4440889823343241,-1
B2,48,2,-1,post_given_past,-0.4321890243764308,-1
B2,49,2,1,post_given_past,0.7323623937207573,1
B2,51,2,-1,post_given_past,0.7815055096197858,1
B2,52,2,-1,post_given_past,0.5683773440437858,1
B2,53,2,1,post_given_past,1.6466715724116132,1
B2,55,2,1,post_given_past,-0.8917493317078988,-1
B2,56,2,-1,post_given_past,-1.4553022187596956,-1
B2,64,3,-1,post_given_past,-3.1249751215166546,-1
B2,65,3,1,post_given_past,-4.92124242742787,-1
B2,66,3,1,post_given_past,0.318487543575064,1
B2,67,3,1,post_given_past,1.4175824592448818,1
B2,68,3,1,post_given_past,1.8401865738778096,1
B2,69,3,-1,post_given_past,0.24885467198549174,1
B2,70,3,-1,post_given_past,-0.22247481496085034,-1
B2,71,3,1,post_given_past,1.2512861587932578,1
B2,72,3,1,post_given_past,-0.24235556815597364,-1
B2,73,3,1,post_given_past,0.016966859087450853,1
B2,74,3,-1,post_given_past,-1.9736401333385176,-1
B2,75,3,-1,post_given_past,-0.7485690881789672,-1
B2,76,3,1,post_given_past,-2.5898505235305858,-1
B2,77,3,1,post_given_past,-1.9336568034004153,-1
B2,84,4,-1,post_given_past,2.0394959702470112,1
B2,85,4,-1,post_given_past,1.6082519005703662,1
B2,86,4,1,post_given_past,-2.1129234357032156,-1
B2,87,4,-1,post_given_past,1.6526967178075669,1
B2,88,4,1,post_given_past,1.9472918212341788,1
B2,89,4,-1,post_given_past,-1.6608968893917841,-1
B2,90,4,1,post_given_past,-0.2006406632827845,-1
B2,91,4,-1,post_given_past,-1.9680782991242232,-1
B2,92,4,-1,post_given_past,-2.2143916187908124,-1
B2,93,4,1,post_given_past,0.7337391360399402,1
B2,94,4,-1,post_given_past,1.5348851519254134,1
B2,95,4,1,post_given_past,1.5834238586815548,1
B2,96,4,1,post_given_past,-4.242520972632174,-1
B2,97,4,-1,post_given_past,2.0414922918787903,1
B2,98,4,-1,post_given_past,0.4743828118989795,1
B2,99,4,1,post_given_past,3.0568218908859617,1
