dataset,setting,trial_id,block,cue,model,stage,channel,n_samples,MSE,zero_MSE,baseline_MSE,normalized_MSE
B2,past,2,0,-1,B0,encoding,0,205,94526.40523391671,12526.900900381486,14660.776387364182,0.8179901722400864
B2,past,2,0,-1,B0,encoding,1,205,252338.51240248026,309291.5878501823,363420.702845186,1.2170249592895217
B2,past,2,0,-1,B0,encoding,2,205,162497.85955168976,482842.596611469,497691.57070139406,0.8329824027665792
B2,past,2,0,-1,B0,maintenance,0,362,29964.02048416941,170632.94326292828,93320.42377148996,0.25929552928832583
B2,past,2,0,-1,B0,maintenance,1,362,149610.29194230319,227760.44690903454,388221.7368384468,0.7215682526096453
B2,past,2,0,-1,B0,maintenance,2,362,72285.80569696642,442683.82240971166,584931.1057105073,0.37054521383540906
B2,past,2,0,-1,B0,retrieval,0,385,181384.77568916435,829088.4451703458,483036.13857502455,1.569624524920286
B2,past,2,0,-1,B0,retrieval,1,385,118325.00912930128,85688.06512004627,95385.07387679485,0.5706797906014157
B2,past,2,0,-1,B0,retrieval,2,385,202474.06826578194,80529.3886405403,167292.93282647358,1.037904969008569
B2,past,3,0,-1,B0,encoding,0,205,3066.5236043127875,7662.669012367044,9047.441279627035,0.026536354207724395
B2,past,3,0,-1,B0,encoding,1,205,7616.608076735061,18160.96509789129,31245.702376139045,0.03673478949470742
B2,past,3,0,-1,B0,encoding,2,205,7942.057871673078,21209.749401104247,23924.890995969407,0.04071188671105587
B2,past,3,0,-1,B0,maintenance,0,363,16641.51097476462,32289.857376951837,95935.11998062312,0.1440083582454769
B2,past,3,0,-1,B0,maintenance,1,363,52582.898207143095,97485.5696408768,211115.9989475403,0.2536065499498617
B2,past,3,0,-1,B0,maintenance,2,363,55655.467489311406,116295.70667199962,193777.66756849448,0.28529621968095487
B2,past,3,0,-1,B0,retrieval,0,384,42513.713854202484,52287.77878440152,199700.59427796747,0.367895087432004
B2,past,3,0,-1,B0,retrieval,1,384,69640.92048493275,109282.54803143581,292366.6362081737,0.33587714222106607
B2,past,3,0,-1,B0,retrieval,2,384,95248.4744694908,166955.11177419074,382332.45175930456,0.48825445050376093
B2,past,4,0,1,B0,encoding,0,205,1041.4973675053316,5063.25162117945,3945.20794029761,0.009012662746722149
B2,past,4,0,1,B0,encoding,1,205,3118.2442035993754,12451.152010294712,4799.656631297143,0.015039246244296305
B2,past,4,0,1,B0,encoding,2,205,2221.1229019458206,11407.633957249485,9372.783538567286,0.011385727152388623
B2,past,4,0,1,B0,maintenance,0,363,54523.774903913305,105842.92710044651,41643.58100273295,0.47182490346971306
B2,past,4,0,1,B0,maintenance,1,363,120207.16558575355,196669.0314239954,102987.06164692412,0.5797574036973382
B2,past,4,0,1,B0,maintenance,2,363,117974.58614278324,205835.46913313086,132498.31225916464,0.6047510687323787
B2,past,4,0,1,B0,retrieval,0,248,102960.04545562489,51963.47985789724,183337.1446514522,0.890971206486491
B2,past,4,0,1,B0,retrieval,1,248,346787.65121464664,218073.45816974624,459126.0625755034,1.6725517761174922
B2,past,4,0,1,B0,retrieval,2,248,287294.57082692976,170055.63181223485,376763.11667820724,1.4727044563506104
B2,past,5,0,-1,B0,encoding,0,205,14562.333961214988,18668.30540528371,16319.177170823801,0.1260160696439756
B2,past,5,0,-1,B0,encoding,1,205,29777.497046403703,18142.545021536014,8052.773403419505,0.14361643328086415
B2,past,5,0,-1,B0,encoding,2,205,28802.79939680919,38842.49293411236,34847.958419515446,0.14764640663051984
B2,past,5,0,-1,B0,maintenance,0,363,74489.33806900863,85459.55937781517,25342.960474916777,0.6445981556829133
B2,past,5,0,-1,B0,maintenance,1,363,78603.40489824163,37287.56765168842,3096.9166640659764,0.37910307362721873
B2,past,5,0,-1,B0,maintenance,2,363,115585.45986531954,120794.01841963743,60591.41450569567,0.5925041372798359
B2,past,5,0,-1,B0,retrieval,0,285,40953.43356030972,44181.587556796236,1449.3095174856298,0.3543931041164869
B2,past,5,0,-1,B0,retrieval,1,285,23463.170046970372,2502.6076287564024,38947.39196981979,0.11316252639894922
B2,past,5,0,-1,B0,retrieval,2,285,50751.62149441233,42343.47930687169,3704.0608866652565,0.2601585506008958
B2,past,6,0,1,B0,encoding,0,205,57951.576786583035,107231.59100143485,113167.43703320557,0.5014876019027203
B2,past,6,0,1,B0,encoding,1,205,89440.36201202111,164723.79756531026,204808.48790550043,0.4313695594864345
B2,past,6,0,1,B0,encoding,2,205,97956.65590335672,272457.7270857589,283499.2771497668,0.5021368947656922
B2,past,6,0,1,B0,maintenance,0,362,29881.75235684351,98931.28705171628,196163.20533367337,0.25858361689226406
B2,past,6,0,1,B0,maintenance,1,362,38035.8293360211,40940.627103807885,99073.83631680628,0.18344624928033498
B2,past,6,0,1,B0,maintenance,2,362,34719.61993137402,165411.62983522625,250741.2602389125,0.17797669774461716
B2,past,6,0,1,B0,retrieval,0,284,30335.3182874087,2639.2302150984087,48920.841901315966,0.26250857810016304
B2,past,6,0,1,B0,retrieval,1,284,156365.09656368542,37548.48496961824,1249.7764754274892,0.7541465766279555
B2,past,6,0,1,B0,retrieval,2,284,157789.8403499031,6728.5873933045705,27453.284036285906,0.8088485639714411
B2,past,7,0,1,B0,encoding,0,205,68213.7151591192,2067.0524360570025,2094.635270726578,0.5902916595004859
B2,past,7,0,1,B0,encoding,1,205,74631.73544107482,125206.75546392566,160786.50504427668,0.35994776985135174
B2,past,7,0,1,B0,encoding,2,205,94516.60392960234,382800.0177448651,396071.5531626348,0.4845027993588641
B2,past,7,0,1,B0,maintenance,0,363,47039.27408384572,479332.2261203851,326905.09474780754,0.40705730652378114
B2,past,7,0,1,B0,maintenance,1,363,22819.8829497463,50006.42792825704,126951.96156636962,0.11005996212583548
B2,past,7,0,1,B0,maintenance,2,363,44246.44664508934,259257.0811663027,365994.6090891068,0.22681228874024573
B2,past,7,0,1,B0,retrieval,0,297,121030.22347173993,1072194.2833782984,665998.3913735924,1.0473426245176016
B2,past,7,0,1,B0,retrieval,1,297,56436.08354263927,1685.2897244922353,35889.77773272038,0.2721904065376646
B2,past,7,0,1,B0,retrieval,2,297,114494.90425080356,41011.801883531065,169888.44256112678,0.5869138258835117
B2,past,8,0,1,B0,encoding,0,205,4648.99753827432,5124.182114597277,6205.1962433180715,0.04023039157858787
B2,past,8,0,1,B0,encoding,1,205,38097.85787356383,46593.86142747045,67420.60323188976,0.1837454120108234
B2,past,8,0,1,B0,encoding,2,205,11441.593620374379,19758.05749090168,22394.341621882908,0.05865090267448452
B2,past,8,0,1,B0,maintenance,0,362,7759.756056551741,6536.676610351934,12682.395593754321,0.06714953538677804
B2,past,8,0,1,B0,maintenance,1,362,14680.613287568005,24897.291958384823,87076.05179300111,0.07080438343929957
B2,past,8,0,1,B0,maintenance,2,362,9884.08121180507,9237.512595815637,29782.748103581966,0.05066691794995878
B2,past,8,0,1,B0,retrieval,0,257,6381.175623934349,4365.844592965325,24267.720061994467,0.05521990320904979
B2,past,8,0,1,B0,retrieval,1,257,5076.9023201235805,23018.37336512168,135144.1203422616,0.02448582572924983
B2,past,8,0,1,B0,retrieval,2,257,3051.6458424686134,6031.677083556469,82956.36506659923,0.015643081658214455
B2,past,9,0,1,B0,encoding,0,205,2453.2058263151107,868.3828803792793,499.59321262264365,0.021228970375442392
B2,past,9,0,1,B0,encoding,1,205,14412.897579291866,10842.452398289854,3645.6040109867877,0.06951319448893335
B2,past,9,0,1,B0,encoding,2,205,3778.5711880270505,2152.9558877938925,1370.6197607866109,0.019369383177789735
B2,past,9,0,1,B0,maintenance,0,362,40676.543228228365,22838.661824008595,1898.2853324579696,0.35199701627340907
B2,past,9,0,1,B0,maintenance,1,362,110937.96447274435,88589.77602651551,29474.125855859365,0.5350521821288865
B2,past,9,0,1,B0,maintenance,2,362,65278.39066763719,44571.19147053529,14095.58933250091,0.33462441202043774
B2,past,9,0,1,B0,retrieval,0,252,2614.787328180563,4367.071924601157,72280.68747291456,0.022627226029136808
B2,past,9,0,1,B0,retrieval,1,252,3191.171948428043,10265.01092593173,98027.04957799206,0.015390975692315009
B2,past,9,0,1,B0,retrieval,2,252,4829.599565808041,12365.022825201191,95074.75390074664,0.024757073489005077
B2,past,10,0,-1,B0,encoding,0,205,18376.740198092302,76110.53253551779,81210.65549616882,0.1590242730869793
B2,past,10,0,-1,B0,encoding,1,205,180354.47230222294,367533.3324656216,426046.6938348318,0.8698469853907984
B2,past,10,0,-1,B0,encoding,2,205,1290913.433789669,988356.0362858989,1009177.0879116884,6.617368233701093
B2,past,10,0,-1,B0,maintenance,0,362,82631.87118802348,56968.49245968803,99638.64898451697,0.715060076370697
B2,past,10,0,-1,B0,maintenance,1,362,80393.34047262745,265487.33198604087,431893.43853334786,0.38773590675604863
B2,past,10,0,-1,B0,maintenance,2,362,2133131.5853550797,1694990.7062644074,1968027.6650419943,10.934673713786033
B2,past,10,0,-1,B0,retrieval,0,290,400512.832588418,118820.47337021225,17694.12326932905,3.46586289939453
B2,past,10,0,-1,B0,retrieval,1,290,8716.99147683828,46775.28997013785,187196.10940485305,0.04204192255958605
B2,past,10,0,-1,B0,retrieval,2,290,1340933.7634128947,1027853.4467295856,1500593.8274722714,6.873778099478291
B2,past,11,0,1,B0,encoding,0,205,358.8352712054009,52846.704452808444,48903.866658070736,0.0031052035097787222
B2,past,11,0,1,B0,encoding,1,205,44550.049215559186,9015.605501657355,20352.307586121806,0.2148642366030655
B2,past,11,0,1,B0,encoding,2,205,18783.319370371202,7706.16813108248,9706.846023510083,0.09628541904631586
B2,past,11,0,1,B0,maintenance,0,362,130134.55881466428,653761.1481900706,462143.28775136394,1.1261275610320187
B2,past,11,0,1,B0,maintenance,1,362,18839.032749943177,144033.67475424957,65575.49826483616,0.09086037976234104
B2,past,11,0,1,B0,maintenance,2,362,29758.646057334136,99069.3676782208,56648.6445743053,0.15254618469625625
B2,past,11,0,1,B0,retrieval,0,330,187795.6247399723,963665.9360763702,581154.8786034319,1.6251012089886017
B2,past,11,0,1,B0,retrieval,1,330,11922.164710135905,237181.72703093558,73407.52260231315,0.05750042624430366
B2,past,11,0,1,B0,retrieval,2,330,97461.81179426853,285301.54831723165,104512.40422859644,0.4996002679072194
B2,past,12,0,1,B0,encoding,0,205,36224.38688533431,61291.14961779175,56925.491070996344,0.31347000231628674
B2,past,12,0,1,B0,encoding,1,205,74631.60547331518,41267.03105552872,24785.716321856646,0.35994714301874553
B2,past,12,0,1,B0,encoding,2,205,71150.23947177888,86134.38656316932,80198.61561493544,0.36472417295913606
B2,past,12,0,1,B0,maintenance,0,363,150637.86528892093,273168.7698142697,152184.46672564652,1.303554208674711
B2,past,12,0,1,B0,maintenance,1,363,157718.71411839128,75209.38626251563,16242.616519685693,0.7606750543213721
B2,past,12,0,1,B0,maintenance,2,363,297069.0006254569,325135.7166425231,219939.13921753012,1.5228092887570976
B2,past,12,0,1,B0,retrieval,0,365,87283.45861174985,245097.04111816536,76256.15211744717,0.7553128796853684
B2,past,12,0,1,B0,retrieval,1,365,53483.84635223999,12486.162822510198,13110.639415825122,0.25795180969308956
B2,past,12,0,1,B0,retrieval,2,365,221763.39713690052,254125.36442080492,86108.89259188587,1.1367842499735474
B2,past,13,0,1,B0,encoding,0,205,671.674470650009,732.4277743976348,614.16041183865,0.005812377129720077
B2,past,13,0,1,B0,encoding,1,205,1393.352753684813,2886.326288481078,1705.1518328315556,0.0067201199776611474
B2,past,13,0,1,B0,encoding,2,205,791.2433113306281,1157.728492229477,937.9191670345232,0.004056002684980089
B2,past,13,0,1,B0,maintenance,0,362,14123.46738813178,27842.561613745544,5443.416521356701,0.12221831024734574
B2,past,13,0,1,B0,maintenance,1,362,34336.95493482093,43264.53149586359,25993.792462336245,0.1656066320745491
B2,past,13,0,1,B0,maintenance,2,362,40865.92046454123,60275.4302696095,29498.052740905176,0.2094833292803671
B2,past,13,0,1,B0,retrieval,0,329,108062.06918463016,52593.08931634111,194440.32402931424,0.9351218886004933
B2,past,13,0,1,B0,retrieval,1,329,203559.55954618397,122059.60277814462,318826.0048683023,0.9817647822007708
B2,past,13,0,1,B0,retrieval,2,329,223820.0238538803,136748.6753479252,334136.8135044627,1.1473267510811318
B2,past,15,0,1,B0,encoding,0,205,56302.09836564004,34312.080133130396,37842.79124335984,0.48721373700418136
B2,past,15,0,1,B0,encoding,1,205,27556.108282331963,12065.280511507828,11649.000350541122,0.13290270772061932
B2,past,15,0,1,B0,encoding,2,205,251279.94715040864,253625.522769678,264419.4862383136,1.288089422973755
B2,past,15,0,1,B0,maintenance,0,362,25059.942068909542,37165.697050617666,29087.473977765865,0.21685777935326372
B2,past,15,0,1,B0,maintenance,1,362,136386.5962340369,513890.98269250744,327734.7622847847,0.6577905613734357
B2,past,15,0,1,B0,maintenance,2,362,151145.37729248314,105159.65586476208,170772.78385155517,0.7747882950058499
B2,past,15,0,1,B0,retrieval,0,347,274559.33658702066,402560.66813149484,176255.8655882461,2.375916427469915
B2,past,15,0,1,B0,retrieval,1,347,382961.90627462027,1007813.6612835577,619961.1128351861,1.8470196798573437
B2,past,15,0,1,B0,retrieval,2,347,17798.338136683295,51956.875524358045,8038.84523960657,0.09123629386410785
B2,past,17,0,-1,B0,encoding,0,205,21391.562253688186,10490.980679064585,12098.647410198097,0.1851132247024295
B2,past,17,0,-1,B0,encoding,1,205,22207.92309499578,10540.803185654659,21815.136112988104,0.1071084886855599
B2,past,17,0,-1,B0,encoding,2,205,51998.01859378808,33362.98060880725,36895.798155807664,0.2665477230706357
B2,past,17,0,-1,B0,maintenance,0,362,8286.091274708418,12721.79490734727,13051.048258680676,0.07170421018574653
B2,past,17,0,-1,B0,maintenance,1,362,10091.935136467655,28010.151243277935,9087.893015513524,0.048673255745528124
B2,past,17,0,-1,B0,maintenance,2,362,19221.252057526584,25220.1325604961,21688.87711727568,0.09853031152061136
B2,past,17,0,-1,B0,retrieval,0,304,8638.549796964173,2107.4470500633784,34316.28812714906,0.07475423209881961
B2,past,17,0,-1,B0,retrieval,1,304,5697.725380047061,13787.855000306865,19615.224126180332,0.02748004627860559
B2,past,17,0,-1,B0,retrieval,2,304,18867.255866558076,1149.6154052444547,37757.30033807192,0.09671568701702296
B2,past,2,0,-1,N0,encoding,0,205,93115.73965847449,12526.900900381486,14660.776387364182,0.805782889267951
B2,past,2,0,-1,N0,encoding,1,205,257013.71291699374,309291.5878501823,363420.702845186,1.2395733830781617
B2,past,2,0,-1,N0,encoding,2,205,167890.54258704424,482842.596611469,497691.57070139406,0.8606259057920406
B2,past,2,0,-1,N0,maintenance,0,362,30388.28660582709,170632.94326292828,93320.42377148996,0.26296694276344523
B2,past,2,0,-1,N0,maintenance,1,362,145998.19989579372,227760.44690903454,388221.7368384468,0.704147185432862
B2,past,2,0,-1,N0,maintenance,2,362,68702.36801390721,442683.82240971166,584931.1057105073,0.3521761070691167
B2,past,2,0,-1,N0,retrieval,0,385,182897.5410208875,829088.4451703458,483036.13857502455,1.582715334532615
B2,past,2,0,-1,N0,retrieval,1,385,123299.39959652077,85688.06512004627,95385.07387679485,0.5946712031615482
B2,past,2,0,-1,N0,retrieval,2,385,203581.6498629,80529.3886405403,167292.93282647358,1.0435825575169515
B2,past,3,0,-1,N0,encoding,0,205,3076.4699790509667,7662.669012367044,9047.441279627035,0.026622425784921407
B2,past,3,0,-1,N0,encoding,1,205,7854.903956813572,18160.96509789129,31245.702376139045,0.03788408704342579
B2,past,3,0,-1,N0,encoding,2,205,8219.014817332827,21209.749401104247,23924.890995969407,0.042131599331856055
B2,past,3,0,-1,N0,maintenance,0,363,16871.29167553841,32289.857376951837,95935.11998062312,0.14599677994138577
B2,past,3,0,-1,N0,maintenance,1,363,50864.733077601115,97485.5696408768,211115.9989475403,0.24531986462812883
B2,past,3,0,-1,N0,maintenance,2,363,53442.25380634827,116295.70667199962,193777.66756849448,0.2739510360794191
B2,past,3,0,-1,N0,retrieval,0,384,42255.81078189304,52287.77878440152,199700.59427796747,0.3656633070314102
B2,past,3,0,-1,N0,retrieval,1,384,70891.98030487545,109282.54803143581,292366.6362081737,0.341910985457829
B2,past,3,0,-1,N0,retrieval,2,384,96112.30742573591,166955.11177419074,382332.45175930456,0.4926825559167625
B2,past,4,0,1,N0,encoding,0,205,1258.1050825399282,5063.25162117945,3945.20794029761,0.010887091184905332
B2,past,4,0,1,N0,encoding,1,205,3594.151052298835,12451.152010294712,4799.656631297143,0.017334538023778042
B2,past,4,0,1,N0,encoding,2,205,2273.4673083832326,11407.633957249485,9372.783538567286,0.01165405049871403
B2,past,4,0,1,N0,maintenance,0,363,52969.160763446234,105842.92710044651,41643.58100273295,0.4583719525679976
B2,past,4,0,1,N0,maintenance,1,363,117996.33813317498,196669.0314239954,102987.06164692412,0.5690946151881507
B2,past,4,0,1,N0,maintenance,2,363,117655.80687697412,205835.46913313086,132498.31225916464,0.6031169701693672
B2,past,4,0,1,N0,retrieval,0,248,103653.38262554101,51963.47985789724,183337.1446514522,0.8969710431420442
B2,past,4,0,1,N0,retrieval,1,248,354767.70600441546,218073.45816974624,459126.0625755034,1.711039463800124
B2,past,4,0,1,N0,retrieval,2,248,290206.13119520433,170055.63181223485,376763.11667820724,1.4876294440277176
B2,past,5,0,-1,N0,encoding,0,205,15007.320593508088,18668.30540528371,16319.177170823801,0.12986678935655985
B2,past,5,0,-1,N0,encoding,1,205,28413.40206503447,18142.545021536014,8052.773403419505,0.13703742311169903
B2,past,5,0,-1,N0,encoding,2,205,26894.549429169503,38842.49293411236,34847.958419515446,0.1378645015179905
B2,past,5,0,-1,N0,maintenance,0,363,73521.92333993642,85459.55937781517,25342.960474916777,0.6362265716910844
B2,past,5,0,-1,N0,maintenance,1,363,81147.99969826813,37287.56765168842,3096.9166640659764,0.39137561717765046
B2,past,5,0,-1,N0,maintenance,2,363,119850.90984435924,120794.01841963743,60591.41450569567,0.6143693161949522
B2,past,5,0,-1,N0,retrieval,0,285,40523.57733949908,44181.587556796236,1449.3095174856298,0.35067331636798166
B2,past,5,0,-1,N0,retrieval,1,285,22022.32741028219,2502.6076287564024,38947.39196981979,0.10621336340926991
B2,past,5,0,-1,N0,retrieval,2,285,49661.79615959794,42343.47930687169,3704.0608866652565,0.2545719827008995
B2,past,6,0,1,N0,encoding,0,205,56389.068409686246,107231.59100143485,113167.43703320557,0.48796633773128045
B2,past,6,0,1,N0,encoding,1,205,87314.51132482554,164723.79756531026,204808.48790550043,0.42111661267539363
B2,past,6,0,1,N0,encoding,2,205,97706.32463879524,272457.7270857589,283499.2771497668,0.5008536683969432
B2,past,6,0,1,N0,maintenance,0,362,31160.646633697634,98931.28705171628,196163.20533367337,0.2696506086731534
B2,past,6,0,1,N0,maintenance,1,362,38028.30245145158,40940.627103807885,99073.83631680628,0.1834099472260049
B2,past,6,0,1,N0,maintenance,2,362,34871.37140371639,165411.62983522625,250741.2602389125,0.17875459295138396
B2,past,6,0,1,N0,retrieval,0,284,30370.838373062346,2639.2302150984087,48920.841901315966,0.2628159533876281
B2,past,6,0,1,N0,retrieval,1,284,153474.84342141863,37548.48496961824,1249.7764754274892,0.7402069279420934
B2,past,6,0,1,N0,retrieval,2,284,156508.65270098796,6728.5873933045705,27453.284036285906,0.8022810512107655
B2,past,7,0,1,N0,encoding,0,205,66140.38943432395,2067.0524360570025,2094.635270726578,0.5723500053929567
B2,past,7,0,1,N0,encoding,1,205,72549.97478961207,125206.75546392566,160786.50504427668,0.34990746863860633
B2,past,7,0,1,N0,encoding,2,205,94135.36484205603,382800.0177448651,396071.5531626348,0.4825485246868841
B2,past,7,0,1,N0,maintenance,0,363,47375.619949562984,479332.2261203851,326905.09474780754,0.40996789655361954
B2,past,7,0,1,N0,maintenance,1,363,23420.488238427548,50006.42792825704,126951.96156636962,0.11295667265982048
B2,past,7,0,1,N0,maintenance,2,363,44368.26729660115,259257.0811663027,365994.6090891068,0.2274367551749597
B2,past,7,0,1,N0,retrieval,0,297,121544.73655082853,1072194.2833782984,665998.3913735924,1.0517949956951786
B2,past,7,0,1,N0,retrieval,1,297,56260.86684915251,1685.2897244922353,35889.77773272038,0.2713453389844508
B2,past,7,0,1,N0,retrieval,2,297,114090.95767823316,41011.801883531065,169888.44256112678,0.5848431500756127
B2,past,8,0,1,N0,encoding,0,205,4562.166611463657,5124.182114597277,6205.1962433180715,0.039478994711206174
B2,past,8,0,1,N0,encoding,1,205,37029.47624372099,46593.86142747045,67420.60323188976,0.1785926230164456
B2,past,8,0,1,N0,encoding,2,205,11403.915006155503,19758.05749090168,22394.341621882908,0.05845775783742918
B2,past,8,0,1,N0,maintenance,0,362,7526.851309646366,6536.676610351934,12682.395593754321,0.06513407956186633
B2,past,8,0,1,N0,maintenance,1,362,15407.635491050152,24897.291958384823,87076.05179300111,0.0743108009067378
B2,past,8,0,1,N0,maintenance,2,362,9874.818868263068,9237.512595815637,29782.748103581966,0.0506194381296082
B2,past,8,0,1,N0,retrieval,0,257,6284.81191915474,4365.844592965325,24267.720061994467,0.054386013850036254
B2,past,8,0,1,N0,retrieval,1,257,6377.679399040872,23018.37336512168,135144.1203422616,0.030759454579803756
B2,past,8,0,1,N0,retrieval,2,257,2953.6677896009223,6031.677083556469,82956.36506659923,0.01514083508019009
B2,past,9,0,1,N0,encoding,0,205,2873.0439480988293,868.3828803792793,499.59321262264365,0.024862065876122615
B2,past,9,0,1,N0,encoding,1,205,15352.316442899628,10842.452398289854,3645.6040109867877,0.07404399794557927
B2,past,9,0,1,N0,encoding,2,205,3848.1701718469185,2152.9558877938925,1370.6197607866109,0.019726155438866477
B2,past,9,0,1,N0,maintenance,0,362,39313.19973958575,22838.661824008595,1898.2853324579696,0.340199237945359
B2,past,9,0,1,N0,maintenance,1,362,108500.19548031704,88589.77602651551,29474.125855859365,0.5232948578880505
B2,past,9,0,1,N0,maintenance,2,362,65001.78921453468,44571.19147053529,14095.58933250091,0.3332065216946838
B2,past,9,0,1,N0,retrieval,0,252,2530.139266978862,4367.071924601157,72280.68747291456,0.021894718726115783
B2,past,9,0,1,N0,retrieval,1,252,4366.174625476996,10265.01092593173,98027.04957799206,0.02105799643990394
B2,past,9,0,1,N0,retrieval,2,252,5041.839716181082,12365.022825201191,95074.75390074664,0.02584504049921076
B2,past,10,0,-1,N0,encoding,0,205,17894.29775570557,76110.53253551779,81210.65549616882,0.154849427174165
B2,past,10,0,-1,N0,encoding,1,205,184472.4477282432,367533.3324656216,426046.6938348318,0.8897079207172849
B2,past,10,0,-1,N0,encoding,2,205,1306000.624794362,988356.0362858989,1009177.0879116884,6.694706880799335
B2,past,10,0,-1,N0,maintenance,0,362,82440.45033925066,56968.49245968803,99638.64898451697,0.7134036040583255
B2,past,10,0,-1,N0,maintenance,1,362,78297.51495320696,265487.33198604087,431893.43853334786,0.3776277708905952
B2,past,10,0,-1,N0,maintenance,2,362,2115822.0664196783,1694990.7062644074,1968027.6650419943,10.845943162421705
B2,past,10,0,-1,N0,retrieval,0,290,399662.6936655414,118820.47337021225,17694.12326932905,3.458506168942008
B2,past,10,0,-1,N0,retrieval,1,290,8155.510393298103,46775.28997013785,187196.10940485305,0.03933390749549072
B2,past,10,0,-1,N0,retrieval,2,290,1347131.2859679596,1027853.4467295856,1500593.8274722714,6.905547300890301
B2,past,11,0,1,N0,encoding,0,205,360.15258541016556,52846.704452808444,48903.866658070736,0.0031166029708137983
B2,past,11,0,1,N0,encoding,1,205,42882.87053380583,9015.605501657355,20352.307586121806,0.20682345817423428
B2,past,11,0,1,N0,encoding,2,205,18633.779927793683,7706.16813108248,9706.846023510083,0.09551886295425256
B2,past,11,0,1,N0,maintenance,0,362,128681.45380482891,653761.1481900706,462143.28775136394,1.1135530257544233
B2,past,11,0,1,N0,maintenance,1,362,19095.66603046216,144033.67475424957,65575.49826483616,0.09209811832552076
B2,past,11,0,1,N0,maintenance,2,362,29769.90639062237,99069.3676782208,56648.6445743053,0.1526039064379719
B2,past,11,0,1,N0,retrieval,0,330,188270.70460916669,963665.9360763702,581154.8786034319,1.6292123424128386
B2,past,11,0,1,N0,retrieval,1,330,11511.304063298548,237181.72703093558,73407.52260231315,0.055518851346242314
B2,past,11,0,1,N0,retrieval,2,330,97317.97218168296,285301.54831723165,104512.40422859644,0.4988629297882123
B2,past,12,0,1,N0,encoding,0,205,37667.21029596407,61291.14961779175,56925.491070996344,0.3259555651307457
B2,past,12,0,1,N0,encoding,1,205,77108.17411111438,41267.03105552872,24785.716321856646,0.3718915973824452
B2,past,12,0,1,N0,encoding,2,205,71489.29819936764,86134.38656316932,80198.61561493544,0.36646222633636216
B2,past,12,0,1,N0,maintenance,0,363,148416.8821319074,273168.7698142697,152184.46672564652,1.284334791722886
B2,past,12,0,1,N0,maintenance,1,363,156005.81297006176,75209.38626251563,16242.616519685693,0.7524137571041337
B2,past,12,0,1,N0,maintenance,2,363,296731.58998247335,325135.7166425231,219939.13921753012,1.5210796836479177
B2,past,12,0,1,N0,retrieval,0,365,87912.99240682865,245097.04111816536,76256.15211744717,0.760760589837819
B2,past,12,0,1,N0,retrieval,1,365,54857.132066387894,12486.162822510198,13110.639415825122,0.264575146632193
B2,past,12,0,1,N0,retrieval,2,365,222025.8597515433,254125.36442080492,86108.89259188587,1.1381296630145847
B2,past,13,0,1,N0,encoding,0,205,695.7563195442376,732.4277743976348,614.16041183865,0.006020770918483152
B2,past,13,0,1,N0,encoding,1,205,1461.7526721576314,2886.326288481078,1705.1518328315556,0.007050011785305686
B2,past,13,0,1,N0,encoding,2,205,787.7804065705027,1157.728492229477,937.9191670345232,0.004038251443606207
B2,past,13,0,1,N0,maintenance,0,362,13450.797801226845,27842.561613745544,5443.416521356701,0.11639732181674362
B2,past,13,0,1,N0,maintenance,1,362,33435.73702289245,43264.53149586359,25993.792462336245,0.16126007124983302
B2,past,13,0,1,N0,maintenance,2,362,40707.29872937259,60275.4302696095,29498.052740905176,0.2086702163294869
B2,past,13,0,1,N0,retrieval,0,329,107455.14056742832,52593.08931634111,194440.32402931424,0.929869793771606
B2,past,13,0,1,N0,retrieval,1,329,204678.44288137727,122059.60277814462,318826.0048683023,0.9871611401823517
B2,past,13,0,1,N0,retrieval,2,329,224291.25350165833,136748.6753479252,334136.8135044627,1.149742327540686
B2,past,15,0,1,N0,encoding,0,205,54700.52058530806,34312.080133130396,37842.79124335984,0.4733543833013963
B2,past,15,0,1,N0,encoding,1,205,26105.003323936467,12065.280511507828,11649.000350541122,0.12590404970325225
B2,past,15,0,1,N0,encoding,2,205,250739.1875028661,253625.522769678,264419.4862383136,1.2853174278731927
B2,past,15,0,1,N0,maintenance,0,362,25735.49552621944,37165.697050617666,29087.473977765865,0.222703723537165
B2,past,15,0,1,N0,maintenance,1,362,133755.46692760178,513890.98269250744,327734.7622847847,0.6451006631626458
B2,past,15,0,1,N0,maintenance,2,362,151647.27371784,105159.65586476208,170772.78385155517,0.7773610728349679
B2,past,15,0,1,N0,retrieval,0,347,274627.8672166795,402560.66813149484,176255.8655882461,2.3765094615689013
B2,past,15,0,1,N0,retrieval,1,347,380847.69169410923,1007813.6612835577,619961.1128351861,1.8368228538188685
B2,past,15,0,1,N0,retrieval,2,347,18312.46105807111,51956.875524358045,8038.84523960657,0.093871746094411
B2,past,17,0,-1,N0,encoding,0,205,21087.789323893157,10490.980679064585,12098.647410198097,0.18248450661513937
B2,past,17,0,-1,N0,encoding,1,205,23393.379953221604,10540.803185654659,21815.136112988104,0.11282592979625573
B2,past,17,0,-1,N0,encoding,2,205,54078.46248322349,33362.98060880725,36895.798155807664,0.27721231369739213
B2,past,17,0,-1,N0,maintenance,0,362,8472.115836463765,12721.79490734727,13051.048258680676,0.07331398539019432
B2,past,17,0,-1,N0,maintenance,1,362,10492.207257338267,28010.151243277935,9087.893015513524,0.05060376233752346
B2,past,17,0,-1,N0,maintenance,2,362,18350.47007249684,25220.1325604961,21688.87711727568,0.09406658460028723
B2,past,17,0,-1,N0,retrieval,0,304,8882.475527463735,2107.4470500633784,34316.28812714906,0.07686505869601612
B2,past,17,0,-1,N0,retrieval,1,304,7255.159877234329,13787.855000306865,19615.224126180332,0.03499153010835968
B2,past,17,0,-1,N0,retrieval,2,304,19632.191968064122,1149.6154052444547,37757.30033807192,0.10063683596971253
B2,past,2,0,-1,N1,encoding,0,205,76424.50495736237,12526.900900381486,14660.776387364182,0.661344243640036
B2,past,2,0,-1,N1,encoding,1,205,246543.9654487003,309291.5878501823,363420.702845186,1.189077943975121
B2,past,2,0,-1,N1,encoding,2,205,148415.14088816484,482842.596611469,497691.57070139406,0.7607927944714789
B2,past,2,0,-1,N1,maintenance,0,362,25217.302487211986,170632.94326292828,93320.42377148996,0.21821950759578448
B2,past,2,0,-1,N1,maintenance,1,362,138537.86128103235,227760.44690903454,388221.7368384468,0.668166081270552
B2,past,2,0,-1,N1,maintenance,2,362,60964.66761588224,442683.82240971166,584931.1057105073,0.31251177987602835
B2,past,2,0,-1,N1,retrieval,0,385,187221.1198900858,829088.4451703458,483036.13857502455,1.6201296952623738
B2,past,2,0,-1,N1,retrieval,1,385,128674.60606741007,85688.06512004627,95385.07387679485,0.6205957454524716
B2,past,2,0,-1,N1,retrieval,2,385,212709.90866219302,80529.3886405403,167292.93282647358,1.0903750443145495
B2,past,3,0,-1,N1,encoding,0,205,1139.6446881891538,7662.669012367044,9047.441279627035,0.009861986737752928
B2,past,3,0,-1,N1,encoding,1,205,6461.443230144292,18160.96509789129,31245.702376139045,0.031163446313637783
B2,past,3,0,-1,N1,encoding,2,205,4678.317983217743,21209.749401104247,23924.890995969407,0.023981586990240996
B2,past,3,0,-1,N1,maintenance,0,363,18473.159206404547,32289.857376951837,95935.11998062312,0.15985864101857875
B2,past,3,0,-1,N1,maintenance,1,363,49496.33558353501,97485.5696408768,211115.9989475403,0.23872010350307554
B2,past,3,0,-1,N1,maintenance,2,363,54624.116668054405,116295.70667199962,193777.66756849448,0.28000939874955266
B2,past,3,0,-1,N1,retrieval,0,384,43409.83218374792,52287.77878440152,199700.59427796747,0.3756497035619461
B2,past,3,0,-1,N1,retrieval,1,384,69254.49149050213,109282.54803143581,292366.6362081737,0.33401340082567765
B2,past,3,0,-1,N1,retrieval,2,384,96995.63512851397,166955.11177419074,382332.45175930456,0.4972105936048916
B2,past,4,0,1,N1,encoding,0,205,3559.925940753675,5063.25162117945,3945.20794029761,0.030806042250660037
B2,past,4,0,1,N1,encoding,1,205,6498.75161229446,12451.152010294712,4799.656631297143,0.031343384095766896
B2,past,4,0,1,N1,encoding,2,205,6797.612044417079,11407.633957249485,9372.783538567286,0.03484532799050458
B2,past,4,0,1,N1,maintenance,0,363,42103.783812557886,105842.92710044651,41643.58100273295,0.3643477321238077
B2,past,4,0,1,N1,maintenance,1,363,108705.36558325085,196669.0314239954,102987.06164692412,0.524284390297484
B2,past,4,0,1,N1,maintenance,2,363,100395.64833709432,205835.46913313086,132498.31225916464,0.5146394457739902
B2,past,4,0,1,N1,retrieval,0,248,138223.83668115368,51963.47985789724,183337.1446514522,1.1961286340542407
B2,past,4,0,1,N1,retrieval,1,248,393487.5935022635,218073.45816974624,459126.0625755034,1.89778491560259
B2,past,4,0,1,N1,retrieval,2,248,347557.69299509487,170055.63181223485,376763.11667820724,1.7816200349332703
B2,past,5,0,-1,N1,encoding,0,205,20430.00085254464,18668.30540528371,16319.177170823801,0.17679229285069523
B2,past,5,0,-1,N1,encoding,1,205,29827.235173535715,18142.545021536014,8052.773403419505,0.1438563195414736
B2,past,5,0,-1,N1,encoding,2,205,32691.61322704189,38842.49293411236,34847.958419515446,0.16758090605811835
B2,past,5,0,-1,N1,maintenance,0,363,65484.38686248962,85459.55937781517,25342.960474916777,0.5666732460218918
B2,past,5,0,-1,N1,maintenance,1,363,78884.13661020262,37287.56765168842,3096.9166640659764,0.3804570385732261
B2,past,5,0,-1,N1,maintenance,2,363,111632.50783919459,120794.01841963743,60591.41450569567,0.5722408582075649
B2,past,5,0,-1,N1,retrieval,0,285,27517.531704104586,44181.587556796236,1449.3095174856298,0.23812468529360872
B2,past,5,0,-1,N1,retrieval,1,285,17348.771713686994,2502.6076287564024,38947.39196981979,0.08367287255342318
B2,past,5,0,-1,N1,retrieval,2,285,37077.75197987734,42343.47930687169,3704.0608866652565,0.19006474927478725
B2,past,6,0,1,N1,encoding,0,205,39716.31262930538,107231.59100143485,113167.43703320557,0.34368760060209996
B2,past,6,0,1,N1,encoding,1,205,73840.01223857835,164723.79756531026,204808.48790550043,0.3561293004107854
B2,past,6,0,1,N1,encoding,2,205,72843.9553724854,272457.7270857589,283499.2771497668,0.37340635218578405
B2,past,6,0,1,N1,maintenance,0,362,30103.80326054359,98931.28705171628,196163.20533367337,0.260505148304722
B2,past,6,0,1,N1,maintenance,1,362,31170.498665525727,40940.627103807885,99073.83631680628,0.15033485974165817
B2,past,6,0,1,N1,maintenance,2,362,27311.60634270223,165411.62983522625,250741.2602389125,0.14000238241613489
B2,past,6,0,1,N1,retrieval,0,284,22250.433128851684,2639.2302150984087,48920.841901315966,0.19254551765135147
B2,past,6,0,1,N1,retrieval,1,284,140412.70770187624,37548.48496961824,1249.7764754274892,0.6772084381715163
B2,past,6,0,1,N1,retrieval,2,284,135152.57619102782,6728.5873933045705,27453.284036285906,0.6928073881483001
B2,past,7,0,1,N1,encoding,0,205,45647.87029863358,2067.0524360570025,2094.635270726578,0.39501670666065625
B2,past,7,0,1,N1,encoding,1,205,58091.91973661632,125206.75546392566,160786.50504427668,0.28017648031363573
B2,past,7,0,1,N1,encoding,2,205,67623.85951294041,382800.0177448651,396071.5531626348,0.34664755053909224
B2,past,7,0,1,N1,maintenance,0,363,38097.25871692487,479332.2261203851,326905.09474780754,0.3296770160952968
B2,past,7,0,1,N1,maintenance,1,363,18387.60839820037,50006.42792825704,126951.96156636962,0.08868316670805386
B2,past,7,0,1,N1,maintenance,2,363,32214.3865248355,259257.0811663027,365994.6090891068,0.16513458801943798
B2,past,7,0,1,N1,retrieval,0,297,114676.72934426066,1072194.2833782984,665998.3913735924,0.9923622648730945
B2,past,7,0,1,N1,retrieval,1,297,52359.39437390084,1685.2897244922353,35889.77773272038,0.2525285942269601
B2,past,7,0,1,N1,retrieval,2,297,106115.94882385444,41011.801883531065,169888.44256112678,0.5439623529012229
B2,past,8,0,1,N1,encoding,0,205,1086.78672323089,5124.182114597277,6205.1962433180715,0.009404577025054397
B2,past,8,0,1,N1,encoding,1,205,27481.36169124309,46593.86142747045,67420.60323188976,0.13254220600365638
B2,past,8,0,1,N1,encoding,2,205,3967.067300244559,19758.05749090168,22394.341621882908,0.020335635563515194
B2,past,8,0,1,N1,maintenance,0,362,3058.4063389941907,6536.676610351934,12682.395593754321,0.026466110943531223
B2,past,8,0,1,N1,maintenance,1,362,14480.709348137172,24897.291958384823,87076.05179300111,0.0698402496595158
B2,past,8,0,1,N1,maintenance,2,362,3949.6802264108323,9237.512595815637,29782.748103581966,0.020246507456972405
B2,past,8,0,1,N1,retrieval,0,257,1603.3424285329233,4365.844592965325,24267.720061994467,0.0138746241965933
B2,past,8,0,1,N1,retrieval,1,257,10477.874770505636,23018.37336512168,135144.1203422616,0.050534636962891094
B2,past,8,0,1,N1,retrieval,2,257,275.95271669869254,6031.677083556469,82956.36506659923,0.0014145648295910231
B2,past,9,0,1,N1,encoding,0,205,7942.645969989934,868.3828803792793,499.59321262264365,0.06873218471554575
B2,past,9,0,1,N1,encoding,1,205,21973.843092369883,10842.452398289854,3645.6040109867877,0.10597952425221215
B2,past,9,0,1,N1,encoding,2,205,11541.301658241011,2152.9558877938925,1370.6197607866109,0.05916201735123429
B2,past,9,0,1,N1,maintenance,0,362,29907.0541698754,22838.661824008595,1898.2853324579696,0.25880256771715504
B2,past,9,0,1,N1,maintenance,1,362,98683.3823290889,88589.77602651551,29474.125855859365,0.4759485114584961
B2,past,9,0,1,N1,maintenance,2,362,50739.16075219607,44571.19147053529,14095.58933250091,0.260094675427277
B2,past,9,0,1,N1,retrieval,0,252,4177.6426059686255,4367.071924601157,72280.68747291456,0.03615149212918189
B2,past,9,0,1,N1,retrieval,1,252,8196.82199415599,10265.01092593173,98027.04957799206,0.03953315274297027
B2,past,9,0,1,N1,retrieval,2,252,11701.207899563846,12365.022825201191,95074.75390074664,0.05998171482590837
B2,past,10,0,-1,N1,encoding,0,205,12787.663027552248,76110.53253551779,81210.65549616882,0.11065884349003534
B2,past,10,0,-1,N1,encoding,1,205,179733.41677851888,367533.3324656216,426046.6938348318,0.8668516436720246
B2,past,10,0,-1,N1,encoding,2,205,1264371.6344748985,988356.0362858989,1009177.0879116884,6.481311969157295
B2,past,10,0,-1,N1,maintenance,0,362,70211.76504732046,56968.49245968803,99638.64898451697,0.6075819094380513
B2,past,10,0,-1,N1,maintenance,1,362,76795.39925113342,265487.33198604087,431893.43853334786,0.3703830888016068
B2,past,10,0,-1,N1,maintenance,2,362,2137083.2156730765,1694990.7062644074,1968027.6650419943,10.954930217632983
B2,past,10,0,-1,N1,retrieval,0,290,353016.7587146865,118820.47337021225,17694.12326932905,3.0548526472585333
B2,past,10,0,-1,N1,retrieval,1,290,4865.897966785994,46775.28997013785,187196.10940485305,0.02346815481534274
B2,past,10,0,-1,N1,retrieval,2,290,1425586.7766515352,1027853.4467295856,1500593.8274722714,7.307719017614037
B2,past,11,0,1,N1,encoding,0,205,2905.416543493912,52846.704452808444,48903.866658070736,0.025142204159362674
B2,past,11,0,1,N1,encoding,1,205,32328.60956461373,9015.605501657355,20352.307586121806,0.15592041169088758
B2,past,11,0,1,N1,encoding,2,205,8789.825698371056,7706.16813108248,9706.846023510083,0.04505764045340872
B2,past,11,0,1,N1,maintenance,0,362,116677.5703304929,653761.1481900706,462143.28775136394,1.0096766677524067
B2,past,11,0,1,N1,maintenance,1,362,14011.96072625446,144033.67475424957,65575.49826483616,0.06757948190340764
B2,past,11,0,1,N1,maintenance,2,362,19483.472319572516,99069.3676782208,56648.6445743053,0.09987448223483314
B2,past,11,0,1,N1,retrieval,0,330,172294.01859432622,963665.9360763702,581154.8786034319,1.4909570886267152
B2,past,11,0,1,N1,retrieval,1,330,8938.412830619976,237181.72703093558,73407.52260231315,0.043109834514469036
B2,past,11,0,1,N1,retrieval,2,330,85475.3461039141,285301.54831723165,104512.40422859644,0.43815628938973883
B2,past,12,0,1,N1,encoding,0,205,55942.60902198331,61291.14961779175,56925.491070996344,0.4841028734374506
B2,past,12,0,1,N1,encoding,1,205,93712.76531890078,41267.03105552872,24785.716321856646,0.4519752982265054
B2,past,12,0,1,N1,encoding,2,205,101452.68315102802,86134.38656316932,80198.61561493544,0.5200579257561116
B2,past,12,0,1,N1,maintenance,0,363,143088.29746240305,273168.7698142697,152184.46672564652,1.2382235503103138
B2,past,12,0,1,N1,maintenance,1,363,151492.90482926587,75209.38626251563,16242.616519685693,0.7306480670632521
B2,past,12,0,1,N1,maintenance,2,363,283139.42922447354,325135.7166425231,219939.13921753012,1.4514047306471565
B2,past,12,0,1,N1,retrieval,0,365,84251.24801594234,245097.04111816536,76256.15211744717,0.7290734552473508
B2,past,12,0,1,N1,retrieval,1,365,52281.69854206858,12486.162822510198,13110.639415825122,0.2521538683649728
B2,past,12,0,1,N1,retrieval,2,365,213903.71802210604,254125.36442080492,86108.89259188587,1.0964946460853606
B2,past,13,0,1,N1,encoding,0,205,1797.7323237765504,732.4277743976348,614.16041183865,0.015556789338688575
B2,past,13,0,1,N1,encoding,1,205,4002.589288893628,2886.326288481078,1705.1518328315556,0.01930442967262481
B2,past,13,0,1,N1,encoding,2,205,3373.7603423992127,1157.728492229477,937.9191670345232,0.017294277008469482
B2,past,13,0,1,N1,maintenance,0,362,11175.200534649026,27842.561613745544,5443.416521356701,0.09670529824480341
B2,past,13,0,1,N1,maintenance,1,362,34595.00227414584,43264.53149586359,25993.792462336245,0.16685119062269396
B2,past,13,0,1,N1,maintenance,2,362,35943.461366523414,60275.4302696095,29498.052740905176,0.18425024732901496
B2,past,13,0,1,N1,retrieval,0,329,124785.86485892154,52593.08931634111,194440.32402931424,1.0798423026506108
B2,past,13,0,1,N1,retrieval,1,329,220385.4778423149,122059.60277814462,318826.0048683023,1.0629159403588873
B2,past,13,0,1,N1,retrieval,2,329,251278.55842393456,136748.6753479252,334136.8135044627,1.2880823042048168
B2,past,15,0,1,N1,encoding,0,205,42216.152938108804,34312.080133130396,37842.79124335984,0.36532012539462344
B2,past,15,0,1,N1,encoding,1,205,22806.06838474618,12065.280511507828,11649.000350541122,0.10999333468063575
B2,past,15,0,1,N1,encoding,2,205,215937.01062518056,253625.522769678,264419.4862383136,1.1069175338865243
B2,past,15,0,1,N1,maintenance,0,362,20622.863960173912,37165.697050617666,29087.473977765865,0.1784612458404766
B2,past,15,0,1,N1,maintenance,1,362,114261.93663087724,513890.98269250744,327734.7622847847,0.5510836512927325
B2,past,15,0,1,N1,maintenance,2,362,169918.8300070739,105159.65586476208,170772.78385155517,0.8710231364589474
B2,past,15,0,1,N1,retrieval,0,347,223122.57463843797,402560.66813149484,176255.8655882461,1.9308051840911522
B2,past,15,0,1,N1,retrieval,1,347,341392.91093493655,1007813.6612835577,619961.1128351861,1.6465330225519657
B2,past,15,0,1,N1,retrieval,2,347,10908.469612058116,51956.875524358045,8038.84523960657,0.05591804872400791
B2,past,17,0,-1,N1,encoding,0,205,14527.570723879106,10490.980679064585,12098.647410198097,0.12571524379086466
B2,past,17,0,-1,N1,encoding,1,205,21762.22208110564,10540.803185654659,21815.136112988104,0.1049588792061326
B2,past,17,0,-1,N1,encoding,2,205,45416.484407168915,33362.98060880725,36895.798155807664,0.23281003461255156
B2,past,17,0,-1,N1,maintenance,0,362,7137.338215514602,12721.79490734727,13051.048258680676,0.06176340358862741
B2,past,17,0,-1,N1,maintenance,1,362,10130.081294303152,28010.151243277935,9087.893015513524,0.04885723410754982
B2,past,17,0,-1,N1,maintenance,2,362,15538.365456406616,25220.1325604961,21688.87711727568,0.07965141835499458
B2,past,17,0,-1,N1,retrieval,0,304,16118.33802047881,2107.4470500633784,34316.28812714906,0.13948104829511337
B2,past,17,0,-1,N1,retrieval,1,304,7935.900512092661,13787.855000306865,19615.224126180332,0.038274732246381955
B2,past,17,0,-1,N1,retrieval,2,304,29103.728051449943,1149.6154052444547,37757.30033807192,0.1491890009421959
B2,past,2,0,-1,N2,encoding,0,205,74976.89944687627,12526.900900381486,14660.776387364182,0.6488172986247467
B2,past,2,0,-1,N2,encoding,1,205,247199.43082918107,309291.5878501823,363420.702845186,1.1922392439304876
B2,past,2,0,-1,N2,encoding,2,205,147131.66474761374,482842.596611469,497691.57070139406,0.7542135506439022
B2,past,2,0,-1,N2,maintenance,0,362,23208.830883844883,170632.94326292828,93320.42377148996,0.20083907269283854
B2,past,2,0,-1,N2,maintenance,1,362,138779.29292625724,227760.44690903454,388221.7368384468,0.6693305025687658
B2,past,2,0,-1,N2,maintenance,2,362,59179.6399528537,442683.82240971166,584931.1057105073,0.30336152623049434
B2,past,2,0,-1,N2,retrieval,0,385,181567.60666912384,829088.4451703458,483036.13857502455,1.571206664264502
B2,past,2,0,-1,N2,retrieval,1,385,126057.08572498355,85688.06512004627,95385.07387679485,0.6079714830763023
B2,past,2,0,-1,N2,retrieval,2,385,207106.9161299373,80529.3886405403,167292.93282647358,1.0616534710268903
B2,past,3,0,-1,N2,encoding,0,205,1096.4434675835237,7662.669012367044,9047.441279627035,0.009488142267557186
B2,past,3,0,-1,N2,encoding,1,205,6508.647639118381,18160.96509789129,31245.702376139045,0.03139111248858274
B2,past,3,0,-1,N2,encoding,2,205,4523.780462177211,21209.749401104247,23924.890995969407,0.023189410182810594
B2,past,3,0,-1,N2,maintenance,0,363,18843.018315155623,32289.857376951837,95935.11998062312,0.1630592399974903
B2,past,3,0,-1,N2,maintenance,1,363,50022.23548770566,97485.5696408768,211115.9989475403,0.2412565110588227
B2,past,3,0,-1,N2,maintenance,2,363,54655.37738801477,116295.70667199962,193777.66756849448,0.2801696447349252
B2,past,3,0,-1,N2,retrieval,0,384,44426.18354868961,52287.77878440152,199700.59427796747,0.3844447637994299
B2,past,3,0,-1,N2,retrieval,1,384,69484.24457006958,109282.54803143581,292366.6362081737,0.33512149657232
B2,past,3,0,-1,N2,retrieval,2,384,97091.3702273621,166955.11177419074,382332.45175930456,0.49770134254698606
B2,past,4,0,1,N2,encoding,0,205,4439.277126697994,5063.25162117945,3945.20794029761,0.038415562852550315
B2,past,4,0,1,N2,encoding,1,205,7088.173683789136,12451.152010294712,4799.656631297143,0.03418615813661959
B2,past,4,0,1,N2,encoding,2,205,8457.545371612774,11407.633957249485,9372.783538567286,0.04335433392531791
B2,past,4,0,1,N2,maintenance,0,363,46904.71978635809,105842.92710044651,41643.58100273295,0.40589293247713054
B2,past,4,0,1,N2,maintenance,1,363,113638.78524849008,196669.0314239954,102987.06164692412,0.5480782012781453
B2,past,4,0,1,N2,maintenance,2,363,108698.41124870373,205835.46913313086,132498.31225916464,0.5572003473070576
B2,past,4,0,1,N2,retrieval,0,248,133510.89341982076,51963.47985789724,183337.1446514522,1.1553448841532958
B2,past,4,0,1,N2,retrieval,1,248,389085.33476533566,218073.45816974624,459126.0625755034,1.8765528860202563
B2,past,4,0,1,N2,retrieval,2,248,348293.008799587,170055.63181223485,376763.11667820724,1.7853893468941044
B2,past,5,0,-1,N2,encoding,0,205,21405.435108057958,18668.30540528371,16319.177170823801,0.18523327431721504
B2,past,5,0,-1,N2,encoding,1,205,29957.744444367218,18142.545021536014,8052.773403419505,0.1444857638482835
B2,past,5,0,-1,N2,encoding,2,205,33498.71405540857,38842.49293411236,34847.958419515446,0.17171819616853928
B2,past,5,0,-1,N2,maintenance,0,363,68248.06921552765,85459.55937781517,25342.960474916777,0.5905889444807954
B2,past,5,0,-1,N2,maintenance,1,363,80061.25946717641,37287.56765168842,3096.9166640659764,0.38613428491762203
B2,past,5,0,-1,N2,maintenance,2,363,114628.54319620378,120794.01841963743,60591.41450569567,0.5875988742290701
B2,past,5,0,-1,N2,retrieval,0,285,29790.451865597206,44181.587556796236,1449.3095174856298,0.2577935423689036
B2,past,5,0,-1,N2,retrieval,1,285,19288.489386290352,2502.6076287564024,38947.39196981979,0.09302810255401844
B2,past,5,0,-1,N2,retrieval,2,285,40099.30947690676,42343.47930687169,3704.0608866652565,0.2055535946719928
B2,past,6,0,1,N2,encoding,0,205,37050.09989168926,107231.59100143485,113167.43703320557,0.3206153615692674
B2,past,6,0,1,N2,encoding,1,205,72214.01086486512,164723.79756531026,204808.48790550043,0.3482871195371353
B2,past,6,0,1,N2,encoding,2,205,68163.26505973631,272457.7270857589,283499.2771497668,0.3494126043661103
B2,past,6,0,1,N2,maintenance,0,362,26140.171150742917,98931.28705171628,196163.20533367337,0.22620560941747717
B2,past,6,0,1,N2,maintenance,1,362,30416.723268928094,40940.627103807885,99073.83631680628,0.14669941201462044
B2,past,6,0,1,N2,maintenance,2,362,22950.131428624773,165411.62983522625,250741.2602389125,0.1176449688258423
B2,past,6,0,1,N2,retrieval,0,284,22582.704163406546,2639.2302150984087,48920.841901315966,0.19542084587433145
B2,past,6,0,1,N2,retrieval,1,284,140093.62432289816,37548.48496961824,1249.7764754274892,0.6756695036957064
B2,past,6,0,1,N2,retrieval,2,284,131549.86901910204,6728.5873933045705,27453.284036285906,0.6743395038031499
B2,past,7,0,1,N2,encoding,0,205,43607.850720211216,2067.0524360570025,2094.635270726578,0.37736326937826503
B2,past,7,0,1,N2,encoding,1,205,57392.198588563275,125206.75546392566,160786.50504427668,0.2768017354377327
B2,past,7,0,1,N2,encoding,2,205,64190.54013379138,382800.0177448651,396071.5531626348,0.32904796717351015
B2,past,7,0,1,N2,maintenance,0,363,34864.14893105248,479332.2261203851,326905.09474780754,0.3016990979244707
B2,past,7,0,1,N2,maintenance,1,363,17469.127326087797,50006.42792825704,126951.96156636962,0.08425334591394104
B2,past,7,0,1,N2,maintenance,2,363,28957.38651879798,259257.0811663027,365994.6090891068,0.14843883769801977
B2,past,7,0,1,N2,retrieval,0,297,109957.70222489598,1072194.2833782984,665998.3913735924,0.951525867925359
B2,past,7,0,1,N2,retrieval,1,297,50807.33736293822,1685.2897244922353,35889.77773272038,0.24504304593471607
B2,past,7,0,1,N2,retrieval,2,297,99998.13203900537,41011.801883531065,169888.44256112678,0.512601732280197
B2,past,8,0,1,N2,encoding,0,205,850.9261031456191,5124.182114597277,6205.1962433180715,0.0073635423663178
B2,past,8,0,1,N2,encoding,1,205,26525.77400341226,46593.86142747045,67420.60323188976,0.12793342054396825
B2,past,8,0,1,N2,encoding,2,205,3123.026601174248,19758.05749090168,22394.341621882908,0.01600898749883267
B2,past,8,0,1,N2,maintenance,0,362,3542.7967292518433,6536.676610351934,12682.395593754321,0.03065781354533641
B2,past,8,0,1,N2,maintenance,1,362,13666.297592284438,24897.291958384823,87076.05179300111,0.06591235365753458
B2,past,8,0,1,N2,maintenance,2,362,4227.044945849403,9237.512595815637,29782.748103581966,0.021668310372272508
B2,past,8,0,1,N2,retrieval,0,257,1605.2495574851964,4365.844592965325,24267.720061994467,0.013891127656513241
B2,past,8,0,1,N2,retrieval,1,257,10624.870981738131,23018.37336512168,135144.1203422616,0.051243597542422435
B2,past,8,0,1,N2,retrieval,2,257,407.50824665496407,6031.677083556469,82956.36506659923,0.002088933351998223
B2,past,9,0,1,N2,encoding,0,205,9209.23756091304,868.3828803792793,499.59321262264365,0.07969271443264633
B2,past,9,0,1,N2,encoding,1,205,23026.153229686875,10842.452398289854,3645.6040109867877,0.1110548006729016
B2,past,9,0,1,N2,encoding,2,205,13704.723916161967,2152.9558877938925,1370.6197607866109,0.0702519644777591
B2,past,9,0,1,N2,maintenance,0,362,33324.26451647059,22838.661824008595,1898.2853324579696,0.28837361162890485
B2,past,9,0,1,N2,maintenance,1,362,102989.68251296044,88589.77602651551,29474.125855859365,0.49671773434115113
B2,past,9,0,1,N2,maintenance,2,362,55629.38158603673,44571.19147053529,14095.58933250091,0.2851625003910638
B2,past,9,0,1,N2,retrieval,0,252,2494.11060316751,4367.071924601157,72280.68747291456,0.02158294242568737
B2,past,9,0,1,N2,retrieval,1,252,7630.748341725487,10265.01092593173,98027.04957799206,0.03680298778620273
B2,past,9,0,1,N2,retrieval,2,252,10561.920013142946,12365.022825201191,95074.75390074664,0.054141596293320174
B2,past,10,0,-1,N2,encoding,0,205,11902.348689209633,76110.53253551779,81210.65549616882,0.10299772037511919
B2,past,10,0,-1,N2,encoding,1,205,179373.31022814207,367533.3324656216,426046.6938348318,0.8651148550398036
B2,past,10,0,-1,N2,encoding,2,205,1257747.3213744452,988356.0362858989,1009177.0879116884,6.447354991149601
B2,past,10,0,-1,N2,maintenance,0,362,70010.92946520027,56968.49245968803,99638.64898451697,0.6058439661405791
B2,past,10,0,-1,N2,maintenance,1,362,75581.38030947818,265487.33198604087,431893.43853334786,0.3645278931797507
B2,past,10,0,-1,N2,maintenance,2,362,2120423.7098252373,1694990.7062644074,1968027.6650419943,10.869531706856767
B2,past,10,0,-1,N2,retrieval,0,290,368556.73857532034,118820.47337021225,17694.12326932905,3.189328836968183
B2,past,10,0,-1,N2,retrieval,1,290,6664.821678152886,46775.28997013785,187196.10940485305,0.03214433759753833
B2,past,10,0,-1,N2,retrieval,2,290,1393443.8068449318,1027853.4467295856,1500593.8274722714,7.142950519767817
B2,past,11,0,1,N2,encoding,0,205,3495.311896733502,52846.704452808444,48903.866658070736,0.03024690057097383
B2,past,11,0,1,N2,encoding,1,205,31320.006092710293,9015.605501657355,20352.307586121806,0.15105593187904384
B2,past,11,0,1,N2,encoding,2,205,7375.207796401988,7706.16813108248,9706.846023510083,0.03780614912774001
B2,past,11,0,1,N2,maintenance,0,362,118671.95251384843,653761.1481900706,462143.28775136394,1.026935178976212
B2,past,11,0,1,N2,maintenance,1,362,13686.618395985757,144033.67475424957,65575.49826483616,0.0660103605969505
B2,past,11,0,1,N2,maintenance,2,362,18672.91442132669,99069.3676782208,56648.6445743053,0.09571947079329803
B2,past,11,0,1,N2,retrieval,0,330,167910.31561177855,963665.9360763702,581154.8786034319,1.4530224401137417
B2,past,11,0,1,N2,retrieval,1,330,8407.794948242929,237181.72703093558,73407.52260231315,0.04055067221875015
B2,past,11,0,1,N2,retrieval,2,330,80782.26153375662,285301.54831723165,104512.40422859644,0.41409900720508946
B2,past,12,0,1,N2,encoding,0,205,58539.40235314959,61291.14961779175,56925.491070996344,0.5065743872856301
B2,past,12,0,1,N2,encoding,1,205,95089.24281088561,41267.03105552872,24785.716321856646,0.45861402906349247
B2,past,12,0,1,N2,encoding,2,205,106890.96848764495,86134.38656316932,80198.61561493544,0.5479351913343975
B2,past,12,0,1,N2,maintenance,0,363,145915.09735282898,273168.7698142697,152184.46672564652,1.2626854403349657
B2,past,12,0,1,N2,maintenance,1,363,153345.96034774723,75209.38626251563,16242.616519685693,0.739585326760432
B2,past,12,0,1,N2,maintenance,2,363,288053.85933145956,325135.7166425231,219939.13921753012,1.4765966550825886
B2,past,12,0,1,N2,retrieval,0,365,76459.28362264678,245097.04111816536,76256.15211744717,0.6616452029998664
B2,past,12,0,1,N2,retrieval,1,365,48783.79113582894,12486.162822510198,13110.639415825122,0.23528351204026196
B2,past,12,0,1,N2,retrieval,2,365,198514.1886812623,254125.36442080492,86108.89259188587,1.0176061784886226
B2,past,13,0,1,N2,encoding,0,205,2307.8846074245735,732.4277743976348,614.16041183865,0.019971424099602862
B2,past,13,0,1,N2,encoding,1,205,4318.832679425431,2886.326288481078,1705.1518328315556,0.020829666925643364
B2,past,13,0,1,N2,encoding,2,205,4358.782797043404,1157.728492229477,937.9191670345232,0.022343613493960572
B2,past,13,0,1,N2,maintenance,0,362,13679.476532243187,27842.561613745544,5443.416521356701,0.11837620754828929
B2,past,13,0,1,N2,maintenance,1,362,36873.90435996816,43264.53149586359,25993.792462336245,0.17784230209361765
B2,past,13,0,1,N2,maintenance,2,362,40795.563897223656,60275.4302696095,29498.052740905176,0.20912267356061617
B2,past,13,0,1,N2,retrieval,0,329,125935.63339289217,52593.08931634111,194440.32402931424,1.089791896722357
B2,past,13,0,1,N2,retrieval,1,329,221297.5973713706,122059.60277814462,318826.0048683023,1.0673150795237631
B2,past,13,0,1,N2,retrieval,2,329,257832.42701773197,136748.6753479252,334136.8135044627,1.3216781757057654
B2,past,15,0,1,N2,encoding,0,205,39154.735897432234,34312.080133130396,37842.79124335984,0.3388279611553847
B2,past,15,0,1,N2,encoding,1,205,21835.949799261118,12065.280511507828,11649.000350541122,0.10531446691382094
B2,past,15,0,1,N2,encoding,2,205,207033.63161751808,253625.522769678,264419.4862383136,1.0612778063294663
B2,past,15,0,1,N2,maintenance,0,362,16938.676481067076,37165.697050617666,29087.473977765865,0.1465798985794463
B2,past,15,0,1,N2,maintenance,1,362,118059.22904505258,513890.98269250744,327734.7622847847,0.5693979371374591
B2,past,15,0,1,N2,maintenance,2,362,159487.57485980986,105159.65586476208,170772.78385155517,0.8175513430432603
B2,past,15,0,1,N2,retrieval,0,347,224886.40624587922,402560.66813149484,176255.8655882461,1.9460686114562675
B2,past,15,0,1,N2,retrieval,1,347,345172.6477631742,1007813.6612835577,619961.1128351861,1.6647626380621576
B2,past,15,0,1,N2,retrieval,2,347,11215.27032172536,51956.875524358045,8038.84523960657,0.05749074385374173
B2,past,17,0,-1,N2,encoding,0,205,13761.69499046998,10490.980679064585,12098.647410198097,0.11908769012968884
B2,past,17,0,-1,N2,encoding,1,205,21673.391540961744,10540.803185654659,21815.136112988104,0.10453045080860822
B2,past,17,0,-1,N2,encoding,2,205,44437.30613369601,33362.98060880725,36895.798155807664,0.22779065606058463
B2,past,17,0,-1,N2,maintenance,0,362,6842.584646613566,12721.79490734727,13051.048258680676,0.059212735106132015
B2,past,17,0,-1,N2,maintenance,1,362,10483.102782723403,28010.151243277935,9087.893015513524,0.05055985158944933
B2,past,17,0,-1,N2,maintenance,2,362,15386.76715570591,25220.1325604961,21688.87711727568,0.07887430832338316
B2,past,17,0,-1,N2,retrieval,0,304,13396.944167987887,2107.4470500633784,34316.28812714906,0.11593129602617348
B2,past,17,0,-1,N2,retrieval,1,304,7481.735655984248,13787.855000306865,19615.224126180332,0.0360843017795713
B2,past,17,0,-1,N2,retrieval,2,304,24667.053760837825,1149.6154052444547,37757.30033807192,0.12644610684449725
B2,past,2,0,-1,N3,encoding,0,205,75031.00989993848,12526.900900381486,14660.776387364182,0.6492855468217538
B2,past,2,0,-1,N3,encoding,1,205,251708.32098915402,309291.5878501823,363420.702845186,1.2139855553085521
B2,past,2,0,-1,N3,encoding,2,205,150589.70823369725,482842.596611469,497691.57070139406,0.7719398725773483
B2,past,2,0,-1,N3,maintenance,0,362,23544.130478298735,170632.94326292828,93320.42377148996,0.20374060874872274
B2,past,2,0,-1,N3,maintenance,1,362,136084.55590207817,227760.44690903454,388221.7368384468,0.6563338252644446
B2,past,2,0,-1,N3,maintenance,2,362,55350.91970701767,442683.82240971166,584931.1057105073,0.283735073311691
B2,past,2,0,-1,N3,retrieval,0,385,173580.36392844486,829088.4451703458,483036.13857502455,1.5020885585986463
B2,past,2,0,-1,N3,retrieval,1,385,125682.47577693801,85688.06512004627,95385.07387679485,0.6061647447689829
B2,past,2,0,-1,N3,retrieval,2,385,196488.81489841957,80529.3886405403,167292.93282647358,1.0072238834553997
B2,past,3,0,-1,N3,encoding,0,205,1552.8749328776792,7662.669012367044,9047.441279627035,0.013437900559833791
B2,past,3,0,-1,N3,encoding,1,205,7600.242905694022,18160.96509789129,31245.702376139045,0.03665586051383026
B2,past,3,0,-1,N3,encoding,2,205,5346.051176501243,21209.749401104247,23924.890995969407,0.02740446284400794
B2,past,3,0,-1,N3,maintenance,0,363,15316.942760162587,32289.857376951837,95935.11998062312,0.13254612418162082
B2,past,3,0,-1,N3,maintenance,1,363,47243.06943050334,97485.5696408768,211115.9989475403,0.22785263376152506
B2,past,3,0,-1,N3,maintenance,2,363,47902.675980965934,116295.70667199962,193777.66756849448,0.2455545337499122
B2,past,3,0,-1,N3,retrieval,0,384,47240.27661090761,52287.77878440152,199700.59427796747,0.40879669448976985
B2,past,3,0,-1,N3,retrieval,1,384,69688.008688599,109282.54803143581,292366.6362081737,0.3361042479395088
B2,past,3,0,-1,N3,retrieval,2,384,98501.99841238958,166955.11177419074,382332.45175930456,0.5049323821324686
B2,past,4,0,1,N3,encoding,0,205,4756.342276061106,5063.25162117945,3945.20794029761,0.04115930599497759
B2,past,4,0,1,N3,encoding,1,205,6127.498797409996,12451.152010294712,4799.656631297143,0.02955283719264407
B2,past,4,0,1,N3,encoding,2,205,9390.459007259507,11407.633957249485,9372.783538567286,0.04813655471234023
B2,past,4,0,1,N3,maintenance,0,363,55393.355065597316,105842.92710044651,41643.58100273295,0.47934986990075695
B2,past,4,0,1,N3,maintenance,1,363,118914.55924715263,196669.0314239954,102987.06164692412,0.5735231822079764
B2,past,4,0,1,N3,maintenance,2,363,127723.26063603797,205835.46913313086,132498.31225916464,0.6547238765317176
B2,past,4,0,1,N3,retrieval,0,248,145406.63894373138,51963.47985789724,183337.1446514522,1.258285463623639
B2,past,4,0,1,N3,retrieval,1,248,407474.44169623934,218073.45816974624,459126.0625755034,1.9652432801296484
B2,past,4,0,1,N3,retrieval,2,248,368046.3709433477,170055.63181223485,376763.11667820724,1.8866473148859482
B2,past,5,0,-1,N3,encoding,0,205,20325.20518399337,18668.30540528371,16319.177170823801,0.17588543696470088
B2,past,5,0,-1,N3,encoding,1,205,27669.630399374182,18142.545021536014,8052.773403419505,0.13345022323284286
B2,past,5,0,-1,N3,encoding,2,205,31648.112486639304,38842.49293411236,34847.958419515446,0.16223180326730433
B2,past,5,0,-1,N3,maintenance,0,363,74557.95828283939,85459.55937781517,25342.960474916777,0.6451919650041466
B2,past,5,0,-1,N3,maintenance,1,363,81172.88695110747,37287.56765168842,3096.9166640659764,0.3914956480345548
B2,past,5,0,-1,N3,maintenance,2,363,125647.97385323021,120794.01841963743,60591.41450569567,0.6440857218166826
B2,past,5,0,-1,N3,retrieval,0,285,28744.858213606298,44181.587556796236,1449.3095174856298,0.2487454321676463
B2,past,5,0,-1,N3,retrieval,1,285,18374.023862716986,2502.6076287564024,38947.39196981979,0.08861764869185323
B2,past,5,0,-1,N3,retrieval,2,285,43309.312030090485,42343.47930687169,3704.0608866652565,0.22200843073577053
B2,past,6,0,1,N3,encoding,0,205,35991.141897672904,107231.59100143485,113167.43703320557,0.31145160219666773
B2,past,6,0,1,N3,encoding,1,205,74199.2594553028,164723.79756531026,204808.48790550043,0.35786194448935404
B2,past,6,0,1,N3,encoding,2,205,63255.57961617523,272457.7270857589,283499.2771497668,0.32425525383805803
B2,past,6,0,1,N3,maintenance,0,362,21516.37089319265,98931.28705171628,196163.20533367337,0.18619326408690268
B2,past,6,0,1,N3,maintenance,1,362,35025.07134761911,40940.627103807885,99073.83631680628,0.16892540748183377
B2,past,6,0,1,N3,maintenance,2,362,21760.093695742627,165411.62983522625,250741.2602389125,0.11154470084167396
B2,past,6,0,1,N3,retrieval,0,284,18041.012027433222,2639.2302150984087,48920.841901315966,0.15611902832004154
B2,past,6,0,1,N3,retrieval,1,284,130505.622428163,37548.48496961824,1249.7764754274892,0.6294267106138637
B2,past,6,0,1,N3,retrieval,2,284,116909.13509690655,6728.5873933045705,27453.284036285906,0.5992894461936386
B2,past,7,0,1,N3,encoding,0,205,41395.27094200042,2067.0524360570025,2094.635270726578,0.35821657159160053
B2,past,7,0,1,N3,encoding,1,205,58212.11732201858,125206.75546392566,160786.50504427668,0.28075619151224807
B2,past,7,0,1,N3,encoding,2,205,58660.037581763616,382800.0177448651,396071.5531626348,0.30069798572141976
B2,past,7,0,1,N3,maintenance,0,363,40695.59711201646,479332.2261203851,326905.09474780754,0.35216190025099275
B2,past,7,0,1,N3,maintenance,1,363,20059.84980153691,50006.42792825704,126951.96156636962,0.09674836256912729
B2,past,7,0,1,N3,maintenance,2,363,32409.553097165717,259257.0811663027,365994.6090891068,0.16613503393797407
B2,past,7,0,1,N3,retrieval,0,297,97358.22423003596,1072194.2833782984,665998.3913735924,0.8424954954104334
B2,past,7,0,1,N3,retrieval,1,297,46792.67665447546,1685.2897244922353,35889.77773272038,0.2256803959818422
B2,past,7,0,1,N3,retrieval,2,297,83214.53946353638,41011.801883531065,169888.44256112678,0.42656713890684633
B2,past,8,0,1,N3,encoding,0,205,1815.5204060175467,5124.182114597277,6205.1962433180715,0.015710719623249027
B2,past,8,0,1,N3,encoding,1,205,30195.597113559168,46593.86142747045,67420.60323188976,0.14563292379737008
B2,past,8,0,1,N3,encoding,2,205,3778.0723689862225,19758.05749090168,22394.341621882908,0.019366826174981696
B2,past,8,0,1,N3,maintenance,0,362,6170.208941412981,6536.676610351934,12682.395593754321,0.05339428979927788
B2,past,8,0,1,N3,maintenance,1,362,13689.733526176991,24897.291958384823,87076.05179300111,0.06602538482435864
B2,past,8,0,1,N3,maintenance,2,362,7556.496689681365,9237.512595815637,29782.748103581966,0.038735456494220825
B2,past,8,0,1,N3,retrieval,0,257,672.7294422839718,4365.844592965325,24267.720061994467,0.005821506392876102
B2,past,8,0,1,N3,retrieval,1,257,14562.694598216824,23018.37336512168,135144.1203422616,0.07023566332305273
B2,past,8,0,1,N3,retrieval,2,257,663.4585712906747,6031.677083556469,82956.36506659923,0.003400963658072019
B2,past,9,0,1,N3,encoding,0,205,8981.946466587302,868.3828803792793,499.59321262264365,0.07772583670217449
B2,past,9,0,1,N3,encoding,1,205,20556.956140207567,10842.452398289854,3645.6040109867877,0.09914589917906917
B2,past,9,0,1,N3,encoding,2,205,13919.52417563542,2152.9558877938925,1370.6197607866109,0.07135305489670192
B2,past,9,0,1,N3,maintenance,0,362,40729.50157412641,22838.661824008595,1898.2853324579696,0.3524552946388614
B2,past,9,0,1,N3,maintenance,1,362,108548.20613719792,88589.77602651551,29474.125855859365,0.5235264125848728
B2,past,9,0,1,N3,maintenance,2,362,70274.5414699753,44571.19147053529,14095.58933250091,0.36023524598094264
B2,past,9,0,1,N3,retrieval,0,252,3674.6581907369446,4367.071924601157,72280.68747291456,0.0317988849668626
B2,past,9,0,1,N3,retrieval,1,252,10520.451290978523,10265.01092593173,98027.04957799206,0.050739982899196505
B2,past,9,0,1,N3,retrieval,2,252,14278.903519480393,12365.022825201191,95074.75390074664,0.07319527405064369
B2,past,10,0,-1,N3,encoding,0,205,11934.15247330617,76110.53253551779,81210.65549616882,0.10327293641413635
B2,past,10,0,-1,N3,encoding,1,205,184857.24885751482,367533.3324656216,426046.6938348318,0.8915638109427908
B2,past,10,0,-1,N3,encoding,2,205,1263526.8302985346,988356.0362858989,1009177.0879116884,6.476981407421672
B2,past,10,0,-1,N3,maintenance,0,362,76974.60459655953,56968.49245968803,99638.64898451697,0.6661045653459399
B2,past,10,0,-1,N3,maintenance,1,362,77144.42697005051,265487.33198604087,431893.43853334786,0.3720664443915314
B2,past,10,0,-1,N3,maintenance,2,362,2068397.7020227637,1694990.7062644074,1968027.6650419943,10.602840507937485
B2,past,10,0,-1,N3,retrieval,0,290,366371.216068526,118820.47337021225,17694.12326932905,3.170416280975565
B2,past,10,0,-1,N3,retrieval,1,290,6440.809469599733,46775.28997013785,187196.10940485305,0.03106392998793844
B2,past,10,0,-1,N3,retrieval,2,290,1370215.5839517533,1027853.4467295856,1500593.8274722714,7.023880022649038
B2,past,11,0,1,N3,encoding,0,205,3067.1781593024366,52846.704452808444,48903.866658070736,0.026542018440352293
B2,past,11,0,1,N3,encoding,1,205,33333.54138084044,9015.605501657355,20352.307586121806,0.16076718316103608
B2,past,11,0,1,N3,encoding,2,205,5302.717030016444,7706.16813108248,9706.846023510083,0.027182327109049137
B2,past,11,0,1,N3,maintenance,0,362,134165.61414363873,653761.1481900706,462143.28775136394,1.1610105509722093
B2,past,11,0,1,N3,maintenance,1,362,16840.692723110526,144033.67475424957,65575.49826483616,0.08122241500362223
B2,past,11,0,1,N3,maintenance,2,362,25568.482793142637,99069.3676782208,56648.6445743053,0.13106693399461714
B2,past,11,0,1,N3,retrieval,0,330,153249.4302245436,963665.9360763702,581154.8786034319,1.326153549527881
B2,past,11,0,1,N3,retrieval,1,330,6135.708639564199,237181.72703093558,73407.52260231315,0.02959243314142874
B2,past,11,0,1,N3,retrieval,2,330,67709.6225651427,285301.54831723165,104512.40422859644,0.34708718164247504
B2,past,12,0,1,N3,encoding,0,205,57950.334636130436,61291.14961779175,56925.491070996344,0.5014768528759256
B2,past,12,0,1,N3,encoding,1,205,89957.42932436118,41267.03105552872,24785.716321856646,0.4338633675808044
B2,past,12,0,1,N3,encoding,2,205,107395.45556753519,86134.38656316932,80198.61561493544,0.5505212491515961
B2,past,12,0,1,N3,maintenance,0,363,160479.98743954487,273168.7698142697,152184.46672564652,1.3887236295711713
B2,past,12,0,1,N3,maintenance,1,363,161829.00168351555,75209.38626251563,16242.616519685693,0.7804989112070577
B2,past,12,0,1,N3,maintenance,2,363,315881.8120353299,325135.7166425231,219939.13921753012,1.6192458873327593
B2,past,12,0,1,N3,retrieval,0,365,65665.78521757295,245097.04111816536,76256.15211744717,0.5682429880569506
B2,past,12,0,1,N3,retrieval,1,365,43698.86321245357,12486.162822510198,13110.639415825122,0.21075897894376253
B2,past,12,0,1,N3,retrieval,2,365,174395.51860305,254125.36442080492,86108.89259188587,0.893971148410623
B2,past,13,0,1,N3,encoding,0,205,2505.20836886313,732.4277743976348,614.16041183865,0.02167897763669932
B2,past,13,0,1,N3,encoding,1,205,3016.7899126632424,2886.326288481078,1705.1518328315556,0.014549933681102002
B2,past,13,0,1,N3,encoding,2,205,4336.824668625095,1157.728492229477,937.9191670345232,0.022231053644737937
B2,past,13,0,1,N3,maintenance,0,362,17541.49231573501,27842.561613745544,5443.416521356701,0.15179640318690332
B2,past,13,0,1,N3,maintenance,1,362,36937.32992405873,43264.53149586359,25993.792462336245,0.17814820266273934
B2,past,13,0,1,N3,maintenance,2,362,50654.51357250475,60275.4302696095,29498.052740905176,0.25966076441256447
B2,past,13,0,1,N3,retrieval,0,329,140081.50023517438,52593.08931634111,194440.32402931424,1.2122040420501041
B2,past,13,0,1,N3,retrieval,1,329,233858.14545435453,122059.60277814462,318826.0048683023,1.127894419450146
B2,past,13,0,1,N3,retrieval,2,329,282657.5703807037,136748.6753479252,334136.8135044627,1.448934667727035
B2,past,15,0,1,N3,encoding,0,205,37960.373580238665,34312.080133130396,37842.79124335984,0.3284924719855533
B2,past,15,0,1,N3,encoding,1,205,20479.44607439157,12065.280511507828,11649.000350541122,0.09877206926386467
B2,past,15,0,1,N3,encoding,2,205,200700.3725707102,253625.522769678,264419.4862383136,1.028812804312162
B2,past,15,0,1,N3,maintenance,0,362,16886.223280060247,37165.697050617666,29087.473977765865,0.14612599151697056
B2,past,15,0,1,N3,maintenance,1,362,126216.18535242308,513890.98269250744,327734.7622847847,0.6087388182554001
B2,past,15,0,1,N3,maintenance,2,362,140108.99493547616,105159.65586476208,170772.78385155517,0.7182145510872963
B2,past,15,0,1,N3,retrieval,0,347,205257.6093906007,402560.66813149484,176255.8655882461,1.7762095876122728
B2,past,15,0,1,N3,retrieval,1,347,326272.6881311923,1007813.6612835577,619961.1128351861,1.5736084088377316
B2,past,15,0,1,N3,retrieval,2,347,8177.6871908699395,51956.875524358045,8038.84523960657,0.041919749245420045
B2,past,17,0,-1,N3,encoding,0,205,15356.554643369456,10490.980679064585,12098.647410198097,0.1328889080956707
B2,past,17,0,-1,N3,encoding,1,205,23587.525112183714,10540.803185654659,21815.136112988104,0.11376228906196005
B2,past,17,0,-1,N3,encoding,2,205,46755.210037977864,33362.98060880725,36895.798155807664,0.23967249357461398
B2,past,17,0,-1,N3,maintenance,0,362,6863.302692135327,12721.79490734727,13051.048258680676,0.059392020011581295
B2,past,17,0,-1,N3,maintenance,1,362,10821.300926425483,28010.151243277935,9087.893015513524,0.05219097629630469
B2,past,17,0,-1,N3,maintenance,2,362,16179.094999835374,25220.1325604961,21688.87711727568,0.08293587044612537
B2,past,17,0,-1,N3,retrieval,0,304,13805.756750053091,2107.4470500633784,34316.28812714906,0.11946898132786148
B2,past,17,0,-1,N3,retrieval,1,304,7763.286928588668,13787.855000306865,19615.224126180332,0.03744221945459022
B2,past,17,0,-1,N3,retrieval,2,304,22765.967670302874,1149.6154052444547,37757.30033807192,0.11670092457607359
B2,past,24,1,-1,B0,encoding,0,205,3447.164542451013,2426.31378342426,2412.5913343926295,0.029938779903758372
B2,past,24,1,-1,B0,encoding,1,205,8204.542055795615,81337.50848712795,93367.798982378,0.05358841439248375
B2,past,24,1,-1,B0,encoding,2,205,1388.131292130299,32456.827193892997,51619.45835014508,0.007868570685852448
B2,past,24,1,-1,B0,maintenance,0,362,2187.4771799661457,75955.20290971524,25886.05298350953,0.01899833820782321
B2,past,24,1,-1,B0,maintenance,1,362,14936.688736353952,289522.6637758509,235648.54401755967,0.09755979800114023
B2,past,24,1,-1,B0,maintenance,2,362,11165.944864217097,260077.65965504758,260181.10122791,0.06329374385299587
B2,past,24,1,-1,B0,retrieval,0,324,2373.6620368848285,149241.41273994758,36997.570944230945,0.020615362107917583
B2,past,24,1,-1,B0,retrieval,1,324,17610.864290776666,212285.86059509637,126937.58945515264,0.11502632164061934
B2,past,24,1,-1,B0,retrieval,2,324,2472.1016372071786,302802.01128220145,231896.48372756617,0.01401301633732666
B2,past,25,1,-1,B0,encoding,0,205,37325.0141284842,4058.2848417761757,4094.474715564324,0.32416943523758135
B2,past,25,1,-1,B0,encoding,1,205,36399.69187656134,241156.66851213452,261470.50424058185,0.23774657485752124
B2,past,25,1,-1,B0,encoding,2,205,660.606116870829,67180.87133279149,94978.13084452898,0.003744621244095332
B2,past,25,1,-1,B0,maintenance,0,363,11769.593972879306,179879.36247826592,97676.3824481285,0.10221945577918176
B2,past,25,1,-1,B0,maintenance,1,363,210109.32220602653,1220366.0502365066,1106941.2790792796,1.3723405096262358
B2,past,25,1,-1,B0,maintenance,2,363,159236.24045008596,955629.3683862847,955827.2272980969,0.9026247162889308
B2,past,25,1,-1,B0,retrieval,0,309,13982.728144286873,368824.3884699584,170773.83861945337,0.1214406261176729
B2,past,25,1,-1,B0,retrieval,1,309,16429.130130460373,817426.3561924564,639327.4383862591,0.10730776045169231
B2,past,25,1,-1,B0,retrieval,2,309,79237.55342481963,1054714.526869319,918209.9437607136,0.44915512936846785
B2,past,26,1,1,B0,encoding,0,205,35176.45553424935,32319.38791039697,32417.855088123582,0.3055091067064144
B2,past,26,1,1,B0,encoding,1,205,9162.62381363945,10692.069679117098,7927.963328543157,0.05984617770359349
B2,past,26,1,1,B0,encoding,2,205,6787.856437995578,33154.133594925566,17507.18921001728,0.03847671217455224
B2,past,26,1,1,B0,maintenance,0,362,12427.32316326953,17230.524490364005,25125.139247552146,0.10793186353485243
B2,past,26,1,1,B0,maintenance,1,362,436002.767073974,547142.1684014971,475502.97313110786,2.847775878207009
B2,past,26,1,1,B0,maintenance,2,362,130836.11411871847,100269.90787513673,100321.10913996253,0.7416396547227744
B2,past,26,1,1,B0,retrieval,0,315,36941.6137176997,92500.17110583288,14548.505212020682,0.3208395853356888
B2,past,26,1,1,B0,retrieval,1,315,489390.13382834184,716161.2917855775,549713.6128112386,3.1964783790291764
B2,past,26,1,1,B0,retrieval,2,315,334762.8426811402,344445.1683931736,269100.98060217476,1.8975907434454693
B2,past,27,1,-1,B0,encoding,0,205,4770.466014080192,6795.635321442831,6747.502975666355,0.04143171301372133
B2,past,27,1,-1,B0,encoding,1,205,10323.910741752345,15437.781426712561,20681.75322262912,0.06743118667899738
B2,past,27,1,-1,B0,encoding,2,205,16184.340146677287,27859.480332918552,47194.75358549302,0.09174033117038624
B2,past,27,1,-1,B0,maintenance,0,363,58012.400982504354,33917.47620274051,79636.38737680932,0.5038403253790882
B2,past,27,1,-1,B0,maintenance,1,363,163307.31895820235,90524.32726207384,122961.97923718177,1.0666506700975185
B2,past,27,1,-1,B0,maintenance,2,363,200187.685971721,120985.59703475848,120935.01594662793,1.1347564646340822
B2,past,27,1,-1,B0,retrieval,0,347,103990.84749022599,45312.76799236875,160399.0897468045,0.9031652120677449
B2,past,27,1,-1,B0,retrieval,1,347,22784.686604146093,14554.496675067472,15395.22922987543,0.14881942456292907
B2,past,27,1,-1,B0,retrieval,2,347,124399.42033048318,46952.2793172047,70774.31269649678,0.7051534949891441
B2,past,28,1,-1,B0,encoding,0,205,2885.2351798127047,2081.0987233559717,2100.046507960857,0.025058397983397335
B2,past,28,1,-1,B0,encoding,1,205,1245.3129448275852,987.6687665942429,1901.5623988989025,0.008133829491263851
B2,past,28,1,-1,B0,encoding,2,205,2969.7310281167597,1843.251349603254,2057.572014629484,0.016833810061903383
B2,past,28,1,-1,B0,maintenance,0,362,3866.2384295252173,1658.2422476926051,26364.361666177712,0.03357845556008959
B2,past,28,1,-1,B0,maintenance,1,362,8494.599572176232,1859.4604449173273,8259.532350090414,0.05548294089740663
B2,past,28,1,-1,B0,maintenance,2,362,2286.384843928461,327.4711895333188,324.35287453391663,0.012960287590594925
B2,past,28,1,-1,B0,retrieval,0,273,2903.9031403263143,905.5481541948783,49404.46367834555,0.025220530064470448
B2,past,28,1,-1,B0,retrieval,1,273,874.5494784781906,6087.3013876198775,2263.175338690433,0.0057121676677023454
B2,past,28,1,-1,B0,retrieval,2,273,411.7040769011368,2278.877318879429,1080.389792469466,0.0023337292726674902
B2,past,29,1,-1,B0,encoding,0,205,18665.829817827784,2730.5916356857956,2714.493356510481,0.16211357588391
B2,past,29,1,-1,B0,encoding,1,205,8291.81495600239,192125.16971773817,209893.9736522237,0.054158442105147
B2,past,29,1,-1,B0,encoding,2,205,1440.5408193908804,51972.53734208625,76185.09929157226,0.008165652145077478
B2,past,29,1,-1,B0,maintenance,0,363,41150.08577814781,380973.49422764924,252336.18103795857,0.35739035545334796
B2,past,29,1,-1,B0,maintenance,1,363,165014.7974996375,1271194.9836229817,1156031.6122099925,1.0778031594165374
B2,past,29,1,-1,B0,maintenance,2,363,163545.46565565703,898582.4860432665,898771.7786497482,0.9270513993581215
B2,past,29,1,-1,B0,retrieval,0,303,51756.343029802934,633170.4684705234,361976.25224769604,0.44950617921213115
B2,past,29,1,-1,B0,retrieval,1,303,36452.987443577695,1099694.992098753,891218.6199975085,0.2380946777633425
B2,past,29,1,-1,B0,retrieval,2,303,118345.9743111766,1048357.3442822857,912393.943631402,0.6708397610030687
B2,past,30,1,1,B0,encoding,0,205,4120.03503557656,8960.13843778138,8907.433906095977,0.03578269055825112
B2,past,30,1,1,B0,encoding,1,205,7849.5256164574685,116742.88220069825,131106.65204713104,0.05126960513560906
B2,past,30,1,1,B0,encoding,2,205,57164.2684946611,545.8864418894681,2035.9658205771336,0.3240335333590821
B2,past,30,1,1,B0,maintenance,0,362,2382.635397171266,184129.13092116898,97560.31242858726,0.020693296147707214
B2,past,30,1,1,B0,maintenance,1,362,64527.145571961904,684434.1043013827,600462.1388923707,0.4214625743836347
B2,past,30,1,1,B0,maintenance,2,362,26175.304092139915,242229.29331918387,242319.7782018022,0.1483737393143881
B2,past,30,1,1,B0,retrieval,0,335,1684.6984549105584,401481.08016269625,193259.46638031895,0.014631682249175887
B2,past,30,1,1,B0,retrieval,1,335,12018.373601855628,615174.0728662988,462245.0061464422,0.07849866336476136
B2,past,30,1,1,B0,retrieval,2,335,6645.957441216542,629501.4430910662,525124.3969609906,0.037672362980252415
B2,past,31,1,1,B0,encoding,0,205,4054.4122206519755,16561.629565007657,16489.499945531275,0.03521275344370444
B2,past,31,1,1,B0,encoding,1,205,5896.570626172551,67493.94036951433,78775.19613380905,0.03851377298830116
B2,past,31,1,1,B0,encoding,2,205,1492.7172726028934,75479.82575527519,105888.56765590997,0.008461412432712617
B2,past,31,1,1,B0,maintenance,0,363,10192.911526328206,284055.19585279346,170080.86106133688,0.08852589744620774
B2,past,31,1,1,B0,maintenance,1,363,21422.252891070028,279004.38618774107,226379.22554041023,0.13992061437924105
B2,past,31,1,1,B0,maintenance,2,363,37281.82096068501,543307.6214067076,543457.2504834709,0.21133061778057602
B2,past,31,1,1,B0,retrieval,0,321,10282.14808199346,279679.81211930246,112216.62098844549,0.08930092096670728
B2,past,31,1,1,B0,retrieval,1,321,39587.85161054796,129066.44032349875,65212.399759162974,0.25857021422854753
B2,past,31,1,1,B0,retrieval,2,321,14712.913671922983,399247.49976801034,317205.2438743689,0.08339960483471616
B2,past,32,1,1,B0,encoding,0,205,35498.05021138475,2542.0160080190108,2569.9797452246507,0.3083021710172148
B2,past,32,1,1,B0,encoding,1,205,3757.638910714408,128840.94472883115,143696.93264338447,0.02454322370648852
B2,past,32,1,1,B0,encoding,2,205,3622.4453048009714,28818.494051432073,46245.912854709786,0.02053369670293783
B2,past,32,1,1,B0,maintenance,0,362,11248.966165716194,209581.42287538864,119335.93101965578,0.09769777973544112
B2,past,32,1,1,B0,maintenance,1,362,172473.41809013713,1149258.3396883511,1040231.7246999642,1.126519547032305
B2,past,32,1,1,B0,maintenance,2,362,152031.30315355546,833740.955089842,833923.9116088382,0.8617837967546689
B2,past,32,1,1,B0,retrieval,0,265,131018.8897075549,801295.6857474536,492677.111470043,1.1379049807121362
B2,past,32,1,1,B0,retrieval,1,265,353892.6910877027,1910754.0494023724,1635826.19135512,2.3114694338220456
B2,past,32,1,1,B0,retrieval,2,265,632557.0029465898,2190504.3436049083,1992568.8707603964,3.5856258833253154
B2,past,33,1,1,B0,encoding,0,205,32425.93113772275,13944.234134709543,13989.959165207512,0.2816206779663761
B2,past,33,1,1,B0,encoding,1,205,98726.82259785068,18554.835350485482,16555.240173843657,0.6448396321266473
B2,past,33,1,1,B0,encoding,2,205,204960.43027558707,65079.645972729886,52050.25144432459,1.1618105885007355
B2,past,33,1,1,B0,maintenance,0,363,123431.13632226756,31617.131036933082,90271.34492920425,1.0720049995048007
B2,past,33,1,1,B0,maintenance,1,363,248293.96063324923,27388.309446436626,40524.28007776383,1.6217455603346682
B2,past,33,1,1,B0,maintenance,2,363,775988.7710118553,247192.92084368793,247092.6183983138,4.398663534746834
B2,past,33,1,1,B0,retrieval,0,305,65905.70924683417,4924.413366551382,45970.254383536136,0.5723940645255988
B2,past,33,1,1,B0,retrieval,1,305,68617.58913839752,48333.17323514249,13763.63933536072,0.44817952986957554
B2,past,33,1,1,B0,retrieval,2,305,228041.54120416255,12647.36915225492,17775.90135792545,1.2926450087599177
B2,past,34,1,1,B0,encoding,0,205,4328.059012136012,90891.68932682992,90731.13926443744,0.03758938819981186
B2,past,34,1,1,B0,encoding,1,205,523.0317705255547,74584.41584810865,86156.15747381285,0.00341621056589732
B2,past,34,1,1,B0,encoding,2,205,6062.941710580755,27717.980923786803,44616.358692148395,0.034367559959472306
B2,past,34,1,1,B0,maintenance,0,363,67866.96503996449,613863.7414376267,437029.95619467745,0.589427659760873
B2,past,34,1,1,B0,maintenance,1,363,42415.67107761404,148623.2215450481,110722.76573728082,0.277040271472172
B2,past,34,1,1,B0,maintenance,2,363,3329.6760572134826,185598.299790142,185685.55498004277,0.018874145093989773
B2,past,34,1,1,B0,retrieval,0,318,53431.32534284222,772168.6356255347,469080.7016480339,0.46405347632987054
B2,past,34,1,1,B0,retrieval,1,318,166421.20032419555,108306.01221227829,51131.907977732604,1.086989156252514
B2,past,34,1,1,B0,retrieval,2,318,13682.646076402669,228251.0572616266,167285.93745928167,0.07755957122503229
B2,past,35,1,-1,B0,encoding,0,205,6244.649353461047,2123.307631587343,2111.062507450623,0.05423506196675093
B2,past,35,1,-1,B0,encoding,1,205,32848.3802385444,173719.57330964063,191020.85182561228,0.21455098899779995
B2,past,35,1,-1,B0,encoding,2,205,33958.15100228971,873.8575124817793,2825.111701312023,0.1924905180347209
B2,past,35,1,-1,B0,maintenance,0,363,9652.092848152592,146385.44018827588,70989.01706356744,0.0838288627748576
B2,past,35,1,-1,B0,maintenance,1,363,143927.03260021735,743587.3936061228,655485.4743681668,0.9400672716172742
B2,past,35,1,-1,B0,maintenance,2,363,12800.362300608018,84007.78417636255,84063.8636975221,0.07255837840258178
B2,past,35,1,-1,B0,retrieval,0,337,19960.051920251215,304378.0250543364,127934.0577404182,0.17335395335758993
B2,past,35,1,-1,B0,retrieval,1,337,20862.693881133753,498766.0821843404,362540.3917551228,0.1362658241548029
B2,past,35,1,-1,B0,retrieval,2,337,1594.2084328639792,199165.08037329046,142529.0854719592,0.009036711306119593
B2,past,36,1,1,B0,encoding,0,205,43797.36035740923,40950.89314413703,41054.407342259656,0.3803820548623261
B2,past,36,1,1,B0,encoding,1,205,81882.70906334379,118088.08620012464,104734.2406038005,0.5348213849139859
B2,past,36,1,1,B0,encoding,2,205,125878.59040214917,160003.43635103045,124978.2104760572,0.7135381156163756
B2,past,36,1,1,B0,maintenance,0,362,65439.64033459878,52157.49396369191,122795.67251376479,0.5683462349510123
B2,past,36,1,1,B0,maintenance,1,362,43939.94472229155,81031.03979533087,110777.669928869,0.2869961480053198
B2,past,36,1,1,B0,maintenance,2,362,89407.14009381969,120067.96651063031,120002.64438190777,0.5068010537882873
B2,past,36,1,1,B0,retrieval,0,300,11936.107177500266,3555.9916624757516,51410.22885247859,0.10366563048967928
B2,past,36,1,1,B0,retrieval,1,300,4435.89269249935,477.36246919914043,11130.555585645232,0.0289732753138035
B2,past,36,1,1,B0,retrieval,2,300,3435.796351299522,4044.935411316223,4173.443631719113,0.019475684040596176
B2,past,37,1,-1,B0,encoding,0,205,9996.59661558099,7414.621658030926,7365.293650436545,0.08682089357061441
B2,past,37,1,-1,B0,encoding,1,205,6546.92759846981,1534.6511867325385,1184.7710635276183,0.04276161506132556
B2,past,37,1,-1,B0,encoding,2,205,12789.961070804906,5907.951699181282,16050.926265747956,0.07249941941765754
B2,past,37,1,-1,B0,maintenance,0,363,35910.18405178407,25232.047166557306,1515.6786422344194,0.3118815720544026
B2,past,37,1,-1,B0,maintenance,1,363,7351.421929293081,23345.641179236776,40671.52428142971,0.048016213707219244
B2,past,37,1,-1,B0,maintenance,2,363,36360.813221783515,10559.434964616898,10579.01726061718,0.20610991961113856
B2,past,37,1,-1,B0,retrieval,0,329,54312.0251788432,48177.673855717796,27589.672112336586,0.47170239422357857
B2,past,37,1,-1,B0,retrieval,1,329,134631.248375379,209377.76820647132,280955.8079585984,0.8793513494175867
B2,past,37,1,-1,B0,retrieval,2,329,131358.70364010677,106225.1066178633,99964.70212166627,0.7446019340201591
B2,past,24,1,-1,N0,encoding,0,205,3217.718807594887,2426.31378342426,2412.5913343926295,0.027946033322874417
B2,past,24,1,-1,N0,encoding,1,205,8123.678496673618,81337.50848712795,93367.798982378,0.05306024964105566
B2,past,24,1,-1,N0,encoding,2,205,1569.2589595360755,32456.827193892997,51619.45835014508,0.008895286142975176
B2,past,24,1,-1,N0,maintenance,0,362,2134.8895650697286,75955.20290971524,25886.05298350953,0.018541612394866222
B2,past,24,1,-1,N0,maintenance,1,362,15125.106277470732,289522.6637758509,235648.54401755967,0.09879045745824502
B2,past,24,1,-1,N0,maintenance,2,362,12071.688435235572,260077.65965504758,260181.10122791,0.06842791765357202
B2,past,24,1,-1,N0,retrieval,0,324,2639.4948976984588,149241.41273994758,36997.570944230945,0.02292413252287054
B2,past,24,1,-1,N0,retrieval,1,324,19140.910149510062,212285.86059509637,126937.58945515264,0.12501989970502697
B2,past,24,1,-1,N0,retrieval,2,324,4052.4581324745145,302802.01128220145,231896.48372756617,0.02297120844952481
B2,past,25,1,-1,N0,encoding,0,205,36079.569092125894,4058.2848417761757,4094.474715564324,0.3133526887879767
B2,past,25,1,-1,N0,encoding,1,205,36289.578162059894,241156.66851213452,261470.50424058185,0.23702736111922001
B2,past,25,1,-1,N0,encoding,2,205,760.4931730686889,67180.87133279149,94978.13084452898,0.004310827313182924
B2,past,25,1,-1,N0,maintenance,0,363,11826.659595335692,179879.36247826592,97676.3824481285,0.10271507329025596
B2,past,25,1,-1,N0,maintenance,1,363,210788.52042723633,1220366.0502365066,1106941.2790792796,1.3767767298912192
B2,past,25,1,-1,N0,maintenance,2,363,162837.59034776993,955629.3683862847,955827.2272980969,0.9230388344599331
B2,past,25,1,-1,N0,retrieval,0,309,14580.227697969436,368824.3884699584,170773.83861945337,0.12662993675544626
B2,past,25,1,-1,N0,retrieval,1,309,19197.74261602709,817426.3561924564,639327.4383862591,0.12539110406304596
B2,past,25,1,-1,N0,retrieval,2,309,81591.78895208413,1054714.526869319,918209.9437607136,0.4625000260381463
B2,past,26,1,1,N0,encoding,0,205,32797.79426583266,32319.38791039697,32417.855088123582,0.28485032604661814
B2,past,26,1,1,N0,encoding,1,205,6651.391967052085,10692.069679117098,7927.963328543157,0.04344392978831043
B2,past,26,1,1,N0,encoding,2,205,6199.638539319683,33154.133594925566,17507.18921001728,0.035142420857401796
B2,past,26,1,1,N0,maintenance,0,362,13755.363967181278,17230.524490364005,25125.139247552146,0.11946595795996331
B2,past,26,1,1,N0,maintenance,1,362,424528.07942327025,547142.1684014971,475502.97313110786,2.77282832931659
B2,past,26,1,1,N0,maintenance,2,362,127838.31736879586,100269.90787513673,100321.10913996253,0.7246467551589406
B2,past,26,1,1,N0,retrieval,0,315,37329.41912019756,92500.17110583288,14548.505212020682,0.3242076927897694
B2,past,26,1,1,N0,retrieval,1,315,493801.17973689927,716161.2917855775,549713.6128112386,3.225289366217067
B2,past,26,1,1,N0,retrieval,2,315,336478.80298363394,344445.1683931736,269100.98060217476,1.9073176007037391
B2,past,27,1,-1,N0,encoding,0,205,5409.462200379144,6795.635321442831,6747.502975666355,0.046981423781906145
B2,past,27,1,-1,N0,encoding,1,205,10156.724887371773,15437.781426712561,20681.75322262912,0.06633920314302673
B2,past,27,1,-1,N0,encoding,2,205,14841.885812615437,27859.480332918552,47194.75358549302,0.08413067862528453
B2,past,27,1,-1,N0,maintenance,0,363,58599.9289601406,33917.47620274051,79636.38737680932,0.508943032428066
B2,past,27,1,-1,N0,maintenance,1,363,162727.74696151385,90524.32726207384,122961.97923718177,1.062865163957431
B2,past,27,1,-1,N0,maintenance,2,363,197842.90057460385,120985.59703475848,120935.01594662793,1.121465135676246
B2,past,27,1,-1,N0,retrieval,0,347,102849.47064384069,45312.76799236875,160399.0897468045,0.8932523025531678
B2,past,27,1,-1,N0,retrieval,1,347,20912.11743448323,14554.496675067472,15395.22922987543,0.1365886367919531
B2,past,27,1,-1,N0,retrieval,2,347,121087.68301712789,46952.2793172047,70774.31269649678,0.6863810349986194
B2,past,28,1,-1,N0,encoding,0,205,2795.6036926736015,2081.0987233559717,2100.046507960857,0.02427994446519187
B2,past,28,1,-1,N0,encoding,1,205,1225.8214805919545,987.6687665942429,1901.5623988989025,0.008006519928405622
B2,past,28,1,-1,N0,encoding,2,205,3195.5482507049446,1843.251349603254,2057.572014629484,0.018113846603181234
B2,past,28,1,-1,N0,maintenance,0,362,4221.2917165648505,1658.2422476926051,26364.361666177712,0.03666210941063293
B2,past,28,1,-1,N0,maintenance,1,362,8414.641717449314,1859.4604449173273,8259.532350090414,0.05496069180368503
B2,past,28,1,-1,N0,maintenance,2,362,1885.5564916629742,327.4711895333188,324.35287453391663,0.010688206959191149
B2,past,28,1,-1,N0,retrieval,0,273,2720.7917141721214,905.5481541948783,49404.46367834555,0.023630199049521048
B2,past,28,1,-1,N0,retrieval,1,273,639.2477644982866,6087.3013876198775,2263.175338690433,0.004175281675740175
B2,past,28,1,-1,N0,retrieval,2,273,420.3614591684664,2278.877318879429,1080.389792469466,0.002382803322587068
B2,past,29,1,-1,N0,encoding,0,205,17824.77669444436,2730.5916356857956,2714.493356510481,0.15480899148178537
B2,past,29,1,-1,N0,encoding,1,205,8257.459480160162,192125.16971773817,209893.9736522237,0.05393404743892868
B2,past,29,1,-1,N0,encoding,2,205,1823.7342622248566,51972.53734208625,76185.09929157226,0.0103377699471818
B2,past,29,1,-1,N0,maintenance,0,363,40763.54551605716,380973.49422764924,252336.18103795857,0.3540332358009032
B2,past,29,1,-1,N0,maintenance,1,363,165520.83114558997,1271194.9836229817,1156031.6122099925,1.081108345803715
B2,past,29,1,-1,N0,maintenance,2,363,166578.78216529862,898582.4860432665,898771.7786497482,0.9442456413610154
B2,past,29,1,-1,N0,retrieval,0,303,52911.95353722997,633170.4684705234,361976.25224769604,0.45954270871638536
B2,past,29,1,-1,N0,retrieval,1,303,39592.987126410786,1099694.992098753,891218.6199975085,0.2586037571307966
B2,past,29,1,-1,N0,retrieval,2,303,121353.93268403425,1048357.3442822857,912393.943631402,0.6878902613491921
B2,past,30,1,1,N0,encoding,0,205,3376.2912645274973,8960.13843778138,8907.433906095977,0.029323242280682997
B2,past,30,1,1,N0,encoding,1,205,9713.597141119293,116742.88220069825,131106.65204713104,0.06344489007430268
B2,past,30,1,1,N0,encoding,2,205,54121.27009869351,545.8864418894681,2035.9658205771336,0.3067844099430536
B2,past,30,1,1,N0,maintenance,0,362,3020.8079110363624,184129.13092116898,97560.31242858726,0.026235853283564276
B2,past,30,1,1,N0,maintenance,1,362,59301.567669613265,684434.1043013827,600462.1388923707,0.38733142700613366
B2,past,30,1,1,N0,maintenance,2,362,28285.07644890095,242229.29331918387,242319.7782018022,0.16033290557938532
B2,past,30,1,1,N0,retrieval,0,335,2116.9216870308646,401481.08016269625,193259.46638031895,0.01838556056173828
B2,past,30,1,1,N0,retrieval,1,335,14297.97909173177,615174.0728662988,462245.0061464422,0.09338803108475134
B2,past,30,1,1,N0,retrieval,2,335,7927.135206637546,629501.4430910662,525124.3969609906,0.044934671571312826
B2,past,31,1,1,N0,encoding,0,205,3730.389735380875,16561.629565007657,16489.499945531275,0.03239860350947973
B2,past,31,1,1,N0,encoding,1,205,8248.01850134478,67493.94036951433,78775.19613380905,0.05387238317033349
B2,past,31,1,1,N0,encoding,2,205,2026.9984399017776,75479.82575527519,105888.56765590997,0.011489965390811636
B2,past,31,1,1,N0,maintenance,0,363,9134.566140998562,284055.19585279346,170080.86106133688,0.07933411992490223
B2,past,31,1,1,N0,maintenance,1,363,18182.12336222177,279004.38618774107,226379.22554041023,0.11875753145560723
B2,past,31,1,1,N0,maintenance,2,363,34814.09313261977,543307.6214067076,543457.2504834709,0.19734239421796376
B2,past,31,1,1,N0,retrieval,0,321,10402.291919356267,279679.81211930246,112216.62098844549,0.0903443756261244
B2,past,31,1,1,N0,retrieval,1,321,40230.52060067299,129066.44032349875,65212.399759162974,0.2627678418262623
B2,past,31,1,1,N0,retrieval,2,321,16534.500267857267,399247.49976801034,317205.2438743689,0.0937252008152762
B2,past,32,1,1,N0,encoding,0,205,32615.93599015677,2542.0160080190108,2569.9797452246507,0.28327087870023
B2,past,32,1,1,N0,encoding,1,205,5532.011096131788,128840.94472883115,143696.93264338447,0.03613263251346463
B2,past,32,1,1,N0,encoding,2,205,2935.460479102287,28818.494051432073,46245.912854709786,0.016639548727336462
B2,past,32,1,1,N0,maintenance,0,362,11639.89694156348,209581.42287538864,119335.93101965578,0.10109303119836541
B2,past,32,1,1,N0,maintenance,1,362,164530.80977503018,1149258.3396883511,1040231.7246999642,1.0746419671682983
B2,past,32,1,1,N0,maintenance,2,362,147958.9950406646,833740.955089842,833923.9116088382,0.8387000694282161
B2,past,32,1,1,N0,retrieval,0,265,134010.60447679643,801295.6857474536,492677.111470043,1.1638881587438583
B2,past,32,1,1,N0,retrieval,1,265,365375.1724767695,1910754.0494023724,1635826.19135512,2.386467887940108
B2,past,32,1,1,N0,retrieval,2,265,643473.1330247036,2190504.3436049083,1992568.8707603964,3.6475035613393176
B2,past,33,1,1,N0,encoding,0,205,31384.81809399644,13944.234134709543,13989.959165207512,0.272578564111001
B2,past,33,1,1,N0,encoding,1,205,94992.61398001635,18554.835350485482,16555.240173843657,0.6204494446573622
B2,past,33,1,1,N0,encoding,2,205,201823.73930010744,65079.645972729886,52050.25144432459,1.1440303721767016
B2,past,33,1,1,N0,maintenance,0,363,129358.06533763943,31617.131036933082,90271.34492920425,1.123480645970533
B2,past,33,1,1,N0,maintenance,1,363,260595.6237369023,27388.309446436626,40524.28007776383,1.7020945445475788
B2,past,33,1,1,N0,maintenance,2,363,788466.2710625629,247192.92084368793,247092.6183983138,4.46939178047426
B2,past,33,1,1,N0,retrieval,0,305,64420.54560532035,4924.413366551382,45970.254383536136,0.559495351152105
B2,past,33,1,1,N0,retrieval,1,305,67437.32139848649,48333.17323514249,13763.63933536072,0.4404705466855897
B2,past,33,1,1,N0,retrieval,2,305,224210.32676071467,12647.36915225492,17775.90135792545,1.2709279119464998
B2,past,34,1,1,N0,encoding,0,205,5387.974360374553,90891.68932682992,90731.13926443744,0.04679480091996201
B2,past,34,1,1,N0,encoding,1,205,1500.7113469483277,74584.41584810865,86156.15747381285,0.009801978099065377
B2,past,34,1,1,N0,encoding,2,205,5082.448458104128,27717.980923786803,44616.358692148395,0.02880967036512872
B2,past,34,1,1,N0,maintenance,0,363,63945.69761084751,613863.7414376267,437029.95619467745,0.555371274851368
B2,past,34,1,1,N0,maintenance,1,363,46383.498802338094,148623.2215450481,110722.76573728082,0.3029563548933422
B2,past,34,1,1,N0,maintenance,2,363,4279.03533530423,185598.299790142,185685.55498004277,0.024255552910582456
B2,past,34,1,1,N0,retrieval,0,318,54961.69591726515,772168.6356255347,469080.7016480339,0.4773448139595675
B2,past,34,1,1,N0,retrieval,1,318,166305.81079746824,108306.01221227829,51131.907977732604,1.0862354832586087
B2,past,34,1,1,N0,retrieval,2,318,14369.291938747441,228251.0572616266,167285.93745928167,0.08145179779944826
B2,past,35,1,-1,N0,encoding,0,205,5649.422043873423,2123.307631587343,2111.062507450623,0.04906548587167441
B2,past,35,1,-1,N0,encoding,1,205,32751.83185148113,173719.57330964063,191020.85182561228,0.21392037793630655
B2,past,35,1,-1,N0,encoding,2,205,35955.110034885,873.8575124817793,2825.111701312023,0.2038102061606281
B2,past,35,1,-1,N0,maintenance,0,363,9461.488912190818,146385.44018827588,70989.01706356744,0.08217345897347941
B2,past,35,1,-1,N0,maintenance,1,363,144601.18013133848,743587.3936061228,655485.4743681668,0.9444705030241837
B2,past,35,1,-1,N0,maintenance,2,363,11583.517259402352,84007.78417636255,84063.8636975221,0.06566073746995663
B2,past,35,1,-1,N0,retrieval,0,337,20622.919433399442,304378.0250543364,127934.0577404182,0.17911098767872682
B2,past,35,1,-1,N0,retrieval,1,337,23408.07062104353,498766.0821843404,362540.3917551228,0.1528910913050787
B2,past,35,1,-1,N0,retrieval,2,337,2338.315740336009,199165.08037329046,142529.0854719592,0.013254655948601882
B2,past,36,1,1,N0,encoding,0,205,41706.96634963476,40950.89314413703,41054.407342259656,0.36222688839429423
B2,past,36,1,1,N0,encoding,1,205,76808.08530396732,118088.08620012464,104734.2406038005,0.501676202763166
B2,past,36,1,1,N0,encoding,2,205,122430.47463718736,160003.43635103045,124978.2104760572,0.6939925994368749
B2,past,36,1,1,N0,maintenance,0,362,70093.22625605632,52157.49396369191,122795.67251376479,0.6087628390759444
B2,past,36,1,1,N0,maintenance,1,362,49035.75315894488,81031.03979533087,110777.669928869,0.3202796990324237
B2,past,36,1,1,N0,maintenance,2,362,93884.1867693156,120067.96651063031,120002.64438190777,0.532179026628261
B2,past,36,1,1,N0,retrieval,0,300,11195.684754145628,3555.9916624757516,51410.22885247859,0.09723502826700138
B2,past,36,1,1,N0,retrieval,1,300,5003.501965354135,477.36246919914043,11130.555585645232,0.032680646270025496
B2,past,36,1,1,N0,retrieval,2,300,3120.1445934132867,4044.935411316223,4173.443631719113,0.01768642377168475
B2,past,37,1,-1,N0,encoding,0,205,10760.143260737717,7414.621658030926,7365.293650436545,0.09345233070513155
B2,past,37,1,-1,N0,encoding,1,205,6456.760671514872,1534.6511867325385,1184.7710635276183,0.0421726848549474
B2,past,37,1,-1,N0,encoding,2,205,11561.732811100437,5907.951699181282,16050.926265747956,0.06553725313364946
B2,past,37,1,-1,N0,maintenance,0,363,34797.392827465876,25232.047166557306,1515.6786422344194,0.3022169299598863
B2,past,37,1,-1,N0,maintenance,1,363,7458.312314197027,23345.641179236776,40671.52428142971,0.04871437409226577
B2,past,37,1,-1,N0,maintenance,2,363,38232.95470168401,10559.434964616898,10579.01726061718,0.21672208407427548
B2,past,37,1,-1,N0,retrieval,0,329,56804.384774226004,48177.673855717796,27589.672112336586,0.49334864999358335
B2,past,37,1,-1,N0,retrieval,1,329,143642.71344435634,209377.76820647132,280955.8079585984,0.9382102255273906
B2,past,37,1,-1,N0,retrieval,2,329,141009.10571715562,106225.1066178633,99964.70212166627,0.7993048798586776
B2,past,24,1,-1,N1,encoding,0,205,1919.4135173945663,2426.31378342426,2412.5913343926295,0.01667019317874387
B2,past,24,1,-1,N1,encoding,1,205,11855.537528405677,81337.50848712795,93367.798982378,0.07743509066043024
B2,past,24,1,-1,N1,encoding,2,205,2162.7096745489484,32456.827193892997,51619.45835014508,0.012259239485228734
B2,past,24,1,-1,N1,maintenance,0,362,966.5191508577531,75955.20290971524,25886.05298350953,0.00839426252328624
B2,past,24,1,-1,N1,maintenance,1,362,16430.0067411849,289522.6637758509,235648.54401755967,0.10731348608250114
B2,past,24,1,-1,N1,maintenance,2,362,11305.994671153723,260077.65965504758,260181.10122791,0.06408761098333743
B2,past,24,1,-1,N1,retrieval,0,324,1809.8700507408919,149241.41273994758,36997.570944230945,0.015718803218197578
B2,past,24,1,-1,N1,retrieval,1,324,23732.591632119762,212285.86059509637,126937.58945515264,0.15501071800725844
B2,past,24,1,-1,N1,retrieval,2,324,4105.31250816677,302802.01128220145,231896.48372756617,0.023270811515566835
B2,past,25,1,-1,N1,encoding,0,205,24942.901590201367,4058.2848417761757,4094.474715564324,0.21663022802479273
B2,past,25,1,-1,N1,encoding,1,205,44175.64377130984,241156.66851213452,261470.50424058185,0.28853562921277903
B2,past,25,1,-1,N1,encoding,2,205,1008.5344595548161,67180.87133279149,94978.13084452898,0.0057168401354503635
B2,past,25,1,-1,N1,maintenance,0,363,7854.7419081516655,179879.36247826592,97676.3824481285,0.06821878859944835
B2,past,25,1,-1,N1,maintenance,1,363,213209.85996509666,1220366.0502365066,1106941.2790792796,1.3925918412840734
B2,past,25,1,-1,N1,maintenance,2,363,160675.60908041333,955629.3683862847,955827.2272980969,0.910783723923827
B2,past,25,1,-1,N1,retrieval,0,309,11124.438716051174,368824.3884699584,170773.83861945337,0.09661625320498823
B2,past,25,1,-1,N1,retrieval,1,309,19332.781760691156,817426.3561924564,639327.4383862591,0.1262731196093436
B2,past,25,1,-1,N1,retrieval,2,309,81033.9107807068,1054714.526869319,918209.9437607136,0.45933771433862397
B2,past,26,1,1,N1,encoding,0,205,17481.79406028036,32319.38791039697,32417.855088123582,0.1518301717972031
B2,past,26,1,1,N1,encoding,1,205,8080.106927248845,10692.069679117098,7927.963328543157,0.05277565955641879
B2,past,26,1,1,N1,encoding,2,205,1758.7400948936784,33154.133594925566,17507.18921001728,0.009969352923004887
B2,past,26,1,1,N1,maintenance,0,362,8661.630549542151,17230.524490364005,25125.139247552146,0.07522665293082606
B2,past,26,1,1,N1,maintenance,1,362,401364.03138993046,547142.1684014971,475502.97313110786,2.6215310848663473
B2,past,26,1,1,N1,maintenance,2,362,104715.28136636937,100269.90787513673,100321.10913996253,0.5935746841753804
B2,past,26,1,1,N1,retrieval,0,315,29393.81466151093,92500.17110583288,14548.505212020682,0.25528660928298214
B2,past,26,1,1,N1,retrieval,1,315,463372.68436094077,716161.2917855775,549713.6128112386,3.0265439873211433
B2,past,26,1,1,N1,retrieval,2,315,320059.71865997027,344445.1683931736,269100.98060217476,1.8142466308825411
B2,past,27,1,-1,N1,encoding,0,205,9660.80252639312,6795.635321442831,6747.502975666355,0.08390450672415696
B2,past,27,1,-1,N1,encoding,1,205,10569.490676247628,15437.781426712561,20681.75322262912,0.0690352054294304
B2,past,27,1,-1,N1,encoding,2,205,19091.304085130145,27859.480332918552,47194.75358549302,0.10821834831517463
B2,past,27,1,-1,N1,maintenance,0,363,66468.1388500551,33917.47620274051,79636.38737680932,0.5772787910580368
B2,past,27,1,-1,N1,maintenance,1,363,165292.3479873677,90524.32726207384,122961.97923718177,1.0796159955809659
B2,past,27,1,-1,N1,maintenance,2,363,208027.29406294678,120985.59703475848,120935.01594662793,1.1791949920017086
B2,past,27,1,-1,N1,retrieval,0,347,114821.96697307343,45312.76799236875,160399.0897468045,0.9972339744708634
B2,past,27,1,-1,N1,retrieval,1,347,24379.50316249262,14554.496675067472,15395.22922987543,0.15923605598823787
B2,past,27,1,-1,N1,retrieval,2,347,124138.56030573466,46952.2793172047,70774.31269649678,0.7036748196250171
B2,past,28,1,-1,N1,encoding,0,205,901.3907499844881,2081.0987233559717,2100.046507960857,0.007828619417128617
B2,past,28,1,-1,N1,encoding,1,205,709.6039702841794,987.6687665942429,1901.5623988989025,0.004634817075168592
B2,past,28,1,-1,N1,encoding,2,205,1832.6256142776579,1843.251349603254,2057.572014629484,0.01038817024614264
B2,past,28,1,-1,N1,maintenance,0,362,7564.708451243269,1658.2422476926051,26364.361666177712,0.06569983491325948
B2,past,28,1,-1,N1,maintenance,1,362,11002.553703940312,1859.4604449173273,8259.532350090414,0.07186378023936335
B2,past,28,1,-1,N1,maintenance,2,362,3074.8092170011464,327.4711895333188,324.35287453391663,0.0174294418738693
B2,past,28,1,-1,N1,retrieval,0,273,9671.000215231144,905.5481541948783,49404.46367834555,0.08399307411277125
B2,past,28,1,-1,N1,retrieval,1,273,1882.8869739622833,6087.3013876198775,2263.175338690433,0.012298179073093432
B2,past,28,1,-1,N1,retrieval,2,273,728.688417970531,2278.877318879429,1080.389792469466,0.004130543239871658
B2,past,29,1,-1,N1,encoding,0,205,10780.380169923026,2730.5916356857956,2714.493356510481,0.09362808917635337
B2,past,29,1,-1,N1,encoding,1,205,12594.913307759205,192125.16971773817,209893.9736522237,0.08226436393202909
B2,past,29,1,-1,N1,encoding,2,205,1394.9960011025312,51972.53734208625,76185.09929157226,0.00790748303376366
B2,past,29,1,-1,N1,maintenance,0,363,33816.073869902,380973.49422764924,252336.18103795857,0.2936941304462312
B2,past,29,1,-1,N1,maintenance,1,363,164549.32072822808,1271194.9836229817,1156031.6122099925,1.074762872469779
B2,past,29,1,-1,N1,maintenance,2,363,162033.28297923142,898582.4860432665,898771.7786497482,0.9184796480066221
B2,past,29,1,-1,N1,retrieval,0,303,43010.2417923704,633170.4684705234,361976.25224769604,0.3735458945379037
B2,past,29,1,-1,N1,retrieval,1,303,35728.89660456089,1099694.992098753,891218.6199975085,0.23336523891408653
B2,past,29,1,-1,N1,retrieval,2,303,119835.77109300335,1048357.3442822857,912393.943631402,0.6792846187422595
B2,past,30,1,1,N1,encoding,0,205,255.7704398443674,8960.13843778138,8907.433906095977,0.0022213778338945668
B2,past,30,1,1,N1,encoding,1,205,19995.55642193726,116742.88220069825,131106.65204713104,0.13060206849572356
B2,past,30,1,1,N1,encoding,2,205,33440.35624713696,545.8864418894681,2035.9658205771336,0.18955541769170473
B2,past,30,1,1,N1,maintenance,0,362,1136.3918694493227,184129.13092116898,97560.31242858726,0.009869614764508235
B2,past,30,1,1,N1,maintenance,1,362,59650.92063069661,684434.1043013827,600462.1388923707,0.3896132449455701
B2,past,30,1,1,N1,maintenance,2,362,23072.32304151244,242229.29331918387,242319.7782018022,0.13078460644767434
B2,past,30,1,1,N1,retrieval,0,335,2058.7542520135885,401481.08016269625,193259.46638031895,0.017880373758757825
B2,past,30,1,1,N1,retrieval,1,335,12474.613637025153,615174.0728662988,462245.0061464422,0.08147862006445737
B2,past,30,1,1,N1,retrieval,2,335,7111.799596216106,629501.4430910662,525124.3969609906,0.04031297193838534
B2,past,31,1,1,N1,encoding,0,205,602.6868325546415,16561.629565007657,16489.499945531275,0.005234362389303645
B2,past,31,1,1,N1,encoding,1,205,16506.001942440973,67493.94036951433,78775.19613380905,0.10780985288872326
B2,past,31,1,1,N1,encoding,2,205,3358.981061410946,75479.82575527519,105888.56765590997,0.019040259422140295
B2,past,31,1,1,N1,maintenance,0,363,7196.236659022963,284055.19585279346,170080.86106133688,0.06249964073854699
B2,past,31,1,1,N1,maintenance,1,363,20319.978111747005,279004.38618774107,226379.22554041023,0.13272104647562846
B2,past,31,1,1,N1,maintenance,2,363,29039.92828894165,543307.6214067076,543457.2504834709,0.1646117552057711
B2,past,31,1,1,N1,retrieval,0,321,11450.37164180131,279679.81211930246,112216.62098844549,0.09944699540114786
B2,past,31,1,1,N1,retrieval,1,321,42128.268191311916,129066.44032349875,65212.399759162974,0.27516308382854543
B2,past,31,1,1,N1,retrieval,2,321,16309.710971736267,399247.49976801034,317205.2438743689,0.09245099103700902
B2,past,32,1,1,N1,encoding,0,205,17381.15817833511,2542.0160080190108,2569.9797452246507,0.15095614461257753
B2,past,32,1,1,N1,encoding,1,205,12744.429964801177,128840.94472883115,143696.93264338447,0.08324094014087235
B2,past,32,1,1,N1,encoding,2,205,2107.1026716085003,28818.494051432073,46245.912854709786,0.011944033253839885
B2,past,32,1,1,N1,maintenance,0,362,6674.592959745684,209581.42287538864,119335.93101965578,0.057969141625864515
B2,past,32,1,1,N1,maintenance,1,362,156032.74850014152,1149258.3396883511,1040231.7246999642,1.0191364159706222
B2,past,32,1,1,N1,maintenance,2,362,129844.34340653145,833740.955089842,833923.9116088382,0.736017839266813
B2,past,32,1,1,N1,retrieval,0,265,117000.50764278226,801295.6857474536,492677.111470043,1.0161546986830658
B2,past,32,1,1,N1,retrieval,1,265,345361.1517795555,1910754.0494023724,1635826.19135512,2.2557452190222937
B2,past,32,1,1,N1,retrieval,2,265,628005.170194772,2190504.3436049083,1992568.8707603964,3.559823988388641
B2,past,33,1,1,N1,encoding,0,205,15677.584249212217,13944.234134709543,13989.959165207512,0.13616052801647305
B2,past,33,1,1,N1,encoding,1,205,70579.43416846356,18554.835350485482,16555.240173843657,0.4609934277970959
B2,past,33,1,1,N1,encoding,2,205,157850.91127040653,65079.645972729886,52050.25144432459,0.8947720292734591
B2,past,33,1,1,N1,maintenance,0,363,143753.6613424851,31617.131036933082,90271.34492920425,1.2485070481236658
B2,past,33,1,1,N1,maintenance,1,363,271693.1100186663,27388.309446436626,40524.28007776383,1.774578382102167
B2,past,33,1,1,N1,maintenance,2,363,827676.944949913,247192.92084368793,247092.6183983138,4.691656029448169
B2,past,33,1,1,N1,retrieval,0,305,83465.62333123566,4924.413366551382,45970.254383536136,0.7249027122642421
B2,past,33,1,1,N1,retrieval,1,305,84422.38013909581,48333.17323514249,13763.63933536072,0.5514093852072951
B2,past,33,1,1,N1,retrieval,2,305,243638.61171255718,12647.36915225492,17775.90135792545,1.3810564237919822
B2,past,34,1,1,N1,encoding,0,205,16284.570585499245,90891.68932682992,90731.13926443744,0.1414322317900808
B2,past,34,1,1,N1,encoding,1,205,3012.1997656177623,74584.41584810865,86156.15747381285,0.019674347230488283
B2,past,34,1,1,N1,encoding,2,205,2908.549451396899,27717.980923786803,44616.358692148395,0.016487004566038996
B2,past,34,1,1,N1,maintenance,0,363,56783.476221284756,613863.7414376267,437029.95619467745,0.49316705826597496
B2,past,34,1,1,N1,maintenance,1,363,53709.1564916452,148623.2215450481,110722.76573728082,0.3508042880604061
B2,past,34,1,1,N1,maintenance,2,363,6893.127043977013,185598.299790142,185685.55498004277,0.03907343469568802
B2,past,34,1,1,N1,retrieval,0,318,44999.419418178135,772168.6356255347,469080.7016480339,0.39082199215237823
B2,past,34,1,1,N1,retrieval,1,318,183618.48707664583,108306.01221227829,51131.907977732604,1.1993141736208732
B2,past,34,1,1,N1,retrieval,2,318,16815.912616660484,228251.0572616266,167285.93745928167,0.0953203762651659
B2,past,35,1,-1,N1,encoding,0,205,2598.010323529983,2123.307631587343,2111.062507450623,0.022563837120624354
B2,past,35,1,-1,N1,encoding,1,205,41140.782719777126,173719.57330964063,191020.85182561228,0.2687132685560668
B2,past,35,1,-1,N1,encoding,2,205,30154.266861402943,873.8575124817793,2825.111701312023,0.17092834202655183
B2,past,35,1,-1,N1,maintenance,0,363,8559.12145218408,146385.44018827588,70989.01706356744,0.07433635678564868
B2,past,35,1,-1,N1,maintenance,1,363,150887.27815550717,743587.3936061228,655485.4743681668,0.9855284954800784
B2,past,35,1,-1,N1,maintenance,2,363,10121.4882360095,84007.78417636255,84063.8636975221,0.057373280238386164
B2,past,35,1,-1,N1,retrieval,0,337,19430.38192157543,304378.0250543364,127934.0577404182,0.1687537454717479
B2,past,35,1,-1,N1,retrieval,1,337,22785.935956044097,498766.0821843404,362540.3917551228,0.14882758477306354
B2,past,35,1,-1,N1,retrieval,2,337,2262.64542298808,199165.08037329046,142529.0854719592,0.01282572156447795
B2,past,36,1,1,N1,encoding,0,205,23162.17204841641,40950.89314413703,41054.407342259656,0.20116451144437286
B2,past,36,1,1,N1,encoding,1,205,55835.90480630114,118088.08620012464,104734.2406038005,0.36469526079468484
B2,past,36,1,1,N1,encoding,2,205,90486.94550755309,160003.43635103045,124978.2104760572,0.5129218906810917
B2,past,36,1,1,N1,maintenance,0,362,74050.88905862013,52157.49396369191,122795.67251376479,0.6431353194493362
B2,past,36,1,1,N1,maintenance,1,362,46945.37890446904,81031.03979533087,110777.669928869,0.3066263054581778
B2,past,36,1,1,N1,maintenance,2,362,98017.99015312368,120067.96651063031,120002.64438190777,0.5556113376144878
B2,past,36,1,1,N1,retrieval,0,300,16502.011999904465,3555.9916624757516,51410.22885247859,0.1433207203051115
B2,past,36,1,1,N1,retrieval,1,300,2582.889981771987,477.36246919914043,11130.555585645232,0.016870286937662578
B2,past,36,1,1,N1,retrieval,2,300,3064.924585184744,4044.935411316223,4173.443631719113,0.017373411205450592
B2,past,37,1,-1,N1,encoding,0,205,17395.6421330859,7414.621658030926,7365.293650436545,0.151081938414434
B2,past,37,1,-1,N1,encoding,1,205,9349.541776713007,1534.6511867325385,1184.7710635276183,0.06106704258483438
B2,past,37,1,-1,N1,encoding,2,205,14633.692772273624,5907.951699181282,16050.926265747956,0.08295054410665552
B2,past,37,1,-1,N1,maintenance,0,363,34142.685901015204,25232.047166557306,1515.6786422344194,0.29653077070317263
B2,past,37,1,-1,N1,maintenance,1,363,8666.055008204488,23345.641179236776,40671.52428142971,0.056602811439021544
B2,past,37,1,-1,N1,maintenance,2,363,37497.08274176802,10559.434964616898,10579.01726061718,0.21255082119362265
B2,past,37,1,-1,N1,retrieval,0,329,50126.56386860908,48177.673855717796,27589.672112336586,0.43535147351188574
B2,past,37,1,-1,N1,retrieval,1,329,146321.64757921218,209377.76820647132,280955.8079585984,0.95570783009478
B2,past,37,1,-1,N1,retrieval,2,329,141353.48376652785,106225.1066178633,99964.70212166627,0.8012569740442228
B2,past,24,1,-1,N2,encoding,0,205,1686.1197675563035,2426.31378342426,2412.5913343926295,0.014644026413764312
B2,past,24,1,-1,N2,encoding,1,205,12873.225764700148,81337.50848712795,93367.798982378,0.08408217693995998
B2,past,24,1,-1,N2,encoding,2,205,2189.4502736289373,32456.827193892997,51619.45835014508,0.012410817578191412
B2,past,24,1,-1,N2,maintenance,0,362,1075.0232383322166,75955.20290971524,25886.05298350953,0.009336625428668869
B2,past,24,1,-1,N2,maintenance,1,362,18070.659889737806,289522.6637758509,235648.54401755967,0.11802950169934846
B2,past,24,1,-1,N2,maintenance,2,362,12227.065384008805,260077.65965504758,260181.10122791,0.06930866611829253
B2,past,24,1,-1,N2,retrieval,0,324,1447.1102421643272,149241.41273994758,36997.570944230945,0.012568217879680153
B2,past,24,1,-1,N2,retrieval,1,324,21568.742830591327,212285.86059509637,126937.58945515264,0.14087742141734405
B2,past,24,1,-1,N2,retrieval,2,324,4511.276242447108,302802.01128220145,231896.48372756617,0.02557200186923665
B2,past,25,1,-1,N2,encoding,0,205,23624.715457898543,4058.2848417761757,4094.474715564324,0.20518172186815298
B2,past,25,1,-1,N2,encoding,1,205,46281.16474573971,241156.66851213452,261470.50424058185,0.30228795441539175
B2,past,25,1,-1,N2,encoding,2,205,1003.2247012283406,67180.87133279149,94978.13084452898,0.0056867419675367585
B2,past,25,1,-1,N2,maintenance,0,363,7194.120127296941,179879.36247826592,97676.3824481285,0.062481258564814235
B2,past,25,1,-1,N2,maintenance,1,363,215543.143929431,1220366.0502365066,1106941.2790792796,1.4078318128907474
B2,past,25,1,-1,N2,maintenance,2,363,164509.44700203434,955629.3683862847,955827.2272980969,0.9325156918258554
B2,past,25,1,-1,N2,retrieval,0,309,11272.14328584848,368824.3884699584,170773.83861945337,0.09789907407166977
B2,past,25,1,-1,N2,retrieval,1,309,17665.829526070942,817426.3561924564,639327.4383862591,0.11538533007595905
B2,past,25,1,-1,N2,retrieval,2,309,82426.90822855786,1054714.526869319,918209.9437607136,0.467233868647491
B2,past,26,1,1,N2,encoding,0,205,15826.514575060512,32319.38791039697,32417.855088123582,0.13745399462987606
B2,past,26,1,1,N2,encoding,1,205,8003.810616828579,10692.069679117098,7927.963328543157,0.05227732603925062
B2,past,26,1,1,N2,encoding,2,205,1604.840865780541,33154.133594925566,17507.18921001728,0.00909698085730748
B2,past,26,1,1,N2,maintenance,0,362,6246.269434676772,17230.524490364005,25125.139247552146,0.05424913244535631
B2,past,26,1,1,N2,maintenance,1,362,404678.2688063184,547142.1684014971,475502.97313110786,2.6431782075036203
B2,past,26,1,1,N2,maintenance,2,362,108716.22106634817,100269.90787513673,100321.10913996253,0.616253862303267
B2,past,26,1,1,N2,retrieval,0,315,27486.020755259564,92500.17110583288,14548.505212020682,0.23871733295236075
B2,past,26,1,1,N2,retrieval,1,315,461702.6270482445,716161.2917855775,549713.6128112386,3.015635916800773
B2,past,26,1,1,N2,retrieval,2,315,304393.7007401905,344445.1683931736,269100.98060217476,1.7254443900091705
B2,past,27,1,-1,N2,encoding,0,205,10461.928660678514,6795.635321442831,6747.502975666355,0.0908623234207935
B2,past,27,1,-1,N2,encoding,1,205,11050.563341978761,15437.781426712561,20681.75322262912,0.07217735781146196
B2,past,27,1,-1,N2,encoding,2,205,19980.427074299096,27859.480332918552,47194.75358549302,0.11325830896468615
B2,past,27,1,-1,N2,maintenance,0,363,68210.22490141964,33917.47620274051,79636.38737680932,0.592408887177013
B2,past,27,1,-1,N2,maintenance,1,363,165779.47251488356,90524.32726207384,122961.97923718177,1.0827976760286668
B2,past,27,1,-1,N2,maintenance,2,363,205407.5095181885,120985.59703475848,120935.01594662793,1.164344840586637
B2,past,27,1,-1,N2,retrieval,0,347,113674.16076014673,45312.76799236875,160399.0897468045,0.9872652256171905
B2,past,27,1,-1,N2,retrieval,1,347,24059.556030967145,14554.496675067472,15395.22922987543,0.15714630383007056
B2,past,27,1,-1,N2,retrieval,2,347,123328.12565311308,46952.2793172047,70774.31269649678,0.6990809008893974
B2,past,28,1,-1,N2,encoding,0,205,745.6353020183366,2081.0987233559717,2100.046507960857,0.006475876309555832
B2,past,28,1,-1,N2,encoding,1,205,696.6742807413845,987.6687665942429,1901.5623988989025,0.004550366101979173
B2,past,28,1,-1,N2,encoding,2,205,1669.5228553400154,1843.251349603254,2057.572014629484,0.009463628313377158
B2,past,28,1,-1,N2,maintenance,0,362,7233.577250863071,1658.2422476926051,26364.361666177712,0.0628239454669143
B2,past,28,1,-1,N2,maintenance,1,362,10794.698065142315,1859.4604449173273,8259.532350090414,0.07050615978596422
B2,past,28,1,-1,N2,maintenance,2,362,2806.058829172929,327.4711895333188,324.35287453391663,0.015906040279607073
B2,past,28,1,-1,N2,retrieval,0,273,7373.842088264988,905.5481541948783,49404.46367834555,0.06404215192137809
B2,past,28,1,-1,N2,retrieval,1,273,1369.5634199220517,6087.3013876198775,2263.175338690433,0.00894537825322331
B2,past,28,1,-1,N2,retrieval,2,273,731.531249253753,2278.877318879429,1080.389792469466,0.00414665772344162
B2,past,29,1,-1,N2,encoding,0,205,9840.240878166007,2730.5916356857956,2714.493356510481,0.08546293692203834
B2,past,29,1,-1,N2,encoding,1,205,13765.078863816727,192125.16971773817,209893.9736522237,0.08990736415061236
B2,past,29,1,-1,N2,encoding,2,205,1259.8395657925294,51972.53734208625,76185.09929157226,0.007141353798788696
B2,past,29,1,-1,N2,maintenance,0,363,33383.17608490111,380973.49422764924,252336.18103795857,0.28993439361140316
B2,past,29,1,-1,N2,maintenance,1,363,165598.43510497845,1271194.9836229817,1156031.6122099925,1.0816152203015144
B2,past,29,1,-1,N2,maintenance,2,363,165640.78829494282,898582.4860432665,898771.7786497482,0.938928657936152
B2,past,29,1,-1,N2,retrieval,0,303,44578.35228053052,633170.4684705234,361976.25224769604,0.38716500502469836
B2,past,29,1,-1,N2,retrieval,1,303,35664.2920425075,1099694.992098753,891218.6199975085,0.23294327068972764
B2,past,29,1,-1,N2,retrieval,2,303,121348.62792448068,1048357.3442822857,912393.943631402,0.6878601915166369
B2,past,30,1,1,N2,encoding,0,205,219.91007050266447,8960.13843778138,8907.433906095977,0.0019099289048494323
B2,past,30,1,1,N2,encoding,1,205,20906.071150438624,116742.88220069825,131106.65204713104,0.1365491451575982
B2,past,30,1,1,N2,encoding,2,205,30109.35964144397,545.8864418894681,2035.9658205771336,0.170673787117693
B2,past,30,1,1,N2,maintenance,0,362,339.30588366664983,184129.13092116898,97560.31242858726,0.0029468869402802613
B2,past,30,1,1,N2,maintenance,1,362,60771.96915999187,684434.1043013827,600462.1388923707,0.3969354346221436
B2,past,30,1,1,N2,maintenance,2,362,19619.269567660373,242229.29331918387,242319.7782018022,0.11121110104867422
B2,past,30,1,1,N2,retrieval,0,335,1246.1245886272688,401481.08016269625,193259.46638031895,0.01082264839178428
B2,past,30,1,1,N2,retrieval,1,335,12633.956030439113,615174.0728662988,462245.0061464422,0.08251937360688398
B2,past,30,1,1,N2,retrieval,2,335,5921.872291233289,629501.4430910662,525124.3969609906,0.033567913194039754
B2,past,31,1,1,N2,encoding,0,205,680.5351385451681,16561.629565007657,16489.499945531275,0.005910478446494708
B2,past,31,1,1,N2,encoding,1,205,17412.250332719486,67493.94036951433,78775.19613380905,0.11372906372956004
B2,past,31,1,1,N2,encoding,2,205,4485.60026147938,75479.82575527519,105888.56765590997,0.025426458524512294
B2,past,31,1,1,N2,maintenance,0,363,8920.427954061779,284055.19585279346,170080.86106133688,0.07747432008977984
B2,past,31,1,1,N2,maintenance,1,363,22675.349010704707,279004.38618774107,226379.22554041023,0.1481052801017065
B2,past,31,1,1,N2,maintenance,2,363,33645.751719352105,543307.6214067076,543457.2504834709,0.190719694299286
B2,past,31,1,1,N2,retrieval,0,321,12412.95196897113,279679.81211930246,112216.62098844549,0.10780704906262303
B2,past,31,1,1,N2,retrieval,1,321,43602.485806766,129066.44032349875,65212.399759162974,0.2847920166738402
B2,past,31,1,1,N2,retrieval,2,321,19632.389963557493,399247.49976801034,317205.2438743689,0.11128547352563527
B2,past,32,1,1,N2,encoding,0,205,15746.48395715012,2542.0160080190108,2569.9797452246507,0.13675892509499468
B2,past,32,1,1,N2,encoding,1,205,13753.86786985135,128840.94472883115,143696.93264338447,0.08983413893142497
B2,past,32,1,1,N2,encoding,2,205,2360.9988005753407,28818.494051432073,46245.912854709786,0.013383234033309354
B2,past,32,1,1,N2,maintenance,0,362,4855.711747098049,209581.42287538864,119335.93101965578,0.04217207605909586
B2,past,32,1,1,N2,maintenance,1,362,158018.88586613565,1149258.3396883511,1040231.7246999642,1.0321089806165797
B2,past,32,1,1,N2,maintenance,2,362,135684.8918433116,833740.955089842,833923.9116088382,0.7691247712115731
B2,past,32,1,1,N2,retrieval,0,265,115937.08182194932,801295.6857474536,492677.111470043,1.0069187973497185
B2,past,32,1,1,N2,retrieval,1,265,343092.39885587647,1910754.0494023724,1635826.19135512,2.240926735430953
B2,past,32,1,1,N2,retrieval,2,265,609904.4270555162,2190504.3436049083,1992568.8707603964,3.457220598014006
B2,past,33,1,1,N2,encoding,0,205,14356.430959160787,13944.234134709543,13989.959165207512,0.12468625196063604
B2,past,33,1,1,N2,encoding,1,205,68130.83595295661,18554.835350485482,16555.240173843657,0.445000274862912
B2,past,33,1,1,N2,encoding,2,205,151762.42701096393,65079.645972729886,52050.25144432459,0.8602596823242002
B2,past,33,1,1,N2,maintenance,0,363,138694.81703669002,31617.131036933082,90271.34492920425,1.204570756608294
B2,past,33,1,1,N2,maintenance,1,363,263864.191203507,27388.309446436626,40524.28007776383,1.7234433714143356
B2,past,33,1,1,N2,maintenance,2,363,810740.3333022841,247192.92084368793,247092.6183983138,4.595651475207712
B2,past,33,1,1,N2,retrieval,0,305,84813.11152695482,4924.413366551382,45970.254383536136,0.7366057081664522
B2,past,33,1,1,N2,retrieval,1,305,82511.8943449947,48333.17323514249,13763.63933536072,0.5389309429336128
B2,past,33,1,1,N2,retrieval,2,305,256268.1708032185,12647.36915225492,17775.90135792545,1.452646610541184
B2,past,34,1,1,N2,encoding,0,205,17751.648499125426,90891.68932682992,90731.13926443744,0.15417386979918185
B2,past,34,1,1,N2,encoding,1,205,3560.928604907471,74584.41584810865,86156.15747381285,0.023258399604038096
B2,past,34,1,1,N2,encoding,2,205,2816.1188998713487,27717.980923786803,44616.358692148395,0.015963065416814165
B2,past,34,1,1,N2,maintenance,0,363,59732.318114176596,613863.7414376267,437029.95619467745,0.5187778834282396
B2,past,34,1,1,N2,maintenance,1,363,53025.66288631899,148623.2215450481,110722.76573728082,0.3463400122595453
B2,past,34,1,1,N2,maintenance,2,363,5468.733463388034,185598.299790142,185685.55498004277,0.030999312574185686
B2,past,34,1,1,N2,retrieval,0,318,42055.76940425585,772168.6356255347,469080.7016480339,0.36525625869369827
B2,past,34,1,1,N2,retrieval,1,318,183505.18947462935,108306.01221227829,51131.907977732604,1.1985741641474323
B2,past,34,1,1,N2,retrieval,2,318,20896.42774756867,228251.0572616266,167285.93745928167,0.11845062476850965
B2,past,35,1,-1,N2,encoding,0,205,2216.8790872090244,2123.307631587343,2111.062507450623,0.019253695101541245
B2,past,35,1,-1,N2,encoding,1,205,43020.80590391459,173719.57330964063,191020.85182561228,0.280992742629561
B2,past,35,1,-1,N2,encoding,2,205,28844.033919709193,873.8575124817793,2825.111701312023,0.16350133524765562
B2,past,35,1,-1,N2,maintenance,0,363,8266.271787269836,146385.44018827588,70989.01706356744,0.07179294420560313
B2,past,35,1,-1,N2,maintenance,1,363,151512.3973694946,743587.3936061228,655485.4743681668,0.9896114957567601
B2,past,35,1,-1,N2,maintenance,2,363,9182.219111338016,84007.78417636255,84063.8636975221,0.05204906808178666
B2,past,35,1,-1,N2,retrieval,0,337,19116.353700411524,304378.0250543364,127934.0577404182,0.166026396173153
B2,past,35,1,-1,N2,retrieval,1,337,22447.192039861075,498766.0821843404,362540.3917551228,0.14661506038963062
B2,past,35,1,-1,N2,retrieval,2,337,2387.2791262884093,199165.08037329046,142529.0854719592,0.013532203083782356
B2,past,36,1,1,N2,encoding,0,205,21434.13040901394,40950.89314413703,41054.407342259656,0.1861563916782606
B2,past,36,1,1,N2,encoding,1,205,53845.04288650582,118088.08620012464,104734.2406038005,0.35169183746762117
B2,past,36,1,1,N2,encoding,2,205,85917.48394458451,160003.43635103045,124978.2104760572,0.48702006748299553
B2,past,36,1,1,N2,maintenance,0,362,70248.57034741968,52157.49396369191,122795.67251376479,0.6101120095328239
B2,past,36,1,1,N2,maintenance,1,362,43601.00758850813,81031.03979533087,110777.669928869,0.28478236161058057
B2,past,36,1,1,N2,maintenance,2,362,91902.34471011213,120067.96651063031,120002.64438190777,0.5209450285047074
B2,past,36,1,1,N2,retrieval,0,300,17807.93882013484,3555.9916624757516,51410.22885247859,0.15466275378213634
B2,past,36,1,1,N2,retrieval,1,300,2733.750546453805,477.36246919914043,11130.555585645232,0.01785564095263074
B2,past,36,1,1,N2,retrieval,2,300,2159.499756222462,4044.935411316223,4173.443631719113,0.012241044182384569
B2,past,37,1,-1,N2,encoding,0,205,18550.987198660092,7414.621658030926,7365.293650436545,0.1611161625441952
B2,past,37,1,-1,N2,encoding,1,205,10293.096980082473,1534.6511867325385,1184.7710635276183,0.06722992491226783
B2,past,37,1,-1,N2,encoding,2,205,15301.225797055566,5907.951699181282,16050.926265747956,0.08673443027103755
B2,past,37,1,-1,N2,maintenance,0,363,36362.786244579824,25232.047166557306,1515.6786422344194,0.3158124425618011
B2,past,37,1,-1,N2,maintenance,1,363,9453.160219023846,23345.641179236776,40671.52428142971,0.06174383209819114
B2,past,37,1,-1,N2,maintenance,2,363,38640.8692431227,10559.434964616898,10579.01726061718,0.21903433250588572
B2,past,37,1,-1,N2,retrieval,0,329,51167.21094959707,48177.673855717796,27589.672112336586,0.4443895404598115
B2,past,37,1,-1,N2,retrieval,1,329,145348.0039626588,209377.76820647132,280955.8079585984,0.9493484236538557
B2,past,37,1,-1,N2,retrieval,2,329,143038.121786533,106225.1066178633,99964.70212166627,0.8108062821072537
B2,past,24,1,-1,N3,encoding,0,205,793.0167914894017,2426.31378342426,2412.5913343926295,0.006887386687815246
B2,past,24,1,-1,N3,encoding,1,205,13830.840237673096,81337.50848712795,93367.798982378,0.0903368881544225
B2,past,24,1,-1,N3,encoding,2,205,1629.494335554773,32456.827193892997,51619.45835014508,0.009236728135299006
B2,past,24,1,-1,N3,maintenance,0,362,2395.9095552952635,75955.20290971524,25886.05298350953,0.020808582811162935
B2,past,24,1,-1,N3,maintenance,1,362,21145.791290369572,289522.6637758509,235648.54401755967,0.13811489033989868
B2,past,24,1,-1,N3,maintenance,2,362,15814.78659484666,260077.65965504758,260181.10122791,0.0896455305839629
B2,past,24,1,-1,N3,retrieval,0,324,1315.4557987962678,149241.41273994758,36997.570944230945,0.011424793086692002
B2,past,24,1,-1,N3,retrieval,1,324,23551.688738600933,212285.86059509637,126937.58945515264,0.15382914088122754
B2,past,24,1,-1,N3,retrieval,2,324,8405.878764605648,302802.01128220145,231896.48372756617,0.04764841165312268
B2,past,25,1,-1,N3,encoding,0,205,24296.312259480674,4058.2848417761757,4094.474715564324,0.21101457045400535
B2,past,25,1,-1,N3,encoding,1,205,48769.99928662861,241156.66851213452,261470.50424058185,0.3185439131056479
B2,past,25,1,-1,N3,encoding,2,205,1164.0004027348143,67180.87133279149,94978.13084452898,0.006598093061661114
B2,past,25,1,-1,N3,maintenance,0,363,10175.47359418942,179879.36247826592,97676.3824481285,0.0883744482171818
B2,past,25,1,-1,N3,maintenance,1,363,228732.47984303933,1220366.0502365066,1106941.2790792796,1.4939786805274164
B2,past,25,1,-1,N3,maintenance,2,363,177829.73981844765,955629.3683862847,955827.2272980969,1.0080212770514079
B2,past,25,1,-1,N3,retrieval,0,309,10489.74066984605,368824.3884699584,170773.83861945337,0.09110387197784504
B2,past,25,1,-1,N3,retrieval,1,309,18031.80238090296,817426.3561924564,639327.4383862591,0.11777570175883494
B2,past,25,1,-1,N3,retrieval,2,309,93692.58118382016,1054714.526869319,918209.9437607136,0.5310929174815094
B2,past,26,1,1,N3,encoding,0,205,18213.83559203306,32319.38791039697,32417.855088123582,0.15818798559740274
B2,past,26,1,1,N3,encoding,1,205,3964.479502320166,10692.069679117098,7927.963328543157,0.025894214323731565
B2,past,26,1,1,N3,encoding,2,205,1238.1571877867511,33154.133594925566,17507.18921001728,0.007018448044165144
B2,past,26,1,1,N3,maintenance,0,362,7357.834120714106,17230.524490364005,25125.139247552146,0.06390312199944938
B2,past,26,1,1,N3,maintenance,1,362,427574.94399373804,547142.1684014971,475502.97313110786,2.7927290916126006
B2,past,26,1,1,N3,maintenance,2,362,124353.97429835088,100269.90787513673,100321.10913996253,0.7048958858434877
B2,past,26,1,1,N3,retrieval,0,315,21865.73297218458,92500.17110583288,14548.505212020682,0.18990487945293358
B2,past,26,1,1,N3,retrieval,1,315,439630.1249812047,716161.2917855775,549713.6128112386,2.8714681644261058
B2,past,26,1,1,N3,retrieval,2,315,283325.4327546155,344445.1683931736,269100.98060217476,1.6060196952322312
B2,past,27,1,-1,N3,encoding,0,205,10715.206555815168,6795.635321442831,6747.502975666355,0.09306205339120914
B2,past,27,1,-1,N3,encoding,1,205,13607.662505581702,15437.781426712561,20681.75322262912,0.08887919061211547
B2,past,27,1,-1,N3,encoding,2,205,21348.7157374388,27859.480332918552,47194.75358549302,0.12101440244489475
B2,past,27,1,-1,N3,maintenance,0,363,59763.340345539946,33917.47620274051,79636.38737680932,0.5190473129102018
B2,past,27,1,-1,N3,maintenance,1,363,154769.8789808137,90524.32726207384,122961.97923718177,1.0108879147544485
B2,past,27,1,-1,N3,maintenance,2,363,197434.8169383297,120985.59703475848,120935.01594662793,1.1191519287368394
B2,past,27,1,-1,N3,retrieval,0,347,117627.90642401065,45312.76799236875,160399.0897468045,1.0216036854638733
B2,past,27,1,-1,N3,retrieval,1,347,24724.33942467654,14554.496675067472,15395.22922987543,0.1614883728622081
B2,past,27,1,-1,N3,retrieval,2,347,112597.72576023955,46952.2793172047,70774.31269649678,0.6382560275339645
B2,past,28,1,-1,N3,encoding,0,205,1190.4116041282207,2081.0987233559717,2100.046507960857,0.010338778602524802
B2,past,28,1,-1,N3,encoding,1,205,1009.5952879923524,987.6687665942429,1901.5623988989025,0.006594226745832273
B2,past,28,1,-1,N3,encoding,2,205,1238.8718014298354,1843.251349603254,2057.572014629484,0.007022498805066194
B2,past,28,1,-1,N3,maintenance,0,362,4799.19904680896,1658.2422476926051,26364.361666177712,0.04168126070204328
B2,past,28,1,-1,N3,maintenance,1,362,8406.119404155545,1859.4604449173273,8259.532350090414,0.054905027849101895
B2,past,28,1,-1,N3,maintenance,2,362,1631.6306722039287,327.4711895333188,324.35287453391663,0.009248837880269067
B2,past,28,1,-1,N3,retrieval,0,273,8483.74432796095,905.5481541948783,49404.46367834555,0.07368170305383409
B2,past,28,1,-1,N3,retrieval,1,273,1596.1983530704224,6087.3013876198775,2263.175338690433,0.010425656692991758
B2,past,28,1,-1,N3,retrieval,2,273,1291.065011075448,2278.877318879429,1080.389792469466,0.007318354075923
B2,past,29,1,-1,N3,encoding,0,205,9783.01213015065,2730.5916356857956,2714.493356510481,0.0849659026581093
B2,past,29,1,-1,N3,encoding,1,205,14499.69719857107,192125.16971773817,209893.9736522237,0.09470556391306269
B2,past,29,1,-1,N3,encoding,2,205,685.8111373661086,51972.53734208625,76185.09929157226,0.0038874949668691356
B2,past,29,1,-1,N3,maintenance,0,363,40437.47040032338,380973.49422764924,252336.18103795857,0.35120125867830687
B2,past,29,1,-1,N3,maintenance,1,363,177515.73683116242,1271194.9836229817,1156031.6122099925,1.1594537271919612
B2,past,29,1,-1,N3,maintenance,2,363,178162.94898127444,898582.4860432665,898771.7786497482,1.0099100608182896
B2,past,29,1,-1,N3,retrieval,0,303,42766.79670043757,633170.4684705234,361976.25224769604,0.3714315629078722
B2,past,29,1,-1,N3,retrieval,1,303,35752.998595673154,1099694.992098753,891218.6199975085,0.23352266238496705
B2,past,29,1,-1,N3,retrieval,2,303,136398.46626635487,1048357.3442822857,912393.943631402,0.7731696413324068
B2,past,30,1,1,N3,encoding,0,205,1396.9290964232678,8960.13843778138,8907.433906095977,0.01213239236013829
B2,past,30,1,1,N3,encoding,1,205,19501.955362935518,116742.88220069825,131106.65204713104,0.12737808622901445
B2,past,30,1,1,N3,encoding,2,205,30171.53222762746,545.8864418894681,2035.9658205771336,0.17102621011390418
B2,past,30,1,1,N3,maintenance,0,362,825.1390820252291,184129.13092116898,97560.31242858726,0.007166370233426018
B2,past,30,1,1,N3,maintenance,1,362,69231.28257687778,684434.1043013827,600462.1388923707,0.4521879020697031
B2,past,30,1,1,N3,maintenance,2,362,15889.369537470975,242229.29331918387,242319.7782018022,0.09006830122484204
B2,past,30,1,1,N3,retrieval,0,335,619.9692878772279,401481.08016269625,193259.46638031895,0.005384461295151509
B2,past,30,1,1,N3,retrieval,1,335,10571.278393143304,615174.0728662988,462245.0061464422,0.069046881999941
B2,past,30,1,1,N3,retrieval,2,335,4234.469301210997,629501.4430910662,525124.3969609906,0.0240029320011348
B2,past,31,1,1,N3,encoding,0,205,1837.618008518943,16561.629565007657,16489.499945531275,0.01595979548603553
B2,past,31,1,1,N3,encoding,1,205,16840.036826764146,67493.94036951433,78775.19613380905,0.10999161997345787
B2,past,31,1,1,N3,encoding,2,205,6090.3652526089345,75479.82575527519,105888.56765590997,0.03452300928917802
B2,past,31,1,1,N3,maintenance,0,363,13001.598239746025,284055.19585279346,170080.86106133688,0.11291946853807026
B2,past,31,1,1,N3,maintenance,1,363,25400.931889089723,279004.38618774107,226379.22554041023,0.16590757348440416
B2,past,31,1,1,N3,maintenance,2,363,42417.66948297746,543307.6214067076,543457.2504834709,0.24044298442672443
B2,past,31,1,1,N3,retrieval,0,321,15962.006329242833,279679.81211930246,112216.62098844549,0.13863074664077785
B2,past,31,1,1,N3,retrieval,1,321,48150.47207304306,129066.44032349875,65212.399759162974,0.3144974372849051
B2,past,31,1,1,N3,retrieval,2,321,27261.03827598855,399247.49976801034,317205.2438743689,0.15452818322044587
B2,past,32,1,1,N3,encoding,0,205,16788.42386727579,2542.0160080190108,2569.9797452246507,0.1458082203224323
B2,past,32,1,1,N3,encoding,1,205,12182.66887698251,128840.94472883115,143696.93264338447,0.07957176692451547
B2,past,32,1,1,N3,encoding,2,205,1091.7498791954033,28818.494051432073,46245.912854709786,0.0061885436517582215
B2,past,32,1,1,N3,maintenance,0,362,7769.165832367356,209581.42287538864,119335.93101965578,0.0674755565122118
B2,past,32,1,1,N3,maintenance,1,362,172390.09039376458,1149258.3396883511,1040231.7246999642,1.1259752876338869
B2,past,32,1,1,N3,maintenance,2,362,152977.50529468583,833740.955089842,833923.9116088382,0.8671473084576313
B2,past,32,1,1,N3,retrieval,0,265,103737.71821588969,801295.6857474536,492677.111470043,0.9009667728756998
B2,past,32,1,1,N3,retrieval,1,265,321321.3376669904,1910754.0494023724,1635826.19135512,2.098727860610144
B2,past,32,1,1,N3,retrieval,2,265,584395.0519187585,2190504.3436049083,1992568.8707603964,3.312621652256169
B2,past,33,1,1,N3,encoding,0,205,19765.072426994975,13944.234134709543,13989.959165207512,0.17166054764328237
B2,past,33,1,1,N3,encoding,1,205,77784.14099638171,18554.835350485482,16555.240173843657,0.5080513638092716
B2,past,33,1,1,N3,encoding,2,205,156929.9599491693,65079.645972729886,52050.25144432459,0.8895516509054562
B2,past,33,1,1,N3,maintenance,0,363,123979.65777963673,31617.131036933082,90271.34492920425,1.0767689331617034
B2,past,33,1,1,N3,maintenance,1,363,249835.45316984077,27388.309446436626,40524.28007776383,1.6318139030004764
B2,past,33,1,1,N3,maintenance,2,363,763281.3492552857,247192.92084368793,247092.6183983138,4.326631986367099
B2,past,33,1,1,N3,retrieval,0,305,98103.14578247789,4924.413366551382,45970.254383536136,0.8520302565422625
B2,past,33,1,1,N3,retrieval,1,305,92524.10430471771,48333.17323514249,13763.63933536072,0.6043262389364147
B2,past,33,1,1,N3,retrieval,2,305,269012.87574657827,12647.36915225492,17775.90135792545,1.5248894972808529
B2,past,34,1,1,N3,encoding,0,205,15072.882367283775,90891.68932682992,90731.13926443744,0.13090866483225388
B2,past,34,1,1,N3,encoding,1,205,3832.4668291440744,74584.41584810865,86156.15747381285,0.025031966341198204
B2,past,34,1,1,N3,encoding,2,205,568.4446985906527,27717.980923786803,44616.358692148395,0.0032222076666785417
B2,past,34,1,1,N3,maintenance,0,363,70532.51337038192,613863.7414376267,437029.95619467745,0.6125780675248307
B2,past,34,1,1,N3,maintenance,1,363,44666.15022255785,148623.2215450481,110722.76573728082,0.291739398879984
B2,past,34,1,1,N3,maintenance,2,363,2695.0048546385447,185598.299790142,185685.55498004277,0.015276534948574854
B2,past,34,1,1,N3,retrieval,0,318,34431.891390145,772168.6356255347,469080.7016480339,0.2990425334517705
B2,past,34,1,1,N3,retrieval,1,318,195400.67105623125,108306.01221227829,51131.907977732604,1.2762701515721961
B2,past,34,1,1,N3,retrieval,2,318,27334.708348211792,228251.0572616266,167285.93745928167,0.15494577928935283
B2,past,35,1,-1,N3,encoding,0,205,1828.665668522835,2123.307631587343,2111.062507450623,0.015882044008417782
B2,past,35,1,-1,N3,encoding,1,205,45184.200968480625,173719.57330964063,191020.85182561228,0.29512307561173223
B2,past,35,1,-1,N3,encoding,2,205,26682.134511591496,873.8575124817793,2825.111701312023,0.1512466887276059
B2,past,35,1,-1,N3,maintenance,0,363,11861.112120668065,146385.44018827588,70989.01706356744,0.10301429503042887
B2,past,35,1,-1,N3,maintenance,1,363,162693.62849477222,743587.3936061228,655485.4743681668,1.0626423173290933
B2,past,35,1,-1,N3,maintenance,2,363,6463.653241972173,84007.78417636255,84063.8636975221,0.03663897839608917
B2,past,35,1,-1,N3,retrieval,0,337,18193.603242608977,304378.0250543364,127934.0577404182,0.15801226672791335
B2,past,35,1,-1,N3,retrieval,1,337,23133.52834723771,498766.0821843404,362540.3917551228,0.15109790345414087
B2,past,35,1,-1,N3,retrieval,2,337,4366.882814532333,199165.08037329046,142529.0854719592,0.024753513084666192
B2,past,36,1,1,N3,encoding,0,205,25407.60754245441,40950.89314413703,41054.407342259656,0.2206662202303108
B2,past,36,1,1,N3,encoding,1,205,58715.97706111019,118088.08620012464,104734.2406038005,0.3835066099743723
B2,past,36,1,1,N3,encoding,2,205,86732.10433362746,160003.43635103045,124978.2104760572,0.49163771291009634
B2,past,36,1,1,N3,maintenance,0,362,60574.267172385946,52157.49396369191,122795.67251376479,0.5260902490648343
B2,past,36,1,1,N3,maintenance,1,362,40506.43434528554,81031.03979533087,110777.669928869,0.2645699875136543
B2,past,36,1,1,N3,maintenance,2,362,80141.15687533423,120067.96651063031,120002.64438190777,0.45427717197543394
B2,past,36,1,1,N3,retrieval,0,300,23819.661505164822,3555.9916624757516,51410.22885247859,0.20687483710252563
B2,past,36,1,1,N3,retrieval,1,300,1496.4015653841323,477.36246919914043,11130.555585645232,0.009773828525471559
B2,past,36,1,1,N3,retrieval,2,300,1076.966973997351,4044.935411316223,4173.443631719113,0.006104747302556542
B2,past,37,1,-1,N3,encoding,0,205,18328.3107666992,7414.621658030926,7365.293650436545,0.15918220766500882
B2,past,37,1,-1,N3,encoding,1,205,11680.402563735504,1534.6511867325385,1184.7710635276183,0.07629118707659417
B2,past,37,1,-1,N3,encoding,2,205,16820.2534832036,5907.951699181282,16050.926265747956,0.09534498230598204
B2,past,37,1,-1,N3,maintenance,0,363,41142.41162221169,25232.047166557306,1515.6786422344194,0.3573237050620802
B2,past,37,1,-1,N3,maintenance,1,363,10693.304051738864,23345.641179236776,40671.52428142971,0.06984389925146639
B2,past,37,1,-1,N3,maintenance,2,363,44594.346089707076,10559.434964616898,10579.01726061718,0.25278139494840424
B2,past,37,1,-1,N3,retrieval,0,329,50685.604400921926,48177.673855717796,27589.672112336586,0.44020676581026097
B2,past,37,1,-1,N3,retrieval,1,329,151310.1905402415,209377.76820647132,280955.8079585984,0.9882907708113198
B2,past,37,1,-1,N3,retrieval,2,329,162155.10689506968,106225.1066178633,99964.70212166627,0.9191702023500297
B2,past,44,2,1,B0,encoding,0,205,8764.774606389472,1110.4973938351113,972.575240720831,0.06989587487706331
B2,past,44,2,1,B0,encoding,1,205,10282.430804680742,765.1186790580754,946.2772127288064,0.05725068985594603
B2,past,44,2,1,B0,encoding,2,205,2592.267234911211,3188.332646648719,4075.140978899438,0.01341026952465161
B2,past,44,2,1,B0,maintenance,0,363,106773.18943835354,20941.545339215434,4830.288775382112,0.8514771713316676
B2,past,44,2,1,B0,maintenance,1,363,43655.307518375375,2605.129185243308,17200.940330585723,0.2430647498413249
B2,past,44,2,1,B0,maintenance,2,363,26754.753757802297,7858.977932258982,7970.18657179019,0.13840720359608422
B2,past,44,2,1,B0,retrieval,0,358,71234.00165749858,2300.1618690824985,46649.797213828395,0.5680651346373934
B2,past,44,2,1,B0,retrieval,1,358,3125.115597587804,28784.116756615535,124775.02187824428,0.017400070784821968
B2,past,44,2,1,B0,retrieval,2,358,25162.263673460573,56740.52668447565,152321.25047666323,0.1301689629707541
B2,past,45,2,-1,B0,encoding,0,205,6066.074311664497,1106.4475069322773,1557.3762211297408,0.048374726119480675
B2,past,45,2,-1,B0,encoding,1,205,4820.355715765997,69634.70976793862,78397.95647359174,0.02683885700967033
B2,past,45,2,-1,B0,encoding,2,205,24740.938670585645,106647.68845726571,77375.23782715248,0.1279893721593072
B2,past,45,2,-1,B0,maintenance,0,363,109416.00939390958,6263.723174575795,19639.814623462615,0.8725526948028007
B2,past,45,2,-1,B0,maintenance,1,363,377227.1930881482,15075.567466047329,30113.66298545901,2.100331861886931
B2,past,45,2,-1,B0,maintenance,2,363,123406.39137626733,39602.075849403176,55118.82507268734,0.6384036904578899
B2,past,45,2,-1,B0,retrieval,0,301,203124.23968259373,12700.982635291508,20039.711424176265,1.6198415907926782
B2,past,45,2,-1,B0,retrieval,1,301,389896.00508930464,9362.880919020256,68202.56845949155,2.170869484799144
B2,past,45,2,-1,B0,retrieval,2,301,296408.1938962942,7342.825632683811,6063.627241530506,1.5333734562288084
B2,past,46,2,-1,B0,encoding,0,205,7276.623954557895,3793.6641514158196,3032.754443852211,0.058028417192205875
B2,past,46,2,-1,B0,encoding,1,205,3627.9678422415395,25875.155064214337,21051.782394399008,0.020199859905594097
B2,past,46,2,-1,B0,encoding,2,205,2823.8160606717897,29309.93068175543,48476.077608906475,0.014608113681977581
B2,past,46,2,-1,B0,maintenance,0,362,5422.585587504409,125232.020210253,42536.580601849775,0.043243138672165546
B2,past,46,2,-1,B0,maintenance,1,362,8339.750814731748,125371.94600623036,50414.90685431714,0.04643420378309125
B2,past,46,2,-1,B0,maintenance,2,362,32298.440524852213,267397.7732168865,213035.32035557102,0.16708570275125725
B2,past,46,2,-1,B0,retrieval,0,280,4693.995872258917,143953.10124522663,16483.829982807696,0.03743290191646052
B2,past,46,2,-1,B0,retrieval,1,280,28776.36178871837,56810.31355440294,3648.804024090066,0.16022150746674182
B2,past,46,2,-1,B0,retrieval,2,280,2130.890949120651,217078.93640602965,96450.35481979903,0.011023486147764923
B2,past,47,2,1,B0,encoding,0,205,562.5558782974085,282.0246597107924,512.2753730329667,0.004486177574055107
B2,past,47,2,1,B0,encoding,1,205,418.81733222370497,227.86391321413132,593.6788918689689,0.002331898132737157
B2,past,47,2,1,B0,encoding,2,205,428.74663764831786,390.5907759530528,1739.164574152715,0.0022179842769370246
B2,past,47,2,1,B0,maintenance,0,363,6173.6843865222945,2416.076885676275,42330.76014627881,0.04923287714623827
B2,past,47,2,1,B0,maintenance,1,363,5280.705392936039,1399.638546987177,25335.761523245874,0.029401999625806342
B2,past,47,2,1,B0,maintenance,2,363,7130.344762599145,1800.5236320203066,8926.220150929059,0.03688656932525617
B2,past,47,2,1,B0,retrieval,0,328,19388.918324849914,5493.753826440004,106035.51900371347,0.1546195390178514
B2,past,47,2,1,B0,retrieval,1,328,17463.890725131103,1998.6472626805235,52838.67185128055,0.09723574226509529
B2,past,47,2,1,B0,retrieval,2,328,23238.92798795951,2375.15573977977,41154.60341607079,0.12021919792277164
B2,past,48,2,-1,B0,encoding,0,205,2622.7006732771847,5052.547606076484,5536.41865209029,0.020915079546453545
B2,past,48,2,-1,B0,encoding,1,205,8994.778152350664,25222.408611690058,29381.226103033558,0.05008127592639375
B2,past,48,2,-1,B0,encoding,2,205,16941.729094087943,25744.363000725127,17747.215079136167,0.08764264359231189
B2,past,48,2,-1,B0,maintenance,0,362,16056.457708184551,52269.94423921889,148116.9545498389,0.12804438326594164
B2,past,48,2,-1,B0,maintenance,1,362,59855.23886616599,159385.55594783832,282186.76906127634,0.33326299798881387
B2,past,48,2,-1,B0,maintenance,2,362,112645.89871675055,184288.32648772374,236554.45933722006,0.5827377063190681
B2,past,48,2,-1,B0,retrieval,0,373,12325.117459811805,53448.01381398154,228277.31177658334,0.09828830819997403
B2,past,48,2,-1,B0,retrieval,1,373,9122.297793390639,49872.270066446035,160649.2131980914,0.05079128191217657
B2,past,48,2,-1,B0,retrieval,2,373,29254.247321720173,79589.44957471361,186736.66740526323,0.1513375380600072
B2,past,49,2,1,B0,encoding,0,205,40953.83864217959,732.3997642433129,957.0185933433092,0.3265918988244689
B2,past,49,2,1,B0,encoding,1,205,4533.765377794943,145571.74570468432,134393.23321847615,0.025243174542502873
B2,past,49,2,1,B0,encoding,2,205,32707.175459839535,1913.9220533605583,3134.818420606886,0.16920016285340359
B2,past,49,2,1,B0,maintenance,0,362,15065.31101444184,280396.8588434917,146007.6488436208,0.12014035054385057
B2,past,49,2,1,B0,maintenance,1,362,183297.58010107465,1184725.8735071525,917786.0774544966,1.0205673258637478
B2,past,49,2,1,B0,maintenance,2,362,62141.09136999553,398827.2954923789,333267.14178740425,0.32146715917434526
B2,past,49,2,1,B0,retrieval,0,313,7765.843464648229,455468.5538661383,178809.93697384687,0.06192976402658593
B2,past,49,2,1,B0,retrieval,1,313,86466.7462721495,1185092.777949336,815350.3142076347,0.4814309930902869
B2,past,49,2,1,B0,retrieval,2,313,46937.42734470349,505623.2868270016,308644.96903065837,0.24281584205873188
B2,past,50,2,-1,B0,encoding,0,205,67001.76401949888,113996.38905198227,118864.71618959987,0.5343145859147854
B2,past,50,2,-1,B0,encoding,1,205,125891.39193619092,325902.9582474709,344197.7863837381,0.7009401932460649
B2,past,50,2,-1,B0,encoding,2,205,2248786.598641612,1337530.4530050575,1449848.5220213148,11.633381769083494
B2,past,50,2,-1,B0,maintenance,0,363,34171.35438107946,40354.21529651903,99914.07757697665,0.2725040651311857
B2,past,50,2,-1,B0,maintenance,1,363,255835.39177521726,105331.38468781847,93352.20108632477,1.4244445644146664
B2,past,50,2,-1,B0,maintenance,2,363,2100868.138688791,884589.2372666802,783586.5854942315,10.868172693057558
B2,past,50,2,-1,B0,retrieval,0,326,4425.001883433564,12159.588374753435,125913.16384084703,0.03528777314476196
B2,past,50,2,-1,B0,retrieval,1,326,18863.266034651653,82932.70037801247,211831.6259409681,0.1050272074700894
B2,past,50,2,-1,B0,retrieval,2,326,607877.8907493321,114899.89489940854,44123.833159627895,3.1446628045292875
B2,past,51,2,-1,B0,encoding,0,205,7946.050746796539,9986.498329815613,8724.016333016816,0.06336685125479505
B2,past,51,2,-1,B0,encoding,1,205,48204.69962979174,310209.1783863044,293121.69379823445,0.2683949311721072
B2,past,51,2,-1,B0,encoding,2,205,62946.313289788326,3520.9888286870223,718.9615156975334,0.3256327185064057
B2,past,51,2,-1,B0,maintenance,0,363,42442.59448655203,434311.2736903303,256731.05674182117,0.3384641826987052
B2,past,51,2,-1,B0,maintenance,1,363,388273.78005887376,1584595.2557329054,1271347.0542880653,2.1618372331985336
B2,past,51,2,-1,B0,maintenance,2,363,39883.92795132545,218400.46313142809,172336.2910896877,0.2063268077943283
B2,past,51,2,-1,B0,retrieval,0,330,62172.16944623485,723137.1907917379,358357.3405896954,0.49580033390495964
B2,past,51,2,-1,B0,retrieval,1,330,270400.17234268936,1578843.8543421985,1146475.6738874698,1.505538592755579
B2,past,51,2,-1,B0,retrieval,2,330,76837.96539493908,365967.63323662034,203161.3354469304,0.39749675951417857
B2,past,52,2,-1,B0,encoding,0,205,11042.015444619612,3213.1547035393623,3877.1842856084213,0.08805603846847374
B2,past,52,2,-1,B0,encoding,1,205,14786.976810190434,3175.1847985806926,4771.768727186857,0.08233117628974539
B2,past,52,2,-1,B0,encoding,2,205,19469.315112004984,5231.12221899518,2839.2751051464484,0.10071830542629304
B2,past,52,2,-1,B0,maintenance,0,362,11122.92406858764,8771.407685511223,14231.092481181697,0.08870125518097449
B2,past,52,2,-1,B0,maintenance,1,362,46715.58040136098,3597.912991926706,30962.150158681943,0.26010378827751013
B2,past,52,2,-1,B0,maintenance,2,362,29373.75110698511,6870.392531566797,7485.537346341095,0.15195575285979177
B2,past,52,2,-1,B0,retrieval,0,323,42488.43089041995,1899.225083456846,45952.497159325765,0.3388297112711378
B2,past,52,2,-1,B0,retrieval,1,323,121757.75718343661,10646.066031489097,81298.61557396333,0.6779248726761499
B2,past,52,2,-1,B0,retrieval,2,323,102817.90744926366,4476.5291554377145,47269.810423863586,0.5318957213539509
B2,past,53,2,1,B0,encoding,0,205,3375.436673015338,19140.225747458102,17235.904154105017,0.026917874098044692
B2,past,53,2,1,B0,encoding,1,205,12068.836591132535,110685.44783476253,100284.79213452926,0.06719706981023293
B2,past,53,2,1,B0,encoding,2,205,4901.470051475418,66758.41041024309,94676.7138833257,0.025356195369087668
B2,past,53,2,1,B0,maintenance,0,363,11600.322564292663,242308.21272112796,110380.58564466076,0.09250833374497675
B2,past,53,2,1,B0,maintenance,1,363,13259.928335473449,301172.604981218,174161.38556702546,0.07382885030460765
B2,past,53,2,1,B0,maintenance,2,363,14838.610576221861,410224.4009396044,340199.98336322856,0.07676282927878643
B2,past,53,2,1,B0,retrieval,0,270,3176.4649583271835,245829.2061440574,60303.21538816111,0.025331147376768857
B2,past,53,2,1,B0,retrieval,1,270,132482.4641734723,89712.78462501672,21731.618587286026,0.7376380752588435
B2,past,53,2,1,B0,retrieval,2,270,15916.168740814035,304099.1414549356,158141.84342604352,0.08233723349956303
B2,past,55,2,1,B0,encoding,0,205,2459.5014307097,9621.248412948527,8268.872741254114,0.019613625219240965
B2,past,55,2,1,B0,encoding,1,205,11396.563172651191,7715.824334768358,5217.94070039928,0.06345397465005434
B2,past,55,2,1,B0,encoding,2,205,5602.352060449471,1635.9171055132565,6467.053674718229,0.028981985379755028
B2,past,55,2,1,B0,maintenance,0,363,27639.408604779037,88642.31785985905,19650.97146861073,0.220414184308554
B2,past,55,2,1,B0,maintenance,1,363,17549.889420719308,10793.101052879498,1996.1109866517168,0.0977145672377754
B2,past,55,2,1,B0,maintenance,2,363,14990.278927111443,75021.93808075254,47741.24962445943,0.07754743722213314
B2,past,55,2,1,B0,retrieval,0,254,42369.38665129398,139733.0680710709,15756.486045136488,0.3378803769623332
B2,past,55,2,1,B0,retrieval,1,254,1187.9983239730477,1501.629465837297,25366.428591430915,0.006614556896818951
B2,past,55,2,1,B0,retrieval,2,254,18624.36500663945,123043.82950305258,38238.60407832416,0.09634722497006734
B2,past,56,2,-1,B0,encoding,0,205,18161.13895516194,15746.343668226973,14842.0561431524,0.14482844716960344
B2,past,56,2,-1,B0,encoding,1,205,49693.73832125822,48782.616437093006,45466.1534161345,0.27668562565165045
B2,past,56,2,-1,B0,encoding,2,205,62304.49964056789,75062.40703998586,97487.9468620711,0.32231249985582316
B2,past,56,2,-1,B0,maintenance,0,362,151525.33703744865,197321.13979870774,354398.4565892233,1.2083591962026705
B2,past,56,2,-1,B0,maintenance,1,362,536200.6234036256,509071.1848521435,710243.7519762978,2.9854667805857424
B2,past,56,2,-1,B0,maintenance,2,362,769526.3693410897,605499.2717289284,693518.4936807019,3.9808997622670157
B2,past,56,2,-1,B0,retrieval,0,279,162823.63314472907,209017.15316004975,492637.17232556123,1.2984589793120724
B2,past,56,2,-1,B0,retrieval,1,279,71980.75430085372,63602.01389940971,133862.41024961128,0.40077564521020664
B2,past,56,2,-1,B0,retrieval,2,279,326191.6395211389,206455.71635027867,345064.7810836632,1.687448633287339
B2,past,57,2,-1,B0,encoding,0,205,80757.30295860664,98347.5009526766,102687.87361960056,0.644009982742623
B2,past,57,2,-1,B0,encoding,1,205,254476.7752788506,353375.01495961787,371587.7397750394,1.4168800368098464
B2,past,57,2,-1,B0,encoding,2,205,305969.8174269658,405024.4137697597,349843.8966576075,1.5828374724817267
B2,past,57,2,-1,B0,maintenance,0,363,279144.43221025536,390278.02257064043,616731.8932433843,2.226074848767184
B2,past,57,2,-1,B0,maintenance,1,363,309131.59356894926,513875.44319714035,705432.7837184396,1.7211880463162306
B2,past,57,2,-1,B0,maintenance,2,363,715601.7741972215,1068529.2287687042,1187473.123046812,3.701938031335844
B2,past,57,2,-1,B0,retrieval,0,293,25058.362650931358,69111.27766510687,248197.34454900763,0.19983128592910523
B2,past,57,2,-1,B0,retrieval,1,293,118844.10971995474,11308.016223069411,24383.59610347781,0.6617022176979679
B2,past,57,2,-1,B0,retrieval,2,293,43799.99068793714,63948.777351333025,147489.85703577092,0.22658531203577323
B2,past,44,2,1,N0,encoding,0,205,10809.42032961532,1110.4973938351113,972.575240720831,0.0862011774155147
B2,past,44,2,1,N0,encoding,1,205,13705.411530607258,765.1186790580754,946.2772127288064,0.07630921907392936
B2,past,44,2,1,N0,encoding,2,205,4009.678606526659,3188.332646648719,4075.140978899438,0.020742796150256374
B2,past,44,2,1,N0,maintenance,0,363,102120.21704466152,20941.545339215434,4830.288775382112,0.8143714166669851
B2,past,44,2,1,N0,maintenance,1,363,38685.85389284599,2605.129185243308,17200.940330585723,0.21539574300111564
B2,past,44,2,1,N0,maintenance,2,363,24627.921626996715,7858.977932258982,7970.18657179019,0.1274047144531125
B2,past,44,2,1,N0,retrieval,0,358,71690.95434933106,2300.1618690824985,46649.797213828395,0.5717091653863161
B2,past,44,2,1,N0,retrieval,1,358,2981.761720658383,28784.116756615535,124775.02187824428,0.016601902676168345
B2,past,44,2,1,N0,retrieval,2,358,25853.625188546812,56740.52668447565,152321.25047666323,0.13374550173628594
B2,past,45,2,-1,N0,encoding,0,205,7149.476596353141,1106.4475069322773,1557.3762211297408,0.05701446346959104
B2,past,45,2,-1,N0,encoding,1,205,4826.914992034944,69634.70976793862,78397.95647359174,0.02687537785755991
B2,past,45,2,-1,N0,encoding,2,205,23959.88021859401,106647.68845726571,77375.23782715248,0.12394881483764908
B2,past,45,2,-1,N0,maintenance,0,363,105700.7662009337,6263.723174575795,19639.814623462615,0.8429249878718319
B2,past,45,2,-1,N0,maintenance,1,363,376651.4963044952,15075.567466047329,30113.66298545901,2.097126487726088
B2,past,45,2,-1,N0,maintenance,2,363,122715.28309581497,39602.075849403176,55118.82507268734,0.6348284617211418
B2,past,45,2,-1,N0,retrieval,0,301,203878.85084056473,12700.982635291508,20039.711424176265,1.625859339046002
B2,past,45,2,-1,N0,retrieval,1,301,389086.7077697667,9362.880919020256,68202.56845949155,2.166363465675629
B2,past,45,2,-1,N0,retrieval,2,301,297856.2268861968,7342.825632683811,6063.627241530506,1.5408643940509832
B2,past,46,2,-1,N0,encoding,0,205,7002.108111005058,3793.6641514158196,3032.754443852211,0.05583925364671628
B2,past,46,2,-1,N0,encoding,1,205,3647.1983669542274,25875.155064214337,21051.782394399008,0.020306931942061585
B2,past,46,2,-1,N0,encoding,2,205,3138.8397098280093,29309.93068175543,48476.077608906475,0.01623778827143745
B2,past,46,2,-1,N0,maintenance,0,362,5418.653209065787,125232.020210253,42536.580601849775,0.04321177939099079
B2,past,46,2,-1,N0,maintenance,1,362,8446.460971534189,125371.94600623036,50414.90685431714,0.04702834637521012
B2,past,46,2,-1,N0,maintenance,2,362,31907.033694234487,267397.7732168865,213035.32035557102,0.16506088408222325
B2,past,46,2,-1,N0,retrieval,0,280,4413.058250144826,143953.10124522663,16483.829982807696,0.03519252703343371
B2,past,46,2,-1,N0,retrieval,1,280,28389.094540583686,56810.31355440294,3648.804024090066,0.15806527441879056
B2,past,46,2,-1,N0,retrieval,2,280,2402.5771313126515,217078.93640602965,96450.35481979903,0.012428968144470837
B2,past,47,2,1,N0,encoding,0,205,525.1230143472976,282.0246597107924,512.2753730329667,0.004187664161851701
B2,past,47,2,1,N0,encoding,1,205,1043.456531997848,227.86391321413132,593.6788918689689,0.005809774694946234
B2,past,47,2,1,N0,encoding,2,205,445.87981067021815,390.5907759530528,1739.164574152715,0.0023066172947609153
B2,past,47,2,1,N0,maintenance,0,363,7295.874985219236,2416.076885676275,42330.76014627881,0.05818193712749077
B2,past,47,2,1,N0,maintenance,1,363,6936.841870371934,1399.638546987177,25335.761523245874,0.03862306394706003
B2,past,47,2,1,N0,maintenance,2,363,8240.256521637259,1800.5236320203066,8926.220150929059,0.04262834457004149
B2,past,47,2,1,N0,retrieval,0,328,19010.27164184794,5493.753826440004,106035.51900371347,0.1515999700766914
B2,past,47,2,1,N0,retrieval,1,328,17000.14980659385,1998.6472626805235,52838.67185128055,0.09465371783867252
B2,past,47,2,1,N0,retrieval,2,328,22856.53805982694,2375.15573977977,41154.60341607079,0.11824102532902454
B2,past,48,2,-1,N0,encoding,0,205,3675.872882205893,5052.547606076484,5536.41865209029,0.029313743088311014
B2,past,48,2,-1,N0,encoding,1,205,8984.724077859528,25222.408611690058,29381.226103033558,0.050025296682631795
B2,past,48,2,-1,N0,encoding,2,205,16991.04743064148,25744.363000725127,17747.215079136167,0.08789777631041416
B2,past,48,2,-1,N0,maintenance,0,362,17295.17371639582,52269.94423921889,148116.9545498389,0.13792269081021472
B2,past,48,2,-1,N0,maintenance,1,362,59937.20760554917,159385.55594783832,282186.76906127634,0.3337193849040726
B2,past,48,2,-1,N0,maintenance,2,362,113977.58598783056,184288.32648772374,236554.45933722006,0.5896267665931112
B2,past,48,2,-1,N0,retrieval,0,373,12055.559253135447,53448.01381398154,228277.31177658334,0.09613867999707634
B2,past,48,2,-1,N0,retrieval,1,373,9213.722146330543,49872.270066446035,160649.2131980914,0.05130031595041785
B2,past,48,2,-1,N0,retrieval,2,373,28363.522263736064,79589.44957471361,186736.66740526323,0.14672965545474909
B2,past,49,2,1,N0,encoding,0,205,38164.64495519321,732.3997642433129,957.0185933433092,0.3043490983294768
B2,past,49,2,1,N0,encoding,1,205,6136.452290506148,145571.74570468432,134393.23321847615,0.03416664148516825
B2,past,49,2,1,N0,encoding,2,205,30170.870889779915,1913.9220533605583,3134.818420606886,0.15607939836467982
B2,past,49,2,1,N0,maintenance,0,362,15406.68641880993,280396.8588434917,146007.6488436208,0.12286269465666146
B2,past,49,2,1,N0,maintenance,1,362,175119.2355016219,1184725.8735071525,917786.0774544966,0.9750318023000804
B2,past,49,2,1,N0,maintenance,2,362,60173.2087228291,398827.2954923789,333267.14178740425,0.3112869445977062
B2,past,49,2,1,N0,retrieval,0,313,8160.589104260437,455468.5538661383,178809.93697384687,0.06507771626422675
B2,past,49,2,1,N0,retrieval,1,313,87361.23689967151,1185092.777949336,815350.3142076347,0.4864113529359376
B2,past,49,2,1,N0,retrieval,2,313,48312.346961211166,505623.2868270016,308644.96903065837,0.24992855111271572
B2,past,50,2,-1,N0,encoding,0,205,63343.710392078094,113996.38905198227,118864.71618959987,0.5051429448723107
B2,past,50,2,-1,N0,encoding,1,205,125374.03245145777,325902.9582474709,344197.7863837381,0.6980596304718419
B2,past,50,2,-1,N0,encoding,2,205,2255283.0073885513,1337530.4530050575,1449848.5220213148,11.666988872188256
B2,past,50,2,-1,N0,maintenance,0,363,34816.446807624554,40354.21529651903,99914.07757697665,0.2776484415190358
B2,past,50,2,-1,N0,maintenance,1,363,256597.2087519294,105331.38468781847,93352.20108632477,1.4286862216929133
B2,past,50,2,-1,N0,maintenance,2,363,2096050.6670366563,884589.2372666802,783586.5854942315,10.84325103667412
B2,past,50,2,-1,N0,retrieval,0,326,4756.799368127983,12159.588374753435,125913.16384084703,0.03793373684790375
B2,past,50,2,-1,N0,retrieval,1,326,18900.154914949388,82932.70037801247,211831.6259409681,0.10523259799351477
B2,past,50,2,-1,N0,retrieval,2,326,610678.6758253947,114899.89489940854,44123.833159627895,3.1591517747422313
B2,past,51,2,-1,N0,encoding,0,205,7276.879993907401,9986.498329815613,8724.016333016816,0.058030459012462565
B2,past,51,2,-1,N0,encoding,1,205,48378.84340997492,310209.1783863044,293121.69379823445,0.2693645318180043
B2,past,51,2,-1,N0,encoding,2,205,61902.64751349458,3520.9888286870223,718.9615156975334,0.320233645769897
B2,past,51,2,-1,N0,maintenance,0,363,41177.01078050097,434311.2736903303,256731.05674182117,0.3283716150814948
B2,past,51,2,-1,N0,maintenance,1,363,389682.3391104085,1584595.2557329054,1271347.0542880653,2.1696798317955976
B2,past,51,2,-1,N0,maintenance,2,363,39782.67789580002,218400.46313142809,172336.2910896877,0.20580302285591753
B2,past,51,2,-1,N0,retrieval,0,330,63257.98644486684,723137.1907917379,358357.3405896954,0.5044593277164426
B2,past,51,2,-1,N0,retrieval,1,330,271868.2173121249,1578843.8543421985,1146475.6738874698,1.513712398039197
B2,past,51,2,-1,N0,retrieval,2,330,76797.46637488005,365967.63323662034,203161.3354469304,0.39728725072312443
B2,past,52,2,-1,N0,encoding,0,205,10404.463907863495,3213.1547035393623,3877.1842856084213,0.08297179792128392
B2,past,52,2,-1,N0,encoding,1,205,14723.31729361747,3175.1847985806926,4771.768727186857,0.08197673177084433
B2,past,52,2,-1,N0,encoding,2,205,19136.360886174978,5231.12221899518,2839.2751051464484,0.09899587270499796
B2,past,52,2,-1,N0,maintenance,0,362,12162.192652834543,8771.407685511223,14231.092481181697,0.09698904239631598
B2,past,52,2,-1,N0,maintenance,1,362,46426.220885211456,3597.912991926706,30962.150158681943,0.25849268753386095
B2,past,52,2,-1,N0,maintenance,2,362,29737.296888624045,6870.392531566797,7485.537346341095,0.15383644125899357
B2,past,52,2,-1,N0,retrieval,0,323,41609.912911611005,1899.225083456846,45952.497159325765,0.3318238513966218
B2,past,52,2,-1,N0,retrieval,1,323,121068.91288909703,10646.066031489097,81298.61557396333,0.6740895139167873
B2,past,52,2,-1,N0,retrieval,2,323,101770.19668359606,4476.5291554377145,47269.810423863586,0.5264757231522751
B2,past,53,2,1,N0,encoding,0,205,3838.08054319844,19140.225747458102,17235.904154105017,0.03060728991478287
B2,past,53,2,1,N0,encoding,1,205,16049.49420304745,110685.44783476253,100284.79213452926,0.08936064170207682
B2,past,53,2,1,N0,encoding,2,205,5628.995887504402,66758.41041024309,94676.7138833257,0.02911981873935734
B2,past,53,2,1,N0,maintenance,0,363,10003.041374617524,242308.21272112796,110380.58564466076,0.0797705998966205
B2,past,53,2,1,N0,maintenance,1,363,11238.783117304816,301172.604981218,174161.38556702546,0.06257548422442683
B2,past,53,2,1,N0,maintenance,2,363,12956.651471222645,410224.4009396044,340199.98336322856,0.06702711280151669
B2,past,53,2,1,N0,retrieval,0,270,3354.6238363415496,245829.2061440574,60303.21538816111,0.026751899330487355
B2,past,53,2,1,N0,retrieval,1,270,130734.85287973433,89712.78462501672,21731.618587286026,0.7279076959285982
B2,past,53,2,1,N0,retrieval,2,270,16531.36073290193,304099.1414549356,158141.84342604352,0.08551973347958094
B2,past,55,2,1,N0,encoding,0,205,3614.572864464508,9621.248412948527,8268.872741254114,0.02882489784557195
B2,past,55,2,1,N0,encoding,1,205,15097.146439807118,7715.824334768358,5217.94070039928,0.08405814393049382
B2,past,55,2,1,N0,encoding,2,205,5004.832321909139,1635.9171055132565,6467.053674718229,0.025890907179092714
B2,past,55,2,1,N0,maintenance,0,363,25473.075165060935,88642.31785985905,19650.97146861073,0.20313846669521662
B2,past,55,2,1,N0,maintenance,1,363,14354.089062143517,10793.101052879498,1996.1109866517168,0.07992093666094173
B2,past,55,2,1,N0,maintenance,2,363,13669.768462887676,75021.93808075254,47741.24962445943,0.0707161966012293
B2,past,55,2,1,N0,retrieval,0,254,43069.862748160995,139733.0680710709,15756.486045136488,0.34346641788405863
B2,past,55,2,1,N0,retrieval,1,254,1250.0471138283629,1501.629465837297,25366.428591430915,0.006960033184617197
B2,past,55,2,1,N0,retrieval,2,254,19557.85241968632,123043.82950305258,38238.60407832416,0.10117632500969234
B2,past,56,2,-1,N0,encoding,0,205,21240.683793537395,15746.343668226973,14842.0561431524,0.16938669200392958
B2,past,56,2,-1,N0,encoding,1,205,49620.819856296046,48782.616437093006,45466.1534161345,0.276279629005369
B2,past,56,2,-1,N0,encoding,2,205,63756.180579930326,75062.40703998586,97487.9468620711,0.32982230918353184
B2,past,56,2,-1,N0,maintenance,0,362,155114.99677807098,197321.13979870774,354398.4565892233,1.2369854209887436
B2,past,56,2,-1,N0,maintenance,1,362,536203.9092084753,509071.1848521435,710243.7519762978,2.985485075344827
B2,past,56,2,-1,N0,maintenance,2,362,772270.0277981389,605499.2717289284,693518.4936807019,3.995093206097617
B2,past,56,2,-1,N0,retrieval,0,279,161467.69924834094,209017.15316004975,492637.17232556123,1.2876459019404731
B2,past,56,2,-1,N0,retrieval,1,279,72252.93959660434,63602.01389940971,133862.41024961128,0.4022911230428681
B2,past,56,2,-1,N0,retrieval,2,279,321296.45684159565,206455.71635027867,345064.7810836632,1.6621249636359237
B2,past,57,2,-1,N0,encoding,0,205,77479.19769194156,98347.5009526766,102687.87361960056,0.6178682910457675
B2,past,57,2,-1,N0,encoding,1,205,254556.5880825194,353375.01495961787,371587.7397750394,1.4173244198702502
B2,past,57,2,-1,N0,encoding,2,205,304218.1168588793,405024.4137697597,349843.8966576075,1.5737756070890827
B2,past,57,2,-1,N0,maintenance,0,363,287033.5651912709,390278.02257064043,616731.8932433843,2.2889878016373686
B2,past,57,2,-1,N0,maintenance,1,363,309315.7860754226,513875.44319714035,705432.7837184396,1.722213596428087
B2,past,57,2,-1,N0,maintenance,2,363,719642.5249841382,1068529.2287687042,1187473.123046812,3.722841569522315
B2,past,57,2,-1,N0,retrieval,0,293,24566.99064147965,69111.27766510687,248197.34454900763,0.1959127736988317
B2,past,57,2,-1,N0,retrieval,1,293,118540.86871529353,11308.016223069411,24383.59610347781,0.6600138273708908
B2,past,57,2,-1,N0,retrieval,2,293,41897.327661975534,63948.777351333025,147489.85703577092,0.21674249041263594
B2,past,44,2,1,N1,encoding,0,205,20916.446606541587,1110.4973938351113,972.575240720831,0.1668010189124357
B2,past,44,2,1,N1,encoding,1,205,25735.938064484115,765.1186790580754,946.2772127288064,0.14329298550794994
B2,past,44,2,1,N1,encoding,2,205,9757.238877455666,3188.332646648719,4075.140978899438,0.05047596999295149
B2,past,44,2,1,N1,maintenance,0,363,79783.94885421928,20941.545339215434,4830.288775382112,0.6362478394193094
B2,past,44,2,1,N1,maintenance,1,363,27022.059855591855,2605.129185243308,17200.940330585723,0.1504538758828373
B2,past,44,2,1,N1,maintenance,2,363,15072.607433080853,7858.977932258982,7970.18657179019,0.07797333754588949
B2,past,44,2,1,N1,retrieval,0,358,52087.71097200922,2300.1618690824985,46649.797213828395,0.4153804623884032
B2,past,44,2,1,N1,retrieval,1,358,1098.974134844614,28784.116756615535,124775.02187824428,0.006118886530707764
B2,past,44,2,1,N1,retrieval,2,358,35136.73921881739,56740.52668447565,152321.25047666323,0.18176873772733426
B2,past,45,2,-1,N1,encoding,0,205,11445.711561966067,1106.4475069322773,1557.3762211297408,0.09127536749558122
B2,past,45,2,-1,N1,encoding,1,205,4290.237197295683,69634.70976793862,78397.95647359174,0.02388725427444726
B2,past,45,2,-1,N1,encoding,2,205,23920.3000614674,106647.68845726571,77375.23782715248,0.12374405949153826
B2,past,45,2,-1,N1,maintenance,0,363,92598.06983729992,6263.723174575795,19639.814623462615,0.7384357720376827
B2,past,45,2,-1,N1,maintenance,1,363,387640.1698104833,15075.567466047329,30113.66298545901,2.1583094074821045
B2,past,45,2,-1,N1,maintenance,2,363,117591.36145779517,39602.075849403176,55118.82507268734,0.6083214838665252
B2,past,45,2,-1,N1,retrieval,0,301,173539.36084396337,12700.982635291508,20039.711424176265,1.3839129922351607
B2,past,45,2,-1,N1,retrieval,1,301,375171.61071428034,9362.880919020256,68202.56845949155,2.088886756036466
B2,past,45,2,-1,N1,retrieval,2,301,283151.3335788758,7342.825632683811,6063.627241530506,1.4647933085059872
B2,past,46,2,-1,N1,encoding,0,205,2908.4406751954157,3793.6641514158196,3032.754443852211,0.02319375165365057
B2,past,46,2,-1,N1,encoding,1,205,2851.819928840965,25875.155064214337,21051.782394399008,0.015878410598859312
B2,past,46,2,-1,N1,encoding,2,205,2979.0897039799847,29309.93068175543,48476.077608906475,0.015411372458231352
B2,past,46,2,-1,N1,maintenance,0,362,3839.6660142022142,125232.020210253,42536.580601849775,0.03061993346671404
B2,past,46,2,-1,N1,maintenance,1,362,11943.057861169289,125371.94600623036,50414.90685431714,0.06649675689820025
B2,past,46,2,-1,N1,maintenance,2,362,35397.51648370968,267397.7732168865,213035.32035557102,0.18311778591226288
B2,past,46,2,-1,N1,retrieval,0,280,6560.253947362813,143953.10124522663,16483.829982807696,0.052315628143176966
B2,past,46,2,-1,N1,retrieval,1,280,27323.388289597304,56810.31355440294,3648.804024090066,0.15213161736709516
B2,past,46,2,-1,N1,retrieval,2,280,2987.3664520769075,217078.93640602965,96450.35481979903,0.01545418958035232
B2,past,47,2,1,N1,encoding,0,205,2347.1637215118217,282.0246597107924,512.2753730329667,0.018717773036077377
B2,past,47,2,1,N1,encoding,1,205,3406.7915653867203,227.86391321413132,593.6788918689689,0.018968390939720383
B2,past,47,2,1,N1,encoding,2,205,5123.781121022661,390.5907759530528,1739.164574152715,0.026506250934652927
B2,past,47,2,1,N1,maintenance,0,363,12439.967523857513,2416.076885676275,42330.76014627881,0.099204195495046
B2,past,47,2,1,N1,maintenance,1,363,12487.202364956696,1399.638546987177,25335.761523245874,0.06952645374857627
B2,past,47,2,1,N1,maintenance,2,363,17540.05196560049,1800.5236320203066,8926.220150929059,0.09073787654580077
B2,past,47,2,1,N1,retrieval,0,328,29136.886217029707,5493.753826440004,106035.51900371347,0.2323560210947247
B2,past,47,2,1,N1,retrieval,1,328,25010.687595655563,1998.6472626805235,52838.67185128055,0.13925492384262061
B2,past,47,2,1,N1,retrieval,2,328,32150.829767578405,2375.15573977977,41154.60341607079,0.16632208547711172
B2,past,48,2,-1,N1,encoding,0,205,3100.7844009706105,5052.547606076484,5536.41865209029,0.02472762258518263
B2,past,48,2,-1,N1,encoding,1,205,11175.319886538724,25222.408611690058,29381.226103033558,0.06222213258891747
B2,past,48,2,-1,N1,encoding,2,205,15417.087673268734,25744.363000725127,17747.215079136167,0.07975539643419481
B2,past,48,2,-1,N1,maintenance,0,362,23159.813808458723,52269.94423921889,148116.9545498389,0.184691052631523
B2,past,48,2,-1,N1,maintenance,1,362,56300.52217337506,159385.55594783832,282186.76906127634,0.3134709870557486
B2,past,48,2,-1,N1,maintenance,2,362,117003.7792584465,184288.32648772374,236554.45933722006,0.605281814362149
B2,past,48,2,-1,N1,retrieval,0,373,20628.810577417335,53448.01381398154,228277.31177658334,0.1645072266810704
B2,past,48,2,-1,N1,retrieval,1,373,9956.0424629647,49872.270066446035,160649.2131980914,0.055433419399268075
B2,past,48,2,-1,N1,retrieval,2,373,32451.804731870536,79589.44957471361,186736.66740526323,0.16787908366656268
B2,past,49,2,1,N1,encoding,0,205,20413.146741667613,732.3997642433129,957.0185933433092,0.16278738639355392
B2,past,49,2,1,N1,encoding,1,205,17683.18948156445,145571.74570468432,134393.23321847615,0.09845675754142905
B2,past,49,2,1,N1,encoding,2,205,13913.205406786237,1913.9220533605583,3134.818420606886,0.07197554015422879
B2,past,49,2,1,N1,maintenance,0,362,6824.680495002643,280396.8588434917,146007.6488436208,0.054424333240343285
B2,past,49,2,1,N1,maintenance,1,362,152746.53792205456,1184725.8735071525,917786.0774544966,0.8504647232991094
B2,past,49,2,1,N1,maintenance,2,362,38084.41113266077,398827.2954923789,333267.14178740425,0.19701758024732205
B2,past,49,2,1,N1,retrieval,0,313,4370.292256565531,455468.5538661383,178809.93697384687,0.034851483861138934
B2,past,49,2,1,N1,retrieval,1,313,73385.59513632316,1185092.777949336,815350.3142076347,0.4085975414618028
B2,past,49,2,1,N1,retrieval,2,313,37443.06440716042,505623.2868270016,308644.96903065837,0.1936997770780022
B2,past,50,2,-1,N1,encoding,0,205,48219.94607477607,113996.38905198227,118864.71618959987,0.38453645059672203
B2,past,50,2,-1,N1,encoding,1,205,132000.19302160357,325902.9582474709,344197.7863837381,0.734952877889994
B2,past,50,2,-1,N1,encoding,2,205,2275333.4083111137,1337530.4530050575,1449848.5220213148,11.770713240119052
B2,past,50,2,-1,N1,maintenance,0,363,28609.097931595043,40354.21529651903,99914.07757697665,0.22814710236982919
B2,past,50,2,-1,N1,maintenance,1,363,275970.78984434635,105331.38468781847,93352.20108632477,1.536554769859177
B2,past,50,2,-1,N1,maintenance,2,363,2121497.048388673,884589.2372666802,783586.5854942315,10.974889792031572
B2,past,50,2,-1,N1,retrieval,0,326,5973.152710156919,12159.588374753435,125913.16384084703,0.047633710300589535
B2,past,50,2,-1,N1,retrieval,1,326,23409.107938286143,82932.70037801247,211831.6259409681,0.13033762189472817
B2,past,50,2,-1,N1,retrieval,2,326,617162.275483184,114899.89489940854,44123.833159627895,3.192692614100899
B2,past,51,2,-1,N1,encoding,0,205,2884.072669361095,9986.498329815613,8724.016333016816,0.022999425711080684
B2,past,51,2,-1,N1,encoding,1,205,44356.751552848975,310209.1783863044,293121.69379823445,0.24697026164410504
B2,past,51,2,-1,N1,encoding,2,205,58364.535019440395,3520.9888286870223,718.9615156975334,0.3019303468218512
B2,past,51,2,-1,N1,maintenance,0,363,38421.96435667622,434311.2736903303,256731.05674182117,0.3064011265329614
B2,past,51,2,-1,N1,maintenance,1,363,419179.7018566016,1584595.2557329054,1271347.0542880653,2.333915740427425
B2,past,51,2,-1,N1,maintenance,2,363,40484.64651166952,218400.46313142809,172336.2910896877,0.20943443408153495
B2,past,51,2,-1,N1,retrieval,0,330,62963.6485062036,723137.1907917379,358357.3405896954,0.5021120902053511
B2,past,51,2,-1,N1,retrieval,1,330,282201.07213286747,1578843.8543421985,1146475.6738874698,1.571243839573388
B2,past,51,2,-1,N1,retrieval,2,330,81041.12666395561,365967.63323662034,203161.3354469304,0.41924047664102004
B2,past,52,2,-1,N1,encoding,0,205,4830.366034975012,3213.1547035393623,3877.1842856084213,0.03852040413508236
B2,past,52,2,-1,N1,encoding,1,205,17233.635732606257,3175.1847985806926,4771.768727186857,0.09595372467458331
B2,past,52,2,-1,N1,encoding,2,205,16315.463422452212,5231.12221899518,2839.2751051464484,0.08440285745546329
B2,past,52,2,-1,N1,maintenance,0,362,9915.51244731948,8771.407685511223,14231.092481181697,0.07907258868409167
B2,past,52,2,-1,N1,maintenance,1,362,37433.48985581544,3597.912991926706,30962.150158681943,0.208422809612822
B2,past,52,2,-1,N1,maintenance,2,362,25718.952843392493,6870.392531566797,7485.537346341095,0.13304881721946063
B2,past,52,2,-1,N1,retrieval,0,323,41429.990640700555,1899.225083456846,45952.497159325765,0.3303890370288928
B2,past,52,2,-1,N1,retrieval,1,323,113585.19376615096,10646.066031489097,81298.61557396333,0.6324215376750446
B2,past,52,2,-1,N1,retrieval,2,323,94384.97046782199,4476.5291554377145,47269.810423863586,0.4882706057476086
B2,past,53,2,1,N1,encoding,0,205,2186.419185714864,19140.225747458102,17235.904154105017,0.017435894098421046
B2,past,53,2,1,N1,encoding,1,205,25950.35921371825,110685.44783476253,100284.79213452926,0.14448684316150898
B2,past,53,2,1,N1,encoding,2,205,4863.393972120254,66758.41041024309,94676.7138833257,0.025159220890639558
B2,past,53,2,1,N1,maintenance,0,363,9334.27232284425,242308.21272112796,110380.58564466076,0.07443741107390728
B2,past,53,2,1,N1,maintenance,1,363,18486.66817227755,301172.604981218,174161.38556702546,0.10293037960625612
B2,past,53,2,1,N1,maintenance,2,363,14352.460322275565,410224.4009396044,340199.98336322856,0.074247885662211
B2,past,53,2,1,N1,retrieval,0,270,5555.947428752806,245829.2061440574,60303.21538816111,0.04430665062630951
B2,past,53,2,1,N1,retrieval,1,270,152474.34951352925,89712.78462501672,21731.618587286026,0.848949228135089
B2,past,53,2,1,N1,retrieval,2,270,21820.735668354482,304099.1414549356,158141.84342604352,0.11288263131128731
B2,past,55,2,1,N1,encoding,0,205,9363.812369425454,9621.248412948527,8268.872741254114,0.0746729821515933
B2,past,55,2,1,N1,encoding,1,205,27135.12746891797,7715.824334768358,5217.94070039928,0.1510834156274995
B2,past,55,2,1,N1,encoding,2,205,1603.3500497730483,1635.9171055132565,6467.053674718229,0.008294421200195667
B2,past,55,2,1,N1,maintenance,0,363,18882.990630784632,88642.31785985905,19650.97146861073,0.15058495052136578
B2,past,55,2,1,N1,maintenance,1,363,11515.213995251268,10793.101052879498,1996.1109866517168,0.06411460068050015
B2,past,55,2,1,N1,maintenance,2,363,5554.694188328293,75021.93808075254,47741.24962445943,0.028735442545934006
B2,past,55,2,1,N1,retrieval,0,254,27083.770733298858,139733.0680710709,15756.486045136488,0.215983175311058
B2,past,55,2,1,N1,retrieval,1,254,1101.3188708061637,1501.629465837297,25366.428591430915,0.006131941590729921
B2,past,55,2,1,N1,retrieval,2,254,9997.040782945747,123043.82950305258,38238.60407832416,0.05171650883163228
B2,past,56,2,-1,N1,encoding,0,205,21364.566673651545,15746.343668226973,14842.0561431524,0.17037461270659734
B2,past,56,2,-1,N1,encoding,1,205,48568.93454313823,48782.616437093006,45466.1534161345,0.27042292440199756
B2,past,56,2,-1,N1,encoding,2,205,61059.67693706647,75062.40703998586,97487.9468620711,0.31587280577662413
B2,past,56,2,-1,N1,maintenance,0,362,169862.63437020412,197321.13979870774,354398.4565892233,1.3545924420661102
B2,past,56,2,-1,N1,maintenance,1,362,519469.5468998472,509071.1848521435,710243.7519762978,2.8923112135735254
B2,past,56,2,-1,N1,maintenance,2,362,778488.8885814465,605499.2717289284,693518.4936807019,4.027264503144965
B2,past,56,2,-1,N1,retrieval,0,279,187041.21632128328,209017.15316004975,492637.17232556123,1.491585356150027
B2,past,56,2,-1,N1,retrieval,1,279,68392.99192269144,63602.01389940971,133862.41024961128,0.3807996419585731
B2,past,56,2,-1,N1,retrieval,2,279,329649.0386063925,206455.71635027867,345064.7810836632,1.7053343871028104
B2,past,57,2,-1,N1,encoding,0,205,66058.51602706203,98347.5009526766,102687.87361960056,0.5267925278336404
B2,past,57,2,-1,N1,encoding,1,205,271518.3079720021,353375.01495961787,371587.7397750394,1.5117641669750064
B2,past,57,2,-1,N1,encoding,2,205,301107.8315550312,405024.4137697597,349843.8966576075,1.5576855359492556
B2,past,57,2,-1,N1,maintenance,0,363,309708.81714243843,390278.02257064043,616731.8932433843,2.4698146505136993
B2,past,57,2,-1,N1,maintenance,1,363,307028.6891854425,513875.44319714035,705432.7837184396,1.7094794601906573
B2,past,57,2,-1,N1,maintenance,2,363,728102.0119659856,1068529.2287687042,1187473.123046812,3.7666040331059505
B2,past,57,2,-1,N1,retrieval,0,293,32385.254220107952,69111.27766510687,248197.34454900763,0.2582605689803367
B2,past,57,2,-1,N1,retrieval,1,293,103392.97993339453,11308.016223069411,24383.59610347781,0.5756731593811693
B2,past,57,2,-1,N1,retrieval,2,293,35906.30816748456,63948.777351333025,147489.85703577092,0.1857498577601934
B2,past,44,2,1,N2,encoding,0,205,24420.09716618761,1110.4973938351113,972.575240720831,0.1947413519075874
B2,past,44,2,1,N2,encoding,1,205,27779.311565907807,765.1186790580754,946.2772127288064,0.1546701145946454
B2,past,44,2,1,N2,encoding,2,205,12829.249060778093,3188.332646648719,4075.140978899438,0.06636803697818236
B2,past,44,2,1,N2,maintenance,0,363,91960.44860508745,20941.545339215434,4830.288775382112,0.7333509756946951
B2,past,44,2,1,N2,maintenance,1,363,33851.64081367876,2605.129185243308,17200.940330585723,0.18847973073220997
B2,past,44,2,1,N2,maintenance,2,363,22943.762341370777,7858.977932258982,7970.18657179019,0.11869225238958524
B2,past,44,2,1,N2,retrieval,0,358,42004.3790397551,2300.1618690824985,46649.797213828395,0.33496957463243665
B2,past,44,2,1,N2,retrieval,1,358,1863.9837997170307,28784.116756615535,124775.02187824428,0.010378320111381574
B2,past,44,2,1,N2,retrieval,2,358,53562.34880619487,56740.52668447565,152321.25047666323,0.2770877647917642
B2,past,45,2,-1,N2,encoding,0,205,13471.034384018603,1106.4475069322773,1557.3762211297408,0.10742657695767589
B2,past,45,2,-1,N2,encoding,1,205,4977.592682850314,69634.70976793862,78397.95647359174,0.02771432361940778
B2,past,45,2,-1,N2,encoding,2,205,22526.30490235911,106647.68845726571,77375.23782715248,0.11653266918889374
B2,past,45,2,-1,N2,maintenance,0,363,96748.20390958624,6263.723174575795,19639.814623462615,0.7715315748239971
B2,past,45,2,-1,N2,maintenance,1,363,381208.7234215556,15075.567466047329,30113.66298545901,2.122500292932067
B2,past,45,2,-1,N2,maintenance,2,363,115960.74775228226,39602.075849403176,55118.82507268734,0.5998860228202926
B2,past,45,2,-1,N2,retrieval,0,301,175958.00244933178,12700.982635291508,20039.711424176265,1.4032007752773
B2,past,45,2,-1,N2,retrieval,1,301,394061.2425110266,9362.880919020256,68202.56845949155,2.19406076323681
B2,past,45,2,-1,N2,retrieval,2,301,288776.33079692436,7342.825632683811,6063.627241530506,1.4938924414015313
B2,past,46,2,-1,N2,encoding,0,205,2376.983195326818,3793.6641514158196,3032.754443852211,0.01895557244385148
B2,past,46,2,-1,N2,encoding,1,205,2796.931718079798,25875.155064214337,21051.782394399008,0.015572803102857012
B2,past,46,2,-1,N2,encoding,2,205,3484.453721164318,29309.93068175543,48476.077608906475,0.01802571236394508
B2,past,46,2,-1,N2,maintenance,0,362,4386.087111743399,125232.020210253,42536.580601849775,0.03497744205981398
B2,past,46,2,-1,N2,maintenance,1,362,10715.786239402429,125371.94600623036,50414.90685431714,0.0596635334784235
B2,past,46,2,-1,N2,maintenance,2,362,36423.49673179761,267397.7732168865,213035.32035557102,0.18842536819719638
B2,past,46,2,-1,N2,retrieval,0,280,4532.2181581632585,143953.10124522663,16483.829982807696,0.03614278375939071
B2,past,46,2,-1,N2,retrieval,1,280,21476.07682641811,56810.31355440294,3648.804024090066,0.11957485900629973
B2,past,46,2,-1,N2,retrieval,2,280,2387.834016093367,217078.93640602965,96450.35481979903,0.01235269933002881
B2,past,47,2,1,N2,encoding,0,205,3018.79088367077,282.0246597107924,512.2753730329667,0.024073754244775803
B2,past,47,2,1,N2,encoding,1,205,4112.541976919776,227.86391321413132,593.6788918689689,0.02289787986056898
B2,past,47,2,1,N2,encoding,2,205,6569.917721349006,390.5907759530528,1739.164574152715,0.0339873783889001
B2,past,47,2,1,N2,maintenance,0,363,10399.29027190439,2416.076885676275,42330.76014627881,0.08293054006493318
B2,past,47,2,1,N2,maintenance,1,363,9854.47004010922,1399.638546987177,25335.761523245874,0.0548678827679718
B2,past,47,2,1,N2,maintenance,2,363,14526.906180690481,1800.5236320203066,8926.220150929059,0.07515032579156877
B2,past,47,2,1,N2,retrieval,0,328,35264.59498486576,5493.753826440004,106035.51900371347,0.28122225948122276
B2,past,47,2,1,N2,retrieval,1,328,30426.859624732217,1998.6472626805235,52838.67185128055,0.1694111768661726
B2,past,47,2,1,N2,retrieval,2,328,46906.90013809725,2375.15573977977,41154.60341607079,0.24265791927094552
B2,past,48,2,-1,N2,encoding,0,205,3714.902061620527,5052.547606076484,5536.41865209029,0.029624986533057555
B2,past,48,2,-1,N2,encoding,1,205,9952.69305033506,25222.408611690058,29381.226103033558,0.05541477048372449
B2,past,48,2,-1,N2,encoding,2,205,13937.84419820936,25744.363000725127,17747.215079136167,0.07210300110011272
B2,past,48,2,-1,N2,maintenance,0,362,22276.011399271134,52269.94423921889,148116.9545498389,0.17764305135564426
B2,past,48,2,-1,N2,maintenance,1,362,58306.68830718333,159385.55594783832,282186.76906127634,0.32464095234001544
B2,past,48,2,-1,N2,maintenance,2,362,117945.22154770205,184288.32648772374,236554.45933722006,0.6101520664221202
B2,past,48,2,-1,N2,retrieval,0,373,19011.757862963153,53448.01381398154,228277.31177658334,0.15161182214702673
B2,past,48,2,-1,N2,retrieval,1,373,8344.276925041091,49872.270066446035,160649.2131980914,0.04645940433561586
B2,past,48,2,-1,N2,retrieval,2,373,30810.57800965205,79589.44957471361,186736.66740526323,0.15938871955610315
B2,past,49,2,1,N2,encoding,0,205,17483.39616878891,732.3997642433129,957.0185933433092,0.13942369609241909
B2,past,49,2,1,N2,encoding,1,205,18852.664652560787,145571.74570468432,134393.23321847615,0.10496818091793866
B2,past,49,2,1,N2,encoding,2,205,10494.453076265774,1913.9220533605583,3134.818420606886,0.054289713024650244
B2,past,49,2,1,N2,maintenance,0,362,6377.808600345977,280396.8588434917,146007.6488436208,0.05086069316542011
B2,past,49,2,1,N2,maintenance,1,362,166294.97956899446,1184725.8735071525,917786.0774544966,0.9258999628348079
B2,past,49,2,1,N2,maintenance,2,362,46799.11812594254,398827.2954923789,333267.14178740425,0.24210034333377434
B2,past,49,2,1,N2,retrieval,0,313,2465.857424163293,455468.5538661383,178809.93697384687,0.0196643119445822
B2,past,49,2,1,N2,retrieval,1,313,66275.19323590021,1185092.777949336,815350.3142076347,0.36900812708257497
B2,past,49,2,1,N2,retrieval,2,313,26980.899627021296,505623.2868270016,308644.96903065837,0.13957709727728768
B2,past,50,2,-1,N2,encoding,0,205,44430.28454272218,113996.38905198227,118864.71618959987,0.35431528460372985
B2,past,50,2,-1,N2,encoding,1,205,130364.01238321474,325902.9582474709,344197.7863837381,0.7258429240224646
B2,past,50,2,-1,N2,encoding,2,205,2291608.865726678,1337530.4530050575,1449848.5220213148,11.8549091392302
B2,past,50,2,-1,N2,maintenance,0,363,27047.796171452028,40354.21529651903,99914.07757697665,0.21569629132527127
B2,past,50,2,-1,N2,maintenance,1,363,267883.832407013,105331.38468781847,93352.20108632477,1.4915280732620795
B2,past,50,2,-1,N2,maintenance,2,363,2126669.6384001197,884589.2372666802,783586.5854942315,11.001648540226915
B2,past,50,2,-1,N2,retrieval,0,326,4210.569898238979,12159.588374753435,125913.16384084703,0.03357775641531007
B2,past,50,2,-1,N2,retrieval,1,326,19603.42509678353,82932.70037801247,211831.6259409681,0.10914827745004886
B2,past,50,2,-1,N2,retrieval,2,326,627715.9778675201,114899.89489940854,44123.833159627895,3.247288834564161
B2,past,51,2,-1,N2,encoding,0,205,2198.0099004720887,9986.498329815613,8724.016333016816,0.017528325813415305
B2,past,51,2,-1,N2,encoding,1,205,45732.87077576651,310209.1783863044,293121.69379823445,0.254632241221949
B2,past,51,2,-1,N2,encoding,2,205,54417.12443204542,3520.9888286870223,718.9615156975334,0.2815096744511482
B2,past,51,2,-1,N2,maintenance,0,363,40328.11172447848,434311.2736903303,256731.05674182117,0.32160195529358065
B2,past,51,2,-1,N2,maintenance,1,363,411486.28276380134,1584595.2557329054,1271347.0542880653,2.2910801931934754
B2,past,51,2,-1,N2,maintenance,2,363,41644.483462265525,218400.46313142809,172336.2910896877,0.21543448141564983
B2,past,51,2,-1,N2,retrieval,0,330,60839.48959005724,723137.1907917379,358357.3405896954,0.48517269900711885
B2,past,51,2,-1,N2,retrieval,1,330,293456.8291697937,1578843.8543421985,1146475.6738874698,1.6339138314707904
B2,past,51,2,-1,N2,retrieval,2,330,86971.17944744999,365967.63323662034,203161.3354469304,0.4499177174173915
B2,past,52,2,-1,N2,encoding,0,205,3895.949949769953,3213.1547035393623,3877.1842856084213,0.031068777286971962
B2,past,52,2,-1,N2,encoding,1,205,16096.116460387677,3175.1847985806926,4771.768727186857,0.08962022588465689
B2,past,52,2,-1,N2,encoding,2,205,14219.248765579287,5231.12221899518,2839.2751051464484,0.07355875806956266
B2,past,52,2,-1,N2,maintenance,0,362,9127.364009344717,8771.407685511223,14231.092481181697,0.0727873928771079
B2,past,52,2,-1,N2,maintenance,1,362,39558.3052628468,3597.912991926706,30962.150158681943,0.22025339230088775
B2,past,52,2,-1,N2,maintenance,2,362,24668.198110112495,6870.392531566797,7485.537346341095,0.12761307202011546
B2,past,52,2,-1,N2,retrieval,0,323,40090.474509909414,1899.225083456846,45952.497159325765,0.31970688533895286
B2,past,52,2,-1,N2,retrieval,1,323,105448.26832864726,10646.066031489097,81298.61557396333,0.5871166284125947
B2,past,52,2,-1,N2,retrieval,2,323,86946.68981586196,4476.5291554377145,47269.810423863586,0.4497910281024428
B2,past,53,2,1,N2,encoding,0,205,3323.1473660127936,19140.225747458102,17235.904154105017,0.026500885980975032
B2,past,53,2,1,N2,encoding,1,205,28341.599240885007,110685.44783476253,100284.79213452926,0.15780082929639538
B2,past,53,2,1,N2,encoding,2,205,7198.809769682581,66758.41041024309,94676.7138833257,0.03724075124972412
B2,past,53,2,1,N2,maintenance,0,363,13909.357265889294,242308.21272112796,110380.58564466076,0.11092204177940142
B2,past,53,2,1,N2,maintenance,1,363,20670.83589407578,301172.604981218,174161.38556702546,0.11509142510311625
B2,past,53,2,1,N2,maintenance,2,363,21495.678240513676,410224.4009396044,340199.98336322856,0.1112010501611539
B2,past,53,2,1,N2,retrieval,0,270,5936.431037212307,245829.2061440574,60303.21538816111,0.047340868376789025
B2,past,53,2,1,N2,retrieval,1,270,161538.2539101501,89712.78462501672,21731.618587286026,0.8994153863181001
B2,past,53,2,1,N2,retrieval,2,270,31441.625019828236,304099.1414549356,158141.84342604352,0.16265324042618165
B2,past,55,2,1,N2,encoding,0,205,11554.0809475502,9621.248412948527,8268.872741254114,0.09213957374793262
B2,past,55,2,1,N2,encoding,1,205,29114.05921546109,7715.824334768358,5217.94070039928,0.16210174483578854
B2,past,55,2,1,N2,encoding,2,205,1730.0185601619512,1635.9171055132565,6467.053674718229,0.008949700425163189
B2,past,55,2,1,N2,maintenance,0,363,24537.553117840045,88642.31785985905,19650.97146861073,0.1956780202041435
B2,past,55,2,1,N2,maintenance,1,363,15321.180445162725,10793.101052879498,1996.1109866517168,0.08530552420481187
B2,past,55,2,1,N2,maintenance,2,363,9736.068568689863,75021.93808075254,47741.24962445943,0.05036645213821564
B2,past,55,2,1,N2,retrieval,0,254,23648.271731181194,139733.0680710709,15756.486045136488,0.18858632608492493
B2,past,55,2,1,N2,retrieval,1,254,1257.34521714807,1501.629465837297,25366.428591430915,0.007000667686091596
B2,past,55,2,1,N2,retrieval,2,254,4509.557589946183,123043.82950305258,38238.60407832416,0.02332876097945511
B2,past,56,2,-1,N2,encoding,0,205,23244.234092726067,15746.343668226973,14842.0561431524,0.18536427355176607
B2,past,56,2,-1,N2,encoding,1,205,46754.86936472127,48782.616437093006,45466.1534161345,0.2603225420234705
B2,past,56,2,-1,N2,encoding,2,205,61002.11242643113,75062.40703998586,97487.9468620711,0.3155750141013375
B2,past,56,2,-1,N2,maintenance,0,362,166918.08156933493,197321.13979870774,354398.4565892233,1.3311107094054182
B2,past,56,2,-1,N2,maintenance,1,362,526643.0954378879,509071.1848521435,710243.7519762978,2.9322522168556477
B2,past,56,2,-1,N2,maintenance,2,362,779638.3035551723,605499.2717289284,693518.4936807019,4.033210635698643
B2,past,56,2,-1,N2,retrieval,0,279,183119.14466323462,209017.15316004975,492637.17232556123,1.4603082677842858
B2,past,56,2,-1,N2,retrieval,1,279,67916.95224350676,63602.01389940971,133862.41024961128,0.37814914028734187
B2,past,56,2,-1,N2,retrieval,2,279,322499.9489074101,206455.71635027867,345064.7810836632,1.6683508468149402
B2,past,57,2,-1,N2,encoding,0,205,61644.39942948867,98347.5009526766,102687.87361960056,0.4915915608661795
B2,past,57,2,-1,N2,encoding,1,205,266845.6302564919,353375.01495961787,371587.7397750394,1.4857475540000193
B2,past,57,2,-1,N2,encoding,2,205,293756.84166599467,405024.4137697597,349843.8966576075,1.5196575292849106
B2,past,57,2,-1,N2,maintenance,0,363,299175.39686749945,390278.02257064043,616731.8932433843,2.38581447268506
B2,past,57,2,-1,N2,maintenance,1,363,309652.51160224277,513875.44319714035,705432.7837184396,1.7240884224365227
B2,past,57,2,-1,N2,maintenance,2,363,731198.0362906093,1068529.2287687042,1187473.123046812,3.782620329608461
B2,past,57,2,-1,N2,retrieval,0,293,32373.402968136772,69111.27766510687,248197.34454900763,0.2581660595762604
B2,past,57,2,-1,N2,retrieval,1,293,116030.0361219033,11308.016223069411,24383.59610347781,0.6460339717496938
B2,past,57,2,-1,N2,retrieval,2,293,37044.88288941437,63948.777351333025,147489.85703577092,0.19163991172122224
B2,past,44,2,1,N3,encoding,0,205,23002.115233459477,1110.4973938351113,972.575240720831,0.18343346411824818
B2,past,44,2,1,N3,encoding,1,205,23052.2376762633,765.1186790580754,946.2772127288064,0.1283506336933994
B2,past,44,2,1,N3,encoding,2,205,14339.897040219219,3188.332646648719,4075.140978899438,0.07418289352088354
B2,past,44,2,1,N3,maintenance,0,363,101357.24481433995,20941.545339215434,4830.288775382112,0.8082869919167635
B2,past,44,2,1,N3,maintenance,1,363,37459.44966145759,2605.129185243308,17200.940330585723,0.20856734905196547
B2,past,44,2,1,N3,maintenance,2,363,31091.256045704333,7858.977932258982,7970.18657179019,0.16084071804700717
B2,past,44,2,1,N3,retrieval,0,358,37316.356494839114,2300.1618690824985,46649.797213828395,0.29758430781890927
B2,past,44,2,1,N3,retrieval,1,358,1920.2593390413185,28784.116756615535,124775.02187824428,0.010691651998513187
B2,past,44,2,1,N3,retrieval,2,358,53751.55664594732,56740.52668447565,152321.25047666323,0.27806657133342244
B2,past,45,2,-1,N3,encoding,0,205,13050.51542818886,1106.4475069322773,1557.3762211297408,0.1040730919406531
B2,past,45,2,-1,N3,encoding,1,205,5119.719423231053,69634.70976793862,78397.95647359174,0.0285056592567038
B2,past,45,2,-1,N3,encoding,2,205,17379.459304727512,106647.68845726571,77375.23782715248,0.08990710152500653
B2,past,45,2,-1,N3,maintenance,0,363,103578.07281517466,6263.723174575795,19639.814623462615,0.8259972837429401
B2,past,45,2,-1,N3,maintenance,1,363,375769.109280208,15075.567466047329,30113.66298545901,2.092213518524546
B2,past,45,2,-1,N3,maintenance,2,363,119851.70631575298,39602.075849403176,55118.82507268734,0.6200146586116487
B2,past,45,2,-1,N3,retrieval,0,301,159470.16230171348,12700.982635291508,20039.711424176265,1.271716274682061
B2,past,45,2,-1,N3,retrieval,1,301,373502.205222228,9362.880919020256,68202.56845949155,2.0795918122741606
B2,past,45,2,-1,N3,retrieval,2,301,280367.5903509074,7342.825632683811,6063.627241530506,1.4503924988704182
B2,past,46,2,-1,N3,encoding,0,205,2925.1097417272204,3793.6641514158196,3032.754443852211,0.023326681368440395
B2,past,46,2,-1,N3,encoding,1,205,3953.2360791181395,25875.155064214337,21051.782394399008,0.02201089382385159
B2,past,46,2,-1,N3,encoding,2,205,5002.337360419752,29309.93068175543,48476.077608906475,0.025878000289873998
B2,past,46,2,-1,N3,maintenance,0,362,5850.61411743441,125232.020210253,42536.580601849775,0.0466565097986736
B2,past,46,2,-1,N3,maintenance,1,362,11083.471551166665,125371.94600623036,50414.90685431714,0.06171073789421386
B2,past,46,2,-1,N3,maintenance,2,362,40552.39475645432,267397.7732168865,213035.32035557102,0.20978490806436773
B2,past,46,2,-1,N3,retrieval,0,280,6559.184684535768,143953.10124522663,16483.829982807696,0.05230710116283508
B2,past,46,2,-1,N3,retrieval,1,280,24421.463804980132,56810.31355440294,3648.804024090066,0.13597423378630166
B2,past,46,2,-1,N3,retrieval,2,280,3106.1017318907643,217078.93640602965,96450.35481979903,0.01606842876177039
B2,past,47,2,1,N3,encoding,0,205,2279.514264731296,282.0246597107924,512.2753730329667,0.018178293337057408
B2,past,47,2,1,N3,encoding,1,205,3073.8482512264745,227.86391321413132,593.6788918689689,0.01711462359806008
B2,past,47,2,1,N3,encoding,2,205,5236.495347173082,390.5907759530528,1739.164574152715,0.0270893421112042
B2,past,47,2,1,N3,maintenance,0,363,6690.143756419138,2416.076885676275,42330.76014627881,0.053351451909254
B2,past,47,2,1,N3,maintenance,1,363,6827.8308014881495,1399.638546987177,25335.761523245874,0.03801611029825066
B2,past,47,2,1,N3,maintenance,2,363,8912.678717333838,1800.5236320203066,8926.220150929059,0.046106906794340125
B2,past,47,2,1,N3,retrieval,0,328,38641.102949171116,5493.753826440004,106035.51900371347,0.3081486767358604
B2,past,47,2,1,N3,retrieval,1,328,31769.240829040285,1998.6472626805235,52838.67185128055,0.17688530934088936
B2,past,47,2,1,N3,retrieval,2,328,46108.59263490214,2375.15573977977,41154.60341607079,0.23852812947257054
B2,past,48,2,-1,N3,encoding,0,205,4797.7858633052665,5052.547606076484,5536.41865209029,0.03826058917066312
B2,past,48,2,-1,N3,encoding,1,205,8634.279883991014,25222.408611690058,29381.226103033558,0.04807408765082871
B2,past,48,2,-1,N3,encoding,2,205,11207.055228693736,25744.363000725127,17747.215079136167,0.05797613346742267
B2,past,48,2,-1,N3,maintenance,0,362,19820.33571310124,52269.94423921889,148116.9545498389,0.15805993505119856
B2,past,48,2,-1,N3,maintenance,1,362,59788.33571793785,159385.55594783832,282186.76906127634,0.33289049352344446
B2,past,48,2,-1,N3,maintenance,2,362,106512.14057183941,184288.32648772374,236554.45933722006,0.5510066606866902
B2,past,48,2,-1,N3,retrieval,0,373,25213.70585472347,53448.01381398154,228277.31177658334,0.20107009121764513
B2,past,48,2,-1,N3,retrieval,1,373,9997.539549396559,49872.270066446035,160649.2131980914,0.05566446756972152
B2,past,48,2,-1,N3,retrieval,2,373,32554.226181311482,79589.44957471361,186736.66740526323,0.1684089284385874
B2,past,49,2,1,N3,encoding,0,205,19786.062841104456,732.3997642433129,957.0185933433092,0.15778662142017616
B2,past,49,2,1,N3,encoding,1,205,14213.553150359976,145571.74570468432,134393.23321847615,0.07913845846566132
B2,past,49,2,1,N3,encoding,2,205,9529.94771385741,1913.9220533605583,3134.818420606886,0.049300151495778405
B2,past,49,2,1,N3,maintenance,0,362,10275.35123806635,280396.8588434917,146007.6488436208,0.08194217155683571
B2,past,49,2,1,N3,maintenance,1,362,179562.34357579044,1184725.8735071525,917786.0774544966,0.9997702135943122
B2,past,49,2,1,N3,maintenance,2,362,59103.927840568904,398827.2954923789,333267.14178740425,0.3057553602627457
B2,past,49,2,1,N3,retrieval,0,313,1734.7609107316525,455468.5538661383,178809.93697384687,0.013834084389315332
B2,past,49,2,1,N3,retrieval,1,313,63553.60861418189,1185092.777949336,815350.3142076347,0.3538548428004401
B2,past,49,2,1,N3,retrieval,2,313,28405.367887523767,505623.2868270016,308644.96903065837,0.1469461304716235
B2,past,50,2,-1,N3,encoding,0,205,43166.34754496616,113996.38905198227,118864.71618959987,0.3442358488834726
B2,past,50,2,-1,N3,encoding,1,205,121364.11627742214,325902.9582474709,344197.7863837381,0.6757331522694743
B2,past,50,2,-1,N3,encoding,2,205,2357768.0360202664,1337530.4530050575,1449848.5220213148,12.197162550921657
B2,past,50,2,-1,N3,maintenance,0,363,29918.51997033989,40354.21529651903,99914.07757697665,0.23858926467194466
B2,past,50,2,-1,N3,maintenance,1,363,265515.1403376427,105331.38468781847,93352.20108632477,1.478339630022955
B2,past,50,2,-1,N3,maintenance,2,363,2191213.081725775,884589.2372666802,783586.5854942315,11.335543502671152
B2,past,50,2,-1,N3,retrieval,0,326,2521.528637416928,12159.588374753435,125913.16384084703,0.020108269528271085
B2,past,50,2,-1,N3,retrieval,1,326,18261.145339919283,82932.70037801247,211831.6259409681,0.10167470981610298
B2,past,50,2,-1,N3,retrieval,2,326,619847.5437786817,114899.89489940854,44123.833159627895,3.20658399501397
B2,past,51,2,-1,N3,encoding,0,205,2805.831414322136,9986.498329815613,8724.016333016816,0.02237548029114475
B2,past,51,2,-1,N3,encoding,1,205,50688.43511877559,310209.1783863044,293121.69379823445,0.2822239150831189
B2,past,51,2,-1,N3,encoding,2,205,47393.037465784706,3520.9888286870223,718.9615156975334,0.24517279601763478
B2,past,51,2,-1,N3,maintenance,0,363,45868.2457292359,434311.2736903303,256731.05674182117,0.3657824996416804
B2,past,51,2,-1,N3,maintenance,1,363,409616.95581145654,1584595.2557329054,1271347.0542880653,2.280672123387712
B2,past,51,2,-1,N3,maintenance,2,363,41167.94277674714,218400.46313142809,172336.2910896877,0.21296924984299426
B2,past,51,2,-1,N3,retrieval,0,330,53232.33322634313,723137.1907917379,358357.3405896954,0.4245084066269354
B2,past,51,2,-1,N3,retrieval,1,330,279952.32972356875,1578843.8543421985,1146475.6738874698,1.5587232540536613
B2,past,51,2,-1,N3,retrieval,2,330,77620.90549410514,365967.63323662034,203161.3354469304,0.40154705093864046
B2,past,52,2,-1,N3,encoding,0,205,4590.8372699303045,3213.1547035393623,3877.1842856084213,0.03661024975657529
B2,past,52,2,-1,N3,encoding,1,205,13297.96596295949,3175.1847985806926,4771.768727186857,0.07404063684180158
B2,past,52,2,-1,N3,encoding,2,205,11092.69786484374,5231.12221899518,2839.2751051464484,0.057384542040927765
B2,past,52,2,-1,N3,maintenance,0,362,7626.955517794608,8771.407685511223,14231.092481181697,0.06082218339945422
B2,past,52,2,-1,N3,maintenance,1,362,39598.251561688085,3597.912991926706,30962.150158681943,0.2204758059703105
B2,past,52,2,-1,N3,maintenance,2,362,23082.581437351193,6870.392531566797,7485.537346341095,0.11941038880206421
B2,past,52,2,-1,N3,retrieval,0,323,46138.733848395364,1899.225083456846,45952.497159325765,0.367939543556845
B2,past,52,2,-1,N3,retrieval,1,323,112116.56057054349,10646.066031489097,81298.61557396333,0.6242444572559286
B2,past,52,2,-1,N3,retrieval,2,323,99200.09025067967,4476.5291554377145,47269.810423863586,0.5131800954838452
B2,past,53,2,1,N3,encoding,0,205,5236.8499398899285,19140.225747458102,17235.904154105017,0.04176196474940338
B2,past,53,2,1,N3,encoding,1,205,26856.25649142661,110685.44783476253,100284.79213452926,0.1495307131444529
B2,past,53,2,1,N3,encoding,2,205,10118.728778578881,66758.41041024309,94676.7138833257,0.052346022948609836
B2,past,53,2,1,N3,maintenance,0,363,15039.840477743117,242308.21272112796,110380.58564466076,0.1199372323204968
B2,past,53,2,1,N3,maintenance,1,363,17112.329937562357,301172.604981218,174161.38556702546,0.09527831624425126
B2,past,53,2,1,N3,maintenance,2,363,24093.659654202263,410224.4009396044,340199.98336322856,0.12464088017111528
B2,past,53,2,1,N3,retrieval,0,270,6609.082616338633,245829.2061440574,60303.21538816111,0.05270501893648495
B2,past,53,2,1,N3,retrieval,1,270,164564.57718717644,89712.78462501672,21731.618587286026,0.9162653995715806
B2,past,53,2,1,N3,retrieval,2,270,32152.46541091198,304099.1414549356,158141.84342604352,0.16633054695733798
B2,past,55,2,1,N3,encoding,0,205,11564.946389326595,9621.248412948527,8268.872741254114,0.09222622167591624
B2,past,55,2,1,N3,encoding,1,205,25601.840065101853,7715.824334768358,5217.94070039928,0.1425463524287911
B2,past,55,2,1,N3,encoding,2,205,1907.4492414220756,1635.9171055132565,6467.053674718229,0.009867581585560727
B2,past,55,2,1,N3,maintenance,0,363,29248.40401864372,88642.31785985905,19650.97146861073,0.23324533481449747
B2,past,55,2,1,N3,maintenance,1,363,16515.59339523541,10793.101052879498,1996.1109866517168,0.09195579656389341
B2,past,55,2,1,N3,maintenance,2,363,15785.082812201745,75021.93808075254,47741.24962445943,0.08165910216730468
B2,past,55,2,1,N3,retrieval,0,254,21595.827170238837,139733.0680710709,15756.486045136488,0.1722188306653443
B2,past,55,2,1,N3,retrieval,1,254,1570.7770005787206,1501.629465837297,25366.428591430915,0.008745798401293267
B2,past,55,2,1,N3,retrieval,2,254,6140.196697481881,123043.82950305258,38238.60407832416,0.03176435343496831
B2,past,56,2,-1,N3,encoding,0,205,26884.702577315667,15746.343668226973,14842.0561431524,0.2143956795056934
B2,past,56,2,-1,N3,encoding,1,205,48381.01689277764,48782.616437093006,45466.1534161345,0.2693766333718302
B2,past,56,2,-1,N3,encoding,2,205,66771.60639478492,75062.40703998586,97487.9468620711,0.3454216549470395
B2,past,56,2,-1,N3,maintenance,0,362,159274.361793451,197321.13979870774,354398.4565892233,1.2701548371732856
B2,past,56,2,-1,N3,maintenance,1,362,532084.946295463,509071.1848521435,710243.7519762978,2.962551444889112
B2,past,56,2,-1,N3,maintenance,2,362,758620.0044200101,605499.2717289284,693518.4936807019,3.9244791544083153
B2,past,56,2,-1,N3,retrieval,0,279,203309.5421607287,209017.15316004975,492637.17232556123,1.6213193103471193
B2,past,56,2,-1,N3,retrieval,1,279,75474.10187633248,63602.01389940971,133862.41024961128,0.4202259641476036
B2,past,56,2,-1,N3,retrieval,2,279,327765.2234535386,206455.71635027867,345064.7810836632,1.6955890689526705
B2,past,57,2,-1,N3,encoding,0,205,62977.440685991154,98347.5009526766,102687.87361960056,0.502222077799557
B2,past,57,2,-1,N3,encoding,1,205,256071.14505723558,353375.01495961787,371587.7397750394,1.4257571954731907
B2,past,57,2,-1,N3,encoding,2,205,274333.82709312445,405024.4137697597,349843.8966576075,1.4191787449622177
B2,past,57,2,-1,N3,maintenance,0,363,289282.1872657783,390278.02257064043,616731.8932433843,2.3069197410452564
B2,past,57,2,-1,N3,maintenance,1,363,309124.5360614893,513875.44319714035,705432.7837184396,1.7211487514083998
B2,past,57,2,-1,N3,maintenance,2,363,690767.0564364379,1068529.2287687042,1187473.123046812,3.573463522899538
B2,past,57,2,-1,N3,retrieval,0,293,40100.826525803765,69111.27766510687,248197.34454900763,0.3197894388831307
B2,past,57,2,-1,N3,retrieval,1,293,105540.7295911713,11308.016223069411,24383.59610347781,0.5876314357733253
B2,past,57,2,-1,N3,retrieval,2,293,33936.180014149155,63948.777351333025,147489.85703577092,0.1755580267720442
B2,past,64,3,-1,B0,encoding,0,205,52144.19786693488,35702.1067245671,39780.05968962642,0.4084882786659284
B2,past,64,3,-1,B0,encoding,1,205,107628.49186012344,42707.170436931265,42248.170472507576,0.49488195952339314
B2,past,64,3,-1,B0,encoding,2,205,68253.90709280722,51563.42663959841,71837.69806948524,0.31155332540933955
B2,past,64,3,-1,B0,maintenance,0,363,88225.48984816184,47792.84495217427,13963.874886528232,0.6911426382375455
B2,past,64,3,-1,B0,maintenance,1,363,52698.40231678348,43466.9255791406,86305.73226136643,0.2423102670264623
B2,past,64,3,-1,B0,maintenance,2,363,61143.64919602413,36274.291724927105,27366.728637607044,0.279097681672364
B2,past,64,3,-1,B0,retrieval,0,288,15057.214199394894,2430.2552777706724,41438.55708253475,0.11795551109081703
B2,past,64,3,-1,B0,retrieval,1,288,23729.163877753082,39563.340119508015,128279.30800202551,0.1091080522891264
B2,past,64,3,-1,B0,retrieval,2,288,5160.75190406385,10528.247953014079,53390.99447165682,0.023556884665040856
B2,past,65,3,1,B0,encoding,0,205,16920.90771211629,19762.819983818015,22733.554346588073,0.13255535126699827
B2,past,65,3,1,B0,encoding,1,205,49471.5075423879,54846.64601026398,54366.50719601205,0.22747282034734229
B2,past,65,3,1,B0,encoding,2,205,49548.866307605254,59072.494146881196,79460.0177217091,0.22617187390323054
B2,past,65,3,1,B0,maintenance,0,362,63864.32556889117,56864.721457913765,83233.80936168812,0.5003016536253848
B2,past,65,3,1,B0,maintenance,1,362,171155.52680581438,154968.1512772292,219084.56993308046,0.7869828985339731
B2,past,65,3,1,B0,maintenance,2,362,204725.91742259153,180496.85869547943,198407.2090015936,0.9344965451392875
B2,past,65,3,1,B0,retrieval,0,282,151495.65744550986,111566.91223438783,305834.1253993262,1.1867897650511334
B2,past,65,3,1,B0,retrieval,1,282,152727.29028926665,122052.41332898368,255740.36685888522,0.7022488133465489
B2,past,65,3,1,B0,retrieval,2,282,257753.8780067591,186353.75766667395,322197.99815492483,1.1765491713312
B2,past,66,3,1,B0,encoding,0,205,131985.25204306853,3571.04827909426,2453.2929559789163,1.033948754067409
B2,past,66,3,1,B0,encoding,1,205,67671.41591066854,129776.58846638366,130627.17740268816,0.31115703965375413
B2,past,66,3,1,B0,encoding,2,205,101392.24143748239,400576.1745098926,349299.8576009252,0.4628173145839327
B2,past,66,3,1,B0,maintenance,0,363,78859.25422049171,190270.97837186727,102441.42433876374,0.6177692309240435
B2,past,66,3,1,B0,maintenance,1,363,34290.600297501514,71915.04313732665,149451.55586969457,0.1576701408258638
B2,past,66,3,1,B0,maintenance,2,363,144406.76391753647,607052.0170241591,708976.0020790335,0.6591623751140707
B2,past,66,3,1,B0,retrieval,0,323,41994.79030633208,847185.3822866136,487274.6802049454,0.3289796431224414
B2,past,66,3,1,B0,retrieval,1,323,221084.7020012569,86497.76940762367,18594.76025845577,1.0165601009184482
B2,past,66,3,1,B0,retrieval,2,323,99760.99016167,43129.22774669557,113922.66178617875,0.4553712681786108
B2,past,67,3,1,B0,encoding,0,205,2465.8433849000653,2761.01704986424,3970.004118373362,0.01931697410185519
B2,past,67,3,1,B0,encoding,1,205,3005.8832909449293,2376.6614136517655,2311.425132073192,0.013821223241283709
B2,past,67,3,1,B0,encoding,2,205,50161.862101758816,32143.687758596425,20454.217135154035,0.22896996834595298
B2,past,67,3,1,B0,maintenance,0,362,3020.3140450251117,35154.62561041515,7096.25288242752,0.0236605976456141
B2,past,67,3,1,B0,maintenance,1,362,8115.585650354618,25422.070789534733,9360.581403437922,0.03731592685092204
B2,past,67,3,1,B0,maintenance,2,362,37276.34701284751,30477.517988241263,35019.84769638472,0.17015245523122613
B2,past,67,3,1,B0,retrieval,0,296,32537.075650810428,190975.44868835018,46972.46823966957,0.25488960553846396
B2,past,67,3,1,B0,retrieval,1,296,65092.04619278681,141527.3164077655,40355.68896237354,0.2992969502084837
B2,past,67,3,1,B0,retrieval,2,296,61717.12313632418,152907.6096671622,60231.89772698765,0.2817153737686295
B2,past,68,3,1,B0,encoding,0,205,72315.86498551247,124621.46639057076,117281.87170475167,0.5665094951417666
B2,past,68,3,1,B0,encoding,1,205,120167.97565238486,170827.93793766387,171787.0625040827,0.5525392229791616
B2,past,68,3,1,B0,encoding,2,205,70006.13092168224,247758.2740695321,208169.54355228384,0.3195515658617903
B2,past,68,3,1,B0,maintenance,0,363,40372.245876179404,74228.14434501268,149721.89387712482,0.3162689215379727
B2,past,68,3,1,B0,maintenance,1,363,126587.89109917765,82580.41173030241,75098.57172839182,0.5820583612795696
B2,past,68,3,1,B0,maintenance,2,363,138806.8281523716,93035.89159302282,111746.61273731731,0.6336007818803894
B2,past,68,3,1,B0,retrieval,0,332,175435.96028222196,67684.2961773555,6280.899728809542,1.3743337967277762
B2,past,68,3,1,B0,retrieval,1,332,450593.1746005007,293762.74200853985,134178.43801536018,2.0718531806983407
B2,past,68,3,1,B0,retrieval,2,332,611767.1766142931,191972.70009551643,86323.91175863943,2.792486267361998
B2,past,69,3,-1,B0,encoding,0,205,8473.452742434863,108463.31783046875,115601.79656758533,0.0663795065741946
B2,past,69,3,-1,B0,encoding,1,205,4354.1317210078205,87685.83549084706,87016.48414426875,0.02002054661246875
B2,past,69,3,-1,B0,encoding,2,205,8553.31949424325,44122.53801862399,62886.91988856499,0.03904267528738793
B2,past,69,3,-1,B0,maintenance,0,362,51374.27239887936,567460.9918687622,378025.2427696409,0.4024568208621353
B2,past,69,3,-1,B0,maintenance,1,362,9638.840089697647,226175.30092072327,113498.75694605745,0.044319937859219755
B2,past,69,3,-1,B0,maintenance,2,362,10097.49840620572,275831.95917597646,212794.60175705721,0.046091269214688264
B2,past,69,3,-1,B0,retrieval,0,319,25106.268237517736,650367.3544535105,340908.43811537966,0.19667799516716453
B2,past,69,3,-1,B0,retrieval,1,319,88148.81620113972,186819.29068666647,69250.82715708559,0.4053132970401674
B2,past,69,3,-1,B0,retrieval,2,319,58769.877552644866,340385.2665951481,192861.87530330877,0.26826231003200346
B2,past,70,3,-1,B0,encoding,0,205,3813.7341260087633,23556.564588774654,26678.14505616315,0.02987610802640586
B2,past,70,3,-1,B0,encoding,1,205,19849.335492852948,31110.261251019685,30740.04571572903,0.09126837953565874
B2,past,70,3,-1,B0,encoding,2,205,5076.803661909556,32132.357875876834,47599.66475429449,0.02317369262345009
B2,past,70,3,-1,B0,maintenance,0,363,5196.7312399125285,80721.4373189203,21046.22418120706,0.040710258968762736
B2,past,70,3,-1,B0,maintenance,1,363,9962.021598107423,27288.247713274606,3921.414026693364,0.045805944913666026
B2,past,70,3,-1,B0,maintenance,2,363,4749.378163180673,66957.82399319983,38175.41459251643,0.02167911879906686
B2,past,70,3,-1,B0,retrieval,0,270,3791.53285631752,64243.32960320789,933.886054196791,0.029702187267982898
B2,past,70,3,-1,B0,retrieval,1,270,2070.8621500522822,7102.966106374929,8535.837140799555,0.009521942573092978
B2,past,70,3,-1,B0,retrieval,2,270,4977.0398432441625,51461.06289696982,6413.796715708967,0.022718308444219522
B2,past,71,3,1,B0,encoding,0,205,10973.607040454946,843.5818949991965,1292.259981533299,0.08596526620566168
B2,past,71,3,1,B0,encoding,1,205,2417.5774183313038,25830.07895584862,25461.736618713363,0.011116159201024501
B2,past,71,3,1,B0,encoding,2,205,11472.926917965591,4883.870108469968,12358.364871588368,0.052369581255036886
B2,past,71,3,1,B0,maintenance,0,363,12534.840741794218,128266.20870520224,56021.5650453593,0.09819569055474762
B2,past,71,3,1,B0,maintenance,1,363,14169.297340627185,273193.3988341387,150634.38329069404,0.06515123934015832
B2,past,71,3,1,B0,maintenance,2,363,21795.866020797286,231276.04063929088,177485.41512768433,0.09948990216373171
B2,past,71,3,1,B0,retrieval,0,352,1842.6701270762467,173150.9762865851,37089.56611538662,0.014435146749774884
B2,past,71,3,1,B0,retrieval,1,352,4829.741588753497,247810.3106922933,104064.54184376076,0.022207427978645798
B2,past,71,3,1,B0,retrieval,2,352,2959.6391802561798,243797.4143302221,120435.45929275762,0.013509635827393634
B2,past,72,3,1,B0,encoding,0,205,13043.715447387825,17345.549001211064,20187.120520185803,0.10218212358177432
B2,past,72,3,1,B0,encoding,1,205,37702.97321992941,28143.496693868758,27866.104711714688,0.17336042663485188
B2,past,72,3,1,B0,encoding,2,205,77329.82202703391,30323.66051130273,42964.526029608656,0.3529814516416706
B2,past,72,3,1,B0,maintenance,0,363,82689.24954655615,3586.3377904083454,8990.752951494876,0.6477727262704487
B2,past,72,3,1,B0,maintenance,1,363,214282.34484438587,13012.588095956433,56221.696544946986,0.9852824737679597
B2,past,72,3,1,B0,maintenance,2,363,395774.8803602839,8636.478094242639,21508.9424773181,1.8065629550271445
B2,past,72,3,1,B0,retrieval,0,280,37775.409631039125,68335.84788312337,5540.311297949797,0.29592577290115574
B2,past,72,3,1,B0,retrieval,1,280,63822.97190136377,56321.38550594132,6106.8153464206725,0.2934616740537606
B2,past,72,3,1,B0,retrieval,2,280,193689.56005658128,66244.61206331388,15373.607648850864,0.8841197391183366
B2,past,73,3,1,B0,encoding,0,205,10375.22181528485,8222.96951805311,6574.18111256985,0.08127762384835441
B2,past,73,3,1,B0,encoding,1,205,9203.991783159283,9640.067832740382,9864.999336236157,0.04232048048212659
B2,past,73,3,1,B0,encoding,2,205,10370.362955707484,10867.934968999962,5033.131183439791,0.0473367928983069
B2,past,73,3,1,B0,maintenance,0,362,1661.808297583404,739.3695342258575,18387.208897177155,0.013018307668379218
B2,past,73,3,1,B0,maintenance,1,362,4516.814604791563,7312.127144234341,5750.1166517357615,0.02076857181394092
B2,past,73,3,1,B0,maintenance,2,362,756.1054318072049,2737.2636679559578,1977.8701998743036,0.0034513359260047996
B2,past,73,3,1,B0,retrieval,0,314,1763.0277958135873,11822.124014013913,14531.334319523494,0.01381124303397806
B2,past,73,3,1,B0,retrieval,1,314,8997.15260764623,20593.662101313785,1434.2371516162539,0.04136942212652748
B2,past,73,3,1,B0,retrieval,2,314,7608.217506186966,25419.67764893299,803.0655065323685,0.03472864141340705
B2,past,74,3,-1,B0,encoding,0,205,18234.32612498066,73019.26266288258,79093.86405363862,0.14284443516485051
B2,past,74,3,-1,B0,encoding,1,205,52945.96857431527,98676.62028223021,97945.98022676288,0.2434485908338648
B2,past,74,3,-1,B0,encoding,2,205,20334.847830907045,139975.02660118244,173856.53064545698,0.09282090554607428
B2,past,74,3,-1,B0,maintenance,0,363,7892.477133686582,129476.05850307325,48845.83418741378,0.06182824802439219
B2,past,74,3,-1,B0,maintenance,1,363,10449.79991503055,74068.3292613227,18993.791132095914,0.048048777504925026
B2,past,74,3,-1,B0,maintenance,2,363,9027.192761324148,147678.13265217264,102867.8225573923,0.04120572790181034
B2,past,74,3,-1,B0,retrieval,0,317,211.5217820091755,135309.3520017852,20850.03484722191,0.001657023641513671
B2,past,74,3,-1,B0,retrieval,1,317,555.445306992869,73756.90961831436,9305.967190596488,0.002553969280643123
B2,past,74,3,-1,B0,retrieval,2,317,15851.520123152932,143911.29087937568,53955.40633826229,0.07235620666295604
B2,past,75,3,-1,B0,encoding,0,205,8190.96602341813,14392.901908515025,17018.80465475533,0.06416655636463152
B2,past,75,3,-1,B0,encoding,1,205,41106.702181099135,55488.444975837614,54974.46006707219,0.189010967015733
B2,past,75,3,-1,B0,encoding,2,205,3571.1510849633437,9873.742964478126,19402.529974879355,0.016300956874844612
B2,past,75,3,-1,B0,maintenance,0,363,27404.78251074544,62604.50819983268,14980.088114850367,0.21468414306795006
B2,past,75,3,-1,B0,maintenance,1,363,25787.906097496143,50435.38394558599,13699.537519019195,0.11857426672966774
B2,past,75,3,-1,B0,maintenance,2,363,17162.58473655031,52134.07785830119,29160.96758224499,0.07834072179957756
B2,past,75,3,-1,B0,retrieval,0,359,2133.5906391679555,43420.64936188102,1756.3478649482465,0.016714165779201904
B2,past,75,3,-1,B0,retrieval,1,359,10277.29053309932,64175.179800373975,9637.870454751825,0.04725556950311405
B2,past,75,3,-1,B0,retrieval,2,359,1657.1635682115543,32941.355319115624,2225.4760589995744,0.007564326240276513
B2,past,76,3,1,B0,encoding,0,205,7508.1763053923605,2431.60534717582,2334.166726735448,0.058817704373104365
B2,past,76,3,1,B0,encoding,1,205,15756.00126600599,4779.380182097319,4660.778060867468,0.07244699471314478
B2,past,76,3,1,B0,encoding,2,205,12052.555791065997,7135.317634343315,10412.6401119195,0.05501536829653403
B2,past,76,3,1,B0,maintenance,0,362,2508.9449331219453,25062.656553882556,86896.28524443158,0.019654623887664955
B2,past,76,3,1,B0,maintenance,1,362,8011.31667924305,6388.174181083614,45521.51578252187,0.0368364921598902
B2,past,76,3,1,B0,maintenance,2,362,28632.905204968003,100497.63886100378,144162.12599911648,0.13069840559615753
B2,past,76,3,1,B0,retrieval,0,392,30382.00961246847,5588.778984248529,73171.75706434019,0.23800720534007241
B2,past,76,3,1,B0,retrieval,1,392,48806.13664378264,4685.518050774006,15110.237553447048,0.22441340691117187
B2,past,76,3,1,B0,retrieval,2,392,13048.04976371922,10259.247053874453,49417.6632935537,0.05955942256119824
B2,past,77,3,1,B0,encoding,0,205,661.3178843171326,2153.1404573727777,3151.8037855385824,0.005180645503552711
B2,past,77,3,1,B0,encoding,1,205,3678.7855079972796,11238.59470324697,11009.684607382178,0.016915266110297308
B2,past,77,3,1,B0,encoding,2,205,871.3697306165595,2968.6457168931265,8837.039276190442,0.003977473946883235
B2,past,77,3,1,B0,maintenance,0,363,2803.600154323256,15378.196768872902,1663.887551347035,0.02196289995733627
B2,past,77,3,1,B0,maintenance,1,363,4701.494919001928,14839.20849592253,3793.607073771855,0.021617742458277366
B2,past,77,3,1,B0,maintenance,2,363,2867.627667059538,24026.374031494186,8916.299116895085,0.01308963799674373
B2,past,77,3,1,B0,retrieval,0,256,709.6109267367171,10103.264527966407,15553.936589628727,0.005558964522283383
B2,past,77,3,1,B0,retrieval,1,256,3352.29924888143,7158.611642139353,8905.638740536942,0.015414063623146436
B2,past,77,3,1,B0,retrieval,2,256,213.7604947484826,25671.511763853527,466.41080922769805,0.000975735980791255
B2,past,64,3,-1,N0,encoding,0,205,52699.85737827193,35702.1067245671,39780.05968962642,0.41284121545651137
B2,past,64,3,-1,N0,encoding,1,205,106869.5860430383,42707.170436931265,42248.170472507576,0.49139246718394014
B2,past,64,3,-1,N0,encoding,2,205,64661.993982827466,51563.42663959841,71837.69806948524,0.2951575977263229
B2,past,64,3,-1,N0,maintenance,0,363,87471.85131033127,47792.84495217427,13963.874886528232,0.6852387693192755
B2,past,64,3,-1,N0,maintenance,1,363,53371.713810334775,43466.9255791406,86305.73226136643,0.24540619177221953
B2,past,64,3,-1,N0,maintenance,2,363,65619.89120657236,36274.291724927105,27366.728637607044,0.2995300370220294
B2,past,64,3,-1,N0,retrieval,0,288,15122.814110929874,2430.2552777706724,41438.55708253475,0.11846940901311213
B2,past,64,3,-1,N0,retrieval,1,288,24289.532995085956,39563.340119508015,128279.30800202551,0.11168466153124507
B2,past,64,3,-1,N0,retrieval,2,288,4375.600085525412,10528.247953014079,53390.99447165682,0.01997296294632918
B2,past,65,3,1,N0,encoding,0,205,21637.256371671116,19762.819983818015,22733.554346588073,0.16950237939937593
B2,past,65,3,1,N0,encoding,1,205,60454.66088569851,54846.64601026398,54366.50719601205,0.2779739874114259
B2,past,65,3,1,N0,encoding,2,205,58408.6207297494,59072.494146881196,79460.0177217091,0.2666133089814577
B2,past,65,3,1,N0,maintenance,0,362,62314.20148770403,56864.721457913765,83233.80936168812,0.48815826004478746
B2,past,65,3,1,N0,maintenance,1,362,172428.24462701994,154968.1512772292,219084.56993308046,0.7928349278469651
B2,past,65,3,1,N0,maintenance,2,362,203469.399277742,180496.85869547943,198407.2090015936,0.9287610140445948
B2,past,65,3,1,N0,retrieval,0,282,150307.49705814253,111566.91223438783,305834.1253993262,1.1774819300230968
B2,past,65,3,1,N0,retrieval,1,282,153591.72832207597,122052.41332898368,255740.36685888522,0.7062235488479921
B2,past,65,3,1,N0,retrieval,2,282,254320.32572762942,186353.75766667395,322197.99815492483,1.160876301072284
B2,past,66,3,1,N0,encoding,0,205,120958.99993453389,3571.04827909426,2453.2929559789163,0.9475710758558136
B2,past,66,3,1,N0,encoding,1,205,57137.094243577776,129776.58846638366,130627.17740268816,0.26271962630009604
B2,past,66,3,1,N0,encoding,2,205,92314.46633818226,400576.1745098926,349299.8576009252,0.42138069740010714
B2,past,66,3,1,N0,maintenance,0,363,88091.08056521547,190270.97837186727,102441.42433876374,0.6900897000608456
B2,past,66,3,1,N0,maintenance,1,363,41301.24652356374,71915.04313732665,149451.55586969457,0.189905493025985
B2,past,66,3,1,N0,maintenance,2,363,160123.7091928373,607052.0170241591,708976.0020790335,0.7309042983879781
B2,past,66,3,1,N0,retrieval,0,323,43277.48247226602,847185.3822866136,487274.6802049454,0.339028023121645
B2,past,66,3,1,N0,retrieval,1,323,225701.10649271714,86497.76940762367,18594.76025845577,1.0377865927256134
B2,past,66,3,1,N0,retrieval,2,323,101366.42639818139,43129.22774669557,113922.66178617875,0.462699478672666
B2,past,67,3,1,N0,encoding,0,205,3030.8851403373383,2761.01704986424,3970.004118373362,0.02374340970724987
B2,past,67,3,1,N0,encoding,1,205,5890.373771852807,2376.6614136517655,2311.425132073192,0.02708427540105433
B2,past,67,3,1,N0,encoding,2,205,44489.06721072763,32143.687758596425,20454.217135154035,0.20307580070126835
B2,past,67,3,1,N0,maintenance,0,362,4579.089765593594,35154.62561041515,7096.25288242752,0.03587176661490465
B2,past,67,3,1,N0,maintenance,1,362,8980.555284605702,25422.070789534733,9360.581403437922,0.04129310668619022
B2,past,67,3,1,N0,maintenance,2,362,44711.74707213678,30477.517988241263,35019.84769638472,0.20409225022450786
B2,past,67,3,1,N0,retrieval,0,296,33474.55940952806,190975.44868835018,46972.46823966957,0.26223368489036175
B2,past,67,3,1,N0,retrieval,1,296,66784.15482089946,141527.3164077655,40355.68896237354,0.3070773624314398
B2,past,67,3,1,N0,retrieval,2,296,63109.60191799152,152907.6096671622,60231.89772698765,0.28807151385597274
B2,past,68,3,1,N0,encoding,0,205,66454.24961171606,124621.46639057076,117281.87170475167,0.520590653311003
B2,past,68,3,1,N0,encoding,1,205,104565.97301101605,170827.93793766387,171787.0625040827,0.4808003227473869
B2,past,68,3,1,N0,encoding,2,205,62531.18694088255,247758.2740695321,208169.54355228384,0.2854312677915265
B2,past,68,3,1,N0,maintenance,0,363,44970.451543286465,74228.14434501268,149721.89387712482,0.3522904386912653
B2,past,68,3,1,N0,maintenance,1,363,122655.0370595511,82580.41173030241,75098.57172839182,0.5639748735337844
B2,past,68,3,1,N0,maintenance,2,363,135327.87140991117,93035.89159302282,111746.61273731731,0.6177206573829743
B2,past,68,3,1,N0,retrieval,0,332,176928.8642849918,67684.2961773555,6280.899728809542,1.3860289384933309
B2,past,68,3,1,N0,retrieval,1,332,453344.184315649,293762.74200853985,134178.43801536018,2.0845024806650243
B2,past,68,3,1,N0,retrieval,2,332,614946.9677394532,191972.70009551643,86323.91175863943,2.8070008137278744
B2,past,69,3,-1,N0,encoding,0,205,8806.844343307526,108463.31783046875,115601.79656758533,0.0689912364834298
B2,past,69,3,-1,N0,encoding,1,205,4257.578350307432,87685.83549084706,87016.48414426875,0.019576588693287864
B2,past,69,3,-1,N0,encoding,2,205,10120.0208522835,44122.53801862399,62886.91988856499,0.04619407568058544
B2,past,69,3,-1,N0,maintenance,0,362,51447.12188339081,567460.9918687622,378025.2427696409,0.40302751063678127
B2,past,69,3,-1,N0,maintenance,1,362,9296.58866900831,226175.30092072327,113498.75694605745,0.04274624625773819
B2,past,69,3,-1,N0,maintenance,2,362,8699.858055037517,275831.95917597646,212794.60175705721,0.039711568510659
B2,past,69,3,-1,N0,retrieval,0,319,25768.162269101642,650367.3544535105,340908.43811537966,0.20186315410490344
B2,past,69,3,-1,N0,retrieval,1,319,86201.06059330779,186819.29068666647,69250.82715708559,0.39635740538715364
B2,past,69,3,-1,N0,retrieval,2,319,59813.811313430786,340385.2665951481,192861.87530330877,0.273027473647292
B2,past,70,3,-1,N0,encoding,0,205,3885.546848660267,23556.564588774654,26678.14505616315,0.0304386759948898
B2,past,70,3,-1,N0,encoding,1,205,19801.918629812557,31110.261251019685,30740.04571572903,0.09105035408821148
B2,past,70,3,-1,N0,encoding,2,205,5346.665590861113,32132.357875876834,47599.66475429449,0.024405510477509565
B2,past,70,3,-1,N0,maintenance,0,363,5086.5679971107875,80721.4373189203,21046.22418120706,0.03984725991488574
B2,past,70,3,-1,N0,maintenance,1,363,10351.080397688507,27288.247713274606,3921.414026693364,0.04759485951963052
B2,past,70,3,-1,N0,maintenance,2,363,5732.827242623197,66957.82399319983,38175.41459251643,0.026168192672221896
B2,past,70,3,-1,N0,retrieval,0,270,3636.5339147424565,64243.32960320789,933.886054196791,0.028487953404406925
B2,past,70,3,-1,N0,retrieval,1,270,1946.4698679806634,7102.966106374929,8535.837140799555,0.008949979747662018
B2,past,70,3,-1,N0,retrieval,2,270,4864.806543336664,51461.06289696982,6413.796715708967,0.02220600578936492
B2,past,71,3,1,N0,encoding,0,205,10252.898507330387,843.5818949991965,1292.259981533299,0.08031936502856103
B2,past,71,3,1,N0,encoding,1,205,4214.772628488714,25830.07895584862,25461.736618713363,0.019379765536832308
B2,past,71,3,1,N0,encoding,2,205,11306.56384699253,4883.870108469968,12358.364871588368,0.05161019662498941
B2,past,71,3,1,N0,maintenance,0,363,12438.027715174545,128266.20870520224,56021.5650453593,0.09743727469614669
B2,past,71,3,1,N0,maintenance,1,363,11255.664728278238,273193.3988341387,150634.38329069404,0.051754189993741366
B2,past,71,3,1,N0,maintenance,2,363,20551.406702701468,231276.04063929088,177485.41512768433,0.0938094150619135
B2,past,71,3,1,N0,retrieval,0,352,1951.2558762792576,173150.9762865851,37089.56611538662,0.01528578800218764
B2,past,71,3,1,N0,retrieval,1,352,3868.02585850913,247810.3106922933,104064.54184376076,0.01778540406228041
B2,past,71,3,1,N0,retrieval,2,352,3145.089668443962,243797.4143302221,120435.45929275762,0.014356147313031031
B2,past,72,3,1,N0,encoding,0,205,15875.753880083865,17345.549001211064,20187.120520185803,0.12436780390309976
B2,past,72,3,1,N0,encoding,1,205,41988.953219667295,28143.496693868758,27866.104711714688,0.19306760773616216
B2,past,72,3,1,N0,encoding,2,205,76359.70599249122,30323.66051130273,42964.526029608656,0.34855323808631
B2,past,72,3,1,N0,maintenance,0,363,90332.92138338108,3586.3377904083454,8990.752951494876,0.7076518782957549
B2,past,72,3,1,N0,maintenance,1,363,234951.04782439896,13012.588095956433,56221.696544946986,1.0803183518591362
B2,past,72,3,1,N0,maintenance,2,363,419595.4094947468,8636.478094242639,21508.9424773181,1.915294680154043
B2,past,72,3,1,N0,retrieval,0,280,36886.798117950595,68335.84788312337,5540.311297949797,0.2889645499418813
B2,past,72,3,1,N0,retrieval,1,280,62515.94196191437,56321.38550594132,6106.8153464206725,0.28745187565919517
B2,past,72,3,1,N0,retrieval,2,280,190564.35673905967,66244.61206331388,15373.607648850864,0.8698543654917362
B2,past,73,3,1,N0,encoding,0,205,9138.23498388743,8222.96951805311,6574.18111256985,0.07158729122919325
B2,past,73,3,1,N0,encoding,1,205,7044.178993133044,9640.067832740382,9864.999336236157,0.032389537780439584
B2,past,73,3,1,N0,encoding,2,205,9393.666022355295,10867.934968999962,5033.131183439791,0.04287854002365138
B2,past,73,3,1,N0,maintenance,0,362,2917.56666739002,739.3695342258575,18387.208897177155,0.022855693147232486
B2,past,73,3,1,N0,maintenance,1,362,2977.1658268300494,7312.127144234341,5750.1166517357615,0.013689178699284692
B2,past,73,3,1,N0,maintenance,2,362,1081.7332345897928,2737.2636679559578,1977.8701998743036,0.004937703946881702
B2,past,73,3,1,N0,retrieval,0,314,1935.1460248274684,11822.124014013913,14531.334319523494,0.015159586319962167
B2,past,73,3,1,N0,retrieval,1,314,9444.293728691146,20593.662101313785,1434.2371516162539,0.04342540256759672
B2,past,73,3,1,N0,retrieval,2,314,8151.2712456847,25419.67764893299,803.0655065323685,0.03720747677423764
B2,past,74,3,-1,N0,encoding,0,205,18750.5576892131,73019.26266288258,79093.86405363862,0.14688850050083388
B2,past,74,3,-1,N0,encoding,1,205,52494.49865851277,98676.62028223021,97945.98022676288,0.2413727063469896
B2,past,74,3,-1,N0,encoding,2,205,17639.6216714162,139975.02660118244,173856.53064545698,0.08051821536340328
B2,past,74,3,-1,N0,maintenance,0,363,7750.1237477123395,129476.05850307325,48845.83418741378,0.06071307717168726
B2,past,74,3,-1,N0,maintenance,1,363,10890.970875314846,74068.3292613227,18993.791132095914,0.050077306805456835
B2,past,74,3,-1,N0,maintenance,2,363,9052.545556472647,147678.13265217264,102867.8225573923,0.04132145384298169
B2,past,74,3,-1,N0,retrieval,0,317,204.74384076282232,135309.3520017852,20850.03484722191,0.0016039264674102935
B2,past,74,3,-1,N0,retrieval,1,317,511.9691129399973,73756.90961831436,9305.967190596488,0.002354063254518864
B2,past,74,3,-1,N0,retrieval,2,317,16018.780183207287,143911.29087937568,53955.40633826229,0.07311968570961698
B2,past,75,3,-1,N0,encoding,0,205,8498.77684301757,14392.901908515025,17018.80465475533,0.06657789102882156
B2,past,75,3,-1,N0,encoding,1,205,40732.17895688484,55488.444975837614,54974.46006707219,0.18728888781641584
B2,past,75,3,-1,N0,encoding,2,205,2471.172878678665,9873.742964478126,19402.529974879355,0.011279971518214273
B2,past,75,3,-1,N0,maintenance,0,363,27145.543013136674,62604.50819983268,14980.088114850367,0.2126533074146592
B2,past,75,3,-1,N0,maintenance,1,363,26362.879740633147,50435.38394558599,13699.537519019195,0.12121802841648711
B2,past,75,3,-1,N0,maintenance,2,363,19217.24107091589,52134.07785830119,29160.96758224499,0.08771945249516319
B2,past,75,3,-1,N0,retrieval,0,359,2204.129369855808,43420.64936188102,1756.3478649482465,0.017266753523508382
B2,past,75,3,-1,N0,retrieval,1,359,10771.618011684648,64175.179800373975,9637.870454751825,0.049528515514161923
B2,past,75,3,-1,N0,retrieval,2,359,1554.9913785834904,32941.355319115624,2225.4760589995744,0.007097948756571531
B2,past,76,3,1,N0,encoding,0,205,12018.988518087766,2431.60534717582,2334.166726735448,0.09415459690429837
B2,past,76,3,1,N0,encoding,1,205,25472.478880594223,4779.380182097319,4660.778060867468,0.11712391435094718
B2,past,76,3,1,N0,encoding,2,205,20028.04269158784,7135.317634343315,10412.6401119195,0.09142045587983606
B2,past,76,3,1,N0,maintenance,0,362,1322.2607227484143,25062.656553882556,86896.28524443158,0.010358352965010633
B2,past,76,3,1,N0,maintenance,1,362,5113.545743415894,6388.174181083614,45521.51578252187,0.023512375709054754
B2,past,76,3,1,N0,maintenance,2,362,34773.52418267643,100497.63886100378,144162.12599911648,0.1587280136298106
B2,past,76,3,1,N0,retrieval,0,392,31243.94230997114,5588.778984248529,73171.75706434019,0.24475943125075247
B2,past,76,3,1,N0,retrieval,1,392,50597.29752252477,4685.518050774006,15110.237553447048,0.23264926704610303
B2,past,76,3,1,N0,retrieval,2,392,13244.62410617443,10259.247053874453,49417.6632935537,0.06045671024318837
B2,past,77,3,1,N0,encoding,0,205,2406.7020232306527,2153.1404573727777,3151.8037855385824,0.018853671298963356
B2,past,77,3,1,N0,encoding,1,205,9074.290305018852,11238.59470324697,11009.684607382178,0.04172410566960357
B2,past,77,3,1,N0,encoding,2,205,2724.773501334263,2968.6457168931265,8837.039276190442,0.012437562646393912
B2,past,77,3,1,N0,maintenance,0,363,1649.2271753693212,15378.196768872902,1663.887551347035,0.012919749417084778
B2,past,77,3,1,N0,maintenance,1,363,3629.3516848100076,14839.20849592253,3793.607073771855,0.016687966564769487
B2,past,77,3,1,N0,maintenance,2,363,1706.5443834862767,24026.374031494186,8916.299116895085,0.007789731024640647
B2,past,77,3,1,N0,retrieval,0,256,626.4000910445093,10103.264527966407,15553.936589628727,0.004907105783848033
B2,past,77,3,1,N0,retrieval,1,256,3364.495709508511,7158.611642139353,8905.638740536942,0.01547014364647543
B2,past,77,3,1,N0,retrieval,2,256,143.56930346040247,25671.511763853527,466.41080922769805,0.0006553396842025579
B2,past,64,3,-1,N1,encoding,0,205,69328.51724934581,35702.1067245671,39780.05968962642,0.5431071496375303
B2,past,64,3,-1,N1,encoding,1,205,121690.53172811236,42707.170436931265,42248.170472507576,0.5595400228716243
B2,past,64,3,-1,N1,encoding,2,205,74258.75206344436,51563.42663959841,71837.69806948524,0.33896317634469664
B2,past,64,3,-1,N1,maintenance,0,363,85868.76843841249,47792.84495217427,13963.874886528232,0.6726805060858472
B2,past,64,3,-1,N1,maintenance,1,363,56532.404740843675,43466.9255791406,86305.73226136643,0.25993922939176445
B2,past,64,3,-1,N1,maintenance,2,363,67006.66289314612,36274.291724927105,27366.728637607044,0.30586012637424914
B2,past,64,3,-1,N1,retrieval,0,288,8014.9527511866145,2430.2552777706724,41438.55708253475,0.06278770000980397
B2,past,64,3,-1,N1,retrieval,1,288,20017.77304487313,39563.340119508015,128279.30800202551,0.09204286503072083
B2,past,64,3,-1,N1,retrieval,2,288,3867.423258731018,10528.247953014079,53390.99447165682,0.017653327528704216
B2,past,65,3,1,N1,encoding,0,205,42422.248142478355,19762.819983818015,22733.554346588073,0.3323282710203187
B2,past,65,3,1,N1,encoding,1,205,85253.75034718038,54846.64601026398,54366.50719601205,0.3920016187104305
B2,past,65,3,1,N1,encoding,2,205,96704.30879926698,59072.494146881196,79460.0177217091,0.4414186714154905
B2,past,65,3,1,N1,maintenance,0,362,87324.06885573965,56864.721457913765,83233.80936168812,0.6840810681183249
B2,past,65,3,1,N1,maintenance,1,362,207640.60859581915,154968.1512772292,219084.56993308046,0.9547433907377899
B2,past,65,3,1,N1,maintenance,2,362,259976.40872210337,180496.85869547943,198407.2090015936,1.1866941852166086
B2,past,65,3,1,N1,retrieval,0,282,190822.87859976979,111566.91223438783,305834.1253993262,1.4948721506506384
B2,past,65,3,1,N1,retrieval,1,282,174992.42613971166,122052.41332898368,255740.36685888522,0.804625181056345
B2,past,65,3,1,N1,retrieval,2,282,288869.76356301527,186353.75766667395,322197.99815492483,1.3185814451016442
B2,past,66,3,1,N1,encoding,0,205,81279.50896098975,3571.04827909426,2453.2929559789163,0.6367290717754069
B2,past,66,3,1,N1,encoding,1,205,38466.05954454584,129776.58846638366,130627.17740268816,0.17686914118696573
B2,past,66,3,1,N1,encoding,2,205,54717.75582692207,400576.1745098926,349299.8576009252,0.2497659037105929
B2,past,66,3,1,N1,maintenance,0,363,86606.75864822825,190270.97837186727,102441.42433876374,0.678461788813587
B2,past,66,3,1,N1,maintenance,1,363,33921.23426206059,71915.04313732665,149451.55586969457,0.15597177467540285
B2,past,66,3,1,N1,maintenance,2,363,167655.02003832598,607052.0170241591,708976.0020790335,0.765281889921499
B2,past,66,3,1,N1,retrieval,0,323,31437.929214527525,847185.3822866136,487274.6802049454,0.24627908981234697
B2,past,66,3,1,N1,retrieval,1,323,208071.8648693284,86497.76940762367,18594.76025845577,0.956726331741631
B2,past,66,3,1,N1,retrieval,2,323,93072.06000780464,43129.22774669557,113922.66178617875,0.42483882657004596
B2,past,67,3,1,N1,encoding,0,205,2595.9614998582488,2761.01704986424,3970.004118373362,0.02033629603942071
B2,past,67,3,1,N1,encoding,1,205,4581.49793271225,2376.6614136517655,2311.425132073192,0.02106598945416472
B2,past,67,3,1,N1,encoding,2,205,19233.91449617556,32143.687758596425,20454.217135154035,0.08779556038856992
B2,past,67,3,1,N1,maintenance,0,362,4996.785557167732,35154.62561041515,7096.25288242752,0.03914392040930247
B2,past,67,3,1,N1,maintenance,1,362,5095.384941741474,25422.070789534733,9360.581403437922,0.02342887130456274
B2,past,67,3,1,N1,maintenance,2,362,40684.95027962092,30477.517988241263,35019.84769638472,0.18571144266502101
B2,past,67,3,1,N1,retrieval,0,296,21920.98202970725,190975.44868835018,46972.46823966957,0.1717250352346483
B2,past,67,3,1,N1,retrieval,1,296,56541.557709419794,141527.3164077655,40355.68896237354,0.25998131526462326
B2,past,67,3,1,N1,retrieval,2,296,53604.135417456375,152907.6096671622,60231.89772698765,0.24468264684529747
B2,past,68,3,1,N1,encoding,0,205,39477.44118704208,124621.46639057076,117281.87170475167,0.3092591823501025
B2,past,68,3,1,N1,encoding,1,205,79742.50864049753,170827.93793766387,171787.0625040827,0.36666061422293045
B2,past,68,3,1,N1,encoding,2,205,34807.30386695721,247758.2740695321,208169.54355228384,0.15888220513938447
B2,past,68,3,1,N1,maintenance,0,363,33736.35362424852,74228.14434501268,149721.89387712482,0.2642845337385644
B2,past,68,3,1,N1,maintenance,1,363,93723.90945432869,82580.41173030241,75098.57172839182,0.4309478945893878
B2,past,68,3,1,N1,maintenance,2,363,90993.60416691097,93035.89159302282,111746.61273731731,0.41535146010959706
B2,past,68,3,1,N1,retrieval,0,332,142277.82323005266,67684.2961773555,6280.899728809542,1.114578907741395
B2,past,68,3,1,N1,retrieval,1,332,418563.8663629667,293762.74200853985,134178.43801536018,1.924580590059706
B2,past,68,3,1,N1,retrieval,2,332,571351.2910681937,191972.70009551643,86323.91175863943,2.608003003654777
B2,past,69,3,-1,N1,encoding,0,205,18191.6236095296,108463.31783046875,115601.79656758533,0.14250991133008326
B2,past,69,3,-1,N1,encoding,1,205,7473.925957114391,87685.83549084706,87016.48414426875,0.03436553889277252
B2,past,69,3,-1,N1,encoding,2,205,6799.9983596744205,44122.53801862399,62886.91988856499,0.031039426048591442
B2,past,69,3,-1,N1,maintenance,0,362,55070.51842294087,567460.9918687622,378025.2427696409,0.4314125482039895
B2,past,69,3,-1,N1,maintenance,1,362,11370.771100523405,226175.30092072327,113498.75694605745,0.05228345567484327
B2,past,69,3,-1,N1,maintenance,2,362,8689.57729467609,275831.95917597646,212794.60175705721,0.03966464071978567
B2,past,69,3,-1,N1,retrieval,0,319,25041.891357006116,650367.3544535105,340908.43811537966,0.19617367825019555
B2,past,69,3,-1,N1,retrieval,1,319,85727.72537125253,186819.29068666647,69250.82715708559,0.39418098297192017
B2,past,69,3,-1,N1,retrieval,2,319,56262.87944285265,340385.2665951481,192861.87530330877,0.2568188098549565
B2,past,70,3,-1,N1,encoding,0,205,11011.908210373795,23556.564588774654,26678.14505616315,0.08626531069020754
B2,past,70,3,-1,N1,encoding,1,205,28275.088442345554,31110.261251019685,30740.04571572903,0.1300104733626727
B2,past,70,3,-1,N1,encoding,2,205,9137.268551339632,32132.357875876834,47599.66475429449,0.041708182338297796
B2,past,70,3,-1,N1,maintenance,0,363,7359.821511823065,80721.4373189203,21046.22418120706,0.05765551957142024
B2,past,70,3,-1,N1,maintenance,1,363,12768.641884637254,27288.247713274606,3921.414026693364,0.05871094546724711
B2,past,70,3,-1,N1,maintenance,2,363,7517.9248159070485,66957.82399319983,38175.41459251643,0.03431648936065185
B2,past,70,3,-1,N1,retrieval,0,270,6808.768772468677,64243.32960320789,933.886054196791,0.05333867140496767
B2,past,70,3,-1,N1,retrieval,1,270,2625.2334352585995,7102.966106374929,8535.837140799555,0.012070973440151433
B2,past,70,3,-1,N1,retrieval,2,270,4195.463544472967,51461.06289696982,6413.796715708967,0.01915070762376847
B2,past,71,3,1,N1,encoding,0,205,1572.9873090122549,843.5818949991965,1292.259981533299,0.01232250000012392
B2,past,71,3,1,N1,encoding,1,205,2811.361933738139,25830.07895584862,25461.736618713363,0.012926802918561403
B2,past,71,3,1,N1,encoding,2,205,1939.1886778685034,4883.870108469968,12358.364871588368,0.008851664423614236
B2,past,71,3,1,N1,maintenance,0,363,4262.87482068814,128266.20870520224,56021.5650453593,0.03339459554282305
B2,past,71,3,1,N1,maintenance,1,363,5462.53529152247,273193.3988341387,150634.38329069404,0.02511704960567148
B2,past,71,3,1,N1,maintenance,2,363,7265.924333772199,231276.04063929088,177485.41512768433,0.033166202270022524
B2,past,71,3,1,N1,retrieval,0,352,1003.5177832035664,173150.9762865851,37089.56611538662,0.007861378037064607
B2,past,71,3,1,N1,retrieval,1,352,3852.9641060954727,247810.3106922933,104064.54184376076,0.017716149263485918
B2,past,71,3,1,N1,retrieval,2,352,1798.7215019122302,243797.4143302221,120435.45929275762,0.008210484780659442
B2,past,72,3,1,N1,encoding,0,205,8745.131216491622,17345.549001211064,20187.120520185803,0.06850778693438407
B2,past,72,3,1,N1,encoding,1,205,26073.80010312219,28143.496693868758,27866.104711714688,0.11988882371430046
B2,past,72,3,1,N1,encoding,2,205,38889.1032312149,30323.66051130273,42964.526029608656,0.1775140786797378
B2,past,72,3,1,N1,maintenance,0,363,104991.65537444063,3586.3377904083454,8990.752951494876,0.8224857670192911
B2,past,72,3,1,N1,maintenance,1,363,252119.67898845635,13012.588095956433,56221.696544946986,1.159260699614462
B2,past,72,3,1,N1,maintenance,2,363,460630.4430714864,8636.478094242639,21508.9424773181,2.1026041209415642
B2,past,72,3,1,N1,retrieval,0,280,49876.087314221804,68335.84788312337,5540.311297949797,0.3907203080497902
B2,past,72,3,1,N1,retrieval,1,280,72908.30535525896,56321.38550594132,6106.8153464206725,0.3352365567533194
B2,past,72,3,1,N1,retrieval,2,280,211960.99690674478,66244.61206331388,15373.607648850864,0.9675219523122986
B2,past,73,3,1,N1,encoding,0,205,1638.0259426748896,8222.96951805311,6574.18111256985,0.012832000972397579
B2,past,73,3,1,N1,encoding,1,205,1992.8385698165273,9640.067832740382,9864.999336236157,0.009163185689959443
B2,past,73,3,1,N1,encoding,2,205,1505.5927104119673,10867.934968999962,5033.131183439791,0.00687246248047156
B2,past,73,3,1,N1,maintenance,0,362,7362.292159366707,739.3695342258575,18387.208897177155,0.05767487418043865
B2,past,73,3,1,N1,maintenance,1,362,605.5737549134905,7312.127144234341,5750.1166517357615,0.0027844627504119285
B2,past,73,3,1,N1,maintenance,2,362,4077.10745596072,2737.2636679559578,1977.8701998743036,0.018610456749803203
B2,past,73,3,1,N1,retrieval,0,314,651.795488382936,11822.124014013913,14531.334319523494,0.005106048764451236
B2,past,73,3,1,N1,retrieval,1,314,5576.976615341197,20593.662101313785,1434.2371516162539,0.02564325735608266
B2,past,73,3,1,N1,retrieval,2,314,4951.678831453294,25419.67764893299,803.0655065323685,0.0226025449971769
B2,past,74,3,-1,N1,encoding,0,205,28673.09227737379,73019.26266288258,79093.86405363862,0.22461985393471406
B2,past,74,3,-1,N1,encoding,1,205,61924.98091959377,98676.62028223021,97945.98022676288,0.28473460299680686
B2,past,74,3,-1,N1,encoding,2,205,22205.805804826432,139975.02660118244,173856.53064545698,0.10136112255787275
B2,past,74,3,-1,N1,maintenance,0,363,10570.434491335698,129476.05850307325,48845.83418741378,0.08280688488363336
B2,past,74,3,-1,N1,maintenance,1,363,13178.464380572635,74068.3292613227,18993.791132095914,0.06059533273626925
B2,past,74,3,-1,N1,maintenance,2,363,11896.337408639398,147678.13265217264,102867.8225573923,0.05430229034088093
B2,past,74,3,-1,N1,retrieval,0,317,1198.0226366494214,135309.3520017852,20850.03484722191,0.009385094117212577
B2,past,74,3,-1,N1,retrieval,1,317,345.3766142623162,73756.90961831436,9305.967190596488,0.0015880614202215405
B2,past,74,3,-1,N1,retrieval,2,317,16123.053262287689,143911.29087937568,53955.40633826229,0.07359565296075174
B2,past,75,3,-1,N1,encoding,0,205,16572.519650412178,14392.901908515025,17018.80465475533,0.1298261417776427
B2,past,75,3,-1,N1,encoding,1,205,51338.74633266918,55488.444975837614,54974.46006707219,0.23605849106949092
B2,past,75,3,-1,N1,encoding,2,205,4782.917382453522,9873.742964478126,19402.529974879355,0.021832212676636112
B2,past,75,3,-1,N1,maintenance,0,363,27431.67302505836,62604.50819983268,14980.088114850367,0.21489479852634172
B2,past,75,3,-1,N1,maintenance,1,363,29200.9710140185,50435.38394558599,13699.537519019195,0.13426773436706882
B2,past,75,3,-1,N1,maintenance,2,363,19455.812174801053,52134.07785830119,29160.96758224499,0.0888084395426143
B2,past,75,3,-1,N1,retrieval,0,359,3112.377433879161,43420.64936188102,1756.3478649482465,0.024381805695205924
B2,past,75,3,-1,N1,retrieval,1,359,10700.074933215248,64175.179800373975,9637.870454751825,0.049199556348690325
B2,past,75,3,-1,N1,retrieval,2,359,1268.065799703225,32941.355319115624,2225.4760589995744,0.005788241780770186
B2,past,76,3,1,N1,encoding,0,205,23574.06713872703,2431.60534717582,2334.166726735448,0.1846750070108938
B2,past,76,3,1,N1,encoding,1,205,35738.83335983517,4779.380182097319,4660.778060867468,0.164329199253122
B2,past,76,3,1,N1,encoding,2,205,29671.309750364348,7135.317634343315,10412.6401119195,0.1354383304300356
B2,past,76,3,1,N1,maintenance,0,362,4851.984548726544,25062.656553882556,86896.28524443158,0.038009575321893654
B2,past,76,3,1,N1,maintenance,1,362,4163.981970671872,6388.174181083614,45521.51578252187,0.01914622718809704
B2,past,76,3,1,N1,maintenance,2,362,56055.68168896708,100497.63886100378,144162.12599911648,0.25587303030928704
B2,past,76,3,1,N1,retrieval,0,392,27614.98305326298,5588.778984248529,73171.75706434019,0.21633081635663975
B2,past,76,3,1,N1,retrieval,1,392,44448.2129285248,4685.518050774006,15110.237553447048,0.20437542449232404
B2,past,76,3,1,N1,retrieval,2,392,13225.542528112459,10259.247053874453,49417.6632935537,0.06036961004112697
B2,past,77,3,1,N1,encoding,0,205,8210.628591942299,2153.1404573727777,3151.8037855385824,0.06432058939417559
B2,past,77,3,1,N1,encoding,1,205,17358.029114391215,11238.59470324697,11009.684607382178,0.0798132103603015
B2,past,77,3,1,N1,encoding,2,205,8380.46023976264,2968.6457168931265,8837.039276190442,0.038253638031425646
B2,past,77,3,1,N1,maintenance,0,363,4706.098907867577,15378.196768872902,1663.887551347035,0.036866733418972286
B2,past,77,3,1,N1,maintenance,1,363,9950.314936738016,14839.20849592253,3793.607073771855,0.04575211701532943
B2,past,77,3,1,N1,maintenance,2,363,6674.668552596748,24026.374031494186,8916.299116895085,0.030467342781404026
B2,past,77,3,1,N1,retrieval,0,256,5663.44161405312,10103.264527966407,15553.936589628727,0.04436638419778102
B2,past,77,3,1,N1,retrieval,1,256,7457.094142110652,7158.611642139353,8905.638740536942,0.03428814524498071
B2,past,77,3,1,N1,retrieval,2,256,1956.9638119122521,25671.511763853527,466.41080922769805,0.008932801201812099
B2,past,64,3,-1,N2,encoding,0,205,77492.26632384858,35702.1067245671,39780.05968962642,0.6070604933137368
B2,past,64,3,-1,N2,encoding,1,205,130917.36394497751,42707.170436931265,42248.170472507576,0.601965524973894
B2,past,64,3,-1,N2,encoding,2,205,85274.11465158392,51563.42663959841,71837.69806948524,0.3892441491285414
B2,past,64,3,-1,N2,maintenance,0,363,92423.0760924846,47792.84495217427,13963.874886528232,0.7240257748018625
B2,past,64,3,-1,N2,maintenance,1,363,58671.83151142166,43466.9255791406,86305.73226136643,0.2697764360104025
B2,past,64,3,-1,N2,maintenance,2,363,68691.04219255691,36274.291724927105,27366.728637607044,0.3135486821556572
B2,past,64,3,-1,N2,retrieval,0,288,8353.11083561412,2430.2552777706724,41438.55708253475,0.06543676969493475
B2,past,64,3,-1,N2,retrieval,1,288,20528.755941938092,39563.340119508015,128279.30800202551,0.0943923936082567
B2,past,64,3,-1,N2,retrieval,2,288,3672.491934127299,10528.247953014079,53390.99447165682,0.016763539603096417
B2,past,65,3,1,N2,encoding,0,205,41896.27407853374,19762.819983818015,22733.554346588073,0.3282078846917776
B2,past,65,3,1,N2,encoding,1,205,80932.00643920878,54846.64601026398,54366.50719601205,0.37212999311416317
B2,past,65,3,1,N2,encoding,2,205,91934.7432021821,59072.494146881196,79460.0177217091,0.41964740459981587
B2,past,65,3,1,N2,maintenance,0,362,90317.96317947812,56864.721457913765,83233.80936168812,0.7075346984135398
B2,past,65,3,1,N2,maintenance,1,362,198825.99598599205,154968.1512772292,219084.56993308046,0.9142132979584535
B2,past,65,3,1,N2,maintenance,2,362,248663.98045173628,180496.85869547943,198407.2090015936,1.135057219712272
B2,past,65,3,1,N2,retrieval,0,282,190109.08511349163,111566.91223438783,305834.1253993262,1.489280420708282
B2,past,65,3,1,N2,retrieval,1,282,173977.54668793484,122052.41332898368,255740.36685888522,0.7999587073085934
B2,past,65,3,1,N2,retrieval,2,282,296751.3802999026,186353.75766667395,322197.99815492483,1.3545580508165411
B2,past,66,3,1,N2,encoding,0,205,81607.38326598183,3571.04827909426,2453.2929559789163,0.6392975801798662
B2,past,66,3,1,N2,encoding,1,205,41342.516204650485,129776.58846638366,130627.17740268816,0.19009525337932767
B2,past,66,3,1,N2,encoding,2,205,57790.93045654575,400576.1745098926,349299.8576009252,0.26379378601366726
B2,past,66,3,1,N2,maintenance,0,363,75990.67113461709,190270.97837186727,102441.42433876374,0.5952972663547665
B2,past,66,3,1,N2,maintenance,1,363,31475.773833095176,71915.04313732665,149451.55586969457,0.14472740779719606
B2,past,66,3,1,N2,maintenance,2,363,150591.12942655402,607052.0170241591,708976.0020790335,0.6873916695522831
B2,past,66,3,1,N2,retrieval,0,323,29643.222806470058,847185.3822866136,487274.6802049454,0.2322196822209421
B2,past,66,3,1,N2,retrieval,1,323,204791.9089593021,86497.76940762367,18594.76025845577,0.9416449069269668
B2,past,66,3,1,N2,retrieval,2,323,83341.4436156659,43129.22774669557,113922.66178617875,0.38042223528053515
B2,past,67,3,1,N2,encoding,0,205,2461.474712578264,2761.01704986424,3970.004118373362,0.019282750707694602
B2,past,67,3,1,N2,encoding,1,205,4174.575653016755,2376.6614136517655,2311.425132073192,0.019194937545241295
B2,past,67,3,1,N2,encoding,2,205,21217.735268208362,32143.687758596425,20454.217135154035,0.0968509534769471
B2,past,67,3,1,N2,maintenance,0,362,2604.299683136918,35154.62561041515,7096.25288242752,0.02040161586931619
B2,past,67,3,1,N2,maintenance,1,362,4819.440889040251,25422.070789534733,9360.581403437922,0.022160064772393885
B2,past,67,3,1,N2,maintenance,2,362,34169.35864202356,30477.517988241263,35019.84769638472,0.1559702259615942
B2,past,67,3,1,N2,retrieval,0,296,22339.162857977386,190975.44868835018,46972.46823966957,0.17500098871938832
B2,past,67,3,1,N2,retrieval,1,296,56615.35819059505,141527.3164077655,40355.68896237354,0.26032065409680943
B2,past,67,3,1,N2,retrieval,2,296,48340.622569197796,152907.6096671622,60231.89772698765,0.22065669725416326
B2,past,68,3,1,N2,encoding,0,205,39591.89258430358,124621.46639057076,117281.87170475167,0.31015577403567357
B2,past,68,3,1,N2,encoding,1,205,83664.50579114625,170827.93793766387,171787.0625040827,0.3846941813724236
B2,past,68,3,1,N2,encoding,2,205,37245.67070921219,247758.2740695321,208169.54355228384,0.17001242948301723
B2,past,68,3,1,N2,maintenance,0,363,27795.674815124028,74228.14434501268,149721.89387712482,0.21774632315875975
B2,past,68,3,1,N2,maintenance,1,363,101128.43563645163,82580.41173030241,75098.57172839182,0.4649943293486295
B2,past,68,3,1,N2,maintenance,2,363,101562.98792819392,93035.89159302282,111746.61273731731,0.46359670787069096
B2,past,68,3,1,N2,retrieval,0,332,138709.65431482196,67684.2961773555,6280.899728809542,1.0866265134617599
B2,past,68,3,1,N2,retrieval,1,332,416304.6625888697,293762.74200853985,134178.43801536018,1.914192641930313
B2,past,68,3,1,N2,retrieval,2,332,549746.7125935503,191972.70009551643,86323.91175863943,2.509386256943268
B2,past,69,3,-1,N2,encoding,0,205,21895.586199944162,108463.31783046875,115601.79656758533,0.17152608886650797
B2,past,69,3,-1,N2,encoding,1,205,9602.995347504399,87685.83549084706,87016.48414426875,0.044155121685094965
B2,past,69,3,-1,N2,encoding,2,205,4419.018801607464,44122.53801862399,62886.91988856499,0.020171152998101217
B2,past,69,3,-1,N2,maintenance,0,362,56595.82379930007,567460.9918687622,378025.2427696409,0.44336151650951117
B2,past,69,3,-1,N2,maintenance,1,362,12918.714966410573,226175.30092072327,113498.75694605745,0.059400990078075776
B2,past,69,3,-1,N2,maintenance,2,362,10065.086380362482,275831.95917597646,212794.60175705721,0.04594332054969853
B2,past,69,3,-1,N2,retrieval,0,319,22844.193289465213,650367.3544535105,340908.43811537966,0.17895730639367335
B2,past,69,3,-1,N2,retrieval,1,319,88918.10008245756,186819.29068666647,69250.82715708559,0.4088505083123565
B2,past,69,3,-1,N2,retrieval,2,319,59925.56733108393,340385.2665951481,192861.87530330877,0.2735375976887919
B2,past,70,3,-1,N2,encoding,0,205,13571.87646419352,23556.564588774654,26678.14505616315,0.1063196421061548
B2,past,70,3,-1,N2,encoding,1,205,32134.91743050667,31110.261251019685,30740.04571572903,0.14775818774641464
B2,past,70,3,-1,N2,encoding,2,205,12595.833554979312,32132.357875876834,47599.66475429449,0.05749522624427017
B2,past,70,3,-1,N2,maintenance,0,363,9991.919817871476,80721.4373189203,21046.22418120706,0.07827490485875255
B2,past,70,3,-1,N2,maintenance,1,363,13728.372833841637,27288.247713274606,3921.414026693364,0.06312384324690541
B2,past,70,3,-1,N2,maintenance,2,363,8865.726984442874,66957.82399319983,38175.41459251643,0.040468697570949404
B2,past,70,3,-1,N2,retrieval,0,270,5861.1440758914205,64243.32960320789,933.886054196791,0.045915149767642306
B2,past,70,3,-1,N2,retrieval,1,270,3070.3172537952723,7102.966106374929,8535.837140799555,0.014117494286655938
B2,past,70,3,-1,N2,retrieval,2,270,5598.031729399296,51461.06289696982,6413.796715708967,0.025552902029034805
B2,past,71,3,1,N2,encoding,0,205,1678.0247086549932,843.5818949991965,1292.259981533299,0.013145344119523342
B2,past,71,3,1,N2,encoding,1,205,2459.916095282519,25830.07895584862,25461.736618713363,0.011310834858474719
B2,past,71,3,1,N2,encoding,2,205,2474.3112363591017,4883.870108469968,12358.364871588368,0.011294296936542846
B2,past,71,3,1,N2,maintenance,0,363,5053.054700695019,128266.20870520224,56021.5650453593,0.03958472277124739
B2,past,71,3,1,N2,maintenance,1,363,8020.709528035174,273193.3988341387,150634.38329069404,0.03687968101569796
B2,past,71,3,1,N2,maintenance,2,363,11183.323389450636,231276.04063929088,177485.41512768433,0.05104765044986806
B2,past,71,3,1,N2,retrieval,0,352,508.67448907884796,173150.9762865851,37089.56611538662,0.0039848645668178785
B2,past,71,3,1,N2,retrieval,1,352,4894.11537895952,247810.3106922933,104064.54184376076,0.022503422346758915
B2,past,71,3,1,N2,retrieval,2,352,3319.0232963153453,243797.4143302221,120435.45929275762,0.015150088678030933
B2,past,72,3,1,N2,encoding,0,205,9262.06109932601,17345.549001211064,20187.120520185803,0.07255732277284592
B2,past,72,3,1,N2,encoding,1,205,27491.61596067071,28143.496693868758,27866.104711714688,0.12640802209477053
B2,past,72,3,1,N2,encoding,2,205,42536.74846217712,30323.66051130273,42964.526029608656,0.19416420246055746
B2,past,72,3,1,N2,maintenance,0,363,96769.81366750832,3586.3377904083454,8990.752951494876,0.7580773360966593
B2,past,72,3,1,N2,maintenance,1,363,237017.34130068964,13012.588095956433,56221.696544946986,1.0898192874090473
B2,past,72,3,1,N2,maintenance,2,363,430273.4709556651,8636.478094242639,21508.9424773181,1.9640360005967077
B2,past,72,3,1,N2,retrieval,0,280,51152.88842226866,68335.84788312337,5540.311297949797,0.4007225385598033
B2,past,72,3,1,N2,retrieval,1,280,72832.10791448857,56321.38550594132,6106.8153464206725,0.3348861965638621
B2,past,72,3,1,N2,retrieval,2,280,219871.88491353564,66244.61206331388,15373.607648850864,1.0036321703267086
B2,past,73,3,1,N2,encoding,0,205,1601.5164847438048,8222.96951805311,6574.18111256985,0.012545992437692478
B2,past,73,3,1,N2,encoding,1,205,2382.225954250094,9640.067832740382,9864.999336236157,0.010953611147863385
B2,past,73,3,1,N2,encoding,2,205,1836.5312990781736,10867.934968999962,5033.131183439791,0.008383072234504171
B2,past,73,3,1,N2,maintenance,0,362,5582.78598145525,739.3695342258575,18387.208897177155,0.043734542461358265
B2,past,73,3,1,N2,maintenance,1,362,1319.4048411524814,7312.127144234341,5750.1166517357615,0.0060666989001646535
B2,past,73,3,1,N2,maintenance,2,362,1878.569659188021,2737.2636679559578,1977.8701998743036,0.008574961482238656
B2,past,73,3,1,N2,retrieval,0,314,781.8425977298218,11822.124014013913,14531.334319523494,0.0061248144568136235
B2,past,73,3,1,N2,retrieval,1,314,5577.102412428171,20593.662101313785,1434.2371516162539,0.025643835778281353
B2,past,73,3,1,N2,retrieval,2,314,3487.685359670502,25419.67764893299,803.0655065323685,0.0159199673406143
B2,past,74,3,-1,N2,encoding,0,205,33817.23519603224,73019.26266288258,79093.86405363862,0.2649181454419804
B2,past,74,3,-1,N2,encoding,1,205,68480.64490809549,98676.62028223021,97945.98022676288,0.31487792085378297
B2,past,74,3,-1,N2,encoding,2,205,28232.127195600646,139975.02660118244,173856.53064545698,0.12886900524549988
B2,past,74,3,-1,N2,maintenance,0,363,13895.157567787242,129476.05850307325,48845.83418741378,0.10885216819600306
B2,past,74,3,-1,N2,maintenance,1,363,14068.627091360837,74068.3292613227,18993.791132095914,0.06468835177793748
B2,past,74,3,-1,N2,maintenance,2,363,14173.794336889414,147678.13265217264,102867.8225573923,0.06469802165788867
B2,past,74,3,-1,N2,retrieval,0,317,1052.5273801378646,135309.3520017852,20850.03484722191,0.008245310415138396
B2,past,74,3,-1,N2,retrieval,1,317,417.198860042237,73756.90961831436,9305.967190596488,0.0019183042129490568
B2,past,74,3,-1,N2,retrieval,2,317,19138.896352850243,143911.29087937568,53955.40633826229,0.08736183842614849
B2,past,75,3,-1,N2,encoding,0,205,20417.874733025797,14392.901908515025,17018.80465475533,0.1599499626975569
B2,past,75,3,-1,N2,encoding,1,205,57108.52764467799,55488.444975837614,54974.46006707219,0.2625882754449821
B2,past,75,3,-1,N2,encoding,2,205,8103.941042752489,9873.742964478126,19402.529974879355,0.036991432261272564
B2,past,75,3,-1,N2,maintenance,0,363,30842.82845609821,62604.50819983268,14980.088114850367,0.24161717737745025
B2,past,75,3,-1,N2,maintenance,1,363,30619.873397482013,50435.38394558599,13699.537519019195,0.14079192865582107
B2,past,75,3,-1,N2,maintenance,2,363,20094.309324568723,52134.07785830119,29160.96758224499,0.09172293804896378
B2,past,75,3,-1,N2,retrieval,0,359,1387.7652058564345,43420.64936188102,1756.3478649482465,0.010871503318152108
B2,past,75,3,-1,N2,retrieval,1,359,9408.746701024167,64175.179800373975,9637.870454751825,0.04326195530188636
B2,past,75,3,-1,N2,retrieval,2,359,2179.5467021477716,32941.355319115624,2225.4760589995744,0.009948808088242868
B2,past,76,3,1,N2,encoding,0,205,23613.270952546736,2431.60534717582,2334.166726735448,0.18498212264560387
B2,past,76,3,1,N2,encoding,1,205,33542.99559793609,4779.380182097319,4660.778060867468,0.1542326116709383
B2,past,76,3,1,N2,encoding,2,205,28408.67726750463,7135.317634343315,10412.6401119195,0.12967488969000726
B2,past,76,3,1,N2,maintenance,0,362,5521.658208129848,25062.656553882556,86896.28524443158,0.04325567846640154
B2,past,76,3,1,N2,maintenance,1,362,4701.540669387089,6388.174181083614,45521.51578252187,0.02161795282116424
B2,past,76,3,1,N2,maintenance,2,362,44969.06229139135,100497.63886100378,144162.12599911648,0.20526679708419435
B2,past,76,3,1,N2,retrieval,0,392,21612.300740272898,5588.778984248529,73171.75706434019,0.16930688146614672
B2,past,76,3,1,N2,retrieval,1,392,41568.32882626065,4685.518050774006,15110.237553447048,0.19113355272493945
B2,past,76,3,1,N2,retrieval,2,392,9466.516425857932,10259.247053874453,49417.6632935537,0.04321107462035654
B2,past,77,3,1,N2,encoding,0,205,7889.68746215989,2153.1404573727777,3151.8037855385824,0.0618063942388015
B2,past,77,3,1,N2,encoding,1,205,15548.540544636982,11238.59470324697,11009.684607382178,0.07149307845416139
B2,past,77,3,1,N2,encoding,2,205,7231.125825719119,2968.6457168931265,8837.039276190442,0.03300736021445376
B2,past,77,3,1,N2,maintenance,0,363,6253.929758854159,15378.196768872902,1663.887551347035,0.04899216224614497
B2,past,77,3,1,N2,maintenance,1,363,8348.632256778452,14839.20849592253,3793.607073771855,0.03838748847232979
B2,past,77,3,1,N2,maintenance,2,363,5466.567508842431,24026.374031494186,8916.299116895085,0.024952817479572377
B2,past,77,3,1,N2,retrieval,0,256,5114.904084452131,10103.264527966407,15553.936589628727,0.040069239732692705
B2,past,77,3,1,N2,retrieval,1,256,7049.1595301989955,7158.611642139353,8905.638740536942,0.03241243857464453
B2,past,77,3,1,N2,retrieval,2,256,2387.5893130767854,25671.511763853527,466.41080922769805,0.010898444087448639
B2,past,64,3,-1,N3,encoding,0,205,77010.17647659937,35702.1067245671,39780.05968962642,0.603283888055225
B2,past,64,3,-1,N3,encoding,1,205,132279.89086267597,42707.170436931265,42248.170472507576,0.6082305016476387
B2,past,64,3,-1,N3,encoding,2,205,92436.93397254379,51563.42663959841,71837.69806948524,0.42193971592908996
B2,past,64,3,-1,N3,maintenance,0,363,99485.92976889611,47792.84495217427,13963.874886528232,0.7793549016993371
B2,past,64,3,-1,N3,maintenance,1,363,60993.35107102118,43466.9255791406,86305.73226136643,0.28045091568461
B2,past,64,3,-1,N3,maintenance,2,363,80806.49338081985,36274.291724927105,27366.728637607044,0.3688511442023409
B2,past,64,3,-1,N3,retrieval,0,288,6235.161628208343,2430.2552777706724,41438.55708253475,0.04884513608225898
B2,past,64,3,-1,N3,retrieval,1,288,18720.32135546575,39563.340119508015,128279.30800202551,0.08607710797751103
B2,past,64,3,-1,N3,retrieval,2,288,4004.618815979614,10528.247953014079,53390.99447165682,0.018279573467036615
B2,past,65,3,1,N3,encoding,0,205,38183.01495942955,19762.819983818015,22733.554346588073,0.29911887981966967
B2,past,65,3,1,N3,encoding,1,205,70452.58256149768,54846.64601026398,54366.50719601205,0.3239450029350028
B2,past,65,3,1,N3,encoding,2,205,92016.57286043481,59072.494146881196,79460.0177217091,0.4200209261054943
B2,past,65,3,1,N3,maintenance,0,362,80960.05374544338,56864.721457913765,83233.80936168812,0.6342265170052216
B2,past,65,3,1,N3,maintenance,1,362,187644.5499615105,154968.1512772292,219084.56993308046,0.862800369808425
B2,past,65,3,1,N3,maintenance,2,362,246118.84283784163,180496.85869547943,198407.2090015936,1.1234396270936533
B2,past,65,3,1,N3,retrieval,0,282,214638.34994005982,111566.91223438783,305834.1253993262,1.6814382748096153
B2,past,65,3,1,N3,retrieval,1,282,177801.52416059744,122052.41332898368,255740.36685888522,0.8175415743741659
B2,past,65,3,1,N3,retrieval,2,282,297649.9549134179,186353.75766667395,322197.99815492483,1.3586597047861588
B2,past,66,3,1,N3,encoding,0,205,83483.13990925443,3571.04827909426,2453.2929559789163,0.6539919207537093
B2,past,66,3,1,N3,encoding,1,205,45000.672354211856,129776.58846638366,130627.17740268816,0.20691566451999718
B2,past,66,3,1,N3,encoding,2,205,56914.739311578924,400576.1745098926,349299.8576009252,0.25979430412997884
B2,past,66,3,1,N3,maintenance,0,363,67071.36345628713,190270.97837186727,102441.42433876374,0.5254250123082019
B2,past,66,3,1,N3,maintenance,1,363,31395.190267330952,71915.04313732665,149451.55586969457,0.14435687995422855
B2,past,66,3,1,N3,maintenance,2,363,131446.81744686127,607052.0170241591,708976.0020790335,0.6000051108335707
B2,past,66,3,1,N3,retrieval,0,323,21439.522407844535,847185.3822866136,487274.6802049454,0.16795336704859765
B2,past,66,3,1,N3,retrieval,1,323,198903.98681001883,86497.76940762367,18594.76025845577,0.9145719042266656
B2,past,66,3,1,N3,retrieval,2,323,74551.55046792574,43129.22774669557,113922.66178617875,0.3402996905528383
B2,past,67,3,1,N3,encoding,0,205,3198.0873024853763,2761.01704986424,3970.004118373362,0.025053241408551842
B2,past,67,3,1,N3,encoding,1,205,5233.732525928123,2376.6614136517655,2311.425132073192,0.02406500140705081
B2,past,67,3,1,N3,encoding,2,205,21441.56687642778,32143.687758596425,20454.217135154035,0.09787266028968174
B2,past,67,3,1,N3,maintenance,0,362,1077.0885068404218,35154.62561041515,7096.25288242752,0.008437717869452415
B2,past,67,3,1,N3,maintenance,1,362,5803.973904908623,25422.070789534733,9360.581403437922,0.026687003872698557
B2,past,67,3,1,N3,maintenance,2,362,24728.442452224514,30477.517988241263,35019.84769638472,0.11287600675677548
B2,past,67,3,1,N3,retrieval,0,296,14942.277426746174,190975.44868835018,46972.46823966957,0.11705511706165767
B2,past,67,3,1,N3,retrieval,1,296,53608.48201818442,141527.3164077655,40355.68896237354,0.24649486552977573
B2,past,67,3,1,N3,retrieval,2,296,43901.095557413224,152907.6096671622,60231.89772698765,0.2003919320168362
B2,past,68,3,1,N3,encoding,0,205,43608.50668172329,124621.46639057076,117281.87170475167,0.34162120731182105
B2,past,68,3,1,N3,encoding,1,205,91123.28614974004,170827.93793766387,171787.0625040827,0.4189900799372076
B2,past,68,3,1,N3,encoding,2,205,35072.68458627662,247758.2740695321,208169.54355228384,0.16009356796277657
B2,past,68,3,1,N3,maintenance,0,363,29419.89859653821,74228.14434501268,149721.89387712482,0.23047020047932465
B2,past,68,3,1,N3,maintenance,1,363,111089.45415315902,82580.41173030241,75098.57172839182,0.5107956620366644
B2,past,68,3,1,N3,maintenance,2,363,111656.79636444662,93035.89159302282,111746.61273731731,0.5096711337652166
B2,past,68,3,1,N3,retrieval,0,332,118595.24865684286,67684.2961773555,6280.899728809542,0.9290538729815379
B2,past,68,3,1,N3,retrieval,1,332,409206.2016502279,293762.74200853985,134178.43801536018,1.8815535126607068
B2,past,68,3,1,N3,retrieval,2,332,537212.1059591572,191972.70009551643,86323.91175863943,2.452170508483138
B2,past,69,3,-1,N3,encoding,0,205,22677.090181117834,108463.31783046875,115601.79656758533,0.17764825066205134
B2,past,69,3,-1,N3,encoding,1,205,10910.630957797408,87685.83549084706,87016.48414426875,0.05016770498883012
B2,past,69,3,-1,N3,encoding,2,205,2569.5618536977463,44122.53801862399,62886.91988856499,0.011729080055094522
B2,past,69,3,-1,N3,maintenance,0,362,66420.8148226305,567460.9918687622,378025.2427696409,0.520328731179686
B2,past,69,3,-1,N3,maintenance,1,362,11688.106296224165,226175.30092072327,113498.75694605745,0.053742581049174704
B2,past,69,3,-1,N3,maintenance,2,362,9760.647509109433,275831.95917597646,212794.60175705721,0.04455367200410269
B2,past,69,3,-1,N3,retrieval,0,319,22220.723763236252,650367.3544535105,340908.43811537966,0.1740731581281302
B2,past,69,3,-1,N3,retrieval,1,319,93299.55574722901,186819.29068666647,69250.82715708559,0.4289966919805709
B2,past,69,3,-1,N3,retrieval,2,319,60901.45608563565,340385.2665951481,192861.87530330877,0.27799216153224715
B2,past,70,3,-1,N3,encoding,0,205,12475.653680158064,23556.564588774654,26678.14505616315,0.09773202974652609
B2,past,70,3,-1,N3,encoding,1,205,31908.71741584529,31110.261251019685,30740.04571572903,0.14671810714540312
B2,past,70,3,-1,N3,encoding,2,205,12805.314423895255,32132.357875876834,47599.66475429449,0.05845142734835728
B2,past,70,3,-1,N3,maintenance,0,363,11390.30802693186,80721.4373189203,21046.22418120706,0.08922962687563922
B2,past,70,3,-1,N3,maintenance,1,363,14779.736522997067,27288.247713274606,3921.414026693364,0.06795807360420875
B2,past,70,3,-1,N3,maintenance,2,363,12011.766686686538,66957.82399319983,38175.41459251643,0.05482918142971319
B2,past,70,3,-1,N3,retrieval,0,270,7481.255326822526,64243.32960320789,933.886054196791,0.058606810263196744
B2,past,70,3,-1,N3,retrieval,1,270,3751.673907507951,7102.966106374929,8535.837140799555,0.017250411138839034
B2,past,70,3,-1,N3,retrieval,2,270,4117.913234723652,51461.06289696982,6413.796715708967,0.01879671972889132
B2,past,71,3,1,N3,encoding,0,205,3596.1520214819493,843.5818949991965,1292.259981533299,0.028171608906993214
B2,past,71,3,1,N3,encoding,1,205,3210.604477769703,25830.07895584862,25461.736618713363,0.014762542963792381
B2,past,71,3,1,N3,encoding,2,205,3861.5446488450007,4883.870108469968,12358.364871588368,0.01762649389328635
B2,past,71,3,1,N3,maintenance,0,363,9085.758198234815,128266.20870520224,56021.5650453593,0.07117619751756189
B2,past,71,3,1,N3,maintenance,1,363,11055.930201250614,273193.3988341387,150634.38329069404,0.050835799218105764
B2,past,71,3,1,N3,maintenance,2,363,15786.886866324887,231276.04063929088,177485.41512768433,0.0720611802394953
B2,past,71,3,1,N3,retrieval,0,352,1200.0842870534575,173150.9762865851,37089.56611538662,0.009401244716113429
B2,past,71,3,1,N3,retrieval,1,352,5600.041122930085,247810.3106922933,104064.54184376076,0.025749309280752065
B2,past,71,3,1,N3,retrieval,2,352,5846.489755532701,243797.4143302221,120435.45929275762,0.02668701914501542
B2,past,72,3,1,N3,encoding,0,205,14820.340499128011,17345.549001211064,20187.120520185803,0.11609988507600773
B2,past,72,3,1,N3,encoding,1,205,36607.42513169974,28143.496693868758,27866.104711714688,0.16832303388424252
B2,past,72,3,1,N3,encoding,2,205,50837.01901323192,30323.66051130273,42964.526029608656,0.23205180482831772
B2,past,72,3,1,N3,maintenance,0,363,80376.57732963745,3586.3377904083454,8990.752951494876,0.6296556675821858
B2,past,72,3,1,N3,maintenance,1,363,223013.6290212902,13012.588095956433,56221.696544946986,1.0254294176481884
B2,past,72,3,1,N3,maintenance,2,363,394600.9545420054,8636.478094242639,21508.9424773181,1.801204426731156
B2,past,72,3,1,N3,retrieval,0,280,60800.44102462554,68335.84788312337,5540.311297949797,0.47629973251592556
B2,past,72,3,1,N3,retrieval,1,280,75180.57008751067,56321.38550594132,6106.8153464206725,0.34568455991510355
B2,past,72,3,1,N3,retrieval,2,280,225742.32740955372,66244.61206331388,15373.607648850864,1.0304285246917686
B2,past,73,3,1,N3,encoding,0,205,2645.9363595663963,8222.96951805311,6574.18111256985,0.02072779011266059
B2,past,73,3,1,N3,encoding,1,205,3399.306566372366,9640.067832740382,9864.999336236157,0.015630205956740462
B2,past,73,3,1,N3,encoding,2,205,2435.8538468443035,10867.934968999962,5033.131183439791,0.011118753468040657
B2,past,73,3,1,N3,maintenance,0,362,2582.3251622951248,739.3695342258575,18387.208897177155,0.02022947142064562
B2,past,73,3,1,N3,maintenance,1,362,2539.0918328984517,7312.127144234341,5750.1166517357615,0.011674889427120033
B2,past,73,3,1,N3,maintenance,2,362,1775.929505464519,2737.2636679559578,1977.8701998743036,0.008106447919057557
B2,past,73,3,1,N3,retrieval,0,314,1253.7632749612658,11822.124014013913,14531.334319523494,0.009821756264242816
B2,past,73,3,1,N3,retrieval,1,314,4627.216331725888,20593.662101313785,1434.2371516162539,0.02127620526690272
B2,past,73,3,1,N3,retrieval,2,314,2842.204844365471,25419.67764893299,803.0655065323685,0.012973592406256744
B2,past,74,3,-1,N3,encoding,0,205,35423.15737997561,73019.26266288258,79093.86405363862,0.2774986513357422
B2,past,74,3,-1,N3,encoding,1,205,71805.53604904075,98676.62028223021,97945.98022676288,0.330165960429506
B2,past,74,3,-1,N3,encoding,2,205,33678.5342295936,139975.02660118244,173856.53064545698,0.15372979776637438
B2,past,74,3,-1,N3,maintenance,0,363,14641.043649390702,129476.05850307325,48845.83418741378,0.11469530576487673
B2,past,74,3,-1,N3,maintenance,1,363,14913.33140538835,74068.3292613227,18993.791132095914,0.06857235051209314
B2,past,74,3,-1,N3,maintenance,2,363,15150.369818592362,147678.13265217264,102867.8225573923,0.06915572015160383
B2,past,74,3,-1,N3,retrieval,0,317,1913.5897218082225,135309.3520017852,20850.03484722191,0.014990718114582854
B2,past,74,3,-1,N3,retrieval,1,317,667.2506022563595,73756.90961831436,9305.967190596488,0.003068056421035246
B2,past,74,3,-1,N3,retrieval,2,317,16236.611447954456,143911.29087937568,53955.40633826229,0.07411400321905746
B2,past,75,3,-1,N3,encoding,0,205,20430.782849122155,14392.901908515025,17018.80465475533,0.1600510825601824
B2,past,75,3,-1,N3,encoding,1,205,57640.35115733608,55488.444975837614,54974.46006707219,0.2650336303646339
B2,past,75,3,-1,N3,encoding,2,205,9377.967138304737,9873.742964478126,19402.529974879355,0.04280688054305172
B2,past,75,3,-1,N3,maintenance,0,363,36076.50375459748,62604.50819983268,14980.088114850367,0.2826168494643808
B2,past,75,3,-1,N3,maintenance,1,363,32536.389525721774,50435.38394558599,13699.537519019195,0.14960417939546816
B2,past,75,3,-1,N3,maintenance,2,363,25971.867559136575,52134.07785830119,29160.96758224499,0.11855177307487307
B2,past,75,3,-1,N3,retrieval,0,359,836.367788218753,43420.64936188102,1756.3478649482465,0.006551955003947797
B2,past,75,3,-1,N3,retrieval,1,359,7816.452145736314,64175.179800373975,9637.870454751825,0.035940493892918715
B2,past,75,3,-1,N3,retrieval,2,359,1873.0595899490654,32941.355319115624,2225.4760589995744,0.00854981009577959
B2,past,76,3,1,N3,encoding,0,205,23253.037424786206,2431.60534717582,2334.166726735448,0.18216011790313633
B2,past,76,3,1,N3,encoding,1,205,30446.97389397403,4779.380182097319,4660.778060867468,0.1399969268526939
B2,past,76,3,1,N3,encoding,2,205,33923.22201342314,7135.317634343315,10412.6401119195,0.15484670514920706
B2,past,76,3,1,N3,maintenance,0,362,4665.204717973117,25062.656553882556,86896.28524443158,0.03654637568175953
B2,past,76,3,1,N3,maintenance,1,362,5671.576834317302,6388.174181083614,45521.51578252187,0.026078234571958545
B2,past,76,3,1,N3,maintenance,2,362,33786.04108108751,100497.63886100378,144162.12599911648,0.15422052596808258
B2,past,76,3,1,N3,retrieval,0,392,15878.989899066346,5588.778984248529,73171.75706434019,0.12439315429447521
B2,past,76,3,1,N3,retrieval,1,392,39434.44140390869,4685.518050774006,15110.237553447048,0.1813218163461719
B2,past,76,3,1,N3,retrieval,2,392,5991.328854190314,10259.247053874453,49417.6632935537,0.027348154965045657
B2,past,77,3,1,N3,encoding,0,205,6818.378926370657,2153.1404573727777,3151.8037855385824,0.05341395562422351
B2,past,77,3,1,N3,encoding,1,205,12015.217402323779,11238.59470324697,11009.684607382178,0.055246656618484234
B2,past,77,3,1,N3,encoding,2,205,7010.227886939587,2968.6457168931265,8837.039276190442,0.031999044495483235
B2,past,77,3,1,N3,maintenance,0,363,5527.335040135504,15378.196768872902,1663.887551347035,0.043300149748521616
B2,past,77,3,1,N3,maintenance,1,363,6582.53166036502,14839.20849592253,3793.607073771855,0.03026685694843555
B2,past,77,3,1,N3,maintenance,2,363,7657.2773045187205,24026.374031494186,8916.299116895085,0.034952580876585135
B2,past,77,3,1,N3,retrieval,0,256,9716.69334948861,10103.264527966407,15553.936589628727,0.07611883014839037
B2,past,77,3,1,N3,retrieval,1,256,7912.240206251698,7158.611642139353,8905.638740536942,0.03638093287211026
B2,past,77,3,1,N3,retrieval,2,256,2474.4399305440143,25671.511763853527,466.41080922769805,0.011294884376925064
B2,past,84,4,-1,B0,encoding,0,205,2056.788936456875,3643.5765457786324,4155.658341341507,0.0160360157014447
B2,past,84,4,-1,B0,encoding,1,205,3727.224537919371,10316.948798843428,15722.95897829158,0.019594408973274993
B2,past,84,4,-1,B0,encoding,2,205,5961.500957756184,7786.51344167974,5023.324397538867,0.02976464518130887
B2,past,84,4,-1,B0,maintenance,0,363,312.6493660144564,1123.5336000614247,43165.974755836025,0.0024376104196142316
B2,past,84,4,-1,B0,maintenance,1,363,238.78910487515944,4970.74185785398,63995.98204414559,0.001255339283073625
B2,past,84,4,-1,B0,maintenance,2,363,186.8207187974523,972.1495371277161,14102.447711714773,0.0009327604653470008
B2,past,84,4,-1,B0,retrieval,0,329,3522.661377126468,1957.0803263008747,69480.10511105499,0.02746487602747627
B2,past,84,4,-1,B0,retrieval,1,329,14190.811861243772,5883.083495137616,39187.45830319436,0.07460258120838423
B2,past,84,4,-1,B0,retrieval,2,329,6844.370694323293,7117.258069855308,22157.153141227085,0.03417264656157308
B2,past,85,4,-1,B0,encoding,0,205,78757.83384562503,107877.90487493941,111851.6263301532,0.6140454364441764
B2,past,85,4,-1,B0,encoding,1,205,586507.9502661624,697781.2976793752,742586.8401311508,3.0833335976071057
B2,past,85,4,-1,B0,encoding,2,205,188737.80512693894,796886.7226634917,744715.6405475625,0.9423321142963932
B2,past,85,4,-1,B0,maintenance,0,362,35652.21842107715,15790.171313653325,16452.05021750787,0.2779670408849053
B2,past,85,4,-1,B0,maintenance,1,362,437838.34559342265,753140.8867133148,1096078.2500915837,2.3017619465793575
B2,past,85,4,-1,B0,maintenance,2,362,69723.4918519079,881177.9352582654,1053015.5412249858,0.34811618927509635
B2,past,85,4,-1,B0,retrieval,0,374,87329.37170960553,46517.01124704496,20429.86688566906,0.680874518094675
B2,past,85,4,-1,B0,retrieval,1,374,564594.9385792582,1030277.0772088162,1512380.1281052644,2.968134604774481
B2,past,85,4,-1,B0,retrieval,2,374,128815.24705513092,1132222.9806057399,1560418.8961494989,0.6431501311008304
B2,past,86,4,1,B0,encoding,0,205,18645.91571477376,1876.5082645314826,1514.5149771966976,0.1453752457872557
B2,past,86,4,1,B0,encoding,1,205,23863.34498126683,1701.6376516699047,2637.467920402648,0.12545209881407116
B2,past,86,4,1,B0,encoding,2,205,12461.87162244185,2286.4534374268374,3109.2849399534816,0.06221976474807334
B2,past,86,4,1,B0,maintenance,0,363,80362.29003883297,3844.6648069341486,22233.894840142595,0.6265547825664309
B2,past,86,4,1,B0,maintenance,1,363,60891.20601163214,12741.245389073098,81663.08433315763,0.32011143448145835
B2,past,86,4,1,B0,maintenance,2,363,43275.34518847784,9006.05773377622,28631.951485463276,0.21606560223023374
B2,past,86,4,1,B0,retrieval,0,304,40794.88102324065,8443.392998149324,133527.87274086097,0.31806246184608045
B2,past,86,4,1,B0,retrieval,1,304,21523.13516086785,72513.50776471119,238507.92759987223,0.1131493711845279
B2,past,86,4,1,B0,retrieval,2,304,5564.639280758771,67832.92913054614,200715.16156190363,0.02778318999316223
B2,past,87,4,-1,B0,encoding,0,205,3228.8106254936033,8486.039866205658,7634.311067690225,0.025173831388164168
B2,past,87,4,-1,B0,encoding,1,205,3510.2628786830874,29355.19562111095,22431.415667501915,0.018453818853375957
B2,past,87,4,-1,B0,encoding,2,205,4043.7159328333596,39561.33740287749,51301.055750891755,0.020189507777935836
B2,past,87,4,-1,B0,maintenance,0,362,8481.878521143504,167538.7092857068,56863.282372390895,0.06613004121711719
B2,past,87,4,-1,B0,maintenance,1,362,3039.5097401743074,206997.68209803998,76229.05127886315,0.015979020400116437
B2,past,87,4,-1,B0,maintenance,2,362,43538.54134543375,288713.3139699583,202064.8914006089,0.21737969079289426
B2,past,87,4,-1,B0,retrieval,0,275,84050.61589011096,482109.61513066594,179197.7806342297,0.6553112826694635
B2,past,87,4,-1,B0,retrieval,1,275,135177.3566563521,769543.1688640442,437874.3191580352,0.7106414929671504
B2,past,87,4,-1,B0,retrieval,2,275,178741.43930994062,691463.7356897183,417614.7139630823,0.8924221530712072
B2,past,88,4,1,B0,encoding,0,205,83395.31753419024,171703.57999798714,176547.92681004872,0.6502021659592299
B2,past,88,4,1,B0,encoding,1,205,210768.09433759254,192606.4929595284,216254.64087057317,1.1080299018620416
B2,past,88,4,1,B0,encoding,2,205,162759.5479469305,375634.5437094256,340358.130149502,0.8126275964457791
B2,past,88,4,1,B0,maintenance,0,363,54620.465422402835,173149.37406623975,342623.0459221799,0.425855383412713
B2,past,88,4,1,B0,maintenance,1,363,75071.1832256713,79090.46337213257,186249.56476187296,0.3946570568170276
B2,past,88,4,1,B0,maintenance,2,363,78983.35521136936,278809.49685661093,371290.76632518676,0.39434893322243786
B2,past,88,4,1,B0,retrieval,0,277,59885.18445158451,4003.1336388901523,94235.70665482861,0.46690243278136967
B2,past,88,4,1,B0,retrieval,1,277,62297.266329131024,36859.58488497391,3098.276544077463,0.32750324053496377
B2,past,88,4,1,B0,retrieval,2,277,134613.27393317063,4394.171950318363,44112.72737354105,0.6720985811638994
B2,past,89,4,-1,B0,encoding,0,205,55590.48062866127,21960.861416727483,21186.61891386961,0.43341822994620166
B2,past,89,4,-1,B0,encoding,1,205,66816.14059528933,49483.77445206315,52798.1196117609,0.3512594348745035
B2,past,89,4,-1,B0,encoding,2,205,68957.96015845906,55843.524444448005,66720.35143346692,0.34429403452044405
B2,past,89,4,-1,B0,maintenance,0,362,60460.128796777295,422127.4403421611,670101.797987061,0.47138505925973406
B2,past,89,4,-1,B0,maintenance,1,362,129242.54364525556,921164.167791096,1301234.511910672,0.6794415606485424
B2,past,89,4,-1,B0,maintenance,2,362,228943.14766698348,598589.5285450328,735982.0399496182,1.1430697747576317
B2,past,89,4,-1,B0,retrieval,0,302,39640.25678043697,514432.6813117635,981302.0421658164,0.3090602875545539
B2,past,89,4,-1,B0,retrieval,1,302,55751.02471178866,380650.02112753975,689741.0872404203,0.2930889641255037
B2,past,89,4,-1,B0,retrieval,2,302,52109.61146616813,313356.9938432067,548340.585037371,0.26017342055584275
B2,past,90,4,1,B0,encoding,0,205,26044.385926627183,83539.48067947186,80164.32547643235,0.20305835676719453
B2,past,90,4,1,B0,encoding,1,205,43253.87313558516,67750.98239474738,54972.2197297919,0.22739013206054995
B2,past,90,4,1,B0,encoding,2,205,5513.417060163928,64213.53974480631,80235.33350501709,0.027527447147156197
B2,past,90,4,1,B0,maintenance,0,363,186341.5091305156,464957.53038006986,256261.62678193857,1.4528352001909464
B2,past,90,4,1,B0,maintenance,1,363,116894.94855611541,257590.63413116417,106315.090954958,0.6145289626680429
B2,past,90,4,1,B0,maintenance,2,363,74196.99099268136,394139.9532436497,292257.3839372978,0.37045152320987906
B2,past,90,4,1,B0,retrieval,0,300,102053.27074349878,376555.19600756554,115599.61548525607,0.7956712635987315
B2,past,90,4,1,B0,retrieval,1,300,25641.895403974988,135552.5663489527,23831.260393397893,0.13480212428411933
B2,past,90,4,1,B0,retrieval,2,300,22730.970326066992,314386.6873260914,139215.0760697515,0.11349142962092201
B2,past,91,4,-1,B0,encoding,0,205,31861.91653238288,51690.79638320035,49008.752280185516,0.24841547167770128
B2,past,91,4,-1,B0,encoding,1,205,105713.66829715336,80870.95182159366,67510.20351170273,0.555747803655495
B2,past,91,4,-1,B0,encoding,2,205,34548.29476019366,90932.23220046324,109987.18013206587,0.1724930923341627
B2,past,91,4,-1,B0,maintenance,0,362,142865.07344139414,71280.57764371764,175180.2611228325,1.1138656574265764
B2,past,91,4,-1,B0,maintenance,1,362,339602.9620644508,396459.1317249977,641247.2750354587,1.7853282675964153
B2,past,91,4,-1,B0,maintenance,2,362,392407.44473334646,168508.503078169,237538.59780887546,1.9592160500781421
B2,past,91,4,-1,B0,retrieval,0,269,109058.52322776994,35329.75549077395,182461.58710644883,0.8502886027136884
B2,past,91,4,-1,B0,retrieval,1,269,62366.82188227307,75010.0404405095,204708.03638485583,0.32786890134792573
B2,past,91,4,-1,B0,retrieval,2,269,221709.87761814118,51076.27843478488,146919.0589665973,1.106955427375993
B2,past,92,4,-1,B0,encoding,0,205,5737.132780652568,2782.325406541682,2374.375093181113,0.044730283074306425
B2,past,92,4,-1,B0,encoding,1,205,9556.928122297499,5266.01539777558,4207.64962937946,0.05024177004936351
B2,past,92,4,-1,B0,encoding,2,205,7908.382043023969,4349.507529220251,7534.283328052127,0.03948505370322717
B2,past,92,4,-1,B0,maintenance,0,363,21159.480607005225,11911.764202318956,17974.562374968194,0.16497257313765448
B2,past,92,4,-1,B0,maintenance,1,363,24937.55267603884,29155.346469094624,80223.23013791106,0.1310993209439596
B2,past,92,4,-1,B0,maintenance,2,363,27800.860218219386,20231.1959791721,17810.052796999054,0.13880442962168324
B2,past,92,4,-1,B0,retrieval,0,346,4105.893006582521,4010.3291977213958,96382.48603629472,0.03201211536825563
B2,past,92,4,-1,B0,retrieval,1,346,16698.068931615333,17111.869840221232,83729.91537042556,0.08778349369116697
B2,past,92,4,-1,B0,retrieval,2,346,11572.377064440785,9910.85826155746,51259.935999444366,0.057778686889122244
B2,past,93,4,1,B0,encoding,0,205,2065.8709540580808,3465.286993479003,2946.6417718472253,0.016106824803084757
B2,past,93,4,1,B0,encoding,1,205,6922.250334480184,32360.97976066476,24180.804777159643,0.03639099353668414
B2,past,93,4,1,B0,encoding,2,205,1829.4552407586143,6782.871493310731,12015.07933127092,0.009134123520590936
B2,past,93,4,1,B0,maintenance,0,362,2186.8794098103826,54771.028774309576,3955.8621461381363,0.0170502825697306
B2,past,93,4,1,B0,maintenance,1,362,42483.998982473844,175063.69117011895,55491.84740148881,0.22334282316876053
B2,past,93,4,1,B0,maintenance,2,362,5803.338647457213,72569.26372904993,33005.404066499395,0.02897497072172834
B2,past,93,4,1,B0,retrieval,0,271,2494.387792223657,77225.66371745078,114.58698025904454,0.01944781065892768
B2,past,93,4,1,B0,retrieval,1,271,18788.636425518715,157182.94384203223,31637.338408732492,0.09877382551717613
B2,past,93,4,1,B0,retrieval,2,271,5096.616894958595,90665.91640260139,12799.453963312937,0.025446442863711945
B2,past,94,4,-1,B0,encoding,0,205,17772.798652821373,19281.335454496322,20883.259801310574,0.13856787792053277
B2,past,94,4,-1,B0,encoding,1,205,29589.597264301014,9132.558055776008,14691.113163429744,0.15555560558604456
B2,past,94,4,-1,B0,encoding,2,205,9172.581654153571,10996.750160620546,6110.438602605862,0.04579696292378426
B2,past,94,4,-1,B0,maintenance,0,363,11709.858102539893,16318.657347242372,13566.03340385396,0.09129739326461818
B2,past,94,4,-1,B0,maintenance,1,363,6716.559115806354,38206.15872146473,7321.773461950949,0.035309653300832335
B2,past,94,4,-1,B0,maintenance,2,363,69479.23978212307,85958.50463539505,45628.46796850922,0.34689668495169484
B2,past,94,4,-1,B0,retrieval,0,378,16157.013744952033,31779.91390841244,9780.337192711233,0.12597020603817363
B2,past,94,4,-1,B0,retrieval,1,378,5910.707936554456,67237.0631765809,1851.3175419504698,0.03107320942222659
B2,past,94,4,-1,B0,retrieval,2,378,58479.72636079201,95958.97223906337,15056.157386992092,0.29197819773296746
B2,past,95,4,1,B0,encoding,0,205,3812.6746328955937,2343.4058892031276,2704.2496763032345,0.029726001143771507
B2,past,95,4,1,B0,encoding,1,205,1975.6106014843144,1413.9888135174324,3212.417652518127,0.010385991427023292
B2,past,95,4,1,B0,encoding,2,205,5829.523646619223,3505.513276756675,2814.393566292711,0.02910570746313842
B2,past,95,4,1,B0,maintenance,0,362,45306.53951733977,64514.28148941621,17332.5629617917,0.3532381792804428
B2,past,95,4,1,B0,maintenance,1,362,91779.15648282242,110436.99100713676,42835.18966764738,0.48249261858275744
B2,past,95,4,1,B0,maintenance,2,362,79541.40173663858,112935.09355687816,69191.83454939253,0.3971351538297984
B2,past,95,4,1,B0,retrieval,0,265,46266.15855090556,43748.87726604736,103283.61165802888,0.3607199707355132
B2,past,95,4,1,B0,retrieval,1,265,98963.61112459828,84039.82267316035,172257.47246434537,0.5202620475690465
B2,past,95,4,1,B0,retrieval,2,265,98116.44305901299,83718.12181715561,125689.82544970626,0.4898768170629987
B2,past,96,4,1,B0,encoding,0,205,8401.737412430202,10438.103197558074,9276.68384106873,0.06550521090279648
B2,past,96,4,1,B0,encoding,1,205,10871.139491917438,29968.95465373305,22035.282829884804,0.05715071658362194
B2,past,96,4,1,B0,encoding,2,205,21224.422316749427,20275.966789927465,29605.799132974713,0.10596952074869355
B2,past,96,4,1,B0,maintenance,0,363,70675.08964399819,66208.02935847294,166849.45164099048,0.5510272965511596
B2,past,96,4,1,B0,maintenance,1,363,203820.76655627968,125963.64197666262,269531.9676164095,1.0715070735662098
B2,past,96,4,1,B0,maintenance,2,363,73248.15600195304,85171.02253119617,131789.45183407402,0.365714169809324
B2,past,96,4,1,B0,retrieval,0,410,61869.38270544871,67858.01175867893,270086.19530073705,0.48237248602298133
B2,past,96,4,1,B0,retrieval,1,410,62229.54666275724,38601.768321869844,122265.38901701754,0.3271472311706332
B2,past,96,4,1,B0,retrieval,2,410,45442.52506131559,59725.9734642706,161739.6634924029,0.2268859208741762
B2,past,97,4,-1,B0,encoding,0,205,26505.847100460098,31812.950798905436,33747.73150499394,0.20665619731272922
B2,past,97,4,-1,B0,encoding,1,205,29310.80256039165,36410.25644647611,46120.07505861482,0.15408995268737788
B2,past,97,4,-1,B0,encoding,2,205,38599.89375058662,46828.879236018765,36294.56219815773,0.19272195872545247
B2,past,97,4,-1,B0,maintenance,0,363,16611.35009744413,34088.34842580002,130244.08296635722,0.12951249701084444
B2,past,97,4,-1,B0,maintenance,1,363,16736.516974145088,28456.50339623743,116541.75393185446,0.08798561906941706
B2,past,97,4,-1,B0,maintenance,2,363,21049.975048127828,46846.52729613001,92004.64369471474,0.10509853857655872
B2,past,97,4,-1,B0,retrieval,0,410,19759.5189065327,27959.36503731415,148123.02281311355,0.15405759425368992
B2,past,97,4,-1,B0,retrieval,1,410,49051.56297025065,55354.74551902468,129032.78417315173,0.25786919350825394
B2,past,97,4,-1,B0,retrieval,2,410,32270.836749590955,43056.668458880384,114363.57119803321,0.1611221758349002
B2,past,98,4,-1,B0,encoding,0,205,10500.25863213029,12466.798340151881,13654.431069968014,0.08186659764133848
B2,past,98,4,-1,B0,encoding,1,205,20304.084904090963,11182.94017072847,16735.462918778256,0.10674069656692728
B2,past,98,4,-1,B0,encoding,2,205,11763.13096240987,15717.325560617528,10442.399100721783,0.05873108497313402
B2,past,98,4,-1,B0,maintenance,0,363,9391.152108347032,17427.36738272704,95793.01622513721,0.07321930801686129
B2,past,98,4,-1,B0,maintenance,1,363,22143.140128546172,11831.933594614904,85231.14079771467,0.11640880210385027
B2,past,98,4,-1,B0,maintenance,2,363,2860.6354668167373,12066.96067888324,39229.45819162107,0.014282611085063993
B2,past,98,4,-1,B0,retrieval,0,327,4799.014202648569,18631.372748349575,167016.0587276351,0.03741612264683734
B2,past,98,4,-1,B0,retrieval,1,327,7786.670444488923,6110.784270507304,82579.46952733846,0.04093534040602774
B2,past,98,4,-1,B0,retrieval,2,327,3101.1913748373872,10633.051112223688,82338.3985034974,0.01548366117282531
B2,past,99,4,1,B0,encoding,0,205,4656.3172943467,19646.461354626797,18115.762084988903,0.03630356811024093
B2,past,99,4,1,B0,encoding,1,205,419.25271666583836,65088.16033552193,53139.94905267779,0.002204055352697598
B2,past,99,4,1,B0,encoding,2,205,11262.493281368696,15660.792859200339,23631.289193355624,0.05623149585184123
B2,past,99,4,1,B0,maintenance,0,363,15072.802776129347,321811.7821128379,155093.46323775843,0.11751701776418873
B2,past,99,4,1,B0,maintenance,1,363,43246.97052862817,538709.4956259105,306094.9378059698,0.22735384433430186
B2,past,99,4,1,B0,maintenance,2,363,29942.3580216832,394745.6788107653,293810.05164598144,0.14949652255739318
B2,past,99,4,1,B0,retrieval,0,299,86651.86157072094,701630.0293051165,317795.06745367387,0.6755922244025684
B2,past,99,4,1,B0,retrieval,1,299,157896.28331833665,1036944.4100820302,641578.2229400917,0.8300772650597189
B2,past,99,4,1,B0,retrieval,2,299,153967.2131033336,886773.7543819387,568772.0744499714,0.7687291338288375
B2,past,84,4,-1,N0,encoding,0,205,2247.3026261760106,3643.5765457786324,4155.658341341507,0.017521379836541146
B2,past,84,4,-1,N0,encoding,1,205,3470.2937089591906,10316.948798843428,15722.95897829158,0.01824369675047484
B2,past,84,4,-1,N0,encoding,2,205,5897.911551671941,7786.51344167974,5023.324397538867,0.02944715532048362
B2,past,84,4,-1,N0,maintenance,0,363,184.9300733043657,1123.5336000614247,43165.974755836025,0.001441830761831456
B2,past,84,4,-1,N0,maintenance,1,363,280.00481741194204,4970.74185785398,63995.98204414559,0.001472014591833391
B2,past,84,4,-1,N0,maintenance,2,363,215.4707929341983,972.1495371277161,14102.447711714773,0.0010758048592238415
B2,past,84,4,-1,N0,retrieval,0,329,3567.0009753628983,1957.0803263008747,69480.10511105499,0.027810575326471913
B2,past,84,4,-1,N0,retrieval,1,329,14814.886060571442,5883.083495137616,39187.45830319436,0.07788340450381187
B2,past,84,4,-1,N0,retrieval,2,329,6370.5896125963245,7117.258069855308,22157.153141227085,0.03180714735405008
B2,past,85,4,-1,N0,encoding,0,205,74563.08997471652,107877.90487493941,111851.6263301532,0.5813405840477488
B2,past,85,4,-1,N0,encoding,1,205,575085.2901228083,697781.2976793752,742586.8401311508,3.0232834793127705
B2,past,85,4,-1,N0,encoding,2,205,187027.0341823811,796886.7226634917,744715.6405475625,0.9337905589880766
B2,past,85,4,-1,N0,maintenance,0,362,33845.165194736925,15790.171313653325,16452.05021750787,0.26387812130871535
B2,past,85,4,-1,N0,maintenance,1,362,445757.1322985471,753140.8867133148,1096078.2500915837,2.343391835976619
B2,past,85,4,-1,N0,maintenance,2,362,70108.52347079435,881177.9352582654,1053015.5412249858,0.35003857922369297
B2,past,85,4,-1,N0,retrieval,0,374,87616.31868594798,46517.01124704496,20429.86688566906,0.6831117365746796
B2,past,85,4,-1,N0,retrieval,1,374,564980.6416362261,1030277.0772088162,1512380.1281052644,2.9701622860594643
B2,past,85,4,-1,N0,retrieval,2,374,126916.42571561883,1132222.9806057399,1560418.8961494989,0.633669675787015
B2,past,86,4,1,N0,encoding,0,205,21588.05427460905,1876.5082645314826,1514.5149771966976,0.16831400207141747
B2,past,86,4,1,N0,encoding,1,205,30056.533139818937,1701.6376516699047,2637.467920402648,0.15801033628877273
B2,past,86,4,1,N0,encoding,2,205,15035.163013320589,2286.4534374268374,3109.2849399534816,0.07506772128458471
B2,past,86,4,1,N0,maintenance,0,363,75612.44389483324,3844.6648069341486,22233.894840142595,0.5895220049223439
B2,past,86,4,1,N0,maintenance,1,363,53474.70688536096,12741.245389073098,81663.08433315763,0.28112212338639453
B2,past,86,4,1,N0,maintenance,2,363,40008.75860993594,9006.05773377622,28631.951485463276,0.19975615413095493
B2,past,86,4,1,N0,retrieval,0,304,41099.307578059015,8443.392998149324,133527.87274086097,0.32043596207572184
B2,past,86,4,1,N0,retrieval,1,304,21684.933742361663,72513.50776471119,238507.92759987223,0.11399996323897263
B2,past,86,4,1,N0,retrieval,2,304,5832.918930888996,67832.92913054614,200715.16156190363,0.029122659474434837
B2,past,87,4,-1,N0,encoding,0,205,2715.8071207673065,8486.039866205658,7634.311067690225,0.02117413452531617
B2,past,87,4,-1,N0,encoding,1,205,2657.2459736821306,29355.19562111095,22431.415667501915,0.013969419824645488
B2,past,87,4,-1,N0,encoding,2,205,4247.739339360955,39561.33740287749,51301.055750891755,0.02120815800495206
B2,past,87,4,-1,N0,maintenance,0,362,7806.596692217209,167538.7092857068,56863.282372390895,0.060865120826103875
B2,past,87,4,-1,N0,maintenance,1,362,3052.5198278384923,206997.68209803998,76229.05127886315,0.01604741579080908
B2,past,87,4,-1,N0,maintenance,2,362,43073.17351026208,288713.3139699583,202064.8914006089,0.2150561973319636
B2,past,87,4,-1,N0,retrieval,0,275,84847.05205693586,482109.61513066594,179197.7806342297,0.6615207982157711
B2,past,87,4,-1,N0,retrieval,1,275,136465.26655338638,769543.1688640442,437874.3191580352,0.7174121699109403
B2,past,87,4,-1,N0,retrieval,2,275,179433.43629159508,691463.7356897183,417614.7139630823,0.8958771629372516
B2,past,88,4,1,N0,encoding,0,205,79246.64216525687,171703.57999798714,176547.92681004872,0.6178564924789857
B2,past,88,4,1,N0,encoding,1,205,197118.2677393047,192606.4929595284,216254.64087057317,1.0362713367259464
B2,past,88,4,1,N0,encoding,2,205,156641.56100088148,375634.5437094256,340358.130149502,0.7820816463631727
B2,past,88,4,1,N0,maintenance,0,363,58833.632610117435,173149.37406623975,342623.0459221799,0.4587038755343157
B2,past,88,4,1,N0,maintenance,1,363,83587.31063051157,79090.46337213257,186249.56476187296,0.4394272287080147
B2,past,88,4,1,N0,maintenance,2,363,83090.42537754148,278809.49685661093,371290.76632518676,0.4148547566882222
B2,past,88,4,1,N0,retrieval,0,277,60207.15434864485,4003.1336388901523,94235.70665482861,0.469412711902934
B2,past,88,4,1,N0,retrieval,1,277,62659.90624495458,36859.58488497391,3098.276544077463,0.3294096764763431
B2,past,88,4,1,N0,retrieval,2,277,135415.85385807155,4394.171950318363,44112.72737354105,0.6761057107213034
B2,past,89,4,-1,N0,encoding,0,205,60330.465158638515,21960.861416727483,21186.61891386961,0.4703741202663136
B2,past,89,4,-1,N0,encoding,1,205,72049.49724369428,49483.77445206315,52798.1196117609,0.3787717377767314
B2,past,89,4,-1,N0,encoding,2,205,70151.4719783014,55843.524444448005,66720.35143346692,0.35025301298728245
B2,past,89,4,-1,N0,maintenance,0,362,62092.58778178842,422127.4403421611,670101.797987061,0.4841127326984578
B2,past,89,4,-1,N0,maintenance,1,362,134309.29296068632,921164.167791096,1301234.511910672,0.7060779913871724
B2,past,89,4,-1,N0,maintenance,2,362,230762.8536681997,598589.5285450328,735982.0399496182,1.152155222171681
B2,past,89,4,-1,N0,retrieval,0,302,39516.717568946995,514432.6813117635,981302.0421658164,0.30809709842995175
B2,past,89,4,-1,N0,retrieval,1,302,56444.954948114886,380650.02112753975,689741.0872404203,0.29673702790893414
B2,past,89,4,-1,N0,retrieval,2,302,50534.477215174695,313356.9938432067,548340.585037371,0.25230907356907445
B2,past,90,4,1,N0,encoding,0,205,29543.208604265772,83539.48067947186,80164.32547643235,0.23033737135185875
B2,past,90,4,1,N0,encoding,1,205,51486.28732224692,67750.98239474738,54972.2197297919,0.27066879390926385
B2,past,90,4,1,N0,encoding,2,205,7452.03565697513,64213.53974480631,80235.33350501709,0.03720660262911566
B2,past,90,4,1,N0,maintenance,0,363,179552.61599186066,464957.53038006986,256261.62678193857,1.399904734143983
B2,past,90,4,1,N0,maintenance,1,363,107247.90746815783,257590.63413116417,106315.090954958,0.5638134593394054
B2,past,90,4,1,N0,maintenance,2,363,70275.19302183778,394139.9532436497,292257.3839372978,0.35087072872504993
B2,past,90,4,1,N0,retrieval,0,300,102768.60370275773,376555.19600756554,115599.61548525607,0.8012484477050397
B2,past,90,4,1,N0,retrieval,1,300,25701.385925716175,135552.5663489527,23831.260393397893,0.13511487217498855
B2,past,90,4,1,N0,retrieval,2,300,23421.759504214137,314386.6873260914,139215.0760697515,0.11694040915281102
B2,past,91,4,-1,N0,encoding,0,205,35566.49337183386,51690.79638320035,49008.752280185516,0.27729867467031416
B2,past,91,4,-1,N0,encoding,1,205,112160.64550107656,80870.95182159366,67510.20351170273,0.5896402366682831
B2,past,91,4,-1,N0,encoding,2,205,35409.01575236493,90932.23220046324,109987.18013206587,0.17679050922860282
B2,past,91,4,-1,N0,maintenance,0,362,145652.23093468332,71280.57764371764,175180.2611228325,1.135596084177013
B2,past,91,4,-1,N0,maintenance,1,362,344270.80775523774,396459.1317249977,641247.2750354587,1.8098676202860382
B2,past,91,4,-1,N0,maintenance,2,362,393623.78614619374,168508.503078169,237538.59780887546,1.9652890123789577
B2,past,91,4,-1,N0,retrieval,0,269,107758.87527519556,35329.75549077395,182461.58710644883,0.8401557326829233
B2,past,91,4,-1,N0,retrieval,1,269,63028.802361942784,75010.0404405095,204708.03638485583,0.3313490019211566
B2,past,91,4,-1,N0,retrieval,2,269,218928.56223808433,51076.27843478488,146919.0589665973,1.0930688464609966
B2,past,92,4,-1,N0,encoding,0,205,6368.906055749245,2782.325406541682,2374.375093181113,0.04965598350940105
B2,past,92,4,-1,N0,encoding,1,205,9806.009100894707,5266.01539777558,4207.64962937946,0.051551214788322454
B2,past,92,4,-1,N0,encoding,2,205,7984.75124192389,4349.507529220251,7534.283328052127,0.03986635064910445
B2,past,92,4,-1,N0,maintenance,0,363,19097.064479329245,11911.764202318956,17974.562374968194,0.14889268432645839
B2,past,92,4,-1,N0,maintenance,1,363,23754.4394648343,29155.346469094624,80223.23013791106,0.1248795711311492
B2,past,92,4,-1,N0,maintenance,2,363,27245.835118702948,20231.1959791721,17810.052796999054,0.13603329442085196
B2,past,92,4,-1,N0,retrieval,0,346,4074.5035012540943,4010.3291977213958,96382.48603629472,0.031767383110421564
B2,past,92,4,-1,N0,retrieval,1,346,17493.745689351934,17111.869840221232,83729.91537042556,0.09196644957241464
B2,past,92,4,-1,N0,retrieval,2,346,10754.742188977938,9910.85826155746,51259.935999444366,0.053696390814951124
B2,past,93,4,1,N0,encoding,0,205,1650.2463225315985,3465.286993479003,2946.6417718472253,0.012866354670769076
B2,past,93,4,1,N0,encoding,1,205,9817.607608331593,32360.97976066476,24180.804777159643,0.051612189354218845
B2,past,93,4,1,N0,encoding,2,205,1619.1593242432073,6782.871493310731,12015.07933127092,0.008084155839211052
B2,past,93,4,1,N0,maintenance,0,362,1576.9097948620881,54771.028774309576,3955.8621461381363,0.012294577135236639
B2,past,93,4,1,N0,maintenance,1,362,36724.21754972802,175063.69117011895,55491.84740148881,0.19306305015221492
B2,past,93,4,1,N0,maintenance,2,362,4738.031351334278,72569.26372904993,33005.404066499395,0.02365609316004574
B2,past,93,4,1,N0,retrieval,0,271,2618.8673115133756,77225.66371745078,114.58698025904454,0.02041833101250216
B2,past,93,4,1,N0,retrieval,1,271,18911.08364124968,157182.94384203223,31637.338408732492,0.09941754332871709
B2,past,93,4,1,N0,retrieval,2,271,5484.66910022757,90665.91640260139,12799.453963312937,0.027383914028021344
B2,past,94,4,-1,N0,encoding,0,205,16408.67887322953,19281.335454496322,20883.259801310574,0.12793234511672985
B2,past,94,4,-1,N0,encoding,1,205,27236.238495972695,9132.558055776008,14691.113163429744,0.14318375256288082
B2,past,94,4,-1,N0,encoding,2,205,8928.68205597699,10996.750160620546,6110.438602605862,0.04457921842436508
B2,past,94,4,-1,N0,maintenance,0,363,10974.149725466237,16318.657347242372,13566.03340385396,0.08556134963013567
B2,past,94,4,-1,N0,maintenance,1,363,6531.899399086399,38206.15872146473,7321.773461950949,0.03433887786900934
B2,past,94,4,-1,N0,maintenance,2,363,68851.0490653954,85958.50463539505,45628.46796850922,0.3437602476816036
B2,past,94,4,-1,N0,retrieval,0,378,16439.71100758979,31779.91390841244,9780.337192711233,0.12817429108650333
B2,past,94,4,-1,N0,retrieval,1,378,6181.219289638853,67237.0631765809,1851.3175419504698,0.032495315879813004
B2,past,94,4,-1,N0,retrieval,2,378,58780.32620972864,95958.97223906337,15056.157386992092,0.29347903584547547
B2,past,95,4,1,N0,encoding,0,205,3657.668102794147,2343.4058892031276,2704.2496763032345,0.02851747308020887
B2,past,95,4,1,N0,encoding,1,205,2264.4676499584384,1413.9888135174324,3212.417652518127,0.011904543122804595
B2,past,95,4,1,N0,encoding,2,205,5727.340824528104,3505.513276756675,2814.393566292711,0.02859552798573519
B2,past,95,4,1,N0,maintenance,0,362,43348.702363926735,64514.28148941621,17332.5629617917,0.33797365370054194
B2,past,95,4,1,N0,maintenance,1,362,87353.40489180137,110436.99100713676,42835.18966764738,0.45922597987979424
B2,past,95,4,1,N0,maintenance,2,362,77086.74837601802,112935.09355687816,69191.83454939253,0.38487953450847273
B2,past,95,4,1,N0,retrieval,0,265,46248.65742079662,43748.87726604736,103283.61165802888,0.360583520955837
B2,past,95,4,1,N0,retrieval,1,265,96527.5504332766,84039.82267316035,172257.47246434537,0.5074554218925259
B2,past,95,4,1,N0,retrieval,2,265,99423.77141104764,83718.12181715561,125689.82544970626,0.4964040599183657
B2,past,96,4,1,N0,encoding,0,205,10556.223405798472,10438.103197558074,9276.68384106873,0.08230293409441995
B2,past,96,4,1,N0,encoding,1,205,16629.952317427145,29968.95465373305,22035.282829884804,0.08742539753068636
B2,past,96,4,1,N0,encoding,2,205,24301.10750405386,20275.966789927465,29605.799132974713,0.12133082716860782
B2,past,96,4,1,N0,maintenance,0,363,73329.51282656241,66208.02935847294,166849.45164099048,0.5717228434200597
B2,past,96,4,1,N0,maintenance,1,363,214314.2502167892,125963.64197666262,269531.9676164095,1.12667241397073
B2,past,96,4,1,N0,maintenance,2,363,75392.52955740552,85171.02253119617,131789.45183407402,0.37642062083004957
B2,past,96,4,1,N0,retrieval,0,410,61793.24992898819,67858.01175867893,270086.19530073705,0.48177890717924304
B2,past,96,4,1,N0,retrieval,1,410,63365.31259923948,38601.768321869844,122265.38901701754,0.3331180714113907
B2,past,96,4,1,N0,retrieval,2,410,44331.5658690313,59725.9734642706,161739.6634924029,0.2213391120413715
B2,past,97,4,-1,N0,encoding,0,205,25099.549287387777,31812.950798905436,33747.73150499394,0.19569181812359224
B2,past,97,4,-1,N0,encoding,1,205,27776.678687927757,36410.25644647611,46120.07505861482,0.14602490313994648
B2,past,97,4,-1,N0,encoding,2,205,38196.17178599179,46828.879236018765,36294.56219815773,0.1907062514206618
B2,past,97,4,-1,N0,maintenance,0,363,18715.71217537569,34088.34842580002,130244.08296635722,0.14591942274108832
B2,past,97,4,-1,N0,maintenance,1,363,18674.162539014247,28456.50339623743,116541.75393185446,0.09817202433076812
B2,past,97,4,-1,N0,maintenance,2,363,21687.5078028314,46846.52729613001,92004.64369471474,0.10828161887289345
B2,past,97,4,-1,N0,retrieval,0,410,19892.281742043226,27959.36503731415,148123.02281311355,0.15509269653233335
B2,past,97,4,-1,N0,retrieval,1,410,47945.82253248804,55354.74551902468,129032.78417315173,0.2520562004525945
B2,past,97,4,-1,N0,retrieval,2,410,33295.29064220636,43056.668458880384,114363.57119803321,0.16623708009045285
B2,past,98,4,-1,N0,encoding,0,205,10078.426492961296,12466.798340151881,13654.431069968014,0.0785777298887042
B2,past,98,4,-1,N0,encoding,1,205,19168.590705881565,11182.94017072847,16735.462918778256,0.10077128488267277
B2,past,98,4,-1,N0,encoding,2,205,11674.336862805429,15717.325560617528,10442.399100721783,0.0582877528512996
B2,past,98,4,-1,N0,maintenance,0,363,10870.830616328492,17427.36738272704,95793.01622513721,0.08475580909701405
B2,past,98,4,-1,N0,maintenance,1,363,24458.68162904066,11831.933594614904,85231.14079771467,0.12858184579727025
B2,past,98,4,-1,N0,maintenance,2,363,3091.0000565642003,12066.96067888324,39229.45819162107,0.015432777850910122
B2,past,98,4,-1,N0,retrieval,0,327,4775.548310473474,18631.372748349575,167016.0587276351,0.03723316784350371
B2,past,98,4,-1,N0,retrieval,1,327,8152.52776276994,6110.784270507304,82579.46952733846,0.042858690568415785
B2,past,98,4,-1,N0,retrieval,2,327,2718.659184193969,10633.051112223688,82338.3985034974,0.013573750396057497
B2,past,99,4,1,N0,encoding,0,205,4091.8631812206686,19646.461354626797,18115.762084988903,0.03190273005612984
B2,past,99,4,1,N0,encoding,1,205,1422.3105238323606,65088.16033552193,53139.94905267779,0.00747723508670653
B2,past,99,4,1,N0,encoding,2,205,10196.238777043414,15660.792859200339,23631.289193355624,0.05090788905900436
B2,past,99,4,1,N0,maintenance,0,363,13699.885022618751,321811.7821128379,155093.46323775843,0.10681289044132684
B2,past,99,4,1,N0,maintenance,1,363,38523.04128037501,538709.4956259105,306094.9378059698,0.2025196545211068
B2,past,99,4,1,N0,maintenance,2,363,28174.16944864876,394745.6788107653,293810.05164598144,0.14066829190491936
B2,past,99,4,1,N0,retrieval,0,299,87601.09639286653,701630.0293051165,317795.06745367387,0.6829930540367976
B2,past,99,4,1,N0,retrieval,1,299,159083.93106760198,1036944.4100820302,641578.2229400917,0.8363208534130744
B2,past,99,4,1,N0,retrieval,2,299,155488.5623936106,886773.7543819387,568772.0744499714,0.7763249426935523
B2,past,84,4,-1,N1,encoding,0,205,914.1039728727397,3643.5765457786324,4155.658341341507,0.0071269275140072585
B2,past,84,4,-1,N1,encoding,1,205,1097.8046418314802,10316.948798843428,15722.95897829158,0.00577127374698321
B2,past,84,4,-1,N1,encoding,2,205,2259.550931459788,7786.51344167974,5023.324397538867,0.011281509844680156
B2,past,84,4,-1,N1,maintenance,0,363,1901.3682829990385,1123.5336000614247,43165.974755836025,0.014824258872631692
B2,past,84,4,-1,N1,maintenance,1,363,542.4039551082097,4970.74185785398,63995.98204414559,0.0028514742852184085
B2,past,84,4,-1,N1,maintenance,2,363,1304.6319559142578,972.1495371277161,14102.447711714773,0.006513780260231748
B2,past,84,4,-1,N1,retrieval,0,329,3228.076469928821,1957.0803263008747,69480.10511105499,0.02516810745122759
B2,past,84,4,-1,N1,retrieval,1,329,13223.081112982238,5883.083495137616,39187.45830319436,0.06951511951549809
B2,past,84,4,-1,N1,retrieval,2,329,5836.597020863877,7117.258069855308,22157.153141227085,0.029141023481053817
B2,past,85,4,-1,N1,encoding,0,205,58343.964884750705,107877.90487493941,111851.6263301532,0.4548861190337394
B2,past,85,4,-1,N1,encoding,1,205,544884.9055997817,697781.2976793752,742586.8401311508,2.864516901266822
B2,past,85,4,-1,N1,encoding,2,205,165258.55138669073,796886.7226634917,744715.6405475625,0.8251046473124
B2,past,85,4,-1,N1,maintenance,0,362,23514.275615438848,15790.171313653325,16452.05021750787,0.18333203096028117
B2,past,85,4,-1,N1,maintenance,1,362,461239.2590140157,753140.8867133148,1096078.2500915837,2.4247829943446364
B2,past,85,4,-1,N1,maintenance,2,362,77646.15184191824,881177.9352582654,1053015.5412249858,0.38767253006340124
B2,past,85,4,-1,N1,retrieval,0,374,81039.6181705465,46517.01124704496,20429.86688566906,0.6318356572165539
B2,past,85,4,-1,N1,retrieval,1,374,583896.3360224436,1030277.0772088162,1512380.1281052644,3.0696040685564023
B2,past,85,4,-1,N1,retrieval,2,374,132851.1683580204,1132222.9806057399,1560418.8961494989,0.6633007217677496
B2,past,86,4,1,N1,encoding,0,205,36527.07269775413,1876.5082645314826,1514.5149771966976,0.2847879531664714
B2,past,86,4,1,N1,encoding,1,205,42541.03457737514,1701.6376516699047,2637.467920402648,0.22364266525263823
B2,past,86,4,1,N1,encoding,2,205,28337.073382173174,2286.4534374268374,3109.2849399534816,0.14148164039120706
B2,past,86,4,1,N1,maintenance,0,363,59989.0550808181,3844.6648069341486,22233.894840142595,0.4677122733108399
B2,past,86,4,1,N1,maintenance,1,363,43433.639225187515,12741.245389073098,81663.08433315763,0.2283351811831234
B2,past,86,4,1,N1,maintenance,2,363,28711.142872622062,9006.05773377622,28631.951485463276,0.14334929850872835
B2,past,86,4,1,N1,retrieval,0,304,27409.247735322686,8443.392998149324,133527.87274086097,0.21369967489497813
B2,past,86,4,1,N1,retrieval,1,304,14900.144555740995,72513.50776471119,238507.92759987223,0.0783316173243174
B2,past,86,4,1,N1,retrieval,2,304,2721.4208661626494,67832.92913054614,200715.16156190363,0.013587538951068035
B2,past,87,4,-1,N1,encoding,0,205,1148.9765325217577,8486.039866205658,7634.311067690225,0.008958141202300613
B2,past,87,4,-1,N1,encoding,1,205,2064.7283339091337,29355.19562111095,22431.415667501915,0.01085449266115543
B2,past,87,4,-1,N1,encoding,2,205,8699.415164167074,39561.33740287749,51301.055750891755,0.04343453225641852
B2,past,87,4,-1,N1,maintenance,0,362,5631.110477307234,167538.7092857068,56863.282372390895,0.0439036667448361
B2,past,87,4,-1,N1,maintenance,1,362,3586.2734608641485,206997.68209803998,76229.05127886315,0.01885341442868945
B2,past,87,4,-1,N1,maintenance,2,362,40028.11800065323,288713.3139699583,202064.8914006089,0.1998528119021622
B2,past,87,4,-1,N1,retrieval,0,275,68531.12738915636,482109.61513066594,179197.7806342297,0.53431162302115
B2,past,87,4,-1,N1,retrieval,1,275,127074.45939365718,769543.1688640442,437874.3191580352,0.6680437151251145
B2,past,87,4,-1,N1,retrieval,2,275,175191.53252762143,691463.7356897183,417614.7139630823,0.8746981408549577
B2,past,88,4,1,N1,encoding,0,205,56927.75922232684,171703.57999798714,176547.92681004872,0.44384449204102244
B2,past,88,4,1,N1,encoding,1,205,168512.40464487515,192606.4929595284,216254.64087057317,0.885887324492903
B2,past,88,4,1,N1,encoding,2,205,122061.61874118773,375634.5437094256,340358.130149502,0.6094305440580027
B2,past,88,4,1,N1,maintenance,0,363,57937.47695788346,173149.37406623975,342623.0459221799,0.4517168843776449
B2,past,88,4,1,N1,maintenance,1,363,80456.2349606247,79090.46337213257,186249.56476187296,0.42296683664473367
B2,past,88,4,1,N1,maintenance,2,363,74535.9045310128,278809.49685661093,371290.76632518676,0.372143654316971
B2,past,88,4,1,N1,retrieval,0,277,41788.493066909214,4003.1336388901523,94235.70665482861,0.32580928411402876
B2,past,88,4,1,N1,retrieval,1,277,50712.657905816275,36859.58488497391,3098.276544077463,0.2666017432056965
B2,past,88,4,1,N1,retrieval,2,277,119905.61617392935,4394.171950318363,44112.72737354105,0.5986660315838505
B2,past,89,4,-1,N1,encoding,0,205,69365.99699862953,21960.861416727483,21186.61891386961,0.5408207897756319
B2,past,89,4,-1,N1,encoding,1,205,73839.6381817496,49483.77445206315,52798.1196117609,0.3881826957974251
B2,past,89,4,-1,N1,encoding,2,205,72512.56563988896,55843.524444448005,66720.35143346692,0.36204150645142547
B2,past,89,4,-1,N1,maintenance,0,362,85512.98845229096,422127.4403421611,670101.797987061,0.6667128557491387
B2,past,89,4,-1,N1,maintenance,1,362,153017.9481107056,921164.167791096,1301234.511910672,0.8044313469792349
B2,past,89,4,-1,N1,maintenance,2,362,259752.17162061555,598589.5285450328,735982.0399496182,1.2968933961678106
B2,past,89,4,-1,N1,retrieval,0,302,57906.265794801344,514432.6813117635,981302.0421658164,0.45147354258774425
B2,past,89,4,-1,N1,retrieval,1,302,49471.81152373121,380650.02112753975,689741.0872404203,0.2600784840791735
B2,past,89,4,-1,N1,retrieval,2,302,56344.19349298672,313356.9938432067,548340.585037371,0.2813158865912493
B2,past,90,4,1,N1,encoding,0,205,46671.099895759384,83539.48067947186,80164.32547643235,0.36387714726886533
B2,past,90,4,1,N1,encoding,1,205,67677.1441908608,67750.98239474738,54972.2197297919,0.355785820770349
B2,past,90,4,1,N1,encoding,2,205,16070.734556623798,64213.53974480631,80235.33350501709,0.08023813386435256
B2,past,90,4,1,N1,maintenance,0,363,154496.34821762866,464957.53038006986,256261.62678193857,1.204550365824912
B2,past,90,4,1,N1,maintenance,1,363,93435.92769527754,257590.63413116417,106315.090954958,0.49120243801588337
B2,past,90,4,1,N1,maintenance,2,363,53213.41868208474,394139.9532436497,292257.3839372978,0.2656845209252189
B2,past,90,4,1,N1,retrieval,0,300,79992.30548664428,376555.19600756554,115599.61548525607,0.6236701510988919
B2,past,90,4,1,N1,retrieval,1,300,18494.49950363675,135552.5663489527,23831.260393397893,0.09722751697502621
B2,past,90,4,1,N1,retrieval,2,300,17058.205232978053,314386.6873260914,139215.0760697515,0.08516838792568783
B2,past,91,4,-1,N1,encoding,0,205,44307.054129505166,51690.79638320035,49008.752280185516,0.34544556474008525
B2,past,91,4,-1,N1,encoding,1,205,119058.9586901044,80870.95182159366,67510.20351170273,0.6259053901293629
B2,past,91,4,-1,N1,encoding,2,205,37434.68489522216,90932.23220046324,109987.18013206587,0.18690429159970637
B2,past,91,4,-1,N1,maintenance,0,362,162377.06916655245,71280.57764371764,175180.2611228325,1.2659934058158535
B2,past,91,4,-1,N1,maintenance,1,362,360080.87392382894,396459.1317249977,641247.2750354587,1.8929827906360508
B2,past,91,4,-1,N1,maintenance,2,362,414096.882294487,168508.503078169,237538.59780887546,2.067507303868779
B2,past,91,4,-1,N1,retrieval,0,269,117906.40167279835,35329.75549077395,182461.58710644883,0.9192722087386058
B2,past,91,4,-1,N1,retrieval,1,269,65318.12713051322,75010.0404405095,204708.03638485583,0.3433842215146233
B2,past,91,4,-1,N1,retrieval,2,269,220630.25618210618,51076.27843478488,146919.0589665973,1.1015650820248093
B2,past,92,4,-1,N1,encoding,0,205,14925.934277278655,2782.325406541682,2374.375093181113,0.1163719388930069
B2,past,92,4,-1,N1,encoding,1,205,15967.124619886112,5266.01539777558,4207.64962937946,0.08394084304455297
B2,past,92,4,-1,N1,encoding,2,205,15226.65832454537,4349.507529220251,7534.283328052127,0.07602382110455948
B2,past,92,4,-1,N1,maintenance,0,363,18158.652413862786,11911.764202318956,17974.562374968194,0.14157623568678004
B2,past,92,4,-1,N1,maintenance,1,363,29609.21855220525,29155.346469094624,80223.23013791106,0.15565875674741592
B2,past,92,4,-1,N1,maintenance,2,363,29552.90724990534,20231.1959791721,17810.052796999054,0.1475520686153916
B2,past,92,4,-1,N1,retrieval,0,346,5482.319957604499,4010.3291977213958,96382.48603629472,0.042743602594408785
B2,past,92,4,-1,N1,retrieval,1,346,17871.8262643646,17111.869840221232,83729.91537042556,0.09395405867304173
B2,past,92,4,-1,N1,retrieval,2,346,10369.693845184123,9910.85826155746,51259.935999444366,0.05177391736205963
B2,past,93,4,1,N1,encoding,0,205,1460.496644126849,3465.286993479003,2946.6417718472253,0.011386947246746095
B2,past,93,4,1,N1,encoding,1,205,18090.283628814792,32360.97976066476,24180.804777159643,0.09510251187158454
B2,past,93,4,1,N1,encoding,2,205,2832.3933081485347,6782.871493310731,12015.07933127092,0.014141603335862918
B2,past,93,4,1,N1,maintenance,0,362,1188.337685875954,54771.028774309576,3955.8621461381363,0.00926502542460793
B2,past,93,4,1,N1,maintenance,1,362,30306.311421745173,175063.69117011895,55491.84740148881,0.15932344682421604
B2,past,93,4,1,N1,maintenance,2,362,2843.9438568563974,72569.26372904993,33005.404066499395,0.0141992730379019
B2,past,93,4,1,N1,retrieval,0,271,512.095592437889,77225.66371745078,114.58698025904454,0.003992618209586908
B2,past,93,4,1,N1,retrieval,1,271,12957.309861338015,157182.94384203223,31637.338408732492,0.06811793226662816
B2,past,93,4,1,N1,retrieval,2,271,2873.0279070358824,90665.91640260139,12799.453963312937,0.014344484191965622
B2,past,94,4,-1,N1,encoding,0,205,7669.978925960582,19281.335454496322,20883.259801310574,0.05979996309117286
B2,past,94,4,-1,N1,encoding,1,205,20359.744739181173,9132.558055776008,14691.113163429744,0.10703330613768078
B2,past,94,4,-1,N1,encoding,2,205,4493.907671250673,10996.750160620546,6110.438602605862,0.022437229862105623
B2,past,94,4,-1,N1,maintenance,0,363,5601.565268637488,16318.657347242372,13566.03340385396,0.04367331377972017
B2,past,94,4,-1,N1,maintenance,1,363,3806.3885016664126,38206.15872146473,7321.773461950949,0.02001058220507898
B2,past,94,4,-1,N1,maintenance,2,363,59401.41059009126,85958.50463539505,45628.46796850922,0.2965799925240272
B2,past,94,4,-1,N1,retrieval,0,378,13757.040053819874,31779.91390841244,9780.337192711233,0.10725850688816391
B2,past,94,4,-1,N1,retrieval,1,378,5218.130087275754,67237.0631765809,1851.3175419504698,0.027432255278859213
B2,past,94,4,-1,N1,retrieval,2,378,55741.64204880585,95958.97223906337,15056.157386992092,0.2783074613529383
B2,past,95,4,1,N1,encoding,0,205,280.66947255534353,2343.4058892031276,2704.2496763032345,0.0021882751258702426
B2,past,95,4,1,N1,encoding,1,205,808.6282349020532,1413.9888135174324,3212.417652518127,0.004251043150422366
B2,past,95,4,1,N1,encoding,2,205,484.9628284060654,3505.513276756675,2814.393566292711,0.0024213275508830133
B2,past,95,4,1,N1,maintenance,0,362,31689.588283694775,64514.28148941621,17332.5629617917,0.24707189263914162
B2,past,95,4,1,N1,maintenance,1,362,71739.7075852662,110436.99100713676,42835.18966764738,0.37714314116250136
B2,past,95,4,1,N1,maintenance,2,362,58446.1436019806,112935.09355687816,69191.83454939253,0.2918105253787543
B2,past,95,4,1,N1,retrieval,0,265,50654.25815444367,43748.87726604736,103283.61165802888,0.3949323456149013
B2,past,95,4,1,N1,retrieval,1,265,101541.30464236389,84039.82267316035,172257.47246434537,0.533813251817947
B2,past,95,4,1,N1,retrieval,2,265,98033.83539401101,83718.12181715561,125689.82544970626,0.4894643726374315
B2,past,96,4,1,N1,encoding,0,205,20010.40680399944,10438.103197558074,9276.68384106873,0.15601367355369325
B2,past,96,4,1,N1,encoding,1,205,22536.986852736034,29968.95465373305,22035.282829884804,0.11847929549861327
B2,past,96,4,1,N1,encoding,2,205,40559.44588893787,20275.966789927465,29605.799132974713,0.2025056314155351
B2,past,96,4,1,N1,maintenance,0,363,106424.40927591556,66208.02935847294,166849.45164099048,0.8297513993368085
B2,past,96,4,1,N1,maintenance,1,363,253001.58892710027,125963.64197666262,269531.9676164095,1.3300557972537277
B2,past,96,4,1,N1,maintenance,2,363,108603.13765681225,85171.02253119617,131789.45183407402,0.5422348970230708
B2,past,96,4,1,N1,retrieval,0,410,88492.64608768022,67858.01175867893,270086.19530073705,0.689944134262501
B2,past,96,4,1,N1,retrieval,1,410,77059.11115244684,38601.768321869844,122265.38901701754,0.40510780171054
B2,past,96,4,1,N1,retrieval,2,410,55249.06364133337,59725.9734642706,161739.6634924029,0.2758481106581577
B2,past,97,4,-1,N1,encoding,0,205,14900.92748331849,31812.950798905436,33747.73150499394,0.11617697025355146
B2,past,97,4,-1,N1,encoding,1,205,20674.893742671844,36410.25644647611,46120.07505861482,0.10869007738907512
B2,past,97,4,-1,N1,encoding,2,205,28196.703235696215,46828.879236018765,36294.56219815773,0.14078079883577643
B2,past,97,4,-1,N1,maintenance,0,363,27714.870933644226,34088.34842580002,130244.08296635722,0.2160825049074016
B2,past,97,4,-1,N1,maintenance,1,363,20349.753867264633,28456.50339623743,116541.75393185446,0.10698078307974836
B2,past,97,4,-1,N1,maintenance,2,363,26878.046429103768,46846.52729613001,92004.64369471474,0.13419699515239752
B2,past,97,4,-1,N1,retrieval,0,410,12468.481389164019,27959.36503731415,148123.02281311355,0.09721209589654824
B2,past,97,4,-1,N1,retrieval,1,410,42460.25426570338,55354.74551902468,129032.78417315173,0.2232179947108499
B2,past,97,4,-1,N1,retrieval,2,410,31228.272254319716,43056.668458880384,114363.57119803321,0.15591684877041231
B2,past,98,4,-1,N1,encoding,0,205,4455.628469541866,12466.798340151881,13654.431069968014,0.034738872244451845
B2,past,98,4,-1,N1,encoding,1,205,13641.850803656227,11182.94017072847,16735.462918778256,0.07171663555006963
B2,past,98,4,-1,N1,encoding,2,205,6530.464920873493,15717.325560617528,10442.399100721783,0.03260537448809609
B2,past,98,4,-1,N1,maintenance,0,363,19962.476786538748,17427.36738272704,95793.01622513721,0.15563998109602464
B2,past,98,4,-1,N1,maintenance,1,363,30859.13938288128,11831.933594614904,85231.14079771467,0.16222972119866233
B2,past,98,4,-1,N1,maintenance,2,363,5632.1177809176925,12066.96067888324,39229.45819162107,0.028120097364112848
B2,past,98,4,-1,N1,retrieval,0,327,13721.619009671578,18631.372748349575,167016.0587276351,0.1069823422268049
B2,past,98,4,-1,N1,retrieval,1,327,13181.295885740446,6110.784270507304,82579.46952733846,0.0692954502084072
B2,past,98,4,-1,N1,retrieval,2,327,2424.8649984389594,10633.051112223688,82338.3985034974,0.01210689167083123
B2,past,99,4,1,N1,encoding,0,205,1131.1104598827933,19646.461354626797,18115.762084988903,0.0088188461019219
B2,past,99,4,1,N1,encoding,1,205,4178.8609710337405,65088.16033552193,53139.94905267779,0.021968708908157403
B2,past,99,4,1,N1,encoding,2,205,3183.3045434222436,15660.792859200339,23631.289193355624,0.01589363667143886
B2,past,99,4,1,N1,maintenance,0,363,7420.931947217223,321811.7821128379,155093.46323775843,0.057858236747386875
B2,past,99,4,1,N1,maintenance,1,363,29981.796968512666,538709.4956259105,306094.9378059698,0.15761744042463216
B2,past,99,4,1,N1,maintenance,2,363,16541.57346929116,394745.6788107653,293810.05164598144,0.08258894337900406
B2,past,99,4,1,N1,retrieval,0,299,68232.68406777413,701630.0293051165,317795.06745367387,0.5319847718295441
B2,past,99,4,1,N1,retrieval,1,299,142896.3036235708,1036944.4100820302,641578.2229400917,0.7512208039745668
B2,past,99,4,1,N1,retrieval,2,299,142521.01029798607,886773.7543819387,568772.0744499714,0.7115804111181221
B2,past,84,4,-1,N2,encoding,0,205,981.6680489974821,3643.5765457786324,4155.658341341507,0.0076536993992432755
B2,past,84,4,-1,N2,encoding,1,205,1138.4883709912283,10316.948798843428,15722.95897829158,0.005985152363525872
B2,past,84,4,-1,N2,encoding,2,205,2285.439799495423,7786.51344167974,5023.324397538867,0.011410768059463103
B2,past,84,4,-1,N2,maintenance,0,363,2626.3059820808517,1123.5336000614247,43165.974755836025,0.020476327550651287
B2,past,84,4,-1,N2,maintenance,1,363,508.14560076716583,4970.74185785398,63995.98204414559,0.0026713745356915105
B2,past,84,4,-1,N2,maintenance,2,363,1167.5269964516829,972.1495371277161,14102.447711714773,0.005829241165141633
B2,past,84,4,-1,N2,retrieval,0,329,2429.480893115437,1957.0803263008747,69480.10511105499,0.01894175579117614
B2,past,84,4,-1,N2,retrieval,1,329,12634.86075231549,5883.083495137616,39187.45830319436,0.06642278359743033
B2,past,84,4,-1,N2,retrieval,2,329,5046.715638709483,7117.258069855308,22157.153141227085,0.025197295342495166
B2,past,85,4,-1,N2,encoding,0,205,57076.988362323274,107877.90487493941,111851.6263301532,0.44500797595017755
B2,past,85,4,-1,N2,encoding,1,205,545036.0241700865,697781.2976793752,742586.8401311508,2.8653113473861485
B2,past,85,4,-1,N2,encoding,2,205,164805.383306427,796886.7226634917,744715.6405475625,0.822842064917106
B2,past,85,4,-1,N2,maintenance,0,362,24173.39824510549,15790.171313653325,16452.05021750787,0.18847096410561376
B2,past,85,4,-1,N2,maintenance,1,362,458324.19010941527,753140.8867133148,1096078.2500915837,2.409458172423953
B2,past,85,4,-1,N2,maintenance,2,362,76870.15217974676,881177.9352582654,1053015.5412249858,0.383798110723537
B2,past,85,4,-1,N2,retrieval,0,374,74955.51341024166,46517.01124704496,20429.86688566906,0.5844001631140073
B2,past,85,4,-1,N2,retrieval,1,374,585866.2935756532,1030277.0772088162,1512380.1281052644,3.0799603413177774
B2,past,85,4,-1,N2,retrieval,2,374,136003.43441794743,1132222.9806057399,1560418.8961494989,0.6790393891697465
B2,past,86,4,1,N2,encoding,0,205,38202.92482804114,1876.5082645314826,1514.5149771966976,0.29785394676369314
B2,past,86,4,1,N2,encoding,1,205,43886.133408983704,1701.6376516699047,2637.467920402648,0.23071399040299392
B2,past,86,4,1,N2,encoding,2,205,30057.03514895944,2286.4534374268374,3109.2849399534816,0.15006908373418001
B2,past,86,4,1,N2,maintenance,0,363,63091.142444032346,3844.6648069341486,22233.894840142595,0.4918980907187507
B2,past,86,4,1,N2,maintenance,1,363,44865.12225544386,12741.245389073098,81663.08433315763,0.23586063709483066
B2,past,86,4,1,N2,maintenance,2,363,30160.070730178635,9006.05773377622,28631.951485463276,0.15058352087639829
B2,past,86,4,1,N2,retrieval,0,304,26408.469571440186,8443.392998149324,133527.87274086097,0.20589698106226595
B2,past,86,4,1,N2,retrieval,1,304,14103.857229215957,72513.50776471119,238507.92759987223,0.07414545161913097
B2,past,86,4,1,N2,retrieval,2,304,1560.0914308296692,67832.92913054614,200715.16156190363,0.007789241034781823
B2,past,87,4,-1,N2,encoding,0,205,1085.2408658392656,8486.039866205658,7634.311067690225,0.008461217996644347
B2,past,87,4,-1,N2,encoding,1,205,2017.399386973624,29355.19562111095,22431.415667501915,0.0106056794401933
B2,past,87,4,-1,N2,encoding,2,205,8748.991971887135,39561.33740287749,51301.055750891755,0.04368205986757989
B2,past,87,4,-1,N2,maintenance,0,362,5647.206875972825,167538.7092857068,56863.282372390895,0.04402916435772331
B2,past,87,4,-1,N2,maintenance,1,362,3372.3721268869335,206997.68209803998,76229.05127886315,0.017728912758549046
B2,past,87,4,-1,N2,maintenance,2,362,41638.88164439185,288713.3139699583,202064.8914006089,0.20789504969874514
B2,past,87,4,-1,N2,retrieval,0,275,71646.67110848406,482109.61513066594,179197.7806342297,0.5586023546154875
B2,past,87,4,-1,N2,retrieval,1,275,129242.0461065976,769543.1688640442,437874.3191580352,0.6794389450358139
B2,past,87,4,-1,N2,retrieval,2,275,171451.67280975767,691463.7356897183,417614.7139630823,0.8560257296083813
B2,past,88,4,1,N2,encoding,0,205,54577.27383825951,171703.57999798714,176547.92681004872,0.4255186347511389
B2,past,88,4,1,N2,encoding,1,205,166008.65187337832,192606.4929595284,216254.64087057317,0.8727248344755814
B2,past,88,4,1,N2,encoding,2,205,118867.39242094867,375634.5437094256,340358.130149502,0.5934823770234884
B2,past,88,4,1,N2,maintenance,0,363,53102.80872721896,173149.37406623975,342623.0459221799,0.4140227805811869
B2,past,88,4,1,N2,maintenance,1,363,78011.62470462981,79090.46337213257,186249.56476187296,0.41011526501310724
B2,past,88,4,1,N2,maintenance,2,363,71494.5270794678,278809.49685661093,371290.76632518676,0.3569586327344628
B2,past,88,4,1,N2,retrieval,0,277,42366.37928255971,4003.1336388901523,94235.70665482861,0.330314847258385
B2,past,88,4,1,N2,retrieval,1,277,50113.20908400283,36859.58488497391,3098.276544077463,0.2634503780937581
B2,past,88,4,1,N2,retrieval,2,277,110226.5395378922,4394.171950318363,44112.72737354105,0.5503402351450327
B2,past,89,4,-1,N2,encoding,0,205,71072.22428577654,21960.861416727483,21186.61891386961,0.5541236071342549
B2,past,89,4,-1,N2,encoding,1,205,73934.39056313461,49483.77445206315,52798.1196117609,0.38868081897008633
B2,past,89,4,-1,N2,encoding,2,205,72792.5044572045,55843.524444448005,66720.35143346692,0.36343918794622293
B2,past,89,4,-1,N2,maintenance,0,362,87631.20591104566,422127.4403421611,670101.797987061,0.6832278067125463
B2,past,89,4,-1,N2,maintenance,1,362,150639.84092889747,921164.167791096,1301234.511910672,0.7919293889596513
B2,past,89,4,-1,N2,maintenance,2,362,259220.89309941017,598589.5285450328,735982.0399496182,1.2942408231349143
B2,past,89,4,-1,N2,retrieval,0,302,56953.73851969144,514432.6813117635,981302.0421658164,0.4440470429265638
B2,past,89,4,-1,N2,retrieval,1,302,49579.810874933086,380650.02112753975,689741.0872404203,0.2606462479567636
B2,past,89,4,-1,N2,retrieval,2,302,58182.13897003017,313356.9938432067,548340.585037371,0.2904924002535703
B2,past,90,4,1,N2,encoding,0,205,48400.56138303115,83539.48067947186,80164.32547643235,0.37736111301437814
B2,past,90,4,1,N2,encoding,1,205,69274.69393386619,67750.98239474738,54972.2197297919,0.3641843067486239
B2,past,90,4,1,N2,encoding,2,205,17419.00829807479,64213.53974480631,80235.33350501709,0.08696980929407007
B2,past,90,4,1,N2,maintenance,0,363,157212.96637019838,464957.53038006986,256261.62678193857,1.2257308236624975
B2,past,90,4,1,N2,maintenance,1,363,95167.49499423687,257590.63413116417,106315.090954958,0.5003054682936079
B2,past,90,4,1,N2,maintenance,2,363,54739.961805452986,394139.9532436497,292257.3839372978,0.273306261614853
B2,past,90,4,1,N2,retrieval,0,300,78055.3278256656,376555.19600756554,115599.61548525607,0.6085682591963081
B2,past,90,4,1,N2,retrieval,1,300,17722.228949550903,135552.5663489527,23831.260393397893,0.09316760995283671
B2,past,90,4,1,N2,retrieval,2,300,13861.56396417549,314386.6873260914,139215.0760697515,0.069208163510384
B2,past,91,4,-1,N2,encoding,0,205,45776.39433817155,51690.79638320035,49008.752280185516,0.35690146195894545
B2,past,91,4,-1,N2,encoding,1,205,119218.29936398484,80870.95182159366,67510.20351170273,0.6267430607065785
B2,past,91,4,-1,N2,encoding,2,205,38149.90213514051,90932.23220046324,109987.18013206587,0.1904752358173749
B2,past,91,4,-1,N2,maintenance,0,362,163726.1041856128,71280.57764371764,175180.2611228325,1.2765113283717366
B2,past,91,4,-1,N2,maintenance,1,362,357266.5649386618,396459.1317249977,641247.2750354587,1.8781876741434684
B2,past,91,4,-1,N2,maintenance,2,362,407389.9600856427,168508.503078169,237538.59780887546,2.034020911562633
B2,past,91,4,-1,N2,retrieval,0,269,116593.78718420645,35329.75549077395,182461.58710644883,0.9090382434658912
B2,past,91,4,-1,N2,retrieval,1,269,65978.41757266081,75010.0404405095,204708.03638485583,0.346855437383954
B2,past,91,4,-1,N2,retrieval,2,269,222217.53782347267,51076.27843478488,146919.0589665973,1.1094900786310098
B2,past,92,4,-1,N2,encoding,0,205,15340.692973115561,2782.325406541682,2374.375093181113,0.11960565764793601
B2,past,92,4,-1,N2,encoding,1,205,15740.176873566663,5266.01539777558,4207.64962937946,0.0827477550210907
B2,past,92,4,-1,N2,encoding,2,205,14979.772318080204,4349.507529220251,7534.283328052127,0.07479116603417735
B2,past,92,4,-1,N2,maintenance,0,363,21090.609294427693,11911.764202318956,17974.562374968194,0.1644356092176837
B2,past,92,4,-1,N2,maintenance,1,363,30947.27999381094,29155.346469094624,80223.23013791106,0.1626930856029636
B2,past,92,4,-1,N2,maintenance,2,363,30803.6903085875,20231.1959791721,17810.052796999054,0.1537969915306567
B2,past,92,4,-1,N2,retrieval,0,346,3864.131178098328,4010.3291977213958,96382.48603629472,0.030127188622071824
B2,past,92,4,-1,N2,retrieval,1,346,17083.621951318557,17111.869840221232,83729.91537042556,0.0898103862145681
B2,past,92,4,-1,N2,retrieval,2,346,9587.577046941979,9910.85826155746,51259.935999444366,0.047868956320372434
B2,past,93,4,1,N2,encoding,0,205,1658.9699809126855,3465.286993479003,2946.6417718472253,0.012934369779316935
B2,past,93,4,1,N2,encoding,1,205,18867.46645368212,32360.97976066476,24180.804777159643,0.09918824321471326
B2,past,93,4,1,N2,encoding,2,205,3236.21671827684,6782.871493310731,12015.07933127092,0.016157817138988624
B2,past,93,4,1,N2,maintenance,0,362,1942.5258063011195,54771.028774309576,3955.8621461381363,0.0151451487209803
B2,past,93,4,1,N2,maintenance,1,362,31288.03024036574,175063.69117011895,55491.84740148881,0.1644844452650424
B2,past,93,4,1,N2,maintenance,2,362,3345.4346038534745,72569.26372904993,33005.404066499395,0.016703121355942888
B2,past,93,4,1,N2,retrieval,0,271,289.1055085529096,77225.66371745078,114.58698025904454,0.0022540477500404025
B2,past,93,4,1,N2,retrieval,1,271,12490.439536330638,157182.94384203223,31637.338408732492,0.06566354616978543
B2,past,93,4,1,N2,retrieval,2,271,1777.6115145792357,90665.91640260139,12799.453963312937,0.008875277614913697
B2,past,94,4,-1,N2,encoding,0,205,7298.272702918474,19281.335454496322,20883.259801310574,0.05690190839855276
B2,past,94,4,-1,N2,encoding,1,205,20485.187191884557,9132.558055776008,14691.113163429744,0.1076927702230543
B2,past,94,4,-1,N2,encoding,2,205,4445.225510147322,10996.750160620546,6110.438602605862,0.022194169052056553
B2,past,94,4,-1,N2,maintenance,0,363,5968.966825837595,16318.657347242372,13566.03340385396,0.04653780659936039
B2,past,94,4,-1,N2,maintenance,1,363,4014.7375705639474,38206.15872146473,7321.773461950949,0.02110589503736096
B2,past,94,4,-1,N2,maintenance,2,363,61479.53558634342,85958.50463539505,45628.46796850922,0.3069556770360592
B2,past,94,4,-1,N2,retrieval,0,378,11771.868380867189,31779.91390841244,9780.337192711233,0.09178086426121956
B2,past,94,4,-1,N2,retrieval,1,378,4681.771754527831,67237.0631765809,1851.3175419504698,0.02461256346229013
B2,past,94,4,-1,N2,retrieval,2,378,53315.470788556035,95958.97223906337,15056.157386992092,0.2661940477642898
B2,past,95,4,1,N2,encoding,0,205,404.5717280251303,2343.4058892031276,2704.2496763032345,0.0031542947688874986
B2,past,95,4,1,N2,encoding,1,205,1014.6764409249421,1413.9888135174324,3212.417652518127,0.0053342601060812475
B2,past,95,4,1,N2,encoding,2,205,560.6308415172709,3505.513276756675,2814.393566292711,0.0027991236089209485
B2,past,95,4,1,N2,maintenance,0,362,30823.97174423948,64514.28148941621,17332.5629617917,0.24032300354697864
B2,past,95,4,1,N2,maintenance,1,362,71441.95645064912,110436.99100713676,42835.18966764738,0.37557783232623765
B2,past,95,4,1,N2,maintenance,2,362,58388.0860084681,112935.09355687816,69191.83454939253,0.29152065481038136
B2,past,95,4,1,N2,retrieval,0,265,47080.74259549022,43748.87726604736,103283.61165802888,0.36707097851155096
B2,past,95,4,1,N2,retrieval,1,265,100477.40238077243,84039.82267316035,172257.47246434537,0.5282202064274344
B2,past,95,4,1,N2,retrieval,2,265,101878.89840610271,83718.12181715561,125689.82544970626,0.5086620440067171
B2,past,96,4,1,N2,encoding,0,205,21007.55068620163,10438.103197558074,9276.68384106873,0.16378803224853303
B2,past,96,4,1,N2,encoding,1,205,23543.3283642241,29968.95465373305,22035.282829884804,0.12376973800946031
B2,past,96,4,1,N2,encoding,2,205,42294.727072754096,20275.966789927465,29605.799132974713,0.21116956170626022
B2,past,96,4,1,N2,maintenance,0,363,110252.1527479912,66208.02935847294,166849.45164099048,0.859594886595665
B2,past,96,4,1,N2,maintenance,1,363,252793.88645890614,125963.64197666262,269531.9676164095,1.3289638836689273
B2,past,96,4,1,N2,maintenance,2,363,111452.78459976817,85171.02253119617,131789.45183407402,0.5564626444897102
B2,past,96,4,1,N2,retrieval,0,410,92060.66802040437,67858.01175867893,270086.19530073705,0.717762669612476
B2,past,96,4,1,N2,retrieval,1,410,78837.8705295128,38601.768321869844,122265.38901701754,0.4144589256754875
B2,past,96,4,1,N2,retrieval,2,410,60151.06189248027,59725.9734642706,161739.6634924029,0.30032285949384374
B2,past,97,4,-1,N2,encoding,0,205,14307.203501290687,31812.950798905436,33747.73150499394,0.11154792595573283
B2,past,97,4,-1,N2,encoding,1,205,20890.96418853541,36410.25644647611,46120.07505861482,0.10982598230712225
B2,past,97,4,-1,N2,encoding,2,205,28549.511409216335,46828.879236018765,36294.56219815773,0.142542303224739
B2,past,97,4,-1,N2,maintenance,0,363,26487.04686240935,34088.34842580002,130244.08296635722,0.20650961887328464
B2,past,97,4,-1,N2,maintenance,1,363,19022.30631484686,28456.50339623743,116541.75393185446,0.10000225254904778
B2,past,97,4,-1,N2,maintenance,2,363,26428.465157742758,46846.52729613001,92004.64369471474,0.13195232101461818
B2,past,97,4,-1,N2,retrieval,0,410,16849.805046500194,27959.36503731415,148123.02281311355,0.13137164125232284
B2,past,97,4,-1,N2,retrieval,1,410,45068.59695412424,55354.74551902468,129032.78417315173,0.23693032485340154
B2,past,97,4,-1,N2,retrieval,2,410,30951.023589636232,43056.668458880384,114363.57119803321,0.15453259869819533
B2,past,98,4,-1,N2,encoding,0,205,4138.095778974207,12466.798340151881,13654.431069968014,0.032263188365853866
B2,past,98,4,-1,N2,encoding,1,205,13787.63752131761,11182.94017072847,16735.462918778256,0.07248305156275321
B2,past,98,4,-1,N2,encoding,2,205,6735.635988036015,15717.325560617528,10442.399100721783,0.03362975476729704
B2,past,98,4,-1,N2,maintenance,0,363,19898.385823001747,17427.36738272704,95793.01622513721,0.15514028777339786
B2,past,98,4,-1,N2,maintenance,1,363,29929.330727119286,11831.933594614904,85231.14079771467,0.15734161990974402
B2,past,98,4,-1,N2,maintenance,2,363,5592.790568029506,12066.96067888324,39229.45819162107,0.027923744038686686
B2,past,98,4,-1,N2,retrieval,0,327,13983.269307128556,18631.372748349575,167016.0587276351,0.1090223319427821
B2,past,98,4,-1,N2,retrieval,1,327,13575.137122808876,6110.784270507304,82579.46952733846,0.07136591475679936
B2,past,98,4,-1,N2,retrieval,2,327,2461.4992951057925,10633.051112223688,82338.3985034974,0.012289799775599112
B2,past,99,4,1,N2,encoding,0,205,874.6262683022674,19646.461354626797,18115.762084988903,0.006819134585365957
B2,past,99,4,1,N2,encoding,1,205,4538.822590369186,65088.16033552193,53139.94905267779,0.023861064764957588
B2,past,99,4,1,N2,encoding,2,205,2809.524591881976,15660.792859200339,23631.289193355624,0.014027424166850022
B2,past,99,4,1,N2,maintenance,0,363,7747.403912231286,321811.7821128379,155093.46323775843,0.06040361681252163
B2,past,99,4,1,N2,maintenance,1,363,30534.995382891302,538709.4956259105,306094.9378059698,0.16052566231049506
B2,past,99,4,1,N2,maintenance,2,363,17064.560755373026,394745.6788107653,293810.05164598144,0.08520011984527796
B2,past,99,4,1,N2,retrieval,0,299,68201.21907409772,701630.0293051165,317795.06745367387,0.5317394510172346
B2,past,99,4,1,N2,retrieval,1,299,142241.70339379882,1036944.4100820302,641578.2229400917,0.7477795021464478
B2,past,99,4,1,N2,retrieval,2,299,133251.88158158457,886773.7543819387,568772.0744499714,0.6653014069984259
B2,past,84,4,-1,N3,encoding,0,205,2310.1963083013925,3643.5765457786324,4155.658341341507,0.018011738402851644
B2,past,84,4,-1,N3,encoding,1,205,2757.0424135932944,10316.948798843428,15722.95897829158,0.014494060140194547
B2,past,84,4,-1,N3,encoding,2,205,2750.9531339908995,7786.51344167974,5023.324397538867,0.013734987970960186
B2,past,84,4,-1,N3,maintenance,0,363,1499.9285014902248,1123.5336000614247,43165.974755836025,0.011694382721824785
B2,past,84,4,-1,N3,maintenance,1,363,200.6672587160996,4970.74185785398,63995.98204414559,0.0010549287532390396
B2,past,84,4,-1,N3,maintenance,2,363,813.9430192876482,972.1495371277161,14102.447711714773,0.004063863335521238
B2,past,84,4,-1,N3,retrieval,0,329,1576.7912872632792,1957.0803263008747,69480.10511105499,0.012293653175718209
B2,past,84,4,-1,N3,retrieval,1,329,11695.066545592572,5883.083495137616,39187.45830319436,0.06148218722339943
B2,past,84,4,-1,N3,retrieval,2,329,4662.842770602098,7117.258069855308,22157.153141227085,0.0232806908170724
B2,past,85,4,-1,N3,encoding,0,205,55473.03249094514,107877.90487493941,111851.6263301532,0.43250253065049943
B2,past,85,4,-1,N3,encoding,1,205,555798.5658618924,697781.2976793752,742586.8401311508,2.921891153983712
B2,past,85,4,-1,N3,encoding,2,205,163492.34077306974,796886.7226634917,744715.6405475625,0.8162862922366544
B2,past,85,4,-1,N3,maintenance,0,362,32390.13274577759,15790.171313653325,16452.05021750787,0.2525337763523399
B2,past,85,4,-1,N3,maintenance,1,362,446373.55186854466,753140.8867133148,1096078.2500915837,2.3466324180855795
B2,past,85,4,-1,N3,maintenance,2,362,70143.46080472322,881177.9352582654,1053015.5412249858,0.3502130147149128
B2,past,85,4,-1,N3,retrieval,0,374,61248.70486351229,46517.01124704496,20429.86688566906,0.47753329253919247
B2,past,85,4,-1,N3,retrieval,1,374,599716.3958548745,1030277.0772088162,1512380.1281052644,3.1527717766417793
B2,past,85,4,-1,N3,retrieval,2,374,127977.57463524038,1132222.9806057399,1560418.8961494989,0.6389677913624174
B2,past,86,4,1,N3,encoding,0,205,40001.691776239284,1876.5082645314826,1514.5149771966976,0.3118782613218194
B2,past,86,4,1,N3,encoding,1,205,40684.91735606203,1701.6376516699047,2637.467920402648,0.2138848630148771
B2,past,86,4,1,N3,encoding,2,205,36184.97622917533,2286.4534374268374,3109.2849399534816,0.18066473292338076
B2,past,86,4,1,N3,maintenance,0,363,78137.8200506824,3844.6648069341486,22233.894840142595,0.6092114202869622
B2,past,86,4,1,N3,maintenance,1,363,50654.769941284,12741.245389073098,81663.08433315763,0.2662974201255773
B2,past,86,4,1,N3,maintenance,2,363,47817.91132301402,9006.05773377622,28631.951485463276,0.2387457745836723
B2,past,86,4,1,N3,retrieval,0,304,16027.790298030202,8443.392998149324,133527.87274086097,0.12496269905138335
B2,past,86,4,1,N3,retrieval,1,304,9656.378461070479,72513.50776471119,238507.92759987223,0.05076459087505391
B2,past,86,4,1,N3,retrieval,2,304,1804.867030206784,67832.92913054614,200715.16156190363,0.00901135924228174
B2,past,87,4,-1,N3,encoding,0,205,841.5296983111133,8486.039866205658,7634.311067690225,0.006561092981468387
B2,past,87,4,-1,N3,encoding,1,205,1560.0624120484322,29355.19562111095,22431.415667501915,0.00820141116117864
B2,past,87,4,-1,N3,encoding,2,205,8523.170236993115,39561.33740287749,51301.055750891755,0.042554574715606024
B2,past,87,4,-1,N3,maintenance,0,362,8077.879321978946,167538.7092857068,56863.282372390895,0.06298021024207597
B2,past,87,4,-1,N3,maintenance,1,362,3021.446178853083,206997.68209803998,76229.05127886315,0.015884058370208926
B2,past,87,4,-1,N3,maintenance,2,362,49280.12145145682,288713.3139699583,202064.8914006089,0.24604631281423178
B2,past,87,4,-1,N3,retrieval,0,275,57690.37495619497,482109.61513066594,179197.7806342297,0.44979032229405014
B2,past,87,4,-1,N3,retrieval,1,275,122009.53171344854,769543.1688640442,437874.3191580352,0.6414168609132485
B2,past,87,4,-1,N3,retrieval,2,275,176926.0656889234,691463.7356897183,417614.7139630823,0.8833583364109441
B2,past,88,4,1,N3,encoding,0,205,53624.25619416341,171703.57999798714,176547.92681004872,0.4180883118659888
B2,past,88,4,1,N3,encoding,1,205,171442.78068846994,192606.4929595284,216254.64087057317,0.9012926176432148
B2,past,88,4,1,N3,encoding,2,205,107765.01049856901,375634.5437094256,340358.130149502,0.5380502868621896
B2,past,88,4,1,N3,maintenance,0,363,46665.57191596343,173149.37406623975,342623.0459221799,0.3638340476735526
B2,past,88,4,1,N3,maintenance,1,363,76873.14749885428,79090.46337213257,186249.56476187296,0.40413017134628737
B2,past,88,4,1,N3,maintenance,2,363,58401.33261575754,278809.49685661093,371290.76632518676,0.2915867926116868
B2,past,88,4,1,N3,retrieval,0,277,27514.5643939424,4003.1336388901523,94235.70665482861,0.21452078957588397
B2,past,88,4,1,N3,retrieval,1,277,41134.08343060116,36859.58488497391,3098.276544077463,0.2162461760165224
B2,past,88,4,1,N3,retrieval,2,277,99180.39836559547,4394.171950318363,44112.72737354105,0.495188944396971
B2,past,89,4,-1,N3,encoding,0,205,77131.61787579178,21960.861416727483,21186.61891386961,0.6013664374647726
B2,past,89,4,-1,N3,encoding,1,205,75436.33108008529,49483.77445206315,52798.1196117609,0.39657667725371193
B2,past,89,4,-1,N3,encoding,2,205,81244.17004631789,55843.524444448005,66720.35143346692,0.40563675349785544
B2,past,89,4,-1,N3,maintenance,0,362,74749.99886790002,422127.4403421611,670101.797987061,0.5827978429296414
B2,past,89,4,-1,N3,maintenance,1,362,145718.22186067875,921164.167791096,1301234.511910672,0.766055923099937
B2,past,89,4,-1,N3,maintenance,2,362,227812.3440081465,598589.5285450328,735982.0399496182,1.1374238862618464
B2,past,89,4,-1,N3,retrieval,0,302,69262.97070854137,514432.6813117635,981302.0421658164,0.5400175322433537
B2,past,89,4,-1,N3,retrieval,1,302,46478.47339580048,380650.02112753975,689741.0872404203,0.2443421926705767
B2,past,89,4,-1,N3,retrieval,2,302,46994.26296149162,313356.9938432067,548340.585037371,0.23463345431255253
B2,past,90,4,1,N3,encoding,0,205,51152.03266254729,83539.48067947186,80164.32547643235,0.3988133076748583
B2,past,90,4,1,N3,encoding,1,205,66032.16970303551,67750.98239474738,54972.2197297919,0.3471380179516208
B2,past,90,4,1,N3,encoding,2,205,22527.34820044484,64213.53974480631,80235.33350501709,0.11247478291346458
B2,past,90,4,1,N3,maintenance,0,363,180412.6214043809,464957.53038006986,256261.62678193857,1.406609875373622
B2,past,90,4,1,N3,maintenance,1,363,103802.87419270768,257590.63413116417,106315.090954958,0.5457025593281619
B2,past,90,4,1,N3,maintenance,2,363,76202.11099353513,394139.9532436497,292257.3839372978,0.380462707606941
B2,past,90,4,1,N3,retrieval,0,300,58827.46126632312,376555.19600756554,115599.61548525607,0.4586557598700243
B2,past,90,4,1,N3,retrieval,1,300,13227.046990244382,135552.5663489527,23831.260393397893,0.0695359685467871
B2,past,90,4,1,N3,retrieval,2,300,12356.540130085212,314386.6873260914,139215.0760697515,0.061693864556388554
B2,past,91,4,-1,N3,encoding,0,205,52262.54183262123,51690.79638320035,49008.752280185516,0.4074715332089674
B2,past,91,4,-1,N3,encoding,1,205,120787.43259193437,80870.95182159366,67510.20351170273,0.6349921580950499
B2,past,91,4,-1,N3,encoding,2,205,43521.954495486236,90932.23220046324,109987.18013206587,0.21729687579263474
B2,past,91,4,-1,N3,maintenance,0,362,139308.73741217193,71280.57764371764,175180.2611228325,1.0861382327047853
B2,past,91,4,-1,N3,maintenance,1,362,340045.8898887808,396459.1317249977,641247.2750354587,1.7876567854646759
B2,past,91,4,-1,N3,maintenance,2,362,380729.9322617818,168508.503078169,237538.59780887546,1.9009124420137642
B2,past,91,4,-1,N3,retrieval,0,269,126587.86258068653,35329.75549077395,182461.58710644883,0.9869583193369027
B2,past,91,4,-1,N3,retrieval,1,269,68586.22579945398,75010.0404405095,204708.03638485583,0.36056495780586584
B2,past,91,4,-1,N3,retrieval,2,269,208933.11185030272,51076.27843478488,146919.0589665973,1.0431634558005087
B2,past,92,4,-1,N3,encoding,0,205,13395.179046343896,2782.325406541682,2374.375093181113,0.10443721166687513
B2,past,92,4,-1,N3,encoding,1,205,11183.696360218175,5266.01539777558,4207.64962937946,0.058793860709387295
B2,past,92,4,-1,N3,encoding,2,205,14175.91440237274,4349.507529220251,7534.283328052127,0.07077765571072606
B2,past,92,4,-1,N3,maintenance,0,363,24059.28613276656,11911.764202318956,17974.562374968194,0.18758127455470427
B2,past,92,4,-1,N3,maintenance,1,363,26467.935525459623,29155.346469094624,80223.23013791106,0.13914470354223374
B2,past,92,4,-1,N3,maintenance,2,363,36840.06614868664,20231.1959791721,17810.052796999054,0.1839354728182957
B2,past,92,4,-1,N3,retrieval,0,346,4437.437073491509,4010.3291977213958,96382.48603629472,0.03459704071885192
B2,past,92,4,-1,N3,retrieval,1,346,17810.147458935462,17111.869840221232,83729.91537042556,0.09362980674610087
B2,past,92,4,-1,N3,retrieval,2,346,6905.244552801681,9910.85826155746,51259.935999444366,0.034476578207523596
B2,past,93,4,1,N3,encoding,0,205,2282.0615165262116,3465.286993479003,2946.6417718472253,0.017792381931865917
B2,past,93,4,1,N3,encoding,1,205,16856.42378877505,32360.97976066476,24180.804777159643,0.08861598172684193
B2,past,93,4,1,N3,encoding,2,205,4836.298304143142,6782.871493310731,12015.07933127092,0.02414672144378339
B2,past,93,4,1,N3,maintenance,0,362,2760.06955971679,54771.028774309576,3955.8621461381363,0.02151923224214893
B2,past,93,4,1,N3,maintenance,1,362,36251.90748886441,175063.69117011895,55491.84740148881,0.19058006679540324
B2,past,93,4,1,N3,maintenance,2,362,8135.456694192731,72569.26372904993,33005.404066499395,0.04061879442886006
B2,past,93,4,1,N3,retrieval,0,271,927.6587392380399,77225.66371745078,114.58698025904454,0.007232608968438753
B2,past,93,4,1,N3,retrieval,1,271,8740.85518376923,157182.94384203223,31637.338408732492,0.0459515893138419
B2,past,93,4,1,N3,retrieval,2,271,1270.74209918233,90665.91640260139,12799.453963312937,0.006344574624265385
B2,past,94,4,-1,N3,encoding,0,205,8614.713826480187,19281.335454496322,20883.259801310574,0.06716570851594794
B2,past,94,4,-1,N3,encoding,1,205,24039.514528587315,9132.558055776008,14691.113163429744,0.12637824053795052
B2,past,94,4,-1,N3,encoding,2,205,4473.198578731443,10996.750160620546,6110.438602605862,0.02233383328543313
B2,past,94,4,-1,N3,maintenance,0,363,10549.545725355409,16318.657347242372,13566.03340385396,0.08225087071225363
B2,past,94,4,-1,N3,maintenance,1,363,5858.911237507744,38206.15872146473,7321.773461950949,0.030800908761436915
B2,past,94,4,-1,N3,maintenance,2,363,73297.38739978304,85958.50463539505,45628.46796850922,0.36595997285432447
B2,past,94,4,-1,N3,retrieval,0,378,7176.976477825626,31779.91390841244,9780.337192711233,0.05595620700176014
B2,past,94,4,-1,N3,retrieval,1,378,4017.8573117624173,67237.0631765809,1851.3175419504698,0.0211222958429233
B2,past,94,4,-1,N3,retrieval,2,378,55070.069407432486,95958.97223906337,15056.157386992092,0.27495442634957284
B2,past,95,4,1,N3,encoding,0,205,2778.3775101818946,2343.4058892031276,2704.2496763032345,0.021661972499020125
B2,past,95,4,1,N3,encoding,1,205,2840.6485516069843,1413.9888135174324,3212.417652518127,0.014933586346423805
B2,past,95,4,1,N3,encoding,2,205,3647.2868548504985,3505.513276756675,2814.393566292711,0.018210212474735137
B2,past,95,4,1,N3,maintenance,0,362,41233.20732823037,64514.28148941621,17332.5629617917,0.3214799284536557
B2,past,95,4,1,N3,maintenance,1,362,81195.99963870592,110436.99100713676,42835.18966764738,0.4268558568791836
B2,past,95,4,1,N3,maintenance,2,362,72451.3743004822,112935.09355687816,69191.83454939253,0.36173598968333015
B2,past,95,4,1,N3,retrieval,0,265,56690.3052598297,43748.87726604736,103283.61165802888,0.44199315211815493
B2,past,95,4,1,N3,retrieval,1,265,109728.0354413449,84039.82267316035,172257.47246434537,0.5768517513226983
B2,past,95,4,1,N3,retrieval,2,265,115441.60391361067,83718.12181715561,125689.82544970626,0.5763780638463751
B2,past,96,4,1,N3,encoding,0,205,21967.923617277655,10438.103197558074,9276.68384106873,0.17127570156112054
B2,past,96,4,1,N3,encoding,1,205,22949.31480695619,29968.95465373305,22035.282829884804,0.12064694665134303
B2,past,96,4,1,N3,encoding,2,205,48983.18801103466,20275.966789927465,29605.799132974713,0.24456378038502335
B2,past,96,4,1,N3,maintenance,0,363,97141.04743402055,66208.02935847294,166849.45164099048,0.7573724917979203
B2,past,96,4,1,N3,maintenance,1,363,238008.13272838987,125963.64197666262,269531.9676164095,1.2512336308691885
B2,past,96,4,1,N3,maintenance,2,363,93890.03388013052,85171.02253119617,131789.45183407402,0.4687751565094103
B2,past,96,4,1,N3,retrieval,0,410,119953.40655124196,67858.01175867893,270086.19530073705,0.9352319417913334
B2,past,96,4,1,N3,retrieval,1,410,88358.8940374334,38601.768321869844,122265.38901701754,0.46451194141424507
B2,past,96,4,1,N3,retrieval,2,410,58522.69350667678,59725.9734642706,161739.6634924029,0.2921927245544468
B2,past,97,4,-1,N3,encoding,0,205,17244.168748455562,31812.950798905436,33747.73150499394,0.13444634785179055
B2,past,97,4,-1,N3,encoding,1,205,26652.6695476632,36410.25644647611,46120.07505861482,0.14011586960575068
B2,past,97,4,-1,N3,encoding,2,205,27874.737430157376,46828.879236018765,36294.56219815773,0.13917328454863878
B2,past,97,4,-1,N3,maintenance,0,363,21272.902635566723,34088.34842580002,130244.08296635722,0.1658568823629049
B2,past,97,4,-1,N3,maintenance,1,363,19960.067235087838,28456.50339623743,116541.75393185446,0.10493215972351969
B2,past,97,4,-1,N3,maintenance,2,363,17604.683047341798,46846.52729613001,92004.64369471474,0.08789684815059672
B2,past,97,4,-1,N3,retrieval,0,410,18573.48544474789,27959.36503731415,148123.02281311355,0.1448105340043366
B2,past,97,4,-1,N3,retrieval,1,410,41925.88090960752,55354.74551902468,129032.78417315173,0.22040873812401468
B2,past,97,4,-1,N3,retrieval,2,410,38493.07062697024,43056.668458880384,114363.57119803321,0.19218861110140087
B2,past,98,4,-1,N3,encoding,0,205,5723.813532846679,12466.798340151881,13654.431069968014,0.04462643787018226
B2,past,98,4,-1,N3,encoding,1,205,17890.57737749399,11182.94017072847,16735.462918778256,0.09405263523466914
B2,past,98,4,-1,N3,encoding,2,205,6654.5380363226495,15717.325560617528,10442.399100721783,0.033224848054242036
B2,past,98,4,-1,N3,maintenance,0,363,15565.339787294368,17427.36738272704,95793.01622513721,0.12135714501525756
B2,past,98,4,-1,N3,maintenance,1,363,29120.906076290714,11831.933594614904,85231.14079771467,0.153091647022075
B2,past,98,4,-1,N3,maintenance,2,363,2237.383349363298,12066.96067888324,39229.45819162107,0.011170831305784489
B2,past,98,4,-1,N3,retrieval,0,327,23736.54518522199,18631.372748349575,167016.0587276351,0.18506498384028636
B2,past,98,4,-1,N3,retrieval,1,327,17692.966755003737,6110.784270507304,82579.46952733846,0.09301377553755548
B2,past,98,4,-1,N3,retrieval,2,327,962.8101676512746,10633.051112223688,82338.3985034974,0.004807128812050552
B2,past,99,4,1,N3,encoding,0,205,1288.2484584217893,19646.461354626797,18115.762084988903,0.010043992429384058
B2,past,99,4,1,N3,encoding,1,205,3908.57037717142,65088.16033552193,53139.94905267779,0.02054776300487568
B2,past,99,4,1,N3,encoding,2,205,1828.7680933314464,15660.792859200339,23631.289193355624,0.009130692723631944
B2,past,99,4,1,N3,maintenance,0,363,13186.891345951548,321811.7821128379,155093.46323775843,0.10281327020418754
B2,past,99,4,1,N3,maintenance,1,363,36687.707982012435,538709.4956259105,306094.9378059698,0.19287111553867647
B2,past,99,4,1,N3,maintenance,2,363,27107.996380213135,394745.6788107653,293810.05164598144,0.13534509170605566
B2,past,99,4,1,N3,retrieval,0,299,49654.90779688956,701630.0293051165,317795.06745367387,0.3871407838552446
B2,past,99,4,1,N3,retrieval,1,299,128287.49929944915,1036944.4100820302,641578.2229400917,0.6744207926993728
B2,past,99,4,1,N3,retrieval,2,299,118683.97384938819,886773.7543819387,568772.0744499714,0.592566602834933
