dataset,trial_id,block,cue,cue_sample,cue_end_sample,cue_duration_s,target_sample,target_status,platform_end_sample,platform_sign,click_sample,click_side,response_sample,response_status,target_s,response_s,rt_s,correctness,correctness_reason,timeout,timeout_reason,cue_platform_disagree,valid_events,n_platforms,n_clicks,end_s,gap_s,filter_mode,pretarget_only,filter_start_sample,filter_stop_sample,retained,reason,epoch_start_sample,epoch_end_exclusive,saturation_fraction,PTP,max_jump
A1,1,0,-1,5162,5214,0.203125,5758,platform_onset_hypothesis,6256,-1.0,,,6256,platform_end_proxy,2.328125,4.2734375,1.9453125,,ground_truth_target_mapping_unavailable,,deadline_and_timeout_flag_unavailable,False,True,1,0,4.1734375,0.1,causal,False,0,47511,False,block_boundary_24s_buffer,5098,6231,,,
A1,2,0,1,7538,7590,0.203125,8105,platform_onset_hypothesis,8407,1.0,,,8407,platform_end_proxy,2.21484375,3.39453125,1.1796875,,ground_truth_target_mapping_unavailable,,deadline_and_timeout_flag_unavailable,False,True,1,0,3.29453125,0.1,causal,False,0,47511,True,retained,7474,8382,0.0,1084.6276463575502,9.324739129292652
A1,3,0,-1,9690,9743,0.20703125,10258,platform_onset_hypothesis,10567,-1.0,,,10567,platform_end_proxy,2.21875,3.42578125,1.20703125,,ground_truth_target_mapping_unavailable,,deadline_and_timeout_flag_unavailable,False,True,1,0,3.32578125,0.1,causal,False,0,47511,False,quality,9626,10542,0.24608763693270735,1450.2062586758475,13.313594610654036
A1,4,0,-1,11851,11903,0.203125,12418,platform_onset_hypothesis,12771,-1.0,,,12771,platform_end_proxy,2.21484375,3.59375,1.37890625,,ground_truth_target_mapping_unavailable,,deadline_and_timeout_flag_unavailable,False,True,1,0,3.49375,0.1,causal,False,0,47511,False,quality,11787,12746,0.06480446927374302,1261.856789215995,9.452890612183154
A1,5,0,1,14055,14107,0.203125,14623,platform_onset_hypothesis,14932,1.0,,,14932,platform_end_proxy,2.21875,3.42578125,1.20703125,,ground_truth_target_mapping_unavailable,,deadline_and_timeout_flag_unavailable,False,True,1,0,3.32578125,0.1,causal,False,0,47511,True,retained,13991,14907,0.0,429.92814664183777,9.206681033235583
A1,6,0,-1,16216,16268,0.203125,16783,platform_onset_hypothesis,17086,-1.0,,,17086,platform_end_proxy,2.21484375,3.3984375,1.18359375,,ground_truth_target_mapping_unavailable,,deadline_and_timeout_flag_unavailable,False,True,1,0,3.2984375,0.1,causal,False,0,47511,True,retained,16152,17061,0.0,823.0038853618249,9.00650400256444
A1,7,0,-1,18368,18420,0.203125,18936,platform_onset_hypothesis,19306,-1.0,,,19306,platform_end_proxy,2.21875,3.6640625,1.4453125,,ground_truth_target_mapping_unavailable,,deadline_and_timeout_flag_unavailable,False,True,1,0,3.5640625,0.1,causal,False,0,47511,True,retained,18304,19281,0.0,366.71418743264803,9.257513931290262
A1,8,0,-1,20589,20641,0.203125,21156,platform_onset_hypothesis,21421,-1.0,,,21421,platform_end_proxy,2.21484375,3.25,1.03515625,,ground_truth_target_mapping_unavailable,,deadline_and_timeout_flag_unavailable,False,True,1,0,3.15,0.1,causal,False,0,47511,True,retained,20525,21396,0.0,912.0564765408661,10.254663738963472
A1,9,0,1,22705,22757,0.203125,23272,platform_onset_hypothesis,23572,1.0,,,23572,platform_end_proxy,2.21484375,3.38671875,1.171875,,ground_truth_target_mapping_unavailable,,deadline_and_timeout_flag_unavailable,False,True,1,0,3.28671875,0.1,causal,False,0,47511,True,retained,22641,23547,0.0,541.7705869982678,7.265338977725648
A1,10,0,1,24854,24906,0.203125,25421,platform_onset_hypothesis,25817,1.0,,,25817,platform_end_proxy,2.21484375,3.76171875,1.546875,,ground_truth_target_mapping_unavailable,,deadline_and_timeout_flag_unavailable,False,True,1,0,3.66171875,0.1,causal,False,0,47511,True,retained,24790,25792,0.0,305.74944112763603,8.089647536677134
A1,11,0,1,27102,27154,0.203125,27669,platform_onset_hypothesis,27970,1.0,,,27970,platform_end_proxy,2.21484375,3.390625,1.17578125,,ground_truth_target_mapping_unavailable,,deadline_and_timeout_flag_unavailable,False,True,1,0,3.290625,0.1,causal,False,0,47511,True,retained,27038,27945,0.0,847.1150425915558,9.821314751532412
A1,12,0,1,29254,29307,0.20703125,29822,platform_onset_hypothesis,30096,1.0,,,30096,platform_end_proxy,2.21875,3.2890625,1.0703125,,ground_truth_target_mapping_unavailable,,deadline_and_timeout_flag_unavailable,False,True,1,0,3.1890625,0.1,causal,False,0,47511,True,retained,29190,30071,0.0,342.91256462895484,9.263844365034345
A1,13,0,-1,31379,31431,0.203125,31946,platform_onset_hypothesis,32238,-1.0,,,32238,platform_end_proxy,2.21484375,3.35546875,1.140625,,ground_truth_target_mapping_unavailable,,deadline_and_timeout_flag_unavailable,False,True,1,0,3.25546875,0.1,causal,False,0,47511,True,retained,31315,32213,0.0,141.60204596088198,9.22706744580071
A1,14,0,-1,33520,33572,0.203125,34087,platform_onset_hypothesis,34391,-1.0,,,34391,platform_end_proxy,2.21484375,3.40234375,1.1875,,ground_truth_target_mapping_unavailable,,deadline_and_timeout_flag_unavailable,False,True,1,0,3.30234375,0.1,causal,False,0,47511,False,quality,33456,34366,0.09613869188337273,1076.0805108154057,11.375796568948772
A1,15,0,1,35676,35728,0.203125,36243,platform_onset_hypothesis,36507,1.0,,,36507,platform_end_proxy,2.21484375,3.24609375,1.03125,,ground_truth_target_mapping_unavailable,,deadline_and_timeout_flag_unavailable,False,True,1,0,3.14609375,0.1,causal,False,0,47511,False,quality,35612,36482,0.07650951199338296,1179.8498305544763,14.491925578056794
A1,16,0,-1,37789,37841,0.203125,38356,platform_onset_hypothesis,38614,-1.0,,,38614,platform_end_proxy,2.21484375,3.22265625,1.0078125,,ground_truth_target_mapping_unavailable,,deadline_and_timeout_flag_unavailable,False,True,1,0,3.12265625,0.1,causal,False,0,47511,True,retained,37725,38589,0.0,466.18750081272225,11.337703668042082
A1,17,0,1,39897,39949,0.203125,40465,platform_onset_hypothesis,40824,1.0,,,40824,platform_end_proxy,2.21875,3.62109375,1.40234375,,ground_truth_target_mapping_unavailable,,deadline_and_timeout_flag_unavailable,False,True,1,0,3.52109375,0.1,causal,False,0,47511,True,retained,39833,40799,0.0,380.426445510353,8.12448667314652
A1,18,0,-1,42110,42162,0.203125,42677,platform_onset_hypothesis,42997,-1.0,,,42997,platform_end_proxy,2.21484375,3.46484375,1.25,,ground_truth_target_mapping_unavailable,,deadline_and_timeout_flag_unavailable,False,True,1,0,3.36484375,0.1,causal,False,0,47511,False,block_boundary_24s_buffer,42046,42972,,,
A1,19,0,-1,44282,44334,0.203125,44849,platform_onset_hypothesis,45160,-1.0,,,45160,platform_end_proxy,2.21484375,3.4296875,1.21484375,,ground_truth_target_mapping_unavailable,,deadline_and_timeout_flag_unavailable,False,True,1,0,3.3296875,0.1,causal,False,0,47511,False,block_boundary_24s_buffer,44218,45135,,,
A1,20,0,1,46443,46495,0.203125,47010,platform_onset_hypothesis,47295,1.0,,,47295,platform_end_proxy,2.21484375,3.328125,1.11328125,,ground_truth_target_mapping_unavailable,,deadline_and_timeout_flag_unavailable,False,True,1,0,3.228125,0.1,causal,False,0,47511,False,block_boundary_24s_buffer,46379,47270,,,
A1,21,1,-1,48579,48631,0.203125,49147,platform_onset_hypothesis,49392,-1.0,,,49392,platform_end_proxy,2.21875,3.17578125,0.95703125,,ground_truth_target_mapping_unavailable,,deadline_and_timeout_flag_unavailable,False,True,1,0,3.07578125,0.1,causal,False,47511,90403,False,block_boundary_24s_buffer,48515,49367,,,
A1,22,1,-1,50676,50728,0.203125,51243,platform_onset_hypothesis,51571,-1.0,,,51571,platform_end_proxy,2.21484375,3.49609375,1.28125,,ground_truth_target_mapping_unavailable,,deadline_and_timeout_flag_unavailable,False,True,1,0,3.39609375,0.1,causal,False,47511,90403,False,block_boundary_24s_buffer,50612,51546,,,
A1,23,1,1,52856,52908,0.203125,53423,platform_onset_hypothesis,53716,1.0,,,53716,platform_end_proxy,2.21484375,3.359375,1.14453125,,ground_truth_target_mapping_unavailable,,deadline_and_timeout_flag_unavailable,False,True,1,0,3.259375,0.1,causal,False,47511,90403,False,block_boundary_24s_buffer,52792,53691,,,
A1,24,1,-1,55001,55053,0.203125,55568,platform_onset_hypothesis,55850,-1.0,,,55850,platform_end_proxy,2.21484375,3.31640625,1.1015625,,ground_truth_target_mapping_unavailable,,deadline_and_timeout_flag_unavailable,False,True,1,0,3.21640625,0.1,causal,False,47511,90403,True,retained,54937,55825,0.0,151.67931936706572,7.811983771176955
A1,25,1,-1,57133,57185,0.203125,57700,platform_onset_hypothesis,58029,-1.0,,,58029,platform_end_proxy,2.21484375,3.5,1.28515625,,ground_truth_target_mapping_unavailable,,deadline_and_timeout_flag_unavailable,False,True,1,0,3.4,0.1,causal,False,47511,90403,True,retained,57069,58004,0.0,831.3409571498079,9.35094338557775
A1,26,1,1,59314,59366,0.203125,59881,platform_onset_hypothesis,60125,1.0,,,60125,platform_end_proxy,2.21484375,3.16796875,0.953125,,ground_truth_target_mapping_unavailable,,deadline_and_timeout_flag_unavailable,False,True,1,0,3.06796875,0.1,causal,False,47511,90403,True,retained,59250,60100,0.0,343.2408731148796,11.841317470640433
A1,27,1,1,61410,61462,0.203125,61978,platform_onset_hypothesis,62292,1.0,,,62292,platform_end_proxy,2.21875,3.4453125,1.2265625,,ground_truth_target_mapping_unavailable,,deadline_and_timeout_flag_unavailable,False,True,1,0,3.3453125,0.1,causal,False,47511,90403,False,quality,61346,62267,0.2854920264488526,1640.263890241777,12.359186047024082
A1,28,1,-1,63575,63627,0.203125,64142,platform_onset_hypothesis,64381,-1.0,,,64381,platform_end_proxy,2.21484375,3.1484375,0.93359375,,ground_truth_target_mapping_unavailable,,deadline_and_timeout_flag_unavailable,False,True,1,0,3.0484375,0.1,causal,False,47511,90403,True,retained,63511,64356,0.0,465.5813132371344,22.473293960632745
A1,29,1,-1,65663,65715,0.203125,66231,platform_onset_hypothesis,66575,-1.0,,,66575,platform_end_proxy,2.21875,3.5625,1.34375,,ground_truth_target_mapping_unavailable,,deadline_and_timeout_flag_unavailable,False,True,1,0,3.4625,0.1,causal,False,47511,90403,True,retained,65599,66550,0.0,809.813673642326,9.272885165766724
A1,30,1,-1,67860,67912,0.203125,68427,platform_onset_hypothesis,68692,-1.0,,,68692,platform_end_proxy,2.21484375,3.25,1.03515625,,ground_truth_target_mapping_unavailable,,deadline_and_timeout_flag_unavailable,False,True,1,0,3.15,0.1,causal,False,47511,90403,True,retained,67796,68667,0.0,131.20162427370974,7.108672142546709
A1,31,1,-1,69976,70028,0.203125,70544,platform_onset_hypothesis,70795,-1.0,,,70795,platform_end_proxy,2.21875,3.19921875,0.98046875,,ground_truth_target_mapping_unavailable,,deadline_and_timeout_flag_unavailable,False,True,1,0,3.09921875,0.1,causal,False,47511,90403,True,retained,69912,70770,0.0,607.9446443524309,10.593554120468866
A1,32,1,1,72081,72133,0.203125,72648,platform_onset_hypothesis,72986,1.0,,,72986,platform_end_proxy,2.21484375,3.53515625,1.3203125,,ground_truth_target_mapping_unavailable,,deadline_and_timeout_flag_unavailable,False,True,1,0,3.43515625,0.1,causal,False,47511,90403,True,retained,72017,72961,0.0,182.3476031954759,10.18850276037093
A1,33,1,1,74269,74321,0.203125,74837,platform_onset_hypothesis,75138,1.0,,,75138,platform_end_proxy,2.21875,3.39453125,1.17578125,,ground_truth_target_mapping_unavailable,,deadline_and_timeout_flag_unavailable,False,True,1,0,3.29453125,0.1,causal,False,47511,90403,True,retained,74205,75113,0.0,110.79097446525638,13.662672640256126
A1,34,1,-1,76422,76474,0.203125,76989,platform_onset_hypothesis,77391,-1.0,,,77391,platform_end_proxy,2.21484375,3.78515625,1.5703125,,ground_truth_target_mapping_unavailable,,deadline_and_timeout_flag_unavailable,False,True,1,0,3.68515625,0.1,causal,False,47511,90403,True,retained,76358,77366,0.0,146.16506098643976,10.088925619740486
A1,35,1,1,78674,78726,0.203125,79241,platform_onset_hypothesis,79509,1.0,,,79509,platform_end_proxy,2.21484375,3.26171875,1.046875,,ground_truth_target_mapping_unavailable,,deadline_and_timeout_flag_unavailable,False,True,1,0,3.16171875,0.1,causal,False,47511,90403,True,retained,78610,79484,0.0,114.88533162696865,7.495258831453774
A1,36,1,-1,80791,80843,0.203125,81358,platform_onset_hypothesis,81646,-1.0,,,81646,platform_end_proxy,2.21484375,3.33984375,1.125,,ground_truth_target_mapping_unavailable,,deadline_and_timeout_flag_unavailable,False,True,1,0,3.23984375,0.1,causal,False,47511,90403,False,quality,80727,81621,0.24417670682730924,1083.7960630468965,12.581197794470881
A1,37,1,-1,82931,82983,0.203125,83499,platform_onset_hypothesis,83790,-1.0,,,83790,platform_end_proxy,2.21875,3.35546875,1.13671875,,ground_truth_target_mapping_unavailable,,deadline_and_timeout_flag_unavailable,False,True,1,0,3.25546875,0.1,causal,False,47511,90403,True,retained,82867,83765,0.0,205.45602726555586,27.92253629213019
A1,38,1,-1,85076,85128,0.203125,85643,platform_onset_hypothesis,85922,-1.0,,,85922,platform_end_proxy,2.21484375,3.3046875,1.08984375,,ground_truth_target_mapping_unavailable,,deadline_and_timeout_flag_unavailable,False,True,1,0,3.2046875,0.1,causal,False,47511,90403,False,block_boundary_24s_buffer,85012,85897,,,
A1,39,1,-1,87204,87256,0.203125,87772,platform_onset_hypothesis,88067,-1.0,,,88067,platform_end_proxy,2.21875,3.37109375,1.15234375,,ground_truth_target_mapping_unavailable,,deadline_and_timeout_flag_unavailable,False,True,1,0,3.27109375,0.1,causal,False,47511,90403,False,block_boundary_24s_buffer,87140,88042,,,
A1,40,1,-1,89353,89405,0.203125,89920,platform_onset_hypothesis,90170,-1.0,,,90170,platform_end_proxy,2.21484375,3.19140625,0.9765625,,ground_truth_target_mapping_unavailable,,deadline_and_timeout_flag_unavailable,False,True,1,0,3.09140625,0.1,causal,False,47511,90403,False,block_boundary_24s_buffer,89289,90145,,,
A1,41,2,-1,91453,91505,0.203125,92021,platform_onset_hypothesis,92268,-1.0,,,92268,platform_end_proxy,2.21875,3.18359375,0.96484375,,ground_truth_target_mapping_unavailable,,deadline_and_timeout_flag_unavailable,False,True,1,0,3.08359375,0.1,causal,False,90403,133255,False,block_boundary_24s_buffer,91389,92243,,,
A1,42,2,1,93554,93606,0.203125,94122,platform_onset_hypothesis,94412,1.0,,,94412,platform_end_proxy,2.21875,3.3515625,1.1328125,,ground_truth_target_mapping_unavailable,,deadline_and_timeout_flag_unavailable,False,True,1,0,3.2515625,0.1,causal,False,90403,133255,False,block_boundary_24s_buffer,93490,94387,,,
A1,43,2,-1,95698,95751,0.20703125,96266,platform_onset_hypothesis,96596,-1.0,,,96596,platform_end_proxy,2.21875,3.5078125,1.2890625,,ground_truth_target_mapping_unavailable,,deadline_and_timeout_flag_unavailable,False,True,1,0,3.4078125,0.1,causal,False,90403,133255,False,block_boundary_24s_buffer,95634,96571,,,
A1,44,2,1,97879,97931,0.203125,98446,platform_onset_hypothesis,98713,1.0,,,98713,platform_end_proxy,2.21484375,3.2578125,1.04296875,,ground_truth_target_mapping_unavailable,,deadline_and_timeout_flag_unavailable,False,True,1,0,3.1578125,0.1,causal,False,90403,133255,True,retained,97815,98688,0.0,164.22164739384274,10.202633950214079
A1,45,2,-1,99995,100048,0.20703125,100563,platform_onset_hypothesis,100811,-1.0,,,100811,platform_end_proxy,2.21875,3.1875,0.96875,,ground_truth_target_mapping_unavailable,,deadline_and_timeout_flag_unavailable,False,True,1,0,3.0875,0.1,causal,False,90403,133255,True,retained,99931,100786,0.0,469.9150942354724,8.467832026832546
A1,46,2,-1,102096,102148,0.203125,102663,platform_onset_hypothesis,102949,-1.0,,,102949,platform_end_proxy,2.21484375,3.33203125,1.1171875,,ground_truth_target_mapping_unavailable,,deadline_and_timeout_flag_unavailable,False,True,1,0,3.23203125,0.1,causal,False,90403,133255,False,quality,102032,102924,0.11352657004830918,1012.652179088439,15.495293902744379
A1,47,2,-1,104233,104285,0.203125,104800,platform_onset_hypothesis,105138,-1.0,,,105138,platform_end_proxy,2.21484375,3.53515625,1.3203125,,ground_truth_target_mapping_unavailable,,deadline_and_timeout_flag_unavailable,False,True,1,0,3.43515625,0.1,causal,False,90403,133255,True,retained,104169,105113,0.0,264.7895759860021,11.756649675719899
A1,48,2,1,106421,106473,0.203125,106988,platform_onset_hypothesis,107311,1.0,,,107311,platform_end_proxy,2.21484375,3.4765625,1.26171875,,ground_truth_target_mapping_unavailable,,deadline_and_timeout_flag_unavailable,False,True,1,0,3.3765625,0.1,causal,False,90403,133255,True,retained,106357,107286,0.0,149.21045764477827,11.760844940746523
A1,49,2,-1,108593,108646,0.20703125,109161,platform_onset_hypothesis,109441,-1.0,,,109441,platform_end_proxy,2.21875,3.3125,1.09375,,ground_truth_target_mapping_unavailable,,deadline_and_timeout_flag_unavailable,False,True,1,0,3.2125,0.1,causal,False,90403,133255,True,retained,108529,109416,0.0,324.68027720731897,9.204304390968627
A1,50,2,-1,110726,110778,0.203125,111293,platform_onset_hypothesis,111553,-1.0,,,111553,platform_end_proxy,2.21484375,3.23046875,1.015625,,ground_truth_target_mapping_unavailable,,deadline_and_timeout_flag_unavailable,False,True,1,0,3.13046875,0.1,causal,False,90403,133255,True,retained,110662,111528,0.0,395.83505020508494,14.368360500540428
A1,51,2,1,112835,112887,0.203125,113402,platform_onset_hypothesis,113700,1.0,,,113700,platform_end_proxy,2.21484375,3.37890625,1.1640625,,ground_truth_target_mapping_unavailable,,deadline_and_timeout_flag_unavailable,False,True,1,0,3.27890625,0.1,causal,False,90403,133255,True,retained,112771,113675,0.007936507936507936,1230.4383214898578,13.138225432628929
A1,52,2,1,114983,115035,0.203125,115551,platform_onset_hypothesis,115865,1.0,,,115865,platform_end_proxy,2.21875,3.4453125,1.2265625,,ground_truth_target_mapping_unavailable,,deadline_and_timeout_flag_unavailable,False,True,1,0,3.3453125,0.1,causal,False,90403,133255,True,retained,114919,115840,0.0,1662.9747293530772,13.93418996903091
A1,53,2,1,117148,117200,0.203125,117715,platform_onset_hypothesis,117979,1.0,,,117979,platform_end_proxy,2.21484375,3.24609375,1.03125,,ground_truth_target_mapping_unavailable,,deadline_and_timeout_flag_unavailable,False,True,1,0,3.14609375,0.1,causal,False,90403,133255,True,retained,117084,117954,0.006617038875103391,1361.5617141483235,15.920357653006647
A1,54,2,-1,119264,119316,0.203125,119832,platform_onset_hypothesis,120130,-1.0,,,120130,platform_end_proxy,2.21875,3.3828125,1.1640625,,ground_truth_target_mapping_unavailable,,deadline_and_timeout_flag_unavailable,False,True,1,0,3.2828125,0.1,causal,False,90403,133255,True,retained,119200,120105,0.0,1221.9500247466535,10.495804433582293
A1,55,2,1,121417,121469,0.203125,121984,platform_onset_hypothesis,122259,1.0,,,122259,platform_end_proxy,2.21484375,3.2890625,1.07421875,,ground_truth_target_mapping_unavailable,,deadline_and_timeout_flag_unavailable,False,True,1,0,3.1890625,0.1,causal,False,90403,133255,True,retained,121353,122234,0.0,161.8449021881371,10.906989011620496
A1,56,2,-1,123541,123593,0.203125,124109,platform_onset_hypothesis,124416,-1.0,,,124416,platform_end_proxy,2.21875,3.41796875,1.19921875,,ground_truth_target_mapping_unavailable,,deadline_and_timeout_flag_unavailable,False,True,1,0,3.31796875,0.1,causal,False,90403,133255,True,retained,123477,124391,0.0,222.5075489124897,9.360602461563296
A1,57,2,-1,125702,125754,0.203125,126269,platform_onset_hypothesis,126579,-1.0,,,126579,platform_end_proxy,2.21484375,3.42578125,1.2109375,,ground_truth_target_mapping_unavailable,,deadline_and_timeout_flag_unavailable,False,True,1,0,3.32578125,0.1,causal,False,90403,133255,True,retained,125638,126554,0.0,205.86423490131548,10.507342147029025
A1,58,2,1,127862,127914,0.203125,128429,platform_onset_hypothesis,128743,1.0,,,128743,platform_end_proxy,2.21484375,3.44140625,1.2265625,,ground_truth_target_mapping_unavailable,,deadline_and_timeout_flag_unavailable,False,True,1,0,3.34140625,0.1,causal,False,90403,133255,False,block_boundary_24s_buffer,127798,128718,,,
A1,59,2,1,130027,130079,0.203125,130594,platform_onset_hypothesis,130890,1.0,,,130890,platform_end_proxy,2.21484375,3.37109375,1.15625,,ground_truth_target_mapping_unavailable,,deadline_and_timeout_flag_unavailable,False,True,1,0,3.27109375,0.1,causal,False,90403,133255,False,block_boundary_24s_buffer,129963,130865,,,
A1,60,2,-1,132175,132227,0.203125,132742,platform_onset_hypothesis,133052,-1.0,,,133052,platform_end_proxy,2.21484375,3.42578125,1.2109375,,ground_truth_target_mapping_unavailable,,deadline_and_timeout_flag_unavailable,False,True,1,0,3.32578125,0.1,causal,False,90403,133255,False,block_boundary_24s_buffer,132111,133027,,,
A1,61,3,1,134336,134388,0.203125,134903,platform_onset_hypothesis,135373,1.0,,,135373,platform_end_proxy,2.21484375,4.05078125,1.8359375,,ground_truth_target_mapping_unavailable,,deadline_and_timeout_flag_unavailable,False,True,1,0,3.95078125,0.1,causal,False,133255,176086,False,block_boundary_24s_buffer,134272,135348,,,
A1,62,3,-1,136656,136708,0.203125,137223,platform_onset_hypothesis,137503,-1.0,,,137503,platform_end_proxy,2.21484375,3.30859375,1.09375,,ground_truth_target_mapping_unavailable,,deadline_and_timeout_flag_unavailable,False,True,1,0,3.20859375,0.1,causal,False,133255,176086,False,block_boundary_24s_buffer,136592,137478,,,
A1,63,3,1,138788,138841,0.20703125,139356,platform_onset_hypothesis,139658,1.0,,,139658,platform_end_proxy,2.21875,3.3984375,1.1796875,,ground_truth_target_mapping_unavailable,,deadline_and_timeout_flag_unavailable,False,True,1,0,3.2984375,0.1,causal,False,133255,176086,False,block_boundary_24s_buffer,138724,139633,,,
A1,64,3,1,140941,140993,0.203125,141508,platform_onset_hypothesis,141755,1.0,,,141755,platform_end_proxy,2.21484375,3.1796875,0.96484375,,ground_truth_target_mapping_unavailable,,deadline_and_timeout_flag_unavailable,False,True,1,0,3.0796875,0.1,causal,False,133255,176086,True,retained,140877,141730,0.0,914.0252905414479,14.020026655992012
A1,65,3,-1,143037,143090,0.20703125,143605,platform_onset_hypothesis,143927,-1.0,,,143927,platform_end_proxy,2.21875,3.4765625,1.2578125,,ground_truth_target_mapping_unavailable,,deadline_and_timeout_flag_unavailable,False,True,1,0,3.3765625,0.1,causal,False,133255,176086,True,retained,142973,143902,0.0,256.16889807787504,14.260905734482904
A1,66,3,1,145214,145266,0.203125,145781,platform_onset_hypothesis,146056,1.0,,,146056,platform_end_proxy,2.21484375,3.2890625,1.07421875,,ground_truth_target_mapping_unavailable,,deadline_and_timeout_flag_unavailable,False,True,1,0,3.1890625,0.1,causal,False,133255,176086,True,retained,145150,146031,0.0,429.9029007614378,12.034182698432005
A1,67,3,-1,147338,147391,0.20703125,147906,platform_onset_hypothesis,148211,-1.0,,,148211,platform_end_proxy,2.21875,3.41015625,1.19140625,,ground_truth_target_mapping_unavailable,,deadline_and_timeout_flag_unavailable,False,True,1,0,3.31015625,0.1,causal,False,133255,176086,True,retained,147274,148186,0.0,347.26953943009977,12.788698203344069
A1,68,3,-1,149495,149547,0.203125,150062,platform_onset_hypothesis,150326,-1.0,,,150326,platform_end_proxy,2.21484375,3.24609375,1.03125,,ground_truth_target_mapping_unavailable,,deadline_and_timeout_flag_unavailable,False,True,1,0,3.14609375,0.1,causal,False,133255,176086,True,retained,149431,150301,0.0,183.97031687106787,12.328200885533505
A1,69,3,1,151611,151664,0.20703125,152179,platform_onset_hypothesis,152477,1.0,,,152477,platform_end_proxy,2.21875,3.3828125,1.1640625,,ground_truth_target_mapping_unavailable,,deadline_and_timeout_flag_unavailable,False,True,1,0,3.2828125,0.1,causal,False,133255,176086,True,retained,151547,152452,0.0,140.12379720656122,10.515029288460623
A1,70,3,1,153760,153812,0.203125,154327,platform_onset_hypothesis,154607,1.0,,,154607,platform_end_proxy,2.21484375,3.30859375,1.09375,,ground_truth_target_mapping_unavailable,,deadline_and_timeout_flag_unavailable,False,True,1,0,3.20859375,0.1,causal,False,133255,176086,True,retained,153696,154582,0.0,345.65540586566294,11.311838767455777
A1,71,3,-1,155889,155941,0.203125,156456,platform_onset_hypothesis,156733,-1.0,,,156733,platform_end_proxy,2.21484375,3.296875,1.08203125,,ground_truth_target_mapping_unavailable,,deadline_and_timeout_flag_unavailable,False,True,1,0,3.196875,0.1,causal,False,133255,176086,True,retained,155825,156708,0.0,231.8976416566075,13.203305588389298
A1,72,3,1,158017,158069,0.203125,158584,platform_onset_hypothesis,158806,1.0,,,158806,platform_end_proxy,2.21484375,3.08203125,0.8671875,,ground_truth_target_mapping_unavailable,,deadline_and_timeout_flag_unavailable,False,True,1,0,2.98203125,0.1,causal,False,133255,176086,True,retained,157953,158781,0.0,184.11553238364888,10.166687580315873
A1,73,3,-1,160090,160142,0.203125,160657,platform_onset_hypothesis,160971,-1.0,,,160971,platform_end_proxy,2.21484375,3.44140625,1.2265625,,ground_truth_target_mapping_unavailable,,deadline_and_timeout_flag_unavailable,False,True,1,0,3.34140625,0.1,causal,False,133255,176086,True,retained,160026,160946,0.0,621.8392772933314,10.284846174974575
A1,74,3,1,162254,162306,0.203125,162821,platform_onset_hypothesis,163082,1.0,,,163082,platform_end_proxy,2.21484375,3.234375,1.01953125,,ground_truth_target_mapping_unavailable,,deadline_and_timeout_flag_unavailable,False,True,1,0,3.134375,0.1,causal,False,133255,176086,True,retained,162190,163057,0.0,559.2763321258549,11.445788443541566
A1,75,3,-1,164367,164419,0.203125,164934,platform_onset_hypothesis,165210,-1.0,,,165210,platform_end_proxy,2.21484375,3.29296875,1.078125,,ground_truth_target_mapping_unavailable,,deadline_and_timeout_flag_unavailable,False,True,1,0,3.19296875,0.1,causal,False,133255,176086,True,retained,164303,165185,0.0,951.5978741976076,14.113139872370539
A1,76,3,1,166495,166547,0.203125,167063,platform_onset_hypothesis,167313,1.0,,,167313,platform_end_proxy,2.21875,3.1953125,0.9765625,,ground_truth_target_mapping_unavailable,,deadline_and_timeout_flag_unavailable,False,True,1,0,3.0953125,0.1,causal,False,133255,176086,True,retained,166431,167288,0.0,341.5058717342681,12.44977639027249
A1,77,3,-1,168596,168648,0.203125,169163,platform_onset_hypothesis,169453,-1.0,,,169453,platform_end_proxy,2.21484375,3.34765625,1.1328125,,ground_truth_target_mapping_unavailable,,deadline_and_timeout_flag_unavailable,False,True,1,0,3.24765625,0.1,causal,False,133255,176086,False,quality,168532,169428,0.2828525641025641,550.1904470438567,10.852272748046289
A1,78,3,-1,170736,170789,0.20703125,171304,platform_onset_hypothesis,171576,-1.0,,,171576,platform_end_proxy,2.21875,3.28125,1.0625,,ground_truth_target_mapping_unavailable,,deadline_and_timeout_flag_unavailable,False,True,1,0,3.18125,0.1,causal,False,133255,176086,False,block_boundary_24s_buffer,170672,171551,,,
A1,79,3,-1,172861,172913,0.203125,173429,platform_onset_hypothesis,173717,-1.0,,,173717,platform_end_proxy,2.21875,3.34375,1.125,,ground_truth_target_mapping_unavailable,,deadline_and_timeout_flag_unavailable,False,True,1,0,3.24375,0.1,causal,False,133255,176086,False,block_boundary_24s_buffer,172797,173692,,,
A1,80,3,-1,175002,175054,0.203125,175569,platform_onset_hypothesis,175883,-1.0,,,175883,platform_end_proxy,2.21484375,3.44140625,1.2265625,,ground_truth_target_mapping_unavailable,,deadline_and_timeout_flag_unavailable,False,True,1,0,3.34140625,0.1,causal,False,133255,176086,False,block_boundary_24s_buffer,174938,175858,,,
A1,81,4,-1,177170,177222,0.203125,177737,platform_onset_hypothesis,178035,-1.0,,,178035,platform_end_proxy,2.21484375,3.37890625,1.1640625,,ground_truth_target_mapping_unavailable,,deadline_and_timeout_flag_unavailable,False,True,1,0,3.27890625,0.1,causal,False,176086,223845,False,block_boundary_24s_buffer,177106,178010,,,
A1,82,4,1,179318,179371,0.20703125,179886,platform_onset_hypothesis,180176,1.0,,,180176,platform_end_proxy,2.21875,3.3515625,1.1328125,,ground_truth_target_mapping_unavailable,,deadline_and_timeout_flag_unavailable,False,True,1,0,3.2515625,0.1,causal,False,176086,223845,False,block_boundary_24s_buffer,179254,180151,,,
A1,83,4,-1,181459,181511,0.203125,182026,platform_onset_hypothesis,182274,-1.0,,,182274,platform_end_proxy,2.21484375,3.18359375,0.96875,,ground_truth_target_mapping_unavailable,,deadline_and_timeout_flag_unavailable,False,True,1,0,3.08359375,0.1,causal,False,176086,223845,False,block_boundary_24s_buffer,181395,182249,,,
A1,84,4,1,183556,183608,0.203125,184123,platform_onset_hypothesis,184388,1.0,,,184388,platform_end_proxy,2.21484375,3.25,1.03515625,,ground_truth_target_mapping_unavailable,,deadline_and_timeout_flag_unavailable,False,True,1,0,3.15,0.1,causal,False,176086,223845,True,retained,183492,184363,0.0,808.6553270276897,12.697347220246513
A1,85,4,-1,185672,185724,0.203125,186239,platform_onset_hypothesis,186504,-1.0,,,186504,platform_end_proxy,2.21484375,3.25,1.03515625,,ground_truth_target_mapping_unavailable,,deadline_and_timeout_flag_unavailable,False,True,1,0,3.15,0.1,causal,False,176086,223845,True,retained,185608,186479,0.0,628.2333644427466,11.53526230558451
A1,86,4,1,187789,187841,0.203125,188356,platform_onset_hypothesis,188625,1.0,,,188625,platform_end_proxy,2.21484375,3.265625,1.05078125,,ground_truth_target_mapping_unavailable,,deadline_and_timeout_flag_unavailable,False,True,1,0,3.165625,0.1,causal,False,176086,223845,True,retained,187725,188600,0.0,828.346291292934,11.190354201498053
A1,87,4,1,189909,189961,0.203125,190477,platform_onset_hypothesis,190801,1.0,,,190801,platform_end_proxy,2.21875,3.484375,1.265625,,ground_truth_target_mapping_unavailable,,deadline_and_timeout_flag_unavailable,False,True,1,0,3.384375,0.1,causal,False,176086,223845,True,retained,189845,190776,0.0,255.24822562794247,13.293503983669396
A1,88,4,1,192086,192138,0.203125,192653,platform_onset_hypothesis,192927,1.0,,,192927,platform_end_proxy,2.21484375,3.28515625,1.0703125,,ground_truth_target_mapping_unavailable,,deadline_and_timeout_flag_unavailable,False,True,1,0,3.18515625,0.1,causal,False,176086,223845,False,quality,192022,192902,0.07434640522875817,1121.2874657140565,11.71236316804388
A1,89,4,1,194210,194262,0.203125,194778,platform_onset_hypothesis,195055,1.0,,,195055,platform_end_proxy,2.21875,3.30078125,1.08203125,,ground_truth_target_mapping_unavailable,,deadline_and_timeout_flag_unavailable,False,True,1,0,3.20078125,0.1,causal,False,176086,223845,True,retained,194146,195030,0.0,556.8035943495195,12.302608773860683
A1,90,4,1,196339,196391,0.203125,196906,platform_onset_hypothesis,197165,1.0,,,197165,platform_end_proxy,2.21484375,3.2265625,1.01171875,,ground_truth_target_mapping_unavailable,,deadline_and_timeout_flag_unavailable,False,True,1,0,3.1265625,0.1,causal,False,176086,223845,True,retained,196275,197140,0.0,153.7767685124383,14.886407290270228
A1,91,4,-1,198451,198504,0.20703125,199019,platform_onset_hypothesis,199371,-1.0,,,199371,platform_end_proxy,2.21875,3.59375,1.375,,ground_truth_target_mapping_unavailable,,deadline_and_timeout_flag_unavailable,False,True,1,0,3.49375,0.1,causal,False,176086,223845,True,retained,198387,199346,0.0,921.4841447826459,13.44765855368891
A1,92,4,1,200656,200708,0.203125,201223,platform_onset_hypothesis,201475,1.0,,,201475,platform_end_proxy,2.21484375,3.19921875,0.984375,,ground_truth_target_mapping_unavailable,,deadline_and_timeout_flag_unavailable,False,True,1,0,3.09921875,0.1,causal,False,176086,223845,True,retained,200592,201450,0.0,541.0354736929839,9.779170739744188
A1,93,4,1,202756,202808,0.203125,203324,platform_onset_hypothesis,203657,1.0,,,203657,platform_end_proxy,2.21875,3.51953125,1.30078125,,ground_truth_target_mapping_unavailable,,deadline_and_timeout_flag_unavailable,False,True,1,0,3.41953125,0.1,causal,False,176086,223845,True,retained,202692,203632,0.0,175.67732641502764,13.229124225224709
A1,94,4,1,204941,204993,0.203125,205508,platform_onset_hypothesis,205829,1.0,,,205829,platform_end_proxy,2.21484375,3.46875,1.25390625,,ground_truth_target_mapping_unavailable,,deadline_and_timeout_flag_unavailable,False,True,1,0,3.36875,0.1,causal,False,176086,223845,True,retained,204877,205804,0.0,131.50611441735523,11.589224243430479
A1,95,4,-1,207113,207165,0.203125,207681,platform_onset_hypothesis,208003,-1.0,,,208003,platform_end_proxy,2.21875,3.4765625,1.2578125,,ground_truth_target_mapping_unavailable,,deadline_and_timeout_flag_unavailable,False,True,1,0,3.3765625,0.1,causal,False,176086,223845,True,retained,207049,207978,0.0,235.69226915339976,11.588997837738702
A1,96,4,1,209286,209338,0.203125,209853,platform_onset_hypothesis,210099,1.0,,,210099,platform_end_proxy,2.21484375,3.17578125,0.9609375,,ground_truth_target_mapping_unavailable,,deadline_and_timeout_flag_unavailable,False,True,1,0,3.07578125,0.1,causal,False,176086,223845,True,retained,209222,210074,0.0,154.44761162195906,12.112897832403746
A1,97,4,1,211382,211434,0.203125,211950,platform_onset_hypothesis,212182,1.0,,,212182,platform_end_proxy,2.21875,3.125,0.90625,,ground_truth_target_mapping_unavailable,,deadline_and_timeout_flag_unavailable,False,True,1,0,3.025,0.1,causal,False,176086,223845,True,retained,211318,212157,0.0,993.5058296466091,14.601038181333706
A1,98,4,-1,213467,213519,0.203125,214034,platform_onset_hypothesis,214334,-1.0,,,214334,platform_end_proxy,2.21484375,3.38671875,1.171875,,ground_truth_target_mapping_unavailable,,deadline_and_timeout_flag_unavailable,False,True,1,0,3.28671875,0.1,causal,False,176086,223845,True,retained,213403,214309,0.0,1360.999851839273,15.34573891379867
A1,99,4,-1,215619,215672,0.20703125,216187,platform_onset_hypothesis,216530,-1.0,,,216530,platform_end_proxy,2.21875,3.55859375,1.33984375,,ground_truth_target_mapping_unavailable,,deadline_and_timeout_flag_unavailable,False,True,1,0,3.45859375,0.1,causal,False,176086,223845,True,retained,215555,216505,0.0,255.08107826614727,13.663075983878372
A1,100,4,1,217816,217868,0.203125,218383,platform_onset_hypothesis,218710,1.0,,,218710,platform_end_proxy,2.21484375,3.4921875,1.27734375,,ground_truth_target_mapping_unavailable,,deadline_and_timeout_flag_unavailable,False,True,1,0,3.3921875,0.1,causal,False,176086,223845,False,block_boundary_24s_buffer,217752,218685,,,
A2,1,0,1,5133,5185,0.203125,5701,platform_onset_hypothesis,6134,-1.0,6134.0,-1.0,6134,explicit_click,2.21875,3.91015625,1.69140625,,ground_truth_target_mapping_unavailable,,deadline_and_timeout_flag_unavailable,True,True,1,1,3.81015625,0.1,causal,False,0,48707,False,block_boundary_24s_buffer,5069,6109,,,
A2,2,0,-1,7418,7470,0.203125,7985,platform_onset_hypothesis,8490,-1.0,8490.0,-1.0,8490,explicit_click,2.21484375,4.1875,1.97265625,,ground_truth_target_mapping_unavailable,,deadline_and_timeout_flag_unavailable,False,True,1,1,4.0875,0.1,causal,False,0,48707,True,retained,7354,8465,0.0,636.3480264580421,12.652875667622311
A2,3,0,-1,9778,9830,0.203125,10345,platform_onset_hypothesis,10730,-1.0,10730.0,-1.0,10730,explicit_click,2.21484375,3.71875,1.50390625,,ground_truth_target_mapping_unavailable,,deadline_and_timeout_flag_unavailable,False,True,1,1,3.61875,0.1,causal,False,0,48707,True,retained,9714,10705,0.0,565.0038250259274,10.009677946549374
A2,4,0,-1,12014,12066,0.203125,12581,platform_onset_hypothesis,12969,-1.0,12969.0,-1.0,12969,explicit_click,2.21484375,3.73046875,1.515625,,ground_truth_target_mapping_unavailable,,deadline_and_timeout_flag_unavailable,False,True,1,1,3.63046875,0.1,causal,False,0,48707,True,retained,11950,12944,0.0,224.81127602234508,8.723892228278359
A2,5,0,1,14255,14307,0.203125,14822,platform_onset_hypothesis,15193,-1.0,15193.0,-1.0,15193,explicit_click,2.21484375,3.6640625,1.44921875,,ground_truth_target_mapping_unavailable,,deadline_and_timeout_flag_unavailable,True,True,1,1,3.5640625,0.1,causal,False,0,48707,True,retained,14191,15168,0.0,486.6206152786602,10.997352355333533
A2,6,0,-1,16479,16531,0.203125,17046,platform_onset_hypothesis,17389,1.0,17389.0,1.0,17389,explicit_click,2.21484375,3.5546875,1.33984375,,ground_truth_target_mapping_unavailable,,deadline_and_timeout_flag_unavailable,True,True,1,1,3.4546875,0.1,causal,False,0,48707,True,retained,16415,17364,0.0,430.2815006978359,12.503813338161564
A2,7,0,1,18675,18727,0.203125,19243,platform_onset_hypothesis,19580,-1.0,19580.0,-1.0,19580,explicit_click,2.21875,3.53515625,1.31640625,,ground_truth_target_mapping_unavailable,,deadline_and_timeout_flag_unavailable,True,True,1,1,3.43515625,0.1,causal,False,0,48707,True,retained,18611,19555,0.0,445.20942527729505,9.73893017156849
A2,8,0,1,20864,20916,0.203125,21431,platform_onset_hypothesis,21772,-1.0,21772.0,-1.0,21772,explicit_click,2.21484375,3.546875,1.33203125,,ground_truth_target_mapping_unavailable,,deadline_and_timeout_flag_unavailable,True,True,1,1,3.446875,0.1,causal,False,0,48707,True,retained,20800,21747,0.0,383.52080012859363,9.663848942410368
A2,9,0,-1,23056,23108,0.203125,23624,platform_onset_hypothesis,24050,1.0,24050.0,1.0,24050,explicit_click,2.21875,3.8828125,1.6640625,,ground_truth_target_mapping_unavailable,,deadline_and_timeout_flag_unavailable,True,True,1,1,3.7828125,0.1,causal,False,0,48707,True,retained,22992,24025,0.0,376.6816136591945,10.246056659110991
A2,10,0,-1,25337,25389,0.203125,25904,platform_onset_hypothesis,26248,-1.0,26248.0,-1.0,26248,explicit_click,2.21484375,3.55859375,1.34375,,ground_truth_target_mapping_unavailable,,deadline_and_timeout_flag_unavailable,False,True,1,1,3.45859375,0.1,causal,False,0,48707,True,retained,25273,26223,0.0,527.7652321027008,10.231796296356379
A2,11,0,1,27533,27585,0.203125,28100,platform_onset_hypothesis,28478,1.0,28478.0,1.0,28478,explicit_click,2.21484375,3.69140625,1.4765625,,ground_truth_target_mapping_unavailable,,deadline_and_timeout_flag_unavailable,False,True,1,1,3.59140625,0.1,causal,False,0,48707,True,retained,27469,28453,0.0,599.5730474334287,13.737118622785104
A2,12,0,1,29761,29814,0.20703125,30329,platform_onset_hypothesis,30687,-1.0,30687.0,-1.0,30687,explicit_click,2.21875,3.6171875,1.3984375,,ground_truth_target_mapping_unavailable,,deadline_and_timeout_flag_unavailable,True,True,1,1,3.5171875,0.1,causal,False,0,48707,True,retained,29697,30662,0.0,732.2517275172345,10.609531480624128
A2,13,0,1,31970,32022,0.203125,32537,platform_onset_hypothesis,32883,-1.0,32883.0,-1.0,32883,explicit_click,2.21484375,3.56640625,1.3515625,,ground_truth_target_mapping_unavailable,,deadline_and_timeout_flag_unavailable,True,True,1,1,3.46640625,0.1,causal,False,0,48707,True,retained,31906,32858,0.0,489.67545844609845,10.067602270164627
A2,14,0,-1,34166,34218,0.203125,34734,platform_onset_hypothesis,35127,-1.0,35127.0,-1.0,35127,explicit_click,2.21875,3.75390625,1.53515625,,ground_truth_target_mapping_unavailable,,deadline_and_timeout_flag_unavailable,False,True,1,1,3.65390625,0.1,causal,False,0,48707,True,retained,34102,35102,0.0,945.2818531767618,10.806235533731808
A2,15,0,-1,36415,36467,0.203125,36982,platform_onset_hypothesis,37415,1.0,37415.0,1.0,37415,explicit_click,2.21484375,3.90625,1.69140625,,ground_truth_target_mapping_unavailable,,deadline_and_timeout_flag_unavailable,True,True,1,1,3.80625,0.1,causal,False,0,48707,True,retained,36351,37390,0.0,263.9241200715152,12.543844932043811
A2,16,0,-1,38699,38751,0.203125,39267,platform_onset_hypothesis,39657,1.0,39657.0,1.0,39657,explicit_click,2.21875,3.7421875,1.5234375,,ground_truth_target_mapping_unavailable,,deadline_and_timeout_flag_unavailable,True,True,1,1,3.6421875,0.1,causal,False,0,48707,True,retained,38635,39632,0.0,772.9062419121367,8.731350772038752
A2,17,0,1,40943,40996,0.20703125,41511,platform_onset_hypothesis,41874,-1.0,41874.0,-1.0,41874,explicit_click,2.21875,3.63671875,1.41796875,,ground_truth_target_mapping_unavailable,,deadline_and_timeout_flag_unavailable,True,True,1,1,3.53671875,0.1,causal,False,0,48707,True,retained,40879,41849,0.0,945.7999698359125,13.001074595965065
A2,18,0,1,43164,43216,0.203125,43731,platform_onset_hypothesis,44133,1.0,44133.0,1.0,44133,explicit_click,2.21484375,3.78515625,1.5703125,,ground_truth_target_mapping_unavailable,,deadline_and_timeout_flag_unavailable,False,True,1,1,3.68515625,0.1,causal,False,0,48707,False,block_boundary_24s_buffer,43100,44108,,,
A2,19,0,-1,45420,45472,0.203125,45988,platform_onset_hypothesis,46306,1.0,46306.0,1.0,46306,explicit_click,2.21875,3.4609375,1.2421875,,ground_truth_target_mapping_unavailable,,deadline_and_timeout_flag_unavailable,True,True,1,1,3.3609375,0.1,causal,False,0,48707,False,block_boundary_24s_buffer,45356,46281,,,
A2,20,0,-1,47593,47645,0.203125,48160,platform_onset_hypothesis,48538,1.0,48538.0,1.0,48538,explicit_click,2.21484375,3.69140625,1.4765625,,ground_truth_target_mapping_unavailable,,deadline_and_timeout_flag_unavailable,True,True,1,1,3.59140625,0.1,causal,False,0,48707,False,block_boundary_24s_buffer,47529,48513,,,
A2,21,1,1,49821,49873,0.203125,50388,platform_onset_hypothesis,50719,-1.0,50719.0,-1.0,50719,explicit_click,2.21484375,3.5078125,1.29296875,,ground_truth_target_mapping_unavailable,,deadline_and_timeout_flag_unavailable,True,True,1,1,3.4078125,0.1,causal,False,48707,92847,False,block_boundary_24s_buffer,49757,50694,,,
A2,22,1,-1,52005,52058,0.20703125,52573,platform_onset_hypothesis,52939,-1.0,52939.0,-1.0,52939,explicit_click,2.21875,3.6484375,1.4296875,,ground_truth_target_mapping_unavailable,,deadline_and_timeout_flag_unavailable,False,True,1,1,3.5484375,0.1,causal,False,48707,92847,False,block_boundary_24s_buffer,51941,52914,,,
A2,23,1,1,54226,54278,0.203125,54793,platform_onset_hypothesis,55131,1.0,55131.0,1.0,55131,explicit_click,2.21484375,3.53515625,1.3203125,,ground_truth_target_mapping_unavailable,,deadline_and_timeout_flag_unavailable,False,True,1,1,3.43515625,0.1,causal,False,48707,92847,False,block_boundary_24s_buffer,54162,55106,,,
A2,24,1,1,56418,56470,0.203125,56986,platform_onset_hypothesis,57344,-1.0,57344.0,-1.0,57344,explicit_click,2.21875,3.6171875,1.3984375,,ground_truth_target_mapping_unavailable,,deadline_and_timeout_flag_unavailable,True,True,1,1,3.5171875,0.1,causal,False,48707,92847,True,retained,56354,57319,0.0,561.9828731557499,8.432756717301622
A2,25,1,-1,58631,58683,0.203125,59198,platform_onset_hypothesis,59512,1.0,59512.0,1.0,59512,explicit_click,2.21484375,3.44140625,1.2265625,,ground_truth_target_mapping_unavailable,,deadline_and_timeout_flag_unavailable,True,True,1,1,3.34140625,0.1,causal,False,48707,92847,True,retained,58567,59487,0.0,338.49296688869606,10.715406124846623
A2,26,1,-1,60795,60847,0.203125,61363,platform_onset_hypothesis,61688,1.0,61688.0,1.0,61688,explicit_click,2.21875,3.48828125,1.26953125,,ground_truth_target_mapping_unavailable,,deadline_and_timeout_flag_unavailable,True,True,1,1,3.38828125,0.1,causal,False,48707,92847,True,retained,60731,61663,0.0,302.8075107433003,11.704463855587363
A2,27,1,1,62972,63024,0.203125,63539,platform_onset_hypothesis,63895,1.0,63895.0,1.0,63895,explicit_click,2.21484375,3.60546875,1.390625,,ground_truth_target_mapping_unavailable,,deadline_and_timeout_flag_unavailable,False,True,1,1,3.50546875,0.1,causal,False,48707,92847,True,retained,62908,63870,0.0,785.7270713351785,10.963619626526906
A2,28,1,1,65181,65233,0.203125,65748,platform_onset_hypothesis,66119,1.0,66119.0,1.0,66119,explicit_click,2.21484375,3.6640625,1.44921875,,ground_truth_target_mapping_unavailable,,deadline_and_timeout_flag_unavailable,False,True,1,1,3.5640625,0.1,causal,False,48707,92847,True,retained,65117,66094,0.0,521.3158260668797,12.047087165116636
A2,29,1,1,67405,67457,0.203125,67972,platform_onset_hypothesis,68399,1.0,68399.0,1.0,68399,explicit_click,2.21484375,3.8828125,1.66796875,,ground_truth_target_mapping_unavailable,,deadline_and_timeout_flag_unavailable,False,True,1,1,3.7828125,0.1,causal,False,48707,92847,True,retained,67341,68374,0.0,1028.209406055307,15.127498181471594
A2,30,1,-1,69685,69737,0.203125,70252,platform_onset_hypothesis,70656,-1.0,70656.0,-1.0,70656,explicit_click,2.21484375,3.79296875,1.578125,,ground_truth_target_mapping_unavailable,,deadline_and_timeout_flag_unavailable,False,True,1,1,3.69296875,0.1,causal,False,48707,92847,False,quality,69621,70631,0.03629316420014094,2666.1496841677763,542.6805271577832
A2,31,1,-1,71941,71993,0.203125,72509,platform_onset_hypothesis,72819,1.0,72819.0,1.0,72819,explicit_click,2.21875,3.4296875,1.2109375,,ground_truth_target_mapping_unavailable,,deadline_and_timeout_flag_unavailable,True,True,1,1,3.3296875,0.1,causal,False,48707,92847,False,quality,71877,72794,0.10160218835482611,3602.550677998568,547.8879539564364
A2,32,1,-1,74110,74162,0.203125,74677,platform_onset_hypothesis,74976,1.0,74976.0,1.0,74976,explicit_click,2.21484375,3.3828125,1.16796875,,ground_truth_target_mapping_unavailable,,deadline_and_timeout_flag_unavailable,True,True,1,1,3.2828125,0.1,causal,False,48707,92847,True,retained,74046,74951,0.0,488.65747080003496,10.880797058223465
A2,33,1,1,76262,76314,0.203125,76830,platform_onset_hypothesis,77164,1.0,77164.0,1.0,77164,explicit_click,2.21875,3.5234375,1.3046875,,ground_truth_target_mapping_unavailable,,deadline_and_timeout_flag_unavailable,False,True,1,1,3.4234375,0.1,causal,False,48707,92847,False,quality,76198,77139,0.13835043709616116,3823.9523944264583,548.7287658211045
A2,34,1,-1,78455,78507,0.203125,79022,platform_onset_hypothesis,79406,-1.0,79406.0,-1.0,79406,explicit_click,2.21484375,3.71484375,1.5,,ground_truth_target_mapping_unavailable,,deadline_and_timeout_flag_unavailable,False,True,1,1,3.61484375,0.1,causal,False,48707,92847,False,quality,78391,79381,0.1558675305975522,3457.0421569696027,591.7485491956304
A2,35,1,-1,80691,80743,0.203125,81258,platform_onset_hypothesis,81632,-1.0,81632.0,-1.0,81632,explicit_click,2.21484375,3.67578125,1.4609375,,ground_truth_target_mapping_unavailable,,deadline_and_timeout_flag_unavailable,False,True,1,1,3.57578125,0.1,causal,False,48707,92847,True,retained,80627,81607,0.007641921397379912,931.5969526303286,10.0101472579139
A2,36,1,1,82915,82968,0.20703125,83483,platform_onset_hypothesis,83785,1.0,83785.0,1.0,83785,explicit_click,2.21875,3.3984375,1.1796875,,ground_truth_target_mapping_unavailable,,deadline_and_timeout_flag_unavailable,False,True,1,1,3.2984375,0.1,causal,False,48707,92847,True,retained,82851,83760,0.0,401.7062306555265,11.177631246267424
A2,37,1,1,85072,85124,0.203125,85639,platform_onset_hypothesis,85983,1.0,85983.0,1.0,85983,explicit_click,2.21484375,3.55859375,1.34375,,ground_truth_target_mapping_unavailable,,deadline_and_timeout_flag_unavailable,False,True,1,1,3.45859375,0.1,causal,False,48707,92847,True,retained,85008,85958,0.0,1154.282776979907,14.895416025077793
A2,38,1,-1,87272,87325,0.20703125,87840,platform_onset_hypothesis,88205,1.0,88205.0,1.0,88205,explicit_click,2.21875,3.64453125,1.42578125,,ground_truth_target_mapping_unavailable,,deadline_and_timeout_flag_unavailable,True,True,1,1,3.54453125,0.1,causal,False,48707,92847,False,block_boundary_24s_buffer,87208,88180,,,
A2,39,1,1,89489,89541,0.203125,90057,platform_onset_hypothesis,90473,1.0,90473.0,1.0,90473,explicit_click,2.21875,3.84375,1.625,,ground_truth_target_mapping_unavailable,,deadline_and_timeout_flag_unavailable,False,True,1,1,3.74375,0.1,causal,False,48707,92847,False,block_boundary_24s_buffer,89425,90448,,,
A2,40,1,-1,91757,91810,0.20703125,92325,platform_onset_hypothesis,92650,1.0,92650.0,1.0,92650,explicit_click,2.21875,3.48828125,1.26953125,,ground_truth_target_mapping_unavailable,,deadline_and_timeout_flag_unavailable,True,True,1,1,3.38828125,0.1,causal,False,48707,92847,False,block_boundary_24s_buffer,91693,92625,,,
A2,41,2,-1,93938,93990,0.203125,94505,platform_onset_hypothesis,94897,-1.0,94897.0,-1.0,94897,explicit_click,2.21484375,3.74609375,1.53125,,ground_truth_target_mapping_unavailable,,deadline_and_timeout_flag_unavailable,False,True,1,1,3.64609375,0.1,causal,False,92847,137084,False,block_boundary_24s_buffer,93874,94872,,,
A2,42,2,-1,96182,96235,0.20703125,96750,platform_onset_hypothesis,97091,-1.0,97091.0,-1.0,97091,explicit_click,2.21875,3.55078125,1.33203125,,ground_truth_target_mapping_unavailable,,deadline_and_timeout_flag_unavailable,False,True,1,1,3.45078125,0.1,causal,False,92847,137084,False,block_boundary_24s_buffer,96118,97066,,,
A2,43,2,-1,98375,98427,0.203125,98942,platform_onset_hypothesis,99283,-1.0,99283.0,-1.0,99283,explicit_click,2.21484375,3.546875,1.33203125,,ground_truth_target_mapping_unavailable,,deadline_and_timeout_flag_unavailable,False,True,1,1,3.446875,0.1,causal,False,92847,137084,False,block_boundary_24s_buffer,98311,99258,,,
A2,44,2,-1,100571,100623,0.203125,101139,platform_onset_hypothesis,101557,1.0,101557.0,1.0,101557,explicit_click,2.21875,3.8515625,1.6328125,,ground_truth_target_mapping_unavailable,,deadline_and_timeout_flag_unavailable,True,True,1,1,3.7515625,0.1,causal,False,92847,137084,True,retained,100507,101532,0.0,340.72375164731113,16.443793048236984
A2,45,2,-1,102843,102896,0.20703125,103411,platform_onset_hypothesis,103719,1.0,103719.0,1.0,103719,explicit_click,2.21875,3.421875,1.203125,,ground_truth_target_mapping_unavailable,,deadline_and_timeout_flag_unavailable,True,True,1,1,3.321875,0.1,causal,False,92847,137084,True,retained,102779,103694,0.0019584802193497847,1250.6509978230163,116.85763610160257
A2,46,2,-1,105004,105056,0.203125,105572,platform_onset_hypothesis,105915,-1.0,105915.0,-1.0,105915,explicit_click,2.21875,3.55859375,1.33984375,,ground_truth_target_mapping_unavailable,,deadline_and_timeout_flag_unavailable,False,True,1,1,3.45859375,0.1,causal,False,92847,137084,True,retained,104940,105890,0.0,931.8625895032368,9.814153283385963
A2,47,2,-1,107201,107253,0.203125,107768,platform_onset_hypothesis,108081,1.0,108081.0,1.0,108081,explicit_click,2.21484375,3.4375,1.22265625,,ground_truth_target_mapping_unavailable,,deadline_and_timeout_flag_unavailable,True,True,1,1,3.3375,0.1,causal,False,92847,137084,True,retained,107137,108056,0.0,729.3406799230653,8.567994730028914
A2,48,2,-1,109365,109417,0.203125,109933,platform_onset_hypothesis,110317,-1.0,110317.0,-1.0,110317,explicit_click,2.21875,3.71875,1.5,,ground_truth_target_mapping_unavailable,,deadline_and_timeout_flag_unavailable,False,True,1,1,3.61875,0.1,causal,False,92847,137084,True,retained,109301,110292,0.0,428.42132620093463,10.228811304031751
A2,49,2,1,111601,111654,0.20703125,112169,platform_onset_hypothesis,112551,-1.0,112551.0,-1.0,112551,explicit_click,2.21875,3.7109375,1.4921875,,ground_truth_target_mapping_unavailable,,deadline_and_timeout_flag_unavailable,True,True,1,1,3.6109375,0.1,causal,False,92847,137084,True,retained,111537,112526,0.0,811.989618974548,11.376797036808625
A2,50,2,1,113838,113890,0.203125,114406,platform_onset_hypothesis,114785,-1.0,114785.0,-1.0,114785,explicit_click,2.21875,3.69921875,1.48046875,,ground_truth_target_mapping_unavailable,,deadline_and_timeout_flag_unavailable,True,True,1,1,3.59921875,0.1,causal,False,92847,137084,True,retained,113774,114760,0.0,924.7936931843867,8.452298146687667
A2,51,2,-1,116071,116123,0.203125,116638,platform_onset_hypothesis,117011,1.0,117011.0,1.0,117011,explicit_click,2.21484375,3.671875,1.45703125,,ground_truth_target_mapping_unavailable,,deadline_and_timeout_flag_unavailable,True,True,1,1,3.571875,0.1,causal,False,92847,137084,True,retained,116007,116986,0.0,700.9355536352294,25.070099519132896
A2,52,2,1,118295,118347,0.203125,118862,platform_onset_hypothesis,119158,1.0,119158.0,1.0,119158,explicit_click,2.21484375,3.37109375,1.15625,,ground_truth_target_mapping_unavailable,,deadline_and_timeout_flag_unavailable,False,True,1,1,3.27109375,0.1,causal,False,92847,137084,True,retained,118231,119133,0.0,846.5932885474014,13.765495741041548
A2,53,2,1,120443,120495,0.203125,121011,platform_onset_hypothesis,121380,-1.0,121380.0,-1.0,121380,explicit_click,2.21875,3.66015625,1.44140625,,ground_truth_target_mapping_unavailable,,deadline_and_timeout_flag_unavailable,True,True,1,1,3.56015625,0.1,causal,False,92847,137084,True,retained,120379,121355,0.0,361.50584043012566,12.500496596587823
A2,54,2,-1,122664,122716,0.203125,123231,platform_onset_hypothesis,123590,1.0,123590.0,1.0,123590,explicit_click,2.21484375,3.6171875,1.40234375,,ground_truth_target_mapping_unavailable,,deadline_and_timeout_flag_unavailable,True,True,1,1,3.5171875,0.1,causal,False,92847,137084,True,retained,122600,123565,0.0,777.3096429945185,11.165543426336683
A2,55,2,-1,124876,124928,0.203125,125444,platform_onset_hypothesis,125768,1.0,125768.0,1.0,125768,explicit_click,2.21875,3.484375,1.265625,,ground_truth_target_mapping_unavailable,,deadline_and_timeout_flag_unavailable,True,True,1,1,3.384375,0.1,causal,False,92847,137084,True,retained,124812,125743,0.0,752.3703785250852,10.14283350179636
A2,56,2,1,127057,127109,0.203125,127624,platform_onset_hypothesis,127994,1.0,127994.0,1.0,127994,explicit_click,2.21484375,3.66015625,1.4453125,,ground_truth_target_mapping_unavailable,,deadline_and_timeout_flag_unavailable,False,True,1,1,3.56015625,0.1,causal,False,92847,137084,True,retained,126993,127969,0.0,692.1723007420251,11.801898137283217
A2,57,2,1,129277,129329,0.203125,129845,platform_onset_hypothesis,130217,-1.0,130217.0,-1.0,130217,explicit_click,2.21875,3.671875,1.453125,,ground_truth_target_mapping_unavailable,,deadline_and_timeout_flag_unavailable,True,True,1,1,3.571875,0.1,causal,False,92847,137084,True,retained,129213,130192,0.0,243.19311106882026,11.754663442508729
A2,58,2,1,131502,131554,0.203125,132069,platform_onset_hypothesis,132454,1.0,132454.0,1.0,132454,explicit_click,2.21484375,3.71875,1.50390625,,ground_truth_target_mapping_unavailable,,deadline_and_timeout_flag_unavailable,False,True,1,1,3.61875,0.1,causal,False,92847,137084,False,block_boundary_24s_buffer,131438,132429,,,
A2,59,2,1,133738,133790,0.203125,134306,platform_onset_hypothesis,134681,-1.0,134681.0,-1.0,134681,explicit_click,2.21875,3.68359375,1.46484375,,ground_truth_target_mapping_unavailable,,deadline_and_timeout_flag_unavailable,True,True,1,1,3.58359375,0.1,causal,False,92847,137084,False,block_boundary_24s_buffer,133674,134656,,,
A2,60,2,1,135966,136019,0.20703125,136534,platform_onset_hypothesis,136916,-1.0,136916.0,-1.0,136916,explicit_click,2.21875,3.7109375,1.4921875,,ground_truth_target_mapping_unavailable,,deadline_and_timeout_flag_unavailable,True,True,1,1,3.6109375,0.1,causal,False,92847,137084,False,block_boundary_24s_buffer,135902,136891,,,
A2,61,3,-1,138203,138255,0.203125,138770,platform_onset_hypothesis,139159,1.0,139159.0,1.0,139159,explicit_click,2.21484375,3.734375,1.51953125,,ground_truth_target_mapping_unavailable,,deadline_and_timeout_flag_unavailable,True,True,1,1,3.634375,0.1,causal,False,137084,181171,False,block_boundary_24s_buffer,138139,139134,,,
A2,62,3,1,140443,140495,0.203125,141011,platform_onset_hypothesis,141339,-1.0,141339.0,-1.0,141339,explicit_click,2.21875,3.5,1.28125,,ground_truth_target_mapping_unavailable,,deadline_and_timeout_flag_unavailable,True,True,1,1,3.4,0.1,causal,False,137084,181171,False,block_boundary_24s_buffer,140379,141314,,,
A2,63,3,-1,142628,142680,0.203125,143195,platform_onset_hypothesis,143542,1.0,143542.0,1.0,143542,explicit_click,2.21484375,3.5703125,1.35546875,,ground_truth_target_mapping_unavailable,,deadline_and_timeout_flag_unavailable,True,True,1,1,3.4703125,0.1,causal,False,137084,181171,False,block_boundary_24s_buffer,142564,143517,,,
A2,64,3,-1,144828,144880,0.203125,145396,platform_onset_hypothesis,145740,-1.0,145740.0,-1.0,145740,explicit_click,2.21875,3.5625,1.34375,,ground_truth_target_mapping_unavailable,,deadline_and_timeout_flag_unavailable,False,True,1,1,3.4625,0.1,causal,False,137084,181171,True,retained,144764,145715,0.0,962.102131811492,12.66152746433545
A2,65,3,1,147025,147077,0.203125,147592,platform_onset_hypothesis,147915,1.0,147915.0,1.0,147915,explicit_click,2.21484375,3.4765625,1.26171875,,ground_truth_target_mapping_unavailable,,deadline_and_timeout_flag_unavailable,False,True,1,1,3.3765625,0.1,causal,False,137084,181171,True,retained,146961,147890,0.0,499.9705793359682,11.510200355969204
A2,66,3,-1,149201,149253,0.203125,149769,platform_onset_hypothesis,150099,-1.0,150099.0,-1.0,150099,explicit_click,2.21875,3.5078125,1.2890625,,ground_truth_target_mapping_unavailable,,deadline_and_timeout_flag_unavailable,False,True,1,1,3.4078125,0.1,causal,False,137084,181171,True,retained,149137,150074,0.0,549.9076877004559,8.889353161761505
A2,67,3,1,151386,151438,0.203125,151953,platform_onset_hypothesis,152275,1.0,152275.0,1.0,152275,explicit_click,2.21484375,3.47265625,1.2578125,,ground_truth_target_mapping_unavailable,,deadline_and_timeout_flag_unavailable,False,True,1,1,3.37265625,0.1,causal,False,137084,181171,True,retained,151322,152250,0.0,1123.597774309538,11.344879210969054
A2,68,3,1,153562,153614,0.203125,154129,platform_onset_hypothesis,154519,-1.0,154519.0,-1.0,154519,explicit_click,2.21484375,3.73828125,1.5234375,,ground_truth_target_mapping_unavailable,,deadline_and_timeout_flag_unavailable,True,True,1,1,3.63828125,0.1,causal,False,137084,181171,False,quality,153498,154494,0.07868383404864092,3138.968422059076,548.182351588044
A2,69,3,-1,155802,155855,0.20703125,156370,platform_onset_hypothesis,156765,-1.0,156765.0,-1.0,156765,explicit_click,2.21875,3.76171875,1.54296875,,ground_truth_target_mapping_unavailable,,deadline_and_timeout_flag_unavailable,False,True,1,1,3.66171875,0.1,causal,False,137084,181171,True,retained,155738,156740,0.0,281.40746002325494,10.004526642485246
A2,70,3,-1,158051,158103,0.203125,158618,platform_onset_hypothesis,158959,-1.0,158959.0,-1.0,158959,explicit_click,2.21484375,3.546875,1.33203125,,ground_truth_target_mapping_unavailable,,deadline_and_timeout_flag_unavailable,False,True,1,1,3.446875,0.1,causal,False,137084,181171,True,retained,157987,158934,0.0,940.8413794397104,16.287119186862355
A2,71,3,1,160243,160295,0.203125,160811,platform_onset_hypothesis,161126,-1.0,161126.0,-1.0,161126,explicit_click,2.21875,3.44921875,1.23046875,,ground_truth_target_mapping_unavailable,,deadline_and_timeout_flag_unavailable,True,True,1,1,3.34921875,0.1,causal,False,137084,181171,True,retained,160179,161101,0.0,332.42615029007356,9.697562377952508
A2,72,3,1,162412,162464,0.203125,162979,platform_onset_hypothesis,163276,-1.0,163276.0,-1.0,163276,explicit_click,2.21484375,3.375,1.16015625,,ground_truth_target_mapping_unavailable,,deadline_and_timeout_flag_unavailable,True,True,1,1,3.275,0.1,causal,False,137084,181171,True,retained,162348,163251,0.0,967.2998574285773,15.600597424266596
A2,73,3,1,164560,164612,0.203125,165127,platform_onset_hypothesis,165503,1.0,165503.0,1.0,165503,explicit_click,2.21484375,3.68359375,1.46875,,ground_truth_target_mapping_unavailable,,deadline_and_timeout_flag_unavailable,False,True,1,1,3.58359375,0.1,causal,False,137084,181171,True,retained,164496,165478,0.0,274.3395399870234,12.799143024372782
A2,74,3,1,166789,166841,0.203125,167356,platform_onset_hypothesis,167721,-1.0,167721.0,-1.0,167721,explicit_click,2.21484375,3.640625,1.42578125,,ground_truth_target_mapping_unavailable,,deadline_and_timeout_flag_unavailable,True,True,1,1,3.540625,0.1,causal,False,137084,181171,True,retained,166725,167696,0.0,315.256939794579,12.979436642072073
A2,75,3,-1,169005,169057,0.203125,169572,platform_onset_hypothesis,169899,1.0,169899.0,1.0,169899,explicit_click,2.21484375,3.4921875,1.27734375,,ground_truth_target_mapping_unavailable,,deadline_and_timeout_flag_unavailable,True,True,1,1,3.3921875,0.1,causal,False,137084,181171,True,retained,168941,169874,0.0,1163.5996271284369,12.160159981632717
A2,76,3,-1,171185,171238,0.20703125,171753,platform_onset_hypothesis,172158,-1.0,172158.0,-1.0,172158,explicit_click,2.21875,3.80078125,1.58203125,,ground_truth_target_mapping_unavailable,,deadline_and_timeout_flag_unavailable,False,True,1,1,3.70078125,0.1,causal,False,137084,181171,True,retained,171121,172133,0.0,574.609522906441,12.062858942784828
A2,77,3,-1,173442,173494,0.203125,174009,platform_onset_hypothesis,174333,1.0,174333.0,1.0,174333,explicit_click,2.21484375,3.48046875,1.265625,,ground_truth_target_mapping_unavailable,,deadline_and_timeout_flag_unavailable,True,True,1,1,3.38046875,0.1,causal,False,137084,181171,True,retained,173378,174308,0.0,351.6355324712918,10.917669190926574
A2,78,3,1,175618,175670,0.203125,176186,platform_onset_hypothesis,176596,1.0,176596.0,1.0,176596,explicit_click,2.21875,3.8203125,1.6015625,,ground_truth_target_mapping_unavailable,,deadline_and_timeout_flag_unavailable,False,True,1,1,3.7203125,0.1,causal,False,137084,181171,False,block_boundary_24s_buffer,175554,176571,,,
A2,79,3,-1,177883,177935,0.203125,178450,platform_onset_hypothesis,178761,1.0,178761.0,1.0,178761,explicit_click,2.21484375,3.4296875,1.21484375,,ground_truth_target_mapping_unavailable,,deadline_and_timeout_flag_unavailable,True,True,1,1,3.3296875,0.1,causal,False,137084,181171,False,block_boundary_24s_buffer,177819,178736,,,
A2,80,3,1,180047,180099,0.203125,180614,platform_onset_hypothesis,181009,-1.0,181009.0,-1.0,181009,explicit_click,2.21484375,3.7578125,1.54296875,,ground_truth_target_mapping_unavailable,,deadline_and_timeout_flag_unavailable,True,True,1,1,3.6578125,0.1,causal,False,137084,181171,False,block_boundary_24s_buffer,179983,180984,,,
A2,81,4,-1,182295,182348,0.20703125,182863,platform_onset_hypothesis,183207,1.0,183207.0,1.0,183207,explicit_click,2.21875,3.5625,1.34375,,ground_truth_target_mapping_unavailable,,deadline_and_timeout_flag_unavailable,True,True,1,1,3.4625,0.1,causal,False,181171,230157,False,block_boundary_24s_buffer,182231,183182,,,
A2,82,4,1,184492,184544,0.203125,185059,platform_onset_hypothesis,185433,-1.0,185433.0,-1.0,185433,explicit_click,2.21484375,3.67578125,1.4609375,,ground_truth_target_mapping_unavailable,,deadline_and_timeout_flag_unavailable,True,True,1,1,3.57578125,0.1,causal,False,181171,230157,False,block_boundary_24s_buffer,184428,185408,,,
A2,83,4,1,186720,186773,0.20703125,187288,platform_onset_hypothesis,187639,1.0,187639.0,1.0,187639,explicit_click,2.21875,3.58984375,1.37109375,,ground_truth_target_mapping_unavailable,,deadline_and_timeout_flag_unavailable,False,True,1,1,3.48984375,0.1,causal,False,181171,230157,False,block_boundary_24s_buffer,186656,187614,,,
A2,84,4,-1,188925,188977,0.203125,189492,platform_onset_hypothesis,189824,1.0,189824.0,1.0,189824,explicit_click,2.21484375,3.51171875,1.296875,,ground_truth_target_mapping_unavailable,,deadline_and_timeout_flag_unavailable,True,True,1,1,3.41171875,0.1,causal,False,181171,230157,True,retained,188861,189799,0.0,390.5483557351513,12.33564949294717
A2,85,4,1,191109,191161,0.203125,191677,platform_onset_hypothesis,192034,1.0,192034.0,1.0,192034,explicit_click,2.21875,3.61328125,1.39453125,,ground_truth_target_mapping_unavailable,,deadline_and_timeout_flag_unavailable,False,True,1,1,3.51328125,0.1,causal,False,181171,230157,True,retained,191045,192009,0.0,1055.1040695462982,15.693339580786471
A2,86,4,-1,193322,193374,0.203125,193889,platform_onset_hypothesis,194185,-1.0,194185.0,-1.0,194185,explicit_click,2.21484375,3.37109375,1.15625,,ground_truth_target_mapping_unavailable,,deadline_and_timeout_flag_unavailable,False,True,1,1,3.27109375,0.1,causal,False,181171,230157,False,quality,193258,194160,0.022673031026252982,2386.372523758412,335.3118656208287
A2,87,4,-1,195470,195522,0.203125,196038,platform_onset_hypothesis,196380,-1.0,196380.0,-1.0,196380,explicit_click,2.21875,3.5546875,1.3359375,,ground_truth_target_mapping_unavailable,,deadline_and_timeout_flag_unavailable,False,True,1,1,3.4546875,0.1,causal,False,181171,230157,True,retained,195406,196355,0.0,1094.6851464239344,13.105206904426609
A2,88,4,1,197671,197723,0.203125,198238,platform_onset_hypothesis,198519,1.0,198519.0,1.0,198519,explicit_click,2.21484375,3.3125,1.09765625,,ground_truth_target_mapping_unavailable,,deadline_and_timeout_flag_unavailable,False,True,1,1,3.2125,0.1,causal,False,181171,230157,True,retained,197607,198494,0.0,844.0951762557302,12.268210984270354
A2,89,4,-1,199803,199855,0.203125,200371,platform_onset_hypothesis,200714,1.0,200714.0,1.0,200714,explicit_click,2.21875,3.55859375,1.33984375,,ground_truth_target_mapping_unavailable,,deadline_and_timeout_flag_unavailable,True,True,1,1,3.45859375,0.1,causal,False,181171,230157,True,retained,199739,200689,0.0,688.2517498897488,13.466375574763447
A2,90,4,-1,202000,202052,0.203125,202567,platform_onset_hypothesis,203019,-1.0,203019.0,-1.0,203019,explicit_click,2.21484375,3.98046875,1.765625,,ground_truth_target_mapping_unavailable,,deadline_and_timeout_flag_unavailable,False,True,1,1,3.88046875,0.1,causal,False,181171,230157,True,retained,201936,202994,0.0,638.5070426435914,13.166489930846978
A2,91,4,-1,204304,204356,0.203125,204871,platform_onset_hypothesis,205214,1.0,205214.0,1.0,205214,explicit_click,2.21484375,3.5546875,1.33984375,,ground_truth_target_mapping_unavailable,,deadline_and_timeout_flag_unavailable,True,True,1,1,3.4546875,0.1,causal,False,181171,230157,True,retained,204240,205189,0.0,164.77112480745984,9.004251599814346
A2,92,4,-1,206500,206553,0.20703125,207068,platform_onset_hypothesis,207463,-1.0,207463.0,-1.0,207463,explicit_click,2.21875,3.76171875,1.54296875,,ground_truth_target_mapping_unavailable,,deadline_and_timeout_flag_unavailable,False,True,1,1,3.66171875,0.1,causal,False,181171,230157,True,retained,206436,207438,0.0,1343.935376891434,13.249943787699749
A2,93,4,1,208749,208801,0.203125,209316,platform_onset_hypothesis,209641,1.0,209641.0,1.0,209641,explicit_click,2.21484375,3.484375,1.26953125,,ground_truth_target_mapping_unavailable,,deadline_and_timeout_flag_unavailable,False,True,1,1,3.384375,0.1,causal,False,181171,230157,True,retained,208685,209616,0.0,457.32144017749727,10.78342146834288
A2,94,4,-1,210925,210977,0.203125,211493,platform_onset_hypothesis,211864,1.0,211864.0,1.0,211864,explicit_click,2.21875,3.66796875,1.44921875,,ground_truth_target_mapping_unavailable,,deadline_and_timeout_flag_unavailable,True,True,1,1,3.56796875,0.1,causal,False,181171,230157,True,retained,210861,211839,0.0,1055.3930187800388,10.70575977553662
A2,95,4,-1,213150,213202,0.203125,213717,platform_onset_hypothesis,214040,1.0,214040.0,1.0,214040,explicit_click,2.21484375,3.4765625,1.26171875,,ground_truth_target_mapping_unavailable,,deadline_and_timeout_flag_unavailable,True,True,1,1,3.3765625,0.1,causal,False,181171,230157,True,retained,213086,214015,0.0,588.6419749108167,13.202269009057375
A2,96,4,-1,215326,215378,0.203125,215894,platform_onset_hypothesis,216247,1.0,216247.0,1.0,216247,explicit_click,2.21875,3.59765625,1.37890625,,ground_truth_target_mapping_unavailable,,deadline_and_timeout_flag_unavailable,True,True,1,1,3.49765625,0.1,causal,False,181171,230157,True,retained,215262,216222,0.0,791.8345334962013,10.653807961254614
A2,97,4,-1,217535,217587,0.203125,218102,platform_onset_hypothesis,218429,-1.0,218429.0,-1.0,218429,explicit_click,2.21484375,3.4921875,1.27734375,,ground_truth_target_mapping_unavailable,,deadline_and_timeout_flag_unavailable,False,True,1,1,3.3921875,0.1,causal,False,181171,230157,True,retained,217471,218404,0.0,220.1842540169834,10.272449322619607
A2,98,4,-1,219715,219767,0.203125,220282,platform_onset_hypothesis,220617,-1.0,220617.0,-1.0,220617,explicit_click,2.21484375,3.5234375,1.30859375,,ground_truth_target_mapping_unavailable,,deadline_and_timeout_flag_unavailable,False,True,1,1,3.4234375,0.1,causal,False,181171,230157,True,retained,219651,220592,0.0,510.07919213805286,13.555886858010638
A2,99,4,-1,221904,221956,0.203125,222471,platform_onset_hypothesis,222810,1.0,222810.0,1.0,222810,explicit_click,2.21484375,3.5390625,1.32421875,,ground_truth_target_mapping_unavailable,,deadline_and_timeout_flag_unavailable,True,True,1,1,3.4390625,0.1,causal,False,181171,230157,True,retained,221840,222785,0.0,508.5408815485759,10.494857639921236
A2,100,4,-1,224096,224148,0.203125,224663,platform_onset_hypothesis,225022,-1.0,225022.0,-1.0,225022,explicit_click,2.21484375,3.6171875,1.40234375,,ground_truth_target_mapping_unavailable,,deadline_and_timeout_flag_unavailable,False,True,1,1,3.5171875,0.1,causal,False,181171,230157,False,block_boundary_24s_buffer,224032,224997,,,
B1,1,0,-1,5154,5207,0.20703125,5726,platform_onset_hypothesis,6204,-1.0,,,6204,platform_end_proxy,2.234375,4.1015625,1.8671875,,ground_truth_target_mapping_unavailable,,deadline_and_timeout_flag_unavailable,False,True,1,0,4.0015625,0.1,causal,False,0,47236,False,block_boundary_24s_buffer,5090,6179,,,
B1,2,0,-1,7486,7539,0.20703125,8054,platform_onset_hypothesis,8363,-1.0,,,8363,platform_end_proxy,2.21875,3.42578125,1.20703125,,ground_truth_target_mapping_unavailable,,deadline_and_timeout_flag_unavailable,False,True,1,0,3.32578125,0.1,causal,False,0,47236,True,retained,7422,8338,0.0,245.84642820745654,16.658792971254087
B1,3,0,1,9647,9699,0.203125,10214,platform_onset_hypothesis,10493,1.0,,,10493,platform_end_proxy,2.21484375,3.3046875,1.08984375,,ground_truth_target_mapping_unavailable,,deadline_and_timeout_flag_unavailable,False,True,1,0,3.2046875,0.1,causal,False,0,47236,True,retained,9583,10468,0.0,652.3316919939294,11.476475760974552
B1,4,0,-1,11776,11828,0.203125,12343,platform_onset_hypothesis,12604,-1.0,,,12604,platform_end_proxy,2.21484375,3.234375,1.01953125,,ground_truth_target_mapping_unavailable,,deadline_and_timeout_flag_unavailable,False,True,1,0,3.134375,0.1,causal,False,0,47236,True,retained,11712,12579,0.0,513.5982853790662,9.847247604584027
B1,5,0,1,13888,13940,0.203125,14455,platform_onset_hypothesis,14763,1.0,,,14763,platform_end_proxy,2.21484375,3.41796875,1.203125,,ground_truth_target_mapping_unavailable,,deadline_and_timeout_flag_unavailable,False,True,1,0,3.31796875,0.1,causal,False,0,47236,True,retained,13824,14738,0.0,1129.003663183105,11.745304126409792
B1,6,0,1,16049,16101,0.203125,16616,platform_onset_hypothesis,16950,1.0,,,16950,platform_end_proxy,2.21484375,3.51953125,1.3046875,,ground_truth_target_mapping_unavailable,,deadline_and_timeout_flag_unavailable,False,True,1,0,3.41953125,0.1,causal,False,0,47236,False,quality,15985,16925,0.2663622526636225,3720.0002550264167,545.8632901392684
B1,7,0,1,18233,18285,0.203125,18800,platform_onset_hypothesis,19092,1.0,,,19092,platform_end_proxy,2.21484375,3.35546875,1.140625,,ground_truth_target_mapping_unavailable,,deadline_and_timeout_flag_unavailable,False,True,1,0,3.25546875,0.1,causal,False,0,47236,True,retained,18169,19067,0.0,291.1204925794336,12.159892003285734
B1,8,0,-1,20378,20430,0.203125,20945,platform_onset_hypothesis,21193,-1.0,,,21193,platform_end_proxy,2.21484375,3.18359375,0.96875,,ground_truth_target_mapping_unavailable,,deadline_and_timeout_flag_unavailable,False,True,1,0,3.08359375,0.1,causal,False,0,47236,True,retained,20314,21168,0.0,136.23290023970708,9.135866807742374
B1,9,0,-1,22478,22530,0.203125,23046,platform_onset_hypothesis,23499,-1.0,,,23499,platform_end_proxy,2.21875,3.98828125,1.76953125,,ground_truth_target_mapping_unavailable,,deadline_and_timeout_flag_unavailable,False,True,1,0,3.88828125,0.1,causal,False,0,47236,True,retained,22414,23474,0.0,79.32661173413331,9.380814101857975
B1,10,0,-1,24782,24835,0.20703125,25350,platform_onset_hypothesis,25681,-1.0,,,25681,platform_end_proxy,2.21875,3.51171875,1.29296875,,ground_truth_target_mapping_unavailable,,deadline_and_timeout_flag_unavailable,False,True,1,0,3.41171875,0.1,causal,False,0,47236,True,retained,24718,25656,0.0,694.6798204842041,9.573771080038853
B1,11,0,1,26963,27015,0.203125,27530,platform_onset_hypothesis,27820,1.0,,,27820,platform_end_proxy,2.21484375,3.34765625,1.1328125,,ground_truth_target_mapping_unavailable,,deadline_and_timeout_flag_unavailable,False,True,1,0,3.24765625,0.1,causal,False,0,47236,True,retained,26899,27795,0.0,210.78631179920177,10.634726276622132
B1,12,0,-1,29103,29156,0.20703125,29671,platform_onset_hypothesis,29954,-1.0,,,29954,platform_end_proxy,2.21875,3.32421875,1.10546875,,ground_truth_target_mapping_unavailable,,deadline_and_timeout_flag_unavailable,False,True,1,0,3.22421875,0.1,causal,False,0,47236,True,retained,29039,29929,0.0,136.3703451579903,9.980665669874043
B1,13,0,1,31236,31288,0.203125,31804,platform_onset_hypothesis,32074,1.0,,,32074,platform_end_proxy,2.21875,3.2734375,1.0546875,,ground_truth_target_mapping_unavailable,,deadline_and_timeout_flag_unavailable,False,True,1,0,3.1734375,0.1,causal,False,0,47236,True,retained,31172,32049,0.0,379.3747170733733,11.199649262123586
B1,14,0,1,33360,33413,0.20703125,33928,platform_onset_hypothesis,34269,1.0,,,34269,platform_end_proxy,2.21875,3.55078125,1.33203125,,ground_truth_target_mapping_unavailable,,deadline_and_timeout_flag_unavailable,False,True,1,0,3.45078125,0.1,causal,False,0,47236,False,quality,33296,34244,0.11312217194570136,1284.487831071363,11.273333207777767
B1,15,0,-1,35553,35605,0.203125,36120,platform_onset_hypothesis,36384,-1.0,,,36384,platform_end_proxy,2.21484375,3.24609375,1.03125,,ground_truth_target_mapping_unavailable,,deadline_and_timeout_flag_unavailable,False,True,1,0,3.14609375,0.1,causal,False,0,47236,True,retained,35489,36359,0.0,219.0957856721419,12.288001580028947
B1,16,0,1,37666,37718,0.203125,38233,platform_onset_hypothesis,38513,1.0,,,38513,platform_end_proxy,2.21484375,3.30859375,1.09375,,ground_truth_target_mapping_unavailable,,deadline_and_timeout_flag_unavailable,False,True,1,0,3.20859375,0.1,causal,False,0,47236,True,retained,37602,38488,0.0,159.4355768445642,8.40115688240703
B1,17,0,-1,39798,39850,0.203125,40365,platform_onset_hypothesis,40614,-1.0,,,40614,platform_end_proxy,2.21484375,3.1875,0.97265625,,ground_truth_target_mapping_unavailable,,deadline_and_timeout_flag_unavailable,False,True,1,0,3.0875,0.1,causal,False,0,47236,True,retained,39734,40589,0.0,1237.3874905981095,13.104008119098069
B1,18,0,-1,41899,41951,0.203125,42466,platform_onset_hypothesis,42769,-1.0,,,42769,platform_end_proxy,2.21484375,3.3984375,1.18359375,,ground_truth_target_mapping_unavailable,,deadline_and_timeout_flag_unavailable,False,True,1,0,3.2984375,0.1,causal,False,0,47236,False,block_boundary_24s_buffer,41835,42744,,,
B1,19,0,1,44055,44107,0.203125,44623,platform_onset_hypothesis,44883,1.0,,,44883,platform_end_proxy,2.21875,3.234375,1.015625,,ground_truth_target_mapping_unavailable,,deadline_and_timeout_flag_unavailable,False,True,1,0,3.134375,0.1,causal,False,0,47236,False,block_boundary_24s_buffer,43991,44858,,,
B1,20,0,-1,46168,46220,0.203125,46735,platform_onset_hypothesis,47021,-1.0,,,47021,platform_end_proxy,2.21484375,3.33203125,1.1171875,,ground_truth_target_mapping_unavailable,,deadline_and_timeout_flag_unavailable,False,True,1,0,3.23203125,0.1,causal,False,0,47236,False,block_boundary_24s_buffer,46104,46996,,,
B1,21,1,1,48304,48356,0.203125,48872,platform_onset_hypothesis,49176,1.0,,,49176,platform_end_proxy,2.21875,3.40625,1.1875,,ground_truth_target_mapping_unavailable,,deadline_and_timeout_flag_unavailable,False,True,1,0,3.30625,0.1,causal,False,47236,90008,False,block_boundary_24s_buffer,48240,49151,,,
B1,22,1,1,50461,50513,0.203125,51028,platform_onset_hypothesis,51335,1.0,,,51335,platform_end_proxy,2.21484375,3.4140625,1.19921875,,ground_truth_target_mapping_unavailable,,deadline_and_timeout_flag_unavailable,False,True,1,0,3.3140625,0.1,causal,False,47236,90008,False,block_boundary_24s_buffer,50397,51310,,,
B1,23,1,1,52617,52669,0.203125,53185,platform_onset_hypothesis,53477,1.0,,,53477,platform_end_proxy,2.21875,3.359375,1.140625,,ground_truth_target_mapping_unavailable,,deadline_and_timeout_flag_unavailable,False,True,1,0,3.259375,0.1,causal,False,47236,90008,False,block_boundary_24s_buffer,52553,53452,,,
B1,24,1,1,54762,54814,0.203125,55329,platform_onset_hypothesis,55597,1.0,,,55597,platform_end_proxy,2.21484375,3.26171875,1.046875,,ground_truth_target_mapping_unavailable,,deadline_and_timeout_flag_unavailable,False,True,1,0,3.16171875,0.1,causal,False,47236,90008,True,retained,54698,55572,0.0,795.4974849011131,12.77102991956312
B1,25,1,1,56882,56935,0.20703125,57450,platform_onset_hypothesis,57691,1.0,,,57691,platform_end_proxy,2.21875,3.16015625,0.94140625,,ground_truth_target_mapping_unavailable,,deadline_and_timeout_flag_unavailable,False,True,1,0,3.06015625,0.1,causal,False,47236,90008,False,quality,56818,57666,0.05102040816326531,2558.726662111525,545.7258101919579
B1,26,1,1,58975,59027,0.203125,59543,platform_onset_hypothesis,59788,1.0,,,59788,platform_end_proxy,2.21875,3.17578125,0.95703125,,ground_truth_target_mapping_unavailable,,deadline_and_timeout_flag_unavailable,False,True,1,0,3.07578125,0.1,causal,False,47236,90008,True,retained,58911,59763,0.0,779.6404957962187,16.11931406969859
B1,27,1,1,61072,61124,0.203125,61639,platform_onset_hypothesis,61892,1.0,,,61892,platform_end_proxy,2.21484375,3.203125,0.98828125,,ground_truth_target_mapping_unavailable,,deadline_and_timeout_flag_unavailable,False,True,1,0,3.103125,0.1,causal,False,47236,90008,True,retained,61008,61867,0.0,182.65141529004944,9.419635095420595
B1,28,1,1,63176,63228,0.203125,63744,platform_onset_hypothesis,64081,1.0,,,64081,platform_end_proxy,2.21875,3.53515625,1.31640625,,ground_truth_target_mapping_unavailable,,deadline_and_timeout_flag_unavailable,False,True,1,0,3.43515625,0.1,causal,False,47236,90008,True,retained,63112,64056,0.0,1176.1967488574962,12.020181704614401
B1,29,1,1,65365,65417,0.203125,65932,platform_onset_hypothesis,66207,1.0,,,66207,platform_end_proxy,2.21484375,3.2890625,1.07421875,,ground_truth_target_mapping_unavailable,,deadline_and_timeout_flag_unavailable,False,True,1,0,3.1890625,0.1,causal,False,47236,90008,True,retained,65301,66182,0.0,183.2643787503642,10.205398691076923
B1,30,1,-1,67489,67541,0.203125,68057,platform_onset_hypothesis,68411,-1.0,,,68411,platform_end_proxy,2.21875,3.6015625,1.3828125,,ground_truth_target_mapping_unavailable,,deadline_and_timeout_flag_unavailable,False,True,1,0,3.5015625,0.1,causal,False,47236,90008,True,retained,67425,68386,0.0,1026.4969529695888,11.006572599312506
B1,31,1,1,69694,69746,0.203125,70261,platform_onset_hypothesis,70537,1.0,,,70537,platform_end_proxy,2.21484375,3.29296875,1.078125,,ground_truth_target_mapping_unavailable,,deadline_and_timeout_flag_unavailable,False,True,1,0,3.19296875,0.1,causal,False,47236,90008,True,retained,69630,70512,0.0,241.53551470119427,9.66764870024997
B1,32,1,-1,71822,71874,0.203125,72389,platform_onset_hypothesis,72609,-1.0,,,72609,platform_end_proxy,2.21484375,3.07421875,0.859375,,ground_truth_target_mapping_unavailable,,deadline_and_timeout_flag_unavailable,False,True,1,0,2.97421875,0.1,causal,False,47236,90008,True,retained,71758,72584,0.0,667.323641082862,12.240304173820789
B1,33,1,-1,73895,73947,0.203125,74462,platform_onset_hypothesis,74750,-1.0,,,74750,platform_end_proxy,2.21484375,3.33984375,1.125,,ground_truth_target_mapping_unavailable,,deadline_and_timeout_flag_unavailable,False,True,1,0,3.23984375,0.1,causal,False,47236,90008,True,retained,73831,74725,0.0,495.02340500310555,9.720610874371289
B1,34,1,1,76035,76087,0.203125,76603,platform_onset_hypothesis,76904,1.0,,,76904,platform_end_proxy,2.21875,3.39453125,1.17578125,,ground_truth_target_mapping_unavailable,,deadline_and_timeout_flag_unavailable,False,True,1,0,3.29453125,0.1,causal,False,47236,90008,True,retained,75971,76879,0.0,763.239514343413,13.345305270297786
B1,35,1,-1,78188,78240,0.203125,78755,platform_onset_hypothesis,79057,-1.0,,,79057,platform_end_proxy,2.21484375,3.39453125,1.1796875,,ground_truth_target_mapping_unavailable,,deadline_and_timeout_flag_unavailable,False,True,1,0,3.29453125,0.1,causal,False,47236,90008,True,retained,78124,79032,0.0,966.5041324315355,9.786513152090151
B1,36,1,-1,80340,80392,0.203125,80908,platform_onset_hypothesis,81147,-1.0,,,81147,platform_end_proxy,2.21875,3.15234375,0.93359375,,ground_truth_target_mapping_unavailable,,deadline_and_timeout_flag_unavailable,False,True,1,0,3.05234375,0.1,causal,False,47236,90008,False,quality,80276,81122,0.03793691389599318,2536.8149887182617,303.59952866926324
B1,37,1,-1,82429,82481,0.203125,82996,platform_onset_hypothesis,83365,-1.0,,,83365,platform_end_proxy,2.21484375,3.65625,1.44140625,,ground_truth_target_mapping_unavailable,,deadline_and_timeout_flag_unavailable,False,True,1,0,3.55625,0.1,causal,False,47236,90008,True,retained,82365,83340,0.0,983.00363542219,14.94423508625377
B1,38,1,-1,84649,84702,0.20703125,85217,platform_onset_hypothesis,85508,-1.0,,,85508,platform_end_proxy,2.21875,3.35546875,1.13671875,,ground_truth_target_mapping_unavailable,,deadline_and_timeout_flag_unavailable,False,True,1,0,3.25546875,0.1,causal,False,47236,90008,False,block_boundary_24s_buffer,84585,85483,,,
B1,39,1,1,86790,86842,0.203125,87357,platform_onset_hypothesis,87644,1.0,,,87644,platform_end_proxy,2.21484375,3.3359375,1.12109375,,ground_truth_target_mapping_unavailable,,deadline_and_timeout_flag_unavailable,False,True,1,0,3.2359375,0.1,causal,False,47236,90008,False,block_boundary_24s_buffer,86726,87619,,,
B1,40,1,1,88926,88979,0.20703125,89494,platform_onset_hypothesis,89809,1.0,,,89809,platform_end_proxy,2.21875,3.44921875,1.23046875,,ground_truth_target_mapping_unavailable,,deadline_and_timeout_flag_unavailable,False,True,1,0,3.34921875,0.1,causal,False,47236,90008,False,block_boundary_24s_buffer,88862,89784,,,
B1,41,2,-1,91091,91143,0.203125,91658,platform_onset_hypothesis,91909,-1.0,,,91909,platform_end_proxy,2.21484375,3.1953125,0.98046875,,ground_truth_target_mapping_unavailable,,deadline_and_timeout_flag_unavailable,False,True,1,0,3.0953125,0.1,causal,False,90008,132743,False,block_boundary_24s_buffer,91027,91884,,,
B1,42,2,1,93191,93244,0.20703125,93759,platform_onset_hypothesis,94055,1.0,,,94055,platform_end_proxy,2.21875,3.375,1.15625,,ground_truth_target_mapping_unavailable,,deadline_and_timeout_flag_unavailable,False,True,1,0,3.275,0.1,causal,False,90008,132743,False,block_boundary_24s_buffer,93127,94030,,,
B1,43,2,1,95340,95392,0.203125,95908,platform_onset_hypothesis,96171,1.0,,,96171,platform_end_proxy,2.21875,3.24609375,1.02734375,,ground_truth_target_mapping_unavailable,,deadline_and_timeout_flag_unavailable,False,True,1,0,3.14609375,0.1,causal,False,90008,132743,False,block_boundary_24s_buffer,95276,96146,,,
B1,44,2,1,97457,97509,0.203125,98024,platform_onset_hypothesis,98419,1.0,,,98419,platform_end_proxy,2.21484375,3.7578125,1.54296875,,ground_truth_target_mapping_unavailable,,deadline_and_timeout_flag_unavailable,False,True,1,0,3.6578125,0.1,causal,False,90008,132743,True,retained,97393,98394,0.0,320.60163514316883,18.637779429807168
B1,45,2,1,99705,99757,0.203125,100273,platform_onset_hypothesis,100711,1.0,,,100711,platform_end_proxy,2.21875,3.9296875,1.7109375,,ground_truth_target_mapping_unavailable,,deadline_and_timeout_flag_unavailable,False,True,1,0,3.8296875,0.1,causal,False,90008,132743,True,retained,99641,100686,0.0,139.68579663301398,12.572592095235038
B1,46,2,-1,101998,102050,0.203125,102565,platform_onset_hypothesis,102913,-1.0,,,102913,platform_end_proxy,2.21484375,3.57421875,1.359375,,ground_truth_target_mapping_unavailable,,deadline_and_timeout_flag_unavailable,False,True,1,0,3.47421875,0.1,causal,False,90008,132743,False,quality,101934,102888,0.04681647940074907,1269.0232177429575,17.932274047699536
B1,47,2,-1,104198,104250,0.203125,104765,platform_onset_hypothesis,105010,-1.0,,,105010,platform_end_proxy,2.21484375,3.171875,0.95703125,,ground_truth_target_mapping_unavailable,,deadline_and_timeout_flag_unavailable,False,True,1,0,3.071875,0.1,causal,False,90008,132743,True,retained,104134,104985,0.0,1543.1741807333806,15.458588119136039
B1,48,2,1,106294,106347,0.20703125,106862,platform_onset_hypothesis,107112,1.0,,,107112,platform_end_proxy,2.21875,3.1953125,0.9765625,,ground_truth_target_mapping_unavailable,,deadline_and_timeout_flag_unavailable,False,True,1,0,3.0953125,0.1,causal,False,90008,132743,True,retained,106230,107087,0.0,1054.42241020028,17.406741524521692
B1,49,2,1,108395,108447,0.203125,108962,platform_onset_hypothesis,109285,-1.0,,,109285,platform_end_proxy,2.21484375,3.4765625,1.26171875,,ground_truth_target_mapping_unavailable,,deadline_and_timeout_flag_unavailable,True,True,1,0,3.3765625,0.1,causal,False,90008,132743,True,retained,108331,109260,0.0,598.8775642762448,11.589542520307958
B1,50,2,-1,110568,110620,0.203125,111135,platform_onset_hypothesis,111374,-1.0,,,111374,platform_end_proxy,2.21484375,3.1484375,0.93359375,,ground_truth_target_mapping_unavailable,,deadline_and_timeout_flag_unavailable,False,True,1,0,3.0484375,0.1,causal,False,90008,132743,True,retained,110504,111349,0.0,994.4510602825528,13.424241099027029
B1,51,2,1,112656,112708,0.203125,113224,platform_onset_hypothesis,113475,1.0,,,113475,platform_end_proxy,2.21875,3.19921875,0.98046875,,ground_truth_target_mapping_unavailable,,deadline_and_timeout_flag_unavailable,False,True,1,0,3.09921875,0.1,causal,False,90008,132743,True,retained,112592,113450,0.0,987.3143605403769,12.243968544942561
B1,52,2,-1,114757,114809,0.203125,115324,platform_onset_hypothesis,115614,-1.0,,,115614,platform_end_proxy,2.21484375,3.34765625,1.1328125,,ground_truth_target_mapping_unavailable,,deadline_and_timeout_flag_unavailable,False,True,1,0,3.24765625,0.1,causal,False,90008,132743,True,retained,114693,115589,0.0,323.97142290207137,17.607477869548802
B1,53,2,1,116897,116949,0.203125,117465,platform_onset_hypothesis,117692,1.0,,,117692,platform_end_proxy,2.21875,3.10546875,0.88671875,,ground_truth_target_mapping_unavailable,,deadline_and_timeout_flag_unavailable,False,True,1,0,3.00546875,0.1,causal,False,90008,132743,True,retained,116833,117667,0.0,164.52863669648747,12.276268138471544
B1,54,2,-1,118978,119030,0.203125,119545,platform_onset_hypothesis,119783,-1.0,,,119783,platform_end_proxy,2.21484375,3.14453125,0.9296875,,ground_truth_target_mapping_unavailable,,deadline_and_timeout_flag_unavailable,False,True,1,0,3.04453125,0.1,causal,False,90008,132743,False,quality,118914,119758,0.012393162393162393,2326.9810258167377,546.5857293561598
B1,55,2,1,121067,121119,0.203125,121634,platform_onset_hypothesis,121926,1.0,,,121926,platform_end_proxy,2.21484375,3.35546875,1.140625,,ground_truth_target_mapping_unavailable,,deadline_and_timeout_flag_unavailable,False,True,1,0,3.25546875,0.1,causal,False,90008,132743,True,retained,121003,121901,0.0,1108.8932918561793,13.040671566037531
B1,56,2,-1,123211,123263,0.203125,123778,platform_onset_hypothesis,124018,-1.0,,,124018,platform_end_proxy,2.21484375,3.15234375,0.9375,,ground_truth_target_mapping_unavailable,,deadline_and_timeout_flag_unavailable,False,True,1,0,3.05234375,0.1,causal,False,90008,132743,True,retained,123147,123993,0.0,946.4672723273798,14.943543629770488
B1,57,2,1,125304,125356,0.203125,125871,platform_onset_hypothesis,126127,1.0,,,126127,platform_end_proxy,2.21484375,3.21484375,1.0,,ground_truth_target_mapping_unavailable,,deadline_and_timeout_flag_unavailable,False,True,1,0,3.11484375,0.1,causal,False,90008,132743,True,retained,125240,126102,0.0,694.9324300872079,11.927374394773352
B1,58,2,1,127412,127464,0.203125,127980,platform_onset_hypothesis,128239,1.0,,,128239,platform_end_proxy,2.21875,3.23046875,1.01171875,,ground_truth_target_mapping_unavailable,,deadline_and_timeout_flag_unavailable,False,True,1,0,3.13046875,0.1,causal,False,90008,132743,False,block_boundary_24s_buffer,127348,128214,,,
B1,59,2,1,129525,129577,0.203125,130092,platform_onset_hypothesis,130392,1.0,,,130392,platform_end_proxy,2.21484375,3.38671875,1.171875,,ground_truth_target_mapping_unavailable,,deadline_and_timeout_flag_unavailable,False,True,1,0,3.28671875,0.1,causal,False,90008,132743,False,block_boundary_24s_buffer,129461,130367,,,
B1,60,2,1,131677,131729,0.203125,132245,platform_onset_hypothesis,132527,1.0,,,132527,platform_end_proxy,2.21875,3.3203125,1.1015625,,ground_truth_target_mapping_unavailable,,deadline_and_timeout_flag_unavailable,False,True,1,0,3.2203125,0.1,causal,False,90008,132743,False,block_boundary_24s_buffer,131613,132502,,,
B1,61,3,-1,133810,133862,0.203125,134377,platform_onset_hypothesis,134750,-1.0,,,134750,platform_end_proxy,2.21484375,3.671875,1.45703125,,ground_truth_target_mapping_unavailable,,deadline_and_timeout_flag_unavailable,False,True,1,0,3.571875,0.1,causal,False,132743,175474,False,block_boundary_24s_buffer,133746,134725,,,
B1,62,3,-1,136034,136087,0.20703125,136602,platform_onset_hypothesis,136911,-1.0,,,136911,platform_end_proxy,2.21875,3.42578125,1.20703125,,ground_truth_target_mapping_unavailable,,deadline_and_timeout_flag_unavailable,False,True,1,0,3.32578125,0.1,causal,False,132743,175474,False,block_boundary_24s_buffer,135970,136886,,,
B1,63,3,1,138195,138247,0.203125,138762,platform_onset_hypothesis,139052,1.0,,,139052,platform_end_proxy,2.21484375,3.34765625,1.1328125,,ground_truth_target_mapping_unavailable,,deadline_and_timeout_flag_unavailable,False,True,1,0,3.24765625,0.1,causal,False,132743,175474,False,block_boundary_24s_buffer,138131,139027,,,
B1,64,3,-1,140335,140388,0.20703125,140903,platform_onset_hypothesis,141164,-1.0,,,141164,platform_end_proxy,2.21875,3.23828125,1.01953125,,ground_truth_target_mapping_unavailable,,deadline_and_timeout_flag_unavailable,False,True,1,0,3.13828125,0.1,causal,False,132743,175474,True,retained,140271,141139,0.0,623.8380987786184,11.051439664778172
B1,65,3,-1,142448,142500,0.203125,143015,platform_onset_hypothesis,143320,-1.0,,,143320,platform_end_proxy,2.21484375,3.40625,1.19140625,,ground_truth_target_mapping_unavailable,,deadline_and_timeout_flag_unavailable,False,True,1,0,3.30625,0.1,causal,False,132743,175474,True,retained,142384,143295,0.0,521.0888830537809,12.128888913591908
B1,66,3,-1,144604,144657,0.20703125,145172,platform_onset_hypothesis,145398,-1.0,,,145398,platform_end_proxy,2.21875,3.1015625,0.8828125,,ground_truth_target_mapping_unavailable,,deadline_and_timeout_flag_unavailable,False,True,1,0,3.0015625,0.1,causal,False,132743,175474,True,retained,144540,145373,0.0,765.0455421269897,21.803304818429154
B1,67,3,1,146681,146733,0.203125,147248,platform_onset_hypothesis,147492,1.0,,,147492,platform_end_proxy,2.21484375,3.16796875,0.953125,,ground_truth_target_mapping_unavailable,,deadline_and_timeout_flag_unavailable,False,True,1,0,3.06796875,0.1,causal,False,132743,175474,True,retained,146617,147467,0.0,517.6986649244268,9.294468967053888
B1,68,3,1,148774,148826,0.203125,149341,platform_onset_hypothesis,149672,1.0,,,149672,platform_end_proxy,2.21484375,3.5078125,1.29296875,,ground_truth_target_mapping_unavailable,,deadline_and_timeout_flag_unavailable,False,True,1,0,3.4078125,0.1,causal,False,132743,175474,True,retained,148710,149647,0.0,288.87395465730776,11.483392196245035
B1,69,3,-1,150958,151010,0.203125,151525,platform_onset_hypothesis,151795,-1.0,,,151795,platform_end_proxy,2.21484375,3.26953125,1.0546875,,ground_truth_target_mapping_unavailable,,deadline_and_timeout_flag_unavailable,False,True,1,0,3.16953125,0.1,causal,False,132743,175474,True,retained,150894,151770,0.0,821.0448669683728,10.435339210124198
B1,70,3,-1,153079,153131,0.203125,153646,platform_onset_hypothesis,153917,-1.0,,,153917,platform_end_proxy,2.21484375,3.2734375,1.05859375,,ground_truth_target_mapping_unavailable,,deadline_and_timeout_flag_unavailable,False,True,1,0,3.1734375,0.1,causal,False,132743,175474,True,retained,153015,153892,0.0,219.066790452148,8.243356873220364
B1,71,3,1,155199,155251,0.203125,155767,platform_onset_hypothesis,156007,1.0,,,156007,platform_end_proxy,2.21875,3.15625,0.9375,,ground_truth_target_mapping_unavailable,,deadline_and_timeout_flag_unavailable,False,True,1,0,3.05625,0.1,causal,False,132743,175474,True,retained,155135,155982,0.0,637.4558055319524,10.345085998830712
B1,72,3,1,157292,157344,0.203125,157859,platform_onset_hypothesis,158110,1.0,,,158110,platform_end_proxy,2.21484375,3.1953125,0.98046875,,ground_truth_target_mapping_unavailable,,deadline_and_timeout_flag_unavailable,False,True,1,0,3.0953125,0.1,causal,False,132743,175474,True,retained,157228,158085,0.0,508.3663613907617,14.769324996595344
B1,73,3,-1,159392,159445,0.20703125,159960,platform_onset_hypothesis,160229,-1.0,,,160229,platform_end_proxy,2.21875,3.26953125,1.05078125,,ground_truth_target_mapping_unavailable,,deadline_and_timeout_flag_unavailable,False,True,1,0,3.16953125,0.1,causal,False,132743,175474,True,retained,159328,160204,0.0,210.59298294593057,10.161411346544412
B1,74,3,-1,161513,161565,0.203125,162080,platform_onset_hypothesis,162392,-1.0,,,162392,platform_end_proxy,2.21484375,3.43359375,1.21875,,ground_truth_target_mapping_unavailable,,deadline_and_timeout_flag_unavailable,False,True,1,0,3.33359375,0.1,causal,False,132743,175474,True,retained,161449,162367,0.0,278.45884653463213,9.18481481946722
B1,75,3,1,163678,163730,0.203125,164245,platform_onset_hypothesis,164528,1.0,,,164528,platform_end_proxy,2.21484375,3.3203125,1.10546875,,ground_truth_target_mapping_unavailable,,deadline_and_timeout_flag_unavailable,False,True,1,0,3.2203125,0.1,causal,False,132743,175474,True,retained,163614,164503,0.0,549.982620044652,8.475242696673774
B1,76,3,-1,165814,165866,0.203125,166381,platform_onset_hypothesis,166697,-1.0,,,166697,platform_end_proxy,2.21484375,3.44921875,1.234375,,ground_truth_target_mapping_unavailable,,deadline_and_timeout_flag_unavailable,False,True,1,0,3.34921875,0.1,causal,False,132743,175474,True,retained,165750,166672,0.0,989.8570095096935,12.27044588860742
B1,77,3,-1,167982,168035,0.20703125,168550,platform_onset_hypothesis,168854,-1.0,,,168854,platform_end_proxy,2.21875,3.40625,1.1875,,ground_truth_target_mapping_unavailable,,deadline_and_timeout_flag_unavailable,False,True,1,0,3.30625,0.1,causal,False,132743,175474,True,retained,167918,168829,0.0,385.42489876358417,14.361817918198241
B1,78,3,-1,170139,170191,0.203125,170706,platform_onset_hypothesis,170998,-1.0,,,170998,platform_end_proxy,2.21484375,3.35546875,1.140625,,ground_truth_target_mapping_unavailable,,deadline_and_timeout_flag_unavailable,False,True,1,0,3.25546875,0.1,causal,False,132743,175474,False,block_boundary_24s_buffer,170075,170973,,,
B1,79,3,1,172279,172332,0.20703125,172847,platform_onset_hypothesis,173132,1.0,,,173132,platform_end_proxy,2.21875,3.33203125,1.11328125,,ground_truth_target_mapping_unavailable,,deadline_and_timeout_flag_unavailable,False,True,1,0,3.23203125,0.1,causal,False,132743,175474,False,block_boundary_24s_buffer,172215,173107,,,
B1,80,3,-1,174416,174468,0.203125,174983,platform_onset_hypothesis,175248,-1.0,,,175248,platform_end_proxy,2.21484375,3.25,1.03515625,,ground_truth_target_mapping_unavailable,,deadline_and_timeout_flag_unavailable,False,True,1,0,3.15,0.1,causal,False,132743,175474,False,block_boundary_24s_buffer,174352,175223,,,
B1,81,4,-1,176533,176585,0.203125,177100,platform_onset_hypothesis,177419,-1.0,,,177419,platform_end_proxy,2.21484375,3.4609375,1.24609375,,ground_truth_target_mapping_unavailable,,deadline_and_timeout_flag_unavailable,False,True,1,0,3.3609375,0.1,causal,False,175474,223005,False,block_boundary_24s_buffer,176469,177394,,,
B1,82,4,1,178705,178757,0.203125,179273,platform_onset_hypothesis,179563,1.0,,,179563,platform_end_proxy,2.21875,3.3515625,1.1328125,,ground_truth_target_mapping_unavailable,,deadline_and_timeout_flag_unavailable,False,True,1,0,3.2515625,0.1,causal,False,175474,223005,False,block_boundary_24s_buffer,178641,179538,,,
B1,83,4,-1,180846,180898,0.203125,181413,platform_onset_hypothesis,181736,-1.0,,,181736,platform_end_proxy,2.21484375,3.4765625,1.26171875,,ground_truth_target_mapping_unavailable,,deadline_and_timeout_flag_unavailable,False,True,1,0,3.3765625,0.1,causal,False,175474,223005,False,block_boundary_24s_buffer,180782,181711,,,
B1,84,4,-1,183022,183074,0.203125,183590,platform_onset_hypothesis,183839,-1.0,,,183839,platform_end_proxy,2.21875,3.19140625,0.97265625,,ground_truth_target_mapping_unavailable,,deadline_and_timeout_flag_unavailable,False,True,1,0,3.09140625,0.1,causal,False,175474,223005,True,retained,182958,183814,0.0,441.76166042518787,10.458308822977642
B1,85,4,1,185123,185175,0.203125,185690,platform_onset_hypothesis,185983,1.0,,,185983,platform_end_proxy,2.21484375,3.359375,1.14453125,,ground_truth_target_mapping_unavailable,,deadline_and_timeout_flag_unavailable,False,True,1,0,3.259375,0.1,causal,False,175474,223005,False,quality,185059,185958,0.08902195608782436,1543.5913648803903,11.078051268488991
B1,86,4,-1,187267,187319,0.203125,187835,platform_onset_hypothesis,188082,-1.0,,,188082,platform_end_proxy,2.21875,3.18359375,0.96484375,,ground_truth_target_mapping_unavailable,,deadline_and_timeout_flag_unavailable,False,True,1,0,3.08359375,0.1,causal,False,175474,223005,True,retained,187203,188057,0.0,222.44712757375473,10.079014082208403
B1,87,4,-1,189368,189420,0.203125,189935,platform_onset_hypothesis,190332,1.0,,,190332,platform_end_proxy,2.21484375,3.765625,1.55078125,,ground_truth_target_mapping_unavailable,,deadline_and_timeout_flag_unavailable,True,True,1,0,3.665625,0.1,causal,False,175474,223005,True,retained,189304,190307,0.0,221.81622180589716,8.857249021791738
B1,88,4,1,191616,191668,0.203125,192183,platform_onset_hypothesis,192494,1.0,,,192494,platform_end_proxy,2.21484375,3.4296875,1.21484375,,ground_truth_target_mapping_unavailable,,deadline_and_timeout_flag_unavailable,False,True,1,0,3.3296875,0.1,causal,False,175474,223005,False,quality,191552,192469,0.08597108245408362,2491.2855927576666,378.11864863532446
B1,89,4,-1,193777,193829,0.203125,194344,platform_onset_hypothesis,194589,-1.0,,,194589,platform_end_proxy,2.21484375,3.171875,0.95703125,,ground_truth_target_mapping_unavailable,,deadline_and_timeout_flag_unavailable,False,True,1,0,3.071875,0.1,causal,False,175474,223005,True,retained,193713,194564,0.0,1118.8224825035727,17.54409308055949
B1,90,4,-1,195873,195925,0.203125,196441,platform_onset_hypothesis,196732,-1.0,,,196732,platform_end_proxy,2.21875,3.35546875,1.13671875,,ground_truth_target_mapping_unavailable,,deadline_and_timeout_flag_unavailable,False,True,1,0,3.25546875,0.1,causal,False,175474,223005,True,retained,195809,196707,0.0,868.0884639834311,10.427416758841446
B1,91,4,1,198018,198070,0.203125,198585,platform_onset_hypothesis,198850,1.0,,,198850,platform_end_proxy,2.21484375,3.25,1.03515625,,ground_truth_target_mapping_unavailable,,deadline_and_timeout_flag_unavailable,False,True,1,0,3.15,0.1,causal,False,175474,223005,True,retained,197954,198825,0.0,176.03343096655365,9.173846311393902
B1,92,4,1,200134,200187,0.20703125,200702,platform_onset_hypothesis,200973,1.0,,,200973,platform_end_proxy,2.21875,3.27734375,1.05859375,,ground_truth_target_mapping_unavailable,,deadline_and_timeout_flag_unavailable,False,True,1,0,3.17734375,0.1,causal,False,175474,223005,False,quality,200070,200948,0.27354627354627353,3430.3723452053264,541.6082517940122
B1,93,4,-1,202259,202311,0.203125,202826,platform_onset_hypothesis,203086,-1.0,,,203086,platform_end_proxy,2.21484375,3.23046875,1.015625,,ground_truth_target_mapping_unavailable,,deadline_and_timeout_flag_unavailable,False,True,1,0,3.13046875,0.1,causal,False,175474,223005,True,retained,202195,203061,0.0,252.51455221856514,13.882051937256023
B1,94,4,1,204367,204420,0.20703125,204935,platform_onset_hypothesis,205214,1.0,,,205214,platform_end_proxy,2.21875,3.30859375,1.08984375,,ground_truth_target_mapping_unavailable,,deadline_and_timeout_flag_unavailable,False,True,1,0,3.20859375,0.1,causal,False,175474,223005,True,retained,204303,205189,0.0,112.4769645867865,9.837327795185459
B1,95,4,-1,206496,206548,0.203125,207063,platform_onset_hypothesis,207274,-1.0,,,207274,platform_end_proxy,2.21484375,3.0390625,0.82421875,,ground_truth_target_mapping_unavailable,,deadline_and_timeout_flag_unavailable,False,True,1,0,2.9390625,0.1,causal,False,175474,223005,True,retained,206432,207249,0.0,128.1187417132437,9.362820430187895
B1,96,4,1,208557,208609,0.203125,209124,platform_onset_hypothesis,209369,1.0,,,209369,platform_end_proxy,2.21484375,3.171875,0.95703125,,ground_truth_target_mapping_unavailable,,deadline_and_timeout_flag_unavailable,False,True,1,0,3.071875,0.1,causal,False,175474,223005,True,retained,208493,209344,0.0,387.40189049858435,9.477028212260777
B1,97,4,-1,210653,210705,0.203125,211221,platform_onset_hypothesis,211520,-1.0,,,211520,platform_end_proxy,2.21875,3.38671875,1.16796875,,ground_truth_target_mapping_unavailable,,deadline_and_timeout_flag_unavailable,False,True,1,0,3.28671875,0.1,causal,False,175474,223005,False,quality,210589,211495,0.09659540775930324,3327.269589056969,545.8110109037347
B1,98,4,1,212806,212858,0.203125,213373,platform_onset_hypothesis,213679,1.0,,,213679,platform_end_proxy,2.21484375,3.41015625,1.1953125,,ground_truth_target_mapping_unavailable,,deadline_and_timeout_flag_unavailable,False,True,1,0,3.31015625,0.1,causal,False,175474,223005,True,retained,212742,213654,0.0,267.0467064548014,11.926727288484074
B1,99,4,1,214962,215014,0.203125,215530,platform_onset_hypothesis,215781,1.0,,,215781,platform_end_proxy,2.21875,3.19921875,0.98046875,,ground_truth_target_mapping_unavailable,,deadline_and_timeout_flag_unavailable,False,True,1,0,3.09921875,0.1,causal,False,175474,223005,True,retained,214898,215756,0.0,469.6678400050536,10.547209773663155
B1,100,4,1,217063,217115,0.203125,217630,platform_onset_hypothesis,217866,1.0,,,217866,platform_end_proxy,2.21484375,3.13671875,0.921875,,ground_truth_target_mapping_unavailable,,deadline_and_timeout_flag_unavailable,False,True,1,0,3.03671875,0.1,causal,False,175474,223005,False,block_boundary_24s_buffer,216999,217841,,,
B2,1,0,-1,5134,5187,0.20703125,5702,platform_onset_hypothesis,6062,1.0,6062.0,1.0,6062,explicit_click,2.21875,3.625,1.40625,,ground_truth_target_mapping_unavailable,,deadline_and_timeout_flag_unavailable,True,True,1,1,3.525,0.1,causal,False,0,47907,False,block_boundary_24s_buffer,5070,6037,,,
B2,2,0,-1,7347,7399,0.203125,7914,platform_onset_hypothesis,8324,-1.0,8324.0,-1.0,8324,explicit_click,2.21484375,3.81640625,1.6015625,,ground_truth_target_mapping_unavailable,,deadline_and_timeout_flag_unavailable,False,True,1,1,3.71640625,0.1,causal,False,0,47907,True,retained,7283,8299,0.0,1372.4615179441917,11.850279792543233
B2,3,0,-1,9611,9663,0.203125,10179,platform_onset_hypothesis,10588,-1.0,10588.0,-1.0,10588,explicit_click,2.21875,3.81640625,1.59765625,,ground_truth_target_mapping_unavailable,,deadline_and_timeout_flag_unavailable,False,True,1,1,3.71640625,0.1,causal,False,0,47907,True,retained,9547,10563,0.0,476.42098703627136,8.139169958200853
B2,4,0,1,11871,11924,0.20703125,12439,platform_onset_hypothesis,12712,1.0,12712.0,1.0,12712,explicit_click,2.21875,3.28515625,1.06640625,,ground_truth_target_mapping_unavailable,,deadline_and_timeout_flag_unavailable,False,True,1,1,3.18515625,0.1,causal,False,0,47907,True,retained,11807,12687,0.0,1250.1926162218804,10.823763255853123
B2,5,0,-1,13996,14048,0.203125,14564,platform_onset_hypothesis,14874,-1.0,14874.0,-1.0,14874,explicit_click,2.21875,3.4296875,1.2109375,,ground_truth_target_mapping_unavailable,,deadline_and_timeout_flag_unavailable,False,True,1,1,3.3296875,0.1,causal,False,0,47907,True,retained,13932,14849,0.0,336.9216799557282,11.774604773217419
B2,6,0,1,16161,16213,0.203125,16728,platform_onset_hypothesis,17037,-1.0,17037.0,-1.0,17037,explicit_click,2.21484375,3.421875,1.20703125,,ground_truth_target_mapping_unavailable,,deadline_and_timeout_flag_unavailable,True,True,1,1,3.321875,0.1,causal,False,0,47907,True,retained,16097,17012,0.0,896.5430108170583,11.786265289688572
B2,7,0,1,18321,18373,0.203125,18889,platform_onset_hypothesis,19211,1.0,19211.0,1.0,19211,explicit_click,2.21875,3.4765625,1.2578125,,ground_truth_target_mapping_unavailable,,deadline_and_timeout_flag_unavailable,False,True,1,1,3.3765625,0.1,causal,False,0,47907,True,retained,18257,19186,0.0,1139.7975838153598,11.170215757246808
B2,8,0,1,20498,20550,0.203125,21065,platform_onset_hypothesis,21347,1.0,21347.0,1.0,21347,explicit_click,2.21484375,3.31640625,1.1015625,,ground_truth_target_mapping_unavailable,,deadline_and_timeout_flag_unavailable,False,True,1,1,3.21640625,0.1,causal,False,0,47907,True,retained,20434,21322,0.0,324.81060946464424,10.977387204943398
B2,9,0,1,22630,22682,0.203125,23197,platform_onset_hypothesis,23474,1.0,23474.0,1.0,23474,explicit_click,2.21484375,3.296875,1.08203125,,ground_truth_target_mapping_unavailable,,deadline_and_timeout_flag_unavailable,False,True,1,1,3.196875,0.1,causal,False,0,47907,True,retained,22566,23449,0.0,586.3109114663546,9.485446696672227
B2,10,0,-1,24759,24811,0.203125,25326,platform_onset_hypothesis,25641,1.0,25641.0,1.0,25641,explicit_click,2.21484375,3.4453125,1.23046875,,ground_truth_target_mapping_unavailable,,deadline_and_timeout_flag_unavailable,True,True,1,1,3.3453125,0.1,causal,False,0,47907,True,retained,24695,25616,0.0,1267.552156491245,12.656178742851438
B2,11,0,1,26927,26979,0.203125,27494,platform_onset_hypothesis,27849,1.0,27849.0,1.0,27849,explicit_click,2.21484375,3.6015625,1.38671875,,ground_truth_target_mapping_unavailable,,deadline_and_timeout_flag_unavailable,False,True,1,1,3.5015625,0.1,causal,False,0,47907,True,retained,26863,27824,0.0,975.8672572345988,12.505090183300581
B2,12,0,1,29131,29184,0.20703125,29699,platform_onset_hypothesis,30089,-1.0,30089.0,-1.0,30089,explicit_click,2.21875,3.7421875,1.5234375,,ground_truth_target_mapping_unavailable,,deadline_and_timeout_flag_unavailable,True,True,1,1,3.6421875,0.1,causal,False,0,47907,True,retained,29067,30064,0.0,542.6830948925336,10.384444139278003
B2,13,0,1,31372,31424,0.203125,31939,platform_onset_hypothesis,32293,1.0,32293.0,1.0,32293,explicit_click,2.21484375,3.59765625,1.3828125,,ground_truth_target_mapping_unavailable,,deadline_and_timeout_flag_unavailable,False,True,1,1,3.49765625,0.1,causal,False,0,47907,True,retained,31308,32268,0.0,834.8132652556188,10.251686872565529
B2,14,0,1,33576,33629,0.20703125,34144,platform_onset_hypothesis,34523,-1.0,34523.0,-1.0,34523,explicit_click,2.21875,3.69921875,1.48046875,,ground_truth_target_mapping_unavailable,,deadline_and_timeout_flag_unavailable,True,True,1,1,3.59921875,0.1,causal,False,0,47907,False,quality,33512,34498,0.05133767172812726,2948.210476609607,554.2686080192136
B2,15,0,1,35809,35861,0.203125,36376,platform_onset_hypothesis,36748,-1.0,36748.0,-1.0,36748,explicit_click,2.21484375,3.66796875,1.453125,,ground_truth_target_mapping_unavailable,,deadline_and_timeout_flag_unavailable,True,True,1,1,3.56796875,0.1,causal,False,0,47907,True,retained,35745,36723,0.0,1163.1283762142752,10.876789556415332
B2,16,0,1,38033,38085,0.203125,38601,platform_onset_hypothesis,38910,1.0,38910.0,1.0,38910,explicit_click,2.21875,3.42578125,1.20703125,,ground_truth_target_mapping_unavailable,,deadline_and_timeout_flag_unavailable,False,True,1,1,3.32578125,0.1,causal,False,0,47907,False,quality,37969,38885,0.061815336463223784,3340.872329120402,544.0438434304126
B2,17,0,-1,40198,40250,0.203125,40765,platform_onset_hypothesis,41094,-1.0,41094.0,-1.0,41094,explicit_click,2.21484375,3.5,1.28515625,,ground_truth_target_mapping_unavailable,,deadline_and_timeout_flag_unavailable,False,True,1,1,3.4,0.1,causal,False,0,47907,True,retained,40134,41069,0.0,516.0329034687784,13.115027591036721
B2,18,0,1,42378,42430,0.203125,42946,platform_onset_hypothesis,43318,-1.0,43318.0,-1.0,43318,explicit_click,2.21875,3.671875,1.453125,,ground_truth_target_mapping_unavailable,,deadline_and_timeout_flag_unavailable,True,True,1,1,3.571875,0.1,causal,False,0,47907,False,block_boundary_24s_buffer,42314,43293,,,
B2,19,0,1,44603,44655,0.203125,45170,platform_onset_hypothesis,45526,1.0,45526.0,1.0,45526,explicit_click,2.21484375,3.60546875,1.390625,,ground_truth_target_mapping_unavailable,,deadline_and_timeout_flag_unavailable,False,True,1,1,3.50546875,0.1,causal,False,0,47907,False,block_boundary_24s_buffer,44539,45501,,,
B2,20,0,-1,46811,46863,0.203125,47378,platform_onset_hypothesis,47716,1.0,47716.0,1.0,47716,explicit_click,2.21484375,3.53515625,1.3203125,,ground_truth_target_mapping_unavailable,,deadline_and_timeout_flag_unavailable,True,True,1,1,3.43515625,0.1,causal,False,0,47907,False,block_boundary_24s_buffer,46747,47691,,,
B2,21,1,1,49003,49056,0.20703125,49571,platform_onset_hypothesis,49854,1.0,49854.0,1.0,49854,explicit_click,2.21875,3.32421875,1.10546875,,ground_truth_target_mapping_unavailable,,deadline_and_timeout_flag_unavailable,False,True,1,1,3.22421875,0.1,causal,False,47907,91728,False,block_boundary_24s_buffer,48939,49829,,,
B2,22,1,1,51140,51192,0.203125,51707,platform_onset_hypothesis,52054,-1.0,52054.0,-1.0,52054,explicit_click,2.21484375,3.5703125,1.35546875,,ground_truth_target_mapping_unavailable,,deadline_and_timeout_flag_unavailable,True,True,1,1,3.4703125,0.1,causal,False,47907,91728,False,block_boundary_24s_buffer,51076,52029,,,
B2,23,1,-1,53340,53393,0.20703125,53908,platform_onset_hypothesis,54210,-1.0,54210.0,-1.0,54210,explicit_click,2.21875,3.3984375,1.1796875,,ground_truth_target_mapping_unavailable,,deadline_and_timeout_flag_unavailable,False,True,1,1,3.2984375,0.1,causal,False,47907,91728,False,block_boundary_24s_buffer,53276,54185,,,
B2,24,1,-1,55493,55545,0.203125,56060,platform_onset_hypothesis,56409,1.0,56409.0,1.0,56409,explicit_click,2.21484375,3.578125,1.36328125,,ground_truth_target_mapping_unavailable,,deadline_and_timeout_flag_unavailable,True,True,1,1,3.478125,0.1,causal,False,47907,91728,True,retained,55429,56384,0.0,592.2356033372303,12.194714999618554
B2,25,1,-1,57693,57745,0.203125,58261,platform_onset_hypothesis,58595,-1.0,58595.0,-1.0,58595,explicit_click,2.21875,3.5234375,1.3046875,,ground_truth_target_mapping_unavailable,,deadline_and_timeout_flag_unavailable,False,True,1,1,3.4234375,0.1,causal,False,47907,91728,True,retained,57629,58570,0.0,1109.1315088721585,14.776812000855898
B2,26,1,1,59878,59930,0.203125,60445,platform_onset_hypothesis,60785,1.0,60785.0,1.0,60785,explicit_click,2.21484375,3.54296875,1.328125,,ground_truth_target_mapping_unavailable,,deadline_and_timeout_flag_unavailable,False,True,1,1,3.44296875,0.1,causal,False,47907,91728,True,retained,59814,60760,0.0,1076.9976892952482,12.451008718689081
B2,27,1,-1,62070,62122,0.203125,62638,platform_onset_hypothesis,63010,1.0,63010.0,1.0,63010,explicit_click,2.21875,3.671875,1.453125,,ground_truth_target_mapping_unavailable,,deadline_and_timeout_flag_unavailable,True,True,1,1,3.571875,0.1,causal,False,47907,91728,True,retained,62006,62985,0.0,763.1767997003012,11.415261946534699
B2,28,1,-1,64295,64347,0.203125,64862,platform_onset_hypothesis,65160,1.0,65160.0,1.0,65160,explicit_click,2.21484375,3.37890625,1.1640625,,ground_truth_target_mapping_unavailable,,deadline_and_timeout_flag_unavailable,True,True,1,1,3.27890625,0.1,causal,False,47907,91728,True,retained,64231,65135,0.0,217.8398405298148,12.741780470781293
B2,29,1,-1,66447,66499,0.203125,67015,platform_onset_hypothesis,67343,-1.0,67343.0,-1.0,67343,explicit_click,2.21875,3.5,1.28125,,ground_truth_target_mapping_unavailable,,deadline_and_timeout_flag_unavailable,False,True,1,1,3.4,0.1,causal,False,47907,91728,True,retained,66383,67318,0.0,1215.2020466283411,17.520956739080702
B2,30,1,1,68632,68684,0.203125,69199,platform_onset_hypothesis,69559,-1.0,69559.0,-1.0,69559,explicit_click,2.21484375,3.62109375,1.40625,,ground_truth_target_mapping_unavailable,,deadline_and_timeout_flag_unavailable,True,True,1,1,3.52109375,0.1,causal,False,47907,91728,True,retained,68568,69534,0.0,872.5828933818991,7.59217983007693
B2,31,1,1,70844,70896,0.203125,71412,platform_onset_hypothesis,71758,1.0,71758.0,1.0,71758,explicit_click,2.21875,3.5703125,1.3515625,,ground_truth_target_mapping_unavailable,,deadline_and_timeout_flag_unavailable,False,True,1,1,3.4703125,0.1,causal,False,47907,91728,True,retained,70780,71733,0.0,775.2373470518395,12.42417510788141
B2,32,1,1,73045,73097,0.203125,73612,platform_onset_hypothesis,73902,1.0,73902.0,1.0,73902,explicit_click,2.21484375,3.34765625,1.1328125,,ground_truth_target_mapping_unavailable,,deadline_and_timeout_flag_unavailable,False,True,1,1,3.24765625,0.1,causal,False,47907,91728,True,retained,72981,73877,0.0,1663.0946825920169,14.21984231761462
B2,33,1,1,75189,75241,0.203125,75757,platform_onset_hypothesis,76087,-1.0,76087.0,-1.0,76087,explicit_click,2.21875,3.5078125,1.2890625,,ground_truth_target_mapping_unavailable,,deadline_and_timeout_flag_unavailable,True,True,1,1,3.4078125,0.1,causal,False,47907,91728,True,retained,75125,76062,0.0,768.8868993925928,11.733086536271173
B2,34,1,1,77369,77422,0.20703125,77937,platform_onset_hypothesis,78280,-1.0,78280.0,-1.0,78280,explicit_click,2.21875,3.55859375,1.33984375,,ground_truth_target_mapping_unavailable,,deadline_and_timeout_flag_unavailable,True,True,1,1,3.45859375,0.1,causal,False,47907,91728,True,retained,77305,78255,0.0,942.3409187657419,10.253842792570595
B2,35,1,-1,79566,79618,0.203125,80134,platform_onset_hypothesis,80496,1.0,80496.0,1.0,80496,explicit_click,2.21875,3.6328125,1.4140625,,ground_truth_target_mapping_unavailable,,deadline_and_timeout_flag_unavailable,True,True,1,1,3.5328125,0.1,causal,False,47907,91728,True,retained,79502,80471,0.0,853.6125474244238,8.252267030901322
B2,36,1,1,81783,81835,0.203125,82350,platform_onset_hypothesis,82675,1.0,82675.0,1.0,82675,explicit_click,2.21484375,3.484375,1.26953125,,ground_truth_target_mapping_unavailable,,deadline_and_timeout_flag_unavailable,False,True,1,1,3.384375,0.1,causal,False,47907,91728,True,retained,81719,82650,0.0,738.169469248837,12.215424866586204
B2,37,1,-1,83959,84011,0.203125,84527,platform_onset_hypothesis,84881,-1.0,84881.0,-1.0,84881,explicit_click,2.21875,3.6015625,1.3828125,,ground_truth_target_mapping_unavailable,,deadline_and_timeout_flag_unavailable,False,True,1,1,3.5015625,0.1,causal,False,47907,91728,True,retained,83895,84856,0.0,1089.8612917678197,11.398896084163596
B2,38,1,-1,86167,86220,0.20703125,86735,platform_onset_hypothesis,87125,1.0,87125.0,1.0,87125,explicit_click,2.21875,3.7421875,1.5234375,,ground_truth_target_mapping_unavailable,,deadline_and_timeout_flag_unavailable,True,True,1,1,3.6421875,0.1,causal,False,47907,91728,False,block_boundary_24s_buffer,86103,87100,,,
B2,39,1,1,88412,88464,0.203125,88979,platform_onset_hypothesis,89356,-1.0,89356.0,-1.0,89356,explicit_click,2.21484375,3.6875,1.47265625,,ground_truth_target_mapping_unavailable,,deadline_and_timeout_flag_unavailable,True,True,1,1,3.5875,0.1,causal,False,47907,91728,False,block_boundary_24s_buffer,88348,89331,,,
B2,40,1,1,90640,90692,0.203125,91208,platform_onset_hypothesis,91529,-1.0,91529.0,-1.0,91529,explicit_click,2.21875,3.47265625,1.25390625,,ground_truth_target_mapping_unavailable,,deadline_and_timeout_flag_unavailable,True,True,1,1,3.37265625,0.1,causal,False,47907,91728,False,block_boundary_24s_buffer,90576,91504,,,
B2,41,2,1,92817,92869,0.203125,93384,platform_onset_hypothesis,93692,1.0,93692.0,1.0,93692,explicit_click,2.21484375,3.41796875,1.203125,,ground_truth_target_mapping_unavailable,,deadline_and_timeout_flag_unavailable,False,True,1,1,3.31796875,0.1,causal,False,91728,135404,False,block_boundary_24s_buffer,92753,93667,,,
B2,42,2,-1,94977,95029,0.203125,95545,platform_onset_hypothesis,95858,-1.0,95858.0,-1.0,95858,explicit_click,2.21875,3.44140625,1.22265625,,ground_truth_target_mapping_unavailable,,deadline_and_timeout_flag_unavailable,False,True,1,1,3.34140625,0.1,causal,False,91728,135404,False,block_boundary_24s_buffer,94913,95833,,,
B2,43,2,-1,97142,97194,0.203125,97709,platform_onset_hypothesis,97976,-1.0,97976.0,-1.0,97976,explicit_click,2.21484375,3.2578125,1.04296875,,ground_truth_target_mapping_unavailable,,deadline_and_timeout_flag_unavailable,False,True,1,1,3.1578125,0.1,causal,False,91728,135404,False,block_boundary_24s_buffer,97078,97951,,,
B2,44,2,1,99262,99314,0.203125,99830,platform_onset_hypothesis,100213,-1.0,100213.0,-1.0,100213,explicit_click,2.21875,3.71484375,1.49609375,,ground_truth_target_mapping_unavailable,,deadline_and_timeout_flag_unavailable,True,True,1,1,3.61484375,0.1,causal,False,91728,135404,True,retained,99198,100188,0.0,508.23733941187345,12.10932462760104
B2,45,2,-1,101498,101551,0.20703125,102066,platform_onset_hypothesis,102392,1.0,102392.0,1.0,102392,explicit_click,2.21875,3.4921875,1.2734375,,ground_truth_target_mapping_unavailable,,deadline_and_timeout_flag_unavailable,True,True,1,1,3.3921875,0.1,causal,False,91728,135404,True,retained,101434,102367,0.0,601.5691478175745,10.9493378083896
B2,46,2,-1,103675,103727,0.203125,104242,platform_onset_hypothesis,104547,1.0,104547.0,1.0,104547,explicit_click,2.21484375,3.40625,1.19140625,,ground_truth_target_mapping_unavailable,,deadline_and_timeout_flag_unavailable,True,True,1,1,3.30625,0.1,causal,False,91728,135404,True,retained,103611,104522,0.0,566.2238920848139,16.498511668677452
B2,47,2,1,105831,105884,0.20703125,106399,platform_onset_hypothesis,106752,-1.0,106752.0,-1.0,106752,explicit_click,2.21875,3.59765625,1.37890625,,ground_truth_target_mapping_unavailable,,deadline_and_timeout_flag_unavailable,True,True,1,1,3.49765625,0.1,causal,False,91728,135404,True,retained,105767,106727,0.0,149.32822417915838,8.138618800183593
B2,48,2,-1,108040,108092,0.203125,108607,platform_onset_hypothesis,109005,-1.0,109005.0,-1.0,109005,explicit_click,2.21484375,3.76953125,1.5546875,,ground_truth_target_mapping_unavailable,,deadline_and_timeout_flag_unavailable,False,True,1,1,3.66953125,0.1,causal,False,91728,135404,True,retained,107976,108980,0.0,491.9697379738815,14.184043585193791
B2,49,2,1,110293,110345,0.203125,110860,platform_onset_hypothesis,111198,1.0,111198.0,1.0,111198,explicit_click,2.21484375,3.53515625,1.3203125,,ground_truth_target_mapping_unavailable,,deadline_and_timeout_flag_unavailable,False,True,1,1,3.43515625,0.1,causal,False,91728,135404,True,retained,110229,111173,0.0,1152.5043188469192,11.595593189001306
B2,50,2,-1,112485,112537,0.203125,113053,platform_onset_hypothesis,113404,-1.0,113404.0,-1.0,113404,explicit_click,2.21875,3.58984375,1.37109375,,ground_truth_target_mapping_unavailable,,deadline_and_timeout_flag_unavailable,False,True,1,1,3.48984375,0.1,causal,False,91728,135404,True,retained,112421,113379,0.011185682326621925,1746.8454392931526,15.11509865387302
B2,51,2,-1,114689,114742,0.20703125,115257,platform_onset_hypothesis,115612,1.0,115612.0,1.0,115612,explicit_click,2.21875,3.60546875,1.38671875,,ground_truth_target_mapping_unavailable,,deadline_and_timeout_flag_unavailable,True,True,1,1,3.50546875,0.1,causal,False,91728,135404,True,retained,114625,115587,0.0,1278.691326869629,11.964069394424882
B2,52,2,-1,116898,116950,0.203125,117465,platform_onset_hypothesis,117813,-1.0,117813.0,-1.0,117813,explicit_click,2.21484375,3.57421875,1.359375,,ground_truth_target_mapping_unavailable,,deadline_and_timeout_flag_unavailable,False,True,1,1,3.47421875,0.1,causal,False,91728,135404,True,retained,116834,117788,0.0,277.8189421197077,10.590716130775462
B2,53,2,1,119098,119151,0.20703125,119666,platform_onset_hypothesis,119961,1.0,119961.0,1.0,119961,explicit_click,2.21875,3.37109375,1.15234375,,ground_truth_target_mapping_unavailable,,deadline_and_timeout_flag_unavailable,False,True,1,1,3.27109375,0.1,causal,False,91728,135404,True,retained,119034,119936,0.0,601.8293798339948,15.262545638538029
B2,54,2,1,121247,121299,0.203125,121814,platform_onset_hypothesis,122191,-1.0,122191.0,-1.0,122191,explicit_click,2.21484375,3.6875,1.47265625,,ground_truth_target_mapping_unavailable,,deadline_and_timeout_flag_unavailable,True,True,1,1,3.5875,0.1,causal,False,91728,135404,False,quality,121183,122166,0.11606819006166122,3617.0610149523127,547.0710895629857
B2,55,2,1,123479,123531,0.203125,124047,platform_onset_hypothesis,124326,1.0,124326.0,1.0,124326,explicit_click,2.21875,3.30859375,1.08984375,,ground_truth_target_mapping_unavailable,,deadline_and_timeout_flag_unavailable,False,True,1,1,3.20859375,0.1,causal,False,91728,135404,True,retained,123415,124301,0.0,460.4934021050339,8.32642324597748
B2,56,2,-1,125612,125664,0.203125,126179,platform_onset_hypothesis,126483,1.0,126483.0,1.0,126483,explicit_click,2.21484375,3.40234375,1.1875,,ground_truth_target_mapping_unavailable,,deadline_and_timeout_flag_unavailable,True,True,1,1,3.30234375,0.1,causal,False,91728,135404,True,retained,125548,126458,0.0031520882584712374,1387.4100590575345,17.585650678463082
B2,57,2,-1,127768,127821,0.20703125,128336,platform_onset_hypothesis,128654,1.0,128654.0,1.0,128654,explicit_click,2.21875,3.4609375,1.2421875,,ground_truth_target_mapping_unavailable,,deadline_and_timeout_flag_unavailable,True,True,1,1,3.3609375,0.1,causal,False,91728,135404,True,retained,127704,128629,0.010452961672473868,1361.8564748395647,10.73853800858842
B2,58,2,-1,129941,129993,0.203125,130508,platform_onset_hypothesis,130845,1.0,130845.0,1.0,130845,explicit_click,2.21484375,3.53125,1.31640625,,ground_truth_target_mapping_unavailable,,deadline_and_timeout_flag_unavailable,True,True,1,1,3.43125,0.1,causal,False,91728,135404,False,block_boundary_24s_buffer,129877,130820,,,
B2,59,2,-1,132129,132181,0.203125,132697,platform_onset_hypothesis,133031,1.0,133031.0,1.0,133031,explicit_click,2.21875,3.5234375,1.3046875,,ground_truth_target_mapping_unavailable,,deadline_and_timeout_flag_unavailable,True,True,1,1,3.4234375,0.1,causal,False,91728,135404,False,block_boundary_24s_buffer,132065,133006,,,
B2,60,2,-1,134318,134370,0.203125,134886,platform_onset_hypothesis,135204,1.0,135204.0,1.0,135204,explicit_click,2.21875,3.4609375,1.2421875,,ground_truth_target_mapping_unavailable,,deadline_and_timeout_flag_unavailable,True,True,1,1,3.3609375,0.1,causal,False,91728,135404,False,block_boundary_24s_buffer,134254,135179,,,
B2,61,3,-1,136490,136542,0.203125,137058,platform_onset_hypothesis,137353,1.0,137353.0,1.0,137353,explicit_click,2.21875,3.37109375,1.15234375,,ground_truth_target_mapping_unavailable,,deadline_and_timeout_flag_unavailable,True,True,1,1,3.27109375,0.1,causal,False,135404,179440,False,block_boundary_24s_buffer,136426,137328,,,
B2,62,3,1,138639,138691,0.203125,139206,platform_onset_hypothesis,139591,-1.0,139591.0,-1.0,139591,explicit_click,2.21484375,3.71875,1.50390625,,ground_truth_target_mapping_unavailable,,deadline_and_timeout_flag_unavailable,True,True,1,1,3.61875,0.1,causal,False,135404,179440,False,block_boundary_24s_buffer,138575,139566,,,
B2,63,3,-1,140879,140931,0.203125,141446,platform_onset_hypothesis,141841,-1.0,141841.0,-1.0,141841,explicit_click,2.21484375,3.7578125,1.54296875,,ground_truth_target_mapping_unavailable,,deadline_and_timeout_flag_unavailable,False,True,1,1,3.6578125,0.1,causal,False,135404,179440,False,block_boundary_24s_buffer,140815,141816,,,
B2,64,3,-1,143127,143180,0.20703125,143695,platform_onset_hypothesis,144008,-1.0,144008.0,-1.0,144008,explicit_click,2.21875,3.44140625,1.22265625,,ground_truth_target_mapping_unavailable,,deadline_and_timeout_flag_unavailable,False,True,1,1,3.34140625,0.1,causal,False,135404,179440,True,retained,143063,143983,0.0,623.0612149509655,12.048979784976723
B2,65,3,1,145292,145344,0.203125,145859,platform_onset_hypothesis,146166,-1.0,146166.0,-1.0,146166,explicit_click,2.21484375,3.4140625,1.19921875,,ground_truth_target_mapping_unavailable,,deadline_and_timeout_flag_unavailable,True,True,1,1,3.3140625,0.1,causal,False,135404,179440,True,retained,145228,146141,0.0,1190.9643785165003,12.351183167326894
B2,66,3,1,147452,147505,0.20703125,148020,platform_onset_hypothesis,148368,1.0,148368.0,1.0,148368,explicit_click,2.21875,3.578125,1.359375,,ground_truth_target_mapping_unavailable,,deadline_and_timeout_flag_unavailable,False,True,1,1,3.478125,0.1,causal,False,135404,179440,True,retained,147388,148343,0.0,1146.8713806815292,11.287901845455963
B2,67,3,1,149653,149705,0.203125,150220,platform_onset_hypothesis,150541,-1.0,150541.0,-1.0,150541,explicit_click,2.21484375,3.46875,1.25390625,,ground_truth_target_mapping_unavailable,,deadline_and_timeout_flag_unavailable,True,True,1,1,3.36875,0.1,causal,False,135404,179440,True,retained,149589,150516,0.0,785.2804304774006,14.201924393323694
B2,68,3,1,151825,151878,0.20703125,152393,platform_onset_hypothesis,152750,-1.0,152750.0,-1.0,152750,explicit_click,2.21875,3.61328125,1.39453125,,ground_truth_target_mapping_unavailable,,deadline_and_timeout_flag_unavailable,True,True,1,1,3.51328125,0.1,causal,False,135404,179440,True,retained,151761,152725,0.0,1235.725607250836,15.681995005544877
B2,69,3,-1,154038,154090,0.203125,154605,platform_onset_hypothesis,154949,1.0,154949.0,1.0,154949,explicit_click,2.21484375,3.55859375,1.34375,,ground_truth_target_mapping_unavailable,,deadline_and_timeout_flag_unavailable,True,True,1,1,3.45859375,0.1,causal,False,135404,179440,True,retained,153974,154924,0.0,827.1961036691124,11.239560046236136
B2,70,3,-1,156234,156286,0.203125,156802,platform_onset_hypothesis,157097,1.0,157097.0,1.0,157097,explicit_click,2.21875,3.37109375,1.15234375,,ground_truth_target_mapping_unavailable,,deadline_and_timeout_flag_unavailable,True,True,1,1,3.27109375,0.1,causal,False,135404,179440,True,retained,156170,157072,0.0,304.16805526358314,13.381593654462591
B2,71,3,1,158383,158435,0.203125,158951,platform_onset_hypothesis,159328,1.0,159328.0,1.0,159328,explicit_click,2.21875,3.69140625,1.47265625,,ground_truth_target_mapping_unavailable,,deadline_and_timeout_flag_unavailable,False,True,1,1,3.59140625,0.1,causal,False,135404,179440,True,retained,158319,159303,0.0,582.2839519321644,12.473203706909032
B2,72,3,1,160615,160668,0.20703125,161183,platform_onset_hypothesis,161488,1.0,161488.0,1.0,161488,explicit_click,2.21875,3.41015625,1.19140625,,ground_truth_target_mapping_unavailable,,deadline_and_timeout_flag_unavailable,False,True,1,1,3.31015625,0.1,causal,False,135404,179440,True,retained,160551,161463,0.0,529.1813372697662,10.962979206724128
B2,73,3,1,162772,162824,0.203125,163339,platform_onset_hypothesis,163678,1.0,163678.0,1.0,163678,explicit_click,2.21484375,3.5390625,1.32421875,,ground_truth_target_mapping_unavailable,,deadline_and_timeout_flag_unavailable,False,True,1,1,3.4390625,0.1,causal,False,135404,179440,True,retained,162708,163653,0.0,419.11865609667336,11.387218770564232
B2,74,3,-1,164964,165017,0.20703125,165532,platform_onset_hypothesis,165874,1.0,165874.0,1.0,165874,explicit_click,2.21875,3.5546875,1.3359375,,ground_truth_target_mapping_unavailable,,deadline_and_timeout_flag_unavailable,True,True,1,1,3.4546875,0.1,causal,False,135404,179440,True,retained,164900,165849,0.0,380.44540838757166,8.909369582327201
B2,75,3,-1,167161,167214,0.20703125,167729,platform_onset_hypothesis,168113,1.0,168113.0,1.0,168113,explicit_click,2.21875,3.71875,1.5,,ground_truth_target_mapping_unavailable,,deadline_and_timeout_flag_unavailable,True,True,1,1,3.61875,0.1,causal,False,135404,179440,True,retained,167097,168088,0.0,403.00584762727163,12.75618699391893
B2,76,3,1,169398,169450,0.203125,169965,platform_onset_hypothesis,170382,-1.0,170382.0,-1.0,170382,explicit_click,2.21484375,3.84375,1.62890625,,ground_truth_target_mapping_unavailable,,deadline_and_timeout_flag_unavailable,True,True,1,1,3.74375,0.1,causal,False,135404,179440,True,retained,169334,170357,0.0,500.655184206983,12.655763456234666
B2,77,3,1,171666,171719,0.20703125,172234,platform_onset_hypothesis,172515,-1.0,172515.0,-1.0,172515,explicit_click,2.21875,3.31640625,1.09765625,,ground_truth_target_mapping_unavailable,,deadline_and_timeout_flag_unavailable,True,True,1,1,3.21640625,0.1,causal,False,135404,179440,True,retained,171602,172490,0.0,224.15213822210848,12.735717477866686
B2,78,3,-1,173803,173855,0.203125,174370,platform_onset_hypothesis,174729,-1.0,174729.0,-1.0,174729,explicit_click,2.21484375,3.6171875,1.40234375,,ground_truth_target_mapping_unavailable,,deadline_and_timeout_flag_unavailable,False,True,1,1,3.5171875,0.1,causal,False,135404,179440,False,block_boundary_24s_buffer,173739,174704,,,
B2,79,3,-1,176015,176068,0.20703125,176583,platform_onset_hypothesis,177051,1.0,177051.0,1.0,177051,explicit_click,2.21875,4.046875,1.828125,,ground_truth_target_mapping_unavailable,,deadline_and_timeout_flag_unavailable,True,True,1,1,3.946875,0.1,causal,False,135404,179440,False,block_boundary_24s_buffer,175951,177026,,,
B2,80,3,-1,178336,178388,0.203125,178903,platform_onset_hypothesis,179259,1.0,179259.0,1.0,179259,explicit_click,2.21484375,3.60546875,1.390625,,ground_truth_target_mapping_unavailable,,deadline_and_timeout_flag_unavailable,True,True,1,1,3.50546875,0.1,causal,False,135404,179440,False,block_boundary_24s_buffer,178272,179234,,,
B2,81,4,1,180544,180596,0.203125,181111,platform_onset_hypothesis,181434,-1.0,181434.0,-1.0,181434,explicit_click,2.21484375,3.4765625,1.26171875,,ground_truth_target_mapping_unavailable,,deadline_and_timeout_flag_unavailable,True,True,1,1,3.3765625,0.1,causal,False,179440,228330,False,block_boundary_24s_buffer,180480,181409,,,
B2,82,4,-1,182721,182773,0.203125,183288,platform_onset_hypothesis,183639,-1.0,183639.0,-1.0,183639,explicit_click,2.21484375,3.5859375,1.37109375,,ground_truth_target_mapping_unavailable,,deadline_and_timeout_flag_unavailable,False,True,1,1,3.4859375,0.1,causal,False,179440,228330,False,block_boundary_24s_buffer,182657,183614,,,
B2,83,4,1,184925,184977,0.203125,185492,platform_onset_hypothesis,185842,-1.0,185842.0,-1.0,185842,explicit_click,2.21484375,3.58203125,1.3671875,,ground_truth_target_mapping_unavailable,,deadline_and_timeout_flag_unavailable,True,True,1,1,3.48203125,0.1,causal,False,179440,228330,False,block_boundary_24s_buffer,184861,185817,,,
B2,84,4,-1,187125,187177,0.203125,187693,platform_onset_hypothesis,188047,-1.0,188047.0,-1.0,188047,explicit_click,2.21875,3.6015625,1.3828125,,ground_truth_target_mapping_unavailable,,deadline_and_timeout_flag_unavailable,False,True,1,1,3.5015625,0.1,causal,False,179440,228330,True,retained,187061,188022,0.0,364.47219975215097,10.45109423334678
B2,85,4,-1,189338,189390,0.203125,189905,platform_onset_hypothesis,190304,1.0,190304.0,1.0,190304,explicit_click,2.21484375,3.7734375,1.55859375,,ground_truth_target_mapping_unavailable,,deadline_and_timeout_flag_unavailable,True,True,1,1,3.6734375,0.1,causal,False,179440,228330,True,retained,189274,190279,0.0,1005.9431422970539,14.212193028147908
B2,86,4,1,191590,191642,0.203125,192158,platform_onset_hypothesis,192487,1.0,192487.0,1.0,192487,explicit_click,2.21875,3.50390625,1.28515625,,ground_truth_target_mapping_unavailable,,deadline_and_timeout_flag_unavailable,False,True,1,1,3.40390625,0.1,causal,False,179440,228330,True,retained,191526,192462,0.0,353.73571059687754,10.769028343867973
B2,87,4,-1,193775,193827,0.203125,194342,platform_onset_hypothesis,194642,1.0,194642.0,1.0,194642,explicit_click,2.21484375,3.38671875,1.171875,,ground_truth_target_mapping_unavailable,,deadline_and_timeout_flag_unavailable,True,True,1,1,3.28671875,0.1,causal,False,179440,228330,True,retained,193711,194617,0.0,1051.3888941393188,14.234703604190486
B2,88,4,1,195927,195979,0.203125,196495,platform_onset_hypothesis,196797,1.0,196797.0,1.0,196797,explicit_click,2.21875,3.3984375,1.1796875,,ground_truth_target_mapping_unavailable,,deadline_and_timeout_flag_unavailable,False,True,1,1,3.2984375,0.1,causal,False,179440,228330,True,retained,195863,196772,0.0,1007.3530294690818,12.1545713064545
B2,89,4,-1,198084,198136,0.203125,198651,platform_onset_hypothesis,198978,-1.0,198978.0,-1.0,198978,explicit_click,2.21484375,3.4921875,1.27734375,,ground_truth_target_mapping_unavailable,,deadline_and_timeout_flag_unavailable,False,True,1,1,3.3921875,0.1,causal,False,179440,228330,True,retained,198020,198953,0.0,1300.6416877984595,14.185756458761546
B2,90,4,1,200264,200316,0.203125,200832,platform_onset_hypothesis,201157,1.0,201157.0,1.0,201157,explicit_click,2.21875,3.48828125,1.26953125,,ground_truth_target_mapping_unavailable,,deadline_and_timeout_flag_unavailable,False,True,1,1,3.38828125,0.1,causal,False,179440,228330,True,retained,200200,201132,0.0,700.4396642211685,10.964383420608385
B2,91,4,-1,202445,202497,0.203125,203012,platform_onset_hypothesis,203306,1.0,203306.0,1.0,203306,explicit_click,2.21484375,3.36328125,1.1484375,,ground_truth_target_mapping_unavailable,,deadline_and_timeout_flag_unavailable,True,True,1,1,3.26328125,0.1,causal,False,179440,228330,True,retained,202381,203281,0.0,1250.5505244879237,12.543445451125876
B2,92,4,-1,204593,204645,0.203125,205161,platform_onset_hypothesis,205532,-1.0,205532.0,-1.0,205532,explicit_click,2.21875,3.66796875,1.44921875,,ground_truth_target_mapping_unavailable,,deadline_and_timeout_flag_unavailable,False,True,1,1,3.56796875,0.1,causal,False,179440,228330,True,retained,204529,205507,0.0,463.6690488606981,11.66482257298297
B2,93,4,1,206818,206870,0.203125,207385,platform_onset_hypothesis,207681,1.0,207681.0,1.0,207681,explicit_click,2.21484375,3.37109375,1.15625,,ground_truth_target_mapping_unavailable,,deadline_and_timeout_flag_unavailable,False,True,1,1,3.27109375,0.1,causal,False,179440,228330,True,retained,206754,207656,0.0,413.18952705090976,10.14977112094084
B2,94,4,-1,208962,209015,0.20703125,209530,platform_onset_hypothesis,209933,1.0,209933.0,1.0,209933,explicit_click,2.21875,3.79296875,1.57421875,,ground_truth_target_mapping_unavailable,,deadline_and_timeout_flag_unavailable,True,True,1,1,3.69296875,0.1,causal,False,179440,228330,True,retained,208898,209908,0.0,553.8642877236778,10.846458410564196
B2,95,4,1,211219,211271,0.203125,211786,platform_onset_hypothesis,212076,1.0,212076.0,1.0,212076,explicit_click,2.21484375,3.34765625,1.1328125,,ground_truth_target_mapping_unavailable,,deadline_and_timeout_flag_unavailable,False,True,1,1,3.24765625,0.1,causal,False,179440,228330,True,retained,211155,212051,0.0,1072.4237575639904,12.753196904398408
B2,96,4,1,213363,213415,0.203125,213931,platform_onset_hypothesis,214366,-1.0,214366.0,-1.0,214366,explicit_click,2.21875,3.91796875,1.69921875,,ground_truth_target_mapping_unavailable,,deadline_and_timeout_flag_unavailable,True,True,1,1,3.81796875,0.1,causal,False,179440,228330,True,retained,213299,214341,0.0,785.7729139005123,11.70734995841039
B2,97,4,-1,215651,215704,0.20703125,216219,platform_onset_hypothesis,216654,-1.0,216654.0,-1.0,216654,explicit_click,2.21875,3.91796875,1.69921875,,ground_truth_target_mapping_unavailable,,deadline_and_timeout_flag_unavailable,False,True,1,1,3.81796875,0.1,causal,False,179440,228330,True,retained,215587,216629,0.0,677.9946115383863,13.177777875961638
B2,98,4,-1,217940,217992,0.203125,218508,platform_onset_hypothesis,218860,-1.0,218860.0,-1.0,218860,explicit_click,2.21875,3.59375,1.375,,ground_truth_target_mapping_unavailable,,deadline_and_timeout_flag_unavailable,False,True,1,1,3.49375,0.1,causal,False,179440,228330,True,retained,217876,218835,0.0,256.43688111516894,12.295451917921298
B2,99,4,1,220148,220200,0.203125,220716,platform_onset_hypothesis,221040,-1.0,221040.0,-1.0,221040,explicit_click,2.21875,3.484375,1.265625,,ground_truth_target_mapping_unavailable,,deadline_and_timeout_flag_unavailable,True,True,1,1,3.384375,0.1,causal,False,179440,228330,True,retained,220084,221015,0.0,1108.5175519414847,15.089436604031903
B2,100,4,-1,222325,222377,0.203125,222892,platform_onset_hypothesis,223192,1.0,223192.0,1.0,223192,explicit_click,2.21484375,3.38671875,1.171875,,ground_truth_target_mapping_unavailable,,deadline_and_timeout_flag_unavailable,True,True,1,1,3.28671875,0.1,causal,False,179440,228330,False,block_boundary_24s_buffer,222261,223167,,,
