dataset,trial_id,block,cue,model,stage,channel,n_samples,MSE,zero_MSE,baseline_MSE,normalized_MSE
A2,2,0,-1,M0,encoding,0,205,7997.89064543796,3198.9059772613355,11385.69446622096,0.21785644164141546
A2,2,0,-1,M0,encoding,1,205,53579.574849609686,30062.864990812814,61890.942097171435,0.5980977030176827
A2,2,0,-1,M0,encoding,2,205,37058.431353381035,19793.61745911962,35600.8797215033,0.2868736098126483
A2,2,0,-1,M0,maintenance,0,362,1159.7777171714556,1139.7643003739213,8294.867058965161,0.03159146051866798
A2,2,0,-1,M0,maintenance,1,362,7381.413431660303,7162.264807078192,16896.00468835258,0.08239719017725765
A2,2,0,-1,M0,maintenance,2,362,8945.154367383097,8825.962348070394,18600.18078111761,0.06924547613018282
A2,2,0,-1,M0,retrieval,0,480,12968.371132772783,15310.715313501989,1263.722381152535,0.3532485394111589
A2,2,0,-1,M0,retrieval,1,480,33114.354847337745,38956.60309315932,12228.33056670244,0.3696486884544486
A2,2,0,-1,M0,retrieval,2,480,43459.566338829165,51418.62852694886,12564.330089567475,0.3364255372178541
A2,3,0,-1,M0,encoding,0,205,967.8474842283512,1367.1763345357338,1918.5131985213973,0.026363427347666415
A2,3,0,-1,M0,encoding,1,205,2000.5793174823295,1880.8379430162913,3719.5594135437514,0.0223320527990263
A2,3,0,-1,M0,encoding,2,205,1557.9688974126884,2673.0594137907533,1550.7603353753645,0.012060417703995258
A2,3,0,-1,M0,maintenance,0,362,28699.241983570504,29401.301959548597,57787.14327451807,0.7817454643385183
A2,3,0,-1,M0,maintenance,1,362,67957.08178288466,69054.94336700982,112956.01581731666,0.7585908367547306
A2,3,0,-1,M0,maintenance,2,362,81709.60061697576,83215.17382131533,125987.01677776242,0.6325234833018115
A2,3,0,-1,M0,retrieval,0,360,30190.15524610592,21595.625201845858,56032.22406588781,0.8223568045744876
A2,3,0,-1,M0,retrieval,1,360,94370.11420612154,75511.30798828966,125974.59957834859,1.0534340501697517
A2,3,0,-1,M0,retrieval,2,360,107810.09323903268,84445.34580359461,158240.95740582532,0.8345704200698117
A2,4,0,-1,M0,encoding,0,205,2476.2202785664836,535.3141101436587,4063.045773512705,0.06745035191454134
A2,4,0,-1,M0,encoding,1,205,7361.272133516389,857.2898534934726,9736.733680105976,0.0821723570353471
A2,4,0,-1,M0,encoding,2,205,10321.094522229841,2452.931637390341,9172.25709702045,0.07989678825246585
A2,4,0,-1,M0,maintenance,0,362,751.5152049903144,699.8047565109624,6686.383974038018,0.02047070104565595
A2,4,0,-1,M0,maintenance,1,362,1616.5794951239436,1573.516503799294,12662.401110428882,0.018045542270407906
A2,4,0,-1,M0,maintenance,2,362,2259.1825608029267,2155.2916680520166,10524.471442954033,0.01748859389819232
A2,4,0,-1,M0,retrieval,0,363,1398.0118556221705,1089.3305692939891,4998.162263649693,0.0380807767623185
A2,4,0,-1,M0,retrieval,1,363,6827.342228310274,8725.28150706616,1116.311829048447,0.07621220802758479
A2,4,0,-1,M0,retrieval,2,363,7231.41943168642,9759.712357887434,1177.0303375255742,0.05597925548049258
A2,5,0,1,M0,encoding,0,205,11992.72483897893,3096.4603798085814,11362.534335031238,0.3266726784386406
A2,5,0,1,M0,encoding,1,205,7341.349563527619,1618.9959462258857,6414.980047729927,0.08194996551055543
A2,5,0,1,M0,encoding,2,205,8018.082677865213,1107.7991596702648,3383.4594308797805,0.06206890679320678
A2,5,0,1,M0,maintenance,0,362,20890.15478165834,20398.5425326989,7427.703162326074,0.5690318845090027
A2,5,0,1,M0,maintenance,1,362,75797.50937848631,74767.09518320074,35599.71498085037,0.8461119070276496
A2,5,0,1,M0,maintenance,2,362,68515.62084852252,67242.78288638804,32854.79956178699,0.5303873575743552
A2,5,0,1,M0,retrieval,0,346,70000.95635852944,81851.77624885255,35728.110465567755,1.9067726654232273
A2,5,0,1,M0,retrieval,1,346,158689.12216391868,180939.73316238105,113448.67929054452,1.7714138219001496
A2,5,0,1,M0,retrieval,2,346,147200.31160555768,171618.79035621972,88908.7519112645,1.1394946632564449
A2,6,0,-1,M0,encoding,0,205,7216.648912046291,6850.290986087862,6265.771643246615,0.19657601263285396
A2,6,0,-1,M0,encoding,1,205,8940.055182844351,4607.698662820424,8881.627772031175,0.09979598540523858
A2,6,0,-1,M0,encoding,2,205,12830.504118912599,10200.135405688538,10202.213363713625,0.09932241862074116
A2,6,0,-1,M0,maintenance,0,362,22677.979860517746,23396.223836240293,45300.58820729324,0.6177308761837339
A2,6,0,-1,M0,maintenance,1,362,36755.90072885672,37818.47375912389,71991.8314160781,0.41029851132600637
A2,6,0,-1,M0,maintenance,2,362,40227.2263554028,41566.832908735276,70255.46965877384,0.3114036189843217
A2,6,0,-1,M0,retrieval,0,318,10557.053910021463,5600.029017003206,26095.51512364473,0.28756609723912085
A2,6,0,-1,M0,retrieval,1,318,30513.574087342226,19379.81414206,48742.60093839681,0.34061671119497916
A2,6,0,-1,M0,retrieval,2,318,22084.51755131098,12049.88522499804,42150.01131728544,0.1709588085502532
A2,7,0,1,M0,encoding,0,205,4231.454090032095,622.5460077259634,3639.8608279493615,0.11526158232098778
A2,7,0,1,M0,encoding,1,205,6794.387491924961,698.6436641742382,5648.75625812963,0.07584434112698071
A2,7,0,1,M0,encoding,2,205,7064.219328965376,654.3207962364481,2577.5617114936254,0.054684940117512286
A2,7,0,1,M0,maintenance,0,363,34761.7039202456,35499.39948190913,71314.70256001456,0.9468823039955997
A2,7,0,1,M0,maintenance,1,363,101109.36183504794,102626.9563267694,166462.62079812458,1.1286628764200888
A2,7,0,1,M0,maintenance,2,363,104220.96827237488,106119.21403291571,165568.4389821941,0.8067865879524849
A2,7,0,1,M0,retrieval,0,312,12585.223574554146,6868.269728714505,29741.687990605224,0.3428118921303259
A2,7,0,1,M0,retrieval,1,312,45754.84888260967,31963.733965155072,67695.45181820985,0.5107519067745905
A2,7,0,1,M0,retrieval,2,312,46332.23387419268,30472.50297128849,77237.542883018,0.3586631893678593
A2,8,0,1,M0,encoding,0,205,5633.956992684015,6901.356836181185,3596.787898820973,0.15346469177932826
A2,8,0,1,M0,encoding,1,205,7581.391981259931,9239.256344731644,4159.030925940581,0.08462950933066755
A2,8,0,1,M0,encoding,2,205,11070.136914465,15011.960279268065,8691.935537224683,0.08569521217694737
A2,8,0,1,M0,maintenance,0,362,10765.988057123828,10788.846397572186,5162.11721788512,0.293257304063894
A2,8,0,1,M0,maintenance,1,362,18284.29298378928,18093.9015049996,3361.293523153372,0.20410377771010568
A2,8,0,1,M0,maintenance,2,362,35546.271211471205,35244.43914412774,13846.369158284719,0.2751678029913107
A2,8,0,1,M0,retrieval,0,316,3112.2981022823105,5121.678028797809,859.2501314958846,0.08477662673186319
A2,8,0,1,M0,retrieval,1,316,13456.98733464319,19810.41964985292,2792.3919857955707,0.15021756400604908
A2,8,0,1,M0,retrieval,2,316,17496.394819724756,26198.325040015912,2137.702654591479,0.13544161901455734
A2,9,0,-1,M0,encoding,0,205,1495.1241239593567,1817.0903794921876,1381.2588742018427,0.040726040889771074
A2,9,0,-1,M0,encoding,1,205,4680.945279359574,2275.0612938585914,4933.439850730651,0.052252423192880586
A2,9,0,-1,M0,encoding,2,205,3398.800741421193,3631.938815243858,2078.4882324542846,0.02631051024334429
A2,9,0,-1,M0,maintenance,0,363,11755.88504829902,11389.191926811698,1035.083460928273,0.32022134316487644
A2,9,0,-1,M0,maintenance,1,363,32739.745569184113,32031.881457445426,8326.941447328332,0.3654670026269353
A2,9,0,-1,M0,maintenance,2,363,41334.02417889086,40280.03949233924,14002.175888755854,0.3199714691431448
A2,9,0,-1,M0,retrieval,0,401,14177.481964226714,18432.710769836438,1558.23294151912,0.38618379633929645
A2,9,0,-1,M0,retrieval,1,401,56935.89672504992,67629.75852577393,29430.544523732802,0.6355636293510537
A2,9,0,-1,M0,retrieval,2,401,53820.10198767799,65739.65718937329,19700.171136340323,0.416627643800186
A2,10,0,-1,M0,encoding,0,205,9126.627947036372,13724.390429591442,6659.4454997097855,0.24860238491264874
A2,10,0,-1,M0,encoding,1,205,21980.814038994973,35342.578298093555,17117.244951532582,0.24536727706560926
A2,10,0,-1,M0,encoding,2,205,19662.228266821567,30621.24081454138,18965.396827371074,0.15220758661034844
A2,10,0,-1,M0,maintenance,0,362,23645.34940796044,23253.387282181207,10446.24760294279,0.6440812848978544
A2,10,0,-1,M0,maintenance,1,362,83816.88869554238,82885.1588860837,46170.69926230544,0.9356305783239688
A2,10,0,-1,M0,maintenance,2,362,80570.34102980552,79333.81428623061,44709.12242126552,0.6237043428700786
A2,10,0,-1,M0,retrieval,0,319,9020.777483014303,4026.481879451496,19940.270787952293,0.24571909899886918
A2,10,0,-1,M0,retrieval,1,319,37871.668980206596,47043.9701150059,18534.501622851658,0.42275360135061996
A2,10,0,-1,M0,retrieval,2,319,10855.575845708556,7194.223456396239,11515.379597331697,0.08403427008977493
A2,11,0,1,M0,encoding,0,205,5204.306023400928,1891.4829740745029,3694.2950864379236,0.14176132704662972
A2,11,0,1,M0,encoding,1,205,9793.078202182387,824.2293682703073,7896.203942423423,0.1093181047934443
A2,11,0,1,M0,encoding,2,205,9128.259448516179,3255.066573790756,3558.1205460214182,0.07066291377342222
A2,11,0,1,M0,maintenance,0,362,38194.611520009435,39162.46376505892,74222.16281119562,1.04039208892807
A2,11,0,1,M0,maintenance,1,362,158310.81269740977,160363.33916320832,238578.59715826312,1.7671908316359692
A2,11,0,1,M0,maintenance,2,362,87146.00929299249,89212.15485313993,142186.33813818285,0.6746073525955243
A2,11,0,1,M0,retrieval,0,353,8477.987222743732,4152.899117171096,23784.25036523197,0.2309339062646306
A2,11,0,1,M0,retrieval,1,353,28897.427263390426,19279.914916237558,45619.69151816869,0.32257599874330245
A2,11,0,1,M0,retrieval,2,353,15606.480209142659,8091.626201759742,31335.075582675065,0.12081157109360328
A2,12,0,1,M0,encoding,0,205,3759.3787152550026,2955.3491445318245,3399.1477615619715,0.10240260913733495
A2,12,0,1,M0,encoding,1,205,21850.798670976063,41325.47577236721,20792.16978171793,0.24391594242573256
A2,12,0,1,M0,encoding,2,205,16832.368428935177,33178.33287426246,21031.802158035545,0.13030131380519258
A2,12,0,1,M0,maintenance,0,363,100041.90400051375,98813.55038802142,58797.01283635749,2.725065168653671
A2,12,0,1,M0,maintenance,1,363,358641.14751501125,356272.5356501675,258445.43805118554,4.003436890614238
A2,12,0,1,M0,maintenance,2,363,281021.2179320521,278315.62210746476,198432.98839587133,2.1754178004288236
A2,12,0,1,M0,retrieval,0,333,222773.56862333565,245468.71538792326,158482.92923872365,6.068182112457723
A2,12,0,1,M0,retrieval,1,333,667336.9567263155,714800.9240207844,572847.2565804985,7.449344308481904
A2,12,0,1,M0,retrieval,2,333,471260.1708627292,516939.1591613435,363395.7348060872,3.648079571613662
A2,13,0,1,M0,encoding,0,205,2233.0466492919145,4021.633458615151,819.7929681709369,0.060826487707920235
A2,13,0,1,M0,encoding,1,205,4250.4594111495535,11340.497759022935,1827.611258344882,0.047446998557080934
A2,13,0,1,M0,encoding,2,205,3564.8950269647453,5409.333383857296,1937.6339562389712,0.027596265347460017
A2,13,0,1,M0,maintenance,0,362,3669.133257077194,3677.0385312971316,2976.9223872073744,0.09994439168169479
A2,13,0,1,M0,maintenance,1,362,11268.071648815518,11388.521033965239,11890.872691090723,0.12578315131301065
A2,13,0,1,M0,maintenance,2,362,16809.036596586808,17732.758259704613,43839.292487295286,0.13012069938831416
A2,13,0,1,M0,retrieval,0,321,23603.821269815387,29783.624035244513,6417.781838879931,0.6429500900859529
A2,13,0,1,M0,retrieval,1,321,44305.63313018414,55923.71279267869,22058.091429729193,0.4945746113194537
A2,13,0,1,M0,retrieval,2,321,21510.57230653043,27238.72098113028,6775.432833412491,0.16651583192679778
A2,14,0,-1,M0,encoding,0,205,49689.600863317035,61818.607437653256,41628.32069914871,1.3535068320594263
A2,14,0,-1,M0,encoding,1,205,25735.735238492496,39533.19123963277,19354.918717462384,0.28728268514295097
A2,14,0,-1,M0,encoding,2,205,59760.62342851737,79678.68305790005,58038.47261729365,0.4626139084008743
A2,14,0,-1,M0,maintenance,0,363,116179.63425760137,115008.89988825185,67723.39713771017,3.1646446335196345
A2,14,0,-1,M0,maintenance,1,363,126259.10540387413,124935.87593449943,69649.82306161812,1.4094042578554489
A2,14,0,-1,M0,maintenance,2,363,149849.68452387681,148061.32400092445,90760.43606886525,1.1600037659103202
A2,14,0,-1,M0,retrieval,0,368,33378.63541757245,41763.28812217055,13183.571767657528,0.9092085727711595
A2,14,0,-1,M0,retrieval,1,368,43179.03713994286,55391.7970459973,25843.461985832608,0.4819986534869486
A2,14,0,-1,M0,retrieval,2,368,38753.36529286142,52148.16933612179,16663.02707855445,0.29999428977279313
A2,15,0,-1,M0,encoding,0,205,5646.896019272571,6060.261302154704,5420.039203283541,0.15381714099573443
A2,15,0,-1,M0,encoding,1,205,9703.792534791028,3283.816038491841,11336.593321237058,0.1083214273705819
A2,15,0,-1,M0,encoding,2,205,8443.035593904142,7308.92150169852,6560.530776087232,0.06535851654117514
A2,15,0,-1,M0,maintenance,0,362,1342.4176515504716,1445.1065076798695,7456.792037829571,0.03656643304197074
A2,15,0,-1,M0,maintenance,1,362,1603.5813512378254,1796.0911365322681,14880.60242590012,0.017900446680836665
A2,15,0,-1,M0,maintenance,2,362,2312.846634978204,2600.1374203281675,11694.856254212047,0.017904013712623044
A2,15,0,-1,M0,retrieval,0,408,470.4117103789361,795.7233740096337,6415.82553400906,0.01281365623423015
A2,15,0,-1,M0,retrieval,1,408,806.352634331039,1130.058195531013,6893.64020837213,0.009001147541191534
A2,15,0,-1,M0,retrieval,2,408,1032.3008088755482,763.506273491055,8735.667108659809,0.007991160139260102
A2,16,0,-1,M0,encoding,0,205,5051.372227384554,1436.4645999278612,7056.546870988905,0.1375955270771283
A2,16,0,-1,M0,encoding,1,205,15437.41823076558,5274.086996035677,19370.710406198337,0.17232470414817888
A2,16,0,-1,M0,encoding,2,205,10912.641385594183,3163.815644272729,9482.118772538544,0.08447602104428222
A2,16,0,-1,M0,maintenance,0,363,68503.43598721446,69630.36827977144,117034.06257074315,1.8659813525829723
A2,16,0,-1,M0,maintenance,1,363,379633.00623421767,382629.7431859088,500474.2129576253,4.237764664159841
A2,16,0,-1,M0,maintenance,2,363,155764.2922013836,158125.43681351873,230720.84501891476,1.2057894290673001
A2,16,0,-1,M0,retrieval,0,365,28761.55071854003,20602.134141736915,52749.40721734451,0.7834427067597283
A2,16,0,-1,M0,retrieval,1,365,117358.93319887332,97271.01665727994,151219.26228480344,1.3100534778760593
A2,16,0,-1,M0,retrieval,2,365,52302.903639647324,36924.42342263669,83585.20254291786,0.4048828356416604
A2,17,0,1,M0,encoding,0,205,17326.543113371026,32377.65115522836,17704.669511695636,0.4719618204305773
A2,17,0,1,M0,encoding,1,205,28398.666998216282,57002.95952025868,28752.42588904989,0.3170084411470646
A2,17,0,1,M0,encoding,2,205,26426.115823175685,53425.854284454654,34785.58725409127,0.2045676236867997
A2,17,0,1,M0,maintenance,0,363,94687.54323348071,93669.2371531126,51321.35298068631,2.5792164648287956
A2,17,0,1,M0,maintenance,1,363,166861.55095162505,165418.5671170432,99612.45875596644,1.8626409527559364
A2,17,0,1,M0,maintenance,2,363,164924.997198355,163041.16228593144,102204.28913570764,1.2767035075896822
A2,17,0,1,M0,retrieval,0,338,102768.79751627015,117389.96948486519,60206.46899899457,2.799343668374919
A2,17,0,1,M0,retrieval,1,338,156295.78943069474,178928.4966726924,111820.84260989387,1.7446975440215715
A2,17,0,1,M0,retrieval,2,338,160918.60360023973,187277.43956777797,100210.36844427776,1.2456895506614494
A2,2,0,-1,M1,encoding,0,205,10561.695713124676,3198.9059772613355,11385.69446622096,0.2876925364156109
A2,2,0,-1,M1,encoding,1,205,60145.85545133314,30062.864990812814,61890.942097171435,0.671395734147711
A2,2,0,-1,M1,encoding,2,205,43674.38046058462,19793.61745911962,35600.8797215033,0.3380884382176047
A2,2,0,-1,M1,maintenance,0,362,5080.707857460839,1139.7643003739213,8294.867058965161,0.138394607267775
A2,2,0,-1,M1,maintenance,1,362,15949.626296886974,7162.264807078192,16896.00468835258,0.178042376762682
A2,2,0,-1,M1,maintenance,2,362,20245.19196304306,8825.962348070394,18600.18078111761,0.15672037611107092
A2,2,0,-1,M1,retrieval,0,480,7798.243693385691,15310.715313501989,1263.722381152535,0.21241821092698687
A2,2,0,-1,M1,retrieval,1,480,24023.08248092486,38956.60309315932,12228.33056670244,0.2681646969311509
A2,2,0,-1,M1,retrieval,2,480,29747.11375065456,51418.62852694886,12564.330089567475,0.23027585333503794
A2,3,0,-1,M1,encoding,0,205,1556.6286266786701,1367.1763345357338,1918.5131985213973,0.04240137663782828
A2,3,0,-1,M1,encoding,1,205,2897.65598379813,1880.8379430162913,3719.5594135437514,0.032345933929293406
A2,3,0,-1,M1,encoding,2,205,2162.724071475269,2673.0594137907533,1550.7603353753645,0.016741897558926584
A2,3,0,-1,M1,maintenance,0,362,34816.31267353656,29401.301959548597,57787.14327451807,0.9483698047882277
A2,3,0,-1,M1,maintenance,1,362,76141.56867295376,69054.94336700982,112956.01581731666,0.8499525697111527
A2,3,0,-1,M1,maintenance,2,362,90881.14133850457,83215.17382131533,125987.01677776242,0.7035214424231605
A2,3,0,-1,M1,retrieval,0,360,37286.41386460227,21595.625201845858,56032.22406588781,1.0156534774259307
A2,3,0,-1,M1,retrieval,1,360,105394.09510681206,75511.30798828966,125974.59957834859,1.176492466988485
A2,3,0,-1,M1,retrieval,2,360,126218.47832953448,84445.34580359461,158240.95740582532,0.977071861411899
A2,4,0,-1,M1,encoding,0,205,3699.5706502237667,535.3141101436587,4063.045773512705,0.10077348305812363
A2,4,0,-1,M1,encoding,1,205,10340.8779724337,857.2898534934726,9736.733680105976,0.11543308023362944
A2,4,0,-1,M1,encoding,2,205,14640.024967779158,2452.931637390341,9172.25709702045,0.11333012911975116
A2,4,0,-1,M1,maintenance,0,362,3202.2701368951584,699.8047565109624,6686.383974038018,0.08722739633811852
A2,4,0,-1,M1,maintenance,1,362,7400.390833514422,1573.516503799294,12662.401110428882,0.08260903098581296
A2,4,0,-1,M1,maintenance,2,362,9360.616493705864,2155.2916680520166,10524.471442954033,0.07246161657558184
A2,4,0,-1,M1,retrieval,0,363,1398.409631851113,1089.3305692939891,4998.162263649693,0.038091611883433386
A2,4,0,-1,M1,retrieval,1,363,2843.061503311444,8725.28150706616,1116.311829048447,0.03173650704473559
A2,4,0,-1,M1,retrieval,2,363,2423.110291020956,9759.712357887434,1177.0303375255742,0.018757577446567725
A2,5,0,1,M1,encoding,0,205,20167.45330747909,3096.4603798085814,11362.534335031238,0.5493460475160319
A2,5,0,1,M1,encoding,1,205,12041.916547816189,1618.9959462258857,6414.980047729927,0.13442142173384478
A2,5,0,1,M1,encoding,2,205,15719.614690826676,1107.7991596702648,3383.4594308797805,0.12168735822138238
A2,5,0,1,M1,maintenance,0,362,18198.79015507693,20398.5425326989,7427.703162326074,0.4957211646330003
A2,5,0,1,M1,maintenance,1,362,53573.87637828453,74767.09518320074,35599.71498085037,0.5980340921618696
A2,5,0,1,M1,maintenance,2,362,47290.15512931339,67242.78288638804,32854.79956178699,0.36607856876566186
A2,5,0,1,M1,retrieval,0,346,53615.5447101637,81851.77624885255,35728.110465567755,1.4604465483514826
A2,5,0,1,M1,retrieval,1,346,133114.56852335474,180939.73316238105,113448.67929054452,1.485930373570114
A2,5,0,1,M1,retrieval,2,346,114562.85316965217,171618.79035621972,88908.7519112645,0.88684431690647
A2,6,0,-1,M1,encoding,0,205,2391.1319390548647,6850.290986087862,6265.771643246615,0.06513261043832455
A2,6,0,-1,M1,encoding,1,205,5029.001137453568,4607.698662820424,8881.627772031175,0.05613769868885407
A2,6,0,-1,M1,encoding,2,205,5037.916663140076,10200.135405688538,10202.213363713625,0.038999096462252934
A2,6,0,-1,M1,maintenance,0,362,25428.983209954404,23396.223836240293,45300.58820729324,0.6926661093872213
A2,6,0,-1,M1,maintenance,1,362,42667.98357043706,37818.47375912389,71991.8314160781,0.4762938682791833
A2,6,0,-1,M1,maintenance,2,362,44291.02178652573,41566.832908735276,70255.46965877384,0.34286193015107375
A2,6,0,-1,M1,retrieval,0,318,13969.485251451453,5600.029017003206,26095.51512364473,0.38051812451066536
A2,6,0,-1,M1,retrieval,1,318,36556.99548483533,19379.81414206,48742.60093839681,0.40807817326059076
A2,6,0,-1,M1,retrieval,2,318,26769.544163278388,12049.88522499804,42150.01131728544,0.20722614224895256
A2,7,0,1,M1,encoding,0,205,12678.770861229796,622.5460077259634,3639.8608279493615,0.34536004887612887
A2,7,0,1,M1,encoding,1,205,17415.143229067475,698.6436641742382,5648.75625812963,0.19440163891306217
A2,7,0,1,M1,encoding,2,205,22382.01971204786,654.3207962364481,2577.5617114936254,0.17326180723802317
A2,7,0,1,M1,maintenance,0,363,61351.95494328694,35499.39948190913,71314.70256001456,1.6711804629778146
A2,7,0,1,M1,maintenance,1,363,147110.42145002238,102626.9563267694,166462.62079812458,1.6421631826341865
A2,7,0,1,M1,maintenance,2,363,158787.06788876833,106119.21403291571,165568.4389821941,1.2291890858100527
A2,7,0,1,M1,retrieval,0,312,17323.875766755056,6868.269728714505,29741.687990605224,0.471889163942993
A2,7,0,1,M1,retrieval,1,312,54913.6914125721,31963.733965155072,67695.45181820985,0.6129901700464965
A2,7,0,1,M1,retrieval,2,312,57471.16707184765,30472.50297128849,77237.542883018,0.44489096154207713
A2,8,0,1,M1,encoding,0,205,1684.186479468232,6901.356836181185,3596.787898820973,0.04587595526663267
A2,8,0,1,M1,encoding,1,205,3271.345382472382,9239.256344731644,4159.030925940581,0.03651735133259439
A2,8,0,1,M1,encoding,2,205,2892.588262802685,15011.960279268065,8691.935537224683,0.02239186080865228
A2,8,0,1,M1,maintenance,0,362,1854.9116005711476,10788.846397572186,5162.11721788512,0.05052637736305085
A2,8,0,1,M1,maintenance,1,362,3705.3049350734395,18093.9015049996,3361.293523153372,0.041361551988194856
A2,8,0,1,M1,maintenance,2,362,9131.951761740394,35244.43914412774,13846.369158284719,0.07069149639779425
A2,8,0,1,M1,retrieval,0,316,940.3107050686965,5121.678028797809,859.2501314958846,0.025613346484106507
A2,8,0,1,M1,retrieval,1,316,7037.592221122695,19810.41964985292,2792.3919857955707,0.07855918517537955
A2,8,0,1,M1,retrieval,2,316,8281.229402848592,26198.325040015912,2137.702654591479,0.06410595607320743
A2,9,0,-1,M1,encoding,0,205,940.2937009240427,1817.0903794921876,1381.2588742018427,0.025612883304174244
A2,9,0,-1,M1,encoding,1,205,3214.66567233967,2275.0612938585914,4933.439850730651,0.035884647461142706
A2,9,0,-1,M1,encoding,2,205,1431.4006576224326,3631.938815243858,2078.4882324542846,0.011080638298600889
A2,9,0,-1,M1,maintenance,0,363,6813.161304328841,11389.191926811698,1035.083460928273,0.1855853179158825
A2,9,0,-1,M1,maintenance,1,363,22976.06643573645,32031.881457445426,8326.941447328332,0.2564770735521384
A2,9,0,-1,M1,maintenance,2,363,28656.07285215331,40280.03949233924,14002.175888755854,0.22182997935775922
A2,9,0,-1,M1,retrieval,0,401,8619.328663754644,18432.710769836438,1558.23294151912,0.2347839393246189
A2,9,0,-1,M1,retrieval,1,401,44531.643320834344,67629.75852577393,29430.544523732802,0.49709751629333404
A2,9,0,-1,M1,retrieval,2,401,37777.76303742851,65739.65718937329,19700.171136340323,0.29244203970347493
A2,10,0,-1,M1,encoding,0,205,3973.7687222951877,13724.390429591442,6659.4454997097855,0.10824242942593743
A2,10,0,-1,M1,encoding,1,205,11975.656706238717,35342.578298093555,17117.244951532582,0.13368177683817262
A2,10,0,-1,M1,encoding,2,205,9396.967625166017,30621.24081454138,18965.396827371074,0.0727430148949901
A2,10,0,-1,M1,maintenance,0,362,12925.32873202095,23253.387282181207,10446.24760294279,0.3520760972406916
A2,10,0,-1,M1,maintenance,1,362,59514.45194912253,82885.1588860837,46170.69926230544,0.6643475075537251
A2,10,0,-1,M1,maintenance,2,362,53952.04086114246,79333.81428623061,44709.12242126552,0.4176489979029659
A2,10,0,-1,M1,retrieval,0,319,11525.54335815771,4026.481879451496,19940.270787952293,0.31394701119404866
A2,10,0,-1,M1,retrieval,1,319,25898.54408504968,47043.9701150059,18534.501622851658,0.28910008659546604
A2,10,0,-1,M1,retrieval,2,319,8209.508448553745,7194.223456396239,11515.379597331697,0.06355075585813157
A2,11,0,1,M1,encoding,0,205,6208.0191915145415,1891.4829740745029,3694.2950864379236,0.16910170827059556
A2,11,0,1,M1,encoding,1,205,19764.557800050043,824.2293682703073,7896.203942423423,0.22062766743764617
A2,11,0,1,M1,encoding,2,205,11547.373267792602,3255.066573790756,3558.1205460214182,0.08938955406927962
A2,11,0,1,M1,maintenance,0,362,62239.485150680994,39162.46376505892,74222.16281119562,1.6953561089579738
A2,11,0,1,M1,maintenance,1,362,219786.44158886126,160363.33916320832,238578.59715826312,2.4534305514312167
A2,11,0,1,M1,maintenance,2,362,137034.60788658817,89212.15485313993,142186.33813818285,1.0608007732118903
A2,11,0,1,M1,retrieval,0,353,12904.873329308251,4152.899117171096,23784.25036523197,0.3515189076709801
A2,11,0,1,M1,retrieval,1,353,35012.80205184318,19279.914916237558,45619.69151816869,0.3908406616177689
A2,11,0,1,M1,retrieval,2,353,19799.803290559164,8091.626201759742,31335.075582675065,0.15327257080526263
A2,12,0,1,M1,encoding,0,205,3479.8008507957697,2955.3491445318245,3399.1477615619715,0.09478712132774149
A2,12,0,1,M1,encoding,1,205,5758.3918093277325,41325.47577236721,20792.16978171793,0.06427973577434697
A2,12,0,1,M1,encoding,2,205,3292.3475215064022,33178.33287426246,21031.802158035545,0.025486443536852425
A2,12,0,1,M1,maintenance,0,363,80453.12087489547,98813.55038802142,58797.01283635749,2.1914816555724017
A2,12,0,1,M1,maintenance,1,363,291073.01053973986,356272.5356501675,258445.43805118554,3.2491877642349087
A2,12,0,1,M1,maintenance,2,363,215405.93124647485,278315.62210746476,198432.98839587133,1.6674822655733796
A2,12,0,1,M1,retrieval,0,333,193523.1370639852,245468.71538792326,158482.92923872365,5.271422664436175
A2,12,0,1,M1,retrieval,1,333,613703.1610975732,714800.9240207844,572847.2565804985,6.850641350130523
A2,12,0,1,M1,retrieval,2,333,411323.89361555385,516939.1591613435,363395.7348060872,3.1841059066554926
A2,13,0,1,M1,encoding,0,205,7795.936708279183,4021.633458615151,819.7929681709369,0.21235537041209307
A2,13,0,1,M1,encoding,1,205,10815.147544008214,11340.497759022935,1827.611258344882,0.12072725328681418
A2,13,0,1,M1,encoding,2,205,20489.342026879694,5409.333383857296,1937.6339562389712,0.15861037003663445
A2,13,0,1,M1,maintenance,0,362,3874.643207136226,3677.0385312971316,2976.9223872073744,0.10554232599044952
A2,13,0,1,M1,maintenance,1,362,19070.42696422766,11388.521033965239,11890.872691090723,0.21287922860317612
A2,13,0,1,M1,maintenance,2,362,45802.64599246815,17732.758259704613,43839.292487295286,0.3545635882300068
A2,13,0,1,M1,retrieval,0,321,14170.305545901754,29783.624035244513,6417.781838879931,0.3859883161771743
A2,13,0,1,M1,retrieval,1,321,31187.539848475782,55923.71279267869,22058.091429729193,0.3481400514748897
A2,13,0,1,M1,retrieval,2,321,9140.385715895694,27238.72098113028,6775.432833412491,0.07075678461386724
A2,14,0,-1,M1,encoding,0,205,37688.71970135058,61818.607437653256,41628.32069914871,1.0266119816029733
A2,14,0,-1,M1,encoding,1,205,14508.081979380513,39533.19123963277,19354.918717462384,0.1619507159475517
A2,14,0,-1,M1,encoding,2,205,41749.56262102472,79678.68305790005,58038.47261729365,0.3231882003580776
A2,14,0,-1,M1,maintenance,0,363,94486.13300781549,115008.89988825185,67723.39713771017,2.5737302038859005
A2,14,0,-1,M1,maintenance,1,363,102971.12901595359,124935.87593449943,69649.82306161812,1.1494453980727688
A2,14,0,-1,M1,maintenance,2,363,117734.48965200763,148061.32400092445,90760.43606886525,0.9113963223065528
A2,14,0,-1,M1,retrieval,0,368,26747.305384108175,41763.28812217055,13183.571767657528,0.7285762000011684
A2,14,0,-1,M1,retrieval,1,368,37928.387102852124,55391.7970459973,25843.461985832608,0.4233867340130008
A2,14,0,-1,M1,retrieval,2,368,31195.966164767586,52148.16933612179,16663.02707855445,0.2414915877021768
A2,15,0,-1,M1,encoding,0,205,1111.1042213707262,6060.261302154704,5420.039203283541,0.0302656316135874
A2,15,0,-1,M1,encoding,1,205,7496.870603961246,3283.816038491841,11336.593321237058,0.0836860146918966
A2,15,0,-1,M1,encoding,2,205,1977.53544886985,7308.92150169852,6560.530776087232,0.01530833097980041
A2,15,0,-1,M1,maintenance,0,362,2774.9506307433994,1445.1065076798695,7456.792037829571,0.07558753888304183
A2,15,0,-1,M1,maintenance,1,362,7082.968028671694,1796.0911365322681,14880.60242590012,0.079065705922209
A2,15,0,-1,M1,maintenance,2,362,6171.641739143022,2600.1374203281675,11694.856254212047,0.04777539360194315
A2,15,0,-1,M1,retrieval,0,408,1197.1638057725545,795.7233740096337,6415.82553400906,0.03260982905989977
A2,15,0,-1,M1,retrieval,1,408,2292.0607831314533,1130.058195531013,6893.64020837213,0.02558580006309662
A2,15,0,-1,M1,retrieval,2,408,2695.52798549457,763.506273491055,8735.667108659809,0.020866394375305717
A2,16,0,-1,M1,encoding,0,205,8804.453275115802,1436.4645999278612,7056.546870988905,0.2398265925539921
A2,16,0,-1,M1,encoding,1,205,23821.893811175913,5274.086996035677,19370.710406198337,0.2659188694570103
A2,16,0,-1,M1,encoding,2,205,19123.42331473342,3163.815644272729,9482.118772538544,0.14803663506314116
A2,16,0,-1,M1,maintenance,0,363,85472.75952523733,69630.36827977144,117034.06257074315,2.3282127842122975
A2,16,0,-1,M1,maintenance,1,363,422806.74258025,382629.7431859088,500474.2129576253,4.719704145981637
A2,16,0,-1,M1,maintenance,2,363,189303.1304946977,158125.43681351873,230720.84501891476,1.46541746130585
A2,16,0,-1,M1,retrieval,0,365,34417.24010568309,20602.134141736915,52749.40721734451,0.9374993723900491
A2,16,0,-1,M1,retrieval,1,365,127751.03613673683,97271.01665727994,151219.26228480344,1.42605837179516
A2,16,0,-1,M1,retrieval,2,365,60843.2235081652,36924.42342263669,83585.20254291786,0.4709944410216567
A2,17,0,1,M1,encoding,0,205,11811.031057125854,32377.65115522836,17704.669511695636,0.32172347838856735
A2,17,0,1,M1,encoding,1,205,17820.757322771507,57002.95952025868,28752.42588904989,0.19892942507853503
A2,17,0,1,M1,encoding,2,205,17371.890180688923,53425.854284454654,34785.58725409127,0.13447781418164254
A2,17,0,1,M1,maintenance,0,363,64018.26132779747,93669.2371531126,51321.35298068631,1.7438086154503147
A2,17,0,1,M1,maintenance,1,363,114931.896117966,165418.5671170432,99612.45875596644,1.2829609653411267
A2,17,0,1,M1,maintenance,2,363,108872.41370638361,163041.16228593144,102204.28913570764,0.8427939658626915
A2,17,0,1,M1,retrieval,0,338,83159.41870469831,117389.96948486519,60206.46899899457,2.2651991445154445
A2,17,0,1,M1,retrieval,1,338,131437.76031743552,178928.4966726924,111820.84260989387,1.4672125106685052
A2,17,0,1,M1,retrieval,2,338,127442.68320627951,187277.43956777797,100210.36844427776,0.9865485731699658
A2,2,0,-1,M2,encoding,0,205,9007.048470775888,3198.9059772613355,11385.69446622096,0.24534513117583842
A2,2,0,-1,M2,encoding,1,205,54762.69102230272,30062.864990812814,61890.942097171435,0.6113045839471594
A2,2,0,-1,M2,encoding,2,205,39443.110278839864,19793.61745911962,35600.8797215033,0.3053336856066581
A2,2,0,-1,M2,maintenance,0,362,4034.3362050418027,1139.7643003739213,8294.867058965161,0.10989224146455062
A2,2,0,-1,M2,maintenance,1,362,12644.62438075499,7162.264807078192,16896.00468835258,0.1411493245117835
A2,2,0,-1,M2,maintenance,2,362,16403.525590808207,8825.962348070394,18600.18078111761,0.1269815917197471
A2,2,0,-1,M2,retrieval,0,480,5470.232376118862,15310.715313501989,1263.722381152535,0.14900495808762862
A2,2,0,-1,M2,retrieval,1,480,18943.89524148174,38956.60309315932,12228.33056670244,0.21146678117436354
A2,2,0,-1,M2,retrieval,2,480,24706.595354796147,51418.62852694886,12564.330089567475,0.19125661655843765
A2,3,0,-1,M2,encoding,0,205,798.8361742688046,1367.1763345357338,1918.5131985213973,0.021759688159766477
A2,3,0,-1,M2,encoding,1,205,1580.1098224039006,1880.8379430162913,3719.5594135437514,0.017638438863094793
A2,3,0,-1,M2,encoding,2,205,941.4799617029096,2673.0594137907533,1550.7603353753645,0.007288105440959151
A2,3,0,-1,M2,maintenance,0,362,40644.673686505936,29401.301959548597,57787.14327451807,1.1071299138191426
A2,3,0,-1,M2,maintenance,1,362,86508.15572868299,69054.94336700982,112956.01581731666,0.9656726351198032
A2,3,0,-1,M2,maintenance,2,362,104426.80465891947,83215.17382131533,125987.01677776242,0.8083799912640218
A2,3,0,-1,M2,retrieval,0,360,36460.86599556727,21595.625201845858,56032.22406588781,0.9931661830722374
A2,3,0,-1,M2,retrieval,1,360,106938.49824960575,75511.30798828966,125974.59957834859,1.1937323195784117
A2,3,0,-1,M2,retrieval,2,360,123662.34069825837,84445.34580359461,158240.95740582532,0.9572845039150407
A2,4,0,-1,M2,encoding,0,205,2711.808863874436,535.3141101436587,4063.045773512705,0.07386760530819725
A2,4,0,-1,M2,encoding,1,205,7789.2695904476095,857.2898534934726,9736.733680105976,0.08695000405114524
A2,4,0,-1,M2,encoding,2,205,11715.14375776006,2452.931637390341,9172.25709702045,0.09068828486600586
A2,4,0,-1,M2,maintenance,0,362,2581.831870848305,699.8047565109624,6686.383974038018,0.07032713114429057
A2,4,0,-1,M2,maintenance,1,362,6393.943766173948,1573.516503799294,12662.401110428882,0.0713742707086958
A2,4,0,-1,M2,maintenance,2,362,7409.948806422952,2155.2916680520166,10524.471442954033,0.05736127205048404
A2,4,0,-1,M2,retrieval,0,363,683.0607441413638,1089.3305692939891,4998.162263649693,0.018606053738488712
A2,4,0,-1,M2,retrieval,1,363,1537.083160600049,8725.28150706616,1116.311829048447,0.017158141143942773
A2,4,0,-1,M2,retrieval,2,363,1057.7624250381941,9759.712357887434,1177.0303375255742,0.008188261459350808
A2,5,0,1,M2,encoding,0,205,14318.275755851913,3096.4603798085814,11362.534335031238,0.3900189118476792
A2,5,0,1,M2,encoding,1,205,6050.2118147273,1618.9959462258857,6414.980047729927,0.06753726208757341
A2,5,0,1,M2,encoding,2,205,8241.434485938102,1107.7991596702648,3383.4594308797805,0.06379789901171326
A2,5,0,1,M2,maintenance,0,362,10628.221297108885,20398.5425326989,7427.703162326074,0.28950464258802816
A2,5,0,1,M2,maintenance,1,362,40823.857466840935,74767.09518320074,35599.71498085037,0.4557082703207883
A2,5,0,1,M2,maintenance,2,362,30696.31682133422,67242.78288638804,32854.79956178699,0.23762374425720129
A2,5,0,1,M2,retrieval,0,346,46101.9409883018,81851.77624885255,35728.110465567755,1.255781713169944
A2,5,0,1,M2,retrieval,1,346,115859.88354721015,180939.73316238105,113448.67929054452,1.2933198969194024
A2,5,0,1,M2,retrieval,2,346,97322.16704730195,171618.79035621972,88908.7519112645,0.7533821685386008
A2,6,0,-1,M2,encoding,0,205,3698.2319574883645,6850.290986087862,6265.771643246615,0.10073701808895673
A2,6,0,-1,M2,encoding,1,205,5053.796177401242,4607.698662820424,8881.627772031175,0.05641448058719055
A2,6,0,-1,M2,encoding,2,205,6777.740068281342,10200.135405688538,10202.213363713625,0.052467270975901675
A2,6,0,-1,M2,maintenance,0,362,31130.337108344836,23396.223836240293,45300.58820729324,0.8479666414781721
A2,6,0,-1,M2,maintenance,1,362,50938.65675272775,37818.47375912389,71991.8314160781,0.5686176809750216
A2,6,0,-1,M2,maintenance,2,362,54694.2123255048,41566.832908735276,70255.46965877384,0.42339423317888214
A2,6,0,-1,M2,retrieval,0,318,13212.104799017887,5600.029017003206,26095.51512364473,0.3598876585977488
A2,6,0,-1,M2,retrieval,1,318,36901.20868057596,19379.81414206,48742.60093839681,0.41192055391214877
A2,6,0,-1,M2,retrieval,2,318,25149.588542953068,12049.88522499804,42150.01131728544,0.19468587814258712
A2,7,0,1,M2,encoding,0,205,7180.183942788622,622.5460077259634,3639.8608279493615,0.19558273468005136
A2,7,0,1,M2,encoding,1,205,8953.005137951379,698.6436641742382,5648.75625812963,0.09994054307344398
A2,7,0,1,M2,encoding,2,205,11965.23207577654,654.3207962364481,2577.5617114936254,0.09262424750504009
A2,7,0,1,M2,maintenance,0,363,67180.10213814907,35499.39948190913,71314.70256001456,1.8299347477665548
A2,7,0,1,M2,maintenance,1,363,159343.83425782732,102626.9563267694,166462.62079812458,1.7787222374783578
A2,7,0,1,M2,maintenance,2,363,179092.52432852835,106119.21403291571,165568.4389821941,1.3863759762161947
A2,7,0,1,M2,retrieval,0,312,21022.347919782307,6868.269728714505,29741.687990605224,0.5726327247752453
A2,7,0,1,M2,retrieval,1,312,64787.73162460878,31963.733965155072,67695.45181820985,0.7232120369967229
A2,7,0,1,M2,retrieval,2,312,68250.29915051216,30472.50297128849,77237.542883018,0.5283334715762121
A2,8,0,1,M2,encoding,0,205,1593.294323967959,6901.356836181185,3596.787898820973,0.04340012226912821
A2,8,0,1,M2,encoding,1,205,2102.0535870363087,9239.256344731644,4159.030925940581,0.02346478906477653
A2,8,0,1,M2,encoding,2,205,2766.6450986116843,15011.960279268065,8691.935537224683,0.021416920185878097
A2,8,0,1,M2,maintenance,0,362,3620.1813893296676,10788.846397572186,5162.11721788512,0.09861098013708205
A2,8,0,1,M2,maintenance,1,362,2787.2593604801073,18093.9015049996,3361.293523153372,0.03111359927541179
A2,8,0,1,M2,maintenance,2,362,8499.325164077949,35244.43914412774,13846.369158284719,0.06579426062425786
A2,8,0,1,M2,retrieval,0,316,114.24084563563467,5121.678028797809,859.2501314958846,0.0031118335100620443
A2,8,0,1,M2,retrieval,1,316,3291.7369169462486,19810.41964985292,2792.3919857955707,0.03674497781085702
A2,8,0,1,M2,retrieval,2,316,3717.800543242246,26198.325040015912,2137.702654591479,0.02877992466095093
A2,9,0,-1,M2,encoding,0,205,614.4866258833438,1817.0903794921876,1381.2588742018427,0.016738147054754376
A2,9,0,-1,M2,encoding,1,205,2541.7429829680996,2275.0612938585914,4933.439850730651,0.02837295077539437
A2,9,0,-1,M2,encoding,2,205,1128.1039412025827,3631.938815243858,2078.4882324542846,0.008732783284069975
A2,9,0,-1,M2,maintenance,0,363,4688.152574651762,11389.191926811698,1035.083460928273,0.12770170074383966
A2,9,0,-1,M2,maintenance,1,363,18152.08055775246,32031.881457445426,8326.941447328332,0.2026279177663682
A2,9,0,-1,M2,maintenance,2,363,22509.201883636044,40280.03949233924,14002.175888755854,0.17424633916058085
A2,9,0,-1,M2,retrieval,0,401,7348.78371801141,18432.710769836438,1558.23294151912,0.2001752639755764
A2,9,0,-1,M2,retrieval,1,401,40037.926573542936,67629.75852577393,29430.544523732802,0.44693508644742674
A2,9,0,-1,M2,retrieval,2,401,35042.33173719175,65739.65718937329,19700.171136340323,0.2712667491465034
A2,10,0,-1,M2,encoding,0,205,5410.39583264489,13724.390429591442,6659.4454997097855,0.14737505627735603
A2,10,0,-1,M2,encoding,1,205,15664.449679378506,35342.578298093555,17117.244951532582,0.1748590092132957
A2,10,0,-1,M2,encoding,2,205,12588.75087893209,30621.24081454138,18965.396827371074,0.09745097878628671
A2,10,0,-1,M2,maintenance,0,362,13391.696315322773,23253.387282181207,10446.24760294279,0.36477959453756886
A2,10,0,-1,M2,maintenance,1,362,58403.83711936403,82885.1588860837,46170.69926230544,0.651949944107572
A2,10,0,-1,M2,maintenance,2,362,52256.83801378769,79333.81428623061,44709.12242126552,0.40452623629581613
A2,10,0,-1,M2,retrieval,0,319,9818.840362327488,4026.481879451496,19940.270787952293,0.26745772319379313
A2,10,0,-1,M2,retrieval,1,319,24736.2579053473,47043.9701150059,18534.501622851658,0.27612572656591344
A2,10,0,-1,M2,retrieval,2,319,5909.352652964151,7194.223456396239,11515.379597331697,0.045744983403273785
A2,11,0,1,M2,encoding,0,205,3774.8174958202944,1891.4829740745029,3694.2950864379236,0.10282314974564584
A2,11,0,1,M2,encoding,1,205,11273.30127582038,824.2293682703073,7896.203942423423,0.12584152855672762
A2,11,0,1,M2,encoding,2,205,6423.898060444565,3255.066573790756,3558.1205460214182,0.04972813900554024
A2,11,0,1,M2,maintenance,0,362,69549.72919507543,39162.46376505892,74222.16281119562,1.89448158161626
A2,11,0,1,M2,maintenance,1,362,231831.11179411513,160363.33916320832,238578.59715826312,2.5878827116730285
A2,11,0,1,M2,maintenance,2,362,155018.3290657859,89212.15485313993,142186.33813818285,1.2000148420251384
A2,11,0,1,M2,retrieval,0,353,16195.952119125697,4152.899117171096,23784.25036523197,0.44116538398534877
A2,11,0,1,M2,retrieval,1,353,43043.17723676302,19279.914916237558,45619.69151816869,0.48048207751089533
A2,11,0,1,M2,retrieval,2,353,25804.23516891728,8091.626201759742,31335.075582675065,0.19975357350592282
A2,12,0,1,M2,encoding,0,205,1661.1856064999338,2955.3491445318245,3399.1477615619715,0.045249429028445365
A2,12,0,1,M2,encoding,1,205,11524.746513338885,41325.47577236721,20792.16978171793,0.12864835969371732
A2,12,0,1,M2,encoding,2,205,6224.177932605352,33178.33287426246,21031.802158035545,0.04818208236112559
A2,12,0,1,M2,maintenance,0,363,65254.4901321031,98813.55038802142,58797.01283635749,1.7774825452775833
A2,12,0,1,M2,maintenance,1,363,267010.8445724654,356272.5356501675,258445.43805118554,2.9805867864359596
A2,12,0,1,M2,maintenance,2,363,184372.1157845267,278315.62210746476,198432.98839587133,1.427245905244642
A2,12,0,1,M2,retrieval,0,333,178987.4808682789,245468.71538792326,158482.92923872365,4.87548247519067
A2,12,0,1,M2,retrieval,1,333,575922.8689991016,714800.9240207844,572847.2565804985,6.4289077699955985
A2,12,0,1,M2,retrieval,2,333,378094.3575792524,516939.1591613435,363395.7348060872,2.926872219016862
A2,13,0,1,M2,encoding,0,205,3877.7877943550425,4021.633458615151,819.7929681709369,0.10562798214809069
A2,13,0,1,M2,encoding,1,205,5656.6613591067935,11340.497759022935,1827.611258344882,0.06314413981684111
A2,13,0,1,M2,encoding,2,205,10066.037781772882,5409.333383857296,1937.6339562389712,0.0779223644797969
A2,13,0,1,M2,maintenance,0,362,2820.019289967296,3677.0385312971316,2976.9223872073744,0.07681517478897514
A2,13,0,1,M2,maintenance,1,362,13751.742103536963,11388.521033965239,11890.872691090723,0.15350785047666224
A2,13,0,1,M2,maintenance,2,362,52407.75424507674,17732.758259704613,43839.292487295286,0.4056944963237803
A2,13,0,1,M2,retrieval,0,321,10542.788342024558,29783.624035244513,6417.781838879931,0.2871775140464296
A2,13,0,1,M2,retrieval,1,321,23119.81964908694,55923.71279267869,22058.091429729193,0.2580817609157032
A2,13,0,1,M2,retrieval,2,321,6416.257946442684,27238.72098113028,6775.432833412491,0.04966899599805026
A2,14,0,-1,M2,encoding,0,205,41781.7102767431,61818.607437653256,41628.32069914871,1.1381019233834957
A2,14,0,-1,M2,encoding,1,205,18683.76392701617,39533.19123963277,19354.918717462384,0.20856298915844085
A2,14,0,-1,M2,encoding,2,205,48211.743824761106,79678.68305790005,58038.47261729365,0.3732126936104117
A2,14,0,-1,M2,maintenance,0,363,88773.19295960956,115008.89988825185,67723.39713771017,2.418114073910078
A2,14,0,-1,M2,maintenance,1,363,94268.3010966824,124935.87593449943,69649.82306161812,1.0522975315045033
A2,14,0,-1,M2,maintenance,2,363,108908.45125553127,148061.32400092445,90760.43606886525,0.8430729367050948
A2,14,0,-1,M2,retrieval,0,368,25531.062605230836,41763.28812217055,13183.571767657528,0.6954466742643514
A2,14,0,-1,M2,retrieval,1,368,35304.388173068255,55391.7970459973,25843.461985832608,0.3940955771303698
A2,14,0,-1,M2,retrieval,2,368,29628.651935899226,52148.16933612179,16663.02707855445,0.22935882670485597
A2,15,0,-1,M2,encoding,0,205,2302.492461345717,6060.261302154704,5420.039203283541,0.06271813866585996
A2,15,0,-1,M2,encoding,1,205,6715.643401759878,3283.816038491841,11336.593321237058,0.07496533714857762
A2,15,0,-1,M2,encoding,2,205,3296.5006178360773,7308.92150169852,6560.530776087232,0.025518593136619153
A2,15,0,-1,M2,maintenance,0,362,2987.4448340939,1445.1065076798695,7456.792037829571,0.08137571892495993
A2,15,0,-1,M2,maintenance,1,362,7190.890217912918,1796.0911365322681,14880.60242590012,0.0802704189807018
A2,15,0,-1,M2,maintenance,2,362,6910.121198968444,2600.1374203281675,11694.856254212047,0.05349204864307148
A2,15,0,-1,M2,retrieval,0,408,1328.2915478894108,795.7233740096337,6415.82553400906,0.03618164875142635
A2,15,0,-1,M2,retrieval,1,408,3309.2946718933295,1130.058195531013,6893.64020837213,0.03694097139485748
A2,15,0,-1,M2,retrieval,2,408,2291.9137891595224,763.506273491055,8735.667108659809,0.0177419701283603
A2,16,0,-1,M2,encoding,0,205,6856.572935375216,1436.4645999278612,7056.546870988905,0.18676781763798198
A2,16,0,-1,M2,encoding,1,205,19095.838463784865,5274.086996035677,19370.710406198337,0.21316289191252596
A2,16,0,-1,M2,encoding,2,205,14795.97180320581,3163.815644272729,9482.118772538544,0.11453733163707037
A2,16,0,-1,M2,maintenance,0,363,91806.80809393465,69630.36827977144,117034.06257074315,2.5007474366018507
A2,16,0,-1,M2,maintenance,1,363,440721.1108490284,382629.7431859088,500474.2129576253,4.919678530672881
A2,16,0,-1,M2,maintenance,2,363,202184.5559795666,158125.43681351873,230720.84501891476,1.565134068118994
A2,16,0,-1,M2,retrieval,0,365,33943.04174506068,20602.134141736915,52749.40721734451,0.9245825706910511
A2,16,0,-1,M2,retrieval,1,365,130116.67132108248,97271.01665727994,151219.26228480344,1.4524654676690323
A2,16,0,-1,M2,retrieval,2,365,59385.32219787341,36924.42342263669,83585.20254291786,0.4597086581010085
A2,17,0,1,M2,encoding,0,205,13215.984530451162,32377.65115522836,17704.669511695636,0.3599933395231388
A2,17,0,1,M2,encoding,1,205,22165.807404712934,57002.95952025868,28752.42588904989,0.24743231971329702
A2,17,0,1,M2,encoding,2,205,19174.7738993367,53425.854284454654,34785.58725409127,0.14843414588680934
A2,17,0,1,M2,maintenance,0,363,54637.72472799306,93669.2371531126,51321.35298068631,1.4882899524780802
A2,17,0,1,M2,maintenance,1,363,102869.45772530918,165418.5671170432,99612.45875596644,1.1483104625013698
A2,17,0,1,M2,maintenance,2,363,89642.29086088664,163041.16228593144,102204.28913570764,0.6939313573722468
A2,17,0,1,M2,retrieval,0,338,73117.84351753301,117389.96948486519,60206.46899899457,1.991674294560363
A2,17,0,1,M2,retrieval,1,338,113489.60970483288,178928.4966726924,111820.84260989387,1.2668610206661308
A2,17,0,1,M2,retrieval,2,338,108280.66441158141,187277.43956777797,100210.36844427776,0.838213166025666
A2,2,0,-1,M3,encoding,0,205,7404.621534749892,3198.9059772613355,11385.69446622096,0.20169624351917764
A2,2,0,-1,M3,encoding,1,205,49874.062700431605,30062.864990812814,61890.942097171435,0.5567338379413314
A2,2,0,-1,M3,encoding,2,205,34142.22040675054,19793.61745911962,35600.8797215033,0.2642988830721242
A2,2,0,-1,M3,maintenance,0,362,2350.029221827355,1139.7643003739213,8294.867058965161,0.06401300376777244
A2,2,0,-1,M3,maintenance,1,362,9348.62523818886,7162.264807078192,16896.00468835258,0.10435676835861696
A2,2,0,-1,M3,maintenance,2,362,11536.211483679632,8825.962348070394,18600.18078111761,0.08930314940552295
A2,2,0,-1,M3,retrieval,0,480,6045.200766371051,15310.715313501989,1263.722381152535,0.1646666585421208
A2,2,0,-1,M3,retrieval,1,480,20804.805063997504,38956.60309315932,12228.33056670244,0.23223973231281078
A2,2,0,-1,M3,retrieval,2,480,26765.6318598439,51418.62852694886,12564.330089567475,0.20719585665488002
A2,3,0,-1,M3,encoding,0,205,708.74358992865,1367.1763345357338,1918.5131985213973,0.019305634870875776
A2,3,0,-1,M3,encoding,1,205,1160.3772832940504,1880.8379430162913,3719.5594135437514,0.012953051414089863
A2,3,0,-1,M3,encoding,2,205,861.9677254431149,2673.0594137907533,1550.7603353753645,0.006672592009680515
A2,3,0,-1,M3,maintenance,0,362,38346.6281832332,29401.301959548597,57787.14327451807,1.0445329068997464
A2,3,0,-1,M3,maintenance,1,362,85601.79297302096,69054.94336700982,112956.01581731666,0.9555550952963942
A2,3,0,-1,M3,maintenance,2,362,99612.91034505144,83215.17382131533,125987.01677776242,0.7711150777573706
A2,3,0,-1,M3,retrieval,0,360,35022.78849207152,21595.625201845858,56032.22406588781,0.9539940486176534
A2,3,0,-1,M3,retrieval,1,360,103912.10888177666,75511.30798828966,125974.59957834859,1.159949361531127
A2,3,0,-1,M3,retrieval,2,360,119194.03077211774,84445.34580359461,158240.95740582532,0.9226947991849538
A2,4,0,-1,M3,encoding,0,205,1973.624230088883,535.3141101436587,4063.045773512705,0.05376001885568386
A2,4,0,-1,M3,encoding,1,205,5678.227874786066,857.2898534934726,9736.733680105976,0.06338488236707733
A2,4,0,-1,M3,encoding,2,205,8580.21715122254,2452.931637390341,9172.25709702045,0.06642045486696073
A2,4,0,-1,M3,maintenance,0,362,1452.949838770266,699.8047565109624,6686.383974038018,0.039577245525169995
A2,4,0,-1,M3,maintenance,1,362,4287.726039877093,1573.516503799294,12662.401110428882,0.04786299821933501
A2,4,0,-1,M3,maintenance,2,362,4142.757848587065,2155.2916680520166,10524.471442954033,0.03206956838704463
A2,4,0,-1,M3,retrieval,0,363,494.46395331887044,1089.3305692939891,4998.162263649693,0.013468820988624217
A2,4,0,-1,M3,retrieval,1,363,2274.1827925221082,8725.28150706616,1116.311829048447,0.02538623175468742
A2,4,0,-1,M3,retrieval,2,363,1661.7163875837468,9759.712357887434,1177.0303375255742,0.012863539043119569
A2,5,0,1,M3,encoding,0,205,12693.358547476177,3096.4603798085814,11362.534335031238,0.3457574063242744
A2,5,0,1,M3,encoding,1,205,5740.047942831856,1618.9959462258857,6414.980047729927,0.0640749669898532
A2,5,0,1,M3,encoding,2,205,7209.993392308443,1107.7991596702648,3383.4594308797805,0.055813394027757667
A2,5,0,1,M3,maintenance,0,362,8206.499136959877,20398.5425326989,7427.703162326074,0.22353877785653625
A2,5,0,1,M3,maintenance,1,362,36914.30563684663,74767.09518320074,35599.71498085037,0.4120667525239146
A2,5,0,1,M3,maintenance,2,362,26422.348897835138,67242.78288638804,32854.79956178699,0.20453846348139243
A2,5,0,1,M3,retrieval,0,346,39067.43081036406,81851.77624885255,35728.110465567755,1.0641670207472627
A2,5,0,1,M3,retrieval,1,346,104657.31150460127,180939.73316238105,113448.67929054452,1.1682679041519892
A2,5,0,1,M3,retrieval,2,346,80770.43709395269,171618.79035621972,88908.7519112645,0.6252533096810002
A2,6,0,-1,M3,encoding,0,205,5464.566508456837,6850.290986087862,6265.771643246615,0.1488506241735529
A2,6,0,-1,M3,encoding,1,205,5950.608905528993,4607.698662820424,8881.627772031175,0.06642541543009997
A2,6,0,-1,M3,encoding,2,205,9472.523851274567,10200.135405688538,10202.213363713625,0.07332790439343895
A2,6,0,-1,M3,maintenance,0,362,29917.088436323924,23396.223836240293,45300.58820729324,0.8149186729286877
A2,6,0,-1,M3,maintenance,1,362,50189.897250166665,37818.47375912389,71991.8314160781,0.5602594336419391
A2,6,0,-1,M3,maintenance,2,362,51902.17594290848,41566.832908735276,70255.46965877384,0.40178075612245023
A2,6,0,-1,M3,retrieval,0,318,12491.638291974901,5600.029017003206,26095.51512364473,0.3402627004050865
A2,6,0,-1,M3,retrieval,1,318,35121.967609636005,19379.81414206,48742.60093839681,0.3920592541420245
A2,6,0,-1,M3,retrieval,2,318,23779.27495573173,12049.88522499804,42150.01131728544,0.18407812193205228
A2,7,0,1,M3,encoding,0,205,4875.841175890171,622.5460077259634,3639.8608279493615,0.13281419510205872
A2,7,0,1,M3,encoding,1,205,6478.228814141104,698.6436641742382,5648.75625812963,0.07231512725205934
A2,7,0,1,M3,encoding,2,205,8056.330298973921,654.3207962364481,2577.5617114936254,0.06236498605866656
A2,7,0,1,M3,maintenance,0,363,66796.62389025756,35499.39948190913,71314.70256001456,1.8194890927512313
A2,7,0,1,M3,maintenance,1,363,163297.5652683135,102626.9563267694,166462.62079812458,1.8228569183219254
A2,7,0,1,M3,maintenance,2,363,182790.48565191723,106119.21403291571,165568.4389821941,1.4150023231781617
A2,7,0,1,M3,retrieval,0,312,26327.322978528042,6868.269728714505,29741.687990605224,0.7171361995700696
A2,7,0,1,M3,retrieval,1,312,74065.84581598677,31963.733965155072,67695.45181820985,0.8267817051356511
A2,7,0,1,M3,retrieval,2,312,83170.38842867252,30472.50297128849,77237.542883018,0.6438316109641965
A2,8,0,1,M3,encoding,0,205,2622.989469519212,6901.356836181185,3596.787898820973,0.07144823274350585
A2,8,0,1,M3,encoding,1,205,3284.6811619925948,9239.256344731644,4159.030925940581,0.03666621587885809
A2,8,0,1,M3,encoding,2,205,4864.365502295787,15011.960279268065,8691.935537224683,0.037655616822658465
A2,8,0,1,M3,maintenance,0,362,5203.925639616841,10788.846397572186,5162.11721788512,0.14175096568244847
A2,8,0,1,M3,maintenance,1,362,3708.2633532397167,18093.9015049996,3361.293523153372,0.04139457619778933
A2,8,0,1,M3,maintenance,2,362,10819.645165098713,35244.43914412774,13846.369158284719,0.08375612652910235
A2,8,0,1,M3,retrieval,0,316,383.4712860152183,5121.678028797809,859.2501314958846,0.010445465379122878
A2,8,0,1,M3,retrieval,1,316,1637.9027710920689,19810.41964985292,2792.3919857955707,0.018283569586099477
A2,8,0,1,M3,retrieval,2,316,1087.1285159474392,26198.325040015912,2137.702654591479,0.008415587770734277
A2,9,0,-1,M3,encoding,0,205,753.9433901814882,1817.0903794921876,1381.2588742018427,0.020536842958423573
A2,9,0,-1,M3,encoding,1,205,2578.873099539331,2275.0612938585914,4933.439850730651,0.028787426580705735
A2,9,0,-1,M3,encoding,2,205,1737.3148744968573,3631.938815243858,2078.4882324542846,0.013448755687351856
A2,9,0,-1,M3,maintenance,0,363,6058.026534731157,11389.191926811698,1035.083460928273,0.16501602269075963
A2,9,0,-1,M3,maintenance,1,363,19888.080961413016,32031.881457445426,8326.941447328332,0.22200653091851638
A2,9,0,-1,M3,maintenance,2,363,27164.510781234883,40280.03949233924,14002.175888755854,0.21028362458996738
A2,9,0,-1,M3,retrieval,0,401,8097.882472643709,18432.710769836438,1558.23294151912,0.22058014275637047
A2,9,0,-1,M3,retrieval,1,401,42794.63194194769,67629.75852577393,29430.544523732802,0.47770761783401006
A2,9,0,-1,M3,retrieval,2,401,37846.52058476736,65739.65718937329,19700.171136340323,0.29297429984203466
A2,10,0,-1,M3,encoding,0,205,8066.699931061522,13724.390429591442,6659.4454997097855,0.21973075410483825
A2,10,0,-1,M3,encoding,1,205,20775.59297363658,35342.578298093555,17117.244951532582,0.23191364379504537
A2,10,0,-1,M3,encoding,2,205,18476.56631086814,30621.24081454138,18965.396827371074,0.14302924006679313
A2,10,0,-1,M3,maintenance,0,362,16904.16944749857,23253.387282181207,10446.24760294279,0.46045668389279515
A2,10,0,-1,M3,maintenance,1,362,65137.99863290367,82885.1588860837,46170.69926230544,0.7271219951046787
A2,10,0,-1,M3,maintenance,2,362,62293.832532101274,79333.81428623061,44709.12242126552,0.48222377350891477
A2,10,0,-1,M3,retrieval,0,319,9057.444270719534,4026.481879451496,19940.270787952293,0.2467178743322678
A2,10,0,-1,M3,retrieval,1,319,27848.943388765718,47043.9701150059,18534.501622851658,0.31087199028813495
A2,10,0,-1,M3,retrieval,2,319,5894.7722813135315,7194.223456396239,11515.379597331697,0.04563211505739217
A2,11,0,1,M3,encoding,0,205,3739.994465065555,1891.4829740745029,3694.2950864379236,0.1018745969454492
A2,11,0,1,M3,encoding,1,205,8966.338235319612,824.2293682703073,7896.203942423423,0.10008937767940033
A2,11,0,1,M3,encoding,2,205,6152.759958045266,3255.066573790756,3558.1205460214182,0.04762922754727252
A2,11,0,1,M3,maintenance,0,362,69812.11153936491,39162.46376505892,74222.16281119562,1.9016286765704833
A2,11,0,1,M3,maintenance,1,362,234695.72361145774,160363.33916320832,238578.59715826312,2.6198597804123556
A2,11,0,1,M3,maintenance,2,362,157809.11419446886,89212.15485313993,142186.33813818285,1.2216186329800869
A2,11,0,1,M3,retrieval,0,353,20899.515157243277,4152.899117171096,23784.25036523197,0.5692868540013055
A2,11,0,1,M3,retrieval,1,353,50571.05183385343,19279.914916237558,45619.69151816869,0.5645141833602335
A2,11,0,1,M3,retrieval,2,353,35053.18247877624,8091.626201759742,31335.075582675065,0.2713507459940171
A2,12,0,1,M3,encoding,0,205,2443.75279105092,2955.3491445318245,3399.1477615619715,0.06656596231573979
A2,12,0,1,M3,encoding,1,205,16355.36420904704,41325.47577236721,20792.16978171793,0.18257154508794904
A2,12,0,1,M3,encoding,2,205,10562.866349874193,33178.33287426246,21031.802158035545,0.08176837197617921
A2,12,0,1,M3,maintenance,0,363,62511.199026482864,98813.55038802142,58797.01283635749,1.7027573877139615
A2,12,0,1,M3,maintenance,1,363,262362.6639526106,356272.5356501675,258445.43805118554,2.92870010835481
A2,12,0,1,M3,maintenance,2,363,180563.16999249693,278315.62210746476,198432.98839587133,1.3977604146549119
A2,12,0,1,M3,retrieval,0,333,165847.51086656665,245468.71538792326,158482.92923872365,4.5175597134583825
A2,12,0,1,M3,retrieval,1,333,553026.7187415147,714800.9240207844,572847.2565804985,6.173322784197412
A2,12,0,1,M3,retrieval,2,333,347106.06374117127,516939.1591613435,363395.7348060872,2.686988246851528
A2,13,0,1,M3,encoding,0,205,1449.9578887992272,4021.633458615151,819.7929681709369,0.03949574708975047
A2,13,0,1,M3,encoding,1,205,2541.2641766683487,11340.497759022935,1827.611258344882,0.02836760595978366
A2,13,0,1,M3,encoding,2,205,4164.496208228092,5409.333383857296,1937.6339562389712,0.03223784754711378
A2,13,0,1,M3,maintenance,0,362,2452.482869593378,3677.0385312971316,2976.9223872073744,0.0668037629972976
A2,13,0,1,M3,maintenance,1,362,11421.590162302635,11388.521033965239,11890.872691090723,0.12749684670057312
A2,13,0,1,M3,maintenance,2,362,52668.216809478196,17732.758259704613,43839.292487295286,0.40771076720579347
A2,13,0,1,M3,retrieval,0,321,7616.872980541528,29783.624035244513,6417.781838879931,0.20747781103032978
A2,13,0,1,M3,retrieval,1,321,18393.97136266934,55923.71279267869,22058.091429729193,0.20532809475000366
A2,13,0,1,M3,retrieval,2,321,5324.057790629811,27238.72098113028,6775.432833412491,0.04121414807563841
A2,14,0,-1,M3,encoding,0,205,47992.75872911731,61818.607437653256,41628.32069914871,1.3072861464096623
A2,14,0,-1,M3,encoding,1,205,24236.249136155504,39533.19123963277,19354.918717462384,0.27054423217776813
A2,14,0,-1,M3,encoding,2,205,58469.40438178095,79678.68305790005,58038.47261729365,0.4526184321902407
A2,14,0,-1,M3,maintenance,0,363,95918.27191864853,115008.89988825185,67723.39713771017,2.612740575605381
A2,14,0,-1,M3,maintenance,1,363,99308.21151145156,124935.87593449943,69649.82306161812,1.1085570081977996
A2,14,0,-1,M3,maintenance,2,363,121345.14471634409,148061.32400092445,90760.43606886525,0.9393468214039741
A2,14,0,-1,M3,retrieval,0,368,26375.685667773065,41763.28812217055,13183.571767657528,0.7184535623416073
A2,14,0,-1,M3,retrieval,1,368,35922.600273169664,55391.7970459973,25843.461985832608,0.4009965508332449
A2,14,0,-1,M3,retrieval,2,368,30794.471780366217,52148.16933612179,16663.02707855445,0.23838357316496084
A2,15,0,-1,M3,encoding,0,205,4326.014079723121,6060.261302154704,5420.039203283541,0.11783732432459804
A2,15,0,-1,M3,encoding,1,205,7000.239252034304,3283.816038491841,11336.593321237058,0.07814222171354984
A2,15,0,-1,M3,encoding,2,205,5841.016472165208,7308.92150169852,6560.530776087232,0.04521598511190887
A2,15,0,-1,M3,maintenance,0,362,2178.5177955600025,1445.1065076798695,7456.792037829571,0.05934116331834564
A2,15,0,-1,M3,maintenance,1,362,5308.689889958462,1796.0911365322681,14880.60242590012,0.05925980633719945
A2,15,0,-1,M3,maintenance,2,362,4752.404812844419,2600.1374203281675,11694.856254212047,0.036788916156519864
A2,15,0,-1,M3,retrieval,0,408,1088.146720282135,795.7233740096337,6415.82553400906,0.029640286792326016
A2,15,0,-1,M3,retrieval,1,408,2638.3789892048285,1130.058195531013,6893.64020837213,0.029451678509259754
A2,15,0,-1,M3,retrieval,2,408,1632.7558230402346,763.506273491055,8735.667108659809,0.012639351958307853
A2,16,0,-1,M3,encoding,0,205,4647.414207513375,1436.4645999278612,7056.546870988905,0.12659201869184603
A2,16,0,-1,M3,encoding,1,205,14160.043640683696,5274.086996035677,19370.710406198337,0.1580656360169823
A2,16,0,-1,M3,encoding,2,205,9638.609352871505,3163.815644272729,9482.118772538544,0.07461359150000642
A2,16,0,-1,M3,maintenance,0,363,85708.18702711462,69630.36827977144,117034.06257074315,2.3346256498161515
A2,16,0,-1,M3,maintenance,1,363,430653.0488003865,382629.7431859088,500474.2129576253,4.807290838123356
A2,16,0,-1,M3,maintenance,2,363,187751.43584325133,158125.43681351873,230720.84501891476,1.453405613266665
A2,16,0,-1,M3,retrieval,0,365,32862.491385473404,20602.134141736915,52749.40721734451,0.8951492029707371
A2,16,0,-1,M3,retrieval,1,365,127544.59985668561,97271.01665727994,151219.26228480344,1.4237539663334764
A2,16,0,-1,M3,retrieval,2,365,57174.83494602947,36924.42342263669,83585.20254291786,0.4425970202301452
A2,17,0,1,M3,encoding,0,205,14568.671058041475,32377.65115522836,17704.669511695636,0.39683948891694193
A2,17,0,1,M3,encoding,1,205,24594.5413435566,57002.95952025868,28752.42588904989,0.27454377392212165
A2,17,0,1,M3,encoding,2,205,20728.2680639255,53425.854284454654,34785.58725409127,0.16045992416567903
A2,17,0,1,M3,maintenance,0,363,55323.031375871964,93669.2371531126,51321.35298068631,1.5069571829215551
A2,17,0,1,M3,maintenance,1,363,102200.02260231672,165418.5671170432,99612.45875596644,1.1408376967971812
A2,17,0,1,M3,maintenance,2,363,89172.36584176442,163041.16228593144,102204.28913570764,0.6902936133649151
A2,17,0,1,M3,retrieval,0,338,64688.46160419712,117389.96948486519,60206.46899899457,1.7620643598554728
A2,17,0,1,M3,retrieval,1,338,103178.7286748812,178928.4966726924,111820.84260989387,1.151762790092029
A2,17,0,1,M3,retrieval,2,338,91767.84964241204,187277.43956777797,100210.36844427776,0.7103855541165871
A2,24,1,1,M0,encoding,0,205,2285.660427784202,335.2650755180648,1259.7588959275395,0.06018240825726341
A2,24,1,1,M0,encoding,1,205,3876.8858699612183,1185.3224313527446,1947.4833279219417,0.04618330170947339
A2,24,1,1,M0,encoding,2,205,4367.466742556031,1162.057861930346,597.9480504511971,0.03473958712667418
A2,24,1,1,M0,maintenance,0,363,4304.559223303218,4163.728393554718,488.8669352716483,0.11334086962145268
A2,24,1,1,M0,maintenance,1,363,19462.473105080786,19038.844274934265,6393.926949068981,0.23184620274453654
A2,24,1,1,M0,maintenance,2,363,16919.47127519417,16407.046943875856,4215.929453767037,0.13458040579328537
A2,24,1,1,M0,retrieval,0,333,2065.735772854753,4862.845368260949,5529.946631165649,0.05439169883782752
A2,24,1,1,M0,retrieval,1,333,34949.030650670764,43426.43996601088,43609.99417038249,0.4163294151885123
A2,24,1,1,M0,retrieval,2,333,12491.416791400981,21958.30179198772,8789.596056527187,0.09935889327608499
A2,25,1,-1,M0,encoding,0,205,8765.072640841498,10983.433188521567,6507.696756161859,0.23078807930672052
A2,25,1,-1,M0,encoding,1,205,8592.836040400547,12845.53289570873,5651.01968633054,0.10236193499238218
A2,25,1,-1,M0,encoding,2,205,16850.689755844345,22668.4077104785,14509.38843291055,0.13403330567209254
A2,25,1,-1,M0,maintenance,0,362,7041.170226554836,7081.991881258943,5680.873499473042,0.18539699774835466
A2,25,1,-1,M0,maintenance,1,362,5795.478701035379,5838.265736163217,3894.265141821696,0.0690384887196644
A2,25,1,-1,M0,maintenance,2,362,19993.82561460625,19819.323625569727,9826.423823016756,0.1590343528357693
A2,25,1,-1,M0,retrieval,0,289,983.1859066739601,381.3243834942181,7108.5333531369315,0.02588770182524527
A2,25,1,-1,M0,retrieval,1,289,2018.6425799824447,107.10939538745119,9226.908067549772,0.02404702703199556
A2,25,1,-1,M0,retrieval,2,289,3719.0949483729396,6914.058244985731,1610.4657870712504,0.029582325546401802
A2,26,1,-1,M0,encoding,0,205,2609.70409400849,3886.7021359542664,2039.6580291511984,0.06871461539390977
A2,26,1,-1,M0,encoding,1,205,2384.3698803781076,2705.4816841148745,2434.5303698900957,0.02840374394967286
A2,26,1,-1,M0,encoding,2,205,3719.8145939669103,5937.593865856609,2726.593074605495,0.02958804973213365
A2,26,1,-1,M0,maintenance,0,363,1047.4163132186125,1194.8853688485603,9871.731797617726,0.027578915665328968
A2,26,1,-1,M0,maintenance,1,363,16906.99957571434,17558.879361659245,36608.92735176864,0.20140419104340695
A2,26,1,-1,M0,maintenance,2,363,3249.9631257945116,3628.78687307597,14993.990564921403,0.025850769753301295
A2,26,1,-1,M0,retrieval,0,300,1464.9055544580224,145.1829425007606,10998.52874951941,0.03857158441605974
A2,26,1,-1,M0,retrieval,1,300,6052.196855469778,2191.2192691111236,17635.038372002666,0.07209663703205246
A2,26,1,-1,M0,retrieval,2,300,3096.3137837256377,318.5900056306406,15375.451210250128,0.024628616266991307
A2,27,1,1,M0,encoding,0,205,9550.161944772053,14032.13333342831,7469.627722140937,0.2514598135823862
A2,27,1,1,M0,encoding,1,205,55230.62061856078,83142.47991810548,53508.35168267376,0.6579333261760346
A2,27,1,1,M0,encoding,2,205,28731.315442429706,45349.05761710878,31202.941910998437,0.22853386068192624
A2,27,1,1,M0,maintenance,0,362,20520.829127839017,20363.307754554986,7381.1896241720015,0.5403221324290919
A2,27,1,1,M0,maintenance,1,362,191540.61056798152,190309.499249232,141154.80040015382,2.281722522712883
A2,27,1,1,M0,maintenance,2,362,86969.13343518767,86260.85729304243,53249.04530875358,0.6917675546018869
A2,27,1,1,M0,retrieval,0,331,11342.104785464633,15881.009604445693,627.066128564062,0.29864242841935407
A2,27,1,1,M0,retrieval,1,331,183025.72054813412,206804.6577705987,127499.75564913613,2.1802891176553514
A2,27,1,1,M0,retrieval,2,331,53234.78913237546,68332.29565371752,19446.88519623005,0.42343873559801004
A2,28,1,1,M0,encoding,0,205,7709.688648793198,8797.70733562185,5589.3642497650735,0.20299937127925322
A2,28,1,1,M0,encoding,1,205,12380.53701942937,16498.603393036577,9465.923653098866,0.1474828240170327
A2,28,1,1,M0,encoding,2,205,13249.046135445516,14575.763784445056,9775.483173222918,0.10538520833664494
A2,28,1,1,M0,maintenance,0,362,17520.245064560295,17199.245389472497,4736.209500737337,0.46131548169858905
A2,28,1,1,M0,maintenance,1,362,76121.20857511782,75241.73183042994,46304.863202368004,0.9067919098040376
A2,28,1,1,M0,maintenance,2,362,26881.54736750718,26388.373337484474,10168.9688361115,0.2138204849447355
A2,28,1,1,M0,retrieval,0,346,27205.94671065005,34427.50470989411,7056.2270968469165,0.7163441130898733
A2,28,1,1,M0,retrieval,1,346,143221.82896081114,162690.3069279084,93570.17443664496,1.706126298308055
A2,28,1,1,M0,retrieval,2,346,49681.25117857205,62779.430595283986,16733.51698836786,0.39517327906888944
A2,29,1,1,M0,encoding,0,205,24499.39514294798,35182.45943698947,22391.487135505133,0.6450794626471607
A2,29,1,1,M0,encoding,1,205,90341.17176300564,126234.63299127201,89020.33256292039,1.076186850029708
A2,29,1,1,M0,encoding,2,205,53815.45526385016,79919.57919961866,60030.70961647987,0.42805745460720585
A2,29,1,1,M0,maintenance,0,362,55038.30334296339,54557.50635669546,28372.76002403141,1.4491818650351416
A2,29,1,1,M0,maintenance,1,362,263303.01964573667,261829.79699480644,203533.59259263208,3.136590347302667
A2,29,1,1,M0,maintenance,2,362,170716.01758748828,169451.7838965815,120471.52857068215,1.357904780158336
A2,29,1,1,M0,retrieval,0,402,41065.27330258808,48248.794879847526,14016.558801880357,1.0812660590568666
A2,29,1,1,M0,retrieval,1,402,250981.7669482008,273569.6489814472,181010.43700625698,2.989813746222415
A2,29,1,1,M0,retrieval,2,402,87596.05640620556,103958.54923405602,40269.359743533525,0.6967542085267303
A2,32,1,-1,M0,encoding,0,205,1446.290213787098,781.2754412864366,1695.7548466274816,0.038081434602689736
A2,32,1,-1,M0,encoding,1,205,2632.50183344655,4371.404545835019,1480.6240132992002,0.031359609362454625
A2,32,1,-1,M0,encoding,2,205,2599.727482888314,1050.0859279237964,1667.0177444511328,0.020678682797376634
A2,32,1,-1,M0,maintenance,0,362,3814.47311317413,4065.695929214001,16498.59966900128,0.100436694529444
A2,32,1,-1,M0,maintenance,1,362,30350.593754989382,30873.123630692276,45420.30498667604,0.3615506557231605
A2,32,1,-1,M0,maintenance,2,362,6734.791814780309,7151.667343323343,20392.839523855953,0.05356970088629613
A2,32,1,-1,M0,retrieval,0,274,12377.535656898142,6107.450369122174,31457.221431448404,0.3259057623202676
A2,32,1,-1,M0,retrieval,1,274,117890.47006514976,94237.08833642949,161626.9570933426,1.4043671468061343
A2,32,1,-1,M0,retrieval,2,274,29900.051334877055,16193.384131580244,60534.27275583708,0.23783018845201118
A2,35,1,-1,M0,encoding,0,205,2248.882971916393,4603.908034756655,1414.6312814548476,0.059214042249437104
A2,35,1,-1,M0,encoding,1,205,5335.52386737697,11389.865390939856,3245.2812525408776,0.06355928877205556
A2,35,1,-1,M0,encoding,2,205,2539.6153330805237,6034.4174211466125,2006.1659591469418,0.020200540343475026
A2,35,1,-1,M0,maintenance,0,362,7774.186510503811,7425.847506431372,643.5871656448238,0.2046976273272663
A2,35,1,-1,M0,maintenance,1,362,27619.215716066636,26930.29082170803,11409.152772287547,0.32901318614439756
A2,35,1,-1,M0,maintenance,2,362,11791.255855318144,11208.553716136104,2016.1239418460857,0.09378969188875891
A2,35,1,-1,M0,retrieval,0,349,73946.68727806184,63031.08500407666,120340.6129544903,1.9470476318106318
A2,35,1,-1,M0,retrieval,1,349,569302.2581456286,530733.2423724005,674077.3570942925,6.781798287006856
A2,35,1,-1,M0,retrieval,2,349,153036.03730959023,131742.7519144538,228297.87256285702,1.2172751540006181
A2,36,1,1,M0,encoding,0,205,4658.511197879483,491.38144284128,3648.0185090803575,0.12266057519909355
A2,36,1,1,M0,encoding,1,205,12378.449933199705,1323.5314503947075,9608.9252843631,0.14745796165681077
A2,36,1,1,M0,encoding,2,205,10477.617370691205,739.9357947767496,3833.9323957575043,0.0833407837963433
A2,36,1,1,M0,maintenance,0,363,556.7334204686696,623.1570073000456,8287.739518485188,0.014659027033858052
A2,36,1,1,M0,maintenance,1,363,2081.963469335381,2186.027838979533,10977.876596727929,0.024801335473251813
A2,36,1,1,M0,maintenance,2,363,465.3582373370234,440.92500791828564,5123.450117448572,0.0037015400423229777
A2,36,1,1,M0,retrieval,0,277,1107.2336998761577,351.7007514225346,7703.217527055192,0.029153932820522446
A2,36,1,1,M0,retrieval,1,277,1973.579550781152,2337.6685387895363,3782.4217979922696,0.023510214873125657
A2,36,1,1,M0,retrieval,2,277,2741.707207922037,4612.222494640334,3632.268838957875,0.021808014128047202
A2,37,1,1,M0,encoding,0,205,5239.746404495199,3038.9760757995796,4901.545659065787,0.1379647446517505
A2,37,1,1,M0,encoding,1,205,17385.860963126743,13273.430056473799,16774.311977441816,0.20710861481900428
A2,37,1,1,M0,encoding,2,205,14787.78457099035,5475.885528491728,9145.258257149355,0.11762460043685538
A2,37,1,1,M0,maintenance,0,362,28198.64923917824,27530.77214567304,11950.282848825633,0.7424823916038951
A2,37,1,1,M0,maintenance,1,362,231784.7002215802,229724.71016747068,178131.95638985705,2.761129190032144
A2,37,1,1,M0,maintenance,2,362,65692.76786215408,64304.83376751093,38902.06868445865,0.5225316567388619
A2,37,1,1,M0,retrieval,0,319,53166.25542066538,64832.36616540365,23360.85471606789,1.3998900494323658
A2,37,1,1,M0,retrieval,1,319,370405.521025569,406533.390694449,291561.59990038676,4.412446098793636
A2,37,1,1,M0,retrieval,2,319,128015.27724469017,152958.98673345108,72450.33971040398,1.0182556936391396
A2,24,1,1,M1,encoding,0,205,5857.493502018973,335.2650755180648,1259.7588959275395,0.15423028767423547
A2,24,1,1,M1,encoding,1,205,6212.7936811593745,1185.3224313527446,1947.4833279219417,0.0740097425252716
A2,24,1,1,M1,encoding,2,205,10217.469901296101,1162.057861930346,597.9480504511971,0.08127152575465622
A2,24,1,1,M1,maintenance,0,363,2174.5412261136853,4163.728393554718,488.8669352716483,0.05725659255915501
A2,24,1,1,M1,maintenance,1,363,10906.993398928138,19038.844274934265,6393.926949068981,0.12992927410859575
A2,24,1,1,M1,maintenance,2,363,8494.545485601118,16407.046943875856,4215.929453767037,0.06756708645841532
A2,24,1,1,M1,retrieval,0,333,2954.4033056056924,4862.845368260949,5529.946631165649,0.07779069179884207
A2,24,1,1,M1,retrieval,1,333,39157.54057647192,43426.43996601088,43609.99417038249,0.46646317980524904
A2,24,1,1,M1,retrieval,2,333,10163.040143726372,21958.30179198772,8789.596056527187,0.0808385820330812
A2,25,1,-1,M1,encoding,0,205,2745.0100414648796,10983.433188521567,6507.696756161859,0.07227727836452016
A2,25,1,-1,M1,encoding,1,205,2571.731470520572,12845.53289570873,5651.01968633054,0.030635684000671248
A2,25,1,-1,M1,encoding,2,205,6432.764620086744,22668.4077104785,14509.38843291055,0.051167324253991994
A2,25,1,-1,M1,maintenance,0,362,2510.633301204521,7081.991881258943,5680.873499473042,0.06610603941017133
A2,25,1,-1,M1,maintenance,1,362,1251.1746995786634,5838.265736163217,3894.265141821696,0.014904585943480242
A2,25,1,-1,M1,maintenance,2,362,8433.384561064127,19819.323625569727,9826.423823016756,0.06708060186861915
A2,25,1,-1,M1,retrieval,0,289,2668.6108485695795,381.3243834942181,7108.5333531369315,0.0702656552198662
A2,25,1,-1,M1,retrieval,1,289,4505.446513770034,107.10939538745119,9226.908067549772,0.05367101396859486
A2,25,1,-1,M1,retrieval,2,289,2217.321677802189,6914.058244985731,1610.4657870712504,0.017636960772548865
A2,26,1,-1,M1,encoding,0,205,889.2208894128655,3886.7021359542664,2039.6580291511984,0.02341356307656413
A2,26,1,-1,M1,encoding,1,205,1741.9952589741822,2705.4816841148745,2434.5303698900957,0.020751473043100363
A2,26,1,-1,M1,encoding,2,205,1522.0265771648083,5937.593865856609,2726.593074605495,0.01210646308335391
A2,26,1,-1,M1,maintenance,0,363,4705.673760714047,1194.8853688485603,9871.731797617726,0.1239023854769746
A2,26,1,-1,M1,maintenance,1,363,26577.060427360007,17558.879361659245,36608.92735176864,0.3165985384759215
A2,26,1,-1,M1,maintenance,2,363,10193.559179467078,3628.78687307597,14993.990564921403,0.08108133573073519
A2,26,1,-1,M1,retrieval,0,300,4241.560755751297,145.1829425007606,10998.52874951941,0.11168209325742945
A2,26,1,-1,M1,retrieval,1,300,8954.091273178183,2191.2192691111236,17635.038372002666,0.10666537852131495
A2,26,1,-1,M1,retrieval,2,300,7584.753744038545,318.5900056306406,15375.451210250128,0.06033044532611341
A2,27,1,1,M1,encoding,0,205,2096.2203328145583,14032.13333342831,7469.627722140937,0.055194370228005364
A2,27,1,1,M1,encoding,1,205,35267.43493323591,83142.47991810548,53508.35168267376,0.42012239789177724
A2,27,1,1,M1,encoding,2,205,9871.59525529758,45349.05761710878,31202.941910998437,0.07852037889817409
A2,27,1,1,M1,maintenance,0,362,7359.777713957978,20363.307754554986,7381.1896241720015,0.19378606799152528
A2,27,1,1,M1,maintenance,1,362,145392.47547223998,190309.499249232,141154.80040015382,1.7319840682049374
A2,27,1,1,M1,maintenance,2,362,46448.05662120444,86260.85729304243,53249.04530875358,0.3694558894139826
A2,27,1,1,M1,retrieval,0,331,5613.338204072667,15881.009604445693,627.066128564062,0.1478015751495919
A2,27,1,1,M1,retrieval,1,331,156207.8353002265,206804.6577705987,127499.75564913613,1.8608217597920294
A2,27,1,1,M1,retrieval,2,331,34640.19679259151,68332.29565371752,19446.88519623005,0.2755341266450259
A2,28,1,1,M1,encoding,0,205,1432.5747155648255,8797.70733562185,5589.3642497650735,0.0377202997186839
A2,28,1,1,M1,encoding,1,205,2295.147002427814,16498.603393036577,9465.923653098866,0.027340878745491046
A2,28,1,1,M1,encoding,2,205,2830.3316176636836,14575.763784445056,9775.483173222918,0.022512948037164547
A2,28,1,1,M1,maintenance,0,362,10012.850081182847,17199.245389472497,4736.209500737337,0.26364258840876814
A2,28,1,1,M1,maintenance,1,362,54412.28547849012,75241.73183042994,46304.863202368004,0.6481849301847633
A2,28,1,1,M1,maintenance,2,362,14318.600729565384,26388.373337484474,10168.9688361115,0.1138926308768373
A2,28,1,1,M1,retrieval,0,346,17439.711644217972,34427.50470989411,7056.2270968469165,0.45919500259220936
A2,28,1,1,M1,retrieval,1,346,118696.49081041645,162690.3069279084,93570.17443664496,1.4139688478908037
A2,28,1,1,M1,retrieval,2,346,30414.170190210116,62779.430595283986,16733.51698836786,0.24191957889757099
A2,29,1,1,M1,encoding,0,205,11111.159997566405,35182.45943698947,22391.487135505133,0.2925615542259586
A2,29,1,1,M1,encoding,1,205,63840.08914343972,126234.63299127201,89020.33256292039,0.7604933952055305
A2,29,1,1,M1,encoding,2,205,26629.807452740155,79919.57919961866,60030.70961647987,0.2118181020491551
A2,29,1,1,M1,maintenance,0,362,30874.40145372797,54557.50635669546,28372.76002403141,0.8129360820181879
A2,29,1,1,M1,maintenance,1,362,206934.26481420614,261829.79699480644,203533.59259263208,2.4650990270286566
A2,29,1,1,M1,maintenance,2,362,111782.77596023683,169451.7838965815,120471.52857068215,0.8891395661686204
A2,29,1,1,M1,retrieval,0,402,28770.273779608728,48248.794879847526,14016.558801880357,0.7575335081406623
A2,29,1,1,M1,retrieval,1,402,219377.9988396956,273569.6489814472,181010.43700625698,2.6133346837304536
A2,29,1,1,M1,retrieval,2,402,63881.89097553638,103958.54923405602,40269.359743533525,0.5081276282512817
A2,32,1,-1,M1,encoding,0,205,2077.426394945855,781.2754412864366,1695.7548466274816,0.05469951787468688
A2,32,1,-1,M1,encoding,1,205,1048.1955937152275,4371.404545835019,1480.6240132992002,0.01248660264419267
A2,32,1,-1,M1,encoding,2,205,3516.6334978992018,1050.0859279237964,1667.0177444511328,0.027971912093222542
A2,32,1,-1,M1,maintenance,0,362,7869.072805096997,4065.695929214001,16498.59966900128,0.20719602369875265
A2,32,1,-1,M1,maintenance,1,362,31411.521384024356,30873.123630692276,45420.30498667604,0.3741889284056958
A2,32,1,-1,M1,maintenance,2,362,12477.402931856983,7151.667343323343,20392.839523855953,0.09924742460939405
A2,32,1,-1,M1,retrieval,0,274,17919.690681729535,6107.450369122174,31457.221431448404,0.471833054176474
A2,32,1,-1,M1,retrieval,1,274,132815.9136307114,94237.08833642949,161626.9570933426,1.5821661036123988
A2,32,1,-1,M1,retrieval,2,274,42055.019424007325,16193.384131580244,60534.27275583708,0.3345129104610542
A2,35,1,-1,M1,encoding,0,205,874.422805100808,4603.908034756655,1414.6312814548476,0.023023923241762854
A2,35,1,-1,M1,encoding,1,205,2202.950483643405,11389.865390939856,3245.2812525408776,0.02624259012250764
A2,35,1,-1,M1,encoding,2,205,1120.3891020356891,6034.4174211466125,2006.1659591469418,0.008911769023149175
A2,35,1,-1,M1,maintenance,0,362,4404.845099047713,7425.847506431372,643.5871656448238,0.11598143925424954
A2,35,1,-1,M1,maintenance,1,362,19098.165699463927,26930.29082170803,11409.152772287547,0.2275064002863416
A2,35,1,-1,M1,maintenance,2,362,6636.937907630164,11208.553716136104,2016.1239418460857,0.052791353955796434
A2,35,1,-1,M1,retrieval,0,349,95964.06463268698,63031.08500407666,120340.6129544903,2.5267745136356954
A2,35,1,-1,M1,retrieval,1,349,625167.4625216561,530733.2423724005,674077.3570942925,7.447291075626214
A2,35,1,-1,M1,retrieval,2,349,197818.81157459627,131742.7519144538,228297.87256285702,1.573485099045987
A2,36,1,1,M1,encoding,0,205,8876.276249174623,491.38144284128,3648.0185090803575,0.23371611746804652
A2,36,1,1,M1,encoding,1,205,19315.703652454198,1323.5314503947075,9608.9252843631,0.23009781547193003
A2,36,1,1,M1,encoding,2,205,18712.127082215007,739.9357947767496,3833.9323957575043,0.14883950065698026
A2,36,1,1,M1,maintenance,0,363,8310.384425514734,623.1570073000456,8287.739518485188,0.21881594579470554
A2,36,1,1,M1,maintenance,1,363,13932.515286796703,2186.027838979533,10977.876596727929,0.16597072460851656
A2,36,1,1,M1,maintenance,2,363,12451.493751609065,440.92500791828564,5123.450117448572,0.09904133850097954
A2,36,1,1,M1,retrieval,0,277,2916.5101631047473,351.7007514225346,7703.217527055192,0.0767929492888782
A2,36,1,1,M1,retrieval,1,277,1357.1989653432909,2337.6685387895363,3782.4217979922696,0.016167597241355303
A2,36,1,1,M1,retrieval,2,277,1812.709696835957,4612.222494640334,3632.268838957875,0.01441860697758753
A2,37,1,1,M1,encoding,0,205,4168.46415090137,3038.9760757995796,4901.545659065787,0.10975742865641398
A2,37,1,1,M1,encoding,1,205,8659.42818945212,13273.430056473799,16774.311977441816,0.10315521222939349
A2,37,1,1,M1,encoding,2,205,14075.491993677535,5475.885528491728,9145.258257149355,0.1119589018733993
A2,37,1,1,M1,maintenance,0,362,22697.939538461294,27530.77214567304,11950.282848825633,0.5976463727057754
A2,37,1,1,M1,maintenance,1,362,197492.2237862868,229724.71016747068,178131.95638985705,2.352620959793217
A2,37,1,1,M1,maintenance,2,362,53359.44394149511,64304.83376751093,38902.06868445865,0.4244302615459871
A2,37,1,1,M1,retrieval,0,319,39251.49143048629,64832.36616540365,23360.85471606789,1.033508413262441
A2,37,1,1,M1,retrieval,1,319,332102.27830446634,406533.390694449,291561.59990038676,3.95615971988675
A2,37,1,1,M1,retrieval,2,319,96982.22495629163,152958.98673345108,72450.33971040398,0.7714134193122789
A2,24,1,1,M2,encoding,0,205,3493.10653952243,335.2650755180648,1259.7588959275395,0.0919749763754074
A2,24,1,1,M2,encoding,1,205,3184.899502215256,1185.3224313527446,1947.4833279219417,0.03794003216984826
A2,24,1,1,M2,encoding,2,205,5628.270987766105,1162.057861930346,597.9480504511971,0.044768242525323534
A2,24,1,1,M2,maintenance,0,363,853.4351748189922,4163.728393554718,488.8669352716483,0.02247131003701082
A2,24,1,1,M2,maintenance,1,363,7201.2999653971965,19038.844274934265,6393.926949068981,0.08578529782866322
A2,24,1,1,M2,maintenance,2,363,3268.4961872757876,16407.046943875856,4215.929453767037,0.02599818493514559
A2,24,1,1,M2,retrieval,0,333,3846.2994847834443,4862.845368260949,5529.946631165649,0.10127469638932476
A2,24,1,1,M2,retrieval,1,333,43755.596548920796,43426.43996601088,43609.99417038249,0.521237401532539
A2,24,1,1,M2,retrieval,2,333,10532.05604273941,21958.30179198772,8789.596056527187,0.08377379842522457
A2,25,1,-1,M2,encoding,0,205,4011.1310620455956,10983.433188521567,6507.696756161859,0.10561478171253973
A2,25,1,-1,M2,encoding,1,205,3667.547137886896,12845.53289570873,5651.01968633054,0.04368955952898365
A2,25,1,-1,M2,encoding,2,205,8409.210528839843,22668.4077104785,14509.38843291055,0.06688831742819615
A2,25,1,-1,M2,maintenance,0,362,3537.273445351388,7081.991881258943,5680.873499473042,0.09313790973407578
A2,25,1,-1,M2,maintenance,1,362,2057.653544776232,5838.265736163217,3894.265141821696,0.024511744131616324
A2,25,1,-1,M2,maintenance,2,362,8859.556840666584,19819.323625569727,9826.423823016756,0.0704704500142191
A2,25,1,-1,M2,retrieval,0,289,1392.36541396977,381.3243834942181,7108.5333531369315,0.03666157175764598
A2,25,1,-1,M2,retrieval,1,289,3400.4859805071446,107.10939538745119,9226.908067549772,0.040508200464040724
A2,25,1,-1,M2,retrieval,2,289,702.7787950379026,6914.058244985731,1610.4657870712504,0.005590024290994381
A2,26,1,-1,M2,encoding,0,205,960.8325312504069,3886.7021359542664,2039.6580291511984,0.02529912797179132
A2,26,1,-1,M2,encoding,1,205,1396.414702953013,2705.4816841148745,2434.5303698900957,0.016634753691799748
A2,26,1,-1,M2,encoding,2,205,1440.9334032044783,5937.593865856609,2726.593074605495,0.011461433928415293
A2,26,1,-1,M2,maintenance,0,363,5018.308565158368,1194.8853688485603,9871.731797617726,0.13213419244522923
A2,26,1,-1,M2,maintenance,1,363,29911.07596774382,17558.879361659245,36608.92735176864,0.3563149115573811
A2,26,1,-1,M2,maintenance,2,363,11438.393222563514,3628.78687307597,14993.990564921403,0.09098296137496159
A2,26,1,-1,M2,retrieval,0,300,3075.553519125047,145.1829425007606,10998.52874951941,0.08098062829240282
A2,26,1,-1,M2,retrieval,1,300,8307.0237181486,2191.2192691111236,17635.038372002666,0.09895720316544838
A2,26,1,-1,M2,retrieval,2,300,5184.664415419764,318.5900056306406,15375.451210250128,0.04123971899477641
A2,27,1,1,M2,encoding,0,205,3291.6899061941426,14032.13333342831,7469.627722140937,0.08667159101272792
A2,27,1,1,M2,encoding,1,205,43294.712455186636,83142.47991810548,53508.35168267376,0.5157471317985386
A2,27,1,1,M2,encoding,2,205,14040.080815382376,45349.05761710878,31202.941910998437,0.11167723522631162
A2,27,1,1,M2,maintenance,0,362,6131.112594114097,20363.307754554986,7381.1896241720015,0.1614347943924159
A2,27,1,1,M2,maintenance,1,362,138237.32959986944,190309.499249232,141154.80040015382,1.646748579804479
A2,27,1,1,M2,maintenance,2,362,39390.1819754998,86260.85729304243,53249.04530875358,0.31331633171694856
A2,27,1,1,M2,retrieval,0,331,3086.5515124322924,15881.009604445693,627.066128564062,0.08127021011968628
A2,27,1,1,M2,retrieval,1,331,145662.0320361296,206804.6577705987,127499.75564913613,1.7351951537347798
A2,27,1,1,M2,retrieval,2,331,26226.008232479257,68332.29565371752,19446.88519623005,0.20860621309365332
A2,28,1,1,M2,encoding,0,205,2106.1312481001473,8797.70733562185,5589.3642497650735,0.05545532883002252
A2,28,1,1,M2,encoding,1,205,4049.3165916306084,16498.603393036577,9465.923653098866,0.048237378179596405
A2,28,1,1,M2,encoding,2,205,3352.2487289554224,14575.763784445056,9775.483173222918,0.026664367161654615
A2,28,1,1,M2,maintenance,0,362,6009.48074086784,17199.245389472497,4736.209500737337,0.15823217612061508
A2,28,1,1,M2,maintenance,1,362,47240.965110226716,75241.73183042994,46304.863202368004,0.5627567635242591
A2,28,1,1,M2,maintenance,2,362,7709.045102165581,26388.373337484474,10168.9688361115,0.061319080321927906
A2,28,1,1,M2,retrieval,0,346,12953.175173618176,34427.50470989411,7056.2270968469165,0.3410625948852184
A2,28,1,1,M2,retrieval,1,346,108435.7869699065,162690.3069279084,93570.17443664496,1.2917384812737527
A2,28,1,1,M2,retrieval,2,346,22015.98567639162,62779.430595283986,16733.51698836786,0.17511896430309346
A2,29,1,1,M2,encoding,0,205,14384.96632912269,35182.45943698947,22391.487135505133,0.37876226313525957
A2,29,1,1,M2,encoding,1,205,74976.83551258019,126234.63299127201,89020.33256292039,0.8931595955734671
A2,29,1,1,M2,encoding,2,205,33987.95787134154,79919.57919961866,60030.70961647987,0.27034610526609026
A2,29,1,1,M2,maintenance,0,362,27078.444357297616,54557.50635669546,28372.76002403141,0.7129869220609956
A2,29,1,1,M2,maintenance,1,362,199285.73143038768,261829.79699480644,203533.59259263208,2.373986072779271
A2,29,1,1,M2,maintenance,2,362,99756.09988501747,169451.7838965815,120471.52857068215,0.7934773010646039
A2,29,1,1,M2,retrieval,0,402,21524.64866642043,48248.794879847526,14016.558801880357,0.5667531265317858
A2,29,1,1,M2,retrieval,1,402,201209.20290736025,273569.6489814472,181010.43700625698,2.396899376531356
A2,29,1,1,M2,retrieval,2,402,49315.05764551206,103958.54923405602,40269.359743533525,0.392260512264507
A2,32,1,-1,M2,encoding,0,205,1520.2442227407303,781.2754412864366,1695.7548466274816,0.04002867501732276
A2,32,1,-1,M2,encoding,1,205,990.2008798137093,4371.404545835019,1480.6240132992002,0.011795742128947425
A2,32,1,-1,M2,encoding,2,205,2671.1505184024113,1050.0859279237964,1667.0177444511328,0.021246793995778432
A2,32,1,-1,M2,maintenance,0,362,9221.421507919116,4065.695929214001,16498.59966900128,0.24280393848350548
A2,32,1,-1,M2,maintenance,1,362,36581.37852641391,30873.123630692276,45420.30498667604,0.43577471664151024
A2,32,1,-1,M2,maintenance,2,362,15033.748600378209,7151.667343323343,20392.839523855953,0.11958104093946735
A2,32,1,-1,M2,retrieval,0,274,15663.110161155999,6107.450369122174,31457.221431448404,0.4124163322068855
A2,32,1,-1,M2,retrieval,1,274,129990.088543179,94237.08833642949,161626.9570933426,1.548503536032865
A2,32,1,-1,M2,retrieval,2,274,36782.705284531796,16193.384131580244,60534.27275583708,0.29257601037596864
A2,35,1,-1,M2,encoding,0,205,826.5672227364846,4603.908034756655,1414.6312814548476,0.02176386546580055
A2,35,1,-1,M2,encoding,1,205,2687.6828070162123,11389.865390939856,3245.2812525408776,0.032016951269456834
A2,35,1,-1,M2,encoding,2,205,808.591190149894,6034.4174211466125,2006.1659591469418,0.006431674413537458
A2,35,1,-1,M2,maintenance,0,362,2923.1207745252195,7425.847506431372,643.5871656448238,0.07696700949069159
A2,35,1,-1,M2,maintenance,1,362,15712.142276159257,26930.29082170803,11409.152772287547,0.1871704846573917
A2,35,1,-1,M2,maintenance,2,362,4209.965645994572,11208.553716136104,2016.1239418460857,0.03348679611782007
A2,35,1,-1,M2,retrieval,0,349,93205.03174565923,63031.08500407666,120340.6129544903,2.4541280078013656
A2,35,1,-1,M2,retrieval,1,349,623351.9348844925,530733.2423724005,674077.3570942925,7.42566365004769
A2,35,1,-1,M2,retrieval,2,349,191418.12936044333,131742.7519144538,228297.87256285702,1.5225729638070162
A2,36,1,1,M2,encoding,0,205,6118.618069162356,491.38144284128,3648.0185090803575,0.16110580825235526
A2,36,1,1,M2,encoding,1,205,13628.211947354961,1323.5314503947075,9608.9252843631,0.16234571902206657
A2,36,1,1,M2,encoding,2,205,12766.681570689898,739.9357947767496,3833.9323957575043,0.1015483970197164
A2,36,1,1,M2,maintenance,0,363,9066.395687271583,623.1570073000456,8287.739518485188,0.2387220428899102
A2,36,1,1,M2,maintenance,1,363,13329.41872118296,2186.027838979533,10977.876596727929,0.15878635251608622
A2,36,1,1,M2,maintenance,2,363,12138.938123017817,440.92500791828564,5123.450117448572,0.09655521688141946
A2,36,1,1,M2,retrieval,0,277,3395.765204284397,351.7007514225346,7703.217527055192,0.08941193774272582
A2,36,1,1,M2,retrieval,1,277,1255.9820474865653,2337.6685387895363,3782.4217979922696,0.014961853349924493
A2,36,1,1,M2,retrieval,2,277,1503.078750375576,4612.222494640334,3632.268838957875,0.01195574878639273
A2,37,1,1,M2,encoding,0,205,3172.8324401674586,3038.9760757995796,4901.545659065787,0.08354202353284806
A2,37,1,1,M2,encoding,1,205,8831.72908247331,13273.430056473799,16774.311977441816,0.10520774211913429
A2,37,1,1,M2,encoding,2,205,10949.015669962431,5475.885528491728,9145.258257149355,0.08709036753772169
A2,37,1,1,M2,maintenance,0,362,15475.048436512387,27530.77214567304,11950.282848825633,0.40746458725278534
A2,37,1,1,M2,maintenance,1,362,182218.17709438194,229724.71016747068,178131.95638985705,2.1706692773456027
A2,37,1,1,M2,maintenance,2,362,37893.719721447254,64304.83376751093,38902.06868445865,0.3014132116886062
A2,37,1,1,M2,retrieval,0,319,33687.238464431095,64832.36616540365,23360.85471606789,0.8869992732435725
A2,37,1,1,M2,retrieval,1,319,318661.2478555848,406533.390694449,291561.59990038676,3.7960437955783743
A2,37,1,1,M2,retrieval,2,319,84448.26079410565,152958.98673345108,72450.33971040398,0.6717160968777085
A2,24,1,1,M3,encoding,0,205,1781.166285041367,335.2650755180648,1259.7588959275395,0.04689886355706442
A2,24,1,1,M3,encoding,1,205,1849.2362894055539,1185.3224313527446,1947.4833279219417,0.022028979018301125
A2,24,1,1,M3,encoding,2,205,2775.9745271618763,1162.057861930346,597.9480504511971,0.022080582322037218
A2,24,1,1,M3,maintenance,0,363,443.91661778185846,4163.728393554718,488.8669352716483,0.011688512781153043
A2,24,1,1,M3,maintenance,1,363,6716.766648547865,19038.844274934265,6393.926949068981,0.0800133073417293
A2,24,1,1,M3,maintenance,2,363,2025.3821514474826,16407.046943875856,4215.929453767037,0.016110240526718323
A2,24,1,1,M3,retrieval,0,333,4528.336092800163,4862.845368260949,5529.946631165649,0.11923300948391398
A2,24,1,1,M3,retrieval,1,333,42049.600890717564,43426.43996601088,43609.99417038249,0.500914772793757
A2,24,1,1,M3,retrieval,2,333,9745.353652065312,21958.30179198772,8789.596056527187,0.07751623131491589
A2,25,1,-1,M3,encoding,0,205,7205.405824616045,10983.433188521567,6507.696756161859,0.1897213906864945
A2,25,1,-1,M3,encoding,1,205,6649.661068538693,12845.53289570873,5651.01968633054,0.07921391387184008
A2,25,1,-1,M3,encoding,2,205,14572.5098957651,22668.4077104785,14509.38843291055,0.1159122683741326
A2,25,1,-1,M3,maintenance,0,362,5268.225650167491,7081.991881258943,5680.873499473042,0.1387146152664202
A2,25,1,-1,M3,maintenance,1,362,3634.477512099569,5838.265736163217,3894.265141821696,0.043295618475162834
A2,25,1,-1,M3,maintenance,2,362,13496.54957813491,19819.323625569727,9826.423823016756,0.10735389359935814
A2,25,1,-1,M3,retrieval,0,289,1006.1660279282735,381.3243834942181,7108.5333531369315,0.026492778162183574
A2,25,1,-1,M3,retrieval,1,289,4000.331787218604,107.10939538745119,9226.908067549772,0.047653847975917284
A2,25,1,-1,M3,retrieval,2,289,381.6674911313173,6914.058244985731,1610.4657870712504,0.0030358493477195474
A2,26,1,-1,M3,encoding,0,205,1909.8892958401996,3886.7021359542664,2039.6580291511984,0.050288195014103976
A2,26,1,-1,M3,encoding,1,205,1424.9135975408121,2705.4816841148745,2434.5303698900957,0.016974246029537298
A2,26,1,-1,M3,encoding,2,205,2620.3737882984024,5937.593865856609,2726.593074605495,0.02084290708754671
A2,26,1,-1,M3,maintenance,0,363,3519.5433783362882,1194.8853688485603,9871.731797617726,0.0926710695514482
A2,26,1,-1,M3,maintenance,1,363,27791.060294041898,17558.879361659245,36608.92735176864,0.33106028019306705
A2,26,1,-1,M3,maintenance,2,363,8148.180162839126,3628.78687307597,14993.990564921403,0.06481203667394762
A2,26,1,-1,M3,retrieval,0,300,2635.212728080254,145.1829425007606,10998.52874951941,0.06938626854550249
A2,26,1,-1,M3,retrieval,1,300,9777.622024485196,2191.2192691111236,17635.038372002666,0.11647566709579434
A2,26,1,-1,M3,retrieval,2,300,4771.00797783004,318.5900056306406,15375.451210250128,0.037949424024894665
A2,27,1,1,M3,encoding,0,205,5905.878699514892,14032.13333342831,7469.627722140937,0.15550429044118652
A2,27,1,1,M3,encoding,1,205,51945.53297831205,83142.47991810548,53508.35168267376,0.6187998054275412
A2,27,1,1,M3,encoding,2,205,20733.24591487571,45349.05761710878,31202.941910998437,0.16491583000745566
A2,27,1,1,M3,maintenance,0,362,8127.568438908026,20363.307754554986,7381.1896241720015,0.21400232334747898
A2,27,1,1,M3,maintenance,1,362,142743.31620084125,190309.499249232,141154.80040015382,1.7004260275477643
A2,27,1,1,M3,maintenance,2,362,43701.967457474726,86260.85729304243,53249.04530875358,0.34761302045027437
A2,27,1,1,M3,retrieval,0,331,1524.4893338422653,15881.009604445693,627.066128564062,0.040140450592690134
A2,27,1,1,M3,retrieval,1,331,142963.4889178313,206804.6577705987,127499.75564913613,1.7030488292907127
A2,27,1,1,M3,retrieval,2,331,18890.8607607505,68332.29565371752,19446.88519623005,0.1502611793013655
A2,28,1,1,M3,encoding,0,205,4392.485260102866,8797.70733562185,5589.3642497650735,0.11565599945386157
A2,28,1,1,M3,encoding,1,205,8274.934810326587,16498.603393036577,9465.923653098866,0.09857494488878513
A2,28,1,1,M3,encoding,2,205,6996.366173986979,14575.763784445056,9775.483173222918,0.05565030865675072
A2,28,1,1,M3,maintenance,0,362,5486.077437842929,17199.245389472497,4736.209500737337,0.14445074521209544
A2,28,1,1,M3,maintenance,1,362,47208.794217618844,75241.73183042994,46304.863202368004,0.5623735286059746
A2,28,1,1,M3,maintenance,2,362,6578.737528599873,26388.373337484474,10168.9688361115,0.05232841805787018
A2,28,1,1,M3,retrieval,0,346,9510.78561919966,34427.50470989411,7056.2270968469165,0.25042301823323365
A2,28,1,1,M3,retrieval,1,346,106609.38828141836,162690.3069279084,93570.17443664496,1.2699815545801443
A2,28,1,1,M3,retrieval,2,346,15660.193014117142,62779.430595283986,16733.51698836786,0.12456388833680453
A2,29,1,1,M3,encoding,0,205,19345.84824159603,35182.45943698947,22391.487135505133,0.50938438746454
A2,29,1,1,M3,encoding,1,205,86691.77021193139,126234.63299127201,89020.33256292039,1.0327134493298913
A2,29,1,1,M3,encoding,2,205,44044.59917508129,79919.57919961866,60030.70961647987,0.3503383724924951
A2,29,1,1,M3,maintenance,0,362,30274.260076945528,54557.50635669546,28372.76002403141,0.7971341050882154
A2,29,1,1,M3,maintenance,1,362,205442.6207985832,261829.79699480644,203533.59259263208,2.4473298566358914
A2,29,1,1,M3,maintenance,2,362,105345.4760066308,169451.7838965815,120471.52857068215,0.8379361670860769
A2,29,1,1,M3,retrieval,0,402,16966.04343810791,48248.794879847526,14016.558801880357,0.4467231178747421
A2,29,1,1,M3,retrieval,1,402,198477.6207819215,273569.6489814472,181010.43700625698,2.3643594757772997
A2,29,1,1,M3,retrieval,2,402,38726.95283802128,103958.54923405602,40269.359743533525,0.3080408922540942
A2,32,1,-1,M3,encoding,0,205,876.8335429906625,781.2754412864366,1695.7548466274816,0.023087398992633307
A2,32,1,-1,M3,encoding,1,205,1472.6053023146244,4371.404545835019,1480.6240132992002,0.017542372217536257
A2,32,1,-1,M3,encoding,2,205,1456.1035126027477,1050.0859279237964,1667.0177444511328,0.011582099606765471
A2,32,1,-1,M3,maintenance,0,362,7828.256064782605,4065.695929214001,16498.59966900128,0.20612130161866096
A2,32,1,-1,M3,maintenance,1,362,38157.42163679537,30873.123630692276,45420.30498667604,0.4545492890471231
A2,32,1,-1,M3,maintenance,2,362,12450.512455458522,7151.667343323343,20392.839523855953,0.09903353310139017
A2,32,1,-1,M3,retrieval,0,274,15337.584641734467,6107.450369122174,31457.221431448404,0.40384510724720224
A2,32,1,-1,M3,retrieval,1,274,135776.79053923883,94237.08833642949,161626.9570933426,1.6174374724836478
A2,32,1,-1,M3,retrieval,2,274,36516.18315071511,16193.384131580244,60534.27275583708,0.2904560471490722
A2,35,1,-1,M3,encoding,0,205,1753.1532108145425,4603.908034756655,1414.6312814548476,0.046161267434225585
A2,35,1,-1,M3,encoding,1,205,4423.027283980295,11389.865390939856,3245.2812525408776,0.05268919704549828
A2,35,1,-1,M3,encoding,2,205,1831.0034274084692,6034.4174211466125,2006.1659591469418,0.014564118479919834
A2,35,1,-1,M3,maintenance,0,362,3610.5934659093778,7425.847506431372,643.5871656448238,0.09506845696542002
A2,35,1,-1,M3,maintenance,1,362,16942.23358523302,26930.29082170803,11409.152772287547,0.2018239152619205
A2,35,1,-1,M3,maintenance,2,362,5606.563710259382,11208.553716136104,2016.1239418460857,0.04459557907928517
A2,35,1,-1,M3,retrieval,0,349,89245.41496374772,63031.08500407666,120340.6129544903,2.349869618928472
A2,35,1,-1,M3,retrieval,1,349,628463.9361645757,530733.2423724005,674077.3570942925,7.486560231834261
A2,35,1,-1,M3,retrieval,2,349,185390.89996505788,131742.7519144538,228297.87256285702,1.4746313369886044
A2,36,1,1,M3,encoding,0,205,4199.165648514657,491.38144284128,3648.0185090803575,0.11056581210699652
A2,36,1,1,M3,encoding,1,205,9947.625533233975,1323.5314503947075,9608.9252843631,0.11850082945536944
A2,36,1,1,M3,encoding,2,205,8862.118794474272,739.9357947767496,3833.9323957575043,0.0704908282386597
A2,36,1,1,M3,maintenance,0,363,7241.852664443687,623.1570073000456,8287.739518485188,0.19068105143379135
A2,36,1,1,M3,maintenance,1,363,10549.19137285592,2186.027838979533,10977.876596727929,0.12566696681438608
A2,36,1,1,M3,maintenance,2,363,8824.587764826008,440.92500791828564,5123.450117448572,0.07019229992664865
A2,36,1,1,M3,retrieval,0,277,5210.94370578663,351.7007514225346,7703.217527055192,0.1372063573814811
A2,36,1,1,M3,retrieval,1,277,1736.4750749711968,2337.6685387895363,3782.4217979922696,0.020685713995283916
A2,36,1,1,M3,retrieval,2,277,3553.738902577866,4612.222494640334,3632.268838957875,0.02826705491048658
A2,37,1,1,M3,encoding,0,205,4149.597675171114,3038.9760757995796,4901.545659065787,0.10926066635044242
A2,37,1,1,M3,encoding,1,205,13561.46955241154,13273.430056473799,16774.311977441816,0.16155065198479118
A2,37,1,1,M3,encoding,2,205,12232.525138718986,5475.885528491728,9145.258257149355,0.09729962421810212
A2,37,1,1,M3,maintenance,0,362,13016.683473231953,27530.77214567304,11950.282848825633,0.3427347953436155
A2,37,1,1,M3,maintenance,1,362,179948.15828680657,229724.71016747068,178131.95638985705,2.143627737565253
A2,37,1,1,M3,maintenance,2,362,32243.95965104987,64304.83376751093,38902.06868445865,0.2564740412770855
A2,37,1,1,M3,retrieval,0,319,28013.336009894978,64832.36616540365,23360.85471606789,0.7376030156980832
A2,37,1,1,M3,retrieval,1,319,314652.76928091166,406533.390694449,291561.59990038676,3.7482928992096
A2,37,1,1,M3,retrieval,2,319,71239.04681407775,152958.98673345108,72450.33971040398,0.5666477204061103
A2,44,2,-1,M0,encoding,0,205,4292.086040960368,1500.209425520705,5422.930952222205,0.14254976025691676
A2,44,2,-1,M0,encoding,1,205,5663.856314126211,3668.5534049648854,9806.824827870152,0.06880774720169831
A2,44,2,-1,M0,encoding,2,205,6852.418764431305,4310.073846927361,7644.993587419495,0.09630930639191912
A2,44,2,-1,M0,maintenance,0,363,7492.907944971431,7774.983812103517,14699.64493018108,0.24885620208672024
A2,44,2,-1,M0,maintenance,1,363,6628.343214411579,6313.271502667663,1843.2884586438547,0.08052488251261122
A2,44,2,-1,M0,maintenance,2,363,12912.113631202694,12818.728571584756,7452.0655872425905,0.18147704491291128
A2,44,2,-1,M0,retrieval,0,393,9634.741971356761,6061.536260768631,20045.64479270568,0.31999129212396926
A2,44,2,-1,M0,retrieval,1,393,4838.81389610729,5507.344910429927,1155.5570361559426,0.058784662755128655
A2,44,2,-1,M0,retrieval,2,393,2218.4147354737515,706.2119095604921,7305.711950390781,0.031179353131787376
A2,45,2,-1,M0,encoding,0,205,9640.925101930981,5145.876564971859,13103.090572656718,0.3201966476952651
A2,45,2,-1,M0,encoding,1,205,149141.0807080483,163179.7828336808,124523.86643066359,1.8118506560897187
A2,45,2,-1,M0,encoding,2,205,3687076.2809543796,3539378.488983405,3819563.284455627,51.82108266296003
A2,45,2,-1,M0,maintenance,0,363,133484.27610550384,132241.60058904407,100438.90256955274,4.433310836576344
A2,45,2,-1,M0,maintenance,1,363,416328.9262854651,412890.5857678151,341367.107434991,5.057800537975728
A2,45,2,-1,M0,maintenance,2,363,2373488.5636609797,2380799.2033419847,2639479.131940267,33.35888321389132
A2,45,2,-1,M0,retrieval,0,283,308172.2474988111,333057.4125210204,261767.77447050967,10.23508838815386
A2,45,2,-1,M0,retrieval,1,283,284333.22423908213,319008.5834656852,233372.46588115185,3.454241691423424
A2,45,2,-1,M0,retrieval,2,283,1624219.534247264,1529412.9311172415,1806714.0545002497,22.82806438852284
A2,46,2,-1,M0,encoding,0,205,8659.34000088797,13012.505106172634,5854.897355238849,0.28759601492832887
A2,46,2,-1,M0,encoding,1,205,15086.439539811143,18899.79690588256,8807.358371447028,0.18327864628910134
A2,46,2,-1,M0,encoding,2,205,18767.712363002443,27725.15488653929,12552.647434133272,0.26377625512702
A2,46,2,-1,M0,maintenance,0,363,60363.084106370625,59627.55657868222,37280.31619728474,2.004792794369494
A2,46,2,-1,M0,maintenance,1,363,50944.925852888766,49760.68682921097,27250.758548970975,0.6189079286054647
A2,46,2,-1,M0,maintenance,2,363,181180.59626781254,178844.56244582374,117363.0614381667,2.5464552237819222
A2,46,2,-1,M0,retrieval,0,318,80852.97159102472,92594.78228352798,57478.774151781094,2.68530770501073
A2,46,2,-1,M0,retrieval,1,318,37406.98408147977,49363.03206939372,29591.047037671542,0.4544413137453504
A2,46,2,-1,M0,retrieval,2,318,263289.0400053271,298459.42746989994,193709.32982726232,3.7004721537347174
A2,47,2,-1,M0,encoding,0,205,1715.2275565272976,250.3621528244467,3653.6998897798258,0.0569665366993236
A2,47,2,-1,M0,encoding,1,205,6805.1777682768225,9904.989966431864,2797.947270907363,0.08267316922824303
A2,47,2,-1,M0,encoding,2,205,914.0164862207763,721.5604554157786,3005.3882891502953,0.012846309725790341
A2,47,2,-1,M0,maintenance,0,362,23505.234626867972,24001.31343562681,40026.968807589525,0.7806613215267431
A2,47,2,-1,M0,maintenance,1,362,43741.69822674608,44704.932397548415,63101.46671778841,0.5313990233566245
A2,47,2,-1,M0,maintenance,2,362,115216.66940917453,117086.36815681707,168180.79286022385,1.6193460874257533
A2,47,2,-1,M0,retrieval,0,288,30817.27638049804,22941.352159788858,45858.3288340124,1.0235105535834488
A2,47,2,-1,M0,retrieval,1,288,13606.430246614385,11680.62080669267,15481.779146274519,0.16529865180222542
A2,47,2,-1,M0,retrieval,2,288,141242.13037047008,113206.16845807091,193472.59603105567,1.9851284746205846
A2,48,2,-1,M0,encoding,0,205,5577.860281663724,1890.5464198896343,7986.478752983892,0.18525319350770308
A2,48,2,-1,M0,encoding,1,205,10366.544241369376,7199.776985302732,17368.080450087007,0.12593867428033606
A2,48,2,-1,M0,encoding,2,205,19490.52439395818,9072.956926932662,27626.387072403228,0.2739352263963218
A2,48,2,-1,M0,maintenance,0,363,2702.6911614298247,2601.6199522632855,3587.9302215457465,0.08976240770422772
A2,48,2,-1,M0,maintenance,1,363,38170.31195319037,37111.12007730811,20899.446360068156,0.4637146547899804
A2,48,2,-1,M0,maintenance,2,363,6691.0134505402275,6640.991014451635,16970.69537976748,0.09404078860816839
A2,48,2,-1,M0,retrieval,0,359,21183.522310611042,25286.825450888038,9092.775327038951,0.703552071872954
A2,48,2,-1,M0,retrieval,1,359,79840.95467657475,94283.83499537938,51063.31099040601,0.9699533182058739
A2,48,2,-1,M0,retrieval,2,359,18223.20340879208,24387.210720111827,2671.825763529177,0.2561232961490318
A2,49,2,1,M0,encoding,0,205,5215.129316104049,6736.139115254813,4152.2405289818935,0.17320608828081854
A2,49,2,1,M0,encoding,1,205,43196.74600887132,74769.04329046211,51833.045583329374,0.5247786339320182
A2,49,2,1,M0,encoding,2,205,24788.88095634004,47186.7509850108,23672.50988638659,0.34840251496729674
A2,49,2,1,M0,maintenance,0,363,101649.46210655406,100727.24939682486,71350.63211853425,3.3760055868524983
A2,49,2,1,M0,maintenance,1,363,157561.96810991055,156424.2930587665,114250.19746299007,1.9141523847045798
A2,49,2,1,M0,maintenance,2,363,206879.16710069822,204834.7559739703,137984.67339885217,2.9076432388848232
A2,49,2,1,M0,retrieval,0,357,105147.62167617511,117826.15773182648,77412.98352121135,3.4921872764158204
A2,49,2,1,M0,retrieval,1,357,17528.540390587073,25342.087639975365,6973.3769839386305,0.2129466761016066
A2,49,2,1,M0,retrieval,2,357,231226.59140293684,261000.38523888556,162745.5861537705,3.249841173306154
A2,50,2,1,M0,encoding,0,205,7135.521310561233,2317.086027000774,6870.776543887972,0.2369865940294687
A2,50,2,1,M0,encoding,1,205,118378.2042953976,81102.27950961683,103062.22566306793,1.4381257404135503
A2,50,2,1,M0,encoding,2,205,32071.66600900212,15165.2654937174,30968.807392088424,0.45076052914238796
A2,50,2,1,M0,maintenance,0,363,23814.390817136857,24257.34689247296,42303.21048538385,0.7909290888511165
A2,50,2,1,M0,maintenance,1,363,254723.83995372325,255705.5883806336,309468.23551740585,3.094530054031855
A2,50,2,1,M0,maintenance,2,363,115983.04683132443,117424.35317773966,176774.7876408769,1.6301173611174318
A2,50,2,1,M0,retrieval,0,354,16152.63708875299,18722.2845254881,7244.555841360235,0.536465141319375
A2,50,2,1,M0,retrieval,1,354,29020.405007524674,38123.25677421125,13611.086915926844,0.35255638220700836
A2,50,2,1,M0,retrieval,2,354,45938.162974123254,52699.6420470783,21626.68641603442,0.6456512313464735
A2,51,2,-1,M0,encoding,0,205,7051.139647536423,11274.24156358469,5313.425144265967,0.23418409060351797
A2,51,2,-1,M0,encoding,1,205,232797.41773478853,249996.62360999698,202223.00748366237,2.828155408666065
A2,51,2,-1,M0,encoding,2,205,85932.94957192564,110487.02389129775,71211.72707713523,1.2077695561226802
A2,51,2,-1,M0,maintenance,0,362,66763.39830171537,65925.23073042497,45771.50533585722,2.217361518623491
A2,51,2,-1,M0,maintenance,1,362,415661.57088191324,412167.3127434033,341549.7734470714,5.049693125048115
A2,51,2,-1,M0,maintenance,2,362,340117.9936144431,336852.00603952445,252943.4458831687,4.780286958883302
A2,51,2,-1,M0,retrieval,0,348,104212.78477937324,115114.05785887278,75014.49797667381,3.4611392558853153
A2,51,2,-1,M0,retrieval,1,348,257170.4561098116,283538.87469890475,203565.74311328382,3.1242529383408817
A2,51,2,-1,M0,retrieval,2,348,437225.9468287655,474826.6048024106,338286.31680365343,6.145118843904051
A2,52,2,1,M0,encoding,0,205,42037.75887324702,58199.949462728735,39537.83169120613,1.396167828867336
A2,52,2,1,M0,encoding,1,205,22071.265639456065,3255.315168793791,11357.301175461578,0.2681342856021086
A2,52,2,1,M0,encoding,2,205,24552.671355325077,40305.38446668659,21706.570351166356,0.34508263864056865
A2,52,2,1,M0,maintenance,0,362,58666.91798687218,58364.873227159886,36580.651023713246,1.9484593305519078
A2,52,2,1,M0,maintenance,1,362,105597.7934392738,107172.22509058335,147366.26969263237,1.2828620418750256
A2,52,2,1,M0,maintenance,2,362,34945.38185163235,34708.479999360454,12666.920993045016,0.49115000169006534
A2,52,2,1,M0,retrieval,0,271,16819.001795281085,23412.68040137884,7911.548038356686,0.5585966009995254
A2,52,2,1,M0,retrieval,1,271,205121.9624891936,171989.76117471923,246569.10072056382,2.4919382409597914
A2,52,2,1,M0,retrieval,2,271,13267.894580630807,22925.044076253456,2176.3901950614563,0.186477471425771
A2,53,2,1,M0,encoding,0,205,2585.2769880558626,3671.81187861822,1553.9668544963001,0.08586282085869536
A2,53,2,1,M0,encoding,1,205,4902.706416770509,5423.463423851276,1841.3547166399244,0.05956086542801591
A2,53,2,1,M0,encoding,2,205,5350.1994977390805,6393.825435293877,2803.5385236844227,0.07519593013787569
A2,53,2,1,M0,maintenance,0,363,177.56400501631796,223.71295778308055,3961.5489074544116,0.005897297049448365
A2,53,2,1,M0,maintenance,1,363,22755.638420883173,23647.99113818188,42894.075192656,0.2764484353129182
A2,53,2,1,M0,maintenance,2,363,901.5204848394692,1012.1992158401803,8521.360548441644,0.01267068105114584
A2,53,2,1,M0,retrieval,0,344,3013.3505225259773,3377.968386983545,1620.804529316412,0.10008009868786769
A2,53,2,1,M0,retrieval,1,344,10258.189829070381,11296.399398501215,5886.012619430359,0.12462232326502816
A2,53,2,1,M0,retrieval,2,344,11691.906793034088,14034.927338454123,3679.459166728502,0.16432729410540234
A2,54,2,-1,M0,encoding,0,205,40912.512592852094,49966.86180153417,34233.041018547716,1.3587958875852844
A2,54,2,-1,M0,encoding,1,205,73836.26301018077,82778.20706525304,57741.84512751101,0.897004909332065
A2,54,2,-1,M0,encoding,2,205,88015.48561745581,107763.17189665048,72154.92848172778,1.2370391628084634
A2,54,2,-1,M0,maintenance,0,362,104196.96977686005,103407.55803983872,72890.47915637608,3.4606140043420788
A2,54,2,-1,M0,maintenance,1,362,31415.215232101888,30952.72081072909,18380.316661388115,0.38164989860108944
A2,54,2,-1,M0,maintenance,2,362,190205.66854232244,188296.1904722137,124680.52046413261,2.6733007188947893
A2,54,2,-1,M0,retrieval,0,334,94394.5784504987,105696.95187243012,67415.34543506974,3.13505470283175
A2,54,2,-1,M0,retrieval,1,334,7056.394778876167,11666.148293853124,873.0271022815613,0.08572509632515293
A2,54,2,-1,M0,retrieval,2,334,214335.20611524265,241452.79165340183,147618.3416938647,3.01243630110239
A2,55,2,-1,M0,encoding,0,205,5820.50116677403,4381.144807494597,6335.68505015512,0.1933118390406479
A2,55,2,-1,M0,encoding,1,205,85548.25309391359,94605.20444233729,67089.09632496242,1.0392888247803356
A2,55,2,-1,M0,encoding,2,205,39723.26191997773,54242.39914099738,27154.813180310237,0.5583021024628073
A2,55,2,-1,M0,maintenance,0,363,166624.14603799724,165260.2167241486,128037.13928127843,5.533959907619968
A2,55,2,-1,M0,maintenance,1,363,238486.37142536716,235998.56634000325,183225.88897320855,2.897268053068291
A2,55,2,-1,M0,maintenance,2,363,266408.3475708794,263537.8737837998,187018.4879821432,3.744313366361823
A2,55,2,-1,M0,retrieval,0,299,287755.0679025315,310572.2882657865,241890.95354674643,9.556988268818683
A2,55,2,-1,M0,retrieval,1,299,39564.63861196187,51823.65987354064,22240.917452705784,0.4806537279112482
A2,55,2,-1,M0,retrieval,2,299,322799.12325332506,362045.2640767682,244258.6331553926,4.536873873765282
A2,56,2,1,M0,encoding,0,205,12649.197988605612,17282.865140235524,10498.892001442882,0.42010810675979493
A2,56,2,1,M0,encoding,1,205,61168.50656372743,93485.79186153713,69544.09059435295,0.74310980062207
A2,56,2,1,M0,encoding,2,205,28241.307196520967,39087.01231239481,24232.15825632143,0.39692564059513935
A2,56,2,1,M0,maintenance,0,362,44793.72860793296,44447.89935774492,25683.663600462318,1.4876997369431804
A2,56,2,1,M0,maintenance,1,362,241355.43266877683,239984.24581152588,186549.7045166594,2.9321230405174523
A2,56,2,1,M0,maintenance,2,362,108002.12172266532,107049.54134063364,61228.82958603144,1.5179471350987652
A2,56,2,1,M0,retrieval,0,345,41379.7559663516,48959.688230168125,24283.76294034042,1.3743140832221747
A2,56,2,1,M0,retrieval,1,345,114782.97001236628,135194.45678813872,81866.80185463761,1.3944487899477145
A2,56,2,1,M0,retrieval,2,345,115389.97503793953,136239.60574031627,68539.72064154343,1.62178186163541
A2,57,2,1,M0,encoding,0,205,7738.954342601639,2257.5006656671867,7102.647954793058,0.25702795229385644
A2,57,2,1,M0,encoding,1,205,22021.70365343404,4708.561692911166,12070.432786831414,0.267532178412964
A2,57,2,1,M0,encoding,2,205,27697.501721305394,9236.056656707618,24336.40340345844,0.389282568866658
A2,57,2,1,M0,maintenance,0,363,4062.0361432032487,4269.024809961145,13039.590264015054,0.13490928952556397
A2,57,2,1,M0,maintenance,1,363,11239.17548127913,11680.535340887682,26782.000260900102,0.1365398947961637
A2,57,2,1,M0,maintenance,2,363,12546.125851658167,12970.785555973367,36308.31074824763,0.17633316354669745
A2,57,2,1,M0,retrieval,0,347,1109.9424684071132,571.5377986099131,2798.1564926632,0.036863667517485675
A2,57,2,1,M0,retrieval,1,347,2932.364592443228,456.2004334065336,7126.069266572019,0.03562403253006475
A2,57,2,1,M0,retrieval,2,347,2351.446288944733,1385.8872411376713,6406.132435627866,0.033049083672707265
A2,44,2,-1,M1,encoding,0,205,3823.5964783536656,1500.209425520705,5422.930952222205,0.1269901758974405
A2,44,2,-1,M1,encoding,1,205,4357.6963173569775,3668.5534049648854,9806.824827870152,0.05293977282556272
A2,44,2,-1,M1,encoding,2,205,3610.9333169175766,4310.073846927361,7644.993587419495,0.050750909297159044
A2,44,2,-1,M1,maintenance,0,363,7763.797074182369,7774.983812103517,14699.64493018108,0.257853034875418
A2,44,2,-1,M1,maintenance,1,363,3940.887985731783,6313.271502667663,1843.2884586438547,0.047876148198910715
A2,44,2,-1,M1,maintenance,2,363,5589.411727462675,12818.728571584756,7452.0655872425905,0.07855800778040517
A2,44,2,-1,M1,retrieval,0,393,12393.196620501956,6061.536260768631,20045.64479270568,0.41160572975701387
A2,44,2,-1,M1,retrieval,1,393,2174.9445193488536,5507.344910429927,1155.5570361559426,0.02642246278243781
A2,44,2,-1,M1,retrieval,2,393,2428.6608393158153,706.2119095604921,7305.711950390781,0.03413431795935115
A2,45,2,-1,M1,encoding,0,205,8905.7459208743,5145.876564971859,13103.090572656718,0.29577970567560863
A2,45,2,-1,M1,encoding,1,205,142863.98725960663,163179.7828336808,124523.86643066359,1.735592955468928
A2,45,2,-1,M1,encoding,2,205,3729698.0219442067,3539378.488983405,3819563.284455627,52.4201222799276
A2,45,2,-1,M1,maintenance,0,363,122883.35336959928,132241.60058904407,100438.90256955274,4.081230524093334
A2,45,2,-1,M1,maintenance,1,363,396251.02136611455,412890.5857678151,341367.107434991,4.8138827319069595
A2,45,2,-1,M1,maintenance,2,363,2497681.870200783,2380799.2033419847,2639479.131940267,35.10439405065644
A2,45,2,-1,M1,retrieval,0,283,291158.33757442096,333057.4125210204,261767.77447050967,9.67001845301996
A2,45,2,-1,M1,retrieval,1,283,269138.4330077206,319008.5834656852,233372.46588115185,3.269646727172217
A2,45,2,-1,M1,retrieval,2,283,1681092.7639768792,1529412.9311172415,1806714.0545002497,23.627405686220385
A2,46,2,-1,M1,encoding,0,205,5002.382095829025,13012.505106172634,5854.897355238849,0.16614027809991538
A2,46,2,-1,M1,encoding,1,205,12169.739250678032,18899.79690588256,8807.358371447028,0.14784491262300403
A2,46,2,-1,M1,encoding,2,205,11006.218521621233,27725.15488653929,12552.647434133272,0.15469008947867563
A2,46,2,-1,M1,maintenance,0,363,50455.29272340306,59627.55657868222,37280.31619728474,1.6757329216551171
A2,46,2,-1,M1,maintenance,1,363,44760.140746249,49760.68682921097,27250.758548970975,0.5437716422111387
A2,46,2,-1,M1,maintenance,2,363,157631.48852316925,178844.56244582374,117363.0614381667,2.2154774608921795
A2,46,2,-1,M1,retrieval,0,318,71676.96618369759,92594.78228352798,57478.774151781094,2.380552078388208
A2,46,2,-1,M1,retrieval,1,318,35737.691663725665,49363.03206939372,29591.047037671542,0.4341618002273143
A2,46,2,-1,M1,retrieval,2,318,238115.5712266797,298459.42746989994,193709.32982726232,3.346664337707092
A2,47,2,-1,M1,encoding,0,205,2684.946691898921,250.3621528244467,3653.6998897798258,0.0891730742534588
A2,47,2,-1,M1,encoding,1,205,5535.775041827502,9904.989966431864,2797.947270907363,0.06725174307362376
A2,47,2,-1,M1,encoding,2,205,2029.9490870261968,721.5604554157786,3005.3882891502953,0.028530508029835467
A2,47,2,-1,M1,maintenance,0,362,27774.477590513576,24001.31343562681,40026.968807589525,0.9224524121848504
A2,47,2,-1,M1,maintenance,1,362,43657.53125056887,44704.932397548415,63101.46671778841,0.5303765150692782
A2,47,2,-1,M1,maintenance,2,362,125063.56910482308,117086.36815681707,168180.79286022385,1.7577421943188811
A2,47,2,-1,M1,retrieval,0,288,34082.527636528845,22941.352159788858,45858.3288340124,1.1319568380436826
A2,47,2,-1,M1,retrieval,1,288,8531.78027896515,11680.62080669267,15481.779146274519,0.10364891834407992
A2,47,2,-1,M1,retrieval,2,288,151313.80500338055,113206.16845807091,193472.59603105567,2.1266837460432293
A2,48,2,-1,M1,encoding,0,205,6677.643594291454,1890.5464198896343,7986.478752983892,0.22177945277965416
A2,48,2,-1,M1,encoding,1,205,9585.467859423172,7199.776985302732,17368.080450087007,0.11644971424084341
A2,48,2,-1,M1,encoding,2,205,23932.843010937864,9072.956926932662,27626.387072403228,0.3363710814543903
A2,48,2,-1,M1,maintenance,0,363,4719.274185825255,2601.6199522632855,3587.9302215457465,0.15673763232051155
A2,48,2,-1,M1,maintenance,1,363,35899.307809387064,37111.12007730811,20899.446360068156,0.43612520506628366
A2,48,2,-1,M1,maintenance,2,363,14542.369893630328,6640.991014451635,16970.69537976748,0.20438995424800188
A2,48,2,-1,M1,retrieval,0,359,15602.159708296489,25286.825450888038,9092.775327038951,0.5181825584768904
A2,48,2,-1,M1,retrieval,1,359,69488.57438282458,94283.83499537938,51063.31099040601,0.8441867156154091
A2,48,2,-1,M1,retrieval,2,359,10737.84492588677,24387.210720111827,2671.825763529177,0.15091815496217262
A2,49,2,1,M1,encoding,0,205,1018.7564421992416,6736.139115254813,4152.2405289818935,0.0338351759982885
A2,49,2,1,M1,encoding,1,205,19926.751333864875,74769.04329046211,51833.045583329374,0.24208150636024872
A2,49,2,1,M1,encoding,2,205,10746.822613612276,47186.7509850108,23672.50988638659,0.1510443344774023
A2,49,2,1,M1,maintenance,0,363,77532.98549881783,100727.24939682486,71350.63211853425,2.575043554435944
A2,49,2,1,M1,maintenance,1,363,96199.76738445571,156424.2930587665,114250.19746299007,1.1686894772635137
A2,49,2,1,M1,maintenance,2,363,146981.34443582513,204834.7559739703,137984.67339885217,2.0657919227942707
A2,49,2,1,M1,retrieval,0,357,92918.74690664091,117826.15773182648,77412.98352121135,3.0860390422068646
A2,49,2,1,M1,retrieval,1,357,13137.773156178348,25342.087639975365,6973.3769839386305,0.15960513897023876
A2,49,2,1,M1,retrieval,2,357,201231.88521877886,261000.38523888556,162745.5861537705,2.8282718782390845
A2,50,2,1,M1,encoding,0,205,18697.67020051255,2317.086027000774,6870.776543887972,0.6209913731947414
A2,50,2,1,M1,encoding,1,205,181474.50071844316,81102.27950961683,103062.22566306793,2.2046554284658715
A2,50,2,1,M1,encoding,2,205,68856.39541208101,15165.2654937174,30968.807392088424,0.9677621743153356
A2,50,2,1,M1,maintenance,0,363,46538.76431171208,24257.34689247296,42303.21048538385,1.545656268764666
A2,50,2,1,M1,maintenance,1,363,363431.26155993494,255705.5883806336,309468.23551740585,4.415169627139143
A2,50,2,1,M1,maintenance,2,363,191847.4813154718,117424.35317773966,176774.7876408769,2.6963760525606433
A2,50,2,1,M1,retrieval,0,354,10043.551221624284,18722.2845254881,7244.555841360235,0.33356876006387237
A2,50,2,1,M1,retrieval,1,354,19316.443160332576,38123.25677421125,13611.086915926844,0.23466713562227579
A2,50,2,1,M1,retrieval,2,354,29815.207339597666,52699.6420470783,21626.68641603442,0.41904647651028626
A2,51,2,-1,M1,encoding,0,205,3893.62089569253,11274.24156358469,5313.425144265967,0.129315843139086
A2,51,2,-1,M1,encoding,1,205,224556.88116389365,249996.62360999698,202223.00748366237,2.7280446845005706
A2,51,2,-1,M1,encoding,2,205,73611.34999530956,110487.02389129775,71211.72707713523,1.0345920622102307
A2,51,2,-1,M1,maintenance,0,362,61640.38925864917,65925.23073042497,45771.50533585722,2.0472149502849635
A2,51,2,-1,M1,maintenance,1,362,398765.24841134466,412167.3127434033,341549.7734470714,4.844426991743565
A2,51,2,-1,M1,maintenance,2,362,312234.74503176025,336852.00603952445,252943.4458831687,4.3883937568958835
A2,51,2,-1,M1,retrieval,0,348,92555.95839988074,115114.05785887278,75014.49797667381,3.0739900259082407
A2,51,2,-1,M1,retrieval,1,348,240757.99007525193,283538.87469890475,203565.74311328382,2.924864968161298
A2,51,2,-1,M1,retrieval,2,348,402019.2887078564,474826.6048024106,338286.31680365343,5.65029665913006
A2,52,2,1,M1,encoding,0,205,25108.0840660848,58199.949462728735,39537.83169120613,0.8338955300462833
A2,52,2,1,M1,encoding,1,205,33157.86684033908,3255.315168793791,11357.301175461578,0.4028206212801158
A2,52,2,1,M1,encoding,2,205,5201.013232666014,40305.38446668659,21706.570351166356,0.07309914851866588
A2,52,2,1,M1,maintenance,0,362,33502.431609156934,58364.873227159886,36580.651023713246,1.1126905538083012
A2,52,2,1,M1,maintenance,1,362,157924.17897864094,107172.22509058335,147366.26969263237,1.918552728305661
A2,52,2,1,M1,maintenance,2,362,11390.049060625093,34708.479999360454,12666.920993045016,0.16008474708124068
A2,52,2,1,M1,retrieval,0,271,13448.775981198874,23412.68040137884,7911.548038356686,0.44666387709224914
A2,52,2,1,M1,retrieval,1,271,225744.9940215669,171989.76117471923,246569.10072056382,2.7424785551045923
A2,52,2,1,M1,retrieval,2,271,8757.074318117457,22925.044076253456,2176.3901950614563,0.12307884012841339
A2,53,2,1,M1,encoding,0,205,2263.354990894917,3671.81187861822,1553.9668544963001,0.07517107258552874
A2,53,2,1,M1,encoding,1,205,6831.050622738191,5423.463423851276,1841.3547166399244,0.08298748737659085
A2,53,2,1,M1,encoding,2,205,5753.183823646955,6393.825435293877,2803.5385236844227,0.08085979019214713
A2,53,2,1,M1,maintenance,0,363,5665.2145023708545,223.71295778308055,3961.5489074544116,0.18815442221104117
A2,53,2,1,M1,maintenance,1,363,48670.61510869598,23647.99113818188,42894.075192656,0.5912783084199699
A2,53,2,1,M1,maintenance,2,363,9571.532869242299,1012.1992158401803,8521.360548441644,0.1345258839884526
A2,53,2,1,M1,retrieval,0,344,1066.816383063825,3377.968386983545,1620.804529316412,0.035431353936668096
A2,53,2,1,M1,retrieval,1,344,4895.296671123478,11296.399398501215,5886.012619430359,0.05947084762441481
A2,53,2,1,M1,retrieval,2,344,4622.490151525474,14034.927338454123,3679.459166728502,0.06496812813129972
A2,54,2,-1,M1,encoding,0,205,31354.77566730479,49966.86180153417,34233.041018547716,1.0413621049599497
A2,54,2,-1,M1,encoding,1,205,67614.7663416367,82778.20706525304,57741.84512751101,0.8214226300080474
A2,54,2,-1,M1,encoding,2,205,69799.76677014345,107763.17189665048,72154.92848172778,0.9810210605989058
A2,54,2,-1,M1,maintenance,0,362,87508.98306635584,103407.55803983872,72890.47915637608,2.906368706822203
A2,54,2,-1,M1,maintenance,1,362,24594.28395268099,30952.72081072909,18380.316661388115,0.2987853467613849
A2,54,2,-1,M1,maintenance,2,362,158636.82304516903,188296.1904722137,124680.52046413261,2.2296072264296014
A2,54,2,-1,M1,retrieval,0,334,83805.3500365734,105696.95187243012,67415.34543506974,2.783362784891301
A2,54,2,-1,M1,retrieval,1,334,4596.227262310476,11666.148293853124,873.0271022815613,0.05583758238319707
A2,54,2,-1,M1,retrieval,2,334,188743.02132904538,241452.79165340183,147618.3416938647,2.6527435195394347
A2,55,2,-1,M1,encoding,0,205,2876.76156344223,4381.144807494597,6335.68505015512,0.09554367439783332
A2,55,2,-1,M1,encoding,1,205,78868.15664448716,94605.20444233729,67089.09632496242,0.958135214539782
A2,55,2,-1,M1,encoding,2,205,31279.999840367895,54242.39914099738,27154.813180310237,0.43963382743074236
A2,55,2,-1,M1,maintenance,0,363,153185.621528045,165260.2167241486,128037.13928127843,5.087636504776033
A2,55,2,-1,M1,maintenance,1,363,222218.56523195442,235998.56634000325,183225.88897320855,2.6996374928983946
A2,55,2,-1,M1,maintenance,2,363,236328.04222603055,263537.8737837998,187018.4879821432,3.3215409930712427
A2,55,2,-1,M1,retrieval,0,299,270960.1520242639,310572.2882657865,241890.95354674643,8.999191614899221
A2,55,2,-1,M1,retrieval,1,299,35722.20640339981,51823.65987354064,22240.917452705784,0.43397367647933077
A2,55,2,-1,M1,retrieval,2,299,295089.4842193847,362045.2640767682,244258.6331553926,4.1474207175189655
A2,56,2,1,M1,encoding,0,205,2479.0426375582592,17282.865140235524,10498.892001442882,0.08233454089180677
A2,56,2,1,M1,encoding,1,205,27965.31695657776,93485.79186153713,69544.09059435295,0.3397385725983817
A2,56,2,1,M1,encoding,2,205,5098.225288588076,39087.01231239481,24232.15825632143,0.07165448555513215
A2,56,2,1,M1,maintenance,0,362,24106.990851129136,44447.89935774492,25683.663600462318,0.8006469892610141
A2,56,2,1,M1,maintenance,1,362,164964.0486589747,239984.24581152588,186549.7045166594,2.0040770683368816
A2,56,2,1,M1,maintenance,2,362,57954.23614453121,107049.54134063364,61228.82958603144,0.8145346157951152
A2,56,2,1,M1,retrieval,0,345,33180.2568094118,48959.688230168125,24283.76294034042,1.1019904093968873
A2,56,2,1,M1,retrieval,1,345,98499.85572209842,135194.45678813872,81866.80185463761,1.1966322583124196
A2,56,2,1,M1,retrieval,2,345,93457.01348284681,136239.60574031627,68539.72064154343,1.3135186939702748
A2,57,2,1,M1,encoding,0,205,18182.577547694833,2257.5006656671867,7102.647954793058,0.6038839961597658
A2,57,2,1,M1,encoding,1,205,44433.24195142218,4708.561692911166,12070.432786831414,0.5398002897637113
A2,57,2,1,M1,encoding,2,205,56014.24295304331,9236.056656707618,24336.40340345844,0.7872684189819448
A2,57,2,1,M1,maintenance,0,363,16117.193819496373,4269.024809961145,13039.590264015054,0.5352879912140333
A2,57,2,1,M1,maintenance,1,363,40286.321374601546,11680.535340887682,26782.000260900102,0.48942114048979163
A2,57,2,1,M1,maintenance,2,363,45962.4313468678,12970.785555973367,36308.31074824763,0.6459923182278561
A2,57,2,1,M1,retrieval,0,347,1129.026893959457,571.5377986099131,2798.1564926632,0.03749750389941404
A2,57,2,1,M1,retrieval,1,347,3956.1187123093778,456.2004334065336,7126.069266572019,0.04806117972618224
A2,57,2,1,M1,retrieval,2,347,2164.9349781208757,1385.8872411376713,6406.132435627866,0.03042770637555019
A2,44,2,-1,M2,encoding,0,205,4136.35746829919,1500.209425520705,5422.930952222205,0.137377666667424
A2,44,2,-1,M2,encoding,1,205,4437.432144728721,3668.5534049648854,9806.824827870152,0.05390844899748985
A2,44,2,-1,M2,encoding,2,205,3709.540347396193,4310.073846927361,7644.993587419495,0.0521368103982501
A2,44,2,-1,M2,maintenance,0,363,3967.9849037215113,7774.983812103517,14699.64493018108,0.1317856378764494
A2,44,2,-1,M2,maintenance,1,363,7120.319734150423,6313.271502667663,1843.2884586438547,0.0865016930321387
A2,44,2,-1,M2,maintenance,2,363,7321.728439838425,12818.728571584756,7452.0655872425905,0.10290535530184411
A2,44,2,-1,M2,retrieval,0,393,9084.908086035854,6061.536260768631,20045.64479270568,0.3017300811916537
A2,44,2,-1,M2,retrieval,1,393,1975.9925002418665,5507.344910429927,1155.5570361559426,0.02400548052216433
A2,44,2,-1,M2,retrieval,2,393,1136.1445127761394,706.2119095604921,7305.711950390781,0.01596827248130624
A2,45,2,-1,M2,encoding,0,205,9093.878833724122,5145.876564971859,13103.090572656718,0.3020280197511524
A2,45,2,-1,M2,encoding,1,205,143484.30052062016,163179.7828336808,124523.86643066359,1.7431288736989203
A2,45,2,-1,M2,encoding,2,205,3730370.602467367,3539378.488983405,3819563.284455627,52.429575257905896
A2,45,2,-1,M2,maintenance,0,363,144089.58442929955,132241.60058904407,100438.90256955274,4.785536804224814
A2,45,2,-1,M2,maintenance,1,363,429565.9739274172,412890.5857678151,341367.107434991,5.2186117198506325
A2,45,2,-1,M2,maintenance,2,363,2426853.4415108343,2380799.2033419847,2639479.131940267,34.10891536284384
A2,45,2,-1,M2,retrieval,0,283,318123.525411163,333057.4125210204,261767.77447050967,10.565592545600413
A2,45,2,-1,M2,retrieval,1,283,300721.46682637266,319008.5834656852,233372.46588115185,3.65333538139115
A2,45,2,-1,M2,retrieval,2,283,1612186.1393229149,1529412.9311172415,1806714.0545002497,22.658937550460966
A2,46,2,-1,M2,encoding,0,205,4719.541431441515,13012.505106172634,5854.897355238849,0.15674650814410032
A2,46,2,-1,M2,encoding,1,205,12467.441249235644,18899.79690588256,8807.358371447028,0.1514615657868746
A2,46,2,-1,M2,encoding,2,205,10938.20783601042,27725.15488653929,12552.647434133272,0.15373421357797687
A2,46,2,-1,M2,maintenance,0,363,63874.760469004555,59627.55657868222,37280.31619728474,2.121423406807389
A2,46,2,-1,M2,maintenance,1,363,56297.04559145543,49760.68682921097,27250.758548970975,0.6839285226212451
A2,46,2,-1,M2,maintenance,2,363,177983.8413812662,178844.56244582374,117363.0614381667,2.501525505325959
A2,46,2,-1,M2,retrieval,0,318,84189.64279233222,92594.78228352798,57478.774151781094,2.796126005311186
A2,46,2,-1,M2,retrieval,1,318,46939.14178164921,49363.03206939372,29591.047037671542,0.5702433858572675
A2,46,2,-1,M2,retrieval,2,318,261995.02098737005,298459.42746989994,193709.32982726232,3.68228498824444
A2,47,2,-1,M2,encoding,0,205,3113.261772226625,250.3621528244467,3653.6998897798258,0.10339837435985527
A2,47,2,-1,M2,encoding,1,205,5660.920879545651,9904.989966431864,2797.947270907363,0.0687720858732069
A2,47,2,-1,M2,encoding,2,205,2194.879828690117,721.5604554157786,3005.3882891502953,0.030848574960421715
A2,47,2,-1,M2,maintenance,0,362,19196.959530774584,24001.31343562681,40026.968807589525,0.6375738866039471
A2,47,2,-1,M2,maintenance,1,362,35293.01332127175,44704.932397548415,63101.46671778841,0.42875959486110005
A2,47,2,-1,M2,maintenance,2,362,108422.29602795518,117086.36815681707,168180.79286022385,1.5238525967025165
A2,47,2,-1,M2,retrieval,0,288,25347.665413026683,22941.352159788858,45858.3288340124,0.8418525614856979
A2,47,2,-1,M2,retrieval,1,288,6481.3131065411735,11680.62080669267,15481.779146274519,0.07873867715493768
A2,47,2,-1,M2,retrieval,2,288,130572.12243330159,113206.16845807091,193472.59603105567,1.835163754285771
A2,48,2,-1,M2,encoding,0,205,7219.821325461677,1890.5464198896343,7986.478752983892,0.23978638573891542
A2,48,2,-1,M2,encoding,1,205,9593.300091551699,7199.776985302732,17368.080450087007,0.11654486465046462
A2,48,2,-1,M2,encoding,2,205,24253.084759993537,9072.956926932662,27626.387072403228,0.340872011970981
A2,48,2,-1,M2,maintenance,0,363,6691.517203467945,2601.6199522632855,3587.9302215457465,0.22224022631567686
A2,48,2,-1,M2,maintenance,1,363,45779.668550302216,37111.12007730811,20899.446360068156,0.5561574457195066
A2,48,2,-1,M2,maintenance,2,363,14472.589004456166,6640.991014451635,16970.69537976748,0.20340919850804925
A2,48,2,-1,M2,retrieval,0,359,19183.737152252306,25286.825450888038,9092.775327038951,0.6371347418919378
A2,48,2,-1,M2,retrieval,1,359,81432.73344131709,94283.83499537938,51063.31099040601,0.989291151789726
A2,48,2,-1,M2,retrieval,2,359,13590.875024090728,24387.210720111827,2671.825763529177,0.19101689371695393
A2,49,2,1,M2,encoding,0,205,590.4515401852424,6736.139115254813,4152.2405289818935,0.019610213936415058
A2,49,2,1,M2,encoding,1,205,25456.438055064267,74769.04329046211,51833.045583329374,0.3092592850528169
A2,49,2,1,M2,encoding,2,205,13307.945083357357,47186.7509850108,23672.50988638659,0.18704037282903366
A2,49,2,1,M2,maintenance,0,363,33671.10741028731,100727.24939682486,71350.63211853425,1.1182926537622198
A2,49,2,1,M2,maintenance,1,363,32539.694722781933,156424.2930587665,114250.19746299007,0.39531071487837244
A2,49,2,1,M2,maintenance,2,363,58977.90064228654,204834.7559739703,137984.67339885217,0.8289220052915933
A2,49,2,1,M2,retrieval,0,357,50136.062702403186,117826.15773182648,77412.98352121135,1.6651305799205696
A2,49,2,1,M2,retrieval,1,357,2800.547653839049,25342.087639975365,6973.3769839386305,0.03402264540346046
A2,49,2,1,M2,retrieval,2,357,107458.81994862395,261000.38523888556,162745.5861537705,1.5103111427844857
A2,50,2,1,M2,encoding,0,205,14291.9038984068,2317.086027000774,6870.776543887972,0.4746660376540188
A2,50,2,1,M2,encoding,1,205,159276.14029054274,81102.27950961683,103062.22566306793,1.9349771231025066
A2,50,2,1,M2,encoding,2,205,54949.20560250995,15165.2654937174,30968.807392088424,0.7722995427299887
A2,50,2,1,M2,maintenance,0,363,86273.651630625,24257.34689247296,42303.21048538385,2.8653405917469836
A2,50,2,1,M2,maintenance,1,363,489336.6820172436,255705.5883806336,309468.23551740585,5.944740269767027
A2,50,2,1,M2,maintenance,2,363,300079.84299710114,117424.35317773966,176774.7876408769,4.2175591619210255
A2,50,2,1,M2,retrieval,0,354,4265.966258816778,18722.2845254881,7244.555841360235,0.14168226397492267
A2,50,2,1,M2,retrieval,1,354,1868.9543920511026,38123.25677421125,13611.086915926844,0.022705120717666994
A2,50,2,1,M2,retrieval,2,354,13661.778770856856,52699.6420470783,21626.68641603442,0.19201343098450677
A2,51,2,-1,M2,encoding,0,205,3513.0605339768667,11274.24156358469,5313.425144265967,0.11667658385859987
A2,51,2,-1,M2,encoding,1,205,225325.38857796916,249996.62360999698,202223.00748366237,2.7373809495711474
A2,51,2,-1,M2,encoding,2,205,73240.23877682435,110487.02389129775,71211.72707713523,1.0293761719858774
A2,51,2,-1,M2,maintenance,0,362,76184.7196567928,65925.23073042497,45771.50533585722,2.530264635581779
A2,51,2,-1,M2,maintenance,1,362,432085.8694442473,412167.3127434033,341549.7734470714,5.249224843503557
A2,51,2,-1,M2,maintenance,2,362,340718.2151958846,336852.00603952445,252943.4458831687,4.788722947134654
A2,51,2,-1,M2,retrieval,0,348,103322.15916128234,115114.05785887278,75014.49797667381,3.4315595906302554
A2,51,2,-1,M2,retrieval,1,348,263016.63894754887,283538.87469890475,203565.74311328382,3.1952756918296403
A2,51,2,-1,M2,retrieval,2,348,423845.8743376686,474826.6048024106,338286.31680365343,5.957064735509511
A2,52,2,1,M2,encoding,0,205,29636.787655666674,58199.949462728735,39537.83169120613,0.9843038873831943
A2,52,2,1,M2,encoding,1,205,25882.416731246234,3255.315168793791,11357.301175461578,0.3144343162397732
A2,52,2,1,M2,encoding,2,205,8605.465030320418,40305.38446668659,21706.570351166356,0.1209480034337711
A2,52,2,1,M2,maintenance,0,362,11913.94930595209,58364.873227159886,36580.651023713246,0.3956888564369327
A2,52,2,1,M2,maintenance,1,362,286920.5094275606,107172.22509058335,147366.26969263237,3.485673503128025
A2,52,2,1,M2,maintenance,2,362,5580.1386291732615,34708.479999360454,12666.920993045016,0.07842767633175039
A2,52,2,1,M2,retrieval,0,271,1647.8548539568267,23412.68040137884,7911.548038356686,0.054728938825555865
A2,52,2,1,M2,retrieval,1,271,357105.1463055507,171989.76117471923,246569.10072056382,4.338316381743982
A2,52,2,1,M2,retrieval,2,271,1349.1291582448532,22925.044076253456,2176.3901950614563,0.01896172693620527
A2,53,2,1,M2,encoding,0,205,1419.4139894514415,3671.81187861822,1553.9668544963001,0.04714190768094276
A2,53,2,1,M2,encoding,1,205,3742.4042186412426,5423.463423851276,1841.3547166399244,0.045464854530400035
A2,53,2,1,M2,encoding,2,205,2976.181322989848,6393.825435293877,2803.5385236844227,0.041829603351383145
A2,53,2,1,M2,maintenance,0,363,22786.846024831382,223.71295778308055,3961.5489074544116,0.7568020321242632
A2,53,2,1,M2,maintenance,1,363,127530.90619879145,23647.99113818188,42894.075192656,1.5493179677323292
A2,53,2,1,M2,maintenance,2,363,47084.30550883768,1012.1992158401803,8521.360548441644,0.66176002392605
A2,53,2,1,M2,retrieval,0,344,6390.440605443439,3377.968386983545,1620.804529316412,0.2122408002888495
A2,53,2,1,M2,retrieval,1,344,17511.06049698965,11296.399398501215,5886.012619430359,0.21273432041441084
A2,53,2,1,M2,retrieval,2,344,9646.35896372314,14034.927338454123,3679.459166728502,0.1355775490292514
A2,54,2,-1,M2,encoding,0,205,30090.033390625904,49966.86180153417,34233.041018547716,0.999357190191973
A2,54,2,-1,M2,encoding,1,205,68171.33761180818,82778.20706525304,57741.84512751101,0.8281841742870173
A2,54,2,-1,M2,encoding,2,205,69353.94353626596,107763.17189665048,72154.92848172778,0.9747551086913816
A2,54,2,-1,M2,maintenance,0,362,103340.68423391363,103407.55803983872,72890.47915637608,3.4321748496528226
A2,54,2,-1,M2,maintenance,1,362,30229.009576328674,30952.72081072909,18380.316661388115,0.36723919777026176
A2,54,2,-1,M2,maintenance,2,362,177304.54982467217,188296.1904722137,124680.52046413261,2.491978205182389
A2,54,2,-1,M2,retrieval,0,334,95212.06918309406,105696.95187243012,67415.34543506974,3.1622053952530154
A2,54,2,-1,M2,retrieval,1,334,8369.710578488217,11666.148293853124,873.0271022815613,0.1016800034633019
A2,54,2,-1,M2,retrieval,2,334,204938.05657090782,241452.79165340183,147618.3416938647,2.880361338116507
A2,55,2,-1,M2,encoding,0,205,2789.699109884392,4381.144807494597,6335.68505015512,0.09265213593294461
A2,55,2,-1,M2,encoding,1,205,79568.97858397487,94605.20444233729,67089.09632496242,0.9666491979763683
A2,55,2,-1,M2,encoding,2,205,31241.1943204242,54242.39914099738,27154.813180310237,0.4390884239989856
A2,55,2,-1,M2,maintenance,0,363,176360.88620843395,165260.2167241486,128037.13928127843,5.857338787664292
A2,55,2,-1,M2,maintenance,1,363,245954.6525848809,235998.56634000325,183225.88897320855,2.9879969793606773
A2,55,2,-1,M2,maintenance,2,363,260996.77706836726,263537.8737837998,187018.4879821432,3.668254879642767
A2,55,2,-1,M2,retrieval,0,299,295306.33829441946,310572.2882657865,241890.95354674643,9.807782818071926
A2,55,2,-1,M2,retrieval,1,299,46715.659132029316,51823.65987354064,22240.917452705784,0.5675283915484151
A2,55,2,-1,M2,retrieval,2,299,321942.9049336763,362045.2640767682,244258.6331553926,4.524839905130225
A2,56,2,1,M2,encoding,0,205,3892.688567620814,17282.865140235524,10498.892001442882,0.129284878442238
A2,56,2,1,M2,encoding,1,205,36305.607640977185,93485.79186153713,69544.09059435295,0.44106116645895177
A2,56,2,1,M2,encoding,2,205,8429.324783024535,39087.01231239481,24232.15825632143,0.11847238925607052
A2,56,2,1,M2,maintenance,0,362,6358.936047246884,44447.89935774492,25683.663600462318,0.21119446357167732
A2,56,2,1,M2,maintenance,1,362,77560.48296806203,239984.24581152588,186549.7045166594,0.9422488511224473
A2,56,2,1,M2,maintenance,2,362,16578.738782686993,107049.54134063364,61228.82958603144,0.23301069124690402
A2,56,2,1,M2,retrieval,0,345,10709.86443741577,48959.688230168125,24283.76294034042,0.35569850962169786
A2,56,2,1,M2,retrieval,1,345,35014.0501052062,135194.45678813872,81866.80185463761,0.4253705910825725
A2,56,2,1,M2,retrieval,2,345,35999.099308969126,136239.60574031627,68539.72064154343,0.5059597792208732
A2,57,2,1,M2,encoding,0,205,13902.4647425725,2257.5006656671867,7102.647954793058,0.4617318937973841
A2,57,2,1,M2,encoding,1,205,34058.52337808515,4708.561692911166,12070.432786831414,0.41376230905037625
A2,57,2,1,M2,encoding,2,205,43727.41565364979,9236.056656707618,24336.40340345844,0.6145796421219839
A2,57,2,1,M2,maintenance,0,363,40860.83982773264,4269.024809961145,13039.590264015054,1.3570797196871354
A2,57,2,1,M2,maintenance,1,363,100751.62862158312,11680.535340887682,26782.000260900102,1.2239880759444712
A2,57,2,1,M2,maintenance,2,363,101328.26320154103,12970.785555973367,36308.31074824763,1.4241474554201659
A2,57,2,1,M2,retrieval,0,347,10776.607212591776,571.5377986099131,2798.1564926632,0.35791518620027185
A2,57,2,1,M2,retrieval,1,347,33357.82948409314,456.2004334065336,7126.069266572019,0.40524988118328387
A2,57,2,1,M2,retrieval,2,347,22725.396794382053,1385.8872411376713,6406.132435627866,0.3194006785032963
A2,44,2,-1,M3,encoding,0,205,4026.7013294720623,1500.209425520705,5422.930952222205,0.13373574147036782
A2,44,2,-1,M3,encoding,1,205,5364.977424959191,3668.5534049648854,9806.824827870152,0.06517679650147712
A2,44,2,-1,M3,encoding,2,205,4759.449471679901,4310.073846927361,7644.993587419495,0.06689306260793285
A2,44,2,-1,M3,maintenance,0,363,5356.830114624187,7774.983812103517,14699.64493018108,0.1779122881716156
A2,44,2,-1,M3,maintenance,1,363,6530.917696444282,6313.271502667663,1843.2884586438547,0.079341301920256
A2,44,2,-1,M3,maintenance,2,363,7527.462590757175,12818.728571584756,7452.0655872425905,0.10579690557880089
A2,44,2,-1,M3,retrieval,0,393,7826.823026127203,6061.536260768631,20045.64479270568,0.2599462674560234
A2,44,2,-1,M3,retrieval,1,393,2248.4583089695398,5507.344910429927,1155.5570361559426,0.027315550101662887
A2,44,2,-1,M3,retrieval,2,393,1174.0473159060473,706.2119095604921,7305.711950390781,0.01650098841785975
A2,45,2,-1,M3,encoding,0,205,10448.876726827144,5145.876564971859,13103.090572656718,0.34703052505210474
A2,45,2,-1,M3,encoding,1,205,146337.40812535124,163179.7828336808,124523.86643066359,1.777790047273531
A2,45,2,-1,M3,encoding,2,205,3738283.6712178295,3539378.488983405,3819563.284455627,52.540791777063255
A2,45,2,-1,M3,maintenance,0,363,137648.1997600236,132241.60058904407,100438.90256955274,4.571604037834508
A2,45,2,-1,M3,maintenance,1,363,423416.4869377267,412890.5857678151,341367.107434991,5.143904255052942
A2,45,2,-1,M3,maintenance,2,363,2445854.5764750503,2380799.2033419847,2639479.131940267,34.375972323600784
A2,45,2,-1,M3,retrieval,0,283,332196.18181336997,333057.4125210204,261767.77447050967,11.032976884397057
A2,45,2,-1,M3,retrieval,1,283,311011.5968548824,319008.5834656852,233372.46588115185,3.7783457323614575
A2,45,2,-1,M3,retrieval,2,283,1581971.7662272213,1529412.9311172415,1806714.0545002497,22.23428088309303
A2,46,2,-1,M3,encoding,0,205,5888.353643414701,13012.505106172634,5854.897355238849,0.1955653712824669
A2,46,2,-1,M3,encoding,1,205,13866.131520346884,18899.79690588256,8807.358371447028,0.1684536505521719
A2,46,2,-1,M3,encoding,2,205,13343.833988548384,27725.15488653929,12552.647434133272,0.18754478385307305
A2,46,2,-1,M3,maintenance,0,363,59823.76209209394,59627.55657868222,37280.31619728474,1.9868807061441562
A2,46,2,-1,M3,maintenance,1,363,53999.87172443894,49760.68682921097,27250.758548970975,0.6560211482187921
A2,46,2,-1,M3,maintenance,2,363,170994.0922327918,178844.56244582374,117363.0614381667,2.4032860492323933
A2,46,2,-1,M3,retrieval,0,318,91008.93233686041,92594.78228352798,57478.774151781094,3.0226098363476877
A2,46,2,-1,M3,retrieval,1,318,50636.383801765085,49363.03206939372,29591.047037671542,0.6151595843189294
A2,46,2,-1,M3,retrieval,2,318,272813.1735839968,298459.42746989994,193709.32982726232,3.834331850650334
A2,47,2,-1,M3,encoding,0,205,2555.9084035729506,250.3621528244467,3653.6998897798258,0.08488742459749007
A2,47,2,-1,M3,encoding,1,205,6134.799996316867,9904.989966431864,2797.947270907363,0.07452903885056862
A2,47,2,-1,M3,encoding,2,205,1285.2417622037738,721.5604554157786,3005.3882891502953,0.018063803004317137
A2,47,2,-1,M3,maintenance,0,362,21507.94905780523,24001.31343562681,40026.968807589525,0.7143270084870194
A2,47,2,-1,M3,maintenance,1,362,37990.06865243293,44704.932397548415,63101.46671778841,0.4615249566787508
A2,47,2,-1,M3,maintenance,2,362,114032.74576118757,117086.36815681707,168180.79286022385,1.6027062892350075
A2,47,2,-1,M3,retrieval,0,288,21641.58327035319,22941.352159788858,45858.3288340124,0.718765299047609
A2,47,2,-1,M3,retrieval,1,288,7243.360445592442,11680.62080669267,15481.779146274519,0.08799646156065949
A2,47,2,-1,M3,retrieval,2,288,122662.43700540585,113206.16845807091,193472.59603105567,1.723994787016427
A2,48,2,-1,M3,encoding,0,205,6464.842060955678,1890.5464198896343,7986.478752983892,0.2147118387407399
A2,48,2,-1,M3,encoding,1,205,10485.46084393217,7199.776985302732,17368.080450087007,0.12738334078905694
A2,48,2,-1,M3,encoding,2,205,22368.715538944904,9072.956926932662,27626.387072403228,0.31438759837858765
A2,48,2,-1,M3,maintenance,0,363,6118.8421249467365,2601.6199522632855,3587.9302215457465,0.20322040836020006
A2,48,2,-1,M3,maintenance,1,363,43141.807066582725,37111.12007730811,20899.446360068156,0.5241112044205927
A2,48,2,-1,M3,maintenance,2,363,14272.707833237946,6640.991014451635,16970.69537976748,0.20059991063137222
A2,48,2,-1,M3,retrieval,0,359,21502.727184562722,25286.825450888038,9092.775327038951,0.7141535784178857
A2,48,2,-1,M3,retrieval,1,359,85689.88064863184,94283.83499537938,51063.31099040601,1.0410093968502065
A2,48,2,-1,M3,retrieval,2,359,15135.06763673527,24387.210720111827,2671.825763529177,0.21272019653190735
A2,49,2,1,M3,encoding,0,205,1506.7511886377445,6736.139115254813,4152.2405289818935,0.05004257106157069
A2,49,2,1,M3,encoding,1,205,27099.198715885017,74769.04329046211,51833.045583329374,0.32921647570059676
A2,49,2,1,M3,encoding,2,205,13622.66141009254,47186.7509850108,23672.50988638659,0.19146364469551796
A2,49,2,1,M3,maintenance,0,363,35252.1239302046,100727.24939682486,71350.63211853425,1.170801742285992
A2,49,2,1,M3,maintenance,1,363,40321.85148886354,156424.2930587665,114250.19746299007,0.48985278052170605
A2,49,2,1,M3,maintenance,2,363,62022.55139520237,204834.7559739703,137984.67339885217,0.8717139320986662
A2,49,2,1,M3,retrieval,0,357,39606.27018865119,117826.15773182648,77412.98352121135,1.3154126609259718
A2,49,2,1,M3,retrieval,1,357,6164.002352913188,25342.087639975365,6973.3769839386305,0.07488380568414135
A2,49,2,1,M3,retrieval,2,357,89380.54814876788,261000.38523888556,162745.5861537705,1.2562248299563423
A2,50,2,1,M3,encoding,0,205,11014.329835610773,2317.086027000774,6870.776543887972,0.3658104852682795
A2,50,2,1,M3,encoding,1,205,148106.40060960257,81102.27950961683,103062.22566306793,1.7992807738928638
A2,50,2,1,M3,encoding,2,205,47422.40625450733,15165.2654937174,30968.807392088424,0.6665119588887896
A2,50,2,1,M3,maintenance,0,363,80909.17760399485,24257.34689247296,42303.21048538385,2.6871744321912727
A2,50,2,1,M3,maintenance,1,363,467474.63501690334,255705.5883806336,309468.23551740585,5.679147691163074
A2,50,2,1,M3,maintenance,2,363,289147.7766693972,117424.35317773966,176774.7876408769,4.06391126595228
A2,50,2,1,M3,retrieval,0,354,4798.050456320688,18722.2845254881,7244.555841360235,0.15935396814553743
A2,50,2,1,M3,retrieval,1,354,2562.0396062084988,38123.25677421125,13611.086915926844,0.031125114015525635
A2,50,2,1,M3,retrieval,2,354,14583.06090843627,52699.6420470783,21626.68641603442,0.2049618579140016
A2,51,2,-1,M3,encoding,0,205,5096.176741438771,11274.24156358469,5313.425144265967,0.16925540769365013
A2,51,2,-1,M3,encoding,1,205,229083.81266098496,249996.62360999698,202223.00748366237,2.7830404225235115
A2,51,2,-1,M3,encoding,2,205,77114.49558995267,110487.02389129775,71211.72707713523,1.0838280377115008
A2,51,2,-1,M3,maintenance,0,362,71534.42837141744,65925.23073042497,45771.50533585722,2.375818079401661
A2,51,2,-1,M3,maintenance,1,362,425327.1019315138,412167.3127434033,341549.7734470714,5.167115492450403
A2,51,2,-1,M3,maintenance,2,362,330602.63078222814,336852.00603952445,252943.4458831687,4.64655053296682
A2,51,2,-1,M3,retrieval,0,348,109247.44200770603,115114.05785887278,75014.49797667381,3.628351463195589
A2,51,2,-1,M3,retrieval,1,348,270176.67947165965,283538.87469890475,203565.74311328382,3.2822599356050643
A2,51,2,-1,M3,retrieval,2,348,432605.0759384526,474826.6048024106,338286.31680365343,6.080173474148969
A2,52,2,1,M3,encoding,0,205,31679.99933617275,58199.949462728735,39537.83169120613,1.0521635091220687
A2,52,2,1,M3,encoding,1,205,24962.631147930013,3255.315168793791,11357.301175461578,0.30326023794637774
A2,52,2,1,M3,encoding,2,205,10452.972414126847,40305.38446668659,21706.570351166356,0.14691433164650886
A2,52,2,1,M3,maintenance,0,362,14447.74049112317,58364.873227159886,36580.651023713246,0.4798417188307186
A2,52,2,1,M3,maintenance,1,362,279056.6074623677,107172.22509058335,147366.26969263237,3.3901383503222613
A2,52,2,1,M3,maintenance,2,362,5960.751489398426,34708.479999360454,12666.920993045016,0.08377711013495029
A2,52,2,1,M3,retrieval,0,271,599.8108022017345,23412.68040137884,7911.548038356686,0.019921055924180545
A2,52,2,1,M3,retrieval,1,271,399789.8592482126,171989.76117471923,246569.10072056382,4.856874546824985
A2,52,2,1,M3,retrieval,2,271,4167.094214974325,22925.044076253456,2176.3901950614563,0.05856763389843165
A2,53,2,1,M3,encoding,0,205,929.9805472225358,3671.81187861822,1553.9668544963001,0.030886730318320024
A2,53,2,1,M3,encoding,1,205,2625.2600160659235,5423.463423851276,1841.3547166399244,0.031893151504154706
A2,53,2,1,M3,encoding,2,205,2038.288009734808,6393.825435293877,2803.5385236844227,0.02864770983692449
A2,53,2,1,M3,maintenance,0,363,20688.09505046712,223.71295778308055,3961.5489074544116,0.6870978264351214
A2,53,2,1,M3,maintenance,1,363,121849.78800387547,23647.99113818188,42894.075192656,1.4803005133869938
A2,53,2,1,M3,maintenance,2,363,45477.314926887404,1012.1992158401803,8521.360548441644,0.639174108843141
A2,53,2,1,M3,retrieval,0,344,11116.686904588914,3377.968386983545,1620.804529316412,0.36920999205919414
A2,53,2,1,M3,retrieval,1,344,26655.180159246258,11296.399398501215,5886.012619430359,0.32382228578764605
A2,53,2,1,M3,retrieval,2,344,16324.162663658453,14034.927338454123,3679.459166728502,0.2294326773673597
A2,54,2,-1,M3,encoding,0,205,34597.404508016705,49966.86180153417,34233.041018547716,1.1490570484989242
A2,54,2,-1,M3,encoding,1,205,71344.44219016086,82778.20706525304,57741.84512751101,0.8667328530603993
A2,54,2,-1,M3,encoding,2,205,76118.53882652316,107763.17189665048,72154.92848172778,1.0698300746009966
A2,54,2,-1,M3,maintenance,0,362,98972.52096568196,103407.55803983872,72890.47915637608,3.2870983948224404
A2,54,2,-1,M3,maintenance,1,362,30336.382993293068,30952.72081072909,18380.316661388115,0.36854363109641114
A2,54,2,-1,M3,maintenance,2,362,172163.0521880612,188296.1904722137,124680.52046413261,2.419715535865099
A2,54,2,-1,M3,retrieval,0,334,101467.76718871848,105696.95187243012,67415.34543506974,3.369971092965334
A2,54,2,-1,M3,retrieval,1,334,9815.44729374436,11666.148293853124,873.0271022815613,0.11924363518458177
A2,54,2,-1,M3,retrieval,2,334,212021.7078217041,241452.79165340183,147618.3416938647,2.979920568534186
A2,55,2,-1,M3,encoding,0,205,4572.072157551498,4381.144807494597,6335.68505015512,0.15184872430713425
A2,55,2,-1,M3,encoding,1,205,82496.35679417351,94605.20444233729,67089.09632496242,1.0022126530994668
A2,55,2,-1,M3,encoding,2,205,31870.24734591254,54242.39914099738,27154.813180310237,0.4479296321404072
A2,55,2,-1,M3,maintenance,0,363,169150.75855851176,165260.2167241486,128037.13928127843,5.617874350532878
A2,55,2,-1,M3,maintenance,1,363,241655.21435683948,235998.56634000325,183225.88897320855,2.935764958932025
A2,55,2,-1,M3,maintenance,2,363,252302.7807520097,263537.8737837998,187018.4879821432,3.546062587579633
A2,55,2,-1,M3,retrieval,0,299,308196.2841951113,310572.2882657865,241890.95354674643,10.23588670050414
A2,55,2,-1,M3,retrieval,1,299,50090.09707457315,51823.65987354064,22240.917452705784,0.608522982516282
A2,55,2,-1,M3,retrieval,2,299,334047.4113510881,362045.2640767682,244258.6331553926,4.694966200290212
A2,56,2,1,M3,encoding,0,205,5644.999572859598,17282.865140235524,10498.892001442882,0.18748303926858842
A2,56,2,1,M3,encoding,1,205,39659.027464561506,93485.79186153713,69544.09059435295,0.4818004173659464
A2,56,2,1,M3,encoding,2,205,11900.38947004705,39087.01231239481,24232.15825632143,0.16725747433928875
A2,56,2,1,M3,maintenance,0,362,7903.155940688762,44447.89935774492,25683.663600462318,0.2624814539752636
A2,56,2,1,M3,maintenance,1,362,84737.92098061394,239984.24581152588,186549.7045166594,1.0294444494803694
A2,56,2,1,M3,maintenance,2,362,19147.088502566887,107049.54134063364,61228.82958603144,0.2691083070811051
A2,56,2,1,M3,retrieval,0,345,5768.415685653983,48959.688230168125,24283.76294034042,0.19158196392265803
A2,56,2,1,M3,retrieval,1,345,22829.107551882917,135194.45678813872,81866.80185463761,0.2773409800938214
A2,56,2,1,M3,retrieval,2,345,25071.963383508988,136239.60574031627,68539.72064154343,0.35238117902003935
A2,57,2,1,M3,encoding,0,205,10739.63789347438,2257.5006656671867,7102.647954793058,0.35668735257187906
A2,57,2,1,M3,encoding,1,205,29489.69482287691,4708.561692911166,12070.432786831414,0.35825758174106975
A2,57,2,1,M3,encoding,2,205,37400.62981733933,9236.056656707618,24336.40340345844,0.525657996126251
A2,57,2,1,M3,maintenance,0,363,37382.90904164587,4269.024809961145,13039.590264015054,1.241569873189304
A2,57,2,1,M3,maintenance,1,363,93655.49551638032,11680.535340887682,26782.000260900102,1.1377802158342831
A2,57,2,1,M3,maintenance,2,363,95584.91286678232,12970.785555973367,36308.31074824763,1.3434258728488309
A2,57,2,1,M3,retrieval,0,347,17199.513420979856,571.5377986099131,2798.1564926632,0.5712342416480788
A2,57,2,1,M3,retrieval,1,347,48003.33233094955,456.2004334065336,7126.069266572019,0.5831717777919403
A2,57,2,1,M3,retrieval,2,347,33625.37196508382,1385.8872411376713,6406.132435627866,0.4725975400010845
A2,64,3,-1,M0,encoding,0,205,28820.56436718789,38321.99289156489,23672.781390439424,0.7861602298119892
A2,64,3,-1,M0,encoding,1,205,6364.504137178411,15114.471152148133,5046.743698196425,0.06646814264344703
A2,64,3,-1,M0,encoding,2,205,50780.05150879388,68808.66202676042,49936.55696853626,0.39754787633822253
A2,64,3,-1,M0,maintenance,0,363,8459.175267391,8751.610271866475,13772.76799042736,0.2307472916735561
A2,64,3,-1,M0,maintenance,1,363,64660.78829634532,65959.89834647437,108584.8426015872,0.6752894502515949
A2,64,3,-1,M0,maintenance,2,363,19949.274341277847,20999.94360194847,34629.3677643996,0.15617927538908036
A2,64,3,-1,M0,retrieval,0,319,15127.00819407585,21432.68229717769,2584.502560556375,0.41263078983150653
A2,64,3,-1,M0,retrieval,1,319,15565.472386931908,27957.188526153797,2900.390937863438,0.16255909598416896
A2,64,3,-1,M0,retrieval,2,319,23618.461747002966,33321.03275884048,4797.111576825919,0.18490468266402893
A2,65,3,1,M0,encoding,0,205,12164.314640713936,4920.179648731447,10829.41915840219,0.33181516751755796
A2,65,3,1,M0,encoding,1,205,41104.673031815226,15971.852549387057,36630.65392943065,0.42927951832586836
A2,65,3,1,M0,encoding,2,205,22814.932256982247,8585.236120741973,13228.606783802788,0.17861399502505415
A2,65,3,1,M0,maintenance,0,362,16484.368288100086,15772.363999704701,3355.41463766525,0.44965652291085617
A2,65,3,1,M0,maintenance,1,362,52752.375793889754,51011.200356890084,18591.485914128258,0.5509231141145058
A2,65,3,1,M0,maintenance,2,362,60647.059822154384,58751.54232688558,28507.54548381301,0.47479490709613265
A2,65,3,1,M0,retrieval,0,298,45576.76773166836,60872.16634486633,18873.09942737092,1.2432318027335063
A2,65,3,1,M0,retrieval,1,298,68779.95132537956,95327.35198024828,34063.02211105032,0.7183082165033271
A2,65,3,1,M0,retrieval,2,298,143270.1159938382,181928.1168580305,85454.9742959355,1.1216359311139663
A2,66,3,-1,M0,encoding,0,205,10440.852535650307,4761.450701366997,12304.058541557397,0.28480299428851297
A2,66,3,-1,M0,encoding,1,205,24374.874065762288,9445.759612326241,27862.360354267083,0.2545606965442889
A2,66,3,-1,M0,encoding,2,205,16011.442392761393,6430.629771729938,13641.436606182451,0.125350698379102
A2,66,3,-1,M0,maintenance,0,363,26081.364994121555,27205.648691994953,55747.82982827322,0.7114410264960963
A2,66,3,-1,M0,maintenance,1,363,2209.235672133464,2254.232280747365,12748.693117840428,0.023072306753729163
A2,66,3,-1,M0,maintenance,2,363,35031.09557622115,36828.93261709955,69796.21175566035,0.2742521371746991
A2,66,3,-1,M0,retrieval,0,305,19209.212546874816,8741.221241127862,40534.24754628241,0.5239841509679621
A2,66,3,-1,M0,retrieval,1,305,8292.540872011123,12827.315953591884,941.0701545489087,0.0866037286923361
A2,66,3,-1,M0,retrieval,2,305,27991.774355162735,10705.42028427268,54772.60477463376,0.2191425593159659
A2,67,3,1,M0,encoding,0,205,37936.23530004117,51146.05192415566,35139.492839160055,1.0348152479497081
A2,67,3,1,M0,encoding,1,205,68334.72129801248,107776.41793793645,67072.29111810097,0.7136584256743277
A2,67,3,1,M0,encoding,2,205,64289.54601336111,94498.63855851564,73088.41699983506,0.5033112753722611
A2,67,3,1,M0,maintenance,0,362,147475.8041603784,145304.81598002903,94510.84722404687,4.022808527040082
A2,67,3,1,M0,maintenance,1,362,85404.21034426254,84139.00402537317,42757.98551653447,0.8919248244891613
A2,67,3,1,M0,maintenance,2,362,229556.8985691875,226049.4570901503,160085.01405974178,1.797159609205305
A2,67,3,1,M0,retrieval,0,297,49862.5296242918,41562.88009349046,73809.92592545692,1.3601377561179662
A2,67,3,1,M0,retrieval,1,297,425257.43729009945,355801.70864806033,513963.3860362212,4.441205692187093
A2,67,3,1,M0,retrieval,2,297,161378.74077392783,121531.12779417488,204182.07170175933,1.2634050926415727
A2,69,3,-1,M0,encoding,0,205,499.8047832374033,410.39797222016426,1353.692057209655,0.013633551315823432
A2,69,3,-1,M0,encoding,1,205,2368.359082047037,1299.208220386894,5367.537574121426,0.024734123178085515
A2,69,3,-1,M0,encoding,2,205,2300.139964408622,202.6564180745344,1490.511131893137,0.018007381461063857
A2,69,3,-1,M0,maintenance,0,363,252.87821173778613,288.73200106519676,6212.777464623594,0.006897949343440306
A2,69,3,-1,M0,maintenance,1,363,628.320318106412,575.3703853591767,7590.4499923642625,0.006561907044055752
A2,69,3,-1,M0,maintenance,2,363,3416.3708260982944,3966.110118264426,18433.242982067404,0.02674615181246978
A2,69,3,-1,M0,retrieval,0,370,7101.966637561688,8495.255990965557,1950.0128663738599,0.1937256901970707
A2,69,3,-1,M0,retrieval,1,370,15500.295201156676,20182.179008969855,1848.583307838298,0.16187841350084714
A2,69,3,-1,M0,retrieval,2,370,10313.224464291641,8572.870263632605,7245.951500303628,0.08074037662739522
A2,70,3,-1,M0,encoding,0,205,9636.729363808736,12879.551622589173,6879.812963130296,0.26286832120168624
A2,70,3,-1,M0,encoding,1,205,6219.493495701743,10905.16815441931,3227.0524460460706,0.06495371390010077
A2,70,3,-1,M0,encoding,2,205,22286.263254693647,29599.159929357196,20138.406219162185,0.17447514063438296
A2,70,3,-1,M0,maintenance,0,362,45182.325916768365,46467.93728781191,70807.5169203678,1.2324723164202442
A2,70,3,-1,M0,maintenance,1,362,195165.69236681747,199002.33357571633,278075.28330489463,2.0382265137619595
A2,70,3,-1,M0,maintenance,2,362,110118.24995340173,112865.84758160144,147723.12672270185,0.8620959434725125
A2,70,3,-1,M0,retrieval,0,316,35978.31101525919,21885.38250658854,61076.35215374326,0.9814074733458528
A2,70,3,-1,M0,retrieval,1,316,10406.583545337999,5712.069083282928,24973.586788118897,0.10868188072686683
A2,70,3,-1,M0,retrieval,2,316,35484.714839997476,20000.889669699307,54282.88523463142,0.2778034406811392
A2,71,3,1,M0,encoding,0,205,1566.3624629988017,1915.273874323869,1295.6746455686998,0.04272684803084457
A2,71,3,1,M0,encoding,1,205,20068.14688183761,3582.846046593767,16915.5420549702,0.20958309096535305
A2,71,3,1,M0,encoding,2,205,5979.043029277415,1411.977808622728,1906.7898003522046,0.04680885088138319
A2,71,3,1,M0,maintenance,0,363,1380.3090232068569,1624.0428722047247,12770.831787684769,0.0376517282961779
A2,71,3,1,M0,maintenance,1,363,17557.4317237475,18371.282899506274,52724.0396408845,0.18336226218308396
A2,71,3,1,M0,maintenance,2,363,1729.5820534979257,2053.126941230342,13783.145444356844,0.013540586350168008
A2,71,3,1,M0,retrieval,0,290,28588.34308765889,15349.572505702272,54764.713122807705,0.7798257551585503
A2,71,3,1,M0,retrieval,1,290,58476.43447949628,32806.5130376707,93382.87478781055,0.6107027200372744
A2,71,3,1,M0,retrieval,2,290,93844.07373004565,59370.701175848524,142094.04465185906,0.7346883492594819
A2,72,3,1,M0,encoding,0,205,29650.82385645944,44511.88092934334,28073.7139072851,0.8088078429042718
A2,72,3,1,M0,encoding,1,205,22119.93836134528,46951.96481842208,20307.510060814377,0.23101111831753357
A2,72,3,1,M0,encoding,2,205,56597.32716771525,91401.71309908807,68958.7657656376,0.4430902796159691
A2,72,3,1,M0,maintenance,0,362,164350.11456624357,161955.44055700043,107994.37097665384,4.483101794638164
A2,72,3,1,M0,maintenance,1,362,39238.80482490451,38223.4569904766,11883.74884273506,0.409793193632269
A2,72,3,1,M0,maintenance,2,362,261062.38182924816,257115.4441940999,186341.4254289081,2.043810362619321
A2,72,3,1,M0,retrieval,0,272,113035.89643827487,141256.74050937308,70157.97022452824,3.083365238402135
A2,72,3,1,M0,retrieval,1,272,3473.039612929458,3029.0364855744406,6733.313884658978,0.03627093131262837
A2,72,3,1,M0,retrieval,2,272,189308.71414973043,239954.96702174642,125848.95151379649,1.482063823222233
A2,73,3,1,M0,encoding,0,205,5771.178934990567,2230.0494443687917,3977.3525333616494,0.1574247922425743
A2,73,3,1,M0,encoding,1,205,20213.018663122013,3164.681019687343,15431.52143306196,0.21109606951260104
A2,73,3,1,M0,encoding,2,205,17304.27035067778,4207.867960304774,7772.057744096188,0.13547201558673289
A2,73,3,1,M0,maintenance,0,362,1232.7265574476905,1469.742177478671,10662.704542707837,0.03362601028041487
A2,73,3,1,M0,maintenance,1,362,3470.757305809394,3600.7157342877003,16893.740529847553,0.03624709587911416
A2,73,3,1,M0,maintenance,2,362,2875.8050769936444,3146.2651097450357,12383.91971240549,0.02251415993391648
A2,73,3,1,M0,retrieval,0,351,2299.354303808309,1803.4962945456361,5676.840228445313,0.06272121825480771
A2,73,3,1,M0,retrieval,1,351,6877.806648164334,11848.61122917742,487.77247504305825,0.07182885320063703
A2,73,3,1,M0,retrieval,2,351,6316.962677948408,9853.14267783123,1906.8971722845924,0.04945436294193805
A2,74,3,1,M0,encoding,0,205,6700.645327377854,8582.003812860636,4827.075635516411,0.1827785467121995
A2,74,3,1,M0,encoding,1,205,12300.06540524827,21495.38308437549,9352.333643990853,0.1284565905305895
A2,74,3,1,M0,encoding,2,205,12457.378200119589,14683.183141169411,9636.886928904456,0.09752657000243445
A2,74,3,1,M0,maintenance,0,362,12490.080745097634,12171.74969612104,3941.29499386789,0.3407013347773087
A2,74,3,1,M0,maintenance,1,362,41215.72604082621,40178.13782780476,11893.089022528236,0.43043930816728054
A2,74,3,1,M0,maintenance,2,362,20842.99687921788,20499.411459124083,9172.208617376002,0.16317606815389546
A2,74,3,1,M0,retrieval,0,340,19072.816911638212,25216.96859350441,3202.06911020725,0.5202635845495945
A2,74,3,1,M0,retrieval,1,340,33926.06708277989,47044.46843674227,8580.3431194122,0.3543092466570509
A2,74,3,1,M0,retrieval,2,340,7754.312618834511,11425.584190305186,1040.4214226586735,0.06070711672174046
A2,75,3,-1,M0,encoding,0,205,3108.3004685094456,4848.454317157759,1406.678525335238,0.08478745174852141
A2,75,3,-1,M0,encoding,1,205,3902.0591037637782,2102.329259934788,3474.316603765555,0.040751426273267485
A2,75,3,-1,M0,encoding,2,205,9767.079890245941,16063.737718516102,8174.906707328716,0.07646470913328264
A2,75,3,-1,M0,maintenance,0,362,1090.816611911334,1250.325842347413,8319.461208295457,0.029755025868933874
A2,75,3,-1,M0,maintenance,1,362,434.1702348031847,378.85912733338193,7015.77258672107,0.004534287114350256
A2,75,3,-1,M0,maintenance,2,362,51891.900508171886,49922.83469114297,22680.17794990209,0.40625234187888787
A2,75,3,-1,M0,retrieval,0,302,69682.77240688168,60247.99191545881,114657.03922771021,1.900789438797373
A2,75,3,-1,M0,retrieval,1,302,235639.58868145375,227219.25870968096,315802.6626740479,2.460918471468816
A2,75,3,-1,M0,retrieval,2,302,64412.520681543414,86892.33649265915,80732.44156298348,0.504274021898243
A2,76,3,-1,M0,encoding,0,205,5765.264675889847,1901.7704972168613,7597.088839525143,0.15726346454494317
A2,76,3,-1,M0,encoding,1,205,13391.399177738356,3318.0897343662846,17045.49994253356,0.1398540108634233
A2,76,3,-1,M0,encoding,2,205,5352.888246948133,848.5671536901724,4492.763539698818,0.04190679787872091
A2,76,3,-1,M0,maintenance,0,363,2338.938902287248,2656.7147262551657,15332.069032340109,0.06380099714604444
A2,76,3,-1,M0,maintenance,1,363,568.5106595696991,659.9309722655956,12227.976809791728,0.005937280705634277
A2,76,3,-1,M0,maintenance,2,363,4997.634114228207,5645.72934743392,22321.644469711668,0.039125577264978006
A2,76,3,-1,M0,retrieval,0,380,7954.390582382245,2375.631315583311,22909.873589486564,0.21697789982834098
A2,76,3,-1,M0,retrieval,1,380,10892.678557284831,8249.273088009966,8276.868510235821,0.11375844787113366
A2,76,3,-1,M0,retrieval,2,380,12813.93010721414,3304.0153338483833,28842.21376538436,0.1003179506579904
A2,77,3,-1,M0,encoding,0,205,4295.076735855175,5359.340363415502,2786.64964089776,0.11716004137532779
A2,77,3,-1,M0,encoding,1,205,6870.966600858057,947.9806018581103,8423.471952447368,0.0717574186897557
A2,77,3,-1,M0,encoding,2,205,6334.728621362689,7679.297317674688,4436.943744669707,0.049593449312779356
A2,77,3,-1,M0,maintenance,0,362,6382.271480506152,6457.45717081889,8147.1428910096165,0.17409402362535314
A2,77,3,-1,M0,maintenance,1,362,16718.321053468026,17851.514727098758,48360.376575769485,0.1745989514013424
A2,77,3,-1,M0,maintenance,2,362,11584.674162434969,11956.747460623525,16052.534435215772,0.09069432729009236
A2,77,3,-1,M0,retrieval,0,299,6500.584574760314,1643.317412643086,21865.487803337117,0.1773213389611526
A2,77,3,-1,M0,retrieval,1,299,73743.3199113033,50187.40906472768,120941.71409593456,0.7701435023402913
A2,77,3,-1,M0,retrieval,2,299,31991.94436137128,15996.398497869712,66869.6932099559,0.25045916975076754
A2,64,3,-1,M1,encoding,0,205,20744.752805850563,38321.99289156489,23672.781390439424,0.5658702385373056
A2,64,3,-1,M1,encoding,1,205,13054.075358234128,15114.471152148133,5046.743698196425,0.13633114603867366
A2,64,3,-1,M1,encoding,2,205,38431.16067876791,68808.66202676042,49936.55696853626,0.30087063441460615
A2,64,3,-1,M1,maintenance,0,363,6597.036517692836,8751.610271866475,13772.76799042736,0.1799523312156961
A2,64,3,-1,M1,maintenance,1,363,94192.35134730734,65959.89834647437,108584.8426015872,0.9837043876995756
A2,64,3,-1,M1,maintenance,2,363,22856.42967774622,20999.94360194847,34629.3677643996,0.17893887085735566
A2,64,3,-1,M1,retrieval,0,319,7371.0702552354505,21432.68229717769,2584.502560556375,0.20106623215240113
A2,64,3,-1,M1,retrieval,1,319,10687.565342798542,27957.188526153797,2900.390937863438,0.11161633371664828
A2,64,3,-1,M1,retrieval,2,319,9804.453678950014,33321.03275884048,4797.111576825919,0.07675730179297
A2,65,3,1,M1,encoding,0,205,11703.747526528841,4920.179648731447,10829.41915840219,0.31925193163783916
A2,65,3,1,M1,encoding,1,205,43046.433747986186,15971.852549387057,36630.65392943065,0.4495584317305992
A2,65,3,1,M1,encoding,2,205,19658.45002598517,8585.236120741973,13228.606783802788,0.15390246421034215
A2,65,3,1,M1,maintenance,0,362,7948.014943503766,15772.363999704701,3355.41463766525,0.21680398672719406
A2,65,3,1,M1,maintenance,1,362,33914.7099627244,51011.200356890084,18591.485914128258,0.35419063778201576
A2,65,3,1,M1,maintenance,2,362,35051.68675070401,58751.54232688558,28507.54548381301,0.27441334177067217
A2,65,3,1,M1,retrieval,0,298,33197.33972924662,60872.16634486633,18873.09942737092,0.9055488261154301
A2,65,3,1,M1,retrieval,1,298,53483.95820594442,95327.35198024828,34063.02211105032,0.5585634460353904
A2,65,3,1,M1,retrieval,2,298,111930.38239673467,181928.1168580305,85454.9742959355,0.8762828019550379
A2,66,3,-1,M1,encoding,0,205,11951.101564175206,4761.450701366997,12304.058541557397,0.32599919392609544
A2,66,3,-1,M1,encoding,1,205,27040.705172662878,9445.759612326241,27862.360354267083,0.2824014895515132
A2,66,3,-1,M1,encoding,2,205,18491.01953554483,6430.629771729938,13641.436606182451,0.14476286118794912
A2,66,3,-1,M1,maintenance,0,363,38128.163605498055,27205.648691994953,55747.82982827322,1.0400506208176035
A2,66,3,-1,M1,maintenance,1,363,8700.110220769187,2254.232280747365,12748.693117840428,0.09086020759885433
A2,66,3,-1,M1,maintenance,2,363,53187.54347899704,36828.93261709955,69796.21175566035,0.41639569731551807
A2,66,3,-1,M1,retrieval,0,305,23368.153525427682,8741.221241127862,40534.24754628241,0.6374307148109672
A2,66,3,-1,M1,retrieval,1,305,2745.855516164672,12827.315953591884,941.0701545489087,0.02867653350409206
A2,66,3,-1,M1,retrieval,2,305,35444.79966966342,10705.42028427268,54772.60477463376,0.27749095200244545
A2,67,3,1,M1,encoding,0,205,22092.814175131487,51146.05192415566,35139.492839160055,0.6026423233019302
A2,67,3,1,M1,encoding,1,205,43652.15714904498,107776.41793793645,67072.29111810097,0.45588434629617597
A2,67,3,1,M1,encoding,2,205,37276.60182282048,94498.63855851564,73088.41699983506,0.29183180110011253
A2,67,3,1,M1,maintenance,0,362,113276.58118207291,145304.81598002903,94510.84722404687,3.0899305773415744
A2,67,3,1,M1,maintenance,1,362,42620.052481544495,84139.00402537317,42757.98551653447,0.4451054892503224
A2,67,3,1,M1,maintenance,2,362,167517.3397690422,226049.4570901503,160085.01405974178,1.311463078438949
A2,67,3,1,M1,retrieval,0,297,68393.3115719132,41562.88009349046,73809.92592545692,1.8656158449205476
A2,67,3,1,M1,retrieval,1,297,470486.1741452169,355801.70864806033,513963.3860362212,4.913555158551278
A2,67,3,1,M1,retrieval,2,297,201762.11207809433,121531.12779417488,204182.07170175933,1.5795592323940517
A2,69,3,-1,M1,encoding,0,205,2512.534070286445,410.39797222016426,1353.692057209655,0.0685362832226722
A2,69,3,-1,M1,encoding,1,205,4516.030527317488,1299.208220386894,5367.537574121426,0.047163479636761776
A2,69,3,-1,M1,encoding,2,205,7788.5961757171335,202.6564180745344,1490.511131893137,0.060975516513135826
A2,69,3,-1,M1,maintenance,0,363,2377.6394935924504,288.73200106519676,6212.777464623594,0.06485666230813948
A2,69,3,-1,M1,maintenance,1,363,3094.5993234418916,575.3703853591767,7590.4499923642625,0.03231866376726722
A2,69,3,-1,M1,maintenance,2,363,11830.521641593257,3966.110118264426,18433.242982067404,0.09261902292033522
A2,69,3,-1,M1,retrieval,0,370,2579.5998004158128,8495.255990965557,1950.0128663738599,0.07036568562920659
A2,69,3,-1,M1,retrieval,1,370,6975.325469035362,20182.179008969855,1848.583307838298,0.07284729780470478
A2,69,3,-1,M1,retrieval,2,370,4317.128541506111,8572.870263632605,7245.951500303628,0.03379802171444562
A2,70,3,-1,M1,encoding,0,205,3673.9641009413876,12879.551622589173,6879.812963130296,0.10021748447110305
A2,70,3,-1,M1,encoding,1,205,1441.6860014580514,10905.16815441931,3227.0524460460706,0.01505634826006372
A2,70,3,-1,M1,encoding,2,205,10040.836901035545,29599.159929357196,20138.406219162185,0.0786079034593707
A2,70,3,-1,M1,maintenance,0,362,46774.48909382026,46467.93728781191,70807.5169203678,1.2759029499505976
A2,70,3,-1,M1,maintenance,1,362,220180.8998317298,199002.33357571633,278075.28330489463,2.2994745767996476
A2,70,3,-1,M1,maintenance,2,362,111830.00064134737,112865.84758160144,147723.12672270185,0.8754969312737053
A2,70,3,-1,M1,retrieval,0,316,38593.07892017899,21885.38250658854,61076.35215374326,1.0527324658354895
A2,70,3,-1,M1,retrieval,1,316,9746.834906167931,5712.069083282928,24973.586788118897,0.10179174982082943
A2,70,3,-1,M1,retrieval,2,316,32327.824964428262,20000.889669699307,54282.88523463142,0.2530887184905002
A2,71,3,1,M1,encoding,0,205,4068.124601275316,1915.273874323869,1295.6746455686998,0.11096929715517803
A2,71,3,1,M1,encoding,1,205,33778.49142369125,3582.846046593767,16915.5420549702,0.35276802997345985
A2,71,3,1,M1,encoding,2,205,12830.721498980422,1411.977808622728,1906.7898003522046,0.10044940743952381
A2,71,3,1,M1,maintenance,0,363,8775.593605452357,1624.0428722047247,12770.831787684769,0.23937847287451317
A2,71,3,1,M1,maintenance,1,363,48262.001913861444,18371.282899506274,52724.0396408845,0.5040275814623029
A2,71,3,1,M1,maintenance,2,363,15069.19936932758,2053.126941230342,13783.145444356844,0.11797404747326841
A2,71,3,1,M1,retrieval,0,290,37949.865041746365,15349.572505702272,54764.713122807705,1.035187036674409
A2,71,3,1,M1,retrieval,1,290,71922.32667311569,32806.5130376707,93382.87478781055,0.7511258325109074
A2,71,3,1,M1,retrieval,2,290,119450.39113269042,59370.701175848524,142094.04465185906,0.9351555957824795
A2,72,3,1,M1,encoding,0,205,20166.648052300097,44511.88092934334,28073.7139072851,0.5501008399885365
A2,72,3,1,M1,encoding,1,205,16460.44696714155,46951.96481842208,20307.510060814377,0.17190582540369073
A2,72,3,1,M1,encoding,2,205,39592.132906096274,91401.71309908807,68958.7657656376,0.3099596768584114
A2,72,3,1,M1,maintenance,0,362,128401.87208771125,161955.44055700043,107994.37097665384,3.502514523403629
A2,72,3,1,M1,maintenance,1,362,13506.296808390363,38223.4569904766,11883.74884273506,0.14105395227896264
A2,72,3,1,M1,maintenance,2,362,194452.5604881634,257115.4441940999,186341.4254289081,1.5223340696535514
A2,72,3,1,M1,retrieval,0,272,99050.97051450868,141256.74050937308,70157.97022452824,2.7018878863954985
A2,72,3,1,M1,retrieval,1,272,5757.814578305093,3029.0364855744406,6733.313884658978,0.06013213794138091
A2,72,3,1,M1,retrieval,2,272,161309.99612688305,239954.96702174642,125848.95151379649,1.2628669031827153
A2,73,3,1,M1,encoding,0,205,4907.48824277376,2230.0494443687917,3977.3525333616494,0.1338652510611852
A2,73,3,1,M1,encoding,1,205,26788.544866054224,3164.681019687343,15431.52143306196,0.2797680358106677
A2,73,3,1,M1,encoding,2,205,17867.033168769063,4207.867960304774,7772.057744096188,0.13987778432006234
A2,73,3,1,M1,maintenance,0,362,7797.446692925802,1469.742177478671,10662.704542707837,0.21269682321128705
A2,73,3,1,M1,maintenance,1,362,20561.912682370115,3600.7157342877003,16893.740529847553,0.2147397685249658
A2,73,3,1,M1,maintenance,2,362,18505.891928601784,3146.2651097450357,12383.91971240549,0.14487929447425324
A2,73,3,1,M1,retrieval,0,351,1298.335974445082,1803.4962945456361,5676.840228445313,0.035415687737363734
A2,73,3,1,M1,retrieval,1,351,2082.3304754227147,11848.61122917742,487.77247504305825,0.02174696348497541
A2,73,3,1,M1,retrieval,2,351,1544.850272155747,9853.14267783123,1906.8971722845924,0.012094354509460987
A2,74,3,1,M1,encoding,0,205,1020.0630779883974,8582.003812860636,4827.075635516411,0.02782502846221433
A2,74,3,1,M1,encoding,1,205,1432.7105982465634,21495.38308437549,9352.333643990853,0.01496261301092488
A2,74,3,1,M1,encoding,2,205,2346.0578029186313,14683.183141169411,9636.886928904456,0.01836686394765674
A2,74,3,1,M1,maintenance,0,362,3352.1541050389133,12171.74969612104,3941.29499386789,0.09143923096047725
A2,74,3,1,M1,maintenance,1,362,16485.125501292787,40178.13782780476,11893.089022528236,0.17216355739550665
A2,74,3,1,M1,maintenance,2,362,3764.2395501257556,20499.411459124083,9172.208617376002,0.02946955339188045
A2,74,3,1,M1,retrieval,0,340,10423.363726749873,25216.96859350441,3202.06911020725,0.28432593888289587
A2,74,3,1,M1,retrieval,1,340,21330.69997796561,47044.46843674227,8580.3431194122,0.22276865224076228
A2,74,3,1,M1,retrieval,2,340,2488.746824971086,11425.584190305186,1040.4214226586735,0.019483950598975074
A2,75,3,-1,M1,encoding,0,205,1426.5202168362098,4848.454317157759,1406.678525335238,0.038912265811706204
A2,75,3,-1,M1,encoding,1,205,3772.3930596901637,2102.329259934788,3474.316603765555,0.03939724990261348
A2,75,3,-1,M1,encoding,2,205,4644.37377279288,16063.737718516102,8174.906707328716,0.03635996568406402
A2,75,3,-1,M1,maintenance,0,362,2174.405630286396,1250.325842347413,8319.461208295457,0.05931289922818504
A2,75,3,-1,M1,maintenance,1,362,2819.4323694502464,378.85912733338193,7015.77258672107,0.02944493850062171
A2,75,3,-1,M1,maintenance,2,362,38082.47255624387,49922.83469114297,22680.17794990209,0.29814081791196256
A2,75,3,-1,M1,retrieval,0,302,89638.38633810627,60247.99191545881,114657.03922771021,2.445133742202893
A2,75,3,-1,M1,retrieval,1,302,280825.77859013237,227219.25870968096,315802.6626740479,2.932823595831806
A2,75,3,-1,M1,retrieval,2,302,82422.96705334166,86892.33649265915,80732.44156298348,0.645274562352045
A2,76,3,-1,M1,encoding,0,205,10609.15971336006,1901.7704972168613,7597.088839525143,0.28939403587331786
A2,76,3,-1,M1,encoding,1,205,20127.714234393046,3318.0897343662846,17045.49994253356,0.21020518676436725
A2,76,3,-1,M1,encoding,2,205,12327.002291228018,848.5671536901724,4492.763539698818,0.09650588049611258
A2,76,3,-1,M1,maintenance,0,363,7475.956710216795,2656.7147262551657,15332.069032340109,0.20392729894143932
A2,76,3,-1,M1,maintenance,1,363,4423.430477335031,659.9309722655956,12227.976809791728,0.04619640455936966
A2,76,3,-1,M1,maintenance,2,363,14539.165517524916,5645.72934743392,22321.644469711668,0.11382450792159964
A2,76,3,-1,M1,retrieval,0,380,10973.64612359693,2375.631315583311,22909.873589486564,0.29933640606372947
A2,76,3,-1,M1,retrieval,1,380,6137.928332386755,8249.273088009966,8276.868510235821,0.06410188243089224
A2,76,3,-1,M1,retrieval,2,380,16163.55749276699,3304.0153338483833,28842.21376538436,0.12654158009681207
A2,77,3,-1,M1,encoding,0,205,1425.71369440387,5359.340363415502,2786.64964089776,0.038890265692184636
A2,77,3,-1,M1,encoding,1,205,9385.016789764484,947.9806018581103,8423.471952447368,0.09801307709884899
A2,77,3,-1,M1,encoding,2,205,2413.51449109998,7679.297317674688,4436.943744669707,0.018894970208570255
A2,77,3,-1,M1,maintenance,0,362,2562.7489058213923,6457.45717081889,8147.1428910096165,0.06990603109232425
A2,77,3,-1,M1,maintenance,1,362,26093.072597765484,17851.514727098758,48360.376575769485,0.27250482269353843
A2,77,3,-1,M1,maintenance,2,362,6388.223011103556,11956.747460623525,16052.534435215772,0.05001224725420736
A2,77,3,-1,M1,retrieval,0,299,11581.310190523433,1643.317412643086,21865.487803337117,0.31591211625514093
A2,77,3,-1,M1,retrieval,1,299,92275.47924878601,50187.40906472768,120941.71409593456,0.9636854003083214
A2,77,3,-1,M1,retrieval,2,299,48544.28243623062,15996.398497869712,66869.6932099559,0.3800444429943971
A2,64,3,-1,M2,encoding,0,205,22450.356552333957,38321.99289156489,23672.781390439424,0.6123952758759277
A2,64,3,-1,M2,encoding,1,205,10808.653340823084,15114.471152148133,5046.743698196425,0.11288092466538996
A2,64,3,-1,M2,encoding,2,205,40708.09184755308,68808.66202676042,49936.55696853626,0.3186963183952947
A2,64,3,-1,M2,maintenance,0,363,8962.599900143761,8751.610271866475,13772.76799042736,0.24447958434956327
A2,64,3,-1,M2,maintenance,1,363,96398.40800553605,65959.89834647437,108584.8426015872,1.0067434941999724
A2,64,3,-1,M2,maintenance,2,363,28289.237502618977,20999.94360194847,34629.3677643996,0.2214713447158711
A2,64,3,-1,M2,retrieval,0,319,7558.5358475644,21432.68229717769,2584.502560556375,0.206179872234861
A2,64,3,-1,M2,retrieval,1,319,10636.422628399745,27957.188526153797,2900.390937863438,0.11108222121352729
A2,64,3,-1,M2,retrieval,2,319,10284.969398617555,33321.03275884048,4797.111576825919,0.08051917280776962
A2,65,3,1,M2,encoding,0,205,10558.749653451745,4920.179648731447,10829.41915840219,0.28801896272147237
A2,65,3,1,M2,encoding,1,205,36917.18932148218,15971.852549387057,36630.65392943065,0.38554724027617227
A2,65,3,1,M2,encoding,2,205,17064.17170639886,8585.236120741973,13228.606783802788,0.1335923265492328
A2,65,3,1,M2,maintenance,0,362,4070.3647661469013,15772.363999704701,3355.41463766525,0.11103040381873341
A2,65,3,1,M2,maintenance,1,362,20915.710854815206,51011.200356890084,18591.485914128258,0.21843468440312508
A2,65,3,1,M2,maintenance,2,362,21710.98594639689,58751.54232688558,28507.54548381301,0.16997139821144872
A2,65,3,1,M2,retrieval,0,298,29468.77169086448,60872.16634486633,18873.09942737092,0.803841868937959
A2,65,3,1,M2,retrieval,1,298,43743.317448507856,95327.35198024828,34063.02211105032,0.45683638523864795
A2,65,3,1,M2,retrieval,2,298,100106.19368864685,181928.1168580305,85454.9742959355,0.7837133584303762
A2,66,3,-1,M2,encoding,0,205,11057.302889400064,4761.450701366997,12304.058541557397,0.30161837463975066
A2,66,3,-1,M2,encoding,1,205,24165.134709425245,9445.759612326241,27862.360354267083,0.2523702689548844
A2,66,3,-1,M2,encoding,2,205,17145.018318748258,6430.629771729938,13641.436606182451,0.13422526011455374
A2,66,3,-1,M2,maintenance,0,363,43142.86975381098,27205.648691994953,55747.82982827322,1.176840535399764
A2,66,3,-1,M2,maintenance,1,363,8484.28887150124,2254.232280747365,12748.693117840428,0.0886062622922836
A2,66,3,-1,M2,maintenance,2,363,60795.72617542715,36828.93261709955,69796.21175566035,0.4759587891968884
A2,66,3,-1,M2,retrieval,0,305,21155.045684354594,8741.221241127862,40534.24754628241,0.5770621062448715
A2,66,3,-1,M2,retrieval,1,305,1627.4436071996777,12827.315953591884,941.0701545489087,0.016996320765292294
A2,66,3,-1,M2,retrieval,2,305,30249.030976208414,10705.42028427268,54772.60477463376,0.23681421480634487
A2,67,3,1,M2,encoding,0,205,25354.186707387886,51146.05192415566,35139.492839160055,0.6916052369629918
A2,67,3,1,M2,encoding,1,205,51498.78232300314,107776.41793793645,67072.29111810097,0.5378311233099047
A2,67,3,1,M2,encoding,2,205,43245.79670960472,94498.63855851564,73088.41699983506,0.33856355264784566
A2,67,3,1,M2,maintenance,0,362,96871.77102702425,145304.81598002903,94510.84722404687,2.642444221515799
A2,67,3,1,M2,maintenance,1,362,34818.98051594093,84139.00402537317,42757.98551653447,0.3636344503436824
A2,67,3,1,M2,maintenance,2,362,138305.0544330005,226049.4570901503,160085.01405974178,1.0827653585022443
A2,67,3,1,M2,retrieval,0,297,67085.51075639918,41562.88009349046,73809.92592545692,1.8299419775883952
A2,67,3,1,M2,retrieval,1,297,489805.30140459095,355801.70864806033,513963.3860362212,5.115315810873246
A2,67,3,1,M2,retrieval,2,297,199003.8026668466,121531.12779417488,204182.07170175933,1.5579649248629661
A2,69,3,-1,M2,encoding,0,205,1362.7303161760644,410.39797222016426,1353.692057209655,0.037172220671585404
A2,69,3,-1,M2,encoding,1,205,2654.4299028569358,1299.208220386894,5367.537574121426,0.027721723737985548
A2,69,3,-1,M2,encoding,2,205,5445.326610124555,202.6564180745344,1490.511131893137,0.04263048117326434
A2,69,3,-1,M2,maintenance,0,363,2959.4543850473765,288.73200106519676,6212.777464623594,0.08072726508144915
A2,69,3,-1,M2,maintenance,1,363,3431.5338700979387,575.3703853591767,7590.4499923642625,0.03583746319388962
A2,69,3,-1,M2,maintenance,2,363,14738.281769236273,3966.110118264426,18433.242982067404,0.11538335318977681
A2,69,3,-1,M2,retrieval,0,370,1196.5064582906746,8495.255990965557,1950.0128663738599,0.03263800736991284
A2,69,3,-1,M2,retrieval,1,370,4339.155818022555,20182.179008969855,1848.583307838298,0.04531627627982502
A2,69,3,-1,M2,retrieval,2,370,1618.4821085860417,8572.870263632605,7245.951500303628,0.012670804893696574
A2,70,3,-1,M2,encoding,0,205,4784.577019707497,12879.551622589173,6879.812963130296,0.13051250910439488
A2,70,3,-1,M2,encoding,1,205,2034.9941529746777,10905.16815441931,3227.0524460460706,0.021252603301546068
A2,70,3,-1,M2,encoding,2,205,12355.063029378138,29599.159929357196,20138.406219162185,0.09672556296055695
A2,70,3,-1,M2,maintenance,0,362,55142.746468675316,46467.93728781191,70807.5169203678,1.504170205828205
A2,70,3,-1,M2,maintenance,1,362,239295.0196817251,199002.33357571633,278075.28330489463,2.4990942199501474
A2,70,3,-1,M2,maintenance,2,362,128226.03463696355,112865.84758160144,147723.12672270185,1.0038585280357273
A2,70,3,-1,M2,retrieval,0,316,36523.091321030006,21885.38250658854,61076.35215374326,0.9962678558465311
A2,70,3,-1,M2,retrieval,1,316,10408.933019488704,5712.069083282928,24973.586788118897,0.108706417623948
A2,70,3,-1,M2,retrieval,2,316,29592.47567230097,20000.889669699307,54282.88523463142,0.23167416159624124
A2,71,3,1,M2,encoding,0,205,2599.608567208123,1915.273874323869,1295.6746455686998,0.0709114798232164
A2,71,3,1,M2,encoding,1,205,25794.218189963813,3582.846046593767,16915.5420549702,0.2693837158517113
A2,71,3,1,M2,encoding,2,205,8769.802505629652,1411.977808622728,1906.7898003522046,0.06865720412699719
A2,71,3,1,M2,maintenance,0,363,12409.803100133977,1624.0428722047247,12770.831787684769,0.3385115410241632
A2,71,3,1,M2,maintenance,1,363,57992.88625546705,18371.282899506274,52724.0396408845,0.6056527504501686
A2,71,3,1,M2,maintenance,2,363,21908.556986312025,2053.126941230342,13783.145444356844,0.17151814629480963
A2,71,3,1,M2,retrieval,0,290,39724.071034169414,15349.572505702272,54764.713122807705,1.083583389117982
A2,71,3,1,M2,retrieval,1,290,80444.70996430243,32806.5130376707,93382.87478781055,0.8401299365308417
A2,71,3,1,M2,retrieval,2,290,125791.50830087754,59370.701175848524,142094.04465185906,0.9847990598775893
A2,72,3,1,M2,encoding,0,205,21952.170076309856,44511.88092934334,28073.7139072851,0.598805868344192
A2,72,3,1,M2,encoding,1,205,17867.8674011028,46951.96481842208,20307.510060814377,0.18660431882085607
A2,72,3,1,M2,encoding,2,205,43481.698061607894,91401.71309908807,68958.7657656376,0.3404103818401701
A2,72,3,1,M2,maintenance,0,362,110763.58007753194,161955.44055700043,107994.37097665384,3.0213815544739666
A2,72,3,1,M2,maintenance,1,362,8140.424745356434,38223.4569904766,11883.74884273506,0.08501509331919059
A2,72,3,1,M2,maintenance,2,362,162804.21568688753,257115.4441940999,186341.4254289081,1.2745648789667678
A2,72,3,1,M2,retrieval,0,272,93012.26401076428,141256.74050937308,70157.97022452824,2.537165543270401
A2,72,3,1,M2,retrieval,1,272,5254.8600090117325,3029.0364855744406,6733.313884658978,0.05487949683464022
A2,72,3,1,M2,retrieval,2,272,147958.03353588172,239954.96702174642,125848.95151379649,1.158336793124029
A2,73,3,1,M2,encoding,0,205,4019.4001394481256,2230.0494443687917,3977.3525333616494,0.10964020333107724
A2,73,3,1,M2,encoding,1,205,20430.709059168883,3164.681019687343,15431.52143306196,0.21336953433950376
A2,73,3,1,M2,encoding,2,205,14570.33219073484,4207.867960304774,7772.057744096188,0.11406850619216041
A2,73,3,1,M2,maintenance,0,362,10709.717875462196,1469.742177478671,10662.704542707837,0.29213703655923406
A2,73,3,1,M2,maintenance,1,362,22430.00302200258,3600.7157342877003,16893.740529847553,0.23424930021655552
A2,73,3,1,M2,maintenance,2,362,22395.410701662695,3146.2651097450357,12383.91971240549,0.1753296363361601
A2,73,3,1,M2,retrieval,0,351,1447.6254580430243,1803.4962945456361,5676.840228445313,0.039487969363725346
A2,73,3,1,M2,retrieval,1,351,223.637112020047,11848.61122917742,487.77247504305825,0.0023355697697302526
A2,73,3,1,M2,retrieval,2,351,300.50868300272884,9853.14267783123,1906.8971722845924,0.0023526283491115065
A2,74,3,1,M2,encoding,0,205,1484.5116982205482,8582.003812860636,4827.075635516411,0.04049414310430195
A2,74,3,1,M2,encoding,1,205,2460.621931649407,21495.38308437549,9352.333643990853,0.02569767667980104
A2,74,3,1,M2,encoding,2,205,2538.9459275621834,14683.183141169411,9636.886928904456,0.01987695033088199
A2,74,3,1,M2,maintenance,0,362,2646.833079652197,12171.74969612104,3941.29499386789,0.0721996583988608
A2,74,3,1,M2,maintenance,1,362,9554.618428659012,40178.13782780476,11893.089022528236,0.09978432363803369
A2,74,3,1,M2,maintenance,2,362,4188.663896544589,20499.411459124083,9172.208617376002,0.0327922951491594
A2,74,3,1,M2,retrieval,0,340,6891.067745241804,25216.96859350441,3202.06911020725,0.18797284235061915
A2,74,3,1,M2,retrieval,1,340,13009.972856516879,47044.46843674227,8580.3431194122,0.1358705584874847
A2,74,3,1,M2,retrieval,2,340,316.2292117177519,11425.584190305186,1040.4214226586735,0.0024757015367093795
A2,75,3,-1,M2,encoding,0,205,1338.55111834949,4848.454317157759,1406.678525335238,0.036512666490833456
A2,75,3,-1,M2,encoding,1,205,2566.034986426636,2102.329259934788,3474.316603765555,0.026798565265996645
A2,75,3,-1,M2,encoding,2,205,5064.209626457725,16063.737718516102,8174.906707328716,0.03964678495808936
A2,75,3,-1,M2,maintenance,0,362,3614.0920144910874,1250.325842347413,8319.461208295457,0.09858430849843962
A2,75,3,-1,M2,maintenance,1,362,2911.5366802653753,378.85912733338193,7015.77258672107,0.030406836291460532
A2,75,3,-1,M2,maintenance,2,362,30222.122388776326,49922.83469114297,22680.17794990209,0.23660355232233696
A2,75,3,-1,M2,retrieval,0,302,88467.81273901027,60247.99191545881,114657.03922771021,2.4132031249549915
A2,75,3,-1,M2,retrieval,1,302,284419.2893298893,227219.25870968096,315802.6626740479,2.9703526757558247
A2,75,3,-1,M2,retrieval,2,302,87112.16005493104,86892.33649265915,80732.44156298348,0.6819854097051455
A2,76,3,-1,M2,encoding,0,205,8695.917581262114,1901.7704972168613,7597.088839525143,0.23720508998409276
A2,76,3,-1,M2,encoding,1,205,16369.26333938383,3318.0897343662846,17045.49994253356,0.17095354283054534
A2,76,3,-1,M2,encoding,2,205,9601.43824094399,848.5671536901724,4492.763539698818,0.07516793049764561
A2,76,3,-1,M2,maintenance,0,363,9335.563846330517,2656.7147262551657,15332.069032340109,0.25465320266980634
A2,76,3,-1,M2,maintenance,1,363,5779.546715030156,659.9309722655956,12227.976809791728,0.060359099026275204
A2,76,3,-1,M2,maintenance,2,363,17934.650684560118,5645.72934743392,22321.644469711668,0.1404071496713626
A2,76,3,-1,M2,retrieval,0,380,10070.939418047736,2375.631315583311,22909.873589486564,0.2747125957161661
A2,76,3,-1,M2,retrieval,1,380,3163.182123838115,8249.273088009966,8276.868510235821,0.03303491302429799
A2,76,3,-1,M2,retrieval,2,380,13273.342413968672,3304.0153338483833,28842.21376538436,0.10391460685441588
A2,77,3,-1,M2,encoding,0,205,1649.1018689715354,5359.340363415502,2786.64964089776,0.044983793092201074
A2,77,3,-1,M2,encoding,1,205,7122.2718395720485,947.9806018581103,8423.471952447368,0.07438194246943423
A2,77,3,-1,M2,encoding,2,205,2518.5888856196552,7679.297317674688,4436.943744669707,0.019717578716393205
A2,77,3,-1,M2,maintenance,0,362,4324.775675013066,6457.45717081889,8147.1428910096165,0.11797016169552955
A2,77,3,-1,M2,maintenance,1,362,32417.533565516438,17851.514727098758,48360.376575769485,0.33855477170555204
A2,77,3,-1,M2,maintenance,2,362,10327.864574448424,11956.747460623525,16052.534435215772,0.08085499141271459
A2,77,3,-1,M2,retrieval,0,299,9648.93289791487,1643.317412643086,21865.487803337117,0.26320120618808573
A2,77,3,-1,M2,retrieval,1,299,89148.82910289011,50187.40906472768,120941.71409593456,0.9310320115424059
A2,77,3,-1,M2,retrieval,2,299,42579.23367515776,15996.398497869712,66869.6932099559,0.3333451507180237
A2,64,3,-1,M3,encoding,0,205,24939.761881327726,38321.99289156489,23672.781390439424,0.6803006590114865
A2,64,3,-1,M3,encoding,1,205,7239.924784081316,15114.471152148133,5046.743698196425,0.07561065919732222
A2,64,3,-1,M3,encoding,2,205,45592.154172877315,68808.66202676042,49936.55696853626,0.3569327625824363
A2,64,3,-1,M3,maintenance,0,363,11371.838878416473,8751.610271866475,13772.76799042736,0.31019820958881233
A2,64,3,-1,M3,maintenance,1,363,95871.78560236693,65959.89834647437,108584.8426015872,1.0012436764202015
A2,64,3,-1,M3,maintenance,2,363,30831.048558636136,20999.94360194847,34629.3677643996,0.24137072562133643
A2,64,3,-1,M3,retrieval,0,319,6173.654954569309,21432.68229717769,2584.502560556375,0.1684034336048535
A2,64,3,-1,M3,retrieval,1,319,8866.560606183359,27957.188526153797,2900.390937863438,0.09259854380263449
A2,64,3,-1,M3,retrieval,2,319,9228.656381297404,33321.03275884048,4797.111576825919,0.07224948846703348
A2,65,3,1,M3,encoding,0,205,10919.798896235772,4920.179648731447,10829.41915840219,0.297867574707839
A2,65,3,1,M3,encoding,1,205,41504.92823001111,15971.852549387057,36630.65392943065,0.4334596113911011
A2,65,3,1,M3,encoding,2,205,18581.161358937938,8585.236120741973,13228.606783802788,0.1454685652862008
A2,65,3,1,M3,maintenance,0,362,1471.3804746423382,15772.363999704701,3355.41463766525,0.04013595283382581
A2,65,3,1,M3,maintenance,1,362,6515.3387276824105,51011.200356890084,18591.485914128258,0.06804339420446345
A2,65,3,1,M3,maintenance,2,362,9331.960811557294,58751.54232688558,28507.54548381301,0.07305824024348723
A2,65,3,1,M3,retrieval,0,298,10717.190156236666,60872.16634486633,18873.09942737092,0.29234086358690897
A2,65,3,1,M3,retrieval,1,298,11288.938152694704,95327.35198024828,34063.02211105032,0.11789681258012646
A2,65,3,1,M3,retrieval,2,298,42040.00812595628,181928.1168580305,85454.9742959355,0.3291236510231044
A2,66,3,-1,M3,encoding,0,205,10217.550485968315,4761.450701366997,12304.058541557397,0.27871181618183616
A2,66,3,-1,M3,encoding,1,205,23776.35821195033,9445.759612326241,27862.360354267083,0.24831005450084223
A2,66,3,-1,M3,encoding,2,205,15114.948221600069,6430.629771729938,13641.436606182451,0.11833220699704694
A2,66,3,-1,M3,maintenance,0,363,47127.47917149255,27205.648691994953,55747.82982827322,1.2855317260234265
A2,66,3,-1,M3,maintenance,1,363,8300.364003579978,2254.232280747365,12748.693117840428,0.08668543011224716
A2,66,3,-1,M3,maintenance,2,363,62187.41518974735,36828.93261709955,69796.21175566035,0.4868540718074313
A2,66,3,-1,M3,retrieval,0,305,25531.027066977626,8741.221241127862,40534.24754628241,0.6964290445735527
A2,66,3,-1,M3,retrieval,1,305,1731.1228697624217,12827.315953591884,941.0701545489087,0.018079102371628568
A2,66,3,-1,M3,retrieval,2,305,34656.670071980196,10705.42028427268,54772.60477463376,0.2713208273466245
A2,67,3,1,M3,encoding,0,205,27949.045030065405,51146.05192415566,35139.492839160055,0.7623871407902537
A2,67,3,1,M3,encoding,1,205,50131.30904522547,107776.41793793645,67072.29111810097,0.523549820803167
A2,67,3,1,M3,encoding,2,205,46047.63191275512,94498.63855851564,73088.41699983506,0.3604986157635107
A2,67,3,1,M3,maintenance,0,362,77351.9643829508,145304.81598002903,94510.84722404687,2.109987761549269
A2,67,3,1,M3,maintenance,1,362,24551.13607277979,84139.00402537317,42757.98551653447,0.2564015011022782
A2,67,3,1,M3,maintenance,2,362,104079.5222467175,226049.4570901503,160085.01405974178,0.8148198320026108
A2,67,3,1,M3,retrieval,0,297,93218.85945376183,41562.88009349046,73809.92592545692,2.5428010026901333
A2,67,3,1,M3,retrieval,1,297,641146.3950645004,355801.70864806033,513963.3860362212,6.695857072908117
A2,67,3,1,M3,retrieval,2,297,287499.9105423821,121531.12779417488,204182.07170175933,2.2507850127674613
A2,69,3,-1,M3,encoding,0,205,577.8967310130199,410.39797222016426,1353.692057209655,0.015763724161419752
A2,69,3,-1,M3,encoding,1,205,2338.269784932355,1299.208220386894,5367.537574121426,0.02441988350606193
A2,69,3,-1,M3,encoding,2,205,2450.9672679159694,202.6564180745344,1490.511131893137,0.01918818125195778
A2,69,3,-1,M3,maintenance,0,363,3577.9106787855303,288.73200106519676,6212.777464623594,0.09759736296778343
A2,69,3,-1,M3,maintenance,1,363,4002.144365266248,575.3703853591767,7590.4499923642625,0.041796673678983216
A2,69,3,-1,M3,maintenance,2,363,14582.149262629948,3966.110118264426,18433.242982067404,0.11416101991943817
A2,69,3,-1,M3,retrieval,0,370,1046.7490106437735,8495.255990965557,1950.0128663738599,0.028552960735913412
A2,69,3,-1,M3,retrieval,1,370,4964.276527159359,20182.179008969855,1848.583307838298,0.05184476798455326
A2,69,3,-1,M3,retrieval,2,370,2475.127707269303,8572.870263632605,7245.951500303628,0.01937732897967627
A2,70,3,-1,M3,encoding,0,205,6461.8075469194555,12879.551622589173,6879.812963130296,0.1762635887821345
A2,70,3,-1,M3,encoding,1,205,2958.7904213118386,10905.16815441931,3227.0524460460706,0.030900334030265555
A2,70,3,-1,M3,encoding,2,205,16842.56738646983,29599.159929357196,20138.406219162185,0.13185742624571678
A2,70,3,-1,M3,maintenance,0,362,63050.105228887915,46467.93728781191,70807.5169203678,1.7198651832385703
A2,70,3,-1,M3,maintenance,1,362,255306.32500853448,199002.33357571633,278075.28330489463,2.666309403322148
A2,70,3,-1,M3,maintenance,2,362,138665.1598844286,112865.84758160144,147723.12672270185,1.0855845592162936
A2,70,3,-1,M3,retrieval,0,316,42805.01093559352,21885.38250658854,61076.35215374326,1.1676245060816064
A2,70,3,-1,M3,retrieval,1,316,13431.217666908642,5712.069083282928,24973.586788118897,0.14026985803092792
A2,70,3,-1,M3,retrieval,2,316,35586.74942716183,20000.889669699307,54282.88523463142,0.2786022510847326
A2,71,3,1,M3,encoding,0,205,1714.9886709434554,1915.273874323869,1295.6746455686998,0.046781036987910245
A2,71,3,1,M3,encoding,1,205,25508.30389292917,3582.846046593767,16915.5420549702,0.2663977499587699
A2,71,3,1,M3,encoding,2,205,6958.07983144133,1411.977808622728,1906.7898003522046,0.05447355365329406
A2,71,3,1,M3,maintenance,0,363,20281.609232459483,1624.0428722047247,12770.831787684769,0.5532367226403163
A2,71,3,1,M3,maintenance,1,363,87504.44315449514,18371.282899506274,52724.0396408845,0.913858752255744
A2,71,3,1,M3,maintenance,2,363,37804.36671917507,2053.126941230342,13783.145444356844,0.29596357740828133
A2,71,3,1,M3,retrieval,0,290,71232.88301685074,15349.572505702272,54764.713122807705,1.943072972799042
A2,71,3,1,M3,retrieval,1,290,150903.8625930551,32806.5130376707,93382.87478781055,1.5759750089076172
A2,71,3,1,M3,retrieval,2,290,215202.45159483558,59370.701175848524,142094.04465185906,1.6847812294851705
A2,72,3,1,M3,encoding,0,205,22908.960104873604,44511.88092934334,28073.7139072851,0.624904950206512
A2,72,3,1,M3,encoding,1,205,14046.531254454005,46951.96481842208,20307.510060814377,0.14669592837763495
A2,72,3,1,M3,encoding,2,205,43728.22119701376,91401.71309908807,68958.7657656376,0.3423403670614704
A2,72,3,1,M3,maintenance,0,362,89529.49044947262,161955.44055700043,107994.37097665384,2.442163307073896
A2,72,3,1,M3,maintenance,1,362,4186.161936355747,38223.4569904766,11883.74884273506,0.04371847401101977
A2,72,3,1,M3,maintenance,2,362,125273.94104655729,257115.4441940999,186341.4254289081,0.9807471190720235
A2,72,3,1,M3,retrieval,0,272,55793.442740302875,141256.74050937308,70157.97022452824,1.5219197378610654
A2,72,3,1,M3,retrieval,1,272,27012.7668182313,3029.0364855744406,6733.313884658978,0.28210971339934865
A2,72,3,1,M3,retrieval,2,272,75380.49816916452,239954.96702174642,125848.95151379649,0.5901403420057383
A2,73,3,1,M3,encoding,0,205,3729.4757332172658,2230.0494443687917,3977.3525333616494,0.10173171705278453
A2,73,3,1,M3,encoding,1,205,21306.309527750178,3164.681019687343,15431.52143306196,0.22251392887361301
A2,73,3,1,M3,encoding,2,205,14132.058696952869,4207.867960304774,7772.057744096188,0.11063734195479874
A2,73,3,1,M3,maintenance,0,362,17468.08047638239,1469.742177478671,10662.704542707837,0.47648998079030486
A2,73,3,1,M3,maintenance,1,362,36984.977460584545,3600.7157342877003,16893.740529847553,0.3862551904325825
A2,73,3,1,M3,maintenance,2,362,34116.83175963744,3146.2651097450357,12383.91971240549,0.26709453043944814
A2,73,3,1,M3,retrieval,0,351,11685.524854707774,1803.4962945456361,5676.840228445313,0.318754858100898
A2,73,3,1,M3,retrieval,1,351,10896.181705152952,11848.61122917742,487.77247504305825,0.11379503324010833
A2,73,3,1,M3,retrieval,2,351,16699.818302295327,9853.14267783123,1906.8971722845924,0.13073986937886384
A2,74,3,1,M3,encoding,0,205,2253.33275072626,8582.003812860636,4827.075635516411,0.061465853707246026
A2,74,3,1,M3,encoding,1,205,3266.6021644704224,21495.38308437549,9352.333643990853,0.03411498742833268
A2,74,3,1,M3,encoding,2,205,3697.8729163111757,14683.183141169411,9636.886928904456,0.028949980970254738
A2,74,3,1,M3,maintenance,0,362,3808.652727091694,12171.74969612104,3941.29499386789,0.10389148751762002
A2,74,3,1,M3,maintenance,1,362,2909.796938704027,40178.13782780476,11893.089022528236,0.030388667179182486
A2,74,3,1,M3,maintenance,2,362,9490.833529549578,20499.411459124083,9172.208617376002,0.07430202613517692
A2,74,3,1,M3,retrieval,0,340,595.5389047698168,25216.96859350441,3202.06911020725,0.01624496301567401
A2,74,3,1,M3,retrieval,1,340,140.7048403141759,47044.46843674227,8580.3431194122,0.0014694608087366713
A2,74,3,1,M3,retrieval,2,340,14351.56204314805,11425.584190305186,1040.4214226586735,0.11235579411339722
A2,75,3,-1,M3,encoding,0,205,1525.9851457272684,4848.454317157759,1406.678525335238,0.04162544555235877
A2,75,3,-1,M3,encoding,1,205,2341.4320913838965,2102.329259934788,3474.316603765555,0.024452909273941545
A2,75,3,-1,M3,encoding,2,205,6645.457610216219,16063.737718516102,8174.906707328716,0.052026090595430494
A2,75,3,-1,M3,maintenance,0,362,5331.587967354438,1250.325842347413,8319.461208295457,0.1454337385027126
A2,75,3,-1,M3,maintenance,1,362,3525.375105036531,378.85912733338193,7015.77258672107,0.036817500672897505
A2,75,3,-1,M3,maintenance,2,362,27498.11577939349,49922.83469114297,22680.17794990209,0.21527779524814633
A2,75,3,-1,M3,retrieval,0,302,92957.22053341077,60247.99191545881,114657.03922771021,2.535664080902956
A2,75,3,-1,M3,retrieval,1,302,278161.2847043863,227219.25870968096,315802.6626740479,2.9049967681869293
A2,75,3,-1,M3,retrieval,2,302,83250.923449981,86892.33649265915,80732.44156298348,0.6517564838429597
A2,76,3,-1,M3,encoding,0,205,6509.711916593756,1901.7704972168613,7597.088839525143,0.17757031233523124
A2,76,3,-1,M3,encoding,1,205,14152.872895468847,3318.0897343662846,17045.49994253356,0.1478065147189373
A2,76,3,-1,M3,encoding,2,205,5888.017141998057,848.5671536901724,4492.763539698818,0.046096225606210996
A2,76,3,-1,M3,maintenance,0,363,10873.571903393631,2656.7147262551657,15332.069032340109,0.29660660622529006
A2,76,3,-1,M3,maintenance,1,363,7403.095498800881,659.9309722655956,12227.976809791728,0.07731474393156856
A2,76,3,-1,M3,maintenance,2,363,17971.474881306563,5645.72934743392,22321.644469711668,0.1406954396746108
A2,76,3,-1,M3,retrieval,0,380,12546.760982119513,2375.631315583311,22909.873589486564,0.34224744427035003
A2,76,3,-1,M3,retrieval,1,380,4311.979676200903,8249.273088009966,8276.868510235821,0.04503246034818813
A2,76,3,-1,M3,retrieval,2,380,15724.287675084463,3304.0153338483833,28842.21376538436,0.12310261581909908
A2,77,3,-1,M3,encoding,0,205,2224.215438587823,5359.340363415502,2786.64964089776,0.06067159886509161
A2,77,3,-1,M3,encoding,1,205,6247.928387257725,947.9806018581103,8423.471952447368,0.065250675672339
A2,77,3,-1,M3,encoding,2,205,3390.674668002995,7679.297317674688,4436.943744669707,0.026544981219346838
A2,77,3,-1,M3,maintenance,0,362,6560.64392428684,6457.45717081889,8147.1428910096165,0.1789596230497143
A2,77,3,-1,M3,maintenance,1,362,38483.828678875216,17851.514727098758,48360.376575769485,0.4019085476197798
A2,77,3,-1,M3,maintenance,2,362,13896.31212457636,11956.747460623525,16052.534435215772,0.10879172450429132
A2,77,3,-1,M3,retrieval,0,299,11645.855480326785,1643.317412643086,21865.487803337117,0.3176727667135634
A2,77,3,-1,M3,retrieval,1,299,89909.23944294036,50187.40906472768,120941.71409593456,0.9389734099389855
A2,77,3,-1,M3,retrieval,2,299,45867.34440697995,15996.398497869712,66869.6932099559,0.35908717735567797
A2,84,4,-1,M0,encoding,0,205,9568.013785593192,12994.473261975629,6796.82678763151,0.3024619305037275
A2,84,4,-1,M0,encoding,1,205,23123.00908578783,36075.74232523384,16811.438220430813,0.30307020940103013
A2,84,4,-1,M0,encoding,2,205,18730.51049316384,26077.30355507025,17400.64265015017,0.1701559982534297
A2,84,4,-1,M0,maintenance,0,362,33793.97876217072,33361.567155468256,14655.5846804677,1.0682877643005426
A2,84,4,-1,M0,maintenance,1,362,92867.87295067887,91952.096762789,48959.5457667318,1.2172068781086824
A2,84,4,-1,M0,maintenance,2,362,72599.05415516604,71628.08034625722,41740.61568618762,0.6595209744302309
A2,84,4,-1,M0,retrieval,0,307,30159.280849522827,37023.53215555058,8931.290921792575,0.9533884997203974
A2,84,4,-1,M0,retrieval,1,307,104697.62768793081,122247.35790210283,60918.374541750294,1.3722579024835933
A2,84,4,-1,M0,retrieval,2,307,64304.58089593094,78662.90942811922,27838.949724426257,0.5841704185590154
A2,85,4,1,M0,encoding,0,205,31398.069912318544,42886.84927105103,29063.621935382107,0.9925488249264782
A2,85,4,1,M0,encoding,1,205,15839.207541044652,21991.713996118106,12040.980634210695,0.20760238982742338
A2,85,4,1,M0,encoding,2,205,36367.58589069883,54274.86010455948,40609.76674848125,0.3303787626908368
A2,85,4,1,M0,maintenance,0,363,57728.53579396244,57264.13633160144,29174.360989077504,1.8249016747536897
A2,85,4,1,M0,maintenance,1,363,67758.20126950568,67047.18934926979,31336.136345759856,0.8880977458945007
A2,85,4,1,M0,maintenance,2,363,77632.05570732303,76959.96070607133,44755.57353424454,0.7052429211775388
A2,85,4,1,M0,retrieval,0,332,28034.63834770469,34580.407795200925,31608.845142917977,0.8862247719989972
A2,85,4,1,M0,retrieval,1,332,170869.95767897827,170383.65079998007,220647.4525897046,2.239569844131672
A2,85,4,1,M0,retrieval,2,332,72591.25252790285,82959.35613930268,93955.02814072734,0.6594501010989644
A2,87,4,-1,M0,encoding,0,205,66282.25051617174,79485.39448873504,59035.50498854935,2.0952998081419545
A2,87,4,-1,M0,encoding,1,205,118438.4706461042,155432.40387849405,105928.37255140039,1.552357306381674
A2,87,4,-1,M0,encoding,2,205,155164.25672231146,185178.56561038,156261.57898569774,1.4095787194626888
A2,87,4,-1,M0,maintenance,0,363,270902.86924221576,269241.4561566454,201128.4956847401,8.563721441682631
A2,87,4,-1,M0,maintenance,1,363,228237.20860916484,226749.30718674298,154537.61666920964,2.991474783824806
A2,87,4,-1,M0,maintenance,2,363,543771.6411922063,540550.353845816,445579.91697701375,4.9398550275890925
A2,87,4,-1,M0,retrieval,0,317,178197.33919318655,198256.11466863565,121620.83462457912,5.633134779148649
A2,87,4,-1,M0,retrieval,1,317,55508.54419432428,70889.75386562856,36051.064508532836,0.7275431173384852
A2,87,4,-1,M0,retrieval,2,317,390618.1659851316,432886.44245675666,298526.0332625406,3.5485431106313077
A2,88,4,1,M0,encoding,0,205,10129.60552384472,11219.555466475853,8989.134688021513,0.3202148440250545
A2,88,4,1,M0,encoding,1,205,222951.08635072465,277925.22929915483,214685.39487506202,2.9221902813692147
A2,88,4,1,M0,encoding,2,205,50445.62548273291,63764.95836661668,53346.95108867934,0.4582697179911821
A2,88,4,1,M0,maintenance,0,362,79755.55795675082,78819.30404608135,45846.66652178653,2.5212150158399047
A2,88,4,1,M0,maintenance,1,362,738297.8097107398,735493.9710891371,598994.1090922874,9.67677134750095
A2,88,4,1,M0,maintenance,2,362,383009.88989547186,380332.5633636183,302544.5149079936,3.479426264430226
A2,88,4,1,M0,retrieval,0,256,118744.16831429419,137646.54386761622,73884.55747937367,3.7537143224521694
A2,88,4,1,M0,retrieval,1,256,492192.405892949,541332.146989199,400132.714290321,6.451100501934976
A2,88,4,1,M0,retrieval,2,256,467140.0803283551,520255.65113642113,368065.5539361235,4.243701031078102
A2,89,4,-1,M0,encoding,0,205,17905.72344499824,23437.37147438479,13995.829989999662,0.5660317597362505
A2,89,4,-1,M0,encoding,1,205,5568.93343460218,8311.330100249907,3658.0905358376153,0.07299127098482372
A2,89,4,-1,M0,encoding,2,205,30364.56391761443,40402.196226957996,29029.1526579541,0.27584473401392196
A2,89,4,-1,M0,maintenance,0,363,28033.14375953009,27679.91324734573,11236.970110623777,0.8861775254089806
A2,89,4,-1,M0,maintenance,1,363,5984.163494289719,5999.8686289121515,4416.65420365671,0.07843363623548015
A2,89,4,-1,M0,maintenance,2,363,57061.73123852806,56319.722844464486,30756.551406480598,0.5183732629446665
A2,89,4,-1,M0,retrieval,0,318,11607.02225440333,16573.770381852584,1986.855992214025,0.36691861415926086
A2,89,4,-1,M0,retrieval,1,318,21500.058431102974,20833.285325147142,41941.145719722066,0.2817984106944683
A2,89,4,-1,M0,retrieval,2,318,35256.458518481,47448.7882059873,13802.711553569772,0.32028480463905595
A2,90,4,-1,M0,encoding,0,205,21881.44654825439,27653.042217513972,17584.36046312508,0.6917114370345598
A2,90,4,-1,M0,encoding,1,205,79891.8055270424,109689.36500169522,67459.87291937647,1.0471312855812147
A2,90,4,-1,M0,encoding,2,205,141008.06320290122,168634.03559799583,140816.34689652352,1.2809777803348887
A2,90,4,-1,M0,maintenance,0,362,85718.9938253048,84851.72507294611,49375.10936245822,2.7097298283868843
A2,90,4,-1,M0,maintenance,1,362,170975.27968460292,169592.7794996075,108369.78468274411,2.2409502856728563
A2,90,4,-1,M0,maintenance,2,362,376925.7531894847,374330.28292460577,296233.99728955765,3.42415535469739
A2,90,4,-1,M0,retrieval,0,427,148171.92838049674,160528.3445971458,90938.94510310404,4.683978149352821
A2,90,4,-1,M0,retrieval,1,427,139392.66565610553,156743.7593963964,86933.74335461388,1.8270011577052632
A2,90,4,-1,M0,retrieval,2,427,443658.80121398927,473453.77475569065,328923.44172851596,4.030387011183632
A2,91,4,-1,M0,encoding,0,205,1800.0902071470946,275.03785055773534,3226.097618420578,0.05690405253746296
A2,91,4,-1,M0,encoding,1,205,9054.589206913497,1552.4754752929964,12346.302156568225,0.11867729830484054
A2,91,4,-1,M0,encoding,2,205,2299.8185686920892,179.5246124282067,1828.6944802708822,0.020892539180947627
A2,91,4,-1,M0,maintenance,0,362,155.2417186423046,164.37887487642328,6287.826322693639,0.00490746679169389
A2,91,4,-1,M0,maintenance,1,362,1013.5453876187893,973.8609913262163,9348.672745080703,0.013284404798849254
A2,91,4,-1,M0,maintenance,2,362,754.2167061892279,808.1184307948644,8233.178341956997,0.006851628341249994
A2,91,4,-1,M0,retrieval,0,318,1272.0334530466716,1906.497183113978,3595.163602431476,0.0402112395002121
A2,91,4,-1,M0,retrieval,1,318,5052.799857081027,8050.363399994337,509.7443097929301,0.06622637672569451
A2,91,4,-1,M0,retrieval,2,318,4210.519326515335,6118.878773496326,2309.4870430181263,0.03825016512123679
A2,92,4,-1,M0,encoding,0,205,947.8810021823613,2895.2598448514054,560.9531131090936,0.029964204090045674
A2,92,4,-1,M0,encoding,1,205,12434.544389735955,6474.237388189748,17461.962869956787,0.1629779220352402
A2,92,4,-1,M0,encoding,2,205,3370.880934731782,9589.231393201224,3731.1889136661084,0.030622529516858656
A2,92,4,-1,M0,maintenance,0,363,235569.58404482863,237550.7889083935,303602.85198613926,7.446773463625562
A2,92,4,-1,M0,maintenance,1,363,834888.7232941836,839091.6631419588,993842.5378745182,10.942775624771413
A2,92,4,-1,M0,maintenance,2,363,646939.1188679537,651594.7627709289,755545.0141012872,5.877072684182711
A2,92,4,-1,M0,retrieval,0,370,85696.65029086857,73413.30804098723,126959.88655217882,2.709023509529983
A2,92,4,-1,M0,retrieval,1,370,78389.9148856868,65143.63130955847,120950.01982915844,1.0274462043928472
A2,92,4,-1,M0,retrieval,2,370,169027.1718530665,145357.8514612615,234485.8249861278,1.5355153918047015
A2,93,4,1,M0,encoding,0,205,6407.467631223383,8756.613197998,5098.074234885601,0.2025514461839603
A2,93,4,1,M0,encoding,1,205,5906.468881319928,9780.0555556998,3668.5332021131553,0.07741530326096434
A2,93,4,1,M0,encoding,2,205,13530.515290462032,20040.973709179034,13266.651380428095,0.12291700949486356
A2,93,4,1,M0,maintenance,0,362,18706.94721538156,18586.243646827246,7259.1730036570725,0.5913598679294592
A2,93,4,1,M0,maintenance,1,362,15596.409347145602,15458.816559407001,4077.4444883965375,0.2044200661430719
A2,93,4,1,M0,maintenance,2,362,46696.73010765498,46379.85735597575,24713.83424014998,0.4242131430181257
A2,93,4,1,M0,retrieval,0,300,7237.3629703142215,10907.370595928778,139.87439454768176,0.22878591365049095
A2,93,4,1,M0,retrieval,1,300,2871.4864256140413,5483.716832010877,929.7210512984459,0.037636191253237666
A2,93,4,1,M0,retrieval,2,300,20956.806450978096,30258.338222940347,3600.5747899769526,0.19038062647419912
A2,94,4,-1,M0,encoding,0,205,45017.70369767859,33149.167334092344,50963.293470329976,1.4230896685942112
A2,94,4,-1,M0,encoding,1,205,512494.7908038679,437156.3312031685,534597.5095191459,6.717201164848887
A2,94,4,-1,M0,encoding,2,205,178058.98055732792,144454.5620901296,173296.93487155894,1.6175642193937045
A2,94,4,-1,M0,maintenance,0,363,82482.70584311879,83511.08333012283,127879.51366105754,2.6074250101986114
A2,94,4,-1,M0,maintenance,1,363,274184.3974807987,275332.7327628774,361590.80555392324,3.5936984866764248
A2,94,4,-1,M0,maintenance,2,363,266088.6885065358,268428.66701274714,340822.6072836736,2.417263877207207
A2,94,4,-1,M0,retrieval,0,346,7752.399125771592,4271.985879379301,23362.012170575494,0.24506712241018289
A2,94,4,-1,M0,retrieval,1,346,3030.920832349622,822.1103369878842,14638.834460458449,0.03972587684977105
A2,94,4,-1,M0,retrieval,2,346,15524.767235830657,8827.413399785943,36990.67438243551,0.14103365029100687
A2,95,4,-1,M0,encoding,0,205,5964.733861620793,3418.5862523512883,6585.018680306851,0.1885558444160339
A2,95,4,-1,M0,encoding,1,205,38691.5820554467,21645.67893755652,44212.94133244287,0.507125427840995
A2,95,4,-1,M0,encoding,2,205,20207.87598858801,11105.695525353389,17531.059100240924,0.18357702064098397
A2,95,4,-1,M0,maintenance,0,362,2599.134727512129,2667.346735360397,6115.1699082267305,0.08216327076224623
A2,95,4,-1,M0,maintenance,1,362,24809.510896019052,24183.849694999233,6166.952600341387,0.3251749646638799
A2,95,4,-1,M0,maintenance,2,362,3062.3567671318865,3157.552119113584,5372.780946557756,0.027819763530185265
A2,95,4,-1,M0,retrieval,0,298,6013.637099289187,9144.401644942576,522.0284788996405,0.1901017627230641
A2,95,4,-1,M0,retrieval,1,298,67834.04767312072,83727.01230727287,34821.91015766884,0.8890918546344421
A2,95,4,-1,M0,retrieval,2,298,11509.984854473929,16538.121529924494,2003.4934785052565,0.10456164360868157
A2,96,4,-1,M0,encoding,0,205,4683.784059812209,8073.322078496914,2981.8167387726717,0.1480627432755687
A2,96,4,-1,M0,encoding,1,205,3579.6764443044267,11122.69139410749,2473.606543018018,0.04691834378208538
A2,96,4,-1,M0,encoding,2,205,8590.173227468966,16297.646423998325,8713.679181204416,0.07803682132547002
A2,96,4,-1,M0,maintenance,0,363,21343.821697630196,21644.419231197597,34202.79678182606,0.6747161594513045
A2,96,4,-1,M0,maintenance,1,363,159704.81966089547,161275.6049400723,223524.9621141379,2.093229862835226
A2,96,4,-1,M0,maintenance,2,363,56407.598543574524,57221.58612607982,77940.03595025146,0.5124308407271486
A2,96,4,-1,M0,retrieval,0,328,143877.47299924944,126132.43258592288,205139.8955150096,4.548222777947528
A2,96,4,-1,M0,retrieval,1,328,283760.5920047737,251296.89956112838,355444.52389189426,3.7192123966039143
A2,96,4,-1,M0,retrieval,2,328,338999.9258374802,300097.1693769046,434268.61857415806,3.0796208576252013
A2,97,4,-1,M0,encoding,0,205,1626.872431456451,2208.2178648579015,2421.1931181527707,0.05142833061575739
A2,97,4,-1,M0,encoding,1,205,3236.1470198978072,1863.675152940235,5082.092222506651,0.04241574923636422
A2,97,4,-1,M0,encoding,2,205,2627.2239567422334,3122.5562385114845,2769.9608863630524,0.023866830279823798
A2,97,4,-1,M0,maintenance,0,362,647.3540393752155,731.1270089304459,9207.363903331818,0.020464012370428938
A2,97,4,-1,M0,maintenance,1,362,739.6241790911776,835.8318315186758,12215.75501344409,0.009694155894831316
A2,97,4,-1,M0,maintenance,2,362,1031.8481038900736,1179.641173328739,10267.736490427844,0.009373751144017383
A2,97,4,-1,M0,retrieval,0,302,2415.9056679554046,407.1994273289966,13593.440251946551,0.07637107435452825
A2,97,4,-1,M0,retrieval,1,302,2900.224958420115,206.12620451419087,12758.510947130639,0.03801286338631089
A2,97,4,-1,M0,retrieval,2,302,3793.6943639956357,340.1922772557487,16888.5929385271,0.03446354822041212
A2,98,4,-1,M0,encoding,0,205,5795.904074061621,3095.4457302452865,6959.640156543447,0.18321883460229704
A2,98,4,-1,M0,encoding,1,205,62952.47523643863,37830.352081635974,71582.42486730685,0.8251097329692794
A2,98,4,-1,M0,encoding,2,205,27564.727384702946,14912.868828068405,24864.956707409718,0.2504098169902855
A2,98,4,-1,M0,maintenance,0,362,3785.959674879649,3604.2115971371272,3378.3534055436694,0.11968091787216933
A2,98,4,-1,M0,maintenance,1,362,13764.6050020327,13368.80020534945,17431.550053394327,0.18041084985139527
A2,98,4,-1,M0,maintenance,2,362,9262.494596231636,8990.76211916978,12195.954189503334,0.08414447726419508
A2,98,4,-1,M0,retrieval,0,310,21521.524503316312,27019.357314647288,4874.375876192527,0.6803336611468686
A2,98,4,-1,M0,retrieval,1,310,36056.25335197584,46168.686356676466,12718.0434643817,0.4725845244906454
A2,98,4,-1,M0,retrieval,2,310,43382.88334990242,54594.640441525546,14975.664334484676,0.39410873644949124
A2,99,4,-1,M0,encoding,0,205,1102.424925294125,2304.85366698638,701.3195050625079,0.03484961232413359
A2,99,4,-1,M0,encoding,1,205,2784.737626347803,1038.122188490216,3661.017613493127,0.03649918626131098
A2,99,4,-1,M0,encoding,2,205,1815.9615220748317,4377.099475933295,1155.9414636763415,0.016496974051574118
A2,99,4,-1,M0,maintenance,0,362,3656.2291881626534,3845.9789969219396,15113.117830173504,0.11557990648810414
A2,99,4,-1,M0,maintenance,1,362,4783.85326807104,5031.790179319128,22919.283594346616,0.0627013294990752
A2,99,4,-1,M0,maintenance,2,362,3053.3344101766947,3157.8058875776705,10086.918272225474,0.027737800566342407
A2,99,4,-1,M0,retrieval,0,314,26772.511994899327,19974.71098209034,57644.29201094199,0.8463267135551494
A2,99,4,-1,M0,retrieval,1,314,25909.440166865836,17018.62520747575,54456.44228572319,0.3395915915486027
A2,99,4,-1,M0,retrieval,2,314,41207.75083965037,29326.111179041243,81206.52463622118,0.37434889895064116
A2,84,4,-1,M1,encoding,0,205,4485.427896905708,12994.473261975629,6796.82678763151,0.1417923522305277
A2,84,4,-1,M1,encoding,1,205,13343.425773645558,36075.74232523384,16811.438220430813,0.17489050963663008
A2,84,4,-1,M1,encoding,2,205,9501.06807063968,26077.30355507025,17400.64265015017,0.0863117811243598
A2,84,4,-1,M1,maintenance,0,362,21955.033622338095,33361.567155468256,14655.5846804677,0.6940376553057952
A2,84,4,-1,M1,maintenance,1,362,68737.46649607836,91952.096762789,48959.5457667318,0.9009328451748511
A2,84,4,-1,M1,maintenance,2,362,50366.766045484896,71628.08034625722,41740.61568618762,0.45755332500917884
A2,84,4,-1,M1,retrieval,0,307,20394.439840198615,37023.53215555058,8931.290921792575,0.6447045106578688
A2,84,4,-1,M1,retrieval,1,307,82470.03494395236,122247.35790210283,60918.374541750294,1.0809237961652742
A2,84,4,-1,M1,retrieval,2,307,44302.4398040661,78662.90942811922,27838.949724426257,0.4024623820410363
A2,85,4,1,M1,encoding,0,205,16795.62338064481,42886.84927105103,29063.621935382107,0.5309395226177993
A2,85,4,1,M1,encoding,1,205,2317.24693477219,21991.713996118106,12040.980634210695,0.030371847848598237
A2,85,4,1,M1,encoding,2,205,14425.283866872238,54274.86010455948,40609.76674848125,0.13104547136355876
A2,85,4,1,M1,maintenance,0,363,37751.69699677737,57264.13633160144,29174.360989077504,1.1933982756828918
A2,85,4,1,M1,maintenance,1,363,44122.270645853656,67047.18934926979,31336.136345759856,0.5783047420115731
A2,85,4,1,M1,maintenance,2,363,46562.10815378799,76959.96070607133,44755.57353424454,0.42299017939652955
A2,85,4,1,M1,retrieval,0,332,34159.59526177727,34580.407795200925,31608.845142917977,1.0798455520267187
A2,85,4,1,M1,retrieval,1,332,211128.0706718083,170383.65079998007,220647.4525897046,2.7672275849369767
A2,85,4,1,M1,retrieval,2,332,95077.19741322262,82959.35613930268,93955.02814072734,0.863722077563761
A2,87,4,-1,M1,encoding,0,205,54300.469012749214,79485.39448873504,59035.50498854935,1.7165343876890877
A2,87,4,-1,M1,encoding,1,205,102111.54220462717,155432.40387849405,105928.37255140039,1.3383624234805807
A2,87,4,-1,M1,encoding,2,205,133828.68591517615,185178.56561038,156261.57898569774,1.2157572349751284
A2,87,4,-1,M1,maintenance,0,363,240552.3338719599,269241.4561566454,201128.4956847401,7.604287046455106
A2,87,4,-1,M1,maintenance,1,363,189479.9780522497,226749.30718674298,154537.61666920964,2.4834889097930453
A2,87,4,-1,M1,maintenance,2,363,488091.4340368524,540550.353845816,445579.91697701375,4.434032122498764
A2,87,4,-1,M1,retrieval,0,317,158908.32076771496,198256.11466863565,121620.83462457912,5.023374605174526
A2,87,4,-1,M1,retrieval,1,317,52476.70035074958,70889.75386562856,36051.064508532836,0.6878051427031608
A2,87,4,-1,M1,retrieval,2,317,350423.9847417045,432886.44245675666,298526.0332625406,3.1834019130141478
A2,88,4,1,M1,encoding,0,205,1824.6857653915115,11219.555466475853,8989.134688021513,0.057681561871701655
A2,88,4,1,M1,encoding,1,205,175901.22591808374,277925.22929915483,214685.39487506202,2.3055140087999146
A2,88,4,1,M1,encoding,2,205,19057.008633312114,63764.95836661668,53346.95108867934,0.17312204752288732
A2,88,4,1,M1,maintenance,0,362,63376.256298198125,78819.30404608135,45846.66652178653,2.003436163199842
A2,88,4,1,M1,maintenance,1,362,636704.7272665906,735493.9710891371,598994.1090922874,8.3452043072506
A2,88,4,1,M1,maintenance,2,362,317868.35736706736,380332.5633636183,302544.5149079936,2.8876526179418187
A2,88,4,1,M1,retrieval,0,256,100765.2430653811,137646.54386761622,73884.55747937367,3.1853685235198435
A2,88,4,1,M1,retrieval,1,256,448409.17037034105,541332.146989199,400132.714290321,5.877239448260641
A2,88,4,1,M1,retrieval,2,256,415354.6865413089,520255.65113642113,368065.5539361235,3.7732602826533417
A2,89,4,-1,M1,encoding,0,205,10513.73376864844,23437.37147438479,13995.829989999662,0.3323578209362378
A2,89,4,-1,M1,encoding,1,205,671.0629151988188,8311.330100249907,3658.0905358376153,0.008795532513784088
A2,89,4,-1,M1,encoding,2,205,17767.53041672797,40402.196226957996,29029.1526579541,0.16140787383557603
A2,89,4,-1,M1,maintenance,0,363,17920.679514674823,27679.91324734573,11236.970110623777,0.566504547695016
A2,89,4,-1,M1,maintenance,1,363,1856.7298113599743,5999.8686289121515,4416.65420365671,0.024335911067728144
A2,89,4,-1,M1,maintenance,2,363,38482.3427698053,56319.722844464486,30756.551406480598,0.3495901220373425
A2,89,4,-1,M1,retrieval,0,318,6734.909013425127,16573.770381852584,1986.855992214025,0.21290245056238977
A2,89,4,-1,M1,retrieval,1,318,31151.387766747353,20833.285325147142,41941.145719722066,0.40829710262076563
A2,89,4,-1,M1,retrieval,2,318,23044.55943447621,47448.7882059873,13802.711553569772,0.20934667084033384
A2,90,4,-1,M1,encoding,0,205,13592.379569446823,27653.042217513972,17584.36046312508,0.429679289436708
A2,90,4,-1,M1,encoding,1,205,68381.34485382933,109689.36500169522,67459.87291937647,0.896265206102089
A2,90,4,-1,M1,encoding,2,205,120229.22114768093,168634.03559799583,140816.34689652352,1.0922138588311598
A2,90,4,-1,M1,maintenance,0,362,70070.14090942191,84851.72507294611,49375.10936245822,2.2150417594552003
A2,90,4,-1,M1,maintenance,1,362,143063.55610226555,169592.7794996075,108369.78468274411,1.8751150312966447
A2,90,4,-1,M1,maintenance,2,362,330731.9159559095,374330.28292460577,296233.99728955765,3.004510706437313
A2,90,4,-1,M1,retrieval,0,427,127646.36356758593,160528.3445971458,90938.94510310404,4.0351285451287735
A2,90,4,-1,M1,retrieval,1,427,118363.08861350262,156743.7593963964,86933.74335461388,1.551369284090938
A2,90,4,-1,M1,retrieval,2,427,393821.3983735611,473453.77475569065,328923.44172851596,3.5776426487827027
A2,91,4,-1,M1,encoding,0,205,2975.4307127966244,275.03785055773534,3226.097618420578,0.09405865602196707
A2,91,4,-1,M1,encoding,1,205,11167.134273938582,1552.4754752929964,12346.302156568225,0.14636614595684988
A2,91,4,-1,M1,encoding,2,205,6109.339373047988,179.5246124282067,1828.6944802708822,0.05549986157982018
A2,91,4,-1,M1,maintenance,0,362,2575.0181077412185,164.37887487642328,6287.826322693639,0.08140090152484851
A2,91,4,-1,M1,maintenance,1,362,6144.747328833602,973.8609913262163,9348.672745080703,0.08053838722965541
A2,91,4,-1,M1,maintenance,2,362,6098.080658952951,808.1184307948644,8233.178341956997,0.05539758258765976
A2,91,4,-1,M1,retrieval,0,318,637.0060109710431,1906.497183113978,3595.163602431476,0.020136892790736632
A2,91,4,-1,M1,retrieval,1,318,1452.2717125565305,8050.363399994337,509.7443097929301,0.01903473247788607
A2,91,4,-1,M1,retrieval,2,318,1158.7376524774097,6118.878773496326,2309.4870430181263,0.010526470276562398
A2,92,4,-1,M1,encoding,0,205,1668.922226633285,2895.2598448514054,560.9531131090936,0.052757599418193905
A2,92,4,-1,M1,encoding,1,205,23857.624426066624,6474.237388189748,17461.962869956787,0.31269871511071073
A2,92,4,-1,M1,encoding,2,205,4413.567068907681,9589.231393201224,3731.1889136661084,0.040094737980715695
A2,92,4,-1,M1,maintenance,0,363,253813.41802565684,237550.7889083935,303602.85198613926,8.02349349865932
A2,92,4,-1,M1,maintenance,1,363,906189.992638252,839091.6631419588,993842.5378745182,11.877311893407304
A2,92,4,-1,M1,maintenance,2,363,690579.2800906897,651594.7627709289,755545.0141012872,6.27351864327739
A2,92,4,-1,M1,retrieval,0,370,94627.15061166174,73413.30804098723,126959.88655217882,2.9913325057250373
A2,92,4,-1,M1,retrieval,1,370,90158.03827597543,65143.63130955847,120950.01982915844,1.1816894348876215
A2,92,4,-1,M1,retrieval,2,370,189932.1671838006,145357.8514612615,234485.8249861278,1.7254253438202967
A2,93,4,1,M1,encoding,0,205,1469.4587777743195,8756.613197998,5098.074234885601,0.04645220509511563
A2,93,4,1,M1,encoding,1,205,1522.1641973459316,9780.0555556998,3668.5332021131553,0.01995080399444753
A2,93,4,1,M1,encoding,2,205,3297.546295860516,20040.973709179034,13266.651380428095,0.02995632617508378
A2,93,4,1,M1,maintenance,0,362,6778.779965210516,18586.243646827246,7259.1730036570725,0.21428928936377448
A2,93,4,1,M1,maintenance,1,362,3140.611069654036,15458.816559407001,4077.4444883965375,0.04116357222348996
A2,93,4,1,M1,maintenance,2,362,19003.079717571844,46379.85735597575,24713.83424014998,0.17263213410083406
A2,93,4,1,M1,retrieval,0,300,3213.489152472817,10907.370595928778,139.87439454768176,0.10158410663801697
A2,93,4,1,M1,retrieval,1,300,1544.178687046665,5483.716832010877,929.7210512984459,0.020239344987477665
A2,93,4,1,M1,retrieval,2,300,10776.59326830115,30258.338222940347,3600.5747899769526,0.09789919959780205
A2,94,4,-1,M1,encoding,0,205,51876.29971564425,33149.167334092344,50963.293470329976,1.6399020853219803
A2,94,4,-1,M1,encoding,1,205,543590.4420805179,437156.3312031685,534597.5095191459,7.124767736695631
A2,94,4,-1,M1,encoding,2,205,198126.30345078808,144454.5620901296,173296.93487155894,1.7998643953796631
A2,94,4,-1,M1,maintenance,0,363,101375.00127372022,83511.08333012283,127879.51366105754,3.2046440648147834
A2,94,4,-1,M1,maintenance,1,363,328929.2227755957,275332.7327628774,361590.80555392324,4.3112316418190515
A2,94,4,-1,M1,maintenance,2,363,313278.7267593088,268428.66701274714,340822.6072836736,2.845958443190806
A2,94,4,-1,M1,retrieval,0,346,10738.074603755169,4271.985879379301,23362.012170575494,0.33944963367791364
A2,94,4,-1,M1,retrieval,1,346,6389.571939546401,822.1103369878842,14638.834460458449,0.08374727089008084
A2,94,4,-1,M1,retrieval,2,346,21094.52482839824,8827.413399785943,36990.67438243551,0.19163171933663445
A2,95,4,-1,M1,encoding,0,205,3349.2989765292987,3418.5862523512883,6585.018680306851,0.10587729668623222
A2,95,4,-1,M1,encoding,1,205,34420.21134706269,21645.67893755652,44212.94133244287,0.45114113919514465
A2,95,4,-1,M1,encoding,2,205,15247.109699895338,11105.695525353389,17531.059100240924,0.13851129003729643
A2,95,4,-1,M1,maintenance,0,362,2497.1778472426995,2667.346735360397,6115.1699082267305,0.07894023246762519
A2,95,4,-1,M1,maintenance,1,362,17469.96841363488,24183.849694999233,6166.952600341387,0.22897655602289063
A2,95,4,-1,M1,maintenance,2,362,1750.717586811033,3157.552119113584,5372.780946557756,0.0159042701346763
A2,95,4,-1,M1,retrieval,0,298,2125.5447768192525,9144.401644942576,522.0284788996405,0.06719225023869545
A2,95,4,-1,M1,retrieval,1,298,50531.64559514661,83727.01230727287,34821.91015766884,0.6623115683206046
A2,95,4,-1,M1,retrieval,2,298,3254.466940252425,16538.121529924494,2003.4934785052565,0.029564974814944155
A2,96,4,-1,M1,encoding,0,205,2419.7461378069893,8073.322078496914,2981.8167387726717,0.07649247843602117
A2,96,4,-1,M1,encoding,1,205,4620.839335739958,11122.69139410749,2473.606543018018,0.06056472753591496
A2,96,4,-1,M1,encoding,2,205,5562.752976670559,16297.646423998325,8713.679181204416,0.05053443610776533
A2,96,4,-1,M1,maintenance,0,363,20482.08874067392,21644.419231197597,34202.79678182606,0.6474752482674037
A2,96,4,-1,M1,maintenance,1,363,176319.50953084882,161275.6049400723,223524.9621141379,2.3109963965652534
A2,96,4,-1,M1,maintenance,2,363,57255.1965476131,57221.58612607982,77940.03595025146,0.5201307848662814
A2,96,4,-1,M1,retrieval,0,328,165061.11269026445,126132.43258592288,205139.8955150096,5.217875299319031
A2,96,4,-1,M1,retrieval,1,328,308096.4098395688,251296.89956112838,355444.52389189426,4.038178729219761
A2,96,4,-1,M1,retrieval,2,328,379415.74402548117,300097.1693769046,434268.61857415806,3.446775500394728
A2,97,4,-1,M1,encoding,0,205,1664.3277257885684,2208.2178648579015,2421.1931181527707,0.05261235907611934
A2,97,4,-1,M1,encoding,1,205,3745.2094881376343,1863.675152940235,5082.092222506651,0.049087963405171346
A2,97,4,-1,M1,encoding,2,205,2971.560899743477,3122.5562385114845,2769.9608863630524,0.026994934892524833
A2,97,4,-1,M1,maintenance,0,362,3849.3201637343395,731.1270089304459,9207.363903331818,0.12168385559844075
A2,97,4,-1,M1,maintenance,1,362,5905.237736255949,835.8318315186758,12215.75501344409,0.07739916680610422
A2,97,4,-1,M1,maintenance,2,362,6384.049797349171,1179.641173328739,10267.736490427844,0.057995449006262786
A2,97,4,-1,M1,retrieval,0,302,5696.726108068765,407.1994273289966,13593.440251946551,0.1800836427296849
A2,97,4,-1,M1,retrieval,1,302,6792.612286819996,206.12620451419087,12758.510947130639,0.08902986719889557
A2,97,4,-1,M1,retrieval,2,302,9414.48724220061,340.1922772557487,16888.5929385271,0.08552524371001458
A2,98,4,-1,M1,encoding,0,205,4139.49184709223,3095.4457302452865,6959.640156543447,0.13085669851993567
A2,98,4,-1,M1,encoding,1,205,66871.31136929958,37830.352081635974,71582.42486730685,0.8764733977495907
A2,98,4,-1,M1,encoding,2,205,27836.06005347796,14912.868828068405,24864.956707409718,0.25287471943547135
A2,98,4,-1,M1,maintenance,0,362,5143.9640257886995,3604.2115971371272,3378.3534055436694,0.16260985033533967
A2,98,4,-1,M1,maintenance,1,362,22303.721659442344,13368.80020534945,17431.550053394327,0.2923319179035463
A2,98,4,-1,M1,maintenance,2,362,17031.84488832663,8990.76211916978,12195.954189503334,0.15472459066871208
A2,98,4,-1,M1,retrieval,0,310,13094.591067926547,27019.357314647288,4874.375876192527,0.4139433096893663
A2,98,4,-1,M1,retrieval,1,310,23483.944406055285,46168.686356676466,12718.0434643817,0.3078009407123333
A2,98,4,-1,M1,retrieval,2,310,26704.83289423159,54594.640441525546,14975.664334484676,0.24259816628956488
A2,99,4,-1,M1,encoding,0,205,1130.7225039409834,2304.85366698638,701.3195050625079,0.03574414910657398
A2,99,4,-1,M1,encoding,1,205,6189.168358707774,1038.122188490216,3661.017613493127,0.08112060776919797
A2,99,4,-1,M1,encoding,2,205,2049.5272513138098,4377.099475933295,1155.9414636763415,0.01861878540481799
A2,99,4,-1,M1,maintenance,0,362,6056.758253197843,3845.9789969219396,15113.117830173504,0.19146489908020425
A2,99,4,-1,M1,maintenance,1,362,11601.745243016208,5031.790179319128,22919.283594346616,0.15206253421313862
A2,99,4,-1,M1,maintenance,2,362,4375.009589092065,3157.8058875776705,10086.918272225474,0.039744465281498186
A2,99,4,-1,M1,retrieval,0,314,38442.67314782311,19974.71098209034,57644.29201094199,1.2152412605761636
A2,99,4,-1,M1,retrieval,1,314,39590.403446587814,17018.62520747575,54456.44228572319,0.518906160453114
A2,99,4,-1,M1,retrieval,2,314,62040.21863737871,29326.111179041243,81206.52463622118,0.563599979720631
A2,84,4,-1,M2,encoding,0,205,5597.483518124922,12994.473261975629,6796.82678763151,0.17694640797906172
A2,84,4,-1,M2,encoding,1,205,16495.783825793922,36075.74232523384,16811.438220430813,0.21620804799969895
A2,84,4,-1,M2,encoding,2,205,11520.539023129404,26077.30355507025,17400.64265015017,0.10465752220761042
A2,84,4,-1,M2,maintenance,0,362,20963.11744189493,33361.567155468256,14655.5846804677,0.662681420923434
A2,84,4,-1,M2,maintenance,1,362,63846.56704623423,91952.096762789,48959.5457667318,0.8368284755867811
A2,84,4,-1,M2,maintenance,2,362,47436.475706913494,71628.08034625722,41740.61568618762,0.4309333096116286
A2,84,4,-1,M2,retrieval,0,307,20997.65609812455,37023.53215555058,8931.290921792575,0.663773249266736
A2,84,4,-1,M2,retrieval,1,307,82296.0134772677,122247.35790210283,60918.374541750294,1.0786429199111192
A2,84,4,-1,M2,retrieval,2,307,46423.54189603389,78662.90942811922,27838.949724426257,0.42173138402514887
A2,85,4,1,M2,encoding,0,205,20234.851052132777,42886.84927105103,29063.621935382107,0.6396596252713298
A2,85,4,1,M2,encoding,1,205,4618.273897289455,21991.713996118106,12040.980634210695,0.060531102674828974
A2,85,4,1,M2,encoding,2,205,19319.002698666685,54274.86010455948,40609.76674848125,0.1755021140855767
A2,85,4,1,M2,maintenance,0,363,31028.641265212966,57264.13633160144,29174.360989077504,0.980870528438739
A2,85,4,1,M2,maintenance,1,363,33600.80980697559,67047.18934926979,31336.136345759856,0.44040135202400355
A2,85,4,1,M2,maintenance,2,363,35276.29424032442,76959.96070607133,44755.57353424454,0.320465000851678
A2,85,4,1,M2,retrieval,0,332,35067.11173290231,34580.407795200925,31608.845142917977,1.1085337615100408
A2,85,4,1,M2,retrieval,1,332,223634.3651129212,170383.65079998007,220647.4525897046,2.9311459253673604
A2,85,4,1,M2,retrieval,2,332,101136.16807316143,82959.35613930268,93955.02814072734,0.9187643681306096
A2,87,4,-1,M2,encoding,0,205,57538.78056062485,79485.39448873504,59035.50498854935,1.818903174387304
A2,87,4,-1,M2,encoding,1,205,109821.11540344999,155432.40387849405,105928.37255140039,1.4394107755826395
A2,87,4,-1,M2,encoding,2,205,139693.02548159205,185178.56561038,156261.57898569774,1.269031413134062
A2,87,4,-1,M2,maintenance,0,363,233062.19666413692,269241.4561566454,201128.4956847401,7.367510489650063
A2,87,4,-1,M2,maintenance,1,363,181086.18191864603,226749.30718674298,154537.61666920964,2.3734725385481634
A2,87,4,-1,M2,maintenance,2,363,473612.0808735322,540550.353845816,445579.91697701375,4.302495462434539
A2,87,4,-1,M2,retrieval,0,317,161825.9554649059,198256.11466863565,121620.83462457912,5.115606226364894
A2,87,4,-1,M2,retrieval,1,317,52587.49241546456,70889.75386562856,36051.064508532836,0.6892572795824299
A2,87,4,-1,M2,retrieval,2,317,358942.7678173806,432886.44245675666,298526.0332625406,3.2607901955532235
A2,88,4,1,M2,encoding,0,205,3107.7845265379506,11219.555466475853,8989.134688021513,0.09824259543831795
A2,88,4,1,M2,encoding,1,205,190679.35093287777,277925.22929915483,214685.39487506202,2.499208930865272
A2,88,4,1,M2,encoding,2,205,25973.09451987198,63764.95836661668,53346.95108867934,0.23595074076451344
A2,88,4,1,M2,maintenance,0,362,51837.759912021516,78819.30404608135,45846.66652178653,1.6386837735943656
A2,88,4,1,M2,maintenance,1,362,600432.647202856,735493.9710891371,598994.1090922874,7.869790970710261
A2,88,4,1,M2,maintenance,2,362,282169.7492735124,380332.5633636183,302544.5149079936,2.56335113674974
A2,88,4,1,M2,retrieval,0,256,94592.694305746,137646.54386761622,73884.55747937367,2.9902432806215997
A2,88,4,1,M2,retrieval,1,256,428455.50042903627,541332.146989199,400132.714290321,5.6157093461448575
A2,88,4,1,M2,retrieval,2,256,395680.8448969552,520255.65113642113,368065.5539361235,3.594534659254199
A2,89,4,-1,M2,encoding,0,205,12378.446040207085,23437.37147438479,13995.829989999662,0.39130469184677674
A2,89,4,-1,M2,encoding,1,205,1386.579721231323,8311.330100249907,3658.0905358376153,0.018173716271343204
A2,89,4,-1,M2,encoding,2,205,20861.894443727775,40402.196226957996,29029.1526579541,0.18951840505499065
A2,89,4,-1,M2,maintenance,0,363,16877.777496485553,27679.91324734573,11236.970110623777,0.5335365603136931
A2,89,4,-1,M2,maintenance,1,363,2198.176523455777,5999.8686289121515,4416.65420365671,0.02881120777977121
A2,89,4,-1,M2,maintenance,2,363,35841.472386933514,56319.722844464486,30756.551406480598,0.32559932176420153
A2,89,4,-1,M2,retrieval,0,318,7523.806535567896,16573.770381852584,1986.855992214025,0.23784090412902162
A2,89,4,-1,M2,retrieval,1,318,33308.56545884697,20833.285325147142,41941.145719722066,0.436570944162509
A2,89,4,-1,M2,retrieval,2,318,26035.15432267615,47448.7882059873,13802.711553569772,0.23651451865521259
A2,90,4,-1,M2,encoding,0,205,15683.765733580838,27653.042217513972,17584.36046312508,0.4957917251843686
A2,90,4,-1,M2,encoding,1,205,74006.55495853048,109689.36500169522,67459.87291937647,0.9699940879284782
A2,90,4,-1,M2,encoding,2,205,125948.92782520434,168634.03559799583,140816.34689652352,1.1441741297370709
A2,90,4,-1,M2,maintenance,0,362,65857.10020123427,84851.72507294611,49375.10936245822,2.0818600506445435
A2,90,4,-1,M2,maintenance,1,362,133827.29224732006,169592.7794996075,108369.78468274411,1.754056547506055
A2,90,4,-1,M2,maintenance,2,362,319003.333518177,374330.28292460577,296233.99728955765,2.897963228539238
A2,90,4,-1,M2,retrieval,0,427,123631.51086081397,160528.3445971458,90938.94510310404,3.9082119114793916
A2,90,4,-1,M2,retrieval,1,427,112385.1711536609,156743.7593963964,86933.74335461388,1.4730175137995078
A2,90,4,-1,M2,retrieval,2,427,385635.44371801586,473453.77475569065,328923.44172851596,3.5032779224940103
A2,91,4,-1,M2,encoding,0,205,2213.1281378363365,275.03785055773534,3226.097618420578,0.06996091602940738
A2,91,4,-1,M2,encoding,1,205,8761.893334934153,1552.4754752929964,12346.302156568225,0.11484097238019615
A2,91,4,-1,M2,encoding,2,205,4322.002868088796,179.5246124282067,1828.6944802708822,0.03926292947233034
A2,91,4,-1,M2,maintenance,0,362,2529.0790361477157,164.37887487642328,6287.826322693639,0.0799486857786043
A2,91,4,-1,M2,maintenance,1,362,5715.407027140766,973.8609913262163,9348.672745080703,0.07491108091084564
A2,91,4,-1,M2,maintenance,2,362,6122.494825664357,808.1184307948644,8233.178341956997,0.05561937135897067
A2,91,4,-1,M2,retrieval,0,318,98.46314087211,1906.497183113978,3595.163602431476,0.003112594979376119
A2,91,4,-1,M2,retrieval,1,318,743.9918594445807,8050.363399994337,509.7443097929301,0.00975140250120472
A2,91,4,-1,M2,retrieval,2,318,192.3131295876614,6118.878773496326,2309.4870430181263,0.0017470550284346413
A2,92,4,-1,M2,encoding,0,205,1031.1842663470384,2895.2598448514054,560.9531131090936,0.03259756840798265
A2,92,4,-1,M2,encoding,1,205,19058.44370015738,6474.237388189748,17461.962869956787,0.24979649065720377
A2,92,4,-1,M2,encoding,2,205,3536.618146916787,9589.231393201224,3731.1889136661084,0.03212815750267211
A2,92,4,-1,M2,maintenance,0,363,265540.61548973393,237550.7889083935,303602.85198613926,8.394211064903219
A2,92,4,-1,M2,maintenance,1,363,928838.7855712327,839091.6631419588,993842.5378745182,12.174166614668383
A2,92,4,-1,M2,maintenance,2,363,715016.46336984,651594.7627709289,755545.0141012872,6.495516506970612
A2,92,4,-1,M2,retrieval,0,370,93443.26428706455,73413.30804098723,126959.88655217882,2.9539077537066194
A2,92,4,-1,M2,retrieval,1,370,93187.42984963929,65143.63130955847,120950.01982915844,1.2213952679468807
A2,92,4,-1,M2,retrieval,2,370,187445.785354839,145357.8514612615,234485.8249861278,1.7028379838921957
A2,93,4,1,M2,encoding,0,205,1845.91816164774,8756.613197998,5098.074234885601,0.058352755674803046
A2,93,4,1,M2,encoding,1,205,1162.3469968510149,9780.0555556998,3668.5332021131553,0.015234727730519043
A2,93,4,1,M2,encoding,2,205,4150.5479046508035,20040.973709179034,13266.651380428095,0.03770535897952691
A2,93,4,1,M2,maintenance,0,362,5885.407199387534,18586.243646827246,7259.1730036570725,0.18604818755671632
A2,93,4,1,M2,maintenance,1,362,2174.454534798455,15458.816559407001,4077.4444883965375,0.028500286824669298
A2,93,4,1,M2,maintenance,2,362,15218.481349258956,46379.85735597575,24713.83424014998,0.1382512178100787
A2,93,4,1,M2,retrieval,0,300,1626.5601354040043,10907.370595928778,139.87439454768176,0.05141845838218537
A2,93,4,1,M2,retrieval,1,300,671.9264030177287,5483.716832010877,929.7210512984459,0.008806850133957196
A2,93,4,1,M2,retrieval,2,300,6457.850809062868,30258.338222940347,3600.5747899769526,0.0586658890791503
A2,94,4,-1,M2,encoding,0,205,49303.33044847551,33149.167334092344,50963.293470329976,1.5585659512910686
A2,94,4,-1,M2,encoding,1,205,525509.6098408364,437156.3312031685,534597.5095191459,6.887784669626163
A2,94,4,-1,M2,encoding,2,205,191090.7165182529,144454.5620901296,173296.93487155894,1.7359501033350748
A2,94,4,-1,M2,maintenance,0,363,105660.98852913488,83511.08333012283,127879.51366105754,3.3401317437036906
A2,94,4,-1,M2,maintenance,1,363,333325.83532505756,275332.7327628774,361590.80555392324,4.368857458644057
A2,94,4,-1,M2,maintenance,2,363,321774.3338249201,268428.66701274714,340822.6072836736,2.9231361849050845
A2,94,4,-1,M2,retrieval,0,346,9941.552585702842,4271.985879379301,23362.012170575494,0.3142701562369856
A2,94,4,-1,M2,retrieval,1,346,6343.003152538871,822.1103369878842,14638.834460458449,0.08313689998300895
A2,94,4,-1,M2,retrieval,2,346,19327.926124055997,8827.413399785943,36990.67438243551,0.17558317831260414
A2,95,4,-1,M2,encoding,0,205,3695.713231984355,3418.5862523512883,6585.018680306851,0.11682806732754475
A2,95,4,-1,M2,encoding,1,205,32606.857729247557,21645.67893755652,44212.94133244287,0.4273737541359425
A2,95,4,-1,M2,encoding,2,205,15739.141208480412,11105.695525353389,17531.059100240924,0.14298111548844958
A2,95,4,-1,M2,maintenance,0,362,2947.595535388924,2667.346735360397,6115.1699082267305,0.09317873656498178
A2,95,4,-1,M2,maintenance,1,362,13636.740447554657,24183.849694999233,6166.952600341387,0.17873494611599228
A2,95,4,-1,M2,maintenance,2,362,2712.0324352594293,3157.552119113584,5372.780946557756,0.024637266906615937
A2,95,4,-1,M2,retrieval,0,298,2244.9103433356954,9144.401644942576,522.0284788996405,0.07096560806334622
A2,95,4,-1,M2,retrieval,1,298,51444.49239749285,83727.01230727287,34821.91015766884,0.6742761301348442
A2,95,4,-1,M2,retrieval,2,298,3726.585047371466,16538.121529924494,2003.4934785052565,0.033853898378435915
A2,96,4,-1,M2,encoding,0,205,2767.8297354225115,8073.322078496914,2981.8167387726717,0.08749601995160712
A2,96,4,-1,M2,encoding,1,205,4319.19268740151,11122.69139410749,2473.606543018018,0.05661108497417579
A2,96,4,-1,M2,encoding,2,205,5967.186176789254,16297.646423998325,8713.679181204416,0.054208480919205056
A2,96,4,-1,M2,maintenance,0,363,23596.40992641878,21644.419231197597,34202.79678182606,0.7459244791273536
A2,96,4,-1,M2,maintenance,1,363,188466.52239243148,161275.6049400723,223524.9621141379,2.470205681044563
A2,96,4,-1,M2,maintenance,2,363,64028.51528434862,57221.58612607982,77940.03595025146,0.5816625200295344
A2,96,4,-1,M2,retrieval,0,328,160791.78089800596,126132.43258592288,205139.8955150096,5.082914129238799
A2,96,4,-1,M2,retrieval,1,328,305796.80469260004,251296.89956112838,355444.52389189426,4.008038109941111
A2,96,4,-1,M2,retrieval,2,328,368955.93870036874,300097.1693769046,434268.61857415806,3.351754138468654
A2,97,4,-1,M2,encoding,0,205,1309.475760540295,2208.2178648579015,2421.1931181527707,0.0413948574235148
A2,97,4,-1,M2,encoding,1,205,2534.995922868476,1863.675152940235,5082.092222506651,0.033225854918974104
A2,97,4,-1,M2,encoding,2,205,2287.579458726052,3122.5562385114845,2769.9608863630524,0.020781353851815
A2,97,4,-1,M2,maintenance,0,362,4166.789021183604,731.1270089304459,9207.363903331818,0.13171961073536378
A2,97,4,-1,M2,maintenance,1,362,6455.106162548664,835.8318315186758,12215.75501344409,0.08460621924816615
A2,97,4,-1,M2,maintenance,2,362,7058.514373929693,1179.641173328739,10267.736490427844,0.0641225747648758
A2,97,4,-1,M2,retrieval,0,302,4377.635762252577,407.1994273289966,13593.440251946551,0.1383848511680402
A2,97,4,-1,M2,retrieval,1,302,5489.816812006121,206.12620451419087,12758.510947130639,0.07195429991897627
A2,97,4,-1,M2,retrieval,2,302,6634.876667419333,340.1922772557487,16888.5929385271,0.06027406797295612
A2,98,4,-1,M2,encoding,0,205,4187.135426066748,3095.4457302452865,6959.640156543447,0.1323627967756089
A2,98,4,-1,M2,encoding,1,205,61909.317532361536,37830.352081635974,71582.42486730685,0.811437203471064
A2,98,4,-1,M2,encoding,2,205,26787.159511253194,14912.868828068405,24864.956707409718,0.24334605662107778
A2,98,4,-1,M2,maintenance,0,362,3706.701690618469,3604.2115971371272,3378.3534055436694,0.11717543204567873
A2,98,4,-1,M2,maintenance,1,362,18940.184520247065,13368.80020534945,17431.550053394327,0.2482464832906868
A2,98,4,-1,M2,maintenance,2,362,14347.226091652668,8990.76211916978,12195.954189503334,0.13033636102357232
A2,98,4,-1,M2,retrieval,0,310,13443.704182845084,27019.357314647288,4874.375876192527,0.42497939607768503
A2,98,4,-1,M2,retrieval,1,310,23014.352148254224,46168.686356676466,12718.0434643817,0.30164605735018724
A2,98,4,-1,M2,retrieval,2,310,28045.341034294448,54594.640441525546,14975.664334484676,0.25477591770869973
A2,99,4,-1,M2,encoding,0,205,759.9442596844507,2304.85366698638,701.3195050625079,0.024023189452912617
A2,99,4,-1,M2,encoding,1,205,4128.8136859131055,1038.122188490216,3661.017613493127,0.05411581268359345
A2,99,4,-1,M2,encoding,2,205,1401.3744549151986,4377.099475933295,1155.9414636763415,0.012730687152919858
A2,99,4,-1,M2,maintenance,0,362,7517.219019556088,3845.9789969219396,15113.117830173504,0.2376326610333484
A2,99,4,-1,M2,maintenance,1,362,13543.758482270041,5031.790179319128,22919.283594346616,0.1775162438448139
A2,99,4,-1,M2,maintenance,2,362,5794.622254993504,3157.8058875776705,10086.918272225474,0.05264083617260835
A2,99,4,-1,M2,retrieval,0,314,36195.45583798127,19974.71098209034,57644.29201094199,1.1442027251990936
A2,99,4,-1,M2,retrieval,1,314,38081.41263249377,17018.62520747575,54456.44228572319,0.4991280182435517
A2,99,4,-1,M2,retrieval,2,314,57017.25360433586,29326.111179041243,81206.52463622118,0.5179692090215934
A2,84,4,-1,M3,encoding,0,205,8744.0909200634,12994.473261975629,6796.82678763151,0.27641626354727517
A2,84,4,-1,M3,encoding,1,205,22652.680950629732,36075.74232523384,16811.438220430813,0.29690568099208825
A2,84,4,-1,M3,encoding,2,205,17883.485293899084,26077.30355507025,17400.64265015017,0.16246125771876527
A2,84,4,-1,M3,maintenance,0,362,26349.91027427506,33361.567155468256,14655.5846804677,0.832967521656129
A2,84,4,-1,M3,maintenance,1,362,73332.15376712475,91952.096762789,48959.5457667318,0.9611548010717661
A2,84,4,-1,M3,maintenance,2,362,59044.5741959359,71628.08034625722,41740.61568618762,0.536386259596341
A2,84,4,-1,M3,retrieval,0,307,25237.175532096222,37023.53215555058,8931.290921792575,0.7977919976863843
A2,84,4,-1,M3,retrieval,1,307,91331.8019377163,122247.35790210283,60918.374541750294,1.1970737993287432
A2,84,4,-1,M3,retrieval,2,307,55273.91318892968,78662.90942811922,27838.949724426257,0.5021319562789489
A2,85,4,1,M3,encoding,0,205,25797.09699574958,42886.84927105103,29063.621935382107,0.8154921108574242
A2,85,4,1,M3,encoding,1,205,10017.020524863883,21991.713996118106,12040.980634210695,0.1312917577803857
A2,85,4,1,M3,encoding,2,205,27252.200647985952,54274.86010455948,40609.76674848125,0.24757068994746542
A2,85,4,1,M3,maintenance,0,363,32646.527748875018,57264.13633160144,29174.360989077504,1.0320147972650588
A2,85,4,1,M3,maintenance,1,363,33669.71357871445,67047.18934926979,31336.136345759856,0.4413044646099107
A2,85,4,1,M3,maintenance,2,363,36524.941190287245,76959.96070607133,44755.57353424454,0.33180824578430107
A2,85,4,1,M3,retrieval,0,332,33726.68057130123,34580.407795200925,31608.845142917977,1.0661603488111915
A2,85,4,1,M3,retrieval,1,332,233440.949337161,170383.65079998007,220647.4525897046,3.0596795225009594
A2,85,4,1,M3,retrieval,2,332,104210.08201097953,82959.35613930268,93955.02814072734,0.9466891219607555
A2,87,4,-1,M3,encoding,0,205,66276.30867291732,79485.39448873504,59035.50498854935,2.0951119759103385
A2,87,4,-1,M3,encoding,1,205,122211.29169949668,155432.40387849405,105928.37255140039,1.6018071709058828
A2,87,4,-1,M3,encoding,2,205,157615.46138814258,185178.56561038,156261.57898569774,1.4318465149394957
A2,87,4,-1,M3,maintenance,0,363,246757.51236650939,269241.4561566454,201128.4956847401,7.8004437732992535
A2,87,4,-1,M3,maintenance,1,363,196627.1681126822,226749.30718674298,154537.61666920964,2.577166180783507
A2,87,4,-1,M3,maintenance,2,363,503376.54855997616,540550.353845816,445579.91697701375,4.572888664665588
A2,87,4,-1,M3,retrieval,0,317,170220.6796870533,198256.11466863565,121620.83462457912,5.380978387314355
A2,87,4,-1,M3,retrieval,1,317,52456.8917351537,70889.75386562856,36051.064508532836,0.6875455138090877
A2,87,4,-1,M3,retrieval,2,317,377075.25606853346,432886.44245675666,298526.0332625406,3.4255135030316604
A2,88,4,1,M3,encoding,0,205,6843.669846828927,11219.555466475853,8989.134688021513,0.216340573915017
A2,88,4,1,M3,encoding,1,205,209301.20205049976,277925.22929915483,214685.39487506202,2.7432830605217497
A2,88,4,1,M3,encoding,2,205,39448.86427359419,63764.95836661668,53346.95108867934,0.35837041830159155
A2,88,4,1,M3,maintenance,0,362,50148.35597691345,78819.30404608135,45846.66652178653,1.585278710948785
A2,88,4,1,M3,maintenance,1,362,609080.6141785968,735493.9710891371,598994.1090922874,7.983138725429689
A2,88,4,1,M3,maintenance,2,362,280108.3540825592,380332.5633636183,302544.5149079936,2.5446245378863788
A2,88,4,1,M3,retrieval,0,256,80073.16666665883,137646.54386761622,73884.55747937367,2.5312551919617476
A2,88,4,1,M3,retrieval,1,256,390412.40565359395,541332.146989199,400132.714290321,5.1170835549651486
A2,88,4,1,M3,retrieval,2,256,350414.1475840272,520255.65113642113,368065.5539361235,3.183312548050755
A2,89,4,-1,M3,encoding,0,205,17176.916818850834,23437.37147438479,13995.829989999662,0.5429928862513098
A2,89,4,-1,M3,encoding,1,205,4002.27333558423,8311.330100249907,3658.0905358376153,0.05245726511612207
A2,89,4,-1,M3,encoding,2,205,29690.893806040945,40402.196226957996,29029.1526579541,0.2697248255164935
A2,89,4,-1,M3,maintenance,0,363,21386.292050739932,27679.91324734573,11236.970110623777,0.6760587228378755
A2,89,4,-1,M3,maintenance,1,363,3628.361902627194,5999.8686289121515,4416.65420365671,0.04755645761899666
A2,89,4,-1,M3,maintenance,2,363,45391.821204565495,56319.722844464486,30756.551406480598,0.4123587903502678
A2,89,4,-1,M3,retrieval,0,318,9395.893415767701,16573.770381852584,1986.855992214025,0.2970208995329296
A2,89,4,-1,M3,retrieval,1,318,27878.912395963704,20833.285325147142,41941.145719722066,0.3654052025136684
A2,89,4,-1,M3,retrieval,2,318,30973.503251454793,47448.7882059873,13802.711553569772,0.28137660033775774
A2,90,4,-1,M3,encoding,0,205,20977.38923298137,27653.042217513972,17584.36046312508,0.6631325776191159
A2,90,4,-1,M3,encoding,1,205,82528.19169699823,109689.36500169522,67459.87291937647,1.0816860490043538
A2,90,4,-1,M3,encoding,2,205,142776.52387145068,168634.03559799583,140816.34689652352,1.297043236241111
A2,90,4,-1,M3,maintenance,0,362,72632.16398212484,84851.72507294611,49375.10936245822,2.2960318648134965
A2,90,4,-1,M3,maintenance,1,362,143889.96735202946,169592.7794996075,108369.78468274411,1.8859466938016451
A2,90,4,-1,M3,maintenance,2,362,343552.4840903549,374330.28292460577,296233.99728955765,3.1209782511894355
A2,90,4,-1,M3,retrieval,0,427,134218.81822792586,160528.3445971458,90938.94510310404,4.242895524698544
A2,90,4,-1,M3,retrieval,1,427,121801.27481646994,156743.7593963964,86933.74335461388,1.596433134069421
A2,90,4,-1,M3,retrieval,2,427,411789.14716181136,473453.77475569065,328923.44172851596,3.740869392258138
A2,91,4,-1,M3,encoding,0,205,1297.3715993868486,275.03785055773534,3226.097618420578,0.04101222336469768
A2,91,4,-1,M3,encoding,1,205,6665.88711737453,1552.4754752929964,12346.302156568225,0.08736889723180663
A2,91,4,-1,M3,encoding,2,205,1541.4010993821098,179.5246124282067,1828.6944802708822,0.014002749304137857
A2,91,4,-1,M3,maintenance,0,362,1023.4692017971213,164.37887487642328,6287.826322693639,0.03235368149790707
A2,91,4,-1,M3,maintenance,1,362,2630.322958997594,973.8609913262163,9348.672745080703,0.03447529372229096
A2,91,4,-1,M3,maintenance,2,362,2582.2443613323744,808.1184307948644,8233.178341956997,0.02345821632555953
A2,91,4,-1,M3,retrieval,0,318,202.9926613145676,1906.497183113978,3595.163602431476,0.006416959004777075
A2,91,4,-1,M3,retrieval,1,318,1868.7523485095114,8050.363399994337,509.7443097929301,0.024493488865579782
A2,91,4,-1,M3,retrieval,2,318,1275.2660993439988,6118.878773496326,2309.4870430181263,0.011585064713096468
A2,92,4,-1,M3,encoding,0,205,919.7330110701212,2895.2598448514054,560.9531131090936,0.02907439603558517
A2,92,4,-1,M3,encoding,1,205,11989.228134216433,6474.237388189748,17461.962869956787,0.15714122101119668
A2,92,4,-1,M3,encoding,2,205,4000.685220316951,9589.231393201224,3731.1889136661084,0.03634394201958489
A2,92,4,-1,M3,maintenance,0,363,256999.47632025983,237550.7889083935,303602.85198613926,8.124210467099944
A2,92,4,-1,M3,maintenance,1,363,897910.0551578874,839091.6631419588,993842.5378745182,11.76878785241024
A2,92,4,-1,M3,maintenance,2,363,689301.5662534091,651594.7627709289,755545.0141012872,6.261911342262072
A2,92,4,-1,M3,retrieval,0,370,88893.30319411813,73413.30804098723,126959.88655217882,2.8100753923902517
A2,92,4,-1,M3,retrieval,1,370,87486.09459635313,65143.63130955847,120950.01982915844,1.1466686239072459
A2,92,4,-1,M3,retrieval,2,370,176323.6980278794,145357.8514612615,234485.8249861278,1.6018001679463179
A2,93,4,1,M3,encoding,0,205,3679.146130108684,8756.613197998,5098.074234885601,0.11630435177607762
A2,93,4,1,M3,encoding,1,205,2465.8792666807913,9780.0555556998,3668.5332021131553,0.03231995208486696
A2,93,4,1,M3,encoding,2,205,7527.128983836337,20040.973709179034,13266.651380428095,0.06837967105565274
A2,93,4,1,M3,maintenance,0,362,8219.744221905352,18586.243646827246,7259.1730036570725,0.2598407319759329
A2,93,4,1,M3,maintenance,1,362,4370.388820067693,15458.816559407001,4077.4444883965375,0.057282105886293996
A2,93,4,1,M3,maintenance,2,362,19652.445203270614,46379.85735597575,24713.83424014998,0.17853124894293754
A2,93,4,1,M3,retrieval,0,300,295.2764096047964,10907.370595928778,139.87439454768176,0.009334212395863423
A2,93,4,1,M3,retrieval,1,300,1764.1816857963381,5483.716832010877,929.7210512984459,0.023122895076159663
A2,93,4,1,M3,retrieval,2,300,1890.9828339103112,30258.338222940347,3600.5747899769526,0.017178499854637888
A2,94,4,-1,M3,encoding,0,205,43412.36361063651,33149.167334092344,50963.293470329976,1.3723420136762299
A2,94,4,-1,M3,encoding,1,205,500156.5590419345,437156.3312031685,534597.5095191459,6.55548559963614
A2,94,4,-1,M3,encoding,2,205,172407.69841445133,144454.5620901296,173296.93487155894,1.5662255463349049
A2,94,4,-1,M3,maintenance,0,363,96381.65489132538,83511.08333012283,127879.51366105754,3.0467955060295684
A2,94,4,-1,M3,maintenance,1,363,307854.9224785396,275332.7327628774,361590.80555392324,4.03501358644776
A2,94,4,-1,M3,maintenance,2,363,294997.14653974,268428.66701274714,340822.6072836736,2.679880720266692
A2,94,4,-1,M3,retrieval,0,346,8361.817546299357,4271.985879379301,23362.012170575494,0.2643319224081621
A2,94,4,-1,M3,retrieval,1,346,4384.608182431236,822.1103369878842,14638.834460458449,0.05746847718049191
A2,94,4,-1,M3,retrieval,2,346,16290.393263721344,8827.413399785943,36990.67438243551,0.14798892580856926
A2,95,4,-1,M3,encoding,0,205,4563.418674427293,3418.5862523512883,6585.018680306851,0.1442577793985136
A2,95,4,-1,M3,encoding,1,205,33257.26797370889,21645.67893755652,44212.94133244287,0.43589859483700116
A2,95,4,-1,M3,encoding,2,205,16547.130028130483,11105.695525353389,17531.059100240924,0.15032123279253196
A2,95,4,-1,M3,maintenance,0,362,2654.426825881473,2667.346735360397,6115.1699082267305,0.0839111523173058
A2,95,4,-1,M3,maintenance,1,362,15490.16025466383,24183.849694999233,6166.952600341387,0.20302747339756666
A2,95,4,-1,M3,maintenance,2,362,2823.7363983929313,3157.552119113584,5372.780946557756,0.025652033661786998
A2,95,4,-1,M3,retrieval,0,298,3890.3198522998164,9144.401644942576,522.0284788996405,0.12297992866349401
A2,95,4,-1,M3,retrieval,1,298,58353.41886684384,83727.01230727287,34821.91015766884,0.7648305118778977
A2,95,4,-1,M3,retrieval,2,298,7258.890618960342,16538.121529924494,2003.4934785052565,0.06594287859545789
A2,96,4,-1,M3,encoding,0,205,4476.847747042292,8073.322078496914,2981.8167387726717,0.14152111843531645
A2,96,4,-1,M3,encoding,1,205,4254.106821821804,11122.69139410749,2473.606543018018,0.05575801317728699
A2,96,4,-1,M3,encoding,2,205,9019.808884883634,16297.646423998325,8713.679181204416,0.08193981607830084
A2,96,4,-1,M3,maintenance,0,363,24391.397250039714,21644.419231197597,34202.79678182606,0.7710554421481675
A2,96,4,-1,M3,maintenance,1,363,183773.7616509212,161275.6049400723,223524.9621141379,2.4086982891942257
A2,96,4,-1,M3,maintenance,2,363,63607.17349505764,57221.58612607982,77940.03595025146,0.5778348703352637
A2,96,4,-1,M3,retrieval,0,328,150823.61160837885,126132.43258592288,205139.8955150096,4.767802571658444
A2,96,4,-1,M3,retrieval,1,328,296166.71952245256,251296.89956112838,355444.52389189426,3.881817862470802
A2,96,4,-1,M3,retrieval,2,328,349728.6437661,300097.1693769046,434268.61857415806,3.177085137084646
A2,97,4,-1,M3,encoding,0,205,1453.1106730919118,2208.2178648579015,2421.1931181527707,0.04593541243436888
A2,97,4,-1,M3,encoding,1,205,2034.480488072761,1863.675152940235,5082.092222506651,0.026665665582491112
A2,97,4,-1,M3,encoding,2,205,2162.0050959438236,3122.5562385114845,2769.9608863630524,0.019640582431727612
A2,97,4,-1,M3,maintenance,0,362,2322.2645333632454,731.1270089304459,9207.363903331818,0.073410911568606
A2,97,4,-1,M3,maintenance,1,362,3635.0317662136285,835.8318315186758,12215.75501344409,0.04764387863528038
A2,97,4,-1,M3,maintenance,2,362,3550.218233428194,1179.641173328739,10267.736490427844,0.03225170652700468
A2,97,4,-1,M3,retrieval,0,302,2691.2564538074557,407.1994273289966,13593.440251946551,0.08507540234995101
A2,97,4,-1,M3,retrieval,1,302,3390.71782930951,206.12620451419087,12758.510947130639,0.04444168830864891
A2,97,4,-1,M3,retrieval,2,302,3749.6209508396782,340.1922772557487,16888.5929385271,0.03406316641476274
A2,98,4,-1,M3,encoding,0,205,4568.691937453917,3095.4457302452865,6959.640156543447,0.144424476620197
A2,98,4,-1,M3,encoding,1,205,57180.6103773383,37830.352081635974,71582.42486730685,0.7494586667524197
A2,98,4,-1,M3,encoding,2,205,23887.709024441614,14912.868828068405,24864.956707409718,0.21700620367633935
A2,98,4,-1,M3,maintenance,0,362,2502.661729606629,3604.2115971371272,3378.3534055436694,0.07911358774110387
A2,98,4,-1,M3,maintenance,1,362,13464.675338358282,13368.80020534945,17431.550053394327,0.17647971157963566
A2,98,4,-1,M3,maintenance,2,362,9332.712693221549,8990.76211916978,12195.954189503334,0.08478236860160071
A2,98,4,-1,M3,retrieval,0,310,17172.117703873813,27019.357314647288,4874.375876192527,0.5428411776926491
A2,98,4,-1,M3,retrieval,1,310,28027.905509568096,46168.686356676466,12718.0434643817,0.36735803546771273
A2,98,4,-1,M3,retrieval,2,310,35481.361389692596,54594.640441525546,14975.664334484676,0.3223279188710487
A2,99,4,-1,M3,encoding,0,205,846.6632152655495,2304.85366698638,701.3195050625079,0.02676452985062611
A2,99,4,-1,M3,encoding,1,205,1707.7565896282301,1038.122188490216,3661.017613493127,0.022383338833816945
A2,99,4,-1,M3,encoding,2,205,1465.777211749929,4377.099475933295,1155.9414636763415,0.01331574944385347
A2,99,4,-1,M3,maintenance,0,362,6274.014969643178,3845.9789969219396,15113.117830173504,0.198332770233348
A2,99,4,-1,M3,maintenance,1,362,10365.313254043038,5031.790179319128,22919.283594346616,0.13585678432920378
A2,99,4,-1,M3,maintenance,2,362,4621.527330451872,3157.8058875776705,10086.918272225474,0.04198393827309487
A2,99,4,-1,M3,retrieval,0,314,30631.774735876923,19974.71098209034,57644.29201094199,0.9683248717010744
A2,99,4,-1,M3,retrieval,1,314,31693.139377867068,17018.62520747575,54456.44228572319,0.41539776904425074
A2,99,4,-1,M3,retrieval,2,314,47006.265284184665,29326.111179041243,81206.52463622118,0.4270250934439394
