dataset,trial_id,block,cue,model,stage,channel,n_samples,MSE,zero_MSE,baseline_MSE,normalized_MSE
B2,2,0,-1,M0,encoding,0,205,138011.347552418,161155.36071619755,122410.86963119694,1.9252348257340377
B2,2,0,-1,M0,encoding,1,205,262608.32302306994,259460.22638347346,232205.7778448793,2.141618467633468
B2,2,0,-1,M0,encoding,2,205,327292.69019848906,325591.4438059195,293579.73161831213,1.9989360431888188
B2,2,0,-1,M0,maintenance,0,362,528331.3038512161,524973.3961136026,392871.1259744775,7.370131831467737
B2,2,0,-1,M0,maintenance,1,362,873518.1507573414,873037.2074781338,763982.1266895374,7.123698830027619
B2,2,0,-1,M0,maintenance,2,362,1104731.432131797,1099551.6322678826,894235.3853175974,6.747133510353133
B2,2,0,-1,M0,retrieval,0,385,359911.69818808715,392105.4059511316,277893.23285069,5.020706976849191
B2,2,0,-1,M0,retrieval,1,385,785418.6312186994,788891.2685723844,768463.2869548138,6.405231281620876
B2,2,0,-1,M0,retrieval,2,385,941372.0225555891,983928.5833753013,817980.024108399,5.749417943904362
B2,3,0,-1,M0,encoding,0,205,3772.9153670404926,1255.4303102473652,5209.109122758867,0.052631527682277246
B2,3,0,-1,M0,encoding,1,205,1327.2641527057494,1481.1419612374627,3269.296705577778,0.010824079709814869
B2,3,0,-1,M0,encoding,2,205,2053.3941682632026,2132.1147572929162,4572.6316825414615,0.012541079396932987
B2,3,0,-1,M0,maintenance,0,363,1693.3925729328946,1901.3863607881506,19684.848091476797,0.023622538384472546
B2,3,0,-1,M0,maintenance,1,363,1091.8473102893006,1103.39772653783,8258.3410486699,0.008904212694530919
B2,3,0,-1,M0,maintenance,2,363,3136.3724636102643,3401.5944422035795,25738.445246551975,0.019155355894362753
B2,3,0,-1,M0,retrieval,0,384,38987.87789896328,34748.639509205874,80455.81273046222,0.5438742657305169
B2,3,0,-1,M0,retrieval,1,384,141037.28188898618,141031.57111745092,148623.96515778516,1.150184594460646
B2,3,0,-1,M0,retrieval,2,384,82431.22116286634,79373.73643735803,131602.0329589579,0.5034476601557879
B2,4,0,1,M0,encoding,0,205,2677.3718932631314,3390.96967543666,1393.202208628692,0.03734888255035624
B2,4,0,1,M0,encoding,1,205,1820.8460936959643,986.5294911141408,952.7334864699005,0.014849329892087863
B2,4,0,1,M0,encoding,2,205,4528.107183383158,2706.952083305735,1435.9739425008077,0.027655358421838003
B2,4,0,1,M0,maintenance,0,363,192110.54056006973,194235.36938893516,279018.5085731693,2.679909367136367
B2,4,0,1,M0,maintenance,1,363,561776.3640256681,561879.1863914924,647881.4858764661,4.581388061229347
B2,4,0,1,M0,maintenance,2,363,484865.2252419877,487779.83574621787,626963.25261473,2.9613083452529505
B2,4,0,1,M0,retrieval,0,248,149282.31235407456,122409.24519494368,204229.41649339345,2.082462867779857
B2,4,0,1,M0,retrieval,1,248,184628.43402472849,181285.50644315418,190946.3232235358,1.5056783402971963
B2,4,0,1,M0,retrieval,2,248,213533.92879699467,186030.08723080915,265678.46700332017,1.3041558198478769
B2,5,0,-1,M0,encoding,0,205,1133.376160725862,1796.6141907368449,1100.2855599268473,0.01581040468036455
B2,5,0,-1,M0,encoding,1,205,607.1949418658052,727.0511205657682,2605.4800758581036,0.00495178479487568
B2,5,0,-1,M0,encoding,2,205,474.62031797663815,467.80339051078687,1316.3837228336702,0.002898737701284658
B2,5,0,-1,M0,maintenance,0,363,593.9318001834491,699.9243913193835,14066.52009515245,0.008285247598135292
B2,5,0,-1,M0,maintenance,1,363,7923.096775887902,7968.00346258473,22324.499539123102,0.06461429013656232
B2,5,0,-1,M0,maintenance,2,363,7547.87777559967,7978.2773321836885,36068.871954635506,0.046098569833869396
B2,5,0,-1,M0,retrieval,0,285,6004.22603026719,1561.0347310467973,21741.182713889964,0.08375793193859514
B2,5,0,-1,M0,retrieval,1,285,5519.3383693348715,5170.208734946008,7142.835565188488,0.04501120468998672
B2,5,0,-1,M0,retrieval,2,285,24502.38693219316,16242.337710472755,49203.3435061051,0.14964802407660288
B2,6,0,1,M0,encoding,0,205,36197.40367000189,54356.70598831754,35406.22400819457,0.5049476248333301
B2,6,0,1,M0,encoding,1,205,174256.32971881764,204535.6418626991,180799.81513863627,1.4210919499115118
B2,6,0,1,M0,encoding,2,205,152191.29080657393,203294.81227190813,179113.05016217657,0.9295064196765133
B2,6,0,1,M0,maintenance,0,362,288530.0377458175,286362.6827687337,191887.09781025408,4.024944954092451
B2,6,0,1,M0,maintenance,1,362,440636.7696404834,441141.8676518299,364266.41222711006,3.593472714486328
B2,6,0,1,M0,maintenance,2,362,677233.0728932266,674888.0253424228,516105.2262681635,4.136192587206279
B2,6,0,1,M0,retrieval,0,284,327899.6897581098,364812.2104048865,245268.9748559026,4.574144903772728
B2,6,0,1,M0,retrieval,1,284,345193.35900256404,350365.88831345766,335377.3405009171,2.8151144032071533
B2,6,0,1,M0,retrieval,2,284,587401.0857883671,633140.6979042361,491819.7288885101,3.587544840914492
B2,7,0,1,M0,encoding,0,205,103020.43156289967,136905.0359046331,101541.41773008436,1.4371174988470687
B2,7,0,1,M0,encoding,1,205,93569.98967011344,114967.9071542927,97067.88210060522,0.7630802237604007
B2,7,0,1,M0,encoding,2,205,192556.2304783439,250091.37724959877,222208.50811212056,1.1760347877317547
B2,7,0,1,M0,maintenance,0,363,296652.5032085535,294940.32104736124,198611.06224666795,4.138251965849161
B2,7,0,1,M0,maintenance,1,363,241433.86172599823,241908.39730235105,186074.00300108927,1.9689368982377597
B2,7,0,1,M0,maintenance,2,363,571425.0322308894,569832.6759500484,424954.4882090622,3.4899712920992414
B2,7,0,1,M0,retrieval,0,297,155765.59017178882,180687.72686404362,100427.18550143963,2.172903490677418
B2,7,0,1,M0,retrieval,1,297,217667.728802554,221713.77563637972,209814.9130053604,1.775119777031709
B2,7,0,1,M0,retrieval,2,297,469101.60197662585,508073.4570842587,382280.62387729005,2.865032211810216
B2,8,0,1,M0,encoding,0,205,7114.370640391059,8293.767368731566,4918.384192383286,0.09924426043922548
B2,8,0,1,M0,encoding,1,205,21563.73474640994,29393.078812909233,22334.941924812996,0.1758561649243845
B2,8,0,1,M0,encoding,2,205,12461.261513587753,15099.372001907604,11118.416348202778,0.07610700003109085
B2,8,0,1,M0,maintenance,0,362,9747.159147502885,9731.828174883953,2872.432768270298,0.13597121233540096
B2,8,0,1,M0,maintenance,1,362,44423.24862825809,44767.78416168617,24113.299465160533,0.36227964353663256
B2,8,0,1,M0,maintenance,2,362,18021.978357652268,18194.484561488098,5161.522511879817,0.11006900913928892
B2,8,0,1,M0,retrieval,0,257,16864.688489074168,25852.492298266763,3317.1203482720844,0.23525953611886657
B2,8,0,1,M0,retrieval,1,257,111646.58380829137,114754.148480981,106332.76102056804,0.9104981250385557
B2,8,0,1,M0,retrieval,2,257,43019.12364967979,56217.75864361482,21172.076687550794,0.26273876375787886
B2,9,0,1,M0,encoding,0,205,2712.0615799020006,2080.5529367092013,1122.3183719100177,0.037832797779033984
B2,9,0,1,M0,encoding,1,205,1785.4380170460709,529.1858410865696,695.9339598766079,0.014560570609884416
B2,9,0,1,M0,encoding,2,205,3611.7283079377785,3049.601207600372,1057.9755537404676,0.022058585813706393
B2,9,0,1,M0,maintenance,0,362,15872.895953003186,16526.06537837671,46502.745278257404,0.22142419892225151
B2,9,0,1,M0,maintenance,1,362,101339.55186920463,101438.22009513796,140447.89913817606,0.8264424115976037
B2,9,0,1,M0,maintenance,2,362,39704.493547649035,40585.604563876805,85660.80223858736,0.24249470154931058
B2,9,0,1,M0,retrieval,0,252,10406.879870207553,5286.419934652604,24986.583411113646,0.1451742042134931
B2,9,0,1,M0,retrieval,1,252,11226.1996985619,10746.595678090669,12508.726232651265,0.09155169310330406
B2,9,0,1,M0,retrieval,2,252,19499.25281445201,12426.619171063709,35886.480385080584,0.11909144454897787
B2,10,0,-1,M0,encoding,0,205,79457.87910463181,95745.48829526574,68162.91498490263,1.1084238995137752
B2,10,0,-1,M0,encoding,1,205,249482.4996483329,246422.45654835468,220146.46924657954,2.0345749991758346
B2,10,0,-1,M0,encoding,2,205,254367.8718428191,252894.9153405806,225690.6710391938,1.553548620189113
B2,10,0,-1,M0,maintenance,0,362,541728.514962142,538414.7705590522,404289.45679178217,7.5570206479012505
B2,10,0,-1,M0,maintenance,1,362,618459.7139477488,618059.3807018758,526609.9949017786,5.043651052756062
B2,10,0,-1,M0,maintenance,2,362,1034639.8038478236,1029696.0629208328,830745.8026672783,6.31904976055213
B2,10,0,-1,M0,retrieval,0,290,571371.0327564696,617324.5385783436,458260.5820133141,7.970528729607395
B2,10,0,-1,M0,retrieval,1,290,503326.9430178449,506458.8102905325,488390.63804675476,4.104722439927464
B2,10,0,-1,M0,retrieval,2,290,1010749.5461137282,1061217.708847219,875408.4013809069,6.173140307955456
B2,11,0,1,M0,encoding,0,205,26233.056683733623,42322.98866450221,24636.038303446305,0.36594667908591244
B2,11,0,1,M0,encoding,1,205,85735.24025479391,106334.36431622521,89414.04489984887,0.6991864223607596
B2,11,0,1,M0,encoding,2,205,46901.84344136865,73778.75201931578,59505.56045465665,0.2864524266951799
B2,11,0,1,M0,maintenance,0,362,77628.72763571634,76942.00269463513,33370.37945773632,1.0829075476198764
B2,11,0,1,M0,maintenance,1,362,147812.68541439893,148300.81632405557,106183.66062731078,1.2054392381393164
B2,11,0,1,M0,maintenance,2,362,202192.0602093604,201338.14245812668,119697.75364868903,1.2348854982186834
B2,11,0,1,M0,retrieval,0,330,21349.405297558646,29642.375964655937,4309.6552789865145,0.29782057284789215
B2,11,0,1,M0,retrieval,1,330,75294.89776740196,77602.76023941558,70635.00537037714,0.6140435372380644
B2,11,0,1,M0,retrieval,2,330,179801.96596286775,201577.94006731204,125653.08095622277,1.0981382755032418
B2,12,0,1,M0,encoding,0,205,3202.1597536673735,807.0650322621112,2004.471914119991,0.04466958394839862
B2,12,0,1,M0,encoding,1,205,13180.877736172992,5785.092133134526,10864.657116480508,0.10749244675282837
B2,12,0,1,M0,encoding,2,205,6913.771207129067,358.82814483056205,1122.7011520273772,0.042225771837159004
B2,12,0,1,M0,maintenance,0,363,5753.008709810358,6112.5757271703205,28282.941804800357,0.08025349304463113
B2,12,0,1,M0,maintenance,1,363,50101.25869192753,49997.54450117891,80139.1775406812,0.40858484465051703
B2,12,0,1,M0,maintenance,2,363,16807.521551210557,17287.813893296054,52499.79746156585,0.10265172926719622
B2,12,0,1,M0,retrieval,0,365,60322.39069359772,50714.79303010845,108976.21005236547,0.8414870906954955
B2,12,0,1,M0,retrieval,1,365,186420.63771567083,183320.65547535833,193998.07057363685,1.5202940862038703
B2,12,0,1,M0,retrieval,2,365,156265.63151471043,142852.32109849286,218590.44600816374,0.9543904049827123
B2,13,0,1,M0,encoding,0,205,3825.8808755843856,837.0689469861617,2664.298217785452,0.053370387518224364
B2,13,0,1,M0,encoding,1,205,6918.330751359834,3216.750463324951,5879.834431236655,0.05642024110944549
B2,13,0,1,M0,encoding,2,205,5695.0991210667125,1076.8168515368648,1284.6412112357796,0.03478274719710123
B2,13,0,1,M0,maintenance,0,362,134475.10430037515,136193.13941511037,210795.4012438504,1.8759048338033804
B2,13,0,1,M0,maintenance,1,362,286495.3451380168,286428.420530965,352286.22872973623,2.3364214621053736
B2,13,0,1,M0,maintenance,2,362,309430.0398466798,311645.3180947854,426878.96624787396,1.889840127867714
B2,13,0,1,M0,retrieval,0,329,105448.99357397085,85500.1458825413,154872.17904255984,1.4709955258578051
B2,13,0,1,M0,retrieval,1,329,51875.988014342125,50326.591676801305,54980.615926019986,0.4230580839149093
B2,13,0,1,M0,retrieval,2,329,112175.95079441842,94458.91698664674,151187.76608849614,0.6851132272033054
B2,15,0,1,M0,encoding,0,205,61241.912783770626,87635.80478743743,60595.54214460464,0.8543142674634077
B2,15,0,1,M0,encoding,1,205,124069.16498646293,150697.96227246718,129337.89655367499,1.0118065259322735
B2,15,0,1,M0,encoding,2,205,181267.47161832498,239170.709827521,212179.5704886572,1.1070888331047999
B2,15,0,1,M0,maintenance,0,362,372322.8597517183,369931.20973782777,261059.31555613657,5.193840569802764
B2,15,0,1,M0,maintenance,1,362,159145.14985827712,159532.0973370739,114850.41301012858,1.2978575394993883
B2,15,0,1,M0,maintenance,2,362,678581.7234221082,676332.0750498739,517219.28288319247,4.144429453572625
B2,15,0,1,M0,retrieval,0,347,329001.7025118903,361509.01300957997,243536.46297194253,4.589517794260414
B2,15,0,1,M0,retrieval,1,347,60549.42268752543,62591.74197711712,56754.777995081495,0.4937915155901499
B2,15,0,1,M0,retrieval,2,347,571120.5826839126,610130.5136667455,472048.03311899974,3.4881118702697607
B2,17,0,-1,M0,encoding,0,205,11498.691674140571,14898.73563734945,8678.755374932167,0.1604047931857585
B2,17,0,-1,M0,encoding,1,205,36348.78342355203,35288.249616728324,26641.654312616756,0.29643091643005415
B2,17,0,-1,M0,encoding,2,205,46460.713851198125,45925.53895828363,36719.07491268144,0.28375823319830035
B2,17,0,-1,M0,maintenance,0,362,10932.501698037317,10894.341626322928,8087.648191894808,0.15250653931528246
B2,17,0,-1,M0,maintenance,1,362,16603.783716457565,16544.242515037557,9991.279006069317,0.1354068653666912
B2,17,0,-1,M0,maintenance,2,362,36275.96919145982,35706.680433366564,18255.310155920826,0.22155503159706977
B2,17,0,-1,M0,retrieval,0,304,56418.63577319182,67490.85887998773,25529.39372428211,0.7870303734966327
B2,17,0,-1,M0,retrieval,1,304,145245.2577560937,146774.2703225024,137219.91572096947,1.1845014002823782
B2,17,0,-1,M0,retrieval,2,304,81625.27821665473,93152.56053111839,46499.62569264029,0.49852537361477434
B2,2,0,-1,M1,encoding,0,205,121841.60210638093,161155.36071619755,122410.86963119694,1.6996696268713765
B2,2,0,-1,M1,encoding,1,205,253178.06799564895,259460.22638347346,232205.7778448793,2.064713028808348
B2,2,0,-1,M1,encoding,2,205,296896.45059220324,325591.4438059195,293579.73161831213,1.813291387056842
B2,2,0,-1,M1,maintenance,0,362,492598.1654590579,524973.3961136026,392871.1259744775,6.871660628299259
B2,2,0,-1,M1,maintenance,1,362,864545.2714068725,873037.2074781338,763982.1266895374,7.050523372739759
B2,2,0,-1,M1,maintenance,2,362,1066658.5225169426,1099551.6322678826,894235.3853175974,6.514603687422935
B2,2,0,-1,M1,retrieval,0,385,359612.5584816486,392105.4059511316,277893.23285069,5.016534028821301
B2,2,0,-1,M1,retrieval,1,385,784744.1759255932,788891.2685723844,768463.2869548138,6.399730976471818
B2,2,0,-1,M1,retrieval,2,385,941583.6038327095,983928.5833753013,817980.024108399,5.750710173928333
B2,3,0,-1,M1,encoding,0,205,3955.3900330597003,1255.4303102473652,5209.109122758867,0.05517701823841387
B2,3,0,-1,M1,encoding,1,205,1415.3201269324918,1481.1419612374627,3269.296705577778,0.011542192138311208
B2,3,0,-1,M1,encoding,2,205,2997.6160552615147,2132.1147572929162,4572.6316825414615,0.018307902852550146
B2,3,0,-1,M1,maintenance,0,363,4886.589610842893,1901.3863607881506,19684.848091476797,0.0681670939724119
B2,3,0,-1,M1,maintenance,1,363,1479.2389666610798,1103.39772653783,8258.3410486699,0.01206346186052189
B2,3,0,-1,M1,maintenance,2,363,5920.921229050746,3401.5944422035795,25738.445246551975,0.03616195291881901
B2,3,0,-1,M1,retrieval,0,384,43561.14975057598,34748.639509205874,80455.81273046222,0.6076706302499627
B2,3,0,-1,M1,retrieval,1,384,142228.04587871305,141031.57111745092,148623.96515778516,1.1598954906029897
B2,3,0,-1,M1,retrieval,2,384,89314.64418848016,79373.73643735803,131602.0329589579,0.5454880808510095
B2,4,0,1,M1,encoding,0,205,1861.6723473828629,3390.96967543666,1393.202208628692,0.02597001261744964
B2,4,0,1,M1,encoding,1,205,1433.28550813217,986.5294911141408,952.7334864699005,0.011688703077920408
B2,4,0,1,M1,encoding,2,205,4193.619691569801,2706.952083305735,1435.9739425008077,0.02561248021708477
B2,4,0,1,M1,maintenance,0,363,212518.71555409025,194235.36938893516,279018.5085731693,2.9645999373319802
B2,4,0,1,M1,maintenance,1,363,580168.5560857401,561879.1863914924,647881.4858764661,4.731379720757411
B2,4,0,1,M1,maintenance,2,363,526677.2651823766,487779.83574621787,626963.25261473,3.216674860238075
B2,4,0,1,M1,retrieval,0,248,141653.4101922538,122409.24519494368,204229.41649339345,1.9760409801269112
B2,4,0,1,M1,retrieval,1,248,185263.3367100491,181285.50644315418,190946.3232235358,1.5108560867615122
B2,4,0,1,M1,retrieval,2,248,204904.9087478778,186030.08723080915,265678.46700332017,1.2514541869971156
B2,5,0,-1,M1,encoding,0,205,825.222092942184,1796.6141907368449,1100.2855599268473,0.011511707844849514
B2,5,0,-1,M1,encoding,1,205,890.1311927882051,727.0511205657682,2605.4800758581036,0.007259181198626208
B2,5,0,-1,M1,encoding,2,205,935.1149412406431,467.80339051078687,1316.3837228336702,0.0057112028974331975
B2,5,0,-1,M1,maintenance,0,363,2107.092950501774,699.9243913193835,14066.52009515245,0.029393588290440753
B2,5,0,-1,M1,maintenance,1,363,8812.280624953832,7968.00346258473,22324.499539123102,0.07186574557544312
B2,5,0,-1,M1,maintenance,2,363,10615.542054551437,7978.2773321836885,36068.871954635506,0.06483429134320312
B2,5,0,-1,M1,retrieval,0,285,5084.759964947608,1561.0347310467973,21741.182713889964,0.07093153670785823
B2,5,0,-1,M1,retrieval,1,285,5537.850967633037,5170.208734946008,7142.835565188488,0.04516217828420806
B2,5,0,-1,M1,retrieval,2,285,23171.902949222655,16242.337710472755,49203.3435061051,0.14152210966393375
B2,6,0,1,M1,encoding,0,205,24276.45409431153,54356.70598831754,35406.22400819457,0.3386524057375119
B2,6,0,1,M1,encoding,1,205,169433.8211143408,204535.6418626991,180799.81513863627,1.3817635182427195
B2,6,0,1,M1,encoding,2,205,129663.69830379832,203294.81227190813,179113.05016217657,0.7919194280673854
B2,6,0,1,M1,maintenance,0,362,254028.55829133693,286362.6827687337,191887.09781025408,3.5436551836271257
B2,6,0,1,M1,maintenance,1,362,417038.95307923673,441141.8676518299,364266.41222711006,3.401028243718533
B2,6,0,1,M1,maintenance,2,362,608744.9180493181,674888.0253424228,516105.2262681635,3.7179020315389364
B2,6,0,1,M1,retrieval,0,284,327014.6800537648,364812.2104048865,245268.9748559026,4.561799168917335
B2,6,0,1,M1,retrieval,1,284,343851.80562135525,350365.88831345766,335377.3405009171,2.804173792249212
B2,6,0,1,M1,retrieval,2,284,587460.902320885,633140.6979042361,491819.7288885101,3.5879101696444318
B2,7,0,1,M1,encoding,0,205,86634.22389997898,136905.0359046331,101541.41773008436,1.2085326888742303
B2,7,0,1,M1,encoding,1,205,89737.60778609624,114967.9071542927,97067.88210060522,0.7318264549409175
B2,7,0,1,M1,encoding,2,205,169769.10803453374,250091.37724959877,222208.50811212056,1.0368627202289185
B2,7,0,1,M1,maintenance,0,363,254870.64120138763,294940.32104736124,198611.06224666795,3.5554020970029936
B2,7,0,1,M1,maintenance,1,363,223491.54421448108,241908.39730235105,186074.00300108927,1.8226140471854237
B2,7,0,1,M1,maintenance,2,363,502718.35899275314,569832.6759500484,424954.4882090622,3.070346138051296
B2,7,0,1,M1,retrieval,0,297,155368.54092025242,180687.72686404362,100427.18550143963,2.1673647211476212
B2,7,0,1,M1,retrieval,1,297,216547.14694656766,221713.77563637972,209814.9130053604,1.7659812289093617
B2,7,0,1,M1,retrieval,2,297,467198.3312948984,508073.4570842587,382280.62387729005,2.8534080097440397
B2,8,0,1,M1,encoding,0,205,2115.221543745832,8293.767368731566,4918.384192383286,0.029506980783704704
B2,8,0,1,M1,encoding,1,205,17564.314029206926,29393.078812909233,22334.941924812996,0.14324016414726742
B2,8,0,1,M1,encoding,2,205,3805.474889960799,15099.372001907604,11118.416348202778,0.023241890658723195
B2,8,0,1,M1,maintenance,0,362,3800.784648638479,9731.828174883953,2872.432768270298,0.05302029942063198
B2,8,0,1,M1,maintenance,1,362,36378.604021560895,44767.78416168617,24113.299465160533,0.2966741088113027
B2,8,0,1,M1,maintenance,2,362,7675.478288730923,18194.484561488098,5161.522511879817,0.04687788838410272
B2,8,0,1,M1,retrieval,0,257,16096.895796274726,25852.492298266763,3317.1203482720844,0.22454895863856075
B2,8,0,1,M1,retrieval,1,257,110973.42494540814,114754.148480981,106332.76102056804,0.9050083925129221
B2,8,0,1,M1,retrieval,2,257,42310.476156180484,56217.75864361482,21172.076687550794,0.25841070798672156
B2,9,0,1,M1,encoding,0,205,2287.5093949811935,2080.5529367092013,1122.3183719100177,0.03191036700615444
B2,9,0,1,M1,encoding,1,205,1211.7957718038817,529.1858410865696,695.9339598766079,0.009882414136841192
B2,9,0,1,M1,encoding,2,205,2752.047707801538,3049.601207600372,1057.9755537404676,0.016808097218313806
B2,9,0,1,M1,maintenance,0,362,21903.37670236836,16526.06537837671,46502.745278257404,0.30554837972692717
B2,9,0,1,M1,maintenance,1,362,109965.51371852173,101438.22009513796,140447.89913817606,0.8967886937905571
B2,9,0,1,M1,maintenance,2,362,51052.09643129992,40585.604563876805,85660.80223858736,0.3118000453202539
B2,9,0,1,M1,retrieval,0,252,7418.540518990579,5286.419934652604,24986.583411113646,0.10348737851324234
B2,9,0,1,M1,retrieval,1,252,11355.71812349135,10746.595678090669,12508.726232651265,0.0926079393316589
B2,9,0,1,M1,retrieval,2,252,16282.329409275411,12426.619171063709,35886.480385080584,0.099444124778758
B2,10,0,-1,M1,encoding,0,205,65894.77159251863,95745.48829526574,68162.91498490263,0.9192208564989421
B2,10,0,-1,M1,encoding,1,205,240272.3640787082,246422.45654835468,220146.46924657954,1.959464674422026
B2,10,0,-1,M1,encoding,2,205,227009.25185626224,252894.9153405806,225690.6710391938,1.3864561881831654
B2,10,0,-1,M1,maintenance,0,362,504127.1427708255,538414.7705590522,404289.45679178217,7.032487900979009
B2,10,0,-1,M1,maintenance,1,362,609975.5794603787,618059.3807018758,526609.9949017786,4.974461398403632
B2,10,0,-1,M1,maintenance,2,362,995135.9789284905,1029696.0629208328,830745.8026672783,6.077780640159657
B2,10,0,-1,M1,retrieval,0,290,571211.6259861562,617324.5385783436,458260.5820133141,7.968305032273024
B2,10,0,-1,M1,retrieval,1,290,502753.13211321237,506458.8102905325,488390.63804675476,4.100042908006524
B2,10,0,-1,M1,retrieval,2,290,1012563.9815827992,1061217.708847219,875408.4013809069,6.184221950062913
B2,11,0,1,M1,encoding,0,205,17381.953735375504,42322.98866450221,24636.038303446305,0.2424752983296007
B2,11,0,1,M1,encoding,1,205,81858.20431433678,106334.36431622521,89414.04489984887,0.6675684916182058
B2,11,0,1,M1,encoding,2,205,34106.48809255208,73778.75201931578,59505.56045465665,0.20830495271204003
B2,11,0,1,M1,maintenance,0,362,56396.79114409387,76942.00269463513,33370.37945773632,0.7867256446359957
B2,11,0,1,M1,maintenance,1,362,132848.71119608262,148300.81632405557,106183.66062731078,1.0834053164181
B2,11,0,1,M1,maintenance,2,362,163154.4381006496,201338.14245812668,119697.75364868903,0.9964637057058027
B2,11,0,1,M1,retrieval,0,330,20414.730983397054,29642.375964655937,4309.6552789865145,0.2847820251323898
B2,11,0,1,M1,retrieval,1,330,74583.88598172653,77602.76023941558,70635.00537037714,0.608245107266849
B2,11,0,1,M1,retrieval,2,330,176771.6444139062,201577.94006731204,125653.08095622277,1.0796306242538436
B2,12,0,1,M1,encoding,0,205,4740.656047891798,807.0650322621112,2004.471914119991,0.06613134558925675
B2,12,0,1,M1,encoding,1,205,13712.530321776627,5785.092133134526,10864.657116480508,0.11182816994159345
B2,12,0,1,M1,encoding,2,205,9685.475720187045,358.82814483056205,1122.7011520273772,0.05915392274960576
B2,12,0,1,M1,maintenance,0,363,10597.881288939701,6112.5757271703205,28282.941804800357,0.1478386415197666
B2,12,0,1,M1,maintenance,1,363,57576.22778931693,49997.54450117891,80139.1775406812,0.46954457235325364
B2,12,0,1,M1,maintenance,2,363,27643.34308418572,17287.813893296054,52499.79746156585,0.16883137479087001
B2,12,0,1,M1,retrieval,0,365,64304.55683626486,50714.79303010845,108976.21005236547,0.8970376311089202
B2,12,0,1,M1,retrieval,1,365,187848.3718897762,183320.65547535833,193998.07057363685,1.5319375171467153
B2,12,0,1,M1,retrieval,2,365,163125.5644032751,142852.32109849286,218590.44600816374,0.9962873599574541
B2,13,0,1,M1,encoding,0,205,5091.883514666299,837.0689469861617,2664.298217785452,0.07103090901487862
B2,13,0,1,M1,encoding,1,205,8366.493043908327,3216.750463324951,5879.834431236655,0.06823026706045016
B2,13,0,1,M1,encoding,2,205,8007.4833015863705,1076.8168515368648,1284.6412112357796,0.04890560487943185
B2,13,0,1,M1,maintenance,0,362,153253.48839433643,136193.13941511037,210795.4012438504,2.1378600981338964
B2,13,0,1,M1,maintenance,1,362,302575.76580982056,286428.420530965,352286.22872973623,2.4675602069920863
B2,13,0,1,M1,maintenance,2,362,344605.8111522243,311645.3180947854,426878.96624787396,2.1046757145316795
B2,13,0,1,M1,retrieval,0,329,102036.22534983531,85500.1458825413,154872.17904255984,1.4233879895661334
B2,13,0,1,M1,retrieval,1,329,52194.621479100955,50326.591676801305,54980.615926019986,0.42565659756702073
B2,13,0,1,M1,retrieval,2,329,107956.34574944522,94458.91698664674,151187.76608849614,0.6593420417628267
B2,15,0,1,M1,encoding,0,205,47969.78434308027,87635.80478743743,60595.54214460464,0.669170333005936
B2,15,0,1,M1,encoding,1,205,121938.14615178335,150697.96227246718,129337.89655367499,0.9944276811238264
B2,15,0,1,M1,encoding,2,205,159276.2464879471,239170.709827521,212179.5704886572,0.972777698565459
B2,15,0,1,M1,maintenance,0,362,332348.60855343315,369931.20973782777,261059.31555613657,4.636206564306591
B2,15,0,1,M1,maintenance,1,362,144615.54742425476,159532.0973370739,114850.41301012858,1.179365998401733
B2,15,0,1,M1,maintenance,2,362,609365.8551858086,676332.0750498739,517219.28288319247,3.72169439739328
B2,15,0,1,M1,retrieval,0,347,326549.2739356864,361509.01300957997,243536.46297194253,4.555306832725241
B2,15,0,1,M1,retrieval,1,347,60073.47977260878,62591.74197711712,56754.777995081495,0.48991011486228636
B2,15,0,1,M1,retrieval,2,347,567339.4167485385,610130.5136667455,472048.03311899974,3.4650184462494646
B2,17,0,-1,M1,encoding,0,205,5675.441854313449,14898.73563734945,8678.755374932167,0.07917144860282455
B2,17,0,-1,M1,encoding,1,205,32810.32788246076,35288.249616728324,26641.654312616756,0.2675741702063813
B2,17,0,-1,M1,encoding,2,205,34574.8446937439,45925.53895828363,36719.07491268144,0.21116543484080363
B2,17,0,-1,M1,maintenance,0,362,6188.6286122143665,10894.341626322928,8087.648191894808,0.08633031659403183
B2,17,0,-1,M1,maintenance,1,362,15604.301904456015,16544.242515037557,9991.279006069317,0.12725591005040354
B2,17,0,-1,M1,maintenance,2,362,28199.235512119507,35706.680433366564,18255.310155920826,0.17222648089500786
B2,17,0,-1,M1,retrieval,0,304,52608.95969388917,67490.85887998773,25529.39372428211,0.7338860401304674
B2,17,0,-1,M1,retrieval,1,304,144769.33529963248,146774.2703225024,137219.91572096947,1.1806201663969267
B2,17,0,-1,M1,retrieval,2,304,78588.05464444903,93152.56053111839,46499.62569264029,0.4799755683440768
B2,2,0,-1,M2,encoding,0,205,122661.88004614726,161155.36071619755,122410.86963119694,1.7111123646203124
B2,2,0,-1,M2,encoding,1,205,254473.28279754485,259460.22638347346,232205.7778448793,2.0752757402538977
B2,2,0,-1,M2,encoding,2,205,302166.9714903372,325591.4438059195,293579.73161831213,1.8454810280270406
B2,2,0,-1,M2,maintenance,0,362,461594.82216112595,524973.3961136026,392871.1259744775,6.439169262263606
B2,2,0,-1,M2,maintenance,1,362,853691.8256415819,873037.2074781338,763982.1266895374,6.9620115555177176
B2,2,0,-1,M2,maintenance,2,362,1028375.3135300156,1099551.6322678826,894235.3853175974,6.280789463687939
B2,2,0,-1,M2,retrieval,0,385,339471.36808892107,392105.4059511316,277893.23285069,4.735567848405656
B2,2,0,-1,M2,retrieval,1,385,780683.1654123113,788891.2685723844,768463.2869548138,6.366612699745553
B2,2,0,-1,M2,retrieval,2,385,917261.5456863393,983928.5833753013,817980.024108399,5.602163505672991
B2,3,0,-1,M2,encoding,0,205,3701.7748100406648,1255.4303102473652,5209.109122758867,0.05163912901153632
B2,3,0,-1,M2,encoding,1,205,1302.857620872201,1481.1419612374627,3269.296705577778,0.010625040019435296
B2,3,0,-1,M2,encoding,2,205,2388.921418574175,2132.1147572929162,4572.6316825414615,0.01459030791380542
B2,3,0,-1,M2,maintenance,0,363,8171.846964497006,1901.3863607881506,19684.848091476797,0.11399587530759515
B2,3,0,-1,M2,maintenance,1,363,1898.5069538258153,1103.39772653783,8258.3410486699,0.015482668281182927
B2,3,0,-1,M2,maintenance,2,363,8928.262772498238,3401.5944422035795,25738.445246551975,0.054529254069756956
B2,3,0,-1,M2,retrieval,0,384,51012.426025232206,34748.639509205874,80455.81273046222,0.7116146669871258
B2,3,0,-1,M2,retrieval,1,384,143824.30570761222,141031.57111745092,148623.96515778516,1.1729132788031433
B2,3,0,-1,M2,retrieval,2,384,97266.1337293122,79373.73643735803,131602.0329589579,0.5940517045316017
B2,4,0,1,M2,encoding,0,205,2049.1499428172574,3390.96967543666,1393.202208628692,0.02858529318804247
B2,4,0,1,M2,encoding,1,205,1495.2713207201098,986.5294911141408,952.7334864699005,0.01219420861347016
B2,4,0,1,M2,encoding,2,205,4754.432568484673,2706.952083305735,1435.9739425008077,0.029037637902304368
B2,4,0,1,M2,maintenance,0,363,242684.21383235208,194235.36938893516,279018.5085731693,3.3854035078418043
B2,4,0,1,M2,maintenance,1,363,595619.7265247735,561879.1863914924,647881.4858764661,4.857386815954768
B2,4,0,1,M2,maintenance,2,363,586370.7537590892,487779.83574621787,626963.25261473,3.5812521008336597
B2,4,0,1,M2,retrieval,0,248,162184.8270456455,122409.24519494368,204229.41649339345,2.262450753300088
B2,4,0,1,M2,retrieval,1,248,193035.69013128633,181285.50644315418,190946.3232235358,1.574241037521179
B2,4,0,1,M2,retrieval,2,248,234439.6896938269,186030.08723080915,265678.46700332017,1.431837495053094
B2,5,0,-1,M2,encoding,0,205,821.8039713101343,1796.6141907368449,1100.2855599268473,0.01146402562942794
B2,5,0,-1,M2,encoding,1,205,824.3095493507114,727.0511205657682,2605.4800758581036,0.006722393767317955
B2,5,0,-1,M2,encoding,2,205,795.217619065358,467.80339051078687,1316.3837228336702,0.004856781738585492
B2,5,0,-1,M2,maintenance,0,363,4451.295128029386,699.9243913193835,14066.52009515245,0.06209480997095214
B2,5,0,-1,M2,maintenance,1,363,9936.858734695797,7968.00346258473,22324.499539123102,0.08103688387142224
B2,5,0,-1,M2,maintenance,2,363,14750.422832183247,7978.2773321836885,36068.871954635506,0.09008802437245057
B2,5,0,-1,M2,retrieval,0,285,7847.370998022821,1561.0347310467973,21741.182713889964,0.10946949076133494
B2,5,0,-1,M2,retrieval,1,285,5927.050968931178,5170.208734946008,7142.835565188488,0.04833617483080588
B2,5,0,-1,M2,retrieval,2,285,27258.119654151153,16242.337710472755,49203.3435061051,0.16647862747314066
B2,6,0,1,M2,encoding,0,205,23634.14745847189,54356.70598831754,35406.22400819457,0.3296923374094429
B2,6,0,1,M2,encoding,1,205,168973.58150063743,204535.6418626991,180799.81513863627,1.3780101807822118
B2,6,0,1,M2,encoding,2,205,127093.56235821353,203294.81227190813,179113.05016217657,0.7762223546790094
B2,6,0,1,M2,maintenance,0,362,223385.13563451867,286362.6827687337,191887.09781025408,3.1161846493206125
B2,6,0,1,M2,maintenance,1,362,405802.7831862827,441141.8676518299,364266.41222711006,3.3093952418730295
B2,6,0,1,M2,maintenance,2,362,548750.0616875847,674888.0253424228,516105.2262681635,3.351484190936767
B2,6,0,1,M2,retrieval,0,284,297647.6660135574,364812.2104048865,245268.9748559026,4.152134317724182
B2,6,0,1,M2,retrieval,1,284,333483.70174849645,350365.88831345766,335377.3405009171,2.7196200261200785
B2,6,0,1,M2,retrieval,2,284,538856.2086681415,633140.6979042361,491819.7288885101,3.291057606418233
B2,7,0,1,M2,encoding,0,205,85761.96492333623,136905.0359046331,101541.41773008436,1.1963648245016723
B2,7,0,1,M2,encoding,1,205,89473.56999298128,114967.9071542927,97067.88210060522,0.7296731788856172
B2,7,0,1,M2,encoding,2,205,167059.29864892902,250091.37724959877,222208.50811212056,1.02031259303918
B2,7,0,1,M2,maintenance,0,363,225513.4641416696,294940.32104736124,198611.06224666795,3.14587447001462
B2,7,0,1,M2,maintenance,1,363,215573.2702215713,241908.39730235105,186074.00300108927,1.7580390877180965
B2,7,0,1,M2,maintenance,2,363,449963.4824739332,569832.6759500484,424954.4882090622,2.7481463844805956
B2,7,0,1,M2,retrieval,0,297,135367.2841950169,180687.72686404362,100427.18550143963,1.8883505915939247
B2,7,0,1,M2,retrieval,1,297,208417.2124969742,221713.77563637972,209814.9130053604,1.699680140057851
B2,7,0,1,M2,retrieval,2,297,424189.3775813297,508073.4570842587,382280.62387729005,2.5907313587447347
B2,8,0,1,M2,encoding,0,205,1926.1518086583337,8293.767368731566,4918.384192383286,0.026869490135738184
B2,8,0,1,M2,encoding,1,205,17557.261653180492,29393.078812909233,22334.941924812996,0.14318265074264627
B2,8,0,1,M2,encoding,2,205,3425.007894791601,15099.372001907604,11118.416348202778,0.020918193207899498
B2,8,0,1,M2,maintenance,0,362,2149.538480551143,9731.828174883953,2872.432768270298,0.02998569621560067
B2,8,0,1,M2,maintenance,1,362,33776.51052681799,44767.78416168617,24113.299465160533,0.27545356477561056
B2,8,0,1,M2,maintenance,2,362,4428.284301426884,18194.484561488098,5161.522511879817,0.027045691409243344
B2,8,0,1,M2,retrieval,0,257,10278.22396496417,25852.492298266763,3317.1203482720844,0.14337947621682007
B2,8,0,1,M2,retrieval,1,257,105335.92079183018,114754.148480981,106332.76102056804,0.8590335244368544
B2,8,0,1,M2,retrieval,2,257,30461.14737154897,56217.75864361482,21172.076687550794,0.18604107950271812
B2,9,0,1,M2,encoding,0,205,2450.209132863292,2080.5529367092013,1122.3183719100177,0.034180000678048314
B2,9,0,1,M2,encoding,1,205,1304.249792573816,529.1858410865696,695.9339598766079,0.010636393431969874
B2,9,0,1,M2,encoding,2,205,3163.3895706581293,3049.601207600372,1057.9755537404676,0.019320362540334333
B2,9,0,1,M2,maintenance,0,362,32146.10634937448,16526.06537837671,46502.745278257404,0.4484327162450165
B2,9,0,1,M2,maintenance,1,362,116419.97740212972,101438.22009513796,140447.89913817606,0.9494260148943142
B2,9,0,1,M2,maintenance,2,362,70328.5544746539,40585.604563876805,85660.80223858736,0.42953077356997127
B2,9,0,1,M2,retrieval,0,252,11985.641586460959,5286.419934652604,24986.583411113646,0.16719766164341401
B2,9,0,1,M2,retrieval,1,252,12960.515856910684,10746.595678090669,12508.726232651265,0.1056953556905275
B2,9,0,1,M2,retrieval,2,252,24757.54360188763,12426.619171063709,35886.480385080584,0.1512063902698808
B2,10,0,-1,M2,encoding,0,205,66270.54630964738,95745.48829526574,68162.91498490263,0.9244628498920713
B2,10,0,-1,M2,encoding,1,205,241506.4505050276,246422.45654835468,220146.46924657954,1.9695288728862503
B2,10,0,-1,M2,encoding,2,205,231362.28677250893,252894.9153405806,225690.6710391938,1.4130422949063797
B2,10,0,-1,M2,maintenance,0,362,473117.91243768495,538414.7705590522,404289.45679178217,6.599914411803447
B2,10,0,-1,M2,maintenance,1,362,601064.6655092995,618059.3807018758,526609.9949017786,4.9017912801779895
B2,10,0,-1,M2,maintenance,2,362,958692.1667974137,1029696.0629208328,830745.8026672783,5.855200509892062
B2,10,0,-1,M2,retrieval,0,290,543885.8256448169,617324.5385783436,458260.5820133141,7.587114765014599
B2,10,0,-1,M2,retrieval,1,290,499168.1832955615,506458.8102905325,488390.63804675476,4.0708070006863775
B2,10,0,-1,M2,retrieval,2,290,986046.2731222233,1061217.708847219,875408.4013809069,6.022265374764908
B2,11,0,1,M2,encoding,0,205,16975.26026881147,42322.98866450221,24636.038303446305,0.2368019936404324
B2,11,0,1,M2,encoding,1,205,81592.99108682956,106334.36431622521,89414.04489984887,0.6654056296824085
B2,11,0,1,M2,encoding,2,205,32872.67947759481,73778.75201931578,59505.56045465665,0.20076948190962382
B2,11,0,1,M2,maintenance,0,362,43455.62864056728,76942.00269463513,33370.37945773632,0.6061986287121055
B2,11,0,1,M2,maintenance,1,362,127322.27239953956,148300.81632405557,106183.66062731078,1.0383362064573962
B2,11,0,1,M2,maintenance,2,362,133634.99087423843,201338.14245812668,119697.75364868903,0.8161740481515872
B2,11,0,1,M2,retrieval,0,330,13634.289937043788,29642.375964655937,4309.6552789865145,0.19019602573608768
B2,11,0,1,M2,retrieval,1,330,69898.94480069523,77602.76023941558,70635.00537037714,0.5700385628680571
B2,11,0,1,M2,retrieval,2,330,150739.6859222554,201577.94006731204,125653.08095622277,0.9206407608621547
B2,12,0,1,M2,encoding,0,205,5030.507312472401,807.0650322621112,2004.471914119991,0.07017472143298355
B2,12,0,1,M2,encoding,1,205,13903.151806650594,5785.092133134526,10864.657116480508,0.11338272269770672
B2,12,0,1,M2,encoding,2,205,10534.396738511969,358.82814483056205,1122.7011520273772,0.06433869733262845
B2,12,0,1,M2,maintenance,0,363,18124.15919779942,6112.5757271703205,28282.941804800357,0.2528289382979797
B2,12,0,1,M2,maintenance,1,363,62209.70743766383,49997.54450117891,80139.1775406812,0.5073314386264591
B2,12,0,1,M2,maintenance,2,363,42592.3444745446,17287.813893296054,52499.79746156585,0.26013221524271735
B2,12,0,1,M2,retrieval,0,365,78041.72410381795,50714.79303010845,108976.21005236547,1.0886687781084952
B2,12,0,1,M2,retrieval,1,365,195051.2302691502,183320.65547535833,193998.07057363685,1.5906781326285055
B2,12,0,1,M2,retrieval,2,365,188770.42136568236,142852.32109849286,218590.44600816374,1.1529130055638046
B2,13,0,1,M2,encoding,0,205,5405.253109731938,837.0689469861617,2664.298217785452,0.07540236156893325
B2,13,0,1,M2,encoding,1,205,8426.075598332043,3216.750463324951,5879.834431236655,0.06871617359012018
B2,13,0,1,M2,encoding,2,205,8836.142265709208,1076.8168515368648,1284.6412112357796,0.05396662921789811
B2,13,0,1,M2,maintenance,0,362,178583.63505785327,136193.13941511037,210795.4012438504,2.4912113360024457
B2,13,0,1,M2,maintenance,1,362,313103.10974862863,286428.420530965,352286.22872973623,2.553412604718643
B2,13,0,1,M2,maintenance,2,362,392259.02036368434,311645.3180947854,426878.96624787396,2.3957170983421046
B2,13,0,1,M2,retrieval,0,329,118558.2651404223,85500.1458825413,154872.17904255984,1.6538676346179308
B2,13,0,1,M2,retrieval,1,329,55828.66627727854,50326.591676801305,54980.615926019986,0.45529289150619184
B2,13,0,1,M2,retrieval,2,329,127953.74314360782,94458.91698664674,151187.76608849614,0.7814758981496578
B2,15,0,1,M2,encoding,0,205,47271.90975917375,87635.80478743743,60595.54214460464,0.6594351012531906
B2,15,0,1,M2,encoding,1,205,121498.37674587592,150697.96227246718,129337.89655367499,0.9908412819177782
B2,15,0,1,M2,encoding,2,205,156608.6553931663,239170.709827521,212179.5704886572,0.9564854190629348
B2,15,0,1,M2,maintenance,0,362,297308.2977761079,369931.20973782777,261059.31555613657,4.147400188530659
B2,15,0,1,M2,maintenance,1,362,138238.13165770125,159532.0973370739,114850.41301012858,1.1273570170252059
B2,15,0,1,M2,maintenance,2,362,549567.2908109803,676332.0750498739,517219.28288319247,3.3564754076648535
B2,15,0,1,M2,retrieval,0,347,297213.9728366232,361509.01300957997,243536.46297194253,4.146084371667393
B2,15,0,1,M2,retrieval,1,347,55993.561834574655,62591.74197711712,56754.777995081495,0.4566376446605122
B2,15,0,1,M2,retrieval,2,347,519962.60820349026,610130.5136667455,472048.03311899974,3.175665176078599
B2,17,0,-1,M2,encoding,0,205,5525.5014949544275,14898.73563734945,8678.755374932167,0.07707980609124468
B2,17,0,-1,M2,encoding,1,205,33221.7799516074,35288.249616728324,26641.654312616756,0.2709296363990999
B2,17,0,-1,M2,encoding,2,205,35857.54481900764,45925.53895828363,36719.07491268144,0.21899950993559875
B2,17,0,-1,M2,maintenance,0,362,5663.111166376703,10894.341626322928,8087.648191894808,0.07899943760327928
B2,17,0,-1,M2,maintenance,1,362,14872.667672043537,16544.242515037557,9991.279006069317,0.12128930028857297
B2,17,0,-1,M2,maintenance,2,362,25169.763937049087,35706.680433366564,18255.310155920826,0.1537240208506001
B2,17,0,-1,M2,retrieval,0,304,45016.85046830592,67490.85887998773,25529.39372428211,0.6279774076803857
B2,17,0,-1,M2,retrieval,1,304,142957.82473841374,146774.2703225024,137219.91572096947,1.1658469694641
B2,17,0,-1,M2,retrieval,2,304,71523.10577974685,93152.56053111839,46499.62569264029,0.436826480839634
B2,2,0,-1,M3,encoding,0,205,150806.19261410664,161155.36071619755,122410.86963119694,2.1037207382295904
B2,2,0,-1,M3,encoding,1,205,256926.3340487523,259460.22638347346,232205.7778448793,2.0952808177821365
B2,2,0,-1,M3,encoding,2,205,318370.42489867343,325591.4438059195,293579.73161831213,1.9444434186090342
B2,2,0,-1,M3,maintenance,0,362,511533.20016454253,524973.3961136026,392871.1259744775,7.135801142017783
B2,2,0,-1,M3,maintenance,1,362,869220.4487824047,873037.2074781338,763982.1266895374,7.088650291535179
B2,2,0,-1,M3,maintenance,2,362,1091159.7457575123,1099551.6322678826,894235.3853175974,6.664244604267391
B2,2,0,-1,M3,retrieval,0,385,374839.10886065033,392105.4059511316,277893.23285069,5.228941816915057
B2,2,0,-1,M3,retrieval,1,385,787954.5972446369,788891.2685723844,768463.2869548138,6.425912544163959
B2,2,0,-1,M3,retrieval,2,385,971136.0892367886,983928.5833753013,817980.024108399,5.9312016117426
B2,3,0,-1,M3,encoding,0,205,1684.5445091661604,1255.4303102473652,5209.109122758867,0.023499109399783
B2,3,0,-1,M3,encoding,1,205,1576.3844557960524,1481.1419612374627,3269.296705577778,0.012855700930417885
B2,3,0,-1,M3,encoding,2,205,2548.396401067518,2132.1147572929162,4572.6316825414615,0.015564299390057226
B2,3,0,-1,M3,maintenance,0,363,2764.5619408855805,1901.3863607881506,19684.848091476797,0.03856516888562583
B2,3,0,-1,M3,maintenance,1,363,1219.789921699604,1103.39772653783,8258.3410486699,0.009947607878047198
B2,3,0,-1,M3,maintenance,2,363,3869.1714848306638,3401.5944422035795,25738.445246551975,0.023630916821319587
B2,3,0,-1,M3,retrieval,0,384,39644.35710077387,34748.639509205874,80455.81273046222,0.5530320389434463
B2,3,0,-1,M3,retrieval,1,384,140783.5693985109,141031.57111745092,148623.96515778516,1.1481155231196611
B2,3,0,-1,M3,retrieval,2,384,82263.0368947291,79373.73643735803,131602.0329589579,0.5024204768255615
B2,4,0,1,M3,encoding,0,205,1859.70093009523,3390.96967543666,1393.202208628692,0.025942511681580852
B2,4,0,1,M3,encoding,1,205,799.2479882215684,986.5294911141408,952.7334864699005,0.006518012194319665
B2,4,0,1,M3,encoding,2,205,1455.5199826339715,2706.952083305735,1435.9739425008077,0.008889570228727463
B2,4,0,1,M3,maintenance,0,363,207181.30040069707,194235.36938893516,279018.5085731693,2.8901439037162646
B2,4,0,1,M3,maintenance,1,363,572100.5838210958,561879.1863914924,647881.4858764661,4.665583944753773
B2,4,0,1,M3,maintenance,2,363,516793.4898410024,487779.83574621787,626963.25261473,3.1563098250132673
B2,4,0,1,M3,retrieval,0,248,136287.78488862916,122409.24519494368,204229.41649339345,1.9011914197133781
B2,4,0,1,M3,retrieval,1,248,184885.83286316076,181285.50644315418,190946.3232235358,1.5077774744738595
B2,4,0,1,M3,retrieval,2,248,205681.916158243,186030.08723080915,265678.46700332017,1.2561997501120812
B2,5,0,-1,M3,encoding,0,205,1051.7864993769974,1796.6141907368449,1100.2855599268473,0.014672242781111875
B2,5,0,-1,M3,encoding,1,205,826.8500005822469,727.0511205657682,2605.4800758581036,0.006743111607525557
B2,5,0,-1,M3,encoding,2,205,491.02480138198825,467.80339051078687,1316.3837228336702,0.002998927880078327
B2,5,0,-1,M3,maintenance,0,363,1138.7628687143417,699.9243913193835,14066.52009515245,0.01588554834064612
B2,5,0,-1,M3,maintenance,1,363,8333.50470787032,7968.00346258473,22324.499539123102,0.06796124120147427
B2,5,0,-1,M3,maintenance,2,363,8669.720643262655,7978.2773321836885,36068.871954635506,0.052950211224350396
B2,5,0,-1,M3,retrieval,0,285,2969.7879120003636,1561.0347310467973,21741.182713889964,0.04142803627836107
B2,5,0,-1,M3,retrieval,1,285,5275.611947858335,5170.208734946008,7142.835565188488,0.04302357155149509
B2,5,0,-1,M3,retrieval,2,285,18092.812041693876,16242.337710472755,49203.3435061051,0.11050162498541967
B2,6,0,1,M3,encoding,0,205,46243.928350057366,54356.70598831754,35406.22400819457,0.6450949354325042
B2,6,0,1,M3,encoding,1,205,197083.5238841911,204535.6418626991,180799.81513863627,1.6072518553784994
B2,6,0,1,M3,encoding,2,205,183323.3839745146,203294.81227190813,179113.05016217657,1.119645292303239
B2,6,0,1,M3,maintenance,0,362,269055.2996003185,286362.6827687337,191887.09781025408,3.7532756691771247
B2,6,0,1,M3,maintenance,1,362,431407.1342058125,441141.8676518299,364266.41222711006,3.5182033647990405
B2,6,0,1,M3,maintenance,2,362,637930.880824193,674888.0253424228,516105.2262681635,3.8961549369444404
B2,6,0,1,M3,retrieval,0,284,339930.02376220835,364812.2104048865,245268.9748559026,4.741966017041013
B2,6,0,1,M3,retrieval,1,284,345936.7934022742,350365.88831345766,335377.3405009171,2.8211772454718806
B2,6,0,1,M3,retrieval,2,284,593403.9580206935,633140.6979042361,491819.7288885101,3.624207308568681
B2,7,0,1,M3,encoding,0,205,123255.98857647619,136905.0359046331,101541.41773008436,1.7194000775739198
B2,7,0,1,M3,encoding,1,205,109507.95956167438,114967.9071542927,97067.88210060522,0.8930572567174045
B2,7,0,1,M3,encoding,2,205,227869.87779040541,250091.37724959877,222208.50811212056,1.391712450394273
B2,7,0,1,M3,maintenance,0,363,277298.8479684323,294940.32104736124,198611.06224666795,3.86827176687038
B2,7,0,1,M3,maintenance,1,363,234740.96957829062,241908.39730235105,186074.00300108927,1.9143551497980864
B2,7,0,1,M3,maintenance,2,363,535970.8944847373,569832.6759500484,424954.4882090622,3.273435585854214
B2,7,0,1,M3,retrieval,0,297,163408.29551910012,180687.72686404362,100427.18550143963,2.2795179304203455
B2,7,0,1,M3,retrieval,1,297,218300.9280910803,221713.77563637972,209814.9130053604,1.7802836319864557
B2,7,0,1,M3,retrieval,2,297,472522.8846931589,508073.4570842587,382280.62387729005,2.8859276535381366
B2,8,0,1,M3,encoding,0,205,6153.531288424316,8293.767368731566,4918.384192383286,0.08584071489642497
B2,8,0,1,M3,encoding,1,205,26975.849289493784,29393.078812909233,22334.941924812996,0.21999293987876328
B2,8,0,1,M3,encoding,2,205,11435.63532853772,15099.372001907604,11118.416348202778,0.06984300083547355
B2,8,0,1,M3,maintenance,0,362,7199.119509635195,9731.828174883953,2872.432768270298,0.10042649275130708
B2,8,0,1,M3,maintenance,1,362,41883.85709926698,44767.78416168617,24113.299465160533,0.3415704453953323
B2,8,0,1,M3,maintenance,2,362,13469.159767213834,18194.484561488098,5161.522511879817,0.08226272610556686
B2,8,0,1,M3,retrieval,0,257,19592.5104887295,25852.492298266763,3317.1203482720844,0.27331218907296706
B2,8,0,1,M3,retrieval,1,257,112326.74242495932,114754.148480981,106332.76102056804,0.9160449418248923
B2,8,0,1,M3,retrieval,2,257,44984.01371403912,56217.75864361482,21172.076687550794,0.27473930543868913
B2,9,0,1,M3,encoding,0,205,987.3775035826498,2080.5529367092013,1122.3183719100177,0.013773748244300417
B2,9,0,1,M3,encoding,1,205,413.07803691224177,529.1858410865696,695.9339598766079,0.003368726254526671
B2,9,0,1,M3,encoding,2,205,1312.283648858493,3049.601207600372,1057.9755537404676,0.008014756097973776
B2,9,0,1,M3,maintenance,0,362,20225.996155582103,16526.06537837671,46502.745278257404,0.2821492063839151
B2,9,0,1,M3,maintenance,1,362,105828.131242509,101438.22009513796,140447.89913817606,0.8630475898670783
B2,9,0,1,M3,maintenance,2,362,48740.14263531161,40585.604563876805,85660.80223858736,0.29767981620610673
B2,9,0,1,M3,retrieval,0,252,7169.833647059253,5286.419934652604,24986.583411113646,0.10001795994923834
B2,9,0,1,M3,retrieval,1,252,11510.399011172312,10746.595678090669,12508.726232651265,0.09386939000402919
B2,9,0,1,M3,retrieval,2,252,16953.162462079374,12426.619171063709,35886.480385080584,0.10354122932270306
B2,10,0,-1,M3,encoding,0,205,88123.81965884751,95745.48829526574,68162.91498490263,1.2293122963637535
B2,10,0,-1,M3,encoding,1,205,243956.638281699,246422.45654835468,220146.46924657954,1.9895105982606904
B2,10,0,-1,M3,encoding,2,205,246664.26606305919,252894.9153405806,225690.6710391938,1.5064989435026555
B2,10,0,-1,M3,maintenance,0,362,524766.8222253248,538414.7705590522,404289.45679178217,7.320407919024607
B2,10,0,-1,M3,maintenance,1,362,614881.2774748123,618059.3807018758,526609.9949017786,5.014468254787316
B2,10,0,-1,M3,maintenance,2,362,1021539.2585000554,1029696.0629208328,830745.8026672783,6.2390383424382625
B2,10,0,-1,M3,retrieval,0,290,593767.9594628813,617324.5385783436,458260.5820133141,8.282962047948986
B2,10,0,-1,M3,retrieval,1,290,505599.03689643595,506458.8102905325,488390.63804675476,4.123251777286509
B2,10,0,-1,M3,retrieval,2,290,1046861.515289929,1061217.708847219,875408.4013809069,6.393693711494821
B2,11,0,1,M3,encoding,0,205,35072.3799159876,42322.98866450221,24636.038303446305,0.4892537348060357
B2,11,0,1,M3,encoding,1,205,101068.93135107154,106334.36431622521,89414.04489984887,0.8242354522267712
B2,11,0,1,M3,encoding,2,205,62188.35281413841,73778.75201931578,59505.56045465665,0.3798145929606159
B2,11,0,1,M3,maintenance,0,362,68209.16307296802,76942.00269463513,33370.37945773632,0.9515062240253401
B2,11,0,1,M3,maintenance,1,362,142826.9943171862,148300.81632405557,106183.66062731078,1.1647800236681567
B2,11,0,1,M3,maintenance,2,362,181443.04093759067,201338.14245812668,119697.75364868903,1.1081611205431339
B2,11,0,1,M3,retrieval,0,330,22939.14479155688,29642.375964655937,4309.6552789865145,0.3199971684102806
B2,11,0,1,M3,retrieval,1,330,75677.27336517489,77602.76023941558,70635.00537037714,0.6171618795371046
B2,11,0,1,M3,retrieval,2,330,179433.844925298,201577.94006731204,125653.08095622277,1.095889980835225
B2,12,0,1,M3,encoding,0,205,439.7729646333081,807.0650322621112,2004.471914119991,0.006134758061157082
B2,12,0,1,M3,encoding,1,205,7101.69780606622,5785.092133134526,10864.657116480508,0.05791563267279762
B2,12,0,1,M3,encoding,2,205,803.9469675925016,358.82814483056205,1122.7011520273772,0.004910096126370572
B2,12,0,1,M3,maintenance,0,363,8500.933385609216,6112.5757271703205,28282.941804800357,0.11858657491192126
B2,12,0,1,M3,maintenance,1,363,53299.68770490559,49997.54450117891,80139.1775406812,0.4346686129132874
B2,12,0,1,M3,maintenance,2,363,23249.385494098315,17287.813893296054,52499.79746156585,0.141995333345086
B2,12,0,1,M3,retrieval,0,365,60043.40045313702,50714.79303010845,108976.21005236547,0.837595224291026
B2,12,0,1,M3,retrieval,1,365,185779.20989340363,183320.65547535833,193998.07057363685,1.5150631260651826
B2,12,0,1,M3,retrieval,2,365,161438.46873227894,142852.32109849286,218590.44600816374,0.9859834440862602
B2,13,0,1,M3,encoding,0,205,726.6717273633551,837.0689469861617,2664.298217785452,0.010136947006222675
B2,13,0,1,M3,encoding,1,205,3851.1853228721,3216.750463324951,5879.834431236655,0.031407114271154654
B2,13,0,1,M3,encoding,2,205,1067.4670144667712,1076.8168515368648,1284.6412112357796,0.006519541541971902
B2,13,0,1,M3,maintenance,0,362,147427.17300877464,136193.13941511037,210795.4012438504,2.0565839894303477
B2,13,0,1,M3,maintenance,1,362,294098.1085407524,286428.420530965,352286.22872973623,2.398423375528795
B2,13,0,1,M3,maintenance,2,362,335343.17416694993,311645.3180947854,426878.96624787396,2.0481042741074837
B2,13,0,1,M3,retrieval,0,329,96983.97362309975,85500.1458825413,154872.17904255984,1.3529099372524143
B2,13,0,1,M3,retrieval,1,329,51997.19956250892,50326.591676801305,54980.615926019986,0.4240465860577819
B2,13,0,1,M3,retrieval,2,329,107925.86742595377,94458.91698664674,151187.76608849614,0.6591558957803849
B2,15,0,1,M3,encoding,0,205,76770.2991138626,87635.80478743743,60595.54214460464,1.0709326157393768
B2,15,0,1,M3,encoding,1,205,144240.65352510256,150697.96227246718,129337.89655367499,1.1763086707108776
B2,15,0,1,M3,encoding,2,205,217174.08615320644,239170.709827521,212179.5704886572,1.3263880357210687
B2,15,0,1,M3,maintenance,0,362,350188.14529255475,369931.20973782777,261059.31555613657,4.885065067713887
B2,15,0,1,M3,maintenance,1,362,153718.9532571818,159532.0973370739,114850.41301012858,1.2536059228097876
B2,15,0,1,M3,maintenance,2,362,639301.383956004,676332.0750498739,517219.28288319247,3.904525267811955
B2,15,0,1,M3,retrieval,0,347,336978.88533487485,361509.01300957997,243536.46297194253,4.700798137901898
B2,15,0,1,M3,retrieval,1,347,60756.55061686775,62591.74197711712,56754.777995081495,0.4954806813924205
B2,15,0,1,M3,retrieval,2,347,571243.9843608965,610130.5136667455,472048.03311899974,3.4888655444803383
B2,17,0,-1,M3,encoding,0,205,12665.48893070494,14898.73563734945,8678.755374932167,0.17668141646889454
B2,17,0,-1,M3,encoding,1,205,34410.36308748104,35288.249616728324,26641.654312616756,0.2806227472830267
B2,17,0,-1,M3,encoding,2,205,43696.82261185984,45925.53895828363,36719.07491268144,0.26687780175812204
B2,17,0,-1,M3,maintenance,0,362,9753.311305418318,10894.341626322928,8087.648191894808,0.13605703389197774
B2,17,0,-1,M3,maintenance,1,362,16195.4737427284,16544.242515037557,9991.279006069317,0.13207702353155445
B2,17,0,-1,M3,maintenance,2,362,34597.240309040964,35706.680433366564,18255.310155920826,0.21130221578326694
B2,17,0,-1,M3,retrieval,0,304,60133.27629888488,67490.85887998773,25529.39372428211,0.8388489770533512
B2,17,0,-1,M3,retrieval,1,304,146453.27197038117,146774.2703225024,137219.91572096947,1.1943529751323292
B2,17,0,-1,M3,retrieval,2,304,89115.50435665801,93152.56053111839,46499.62569264029,0.5442718367997827
B2,24,1,-1,M0,encoding,0,205,10811.477407084103,16268.51689511395,5530.7871499410585,0.12406977850187867
B2,24,1,-1,M0,encoding,1,205,3953.5526411894816,1380.3702994376863,4814.840255608977,0.02788322334357655
B2,24,1,-1,M0,encoding,2,205,11128.375197426752,12539.751726757819,4372.3024928105215,0.055706678030901007
B2,24,1,-1,M0,maintenance,0,362,23660.637325622578,22753.27632929249,3000.775242608056,0.27152348579850666
B2,24,1,-1,M0,maintenance,1,362,18154.75911199294,19019.346618901865,51929.25675286275,0.12804008167100797
B2,24,1,-1,M0,maintenance,2,362,5590.172193479525,5075.773803508416,4351.195078441095,0.027983413301114063
B2,24,1,-1,M0,retrieval,0,324,15596.079902222067,23244.838218073983,1054.0349792347295,0.17897666582537586
B2,24,1,-1,M0,retrieval,1,324,45386.64211931143,31622.149467786716,75981.58865012201,0.320098401079336
B2,24,1,-1,M0,retrieval,2,324,3423.7091302735857,726.0075472064987,13868.042216734219,0.01713848237572978
B2,25,1,-1,M0,encoding,0,205,86244.76428415124,103366.66803647683,71813.32427413373,0.989723087676258
B2,25,1,-1,M0,encoding,1,205,3672.529703864788,8136.185216785787,1475.1453795317893,0.02590125268648803
B2,25,1,-1,M0,encoding,2,205,68400.44074124307,72365.22803182976,49802.63653816879,0.34240050878453787
B2,25,1,-1,M0,maintenance,0,363,147357.4753035037,145121.27095822047,80867.59518273281,1.691037092629197
B2,25,1,-1,M0,maintenance,1,363,98003.98411941229,100000.93771335167,160975.7801045649,0.6911927640198918
B2,25,1,-1,M0,maintenance,2,363,24357.297469317564,23671.93750885934,13859.289144759869,0.1219283232057008
B2,25,1,-1,M0,retrieval,0,309,54147.60677135795,72542.61814475394,23099.80527375843,0.6213842313657572
B2,25,1,-1,M0,retrieval,1,309,364603.622543165,326871.546645007,447204.1582342718,2.571440211351143
B2,25,1,-1,M0,retrieval,2,309,30885.104390568573,19059.04734666864,72200.37517629763,0.15460537012033965
B2,26,1,1,M0,encoding,0,205,42616.3438558267,61693.73315383436,40179.56164831722,0.4890543765357919
B2,26,1,1,M0,encoding,1,205,241973.45045190834,294236.37606143666,237986.32863914684,1.7065663150336818
B2,26,1,1,M0,encoding,2,205,111934.18411694234,161608.44678356664,127053.43719272406,0.5603227285772995
B2,26,1,1,M0,maintenance,0,362,181766.16642882675,179541.0920620651,106341.69785706759,2.0859025236628064
B2,26,1,1,M0,maintenance,1,362,198665.87295571624,197174.82924221904,128554.0481954629,1.401130934405421
B2,26,1,1,M0,maintenance,2,362,323216.6008488722,319694.9110076259,201272.03813404552,1.6179651385131046
B2,26,1,1,M0,retrieval,0,315,119930.98422148055,148895.16709732436,71568.12414406399,1.3762976222030083
B2,26,1,1,M0,retrieval,1,315,25040.42300948023,30510.490918061918,36562.92307593252,0.176602608023174
B2,26,1,1,M0,retrieval,2,315,148281.13557972366,191320.64851724866,91783.30749289528,0.7422691391377682
B2,27,1,-1,M0,encoding,0,205,50624.23193332117,37487.188693057156,63155.20113352528,0.5809508734374612
B2,27,1,-1,M0,encoding,1,205,112120.27893739824,89399.99315140498,126000.06403787974,0.7907507658769892
B2,27,1,-1,M0,encoding,2,205,128156.50949599742,122605.32190718727,157570.0924648268,0.6415288202817291
B2,27,1,-1,M0,maintenance,0,363,80856.16048128647,82469.29438362474,145508.52404258552,0.9278848342089059
B2,27,1,-1,M0,maintenance,1,363,43710.752671128044,42853.82886336559,41535.76713138668,0.30827885445284126
B2,27,1,-1,M0,maintenance,2,363,145452.20611177554,147638.46718212645,229350.85524643125,0.7281080185566114
B2,27,1,-1,M0,retrieval,0,347,6213.499840404034,1489.3981346622388,21570.666084231347,0.07130455162541041
B2,27,1,-1,M0,retrieval,1,347,31340.47921490899,42860.51268564833,12823.326004280054,0.22103501861584132
B2,27,1,-1,M0,retrieval,2,347,6655.914971445738,13073.407042367126,1539.9403567177746,0.03331833315622911
B2,28,1,-1,M0,encoding,0,205,2519.0964008751434,1060.7600951225604,4080.433560857196,0.028908512751149792
B2,28,1,-1,M0,encoding,1,205,5401.619106309725,1508.8542749035007,7798.350395364086,0.038096002665807406
B2,28,1,-1,M0,encoding,2,205,1669.7336407548964,1593.8084995071804,3014.9923900610256,0.00835839129007848
B2,28,1,-1,M0,maintenance,0,362,1585.5493598439177,1385.8747167971196,6455.582778646794,0.018195363174947077
B2,28,1,-1,M0,maintenance,1,362,14811.601425299226,14107.989924279074,5512.823353600237,0.10446179122921696
B2,28,1,-1,M0,maintenance,2,362,7976.138770616179,7191.812461624317,3797.087504498991,0.039927139994996266
B2,28,1,-1,M0,retrieval,0,273,7519.591587753048,12207.441897724659,770.2815158156012,0.08629292996587153
B2,28,1,-1,M0,retrieval,1,273,26855.80579119237,38569.58106655788,9743.060856100139,0.18940595937587876
B2,28,1,-1,M0,retrieval,2,273,19470.09897424934,31108.293202633507,1501.1120578323296,0.0974638719081904
B2,29,1,-1,M0,encoding,0,205,87738.95000735628,104953.8490492601,72135.61683270766,1.006869984879895
B2,29,1,-1,M0,encoding,1,205,22958.97981218236,33025.75609888835,15629.317008897577,0.16192281220040658
B2,29,1,-1,M0,encoding,2,205,77702.03790200592,81848.23392148323,57346.22993489105,0.3889626590549185
B2,29,1,-1,M0,maintenance,0,363,165459.23293808804,163149.30792679125,95199.99455756055,1.898768281961932
B2,29,1,-1,M0,maintenance,1,363,18418.543986555578,19018.911594402216,35349.04903113926,0.12990047743138275
B2,29,1,-1,M0,maintenance,2,363,68190.17925327155,66398.25858097734,28178.82877007726,0.34134797696341135
B2,29,1,-1,M0,retrieval,0,303,56687.0301744647,75168.72984364744,23733.436534633118,0.6505260116500593
B2,29,1,-1,M0,retrieval,1,303,82240.99824359952,63037.71699126958,121479.24322689716,0.5800211430433988
B2,29,1,-1,M0,retrieval,2,303,2898.651089670141,3208.280281939753,8717.143581951892,0.014510134688261867
B2,30,1,1,M0,encoding,0,205,7185.033720522511,16104.704883655553,6432.282996979746,0.0824536285530826
B2,30,1,1,M0,encoding,1,205,1925.59271407113,7752.702165164949,1645.7705010660868,0.013580629015996899
B2,30,1,1,M0,encoding,2,205,51520.94613262967,85939.44587613584,62669.449952488925,0.25790474414642756
B2,30,1,1,M0,maintenance,0,362,58004.609941217124,56637.91501368722,19698.321142363377,0.6656462235937495
B2,30,1,1,M0,maintenance,1,362,5913.075477762985,6348.353922884297,22647.00134732609,0.04170315135712618
B2,30,1,1,M0,maintenance,2,362,282460.67108685384,278763.10404134955,168800.5436105644,1.4139481623755852
B2,30,1,1,M0,retrieval,0,335,35309.49009109334,48521.04998553402,9936.523764899708,0.40520277198616095
B2,30,1,1,M0,retrieval,1,335,50817.23310685637,36612.90222406844,83201.2153643056,0.35839873375121156
B2,30,1,1,M0,retrieval,2,335,147284.37404415754,183740.5411699662,82194.19628027789,0.7372795271818192
B2,31,1,1,M0,encoding,0,205,12944.936102257292,23833.588252613517,10771.249213011202,0.14855281054147798
B2,31,1,1,M0,encoding,1,205,4324.417875581836,311.891204078873,3507.8586933038764,0.030498824828983515
B2,31,1,1,M0,encoding,2,205,8069.720014064266,9095.147227213547,4222.718264509755,0.04039559114855725
B2,31,1,1,M0,maintenance,0,363,10159.87761270383,10234.737256937593,8085.1600660459,0.1165921841716479
B2,31,1,1,M0,maintenance,1,363,36062.336541023324,37245.607790073234,79413.11825105365,0.2543368649220884
B2,31,1,1,M0,maintenance,2,363,19866.556324237525,21306.304094689214,57603.4900188188,0.09944846728325313
B2,31,1,1,M0,retrieval,0,321,2547.2666299151083,1827.6404668890978,6663.785222869645,0.029231787170152467
B2,31,1,1,M0,retrieval,1,321,50404.08501752632,34962.270662406816,81072.49179134685,0.35548492394664655
B2,31,1,1,M0,retrieval,2,321,30741.715501186394,13589.525338114718,67213.86438185081,0.15388759070040522
B2,32,1,1,M0,encoding,0,205,81900.90774245362,113202.36840150274,79843.98405945233,0.9398740893682905
B2,32,1,1,M0,encoding,1,205,30767.556727710766,48298.1422865828,27699.03644141856,0.21699436780910283
B2,32,1,1,M0,encoding,2,205,89121.59367277322,136606.9357959582,103986.35557252758,0.44612693553664123
B2,32,1,1,M0,maintenance,0,362,221863.7687543722,219234.13195565122,137320.15565928043,2.5460524598525716
B2,32,1,1,M0,maintenance,1,362,17791.914079546732,17798.037685882027,16085.673959725644,0.12548104426920398
B2,32,1,1,M0,maintenance,2,362,158615.3558082625,155978.47689749338,78012.63625850987,0.7940004178517314
B2,32,1,1,M0,retrieval,0,265,37426.11845718784,34076.066632281734,46322.87141599866,0.4294926634287556
B2,32,1,1,M0,retrieval,1,265,799647.7197267915,722058.1452376809,893836.9097747969,5.639676005076673
B2,32,1,1,M0,retrieval,2,265,370795.32343784417,306748.800410398,458525.6718401813,1.8561358088368634
B2,33,1,1,M0,encoding,0,205,16576.477071425415,5872.450282344588,13762.636872805397,0.19022745561542134
B2,33,1,1,M0,encoding,1,205,20323.425577389567,14700.97626446348,19083.150166670865,0.14333503709474196
B2,33,1,1,M0,encoding,2,205,71069.13861697624,34923.7398254336,51430.16441410462,0.35575953835424484
B2,33,1,1,M0,maintenance,0,363,36710.57616247712,35737.62468119619,13014.941014021171,0.4212812811476147
B2,33,1,1,M0,maintenance,1,363,134356.30281008006,132409.79724925905,74263.58841667193,0.9475747862417586
B2,33,1,1,M0,maintenance,2,363,207248.28308194006,203680.2616870684,117305.66695270693,1.037448250376414
B2,33,1,1,M0,retrieval,0,305,116039.97437323083,141860.0499756518,65479.874897185735,1.331645377940383
B2,33,1,1,M0,retrieval,1,305,68471.43460563308,87366.14266453347,39539.95471895223,0.4829085324103722
B2,33,1,1,M0,retrieval,2,305,226431.41932082336,276224.99730546435,146805.06323956206,1.1334756375847
B2,34,1,1,M0,encoding,0,205,8456.69475050224,19674.22988978925,6376.823631673322,0.09704688869490885
B2,34,1,1,M0,encoding,1,205,21153.725947167506,7922.089748788648,19349.43823225834,0.14919089706523345
B2,34,1,1,M0,encoding,2,205,5157.13307693976,7122.05794403729,1241.0042821742866,0.025815696072686627
B2,34,1,1,M0,maintenance,0,363,14010.423791755771,13492.318952974876,1635.1845735854474,0.16078007760730337
B2,34,1,1,M0,maintenance,1,363,19904.898295235478,20554.038594415582,55031.676822261565,0.1403832894533671
B2,34,1,1,M0,maintenance,2,363,3085.1756925488676,2803.2637290119956,6446.705127356102,0.015443843860811117
B2,34,1,1,M0,retrieval,0,318,5065.40722739702,1133.0450795628356,20034.91256851312,0.05812933136346095
B2,34,1,1,M0,retrieval,1,318,75628.79703642974,56775.159120669145,112895.24716628154,0.5333872671892225
B2,34,1,1,M0,retrieval,2,318,4213.560894311282,1346.4321830380188,12410.518393316494,0.021092340610268944
B2,35,1,-1,M0,encoding,0,205,26059.58799149871,36185.653655758004,18494.451810929113,0.2990532365018807
B2,35,1,-1,M0,encoding,1,205,1312.0384640189382,1765.6529980392058,1510.8680734572422,0.009253414548338073
B2,35,1,-1,M0,encoding,2,205,27613.985030717093,30259.78295368972,16817.338555013168,0.13823072514772689
B2,35,1,-1,M0,maintenance,0,363,62076.34191863868,60483.6983316651,22017.394625155976,0.7123723892727062
B2,35,1,-1,M0,maintenance,1,363,55174.93974200766,56606.1839090991,106317.30962843518,0.389132334236964
B2,35,1,-1,M0,maintenance,2,363,61549.42703448658,59251.29305552041,15976.919683913,0.30810554586525896
B2,35,1,-1,M0,retrieval,0,337,24649.74558742922,35420.10788686667,4863.143359660698,0.2828742418826213
B2,35,1,-1,M0,retrieval,1,337,171326.58457613044,146075.510206916,230348.30551975666,1.2083151170566262
B2,35,1,-1,M0,retrieval,2,337,27945.295360042484,41046.6849839831,3837.3278497430165,0.13988920605950525
B2,36,1,1,M0,encoding,0,205,13671.695231396023,16394.476261894033,10643.648731190673,0.15689291437570316
B2,36,1,1,M0,encoding,1,205,67165.48591031208,89410.17001146515,64004.95656154393,0.4736980671777826
B2,36,1,1,M0,encoding,2,205,72614.84554477692,102970.0618350831,79626.72876728853,0.3634970738551179
B2,36,1,1,M0,maintenance,0,362,105233.78960946992,103453.70826764638,51757.811579916,1.2076363364737932
B2,36,1,1,M0,maintenance,1,362,330589.8844489445,327766.71226461855,230821.75447991697,2.3315514980581473
B2,36,1,1,M0,maintenance,2,362,437355.23447020346,432818.9270852089,293086.40158158494,2.189322951421921
B2,36,1,1,M0,retrieval,0,300,151665.12314977354,182723.8558591563,93819.36981048656,1.7404705691123097
B2,36,1,1,M0,retrieval,1,300,239747.7442020832,275458.7809717057,182440.23636063898,1.6908690750843487
B2,36,1,1,M0,retrieval,2,300,431033.61993590154,499321.1666282896,317822.8347180225,2.157678067128368
B2,37,1,-1,M0,encoding,0,205,1786.397721250495,767.3927465821165,3457.550456545008,0.02050024813875889
B2,37,1,-1,M0,encoding,1,205,8034.534092911816,2951.0003537309844,12072.806005370701,0.05666516394400104
B2,37,1,-1,M0,encoding,2,205,1633.0541671227124,1330.1577652833578,4431.956452688703,0.008174780332349139
B2,37,1,-1,M0,maintenance,0,363,7276.541529246131,7794.145445510358,31409.943556475588,0.08350374900674902
B2,37,1,-1,M0,maintenance,1,363,47815.54426665809,48970.46930569965,93217.9028749186,0.3372287208703439
B2,37,1,-1,M0,maintenance,2,363,18332.93058812478,19473.69666707712,59763.86994307336,0.09177140809124355
B2,37,1,-1,M0,retrieval,0,329,383277.60617514316,338744.6144458726,491926.25767925335,4.398396806686345
B2,37,1,-1,M0,retrieval,1,329,807931.4794453083,741743.5872699112,916361.3934153819,5.698098882756238
B2,37,1,-1,M0,retrieval,2,329,1015950.488128727,921815.5441887059,1210998.7044937462,5.085668458645284
B2,24,1,-1,M1,encoding,0,205,6903.216556962934,16268.51689511395,5530.7871499410585,0.07921956610774517
B2,24,1,-1,M1,encoding,1,205,8169.111234159503,1380.3702994376863,4814.840255608977,0.0576142962376387
B2,24,1,-1,M1,encoding,2,205,8468.931799342881,12539.751726757819,4372.3024928105215,0.04239397473952382
B2,24,1,-1,M1,maintenance,0,362,13062.217894047057,22753.27632929249,3000.775242608056,0.14989870670180527
B2,24,1,-1,M1,maintenance,1,362,29519.945797090266,19019.346618901865,51929.25675286275,0.20819534136843995
B2,24,1,-1,M1,maintenance,2,362,794.3244902543614,5075.773803508416,4351.195078441095,0.003976247910916155
B2,24,1,-1,M1,retrieval,0,324,10210.504574027562,23244.838218073983,1054.0349792347295,0.11717316636687895
B2,24,1,-1,M1,retrieval,1,324,49190.69452581115,31622.149467786716,75981.58865012201,0.34692724401822483
B2,24,1,-1,M1,retrieval,2,324,3241.576226401594,726.0075472064987,13868.042216734219,0.0162267572716754
B2,25,1,-1,M1,encoding,0,205,67606.5488263564,103366.66803647683,71813.32427413373,0.775835644133741
B2,25,1,-1,M1,encoding,1,205,3670.151008586598,8136.185216785787,1475.1453795317893,0.025884476460716538
B2,25,1,-1,M1,encoding,2,205,52139.751609557665,72365.22803182976,49802.63653816879,0.26100237491960243
B2,25,1,-1,M1,maintenance,0,363,115763.63205936748,145121.27095822047,80867.59518273281,1.3284741434845577
B2,25,1,-1,M1,maintenance,1,363,115699.31370205613,100000.93771335167,160975.7801045649,0.8159926267435126
B2,25,1,-1,M1,maintenance,2,363,11529.075314511154,23671.93750885934,13859.289144759869,0.057712511947655254
B2,25,1,-1,M1,retrieval,0,309,47237.72247334212,72542.61814475394,23099.80527375843,0.5420881479491936
B2,25,1,-1,M1,retrieval,1,309,378478.65770100814,326871.546645007,447204.1582342718,2.669296681042595
B2,25,1,-1,M1,retrieval,2,309,41275.01582277385,19059.04734666864,72200.37517629763,0.20661542915009554
B2,26,1,1,M1,encoding,0,205,22174.44621118947,61693.73315383436,40179.56164831722,0.2544683327018211
B2,26,1,1,M1,encoding,1,205,217226.1046786511,294236.37606143666,237986.32863914684,1.5320306930294587
B2,26,1,1,M1,encoding,2,205,72734.89030037771,161608.44678356664,127053.43719272406,0.3640979966700764
B2,26,1,1,M1,maintenance,0,362,136921.8444806556,179541.0920620651,106341.69785706759,1.5712804344069111
B2,26,1,1,M1,maintenance,1,362,157195.90811295895,197174.82924221904,128554.0481954629,1.1086556857609577
B2,26,1,1,M1,maintenance,2,362,237030.36623235367,319694.9110076259,201272.03813404552,1.1865320912531347
B2,26,1,1,M1,retrieval,0,315,107339.07385304452,148895.16709732436,71568.12414406399,1.2317960456373755
B2,26,1,1,M1,retrieval,1,315,29651.0230182605,30510.490918061918,36562.92307593252,0.20911978977341822
B2,26,1,1,M1,retrieval,2,315,134032.4494051285,191320.64851724866,91783.30749289528,0.6709427362254129
B2,27,1,-1,M1,encoding,0,205,65487.193456717614,37487.188693057156,63155.20113352528,0.7515144582886355
B2,27,1,-1,M1,encoding,1,205,128005.67727894809,89399.99315140498,126000.06403787974,0.9027857253320507
B2,27,1,-1,M1,encoding,2,205,156677.56858894188,122605.32190718727,157570.0924648268,0.784300197756344
B2,27,1,-1,M1,maintenance,0,363,111362.71680101567,82469.29438362474,145508.52404258552,1.2779703537849676
B2,27,1,-1,M1,maintenance,1,363,53416.75462480336,42853.82886336559,41535.76713138668,0.3767323808907983
B2,27,1,-1,M1,maintenance,2,363,187786.22345322117,147638.46718212645,229350.85524643125,0.9400246220100793
B2,27,1,-1,M1,retrieval,0,347,6719.115148425705,1489.3981346622388,21570.666084231347,0.0771068649366609
B2,27,1,-1,M1,retrieval,1,347,28161.01936312007,42860.51268564833,12823.326004280054,0.19861124000322306
B2,27,1,-1,M1,retrieval,2,347,3424.735886553394,13073.407042367126,1539.9403567177746,0.017143622136070416
B2,28,1,-1,M1,encoding,0,205,3265.815637655639,1060.7600951225604,4080.433560857196,0.037477673729069724
B2,28,1,-1,M1,encoding,1,205,8320.3113358738,1508.8542749035007,7798.350395364086,0.05868066529562164
B2,28,1,-1,M1,encoding,2,205,1401.3927319194913,1593.8084995071804,3014.9923900610256,0.007015124160257965
B2,28,1,-1,M1,maintenance,0,362,3868.62315303947,1385.8747167971196,6455.582778646794,0.044395340214127
B2,28,1,-1,M1,maintenance,1,362,13882.147335680052,14107.989924279074,5512.823353600237,0.09790662975281512
B2,28,1,-1,M1,maintenance,2,362,6951.935824456812,7191.812461624317,3797.087504498991,0.034800161191011196
B2,28,1,-1,M1,retrieval,0,273,3418.984846999891,12207.441897724659,770.2815158156012,0.039235404810688344
B2,28,1,-1,M1,retrieval,1,273,23387.338321223073,38569.58106655788,9743.060856100139,0.16494389654218736
B2,28,1,-1,M1,retrieval,2,273,12483.533587372443,31108.293202633507,1501.1120578323296,0.06249036125242243
B2,29,1,-1,M1,encoding,0,205,70199.01399975884,104953.8490492601,72135.61683270766,0.8055861183498847
B2,29,1,-1,M1,encoding,1,205,17652.779955902424,33025.75609888835,15629.317008897577,0.12449977294278504
B2,29,1,-1,M1,encoding,2,205,60896.18497979238,81848.23392148323,57346.22993489105,0.30483553167437266
B2,29,1,-1,M1,maintenance,0,363,130006.97787420652,163149.30792679125,95199.99455756055,1.4919271752797147
B2,29,1,-1,M1,maintenance,1,363,16648.754738166404,19018.911594402216,35349.04903113926,0.11741868362148698
B2,29,1,-1,M1,maintenance,2,363,43917.54167148654,66398.25858097734,28178.82877007726,0.21984344618142376
B2,29,1,-1,M1,retrieval,0,303,48555.97472930325,75168.72984364744,23733.436534633118,0.557216077208846
B2,29,1,-1,M1,retrieval,1,303,87852.79739692161,63037.71699126958,121479.24322689716,0.6195994826666436
B2,29,1,-1,M1,retrieval,2,303,2839.416928596866,3208.280281939753,8717.143581951892,0.014213618954311554
B2,30,1,1,M1,encoding,0,205,1531.7612833737367,16104.704883655553,6432.282996979746,0.017578104822325927
B2,30,1,1,M1,encoding,1,205,980.5895227468893,7752.702165164949,1645.7705010660868,0.006915804379651924
B2,30,1,1,M1,encoding,2,205,25038.79937266279,85939.44587613584,62669.449952488925,0.12533980120078828
B2,30,1,1,M1,maintenance,0,362,35594.35143513129,56637.91501368722,19698.321142363377,0.408471768676232
B2,30,1,1,M1,maintenance,1,362,8005.495456671227,6348.353922884297,22647.00134732609,0.056460363134862065
B2,30,1,1,M1,maintenance,2,362,204902.25263270707,278763.10404134955,168800.5436105644,1.02570443687556
B2,30,1,1,M1,retrieval,0,335,27325.719093461725,48521.04998553402,9936.523764899708,0.31358303658932846
B2,30,1,1,M1,retrieval,1,335,55921.069233337665,36612.90222406844,83201.2153643056,0.39439456219701075
B2,30,1,1,M1,retrieval,2,335,128528.5107962577,183740.5411699662,82194.19628027789,0.6433909929972451
B2,31,1,1,M1,encoding,0,205,4400.633966015324,23833.588252613517,10771.249213011202,0.050500561659927605
B2,31,1,1,M1,encoding,1,205,6663.833793894864,311.891204078873,3507.8586933038764,0.046998025032933495
B2,31,1,1,M1,encoding,2,205,3954.7429636259194,9095.147227213547,4222.718264509755,0.01979674382479684
B2,31,1,1,M1,maintenance,0,363,2066.8277615237785,10234.737256937593,8085.1600660459,0.02371839230832276
B2,31,1,1,M1,maintenance,1,363,50835.2689255624,37245.607790073234,79413.11825105365,0.3585259349818023
B2,31,1,1,M1,maintenance,2,363,34838.497574346206,21306.304094689214,57603.4900188188,0.1743953571859433
B2,31,1,1,M1,retrieval,0,321,1427.9107612950615,1827.6404668890978,6663.785222869645,0.016386342513951394
B2,31,1,1,M1,retrieval,1,321,53987.15736144748,34962.270662406816,81072.49179134685,0.38075526065112697
B2,31,1,1,M1,retrieval,2,321,38187.22157645739,13589.525338114718,67213.86438185081,0.1911584772722514
B2,32,1,1,M1,encoding,0,205,57714.527458208075,113202.36840150274,79843.98405945233,0.6623173104342375
B2,32,1,1,M1,encoding,1,205,21392.07506620109,48298.1422865828,27699.03644141856,0.15087190205566114
B2,32,1,1,M1,encoding,2,205,58895.350120920055,136606.9357959582,103986.35557252758,0.29481970624623843
B2,32,1,1,M1,maintenance,0,362,171620.04057691307,219234.13195565122,137320.15565928043,1.9694681512176226
B2,32,1,1,M1,maintenance,1,362,9440.359711041743,17798.037685882027,16085.673959725644,0.06658003121655233
B2,32,1,1,M1,maintenance,2,362,100320.6324179232,155978.47689749338,78012.63625850987,0.5021873427896169
B2,32,1,1,M1,retrieval,0,265,48123.347974071396,34076.066632281734,46322.87141599866,0.5522513620571101
B2,32,1,1,M1,retrieval,1,265,813174.0680154832,722058.1452376809,893836.9097747969,5.735073290654012
B2,32,1,1,M1,retrieval,2,265,409505.70809692115,306748.800410398,458525.6718401813,2.049913147972065
B2,33,1,1,M1,encoding,0,205,14244.798117203738,5872.450282344588,13762.636872805397,0.16346969804953854
B2,33,1,1,M1,encoding,1,205,11885.20658088698,14700.97626446348,19083.150166670865,0.08382280436253702
B2,33,1,1,M1,encoding,2,205,64106.132313719376,34923.7398254336,51430.16441410462,0.3209039603043282
B2,33,1,1,M1,maintenance,0,363,28754.50045781167,35737.62468119619,13014.941014021171,0.3299793699236012
B2,33,1,1,M1,maintenance,1,363,108527.72749507867,132409.79724925905,74263.58841667193,0.7654135759289261
B2,33,1,1,M1,maintenance,2,363,164116.3109810056,203680.2616870684,117305.66695270693,0.8215372265263057
B2,33,1,1,M1,retrieval,0,305,100010.19707766443,141860.0499756518,65479.874897185735,1.1476917105912547
B2,33,1,1,M1,retrieval,1,305,63913.439820742824,87366.14266453347,39539.95471895223,0.4507623595576655
B2,33,1,1,M1,retrieval,2,305,204213.75030478887,276224.99730546435,146805.06323956206,1.0222579159931822
B2,34,1,1,M1,encoding,0,205,7120.55704124353,19674.22988978925,6376.823631673322,0.08171371049975176
B2,34,1,1,M1,encoding,1,205,29781.578370391395,7922.089748788648,19349.43823225834,0.21004055759227536
B2,34,1,1,M1,encoding,2,205,13309.81931558755,7122.05794403729,1241.0042821742866,0.06662660146778208
B2,34,1,1,M1,maintenance,0,363,3106.493331419396,13492.318952974876,1635.1845735854474,0.0356493312647746
B2,34,1,1,M1,maintenance,1,363,33793.71401501764,20554.038594415582,55031.676822261565,0.2383369493231769
B2,34,1,1,M1,maintenance,2,363,3378.869299500438,2803.2637290119956,6446.705127356102,0.016914022113425055
B2,34,1,1,M1,retrieval,0,318,8612.632119362757,1133.0450795628356,20034.91256851312,0.09883638647455673
B2,34,1,1,M1,retrieval,1,318,80941.62947397433,56775.159120669145,112895.24716628154,0.5708570840571431
B2,34,1,1,M1,retrieval,2,318,3179.007705011998,1346.4321830380188,12410.518393316494,0.015913550319709428
B2,35,1,-1,M1,encoding,0,205,17949.451109483954,36185.653655758004,18494.451810929113,0.2059833581971662
B2,35,1,-1,M1,encoding,1,205,4961.628704993531,1765.6529980392058,1510.8680734572422,0.034992882069634385
B2,35,1,-1,M1,encoding,2,205,18787.127323813045,30259.78295368972,16817.338555013168,0.09404503661911018
B2,35,1,-1,M1,maintenance,0,363,43727.11293358776,60483.6983316651,22017.394625155976,0.5018012813532825
B2,35,1,-1,M1,maintenance,1,363,71059.83144675597,56606.1839090991,106317.30962843518,0.5011637205343181
B2,35,1,-1,M1,maintenance,2,363,43831.5683506267,59251.29305552041,15976.919683913,0.21941307894277295
B2,35,1,-1,M1,retrieval,0,337,19129.116499700674,35420.10788686667,4863.143359660698,0.2195208996597806
B2,35,1,-1,M1,retrieval,1,337,180490.81612085694,146075.510206916,230348.30551975666,1.2729476989708457
B2,35,1,-1,M1,retrieval,2,337,20812.892913832184,41046.6849839831,3837.3278497430165,0.10418566087801984
B2,36,1,1,M1,encoding,0,205,2358.371854981537,16394.476261894033,10643.648731190673,0.02706407853943248
B2,36,1,1,M1,encoding,1,205,47910.73074678186,89410.17001146515,64004.95656154393,0.33790004262205864
B2,36,1,1,M1,encoding,2,205,33799.83432659667,102970.0618350831,79626.72876728853,0.16919599266970256
B2,36,1,1,M1,maintenance,0,362,78305.82499557479,103453.70826764638,51757.811579916,0.8986178296263132
B2,36,1,1,M1,maintenance,1,362,286190.39179631625,327766.71226461855,230821.75447991697,2.0184151666794286
B2,36,1,1,M1,maintenance,2,362,345904.18625566224,432818.9270852089,293086.40158158494,1.7315351784455166
B2,36,1,1,M1,retrieval,0,300,134890.79850366022,182723.8558591563,93819.36981048656,1.5479726648020067
B2,36,1,1,M1,retrieval,1,300,230661.4653941714,275458.7809717057,182440.23636063898,1.6267862704889395
B2,36,1,1,M1,retrieval,2,300,398340.5685474942,499321.1666282896,317822.8347180225,1.994022434097336
B2,37,1,-1,M1,encoding,0,205,2977.4254187732536,767.3927465821165,3457.550456545008,0.034168180564388924
B2,37,1,-1,M1,encoding,1,205,13034.955664246161,2951.0003537309844,12072.806005370701,0.09193164048789369
B2,37,1,-1,M1,encoding,2,205,2605.726339433424,1330.1577652833578,4431.956452688703,0.013043805196379517
B2,37,1,-1,M1,maintenance,0,363,13615.965653852223,7794.145445510358,31409.943556475588,0.1562533758481258
B2,37,1,-1,M1,maintenance,1,363,62144.23680911956,48970.46930569965,93217.9028749186,0.43828470030019884
B2,37,1,-1,M1,maintenance,2,363,26838.05420209316,19473.69666707712,59763.86994307336,0.13434655265375856
B2,37,1,-1,M1,retrieval,0,329,412473.83350267075,338744.6144458726,491926.25767925335,4.733445322372399
B2,37,1,-1,M1,retrieval,1,329,822817.5807432067,741743.5872699112,916361.3934153819,5.803086099286512
B2,37,1,-1,M1,retrieval,2,329,1066198.608929907,921815.5441887059,1210998.7044937462,5.337201664299279
B2,24,1,-1,M2,encoding,0,205,7122.479383607311,16268.51689511395,5530.7871499410585,0.08173577081420266
B2,24,1,-1,M2,encoding,1,205,6447.709258195503,1380.3702994376863,4814.840255608977,0.045473763376177354
B2,24,1,-1,M2,encoding,2,205,6666.616296585077,12539.751726757819,4372.3024928105215,0.03337190209719895
B2,24,1,-1,M2,maintenance,0,362,9280.883147719287,22753.27632929249,3000.775242608056,0.10650506615172291
B2,24,1,-1,M2,maintenance,1,362,35662.93039859731,19019.346618901865,51929.25675286275,0.2515199729555987
B2,24,1,-1,M2,maintenance,2,362,603.1419354626926,5075.773803508416,4351.195078441095,0.0030192218549140856
B2,24,1,-1,M2,retrieval,0,324,8721.42371271716,23244.838218073983,1054.0349792347295,0.10008485126638093
B2,24,1,-1,M2,retrieval,1,324,53975.051722367905,31622.149467786716,75981.58865012201,0.3806698832023343
B2,24,1,-1,M2,retrieval,2,324,2073.5362730060833,726.0075472064987,13868.042216734219,0.010379755849034819
B2,25,1,-1,M2,encoding,0,205,71445.91098007244,103366.66803647683,71813.32427413373,0.8198951925251496
B2,25,1,-1,M2,encoding,1,205,3050.604883793555,8136.185216785787,1475.1453795317893,0.02151500309408537
B2,25,1,-1,M2,encoding,2,205,50087.08891756983,72365.22803182976,49802.63653816879,0.2507271085253629
B2,25,1,-1,M2,maintenance,0,363,106087.16278759141,145121.27095822047,80867.59518273281,1.2174294310900393
B2,25,1,-1,M2,maintenance,1,363,130674.57763391183,100000.93771335167,160975.7801045649,0.9216086806416366
B2,25,1,-1,M2,maintenance,2,363,12591.944537971456,23671.93750885934,13859.289144759869,0.06303304729714167
B2,25,1,-1,M2,retrieval,0,309,45013.65630734469,72542.61814475394,23099.80527375843,0.5165653275057993
B2,25,1,-1,M2,retrieval,1,309,391831.1522853794,326871.546645007,447204.1582342718,2.7634678284837744
B2,25,1,-1,M2,retrieval,2,309,40245.045969174724,19059.04734666864,72200.37517629763,0.20145958222742463
B2,26,1,1,M2,encoding,0,205,31604.00584374636,61693.73315383436,40179.56164831722,0.36267957256576516
B2,26,1,1,M2,encoding,1,205,234605.78133178683,294236.37606143666,237986.32863914684,1.6546043501270722
B2,26,1,1,M2,encoding,2,205,94275.80210245808,161608.44678356664,127053.43719272406,0.47192799134243424
B2,26,1,1,M2,maintenance,0,362,132318.3480590836,179541.0920620651,106341.69785706759,1.518451874548442
B2,26,1,1,M2,maintenance,1,362,162442.56757822726,197174.82924221904,128554.0481954629,1.145658804463268
B2,26,1,1,M2,maintenance,2,362,230934.12917466226,319694.9110076259,201272.03813404552,1.1560154067463624
B2,26,1,1,M2,retrieval,0,315,104380.7612557148,148895.16709732436,71568.12414406399,1.197847198974706
B2,26,1,1,M2,retrieval,1,315,31090.960606972447,30510.490918061918,36562.92307593252,0.21927523856359454
B2,26,1,1,M2,retrieval,2,315,127689.59306417758,191320.64851724866,91783.30749289528,0.6391915192046823
B2,27,1,-1,M2,encoding,0,205,61484.05647860379,37487.188693057156,63155.20113352528,0.7055754714613749
B2,27,1,-1,M2,encoding,1,205,123351.53751161003,89399.99315140498,126000.06403787974,0.8699614706976507
B2,27,1,-1,M2,encoding,2,205,157634.23991232703,122605.32190718727,157570.0924648268,0.7890891252006252
B2,27,1,-1,M2,maintenance,0,363,117469.92150029614,82469.29438362474,145508.52404258552,1.3480550892725403
B2,27,1,-1,M2,maintenance,1,363,44756.74736972126,42853.82886336559,41535.76713138668,0.3156559419597113
B2,27,1,-1,M2,maintenance,2,363,193696.5824479546,147638.46718212645,229350.85524643125,0.9696108338087964
B2,27,1,-1,M2,retrieval,0,347,7242.633197361095,1489.3981346622388,21570.666084231347,0.08311462557172358
B2,27,1,-1,M2,retrieval,1,347,24065.097274979533,42860.51268564833,12823.326004280054,0.16972392756638904
B2,27,1,-1,M2,retrieval,2,347,2504.0677783663104,13073.407042367126,1539.9403567177746,0.012534920419403288
B2,28,1,-1,M2,encoding,0,205,2682.028051321963,1060.7600951225604,4080.433560857196,0.030778275136134934
B2,28,1,-1,M2,encoding,1,205,7054.388399659451,1508.8542749035007,7798.350395364086,0.04975248976092053
B2,28,1,-1,M2,encoding,2,205,1418.8020971802919,1593.8084995071804,3014.9923900610256,0.007102272363665951
B2,28,1,-1,M2,maintenance,0,362,2663.9453875486247,1385.8747167971196,6455.582778646794,0.030570763063121478
B2,28,1,-1,M2,maintenance,1,362,8842.363069387942,14107.989924279074,5512.823353600237,0.062362539903998336
B2,28,1,-1,M2,maintenance,2,362,3297.325106238586,7191.812461624317,3797.087504498991,0.016505826304177178
B2,28,1,-1,M2,retrieval,0,273,2709.749561653121,12207.441897724659,770.2815158156012,0.03109640017279927
B2,28,1,-1,M2,retrieval,1,273,20064.63973330976,38569.58106655788,9743.060856100139,0.14150989799998026
B2,28,1,-1,M2,retrieval,2,273,11696.049485813757,31108.293202633507,1501.1120578323296,0.05854835511749925
B2,29,1,-1,M2,encoding,0,205,73677.46282168434,104953.8490492601,72135.61683270766,0.8455039166873839
B2,29,1,-1,M2,encoding,1,205,18491.862845983887,33025.75609888835,15629.317008897577,0.13041757340006593
B2,29,1,-1,M2,encoding,2,205,58584.45466640562,81848.23392148323,57346.22993489105,0.29326341858710997
B2,29,1,-1,M2,maintenance,0,363,121188.94429233432,163149.30792679125,95199.99455756055,1.390733653605411
B2,29,1,-1,M2,maintenance,1,363,23653.57914868662,19018.911594402216,35349.04903113926,0.16682161340322074
B2,29,1,-1,M2,maintenance,2,363,39968.73169484384,66398.25858097734,28178.82877007726,0.2000764018401339
B2,29,1,-1,M2,retrieval,0,303,46453.02562885152,75168.72984364744,23733.436534633118,0.5330831655567523
B2,29,1,-1,M2,retrieval,1,303,93629.62105729553,63037.71699126958,121479.24322689716,0.6603416907405955
B2,29,1,-1,M2,retrieval,2,303,1271.5995475441193,3208.280281939753,8717.143581951892,0.006365402434998726
B2,30,1,1,M2,encoding,0,205,3155.285319499418,16104.704883655553,6432.282996979746,0.03620925577146488
B2,30,1,1,M2,encoding,1,205,1094.4633663256973,7752.702165164949,1645.7705010660868,0.0077189225120423656
B2,30,1,1,M2,encoding,2,205,38330.245020932896,85939.44587613584,62669.449952488925,0.19187442733961707
B2,30,1,1,M2,maintenance,0,362,31959.614475622264,56637.91501368722,19698.321142363377,0.3667604472259933
B2,30,1,1,M2,maintenance,1,362,10027.263760746506,6348.353922884297,22647.00134732609,0.07071928979848535
B2,30,1,1,M2,maintenance,2,362,196999.28057510662,278763.10404134955,168800.5436105644,0.9861435565053729
B2,30,1,1,M2,retrieval,0,335,24736.85650163893,48521.04998553402,9936.523764899708,0.2838739046876338
B2,30,1,1,M2,retrieval,1,335,56624.7950906923,36612.90222406844,83201.2153643056,0.3993577300195
B2,30,1,1,M2,retrieval,2,335,119465.66429921327,183740.5411699662,82194.19628027789,0.5980239863230747
B2,31,1,1,M2,encoding,0,205,7613.334271612475,23833.588252613517,10771.249213011202,0.08736869728098332
B2,31,1,1,M2,encoding,1,205,3914.290040816474,311.891204078873,3507.8586933038764,0.027606315975796873
B2,31,1,1,M2,encoding,2,205,2029.477221277033,9095.147227213547,4222.718264509755,0.010159204028533248
B2,31,1,1,M2,maintenance,0,363,4828.0047121715525,10234.737256937593,8085.1600660459,0.0554049601817284
B2,31,1,1,M2,maintenance,1,363,52390.4347829251,37245.607790073234,79413.11825105365,0.3694940542589753
B2,31,1,1,M2,maintenance,2,363,41554.08085378849,21306.304094689214,57603.4900188188,0.20801237933883565
B2,31,1,1,M2,retrieval,0,321,808.0558116264118,1827.6404668890978,6663.785222869645,0.00927304398748995
B2,31,1,1,M2,retrieval,1,321,54469.28601643708,34962.270662406816,81072.49179134685,0.384155569737025
B2,31,1,1,M2,retrieval,2,321,40644.96252417491,13589.525338114718,67213.86438185081,0.20346149377096903
B2,32,1,1,M2,encoding,0,205,70372.53891238465,113202.36840150274,79843.98405945233,0.8075774463306409
B2,32,1,1,M2,encoding,1,205,26959.86325711374,48298.1422865828,27699.03644141856,0.19013984553503188
B2,32,1,1,M2,encoding,2,205,76170.07771213051,136606.9357959582,103986.35557252758,0.381293937292798
B2,32,1,1,M2,maintenance,0,362,166581.24086254698,219234.13195565122,137320.15565928043,1.911644160939745
B2,32,1,1,M2,maintenance,1,362,12885.051871519227,17798.037685882027,16085.673959725644,0.09087441390916856
B2,32,1,1,M2,maintenance,2,362,96096.64651575978,155978.47689749338,78012.63625850987,0.48104281643384733
B2,32,1,1,M2,retrieval,0,265,41601.00393644937,34076.066632281734,46322.87141599866,0.4774025925882327
B2,32,1,1,M2,retrieval,1,265,806935.4607608768,722058.1452376809,893836.9097747969,5.691074261117704
B2,32,1,1,M2,retrieval,2,265,402180.37441953545,306748.800410398,458525.6718401813,2.013243823169878
B2,33,1,1,M2,encoding,0,205,11949.662853395039,5872.450282344588,13762.636872805397,0.1371313066261783
B2,33,1,1,M2,encoding,1,205,13378.79642994298,14700.97626446348,19083.150166670865,0.09435664648494703
B2,33,1,1,M2,encoding,2,205,57190.03316429382,34923.7398254336,51430.16441410462,0.2862831911703107
B2,33,1,1,M2,maintenance,0,363,21743.854994356992,35737.62468119619,13014.941014021171,0.2495269768735922
B2,33,1,1,M2,maintenance,1,363,105967.87832027258,132409.79724925905,74263.58841667193,0.7473597259502108
B2,33,1,1,M2,maintenance,2,363,144646.528240397,203680.2616870684,117305.66695270693,0.7240749376277904
B2,33,1,1,M2,retrieval,0,305,97338.41893308412,141860.0499756518,65479.874897185735,1.11703106079079
B2,33,1,1,M2,retrieval,1,305,62681.890828952666,87366.14266453347,39539.95471895223,0.44207661316368047
B2,33,1,1,M2,retrieval,2,305,195022.79181300124,276224.99730546435,146805.06323956206,0.9762496033317092
B2,34,1,1,M2,encoding,0,205,7157.548722243813,19674.22988978925,6376.823631673322,0.08213821766887466
B2,34,1,1,M2,encoding,1,205,22932.40917645865,7922.089748788648,19349.43823225834,0.16173541746015538
B2,34,1,1,M2,encoding,2,205,6022.452843784877,7122.05794403729,1241.0042821742866,0.030147333781717287
B2,34,1,1,M2,maintenance,0,363,2929.350928633572,13492.318952974876,1635.1845735854474,0.03361648988247408
B2,34,1,1,M2,maintenance,1,363,33552.165455648574,20554.038594415582,55031.676822261565,0.2366333796377659
B2,34,1,1,M2,maintenance,2,363,2235.4048616355244,2803.2637290119956,6446.705127356102,0.01119004137501005
B2,34,1,1,M2,retrieval,0,318,8213.528357837924,1133.0450795628356,20034.91256851312,0.09425637271443851
B2,34,1,1,M2,retrieval,1,318,81715.33769071529,56775.159120669145,112895.24716628154,0.5763138165122491
B2,34,1,1,M2,retrieval,2,318,3112.509766117701,1346.4321830380188,12410.518393316494,0.015580673398686871
B2,35,1,-1,M2,encoding,0,205,19069.977705433896,36185.653655758004,18494.451810929113,0.21884223782391168
B2,35,1,-1,M2,encoding,1,205,3341.7009707636953,1765.6529980392058,1510.8680734572422,0.02356801666038193
B2,35,1,-1,M2,encoding,2,205,16821.181614148405,30259.78295368972,16817.338555013168,0.08420386010128005
B2,35,1,-1,M2,maintenance,0,363,36654.65443132912,60483.6983316651,22017.394625155976,0.4206395375139068
B2,35,1,-1,M2,maintenance,1,363,81908.893735648,56606.1839090991,106317.30962843518,0.5776789093591562
B2,35,1,-1,M2,maintenance,2,363,33470.09988728974,59251.29305552041,15976.919683913,0.1675454003846385
B2,35,1,-1,M2,retrieval,0,337,17071.2170937076,35420.10788686667,4863.143359660698,0.19590496689989617
B2,35,1,-1,M2,retrieval,1,337,190460.1506561501,146075.510206916,230348.30551975666,1.3432584312824245
B2,35,1,-1,M2,retrieval,2,337,18693.1860920478,41046.6849839831,3837.3278497430165,0.09357478342770244
B2,36,1,1,M2,encoding,0,205,5720.214217259237,16394.476261894033,10643.648731190673,0.06564373065734971
B2,36,1,1,M2,encoding,1,205,58311.52327669251,89410.17001146515,64004.95656154393,0.4112537190194087
B2,36,1,1,M2,encoding,2,205,51947.4070568994,102970.0618350831,79626.72876728853,0.2600395321077956
B2,36,1,1,M2,maintenance,0,362,71109.62054281437,103453.70826764638,51757.811579916,0.816036008577212
B2,36,1,1,M2,maintenance,1,362,284224.04477292503,327766.71226461855,230821.75447991697,2.004547109718968
B2,36,1,1,M2,maintenance,2,362,331884.81306165014,432818.9270852089,293086.40158158494,1.6613566757567804
B2,36,1,1,M2,retrieval,0,300,131758.78689143478,182723.8558591563,93819.36981048656,1.5120304922049939
B2,36,1,1,M2,retrieval,1,300,229071.68496295493,275458.7809717057,182440.23636063898,1.6155740249837125
B2,36,1,1,M2,retrieval,2,300,386649.3814836746,499321.1666282896,317822.8347180225,1.9354984194043527
B2,37,1,-1,M2,encoding,0,205,2222.793163539397,767.3927465821165,3457.550456545008,0.0255082117893638
B2,37,1,-1,M2,encoding,1,205,11176.80892283528,2951.0003537309844,12072.806005370701,0.07882668772816247
B2,37,1,-1,M2,encoding,2,205,2745.62194983245,1330.1577652833578,4431.956452688703,0.013744097879559084
B2,37,1,-1,M2,maintenance,0,363,17793.571037188787,7794.145445510358,31409.943556475588,0.20419451793840135
B2,37,1,-1,M2,maintenance,1,363,71259.21157667958,48970.46930569965,93217.9028749186,0.5025698889093163
B2,37,1,-1,M2,maintenance,2,363,35603.15257279338,19473.69666707712,59763.86994307336,0.17822308486833352
B2,37,1,-1,M2,retrieval,0,329,413156.7288614102,338744.6144458726,491926.25767925335,4.7412820566787826
B2,37,1,-1,M2,retrieval,1,329,838900.9988760048,741743.5872699112,916361.3934153819,5.916517633055091
B2,37,1,-1,M2,retrieval,2,329,1060374.5191870758,921815.5441887059,1210998.7044937462,5.3080473011176705
B2,24,1,-1,M3,encoding,0,205,8015.693993660994,16268.51689511395,5530.7871499410585,0.09198607562003688
B2,24,1,-1,M3,encoding,1,205,4832.225777494444,1380.3702994376863,4814.840255608977,0.0340802419567449
B2,24,1,-1,M3,encoding,2,205,6847.086192947835,12539.751726757819,4372.3024928105215,0.034275302479788036
B2,24,1,-1,M3,maintenance,0,362,11161.786608996448,22753.27632929249,3000.775242608056,0.1280898382450508
B2,24,1,-1,M3,maintenance,1,362,38175.47553023047,19019.346618901865,51929.25675286275,0.2692402016775477
B2,24,1,-1,M3,maintenance,2,362,1545.0875299839117,5075.773803508416,4351.195078441095,0.007734434904951489
B2,24,1,-1,M3,retrieval,0,324,6893.840724463099,23244.838218073983,1054.0349792347295,0.07911197142685883
B2,24,1,-1,M3,retrieval,1,324,61711.663967032735,31622.149467786716,75981.58865012201,0.43523389352893904
B2,24,1,-1,M3,retrieval,2,324,1602.0575921707705,726.0075472064987,13868.042216734219,0.008019616960313676
B2,25,1,-1,M3,encoding,0,205,78801.13469808357,103366.66803647683,71813.32427413373,0.9043018784168908
B2,25,1,-1,M3,encoding,1,205,2303.622841241688,8136.185216785787,1475.1453795317893,0.016246762345468894
B2,25,1,-1,M3,encoding,2,205,56021.18144657078,72365.22803182976,49802.63653816879,0.2804321261990182
B2,25,1,-1,M3,maintenance,0,363,112772.65335493245,145121.27095822047,80867.59518273281,1.2941504288440464
B2,25,1,-1,M3,maintenance,1,363,137276.51090023958,100000.93771335167,160975.7801045649,0.968170139782603
B2,25,1,-1,M3,maintenance,2,363,16657.46112785941,23671.93750885934,13859.289144759869,0.0833843043031549
B2,25,1,-1,M3,retrieval,0,309,41078.45890610531,72542.61814475394,23099.80527375843,0.4714059980682679
B2,25,1,-1,M3,retrieval,1,309,411758.7015280375,326871.546645007,447204.1582342718,2.9040108682891024
B2,25,1,-1,M3,retrieval,2,309,38240.64016078242,19059.04734666864,72200.37517629763,0.19142588125756538
B2,26,1,1,M3,encoding,0,205,38162.051364100786,61693.73315383436,40179.56164831722,0.43793804321497276
B2,26,1,1,M3,encoding,1,205,247310.30503769979,294236.37606143666,237986.32863914684,1.74420555292253
B2,26,1,1,M3,encoding,2,205,104688.04838319596,161608.44678356664,127053.43719272406,0.524049854673717
B2,26,1,1,M3,maintenance,0,362,131403.2859385442,179541.0920620651,106341.69785706759,1.5079508532415493
B2,26,1,1,M3,maintenance,1,362,168420.81610505856,197174.82924221904,128554.0481954629,1.1878216018269303
B2,26,1,1,M3,maintenance,2,362,225958.26431607115,319694.9110076259,201272.03813404552,1.1311071073149317
B2,26,1,1,M3,retrieval,0,315,101761.10620090779,148895.16709732436,71568.12414406399,1.1677847005609125
B2,26,1,1,M3,retrieval,1,315,29204.91786499223,30510.490918061918,36562.92307593252,0.20597354366208342
B2,26,1,1,M3,retrieval,2,315,115691.05943237866,191320.64851724866,91783.30749289528,0.5791289819508957
B2,27,1,-1,M3,encoding,0,205,55392.91800081781,37487.188693057156,63155.20113352528,0.6356751078655544
B2,27,1,-1,M3,encoding,1,205,121651.50612815395,89399.99315140498,126000.06403787974,0.8579716582281918
B2,27,1,-1,M3,encoding,2,205,146389.16857793592,122605.32190718727,157570.0924648268,0.7327982869474098
B2,27,1,-1,M3,maintenance,0,363,109554.14243097694,82469.29438362474,145508.52404258552,1.25721561203729
B2,27,1,-1,M3,maintenance,1,363,39764.92595733582,42853.82886336559,41535.76713138668,0.28045011976256085
B2,27,1,-1,M3,maintenance,2,363,176136.49289349443,147638.46718212645,229350.85524643125,0.8817081312444276
B2,27,1,-1,M3,retrieval,0,347,9133.447895500249,1489.3981346622388,21570.666084231347,0.10481313651089519
B2,27,1,-1,M3,retrieval,1,347,19244.66943135678,42860.51268564833,12823.326004280054,0.13572689290571244
B2,27,1,-1,M3,retrieval,2,347,2742.0822635523596,13073.407042367126,1539.9403567177746,0.01372637883608354
B2,28,1,-1,M3,encoding,0,205,2229.6765615575573,1060.7600951225604,4080.433560857196,0.02558720392293602
B2,28,1,-1,M3,encoding,1,205,6648.264752161259,1508.8542749035007,7798.350395364086,0.0468882212419378
B2,28,1,-1,M3,encoding,2,205,1490.2901443087349,1593.8084995071804,3014.9923900610256,0.007460128883938823
B2,28,1,-1,M3,maintenance,0,362,1398.7225523968882,1385.8747167971196,6455.582778646794,0.01605138601573126
B2,28,1,-1,M3,maintenance,1,362,6541.764909384161,14107.989924279074,5512.823353600237,0.04613710972990892
B2,28,1,-1,M3,maintenance,2,362,2600.0559803406645,7191.812461624317,3797.087504498991,0.013015420381642778
B2,28,1,-1,M3,retrieval,0,273,1967.3195085988248,12207.441897724659,770.2815158156012,0.022576460781793525
B2,28,1,-1,M3,retrieval,1,273,15859.469114196985,38569.58106655788,9743.060856100139,0.11185208837605425
B2,28,1,-1,M3,retrieval,2,273,12683.444651481028,31108.293202633507,1501.1120578323296,0.06349108068230712
B2,29,1,-1,M3,encoding,0,205,80197.99652894837,104953.8490492601,72135.61683270766,0.9203319112632409
B2,29,1,-1,M3,encoding,1,205,18113.884885030366,33025.75609888835,15629.317008897577,0.1277518079833075
B2,29,1,-1,M3,encoding,2,205,64436.74284843418,81848.23392148323,57346.22993489105,0.3225589381680544
B2,29,1,-1,M3,maintenance,0,363,129041.928186675,163149.30792679125,95199.99455756055,1.4808525093051192
B2,29,1,-1,M3,maintenance,1,363,27702.769031839343,19018.911594402216,35349.04903113926,0.19537933758683734
B2,29,1,-1,M3,maintenance,2,363,48327.61930605227,66398.25858097734,28178.82877007726,0.24191951483669677
B2,29,1,-1,M3,retrieval,0,303,42427.69026954462,75168.72984364744,23733.436534633118,0.4868894357249952
B2,29,1,-1,M3,retrieval,1,303,103362.36600204032,63037.71699126958,121479.24322689716,0.7289838274894654
B2,29,1,-1,M3,retrieval,2,303,790.8221164999246,3208.280281939753,8717.143581951892,0.003958715647344794
B2,30,1,1,M3,encoding,0,205,5141.4113003605435,16104.704883655553,6432.282996979746,0.059001534869306156
B2,30,1,1,M3,encoding,1,205,1804.981307967451,7752.702165164949,1645.7705010660868,0.012729992871903496
B2,30,1,1,M3,encoding,2,205,46249.94390480889,85939.44587613584,62669.449952488925,0.2315190392437682
B2,30,1,1,M3,maintenance,0,362,31241.853802622965,56637.91501368722,19698.321142363377,0.35852360739705075
B2,30,1,1,M3,maintenance,1,362,10718.339145589507,6348.353922884297,22647.00134732609,0.07559323762507304
B2,30,1,1,M3,maintenance,2,362,191541.6774703165,278763.10404134955,168800.5436105644,0.958823760615557
B2,30,1,1,M3,retrieval,0,335,23267.00842601147,48521.04998553402,9936.523764899708,0.26700630016810534
B2,30,1,1,M3,retrieval,1,335,51367.675911633945,36612.90222406844,83201.2153643056,0.36228084208678185
B2,30,1,1,M3,retrieval,2,335,106590.7510114146,183740.5411699662,82194.19628027789,0.533574447511244
B2,31,1,1,M3,encoding,0,205,10119.577625821315,23833.588252613517,10771.249213011202,0.1161297117215028
B2,31,1,1,M3,encoding,1,205,2521.331670288067,311.891204078873,3507.8586933038764,0.017782197548967874
B2,31,1,1,M3,encoding,2,205,2828.0934804575427,9095.147227213547,4222.718264509755,0.014156935775634873
B2,31,1,1,M3,maintenance,0,363,6692.552003650595,10234.737256937593,8085.1600660459,0.07680203300995292
B2,31,1,1,M3,maintenance,1,363,51667.91015213876,37245.607790073234,79413.11825105365,0.36439830431459375
B2,31,1,1,M3,maintenance,2,363,46961.27024086714,21306.304094689214,57603.4900188188,0.23507981307415282
B2,31,1,1,M3,retrieval,0,321,967.0618096919528,1827.6404668890978,6663.785222869645,0.01109775657927092
B2,31,1,1,M3,retrieval,1,321,49869.727296334895,34962.270662406816,81072.49179134685,0.35171625889078884
B2,31,1,1,M3,retrieval,2,321,48105.26139351635,13589.525338114718,67213.86438185081,0.2408064304536212
B2,32,1,1,M3,encoding,0,205,78029.29050000725,113202.36840150274,79843.98405945233,0.8954443897418889
B2,32,1,1,M3,encoding,1,205,31255.483944988024,48298.1422865828,27699.03644141856,0.22043557241910605
B2,32,1,1,M3,encoding,2,205,83899.821079937,136606.9357959582,103986.35557252758,0.4199876654797715
B2,32,1,1,M3,maintenance,0,362,165655.30024541068,219234.13195565122,137320.15565928043,1.901018300759089
B2,32,1,1,M3,maintenance,1,362,15188.469902991865,17798.037685882027,16085.673959725644,0.10711973179264299
B2,32,1,1,M3,maintenance,2,362,93458.41343747106,155978.47689749338,78012.63625850987,0.4678362882520256
B2,32,1,1,M3,retrieval,0,265,37673.73496527018,34076.066632281734,46322.87141599866,0.4323342478075061
B2,32,1,1,M3,retrieval,1,265,785748.0970420738,722058.1452376809,893836.9097747969,5.541646126918072
B2,32,1,1,M3,retrieval,2,265,413646.3005629684,306748.800410398,458525.6718401813,2.070640221535922
B2,33,1,1,M3,encoding,0,205,12602.704859015934,5872.450282344588,13762.636872805397,0.14462545140760458
B2,33,1,1,M3,encoding,1,205,16251.713366553267,14700.97626446348,19083.150166670865,0.114618469675683
B2,33,1,1,M3,encoding,2,205,60214.97028766587,34923.7398254336,51430.16441410462,0.30142549140784874
B2,33,1,1,M3,maintenance,0,363,19167.301849432537,35737.62468119619,13014.941014021171,0.21995910506916755
B2,33,1,1,M3,maintenance,1,363,107687.15978373193,132409.79724925905,74263.58841667193,0.7594853034717193
B2,33,1,1,M3,maintenance,2,363,134493.07800818098,203680.2616870684,117305.66695270693,0.6732485615437397
B2,33,1,1,M3,retrieval,0,305,95401.49015682442,141860.0499756518,65479.874897185735,1.0948033563618844
B2,33,1,1,M3,retrieval,1,305,67085.63753193745,87366.14266453347,39539.95471895223,0.4731349204664815
B2,33,1,1,M3,retrieval,2,305,179102.3697303363,276224.99730546435,146805.06323956206,0.8965547861332259
B2,34,1,1,M3,encoding,0,205,7273.421116941618,19674.22988978925,6376.823631673322,0.08346793994487171
B2,34,1,1,M3,encoding,1,205,18149.886856669767,7922.089748788648,19349.43823225834,0.12800571911264785
B2,34,1,1,M3,encoding,2,205,2527.0188213031547,7122.05794403729,1241.0042821742866,0.012649809281135033
B2,34,1,1,M3,maintenance,0,363,3853.2691391910307,13492.318952974876,1635.1845735854474,0.04421914143707157
B2,34,1,1,M3,maintenance,1,363,32027.600798119747,20554.038594415582,55031.676822261565,0.2258810814630261
B2,34,1,1,M3,maintenance,2,363,3216.074115029567,2803.2637290119956,6446.705127356102,0.016099098212548943
B2,34,1,1,M3,retrieval,0,318,8113.624310848034,1133.0450795628356,20034.91256851312,0.09310989915538956
B2,34,1,1,M3,retrieval,1,318,75319.34802517731,56775.159120669145,112895.24716628154,0.5312048159416265
B2,34,1,1,M3,retrieval,2,318,5181.334492045906,1346.4321830380188,12410.518393316494,0.025936844076352248
B2,35,1,-1,M3,encoding,0,205,22169.99292025687,36185.653655758004,18494.451810929113,0.25441722786213933
B2,35,1,-1,M3,encoding,1,205,1874.2764449759825,1765.6529980392058,1510.8680734572422,0.013218710730798961
B2,35,1,-1,M3,encoding,2,205,20050.181720016855,30259.78295368972,16817.338555013168,0.10036766353782779
B2,35,1,-1,M3,maintenance,0,363,40175.21872850376,60483.6983316651,22017.394625155976,0.46104064238657416
B2,35,1,-1,M3,maintenance,1,363,86590.25720140374,56606.1839090991,106317.30962843518,0.6106951645895037
B2,35,1,-1,M3,maintenance,2,363,39141.23309643695,59251.29305552041,15976.919683913,0.19593409021110705
B2,35,1,-1,M3,retrieval,0,337,14482.096340993123,35420.10788686667,4863.143359660698,0.16619287240914518
B2,35,1,-1,M3,retrieval,1,337,205012.7767955913,146075.510206916,230348.30551975666,1.4458937473407245
B2,35,1,-1,M3,retrieval,2,337,19276.63366593582,41046.6849839831,3837.3278497430165,0.09649541879179456
B2,36,1,1,M3,encoding,0,205,9194.218557390766,16394.476261894033,10643.648731190673,0.10551052524661311
B2,36,1,1,M3,encoding,1,205,67020.9224168545,89410.17001146515,64004.95656154393,0.47267850413126855
B2,36,1,1,M3,encoding,2,205,62862.464309462244,102970.0618350831,79626.72876728853,0.31467837823494355
B2,36,1,1,M3,maintenance,0,362,68742.8881304874,103453.70826764638,51757.811579916,0.7888759863976142
B2,36,1,1,M3,maintenance,1,362,287870.64934241096,327766.71226461855,230821.75447991697,2.03026552019297
B2,36,1,1,M3,maintenance,2,362,322568.1121793647,432818.9270852089,293086.40158158494,1.6147189189277606
B2,36,1,1,M3,retrieval,0,300,129219.83743745938,182723.8558591563,93819.36981048656,1.4828941508409734
B2,36,1,1,M3,retrieval,1,300,238300.87480640115,275458.7809717057,182440.23636063898,1.6806647383345417
B2,36,1,1,M3,retrieval,2,300,364772.09483896184,499321.1666282896,317822.8347180225,1.825984591762331
B2,37,1,-1,M3,encoding,0,205,1689.1779405042691,767.3927465821165,3457.550456545008,0.01938457853977495
B2,37,1,-1,M3,encoding,1,205,10551.57224677904,2951.0003537309844,12072.806005370701,0.07441708060685034
B2,37,1,-1,M3,encoding,2,205,2405.0182000292943,1330.1577652833578,4431.956452688703,0.012039095748539154
B2,37,1,-1,M3,maintenance,0,363,16358.625177990478,7794.145445510358,31409.943556475588,0.1877274424213894
B2,37,1,-1,M3,maintenance,1,363,75436.490546914,48970.46930569965,93217.9028749186,0.5320309870826364
B2,37,1,-1,M3,maintenance,2,363,31876.715001191245,19473.69666707712,59763.86994307336,0.15956919745703435
B2,37,1,-1,M3,retrieval,0,329,424903.5987311078,338744.6144458726,491926.25767925335,4.8760861623478915
B2,37,1,-1,M3,retrieval,1,329,867042.5993204577,741743.5872699112,916361.3934153819,6.114991917237708
B2,37,1,-1,M3,retrieval,2,329,1049620.0561251277,921815.5441887059,1210998.7044937462,5.254212361105432
B2,44,2,1,M0,encoding,0,205,6453.763999282274,5981.077919825117,3877.5785150863026,0.07191893782779082
B2,44,2,1,M0,encoding,1,205,6209.646162060723,1335.4978258315014,2833.187912031105,0.04824541856675172
B2,44,2,1,M0,encoding,2,205,12627.018229270081,5815.245079193155,6737.334595364645,0.07468300003069107
B2,44,2,1,M0,maintenance,0,363,3899.716088985173,4227.691975582214,15538.62322975277,0.043457343494579394
B2,44,2,1,M0,maintenance,1,363,4607.332774281836,4879.349601777158,17872.317491505855,0.03579635495652367
B2,44,2,1,M0,maintenance,2,363,16273.495271801494,17359.338490953985,63449.699272581944,0.09625023309669023
B2,44,2,1,M0,retrieval,0,358,2605.8118173361127,1641.6042528550493,8151.700282772586,0.029038436810326522
B2,44,2,1,M0,retrieval,1,358,2879.257861470025,1232.6830607149707,5232.490263718713,0.022370195831276318
B2,44,2,1,M0,retrieval,2,358,25091.649453269354,13635.658050364169,67535.11085624067,0.14840555567938932
B2,45,2,-1,M0,encoding,0,205,4733.9909300207755,9192.81484467635,2995.872625931591,0.052754268580529576
B2,45,2,-1,M0,encoding,1,205,140252.57221264186,147558.0643180812,109013.44076455338,1.089682708944714
B2,45,2,-1,M0,encoding,2,205,121119.7111154647,148303.86116026467,94041.83582698044,0.7163673342915918
B2,45,2,-1,M0,maintenance,0,363,48863.50774614833,47958.885444734275,10812.660160743195,0.544521240013399
B2,45,2,-1,M0,maintenance,1,363,139446.71592907285,138704.57975791892,91753.02221122665,1.0834216640009664
B2,45,2,-1,M0,maintenance,2,363,359747.5965717016,356444.2925973103,199863.70984276867,2.1277414254084364
B2,45,2,-1,M0,retrieval,0,301,13033.250901906278,20602.45035229221,1538.8563534964683,0.14523889646606813
B2,45,2,-1,M0,retrieval,1,301,8378.384592267645,11418.607427042161,5551.155991338785,0.06509528256808637
B2,45,2,-1,M0,retrieval,2,301,153041.50503764045,183244.5903206366,81420.38087453035,0.9051700502759004
B2,46,2,-1,M0,encoding,0,205,14324.47239878539,21552.37795653299,8717.543821288442,0.15962790705992994
B2,46,2,-1,M0,encoding,1,205,1342.1146714644776,1289.9902344743637,3035.7443393748285,0.010427467588248869
B2,46,2,-1,M0,encoding,2,205,9313.163050342911,12434.86236850409,5309.984702489281,0.055083072166816446
B2,46,2,-1,M0,maintenance,0,362,18951.473558641792,18758.973479540793,5874.021753319288,0.21118991161755482
B2,46,2,-1,M0,maintenance,1,362,23271.536667657223,23698.98937782152,48684.24252667437,0.18080660281133326
B2,46,2,-1,M0,maintenance,2,362,13072.987722501426,13577.368317364499,39635.68012993422,0.07732070428294897
B2,46,2,-1,M0,retrieval,0,280,1729.2834751946348,3180.871721387509,10495.00213905856,0.01927065054640672
B2,46,2,-1,M0,retrieval,1,280,96935.19287709973,88865.0071487073,114149.2093069997,0.7531313108913907
B2,46,2,-1,M0,retrieval,2,280,43165.34825285184,30028.705731778307,96381.2559226088,0.25530316392668073
B2,47,2,1,M0,encoding,0,205,8243.608452638831,238.94020154660868,7450.027932809827,0.09186446294719122
B2,47,2,1,M0,encoding,1,205,8966.858610487696,337.7735700783866,5244.5709694059915,0.06966739095940618
B2,47,2,1,M0,encoding,2,205,12577.5760869967,217.81827321604126,8983.284891996971,0.07439057251962906
B2,47,2,1,M0,maintenance,0,363,655.4484860244171,846.1623046840541,16448.504962005652,0.007304134288293163
B2,47,2,1,M0,maintenance,1,363,725.716117538247,895.5478056516571,6294.526763197972,0.005638401438263517
B2,47,2,1,M0,maintenance,2,363,625.9224239062056,829.2348494942867,22346.156009197344,0.0037020429966148536
B2,47,2,1,M0,retrieval,0,328,1915.1681485977288,104.5508720431605,14419.27005249812,0.021342097266662224
B2,47,2,1,M0,retrieval,1,328,271.6524705545277,138.8939280624832,1289.3584978098406,0.002110585177408249
B2,47,2,1,M0,retrieval,2,328,3040.250941339925,410.641824760345,23389.28602670315,0.017981684751121434
B2,48,2,-1,M0,encoding,0,205,23521.395675251606,10372.747959238632,29844.421498937096,0.2621158433093331
B2,48,2,-1,M0,encoding,1,205,11327.304397857448,9259.54284729091,21891.83241531431,0.0880067120807223
B2,48,2,-1,M0,encoding,2,205,32340.850180743942,18563.118597642944,47992.47791118698,0.1912812408429298
B2,48,2,-1,M0,maintenance,0,362,7331.446693603711,7563.134632952631,32384.862086926838,0.08169958786898401
B2,48,2,-1,M0,maintenance,1,362,47781.08645544933,47205.74413113736,23696.70000770335,0.37123186337114855
B2,48,2,-1,M0,maintenance,2,362,26355.43133125976,25440.618210500197,9528.700083559796,0.15588024371095957
B2,48,2,-1,M0,retrieval,0,373,18213.22494038953,23927.32286492592,1924.6798629881632,0.20296307585420162
B2,48,2,-1,M0,retrieval,1,373,91887.56498158992,99570.82941419461,75494.53938172522,0.7139141132874507
B2,48,2,-1,M0,retrieval,2,373,67509.64261552575,83189.03111497902,21540.57880808216,0.3992884582870126
B2,49,2,1,M0,encoding,0,205,63432.20226523155,94409.60404084338,58392.97057123513,0.7068706899571131
B2,49,2,1,M0,encoding,1,205,17984.453529729224,35754.14801387412,17894.477252631314,0.1397289741784802
B2,49,2,1,M0,encoding,2,205,83873.33136353482,133820.21250140926,81366.88660082678,0.4960721442752782
B2,49,2,1,M0,maintenance,0,362,109013.3904765336,108212.05654582336,47639.93164441322,1.2148146806964752
B2,49,2,1,M0,maintenance,1,362,14798.890766019264,15268.666370336781,21590.069626215285,0.11497896348626994
B2,49,2,1,M0,maintenance,2,362,95204.5250764874,94809.86229239691,32099.626197937927,0.5630909388193898
B2,49,2,1,M0,retrieval,0,313,29068.49521836203,40066.74164835405,6897.1962318381175,0.32393116646182096
B2,49,2,1,M0,retrieval,1,313,49317.95984588518,41790.70100120938,60328.221222406166,0.3831724954249843
B2,49,2,1,M0,retrieval,2,313,7740.155382069069,13801.009953926028,1213.7868635939085,0.04577945593652899
B2,50,2,-1,M0,encoding,0,205,64594.42588482848,85377.29205309316,53133.22971676509,0.7198221843484601
B2,50,2,-1,M0,encoding,1,205,424851.182910597,436781.36747653794,370301.12022362906,3.3008520313658583
B2,50,2,-1,M0,encoding,2,205,1676087.753687586,1588749.8322226524,1815328.471440866,9.913287483020193
B2,50,2,-1,M0,maintenance,0,363,99088.77182112295,98191.61865169051,45774.79469139482,1.1042175110258163
B2,50,2,-1,M0,maintenance,1,363,202713.6855122877,202327.58604923828,162227.92418971055,1.5749700307406265
B2,50,2,-1,M0,maintenance,2,363,2089594.8310738963,2098932.4101972543,2545188.754705932,12.358991489493143
B2,50,2,-1,M0,retrieval,0,326,223577.83854218363,242777.74037523023,147537.11852261642,2.4914887919011863
B2,50,2,-1,M0,retrieval,1,326,914974.4833143577,936127.6384924802,862753.3989050809,7.108831288182326
B2,50,2,-1,M0,retrieval,2,326,1116842.3314006364,1035032.587811861,1328355.8500988458,6.605608256502246
B2,51,2,-1,M0,encoding,0,205,53266.63880310931,72349.98461514505,42064.77716990326,0.5935884988670552
B2,51,2,-1,M0,encoding,1,205,4749.359904759453,5735.3595348821855,1437.1237365327006,0.03689982497379971
B2,51,2,-1,M0,encoding,2,205,88303.67857481452,110283.57739256456,63797.587887723974,0.5222756085380442
B2,51,2,-1,M0,maintenance,0,363,104738.13549782685,103625.94761681052,44163.30422575485,1.1671724370312657
B2,51,2,-1,M0,maintenance,1,363,45445.489180772,46028.08971561244,77538.18346371698,0.35308560105935566
B2,51,2,-1,M0,maintenance,2,363,126358.99630590338,124744.64931264351,45217.37462646285,0.7473552943098415
B2,51,2,-1,M0,retrieval,0,330,38068.137072984966,50983.86647651938,14900.667051778655,0.42422065381942975
B2,51,2,-1,M0,retrieval,1,330,263224.6052247936,253015.69079644702,293716.80594012863,2.045105457655215
B2,51,2,-1,M0,retrieval,2,330,39926.74633609417,55579.16764574859,17847.716017475934,0.2361483244660117
B2,52,2,-1,M0,encoding,0,205,7912.479378082326,12290.473217896968,4961.827083818276,0.08817445331426202
B2,52,2,-1,M0,encoding,1,205,2071.7140177199512,2429.8885110111073,2545.185774544053,0.01609603950482364
B2,52,2,-1,M0,encoding,2,205,7851.506229567036,10528.651156717144,5467.614932766125,0.04643804493957891
B2,52,2,-1,M0,maintenance,0,362,11093.568502113923,10982.290498342114,5806.441839527422,0.1236236192523615
B2,52,2,-1,M0,maintenance,1,362,3639.5794050890413,3770.0958734485566,13552.018840044657,0.02827746174625479
B2,52,2,-1,M0,maintenance,2,362,9338.936335348111,9541.07462092304,25409.386691180465,0.05523550928299739
B2,52,2,-1,M0,retrieval,0,323,3741.7622861114264,4220.098597244145,19781.5494015225,0.041697150569984784
B2,52,2,-1,M0,retrieval,1,323,33077.79455112909,30518.31578436567,44521.663808285004,0.2569956486626357
B2,52,2,-1,M0,retrieval,2,323,24185.004628607127,19141.41231904008,69620.02421016927,0.14304316891169477
B2,53,2,1,M0,encoding,0,205,11042.300929639172,19273.783036514065,8048.331164702861,0.12305230778857022
B2,53,2,1,M0,encoding,1,205,27434.07942726315,8343.849867743415,21687.85389002956,0.21314719235509313
B2,53,2,1,M0,encoding,2,205,12516.04864808707,10015.483836049483,7336.35908633685,0.07402666604237974
B2,53,2,1,M0,maintenance,0,363,1986.63560809431,2141.3311427152616,16900.953950973344,0.02213851061193119
B2,53,2,1,M0,maintenance,1,363,153590.59528727896,154034.12490507684,217149.41858065932,1.1933115614259495
B2,53,2,1,M0,maintenance,2,363,22123.86779099958,22926.764317263733,87605.85039420518,0.13085249335303598
B2,53,2,1,M0,retrieval,0,270,41082.880416770895,26736.05269681958,79118.44017761192,0.45781610898832026
B2,53,2,1,M0,retrieval,1,270,351028.7058268566,326999.7869606988,376066.23825003364,2.7272933754315005
B2,53,2,1,M0,retrieval,2,270,147233.04602081949,113009.58153194787,230076.19108294498,0.8708156890914086
B2,55,2,1,M0,encoding,0,205,5240.27375906243,5812.95785539139,3280.6507596396295,0.05839614257982272
B2,55,2,1,M0,encoding,1,205,14570.622034105727,2441.5655092926754,10524.564472321876,0.11320544528097248
B2,55,2,1,M0,encoding,2,205,13081.637440508832,25884.402761770594,10076.31931178739,0.07737186338310102
B2,55,2,1,M0,maintenance,0,363,5310.283342866617,5036.437353615128,2208.57677831775,0.059176309766835244
B2,55,2,1,M0,maintenance,1,363,9699.987710612462,9823.143234493054,30046.691579485996,0.075363387055784
B2,55,2,1,M0,maintenance,2,363,22633.862588001877,22130.93902219896,776.3584047027512,0.13386887780331613
B2,55,2,1,M0,retrieval,0,254,2324.5921021456834,5360.228317682409,6824.569130985691,0.025904603094842226
B2,55,2,1,M0,retrieval,1,254,42276.13116425514,35180.12267681592,51357.510720942286,0.3284614920354039
B2,55,2,1,M0,retrieval,2,254,10922.292565235432,7804.358630760578,30906.958367906955,0.0646003324913112
B2,56,2,-1,M0,encoding,0,205,167273.39920912718,129458.86325558033,186760.90407563522,1.8640478950426962
B2,56,2,-1,M0,encoding,1,205,326227.2855146447,314593.55198700685,382385.2562421536,2.534600446915986
B2,56,2,-1,M0,encoding,2,205,579064.1575216053,516696.3164439617,648376.0623907864,3.4248979219584164
B2,56,2,-1,M0,maintenance,0,362,106994.87057643964,108180.91326446786,188500.8473268939,1.1923208604676663
B2,56,2,-1,M0,maintenance,1,362,127879.84732677265,127220.68013245266,113389.36212535709,0.9935536743183789
B2,56,2,-1,M0,maintenance,2,362,169166.32545129192,169513.6625438427,250379.3530855918,1.000540940028487
B2,56,2,-1,M0,retrieval,0,279,1061.8487756654592,4986.2614127471115,4086.723265073763,0.011832945253048108
B2,56,2,-1,M0,retrieval,1,279,91060.00020084254,101621.67876025745,80956.62699395177,0.7074844056686498
B2,56,2,-1,M0,retrieval,2,279,63809.37176718582,87851.45703902117,27741.566571973002,0.37740305962341114
B2,57,2,-1,M0,encoding,0,205,7548.170817954531,2654.9677510043425,11391.297992484171,0.0841147007901727
B2,57,2,-1,M0,encoding,1,205,128372.29682399778,134056.72209446106,103509.12587751672,0.9973797268013322
B2,57,2,-1,M0,encoding,2,205,35431.98294035722,41532.617572354924,31227.113962834464,0.2095638681259042
B2,57,2,-1,M0,maintenance,0,363,209239.33556232977,206860.07248649874,122145.52074475438,2.33170453197684
B2,57,2,-1,M0,maintenance,1,363,1231019.832813143,1228083.0845147986,1068345.7753803856,9.564323883848058
B2,57,2,-1,M0,maintenance,2,363,1163924.33437202,1156997.8892762042,862087.5244266711,6.884076630073296
B2,57,2,-1,M0,retrieval,0,293,404811.5065660169,446884.5176273323,302097.15419007314,4.5111060113033945
B2,57,2,-1,M0,retrieval,1,293,1065041.337150315,1097432.012483,1012447.9668185036,8.274765382872937
B2,57,2,-1,M0,retrieval,2,293,1377167.8416932046,1469251.0615187846,1141339.7240441234,8.14531381011444
B2,44,2,1,M1,encoding,0,205,3337.443928211943,5981.077919825117,3877.5785150863026,0.03719154006925353
B2,44,2,1,M1,encoding,1,205,8005.9857777789875,1335.4978258315014,2833.187912031105,0.06220195560389666
B2,44,2,1,M1,encoding,2,205,13234.425539169928,5815.245079193155,6737.334595364645,0.07827553465131422
B2,44,2,1,M1,maintenance,0,363,5127.780087825286,4227.691975582214,15538.62322975277,0.057142544625415986
B2,44,2,1,M1,maintenance,1,363,12207.514284825646,4879.349601777158,17872.317491505855,0.09484544222976526
B2,44,2,1,M1,maintenance,2,363,33713.73852284006,17359.338490953985,63449.699272581944,0.19940124338297732
B2,44,2,1,M1,retrieval,0,358,2450.9517793499026,1641.6042528550493,8151.700282772586,0.027312719934844527
B2,44,2,1,M1,retrieval,1,358,3688.288350308463,1232.6830607149707,5232.490263718713,0.028655902544446117
B2,44,2,1,M1,retrieval,2,358,38523.13528421111,13635.658050364169,67535.11085624067,0.2278466112406463
B2,45,2,-1,M1,encoding,0,205,937.7659757979884,9192.81484467635,2995.872625931591,0.010450201296163524
B2,45,2,-1,M1,encoding,1,205,140167.22518752876,147558.0643180812,109013.44076455338,1.0890196111058768
B2,45,2,-1,M1,encoding,2,205,106767.14703875332,148303.86116026467,94041.83582698044,0.6314785249211555
B2,45,2,-1,M1,maintenance,0,363,32982.662437589475,47958.885444734275,10812.660160743195,0.3675495493029817
B2,45,2,-1,M1,maintenance,1,363,134139.0923234792,138704.57975791892,91753.02221122665,1.042184447617987
B2,45,2,-1,M1,maintenance,2,363,317462.4247872597,356444.2925973103,199863.70984276867,1.877644100106816
B2,45,2,-1,M1,retrieval,0,301,9220.653751351958,20602.45035229221,1538.8563534964683,0.1027523820128557
B2,45,2,-1,M1,retrieval,1,301,8248.444753551577,11418.607427042161,5551.155991338785,0.06408572393241808
B2,45,2,-1,M1,retrieval,2,301,131292.33158211588,183244.5903206366,81420.38087453035,0.7765337014282168
B2,46,2,-1,M1,encoding,0,205,6761.080418517859,21552.37795653299,8717.543821288442,0.07534358590152289
B2,46,2,-1,M1,encoding,1,205,901.3324177559749,1289.9902344743637,3035.7443393748285,0.007002840198544968
B2,46,2,-1,M1,encoding,2,205,3887.312779495237,12434.86236850409,5309.984702489281,0.0229916655824081
B2,46,2,-1,M1,maintenance,0,362,8114.335273067371,18758.973479540793,5874.021753319288,0.0904238788530975
B2,46,2,-1,M1,maintenance,1,362,24067.301463549644,23698.98937782152,48684.24252667437,0.18698924263597905
B2,46,2,-1,M1,maintenance,2,362,9736.838537714913,13577.368317364499,39635.68012993422,0.057588917637369424
B2,46,2,-1,M1,retrieval,0,280,4631.479248713888,3180.871721387509,10495.00213905856,0.05161190712520641
B2,46,2,-1,M1,retrieval,1,280,100165.64646769913,88865.0071487073,114149.2093069997,0.7782300977741545
B2,46,2,-1,M1,retrieval,2,280,60224.41821272267,30028.705731778307,96381.2559226088,0.3561997096672534
B2,47,2,1,M1,encoding,0,205,18901.52751950532,238.94020154660868,7450.027932809827,0.21063332695102535
B2,47,2,1,M1,encoding,1,205,15870.342670550606,337.7735700783866,5244.5709694059915,0.12330353533129489
B2,47,2,1,M1,encoding,2,205,33603.01369672249,217.81827321604126,8983.284891996971,0.19874635700820611
B2,47,2,1,M1,maintenance,0,363,8199.987966881019,846.1623046840541,16448.504962005652,0.09137836847525464
B2,47,2,1,M1,maintenance,1,363,4224.634171065524,895.5478056516571,6294.526763197972,0.03282300449254893
B2,47,2,1,M1,maintenance,2,363,13294.73119965028,829.2348494942867,22346.156009197344,0.07863221487159495
B2,47,2,1,M1,retrieval,0,328,4825.916529725641,104.5508720431605,14419.27005249812,0.05377866170843012
B2,47,2,1,M1,retrieval,1,328,545.6867789888296,138.8939280624832,1289.3584978098406,0.004239675880327747
B2,47,2,1,M1,retrieval,2,328,9266.53520880374,410.641824760345,23389.28602670315,0.05480728994904561
B2,48,2,-1,M1,encoding,0,205,26839.240362131306,10372.747959238632,29844.421498937096,0.2990889749243882
B2,48,2,-1,M1,encoding,1,205,10236.29910336976,9259.54284729091,21891.83241531431,0.07953022151791166
B2,48,2,-1,M1,encoding,2,205,31595.335141459913,18563.118597642944,47992.47791118698,0.1868718625803193
B2,48,2,-1,M1,maintenance,0,362,16769.291484487792,7563.134632952631,32384.862086926838,0.18687228597499106
B2,48,2,-1,M1,maintenance,1,362,46440.341411589085,47205.74413113736,23696.70000770335,0.36081503701032597
B2,48,2,-1,M1,maintenance,2,362,24315.80383807287,25440.618210500197,9528.700083559796,0.1438167860228114
B2,48,2,-1,M1,retrieval,0,373,10618.999841180394,23927.32286492592,1924.6798629881632,0.11833515905696357
B2,48,2,-1,M1,retrieval,1,373,89130.11365438536,99570.82941419461,75494.53938172522,0.6924902849425711
B2,48,2,-1,M1,retrieval,2,373,51138.41464412162,83189.03111497902,21540.57880808216,0.3024601812630154
B2,49,2,1,M1,encoding,0,205,38157.17849972841,94409.60404084338,58392.97057123513,0.42521290653191995
B2,49,2,1,M1,encoding,1,205,9129.278844929948,35754.14801387412,17894.477252631314,0.07092930379467409
B2,49,2,1,M1,encoding,2,205,46041.54239929135,133820.21250140926,81366.88660082678,0.27231452825883085
B2,49,2,1,M1,maintenance,0,362,63179.05024197466,108212.05654582336,47639.93164441322,0.7040496347366842
B2,49,2,1,M1,maintenance,1,362,10659.020924605582,15268.666370336781,21590.069626215285,0.08281452962026799
B2,49,2,1,M1,maintenance,2,362,36167.86442341646,94809.86229239691,32099.626197937927,0.2139162683382127
B2,49,2,1,M1,retrieval,0,313,20344.064477222524,40066.74164835405,6897.1962318381175,0.22670855464573061
B2,49,2,1,M1,retrieval,1,313,54290.82169087005,41790.70100120938,60328.221222406166,0.42180880334406634
B2,49,2,1,M1,retrieval,2,313,4130.050493194946,13801.009953926028,1213.7868635939085,0.02442734741564271
B2,50,2,-1,M1,encoding,0,205,48690.948042576645,85377.29205309316,53133.22971676509,0.5425982830236277
B2,50,2,-1,M1,encoding,1,205,423797.3860266761,436781.36747653794,370301.12022362906,3.2926646289886135
B2,50,2,-1,M1,encoding,2,205,1674476.9356483407,1588749.8322226524,1815328.471440866,9.903760235851461
B2,50,2,-1,M1,maintenance,0,363,70868.59423068925,98191.61865169051,45774.79469139482,0.7897397585326474
B2,50,2,-1,M1,maintenance,1,363,196361.0584756493,202327.58604923828,162227.92418971055,1.5256137321074417
B2,50,2,-1,M1,maintenance,2,363,2167941.8123699944,2098932.4101972543,2545188.754705932,12.822377817151855
B2,50,2,-1,M1,retrieval,0,326,191308.70565856856,242777.74037523023,147537.11852261642,2.1318906160348967
B2,50,2,-1,M1,retrieval,1,326,902657.1619872376,936127.6384924802,862753.3989050809,7.01313270769334
B2,50,2,-1,M1,retrieval,2,326,1160729.765894631,1035032.587811861,1328355.8500988458,6.865182228135883
B2,51,2,-1,M1,encoding,0,205,39254.15494062715,72349.98461514505,42064.77716990326,0.43743730464445124
B2,51,2,-1,M1,encoding,1,205,4389.61539384251,5735.3595348821855,1437.1237365327006,0.03410481475046042
B2,51,2,-1,M1,encoding,2,205,75400.18766873411,110283.57739256456,63797.587887723974,0.44595739989706934
B2,51,2,-1,M1,maintenance,0,363,77534.49867942624,103625.94761681052,44163.30422575485,0.8640227300928135
B2,51,2,-1,M1,maintenance,1,363,46351.52890266846,46028.08971561244,77538.18346371698,0.36012501433350774
B2,51,2,-1,M1,maintenance,2,363,99451.20864236364,124744.64931264351,45217.37462646285,0.5882081171683913
B2,51,2,-1,M1,retrieval,0,330,29956.51254328127,50983.86647651938,14900.667051778655,0.3338269827308959
B2,51,2,-1,M1,retrieval,1,330,268697.35340608604,253015.69079644702,293716.80594012863,2.087625598066769
B2,51,2,-1,M1,retrieval,2,330,31884.81578671997,55579.16764574859,17847.716017475934,0.18858400733581882
B2,52,2,-1,M1,encoding,0,205,1977.5023286740613,12290.473217896968,4961.827083818276,0.02203673190498409
B2,52,2,-1,M1,encoding,1,205,1598.7765804253902,2429.8885110111073,2545.185774544053,0.012421584628864828
B2,52,2,-1,M1,encoding,2,205,2325.8527263047176,10528.651156717144,5467.614932766125,0.013756348179441822
B2,52,2,-1,M1,maintenance,0,362,3590.14996435726,10982.290498342114,5806.441839527422,0.040007625334265356
B2,52,2,-1,M1,maintenance,1,362,3583.4060144909145,3770.0958734485566,13552.018840044657,0.02784102645332646
B2,52,2,-1,M1,maintenance,2,362,4911.391254351001,9541.07462092304,25409.386691180465,0.029048618330903827
B2,52,2,-1,M1,retrieval,0,323,9101.846523809287,4220.098597244145,19781.5494015225,0.10142842755587776
B2,52,2,-1,M1,retrieval,1,323,35646.69703502912,30518.31578436567,44521.663808285004,0.2769545597436167
B2,52,2,-1,M1,retrieval,2,323,39390.55730005287,19141.41231904008,69620.02421016927,0.23297701315022507
B2,53,2,1,M1,encoding,0,205,1865.7444901325746,19273.783036514065,8048.331164702861,0.020791333863976177
B2,53,2,1,M1,encoding,1,205,38062.355910553015,8343.849867743415,21687.85389002956,0.29572285515410157
B2,53,2,1,M1,encoding,2,205,10086.983627709504,10015.483836049483,7336.35908633685,0.0596598646568483
B2,53,2,1,M1,maintenance,0,363,7484.805654078556,2141.3311427152616,16900.953950973344,0.08340857715724301
B2,53,2,1,M1,maintenance,1,363,199219.92820706006,154034.12490507684,217149.41858065932,1.547825523765141
B2,53,2,1,M1,maintenance,2,363,60709.65750476911,22926.764317263733,87605.85039420518,0.35906967670181367
B2,53,2,1,M1,retrieval,0,270,55306.351363611306,26736.05269681958,79118.44017761192,0.6163184841658083
B2,53,2,1,M1,retrieval,1,270,362954.0218978409,326999.7869606988,376066.23825003364,2.819946298057049
B2,53,2,1,M1,retrieval,2,270,179995.92604497142,113009.58153194787,230076.19108294498,1.0645930421784096
B2,55,2,1,M1,encoding,0,205,3634.707099369517,5812.95785539139,3280.6507596396295,0.04050415756306816
B2,55,2,1,M1,encoding,1,205,20606.716669820875,2441.5655092926754,10524.564472321876,0.16010246720596416
B2,55,2,1,M1,encoding,2,205,2579.7444415215646,25884.402761770594,10076.31931178739,0.015258000796951984
B2,55,2,1,M1,maintenance,0,363,3435.519994980407,5036.437353615128,2208.57677831775,0.038284472278906675
B2,55,2,1,M1,maintenance,1,363,24979.64325785486,9823.143234493054,30046.691579485996,0.19407761942806173
B2,55,2,1,M1,maintenance,2,363,5007.193087692994,22130.93902219896,776.3584047027512,0.0296152420731453
B2,55,2,1,M1,retrieval,0,254,4859.62521855517,5360.228317682409,6824.569130985691,0.05415430189243078
B2,55,2,1,M1,retrieval,1,254,46773.005943410906,35180.12267681592,51357.510720942286,0.36339965119947487
B2,55,2,1,M1,retrieval,2,254,22386.781089098335,7804.358630760578,30906.958367906955,0.13240750448024435
B2,56,2,-1,M1,encoding,0,205,179288.92065896024,129458.86325558033,186760.90407563522,1.9979454996367176
B2,56,2,-1,M1,encoding,1,205,323644.50030184514,314593.55198700685,382385.2562421536,2.5145336749280998
B2,56,2,-1,M1,encoding,2,205,592231.0148469644,516696.3164439617,648376.0623907864,3.5027738217297877
B2,56,2,-1,M1,maintenance,0,362,140336.44476728645,108180.91326446786,188500.8473268939,1.5638700217910204
B2,56,2,-1,M1,maintenance,1,362,129490.80064949483,127220.68013245266,113389.36212535709,1.0060698653086302
B2,56,2,-1,M1,maintenance,2,362,203506.2816266801,169513.6625438427,250379.3530855918,1.2036459725495892
B2,56,2,-1,M1,retrieval,0,279,1001.851316615911,4986.2614127471115,4086.723265073763,0.01116435037915905
B2,56,2,-1,M1,retrieval,1,279,91539.64212891788,101621.67876025745,80956.62699395177,0.7112109506243901
B2,56,2,-1,M1,retrieval,2,279,56574.29869702634,87851.45703902117,27741.566571973002,0.3346109330492812
B2,57,2,-1,M1,encoding,0,205,6597.146807330844,2654.9677510043425,11391.297992484171,0.07351675566847513
B2,57,2,-1,M1,encoding,1,205,126534.97632745843,134056.72209446106,103509.12587751672,0.983104791630566
B2,57,2,-1,M1,encoding,2,205,21417.597683932046,41532.617572354924,31227.113962834464,0.1266752307982444
B2,57,2,-1,M1,maintenance,0,363,187522.59295561886,206860.07248649874,122145.52074475438,2.0896992368455227
B2,57,2,-1,M1,maintenance,1,363,1218787.829585562,1228083.0845147986,1068345.7753803856,9.469288176462653
B2,57,2,-1,M1,maintenance,2,363,1104493.4946590022,1156997.8892762042,862087.5244266711,6.532570571911227
B2,57,2,-1,M1,retrieval,0,293,370466.1042161614,446884.5176273323,302097.15419007314,4.128370470223116
B2,57,2,-1,M1,retrieval,1,293,1057142.0670289737,1097432.012483,1012447.9668185036,8.21339254721857
B2,57,2,-1,M1,retrieval,2,293,1304526.1457811228,1469251.0615187846,1141339.7240441234,7.715671619097734
B2,44,2,1,M2,encoding,0,205,1897.700519605097,5981.077919825117,3877.5785150863026,0.021147442903152857
B2,44,2,1,M2,encoding,1,205,3572.8770792628907,1335.4978258315014,2833.187912031105,0.027759222615574494
B2,44,2,1,M2,encoding,2,205,6251.815677012932,5815.245079193155,6737.334595364645,0.03697661173212875
B2,44,2,1,M2,maintenance,0,363,7645.195822825034,4227.691975582214,15538.62322975277,0.08519592026051571
B2,44,2,1,M2,maintenance,1,363,11287.815249694131,4879.349601777158,17872.317491505855,0.08769990386133869
B2,44,2,1,M2,maintenance,2,363,42749.00486138523,17359.338490953985,63449.699272581944,0.25284068442810814
B2,44,2,1,M2,retrieval,0,358,2688.6369731315253,1641.6042528550493,8151.700282772586,0.029961417141012584
B2,44,2,1,M2,retrieval,1,358,5727.273806305004,1232.6830607149707,5232.490263718713,0.04449765974103117
B2,44,2,1,M2,retrieval,2,358,48474.02169367499,13635.658050364169,67535.11085624067,0.2867015235033614
B2,45,2,-1,M2,encoding,0,205,1528.1389180946373,9192.81484467635,2995.872625931591,0.01702915195766347
B2,45,2,-1,M2,encoding,1,205,132862.57650091263,147558.0643180812,109013.44076455338,1.0322666457723548
B2,45,2,-1,M2,encoding,2,205,106956.26209509747,148303.86116026467,94041.83582698044,0.6325970534211001
B2,45,2,-1,M2,maintenance,0,363,26454.38835489305,47958.885444734275,10812.660160743195,0.29480029198145025
B2,45,2,-1,M2,maintenance,1,363,124688.28337391478,138704.57975791892,91753.02221122665,0.9687570378000291
B2,45,2,-1,M2,maintenance,2,363,290570.01747375075,356444.2925973103,199863.70984276867,1.7185878906555172
B2,45,2,-1,M2,retrieval,0,301,7564.6233985101935,20602.45035229221,1538.8563534964683,0.0842980437382912
B2,45,2,-1,M2,retrieval,1,301,7777.324264639152,11418.607427042161,5551.155991338785,0.06042538571188899
B2,45,2,-1,M2,retrieval,2,301,130281.7079953641,183244.5903206366,81420.38087453035,0.770556328148954
B2,46,2,-1,M2,encoding,0,205,8685.210584594026,21552.37795653299,8717.543821288442,0.09678555338003586
B2,46,2,-1,M2,encoding,1,205,876.6745600431294,1289.9902344743637,3035.7443393748285,0.006811262669766604
B2,46,2,-1,M2,encoding,2,205,4538.321588550369,12434.86236850409,5309.984702489281,0.02684208299876555
B2,46,2,-1,M2,maintenance,0,362,7778.196002718667,18758.973479540793,5874.021753319288,0.08667803700198921
B2,46,2,-1,M2,maintenance,1,362,28098.198303764173,23698.98937782152,48684.24252667437,0.21830701826766
B2,46,2,-1,M2,maintenance,2,362,15337.100624681785,13577.368317364499,39635.68012993422,0.09071188982436705
B2,46,2,-1,M2,retrieval,0,280,3956.2584097288077,3180.871721387509,10495.00213905856,0.044087435275229056
B2,46,2,-1,M2,retrieval,1,280,103142.04085911512,88865.0071487073,114149.2093069997,0.8013549891908247
B2,46,2,-1,M2,retrieval,2,280,57318.12423900139,30028.705731778307,96381.2559226088,0.3390103187130622
B2,47,2,1,M2,encoding,0,205,10314.939870298824,238.94020154660868,7450.027932809827,0.1149467999313148
B2,47,2,1,M2,encoding,1,205,7868.88898229282,337.7735700783866,5244.5709694059915,0.06113679148507746
B2,47,2,1,M2,encoding,2,205,16187.56545102775,217.81827321604126,8983.284891996971,0.09574199776424992
B2,47,2,1,M2,maintenance,0,363,8561.857791707465,846.1623046840541,16448.504962005652,0.09541094441641725
B2,47,2,1,M2,maintenance,1,363,2877.1814170694356,895.5478056516571,6294.526763197972,0.02235406303938729
B2,47,2,1,M2,maintenance,2,363,12302.468052620894,829.2348494942867,22346.156009197344,0.07276343514113813
B2,47,2,1,M2,retrieval,0,328,6549.167022026916,104.5508720431605,14419.27005249812,0.0729820823837613
B2,47,2,1,M2,retrieval,1,328,1598.917343134287,138.8939280624832,1289.3584978098406,0.012422678275045633
B2,47,2,1,M2,retrieval,2,328,13608.927388072885,410.641824760345,23389.28602670315,0.0804905406872032
B2,48,2,-1,M2,encoding,0,205,24667.498008856976,10372.747959238632,29844.421498937096,0.27488768660636387
B2,48,2,-1,M2,encoding,1,205,11881.169305169968,9259.54284729091,21891.83241531431,0.09230992736631911
B2,48,2,-1,M2,encoding,2,205,32879.232088431236,18563.118597642944,47992.47791118698,0.19446552198502315
B2,48,2,-1,M2,maintenance,0,362,17441.509079286174,7563.134632952631,32384.862086926838,0.1943632905131844
B2,48,2,-1,M2,maintenance,1,362,41252.90876136094,47205.74413113736,23696.70000770335,0.32051163598464866
B2,48,2,-1,M2,maintenance,2,362,16831.90161135945,25440.618210500197,9528.700083559796,0.09955294953513445
B2,48,2,-1,M2,retrieval,0,373,8663.229142651391,23927.32286492592,1924.6798629881632,0.09654059834966708
B2,48,2,-1,M2,retrieval,1,373,85587.89344126765,99570.82941419461,75494.53938172522,0.6649692487389947
B2,48,2,-1,M2,retrieval,2,373,48928.80035509826,83189.03111497902,21540.57880808216,0.28939132993021055
B2,49,2,1,M2,encoding,0,205,50293.4097877807,94409.60404084338,58392.97057123513,0.5604556677432363
B2,49,2,1,M2,encoding,1,205,15097.738521224914,35754.14801387412,17894.477252631314,0.11730084055645168
B2,49,2,1,M2,encoding,2,205,64770.1859822442,133820.21250140926,81366.88660082678,0.38308583339864494
B2,49,2,1,M2,maintenance,0,362,61748.4213806086,108212.05654582336,47639.93164441322,0.688107107531371
B2,49,2,1,M2,maintenance,1,362,15459.03443529091,15268.666370336781,21590.069626215285,0.12010790429980454
B2,49,2,1,M2,maintenance,2,362,39657.04580248144,94809.86229239691,32099.626197937927,0.2345531699652139
B2,49,2,1,M2,retrieval,0,313,15523.376329759263,40066.74164835405,6897.1962318381175,0.17298815656437305
B2,49,2,1,M2,retrieval,1,313,62419.44957692865,41790.70100120938,60328.221222406166,0.48496361836916646
B2,49,2,1,M2,retrieval,2,313,1226.4276515311515,13801.009953926028,1213.7868635939085,0.007253754977926886
B2,50,2,-1,M2,encoding,0,205,53681.17493952771,85377.29205309316,53133.22971676509,0.5982079734288401
B2,50,2,-1,M2,encoding,1,205,411221.0245847343,436781.36747653794,370301.12022362906,3.1949534541522233
B2,50,2,-1,M2,encoding,2,205,1682472.1858832408,1588749.8322226524,1815328.471440866,9.951048460410627
B2,50,2,-1,M2,maintenance,0,363,66981.38435986816,98191.61865169051,45774.79469139482,0.7464217808293648
B2,50,2,-1,M2,maintenance,1,363,188837.60582428172,202327.58604923828,162227.92418971055,1.4671607844258119
B2,50,2,-1,M2,maintenance,2,363,2249767.85970467,2098932.4101972543,2545188.754705932,13.306341218855136
B2,50,2,-1,M2,retrieval,0,326,187261.70586770764,242777.74037523023,147537.11852261642,2.0867919842317537
B2,50,2,-1,M2,retrieval,1,326,891881.9305404415,936127.6384924802,862753.3989050809,6.9294152884174265
B2,50,2,-1,M2,retrieval,2,326,1161533.0767651938,1035032.587811861,1328355.8500988458,6.869933442134436
B2,51,2,-1,M2,encoding,0,205,43608.017547140415,72349.98461514505,42064.77716990326,0.48595552969008243
B2,51,2,-1,M2,encoding,1,205,3380.59625037115,5735.3595348821855,1437.1237365327006,0.02626530994645626
B2,51,2,-1,M2,encoding,2,205,75875.66792536397,110283.57739256456,63797.587887723974,0.44876964672967207
B2,51,2,-1,M2,maintenance,0,363,69969.97415509637,103625.94761681052,44163.30422575485,0.7797257881806857
B2,51,2,-1,M2,maintenance,1,363,51790.773032143865,46028.08971561244,77538.18346371698,0.40238484731990165
B2,51,2,-1,M2,maintenance,2,363,87074.64354263077,124744.64931264351,45217.37462646285,0.5150064321038539
B2,51,2,-1,M2,retrieval,0,330,28587.453909572585,50983.86647651938,14900.667051778655,0.31857057689218765
B2,51,2,-1,M2,retrieval,1,330,275823.20036579017,253015.69079644702,293716.80594012863,2.142989375686499
B2,51,2,-1,M2,retrieval,2,330,32704.5290700874,55579.16764574859,17847.716017475934,0.19343223405532883
B2,52,2,-1,M2,encoding,0,205,3306.0024914293654,12290.473217896968,4961.827083818276,0.03684116550683786
B2,52,2,-1,M2,encoding,1,205,1147.2815534891017,2429.8885110111073,2545.185774544053,0.008913725084719824
B2,52,2,-1,M2,encoding,2,205,3067.3531351626966,10528.651156717144,5467.614932766125,0.018141981751200676
B2,52,2,-1,M2,maintenance,0,362,3947.976099739734,10982.290498342114,5806.441839527422,0.04399513953320301
B2,52,2,-1,M2,maintenance,1,362,4763.081088093143,3770.0958734485566,13552.018840044657,0.03700643076354818
B2,52,2,-1,M2,maintenance,2,362,8140.159685333836,9541.07462092304,25409.386691180465,0.04814529725001904
B2,52,2,-1,M2,retrieval,0,323,9358.002775002393,4220.098597244145,19781.5494015225,0.10428296105071976
B2,52,2,-1,M2,retrieval,1,323,38175.28499788486,30518.31578436567,44521.663808285004,0.29660024992740985
B2,52,2,-1,M2,retrieval,2,323,39020.21917433138,19141.41231904008,69620.02421016927,0.2307866336202018
B2,53,2,1,M2,encoding,0,205,4105.368669373843,19273.783036514065,8048.331164702861,0.045749078231818376
B2,53,2,1,M2,encoding,1,205,25882.851641345573,8343.849867743415,21687.85389002956,0.20109503481329644
B2,53,2,1,M2,encoding,2,205,4970.518425075054,10015.483836049483,7336.35908633685,0.029398328326788934
B2,53,2,1,M2,maintenance,0,363,8675.726843940121,2141.3311427152616,16900.953950973344,0.09667986923129122
B2,53,2,1,M2,maintenance,1,363,193610.79829913107,154034.12490507684,217149.41858065932,1.5042457749129916
B2,53,2,1,M2,maintenance,2,363,65346.66919773579,22926.764317263733,87605.85039420518,0.3864954662366216
B2,53,2,1,M2,retrieval,0,270,59701.597886718766,26736.05269681958,79118.44017761192,0.6652978799832466
B2,53,2,1,M2,retrieval,1,270,382792.38890326343,326999.7869606988,376066.23825003364,2.9740791254160595
B2,53,2,1,M2,retrieval,2,270,197063.20778554503,113009.58153194787,230076.19108294498,1.1655381568215804
B2,55,2,1,M2,encoding,0,205,1669.0176945809162,5812.95785539139,3280.6507596396295,0.018599065572183413
B2,55,2,1,M2,encoding,1,205,12418.206693740234,2441.5655092926754,10524.564472321876,0.09648240240295947
B2,55,2,1,M2,encoding,2,205,3490.072695293456,25884.402761770594,10076.31931178739,0.020642173352178838
B2,55,2,1,M2,maintenance,0,363,610.8995454767012,5036.437353615128,2208.57677831775,0.0068076933763073135
B2,55,2,1,M2,maintenance,1,363,21550.987661102037,9823.143234493054,30046.691579485996,0.1674389156968847
B2,55,2,1,M2,maintenance,2,363,1419.5563498880958,22130.93902219896,776.3584047027512,0.00839602232271338
B2,55,2,1,M2,retrieval,0,254,3864.2574868118595,5360.228317682409,6824.569130985691,0.04306220276655673
B2,55,2,1,M2,retrieval,1,254,53555.74747684338,35180.12267681592,51357.510720942286,0.4160976948190722
B2,55,2,1,M2,retrieval,2,254,22805.465894159926,7804.358630760578,30906.958367906955,0.1348838323623711
B2,56,2,-1,M2,encoding,0,205,173559.99591628375,129458.86325558033,186760.90407563522,1.9341039674030531
B2,56,2,-1,M2,encoding,1,205,334165.20262753835,314593.55198700685,382385.2562421536,2.5962735477119008
B2,56,2,-1,M2,encoding,2,205,595320.9410560976,516696.3164439617,648376.0623907864,3.5210493128221025
B2,56,2,-1,M2,maintenance,0,362,146350.00243146825,108180.91326446786,188500.8473268939,1.6308834235550491
B2,56,2,-1,M2,maintenance,1,362,125715.8533956185,127220.68013245266,113389.36212535709,0.9767406723759632
B2,56,2,-1,M2,maintenance,2,362,203724.66035263706,169513.6625438427,250379.3530855918,1.2049375821838841
B2,56,2,-1,M2,retrieval,0,279,812.7356445045496,4986.2614127471115,4086.723265073763,0.009056898314542115
B2,56,2,-1,M2,retrieval,1,279,90246.8270699417,101621.67876025745,80956.62699395177,0.701166512983034
B2,56,2,-1,M2,retrieval,2,279,56136.017585557405,87851.45703902117,27741.566571973002,0.33201870203583334
B2,57,2,-1,M2,encoding,0,205,5945.85349243734,2654.9677510043425,11391.297992484171,0.06625892544309175
B2,57,2,-1,M2,encoding,1,205,119844.03530312599,134056.72209446106,103509.12587751672,0.9311199857495747
B2,57,2,-1,M2,encoding,2,205,23500.042190627555,41532.617572354924,31227.113962834464,0.1389919314106615
B2,57,2,-1,M2,maintenance,0,363,166888.87109173974,206860.07248649874,122145.52074475438,1.8597628214375093
B2,57,2,-1,M2,maintenance,1,363,1187597.3819565428,1228083.0845147986,1068345.7753803856,9.226956139841905
B2,57,2,-1,M2,maintenance,2,363,1045806.9854437648,1156997.8892762042,862087.5244266711,6.185466885994075
B2,57,2,-1,M2,retrieval,0,293,366197.81289997755,446884.5176273323,302097.15419007314,4.080805827662021
B2,57,2,-1,M2,retrieval,1,293,1047714.264238801,1097432.012483,1012447.9668185036,8.14014388217294
B2,57,2,-1,M2,retrieval,2,293,1307152.5790711835,1469251.0615187846,1141339.7240441234,7.731205762940777
B2,44,2,1,M3,encoding,0,205,2891.6369606643834,5981.077919825117,3877.5785150863026,0.03222359212665533
B2,44,2,1,M3,encoding,1,205,3388.952255545554,1335.4978258315014,2833.187912031105,0.0263302313536772
B2,44,2,1,M3,encoding,2,205,7200.478433418262,5815.245079193155,6737.334595364645,0.042587515223303216
B2,44,2,1,M3,maintenance,0,363,10371.145788892858,4227.691975582214,15538.62322975277,0.11557314294066065
B2,44,2,1,M3,maintenance,1,363,15567.968895161832,4879.349601777158,17872.317491505855,0.1209542630899279
B2,44,2,1,M3,maintenance,2,363,54267.53777480411,17359.338490953985,63449.699272581944,0.32096750410215447
B2,44,2,1,M3,retrieval,0,358,4821.783560935236,1641.6042528550493,8151.700282772586,0.05373260506218237
B2,44,2,1,M3,retrieval,1,358,7236.65271112425,1232.6830607149707,5232.490263718713,0.056224675280780324
B2,44,2,1,M3,retrieval,2,358,67303.16849765154,13635.658050364169,67535.11085624067,0.39806725892928996
B2,45,2,-1,M3,encoding,0,205,3452.977142108601,9192.81484467635,2995.872625931591,0.0384790098354555
B2,45,2,-1,M3,encoding,1,205,136455.9044529679,147558.0643180812,109013.44076455338,1.0601847600368535
B2,45,2,-1,M3,encoding,2,205,121276.17710056133,148303.86116026467,94041.83582698044,0.7172927585649714
B2,45,2,-1,M3,maintenance,0,363,31770.47923241705,47958.885444734275,10812.660160743195,0.35404131928738414
B2,45,2,-1,M3,maintenance,1,363,130701.94494832172,138704.57975791892,91753.02221122665,1.0154797675988187
B2,45,2,-1,M3,maintenance,2,363,318980.68969900726,356444.2925973103,199863.70984276867,1.886623938132851
B2,45,2,-1,M3,retrieval,0,301,8927.768462317961,20602.45035229221,1538.8563534964683,0.09948855041085522
B2,45,2,-1,M3,retrieval,1,301,9939.589203551128,11418.607427042161,5551.155991338785,0.0772249543680523
B2,45,2,-1,M3,retrieval,2,301,152109.9228157512,183244.5903206366,81420.38087453035,0.8996601702834355
B2,46,2,-1,M3,encoding,0,205,12179.602730512383,21552.37795653299,8717.543821288442,0.13572608041451864
B2,46,2,-1,M3,encoding,1,205,1192.6231337074626,1289.9902344743637,3035.7443393748285,0.009266003372245762
B2,46,2,-1,M3,encoding,2,205,7565.204518647505,12434.86236850409,5309.984702489281,0.04474470211729439
B2,46,2,-1,M3,maintenance,0,362,11131.791459732078,18758.973479540793,5874.021753319288,0.12404956518295952
B2,46,2,-1,M3,maintenance,1,362,27062.477734895336,23698.98937782152,48684.24252667437,0.21026005857637092
B2,46,2,-1,M3,maintenance,2,362,15371.085689417914,13577.368317364499,39635.68012993422,0.09091289583739774
B2,46,2,-1,M3,retrieval,0,280,2728.726431711355,3180.871721387509,10495.00213905856,0.030408162835381506
B2,46,2,-1,M3,retrieval,1,280,91380.20075661335,88865.0071487073,114149.2093069997,0.7099721818535238
B2,46,2,-1,M3,retrieval,2,280,43268.95645680813,30028.705731778307,96381.2559226088,0.2559159587574754
B2,47,2,1,M3,encoding,0,205,8072.300974522438,238.94020154660868,7450.027932809827,0.08995546040705203
B2,47,2,1,M3,encoding,1,205,6617.318201036238,337.7735700783866,5244.5709694059915,0.05141279842142086
B2,47,2,1,M3,encoding,2,205,12761.272199679861,217.81827321604126,8983.284891996971,0.07547705046240678
B2,47,2,1,M3,maintenance,0,363,10175.554689830911,846.1623046840541,16448.504962005652,0.11339353053235601
B2,47,2,1,M3,maintenance,1,363,4957.00748410433,895.5478056516571,6294.526763197972,0.03851312855316854
B2,47,2,1,M3,maintenance,2,363,16499.805122567574,829.2348494942867,22346.156009197344,0.09758875168317095
B2,47,2,1,M3,retrieval,0,328,9580.080220855474,104.5508720431605,14419.27005249812,0.10675772988686541
B2,47,2,1,M3,retrieval,1,328,2275.0646005709823,138.8939280624832,1289.3584978098406,0.017675957865612362
B2,47,2,1,M3,retrieval,2,328,23126.475046694446,410.641824760345,23389.28602670315,0.1367824537243816
B2,48,2,-1,M3,encoding,0,205,21364.651857144727,10372.747959238632,29844.421498937096,0.23808169446500754
B2,48,2,-1,M3,encoding,1,205,11995.637197701806,9259.54284729091,21891.83241531431,0.09319927778074269
B2,48,2,-1,M3,encoding,2,205,29509.652982028183,18563.118597642944,47992.47791118698,0.1745360127424075
B2,48,2,-1,M3,maintenance,0,362,13224.260201640047,7563.134632952631,32384.862086926838,0.147367450586363
B2,48,2,-1,M3,maintenance,1,362,42515.813682394604,47205.74413113736,23696.70000770335,0.3303236888673946
B2,48,2,-1,M3,maintenance,2,362,18106.965812107435,25440.618210500197,9528.700083559796,0.1070943673120453
B2,48,2,-1,M3,retrieval,0,373,11000.082542269663,23927.32286492592,1924.6798629881632,0.12258183790824073
B2,48,2,-1,M3,retrieval,1,373,96886.457121393,99570.82941419461,75494.53938172522,0.7527526617909631
B2,48,2,-1,M3,retrieval,2,373,63147.72377522943,83189.03111497902,21540.57880808216,0.37348971633789657
B2,49,2,1,M3,encoding,0,205,54632.83735143923,94409.60404084338,58392.97057123513,0.6088130327156255
B2,49,2,1,M3,encoding,1,205,16128.306707418024,35754.14801387412,17894.477252631314,0.12530776916508027
B2,49,2,1,M3,encoding,2,205,68365.1053939808,133820.21250140926,81366.88660082678,0.4043481268128342
B2,49,2,1,M3,maintenance,0,362,60133.4487766138,108212.05654582336,47639.93164441322,0.6701103053066223
B2,49,2,1,M3,maintenance,1,362,20429.75354139723,15268.666370336781,21590.069626215285,0.15872756435661284
B2,49,2,1,M3,maintenance,2,362,38661.87378236622,94809.86229239691,32099.626197937927,0.22866718558954197
B2,49,2,1,M3,retrieval,0,313,10977.939738873993,40066.74164835405,6897.1962318381175,0.12233508471104859
B2,49,2,1,M3,retrieval,1,313,66267.96378609021,41790.70100120938,60328.221222406166,0.5148643846987367
B2,49,2,1,M3,retrieval,2,313,1290.7413561467429,13801.009953926028,1213.7868635939085,0.007634140934181082
B2,50,2,-1,M3,encoding,0,205,62713.16951694525,85377.29205309316,53133.22971676509,0.6988579904648637
B2,50,2,-1,M3,encoding,1,205,418146.5198753259,436781.36747653794,370301.12022362906,3.248760613265098
B2,50,2,-1,M3,encoding,2,205,1668355.8579438934,1588749.8322226524,1815328.471440866,9.867556879042374
B2,50,2,-1,M3,maintenance,0,363,76640.0284808303,98191.61865169051,45774.79469139482,0.854055004807416
B2,50,2,-1,M3,maintenance,1,363,195688.53393718967,202327.58604923828,162227.92418971055,1.5203885989826853
B2,50,2,-1,M3,maintenance,2,363,2191140.326468199,2098932.4101972543,2545188.754705932,12.95958634870304
B2,50,2,-1,M3,retrieval,0,326,198591.33415147924,242777.74037523023,147537.11852261642,2.2130461875529734
B2,50,2,-1,M3,retrieval,1,326,931129.3929294813,936127.6384924802,862753.3989050809,7.234345746808263
B2,50,2,-1,M3,retrieval,2,326,1109777.189332327,1035032.587811861,1328355.8500988458,6.563821193577027
B2,51,2,-1,M3,encoding,0,205,51535.71387918444,72349.98461514505,42064.77716990326,0.574299556475891
B2,51,2,-1,M3,encoding,1,205,4099.173809195986,5735.3595348821855,1437.1237365327006,0.03184824884400433
B2,51,2,-1,M3,encoding,2,205,87735.06790122762,110283.57739256456,63797.587887723974,0.5189125381613416
B2,51,2,-1,M3,maintenance,0,363,79555.18652453429,103625.94761681052,44163.30422575485,0.8865407092934569
B2,51,2,-1,M3,maintenance,1,363,50522.07351658138,46028.08971561244,77538.18346371698,0.3925277737336935
B2,51,2,-1,M3,maintenance,2,363,103845.13447207434,124744.64931264351,45217.37462646285,0.6141961657256086
B2,51,2,-1,M3,retrieval,0,330,31884.4785129802,50983.86647651938,14900.667051778655,0.3553116953302866
B2,51,2,-1,M3,retrieval,1,330,255886.82275484529,253015.69079644702,293716.80594012863,1.988095061672049
B2,51,2,-1,M3,retrieval,2,330,41152.935712683626,55579.16764574859,17847.716017475934,0.2434006701573473
B2,52,2,-1,M3,encoding,0,205,6002.417909895929,12290.473217896968,4961.827083818276,0.06688926346334197
B2,52,2,-1,M3,encoding,1,205,1743.6946776454845,2429.8885110111073,2545.185774544053,0.013547515813317437
B2,52,2,-1,M3,encoding,2,205,6203.409331535348,10528.651156717144,5467.614932766125,0.03669031048228911
B2,52,2,-1,M3,maintenance,0,362,6082.655066701152,10982.290498342114,5806.441839527422,0.0677834038583727
B2,52,2,-1,M3,maintenance,1,362,4643.94500990608,3770.0958734485566,13552.018840044657,0.03608081120189691
B2,52,2,-1,M3,maintenance,2,362,9142.41550614374,9541.07462092304,25409.386691180465,0.05407317904580174
B2,52,2,-1,M3,retrieval,0,323,7237.361877868115,4220.098597244145,19781.5494015225,0.08065113304259434
B2,52,2,-1,M3,retrieval,1,323,30896.873446622085,30518.31578436567,44521.663808285004,0.2400511322116235
B2,52,2,-1,M3,retrieval,2,323,27698.903027694898,19141.41231904008,69620.02421016927,0.1638262603337532
B2,53,2,1,M3,encoding,0,205,6281.334841857075,19273.783036514065,8048.331164702861,0.0699974356077003
B2,53,2,1,M3,encoding,1,205,24262.899106049146,8343.849867743415,21687.85389002956,0.18850892506019093
B2,53,2,1,M3,encoding,2,205,6536.178970004475,10015.483836049483,7336.35908633685,0.03865848970471188
B2,53,2,1,M3,maintenance,0,363,10860.96743467752,2141.3311427152616,16900.953950973344,0.12103157812574195
B2,53,2,1,M3,maintenance,1,363,208278.96229576587,154034.12490507684,217149.41858065932,1.618209065759915
B2,53,2,1,M3,maintenance,2,363,75603.03635270329,22926.764317263733,87605.85039420518,0.4471571564821972
B2,53,2,1,M3,retrieval,0,270,67339.51679957221,26736.05269681958,79118.44017761192,0.7504127083978435
B2,53,2,1,M3,retrieval,1,270,392851.4602923735,326999.7869606988,376066.23825003364,3.052232388403173
B2,53,2,1,M3,retrieval,2,270,228981.23189957778,113009.58153194787,230076.19108294498,1.3543185761261385
B2,55,2,1,M3,encoding,0,205,2259.062445238548,5812.95785539139,3280.6507596396295,0.02517435895800908
B2,55,2,1,M3,encoding,1,205,11688.282634943267,2441.5655092926754,10524.564472321876,0.0908113076546372
B2,55,2,1,M3,encoding,2,205,5462.560882734976,25884.402761770594,10076.31931178739,0.0323085329541439
B2,55,2,1,M3,maintenance,0,363,412.05470451107294,5036.437353615128,2208.57677831775,0.004591822179843614
B2,55,2,1,M3,maintenance,1,363,26728.744412087057,9823.143234493054,30046.691579485996,0.20766714048919682
B2,55,2,1,M3,maintenance,2,363,1116.7167567510885,22130.93902219896,776.3584047027512,0.006604865540257938
B2,55,2,1,M3,retrieval,0,254,4327.206142622313,5360.228317682409,6824.569130985691,0.04822117288049241
B2,55,2,1,M3,retrieval,1,254,56813.22468995641,35180.12267681592,51357.510720942286,0.4414064398774444
B2,55,2,1,M3,retrieval,2,254,30771.887445538356,7804.358630760578,30906.958367906955,0.1820015485296729
B2,56,2,-1,M3,encoding,0,205,164071.30821139176,129458.86325558033,186760.90407563522,1.8283646901082304
B2,56,2,-1,M3,encoding,1,205,331548.4847025175,314593.55198700685,382385.2562421536,2.5759431378513398
B2,56,2,-1,M3,encoding,2,205,572976.4037014935,516696.3164439617,648376.0623907864,3.3888916605846635
B2,56,2,-1,M3,maintenance,0,362,133403.00628074497,108180.91326446786,188500.8473268939,1.4866057258697805
B2,56,2,-1,M3,maintenance,1,362,123629.86615997012,127220.68013245266,113389.36212535709,0.9605337380865928
B2,56,2,-1,M3,maintenance,2,362,182766.5650870596,169513.6625438427,250379.3530855918,1.080980096660176
B2,56,2,-1,M3,retrieval,0,279,848.9975094772313,4986.2614127471115,4086.723265073763,0.009460990378147177
B2,56,2,-1,M3,retrieval,1,279,96645.41672632095,101621.67876025745,80956.62699395177,0.7508799150275811
B2,56,2,-1,M3,retrieval,2,279,67097.5949220272,87851.45703902117,27741.566571973002,0.39685138586441443
B2,57,2,-1,M3,encoding,0,205,5758.572843267707,2654.9677510043425,11391.297992484171,0.06417192236001079
B2,57,2,-1,M3,encoding,1,205,124769.41959200085,134056.72209446106,103509.12587751672,0.9693874200634183
B2,57,2,-1,M3,encoding,2,205,32965.43756338534,41532.617572354924,31227.113962834464,0.19497538768504405
B2,57,2,-1,M3,maintenance,0,363,173879.72483058498,206860.07248649874,122145.52074475438,1.9376669368441313
B2,57,2,-1,M3,maintenance,1,363,1201753.9030366421,1228083.0845147986,1068345.7753803856,9.336944256255252
B2,57,2,-1,M3,maintenance,2,363,1089696.656282056,1156997.8892762042,862087.5244266711,6.445054084574732
B2,57,2,-1,M3,retrieval,0,293,380900.2053261509,446884.5176273323,302097.15419007314,4.244645169623602
B2,57,2,-1,M3,retrieval,1,293,1085362.412922374,1097432.012483,1012447.9668185036,8.432648582778858
B2,57,2,-1,M3,retrieval,2,293,1377950.9555999867,1469251.0615187846,1141339.7240441234,8.149945568369818
B2,64,3,-1,M0,encoding,0,205,28796.877322920493,14072.410916724866,36749.61067004644,0.3365514785682997
B2,64,3,-1,M0,encoding,1,205,110170.87233813203,81542.62207399761,125623.10318020434,0.7823890414289983
B2,64,3,-1,M0,encoding,2,205,57598.134000743165,42453.71697720385,74435.68643686296,0.2991360296368325
B2,64,3,-1,M0,maintenance,0,363,84253.31993066828,85452.47172932781,176444.20409868206,0.9846754937690813
B2,64,3,-1,M0,maintenance,1,363,124561.30510343911,124318.50324297341,184101.37658022254,0.8845840831678133
B2,64,3,-1,M0,maintenance,2,363,140065.41217197402,141695.67876100837,262573.29335090256,0.7274300116394428
B2,64,3,-1,M0,retrieval,0,288,53758.454813817385,39848.11088247499,99730.69798863035,0.6282794919134127
B2,64,3,-1,M0,retrieval,1,288,43005.86376341843,40018.484100594855,49508.19352781502,0.3054102759794626
B2,64,3,-1,M0,retrieval,2,288,88148.45410738786,72070.71592332989,142241.85644175138,0.4577991811326445
B2,65,3,1,M0,encoding,0,205,87647.85515225548,49264.16917255526,87728.1573162195,1.024347706664472
B2,65,3,1,M0,encoding,1,205,189268.8387467159,141379.76779332667,194412.59559182357,1.3441108541369788
B2,65,3,1,M0,encoding,2,205,221626.7727140498,141435.2821402003,194381.33343314653,1.1510191085365742
B2,65,3,1,M0,maintenance,0,362,270700.3857522519,272697.2603362497,418744.6511112203,3.1636977180652823
B2,65,3,1,M0,maintenance,1,362,348998.03241702716,348578.18810359226,437242.26512948686,2.4784430789049523
B2,65,3,1,M0,maintenance,2,362,552474.0103989898,554285.3078791993,761582.6895089488,2.869274930784382
B2,65,3,1,M0,retrieval,0,282,12287.50508345028,9396.675383538006,22836.680549935012,0.14360508458530638
B2,65,3,1,M0,retrieval,1,282,27405.29666473413,31742.249082119117,23502.411206332043,0.19462134893323663
B2,65,3,1,M0,retrieval,2,282,6453.384123895131,10070.410029231456,6238.628372818011,0.0335156639713094
B2,66,3,1,M0,encoding,0,205,59791.55770736806,95562.64492213784,55191.53860345631,0.6987888626486576
B2,66,3,1,M0,encoding,1,205,99725.43454299858,139092.44842986867,91441.64920852214,0.7082097607316623
B2,66,3,1,M0,encoding,2,205,83449.39311632312,134953.7135736086,90747.84349736839,0.4333945980280896
B2,66,3,1,M0,maintenance,0,363,382776.75036792626,380424.1519428704,239442.90208366542,4.473543428104918
B2,66,3,1,M0,maintenance,1,363,569456.3413983774,569655.4650672539,454413.1399569107,4.044048954381686
B2,66,3,1,M0,maintenance,2,363,925198.3133571852,921927.5849401379,679115.3268057058,4.805019379287384
B2,66,3,1,M0,retrieval,0,323,311359.8731018238,349794.4376342759,225629.23698489636,3.638888497672344
B2,66,3,1,M0,retrieval,1,323,366404.2099898552,380973.91688162094,350790.24378390424,2.6020547223196546
B2,66,3,1,M0,retrieval,2,323,858433.5768696404,923263.9616350436,721733.0939890002,4.458276580425603
B2,67,3,1,M0,encoding,0,205,7298.996529846884,3215.619697907536,5055.825430216386,0.08530397399129272
B2,67,3,1,M0,encoding,1,205,8569.145840753132,6981.032430137347,7169.661947342561,0.060854613001839884
B2,67,3,1,M0,encoding,2,205,29063.869920920697,51586.93773832624,29972.818822692658,0.1509432693412152
B2,67,3,1,M0,maintenance,0,362,58140.317778533805,57017.743286914505,14597.618284235183,0.6794906855133938
B2,67,3,1,M0,maintenance,1,362,79415.83234283898,79380.40041625426,41026.57696478829,0.5639791681988359
B2,67,3,1,M0,maintenance,2,362,313551.9535460578,311614.9978567368,177502.82674222393,1.628432727828129
B2,67,3,1,M0,retrieval,0,296,68880.41053625854,87635.67816277797,31902.925064242383,0.8050110347179223
B2,67,3,1,M0,retrieval,1,296,59847.81545989243,65828.19142042182,53433.85996190131,0.42501501509013784
B2,67,3,1,M0,retrieval,2,296,245350.97162613424,281758.85469670984,175695.05122061723,1.2742307853034611
B2,68,3,1,M0,encoding,0,205,70675.79176145927,103046.6216602248,65193.97995039236,0.8259938030632293
B2,68,3,1,M0,encoding,1,205,295787.5357473861,364303.65710759285,286245.83734920435,2.100563621297063
B2,68,3,1,M0,encoding,2,205,224331.98816613533,311823.4768610868,242379.2659404307,1.1650686506560926
B2,68,3,1,M0,maintenance,0,363,492752.44295263937,490293.8696626927,327534.90948747774,5.758838410991775
B2,68,3,1,M0,maintenance,1,363,789820.1216607274,790539.5453256492,652978.4490400845,5.608983525072712
B2,68,3,1,M0,maintenance,2,363,907390.8268566492,905368.7529922819,662586.2714325174,4.712536160829072
B2,68,3,1,M0,retrieval,0,332,561370.5757440904,608550.5332193387,438738.49926261255,6.560784184090504
B2,68,3,1,M0,retrieval,1,332,559282.132368192,576341.4561958038,538254.872094455,3.9717958308338037
B2,68,3,1,M0,retrieval,2,332,761903.6714213254,820212.2377670072,630290.9380246223,3.9569483141894923
B2,69,3,-1,M0,encoding,0,205,1892.5353572682325,5028.2863081403075,791.2926148345271,0.022118216693740204
B2,69,3,-1,M0,encoding,1,205,11886.080461445275,3602.967490348253,17040.603282106003,0.0844101430915092
B2,69,3,-1,M0,encoding,2,205,2237.2988231261993,5258.707358982783,603.683817562316,0.01161941612644073
B2,69,3,-1,M0,maintenance,0,362,1204.9499209360542,1376.418400432739,22725.746812208516,0.014082349031955991
B2,69,3,-1,M0,maintenance,1,362,25514.587538526815,25525.098462669877,57760.19315998027,0.18119429630598424
B2,69,3,-1,M0,maintenance,2,362,885.196231697686,1055.105995250558,25946.8093467034,0.0045972684843594925
B2,69,3,-1,M0,retrieval,0,319,66011.12212625027,49846.783806060244,114879.73522628933,0.7714774245976833
B2,69,3,-1,M0,retrieval,1,319,133271.3015048693,125329.16524742045,143921.24020765652,0.9464389599672807
B2,69,3,-1,M0,retrieval,2,319,72560.1828000314,54198.96937891764,116927.76280452646,0.37684146143074937
B2,70,3,-1,M0,encoding,0,205,3524.500761994117,1901.8510466314767,6825.502404818413,0.04119113087723916
B2,70,3,-1,M0,encoding,1,205,18216.688534524405,9701.36818683721,25619.87527460067,0.12936756492944754
B2,70,3,-1,M0,encoding,2,205,6676.433372932837,4024.0405763191166,13111.007829339049,0.03467407071361386
B2,70,3,-1,M0,maintenance,0,363,4258.480757406324,4537.555470402702,37961.54018786181,0.049769215574600366
B2,70,3,-1,M0,maintenance,1,363,18103.849414008186,18018.311632806264,45439.547712919964,0.12856622706706397
B2,70,3,-1,M0,maintenance,2,363,9594.698567213258,9959.121704115118,54412.87171867473,0.04983008711569282
B2,70,3,-1,M0,retrieval,0,270,4813.497893002471,551.0944674265099,19373.72442010622,0.05625574658006294
B2,70,3,-1,M0,retrieval,1,270,10304.593385199269,8013.782760612763,13209.019568536865,0.07317906057980073
B2,70,3,-1,M0,retrieval,2,270,5105.329953946222,769.0980511791879,19293.065196386724,0.026514541814666455
B2,71,3,1,M0,encoding,0,205,16549.459500218625,27828.641579095765,12202.7110483934,0.19341489710315243
B2,71,3,1,M0,encoding,1,205,7118.859399052081,12007.454157481261,4453.285982351503,0.05055526440961472
B2,71,3,1,M0,encoding,2,205,19942.976567199912,32269.61893498332,16205.439348025147,0.10357389059471263
B2,71,3,1,M0,maintenance,0,363,36662.590891480824,36420.34760351427,8660.665759272762,0.4284787212970347
B2,71,3,1,M0,maintenance,1,363,7359.254414155291,7633.313235310044,8963.720510139245,0.052262452720275035
B2,71,3,1,M0,maintenance,2,363,33321.58402988452,33613.81833586137,13462.499334821845,0.17305571648868234
B2,71,3,1,M0,retrieval,0,352,12009.789801646366,17469.438566399036,281.213691986953,0.14035940319895257
B2,71,3,1,M0,retrieval,1,352,2673.8758246086472,1597.531029327264,4256.881187903425,0.018988786227406965
B2,71,3,1,M0,retrieval,2,352,3149.695591237322,4948.3745129017825,1875.1825229911135,0.016357950653665475
B2,72,3,1,M0,encoding,0,205,57659.39349111693,24090.494245471436,55664.499892578846,0.6738700837309661
B2,72,3,1,M0,encoding,1,205,90195.34051661125,54341.427073566454,92935.25454255611,0.6405308818066682
B2,72,3,1,M0,encoding,2,205,130791.63970688512,63164.593814651314,104439.23059779378,0.6792666549076732
B2,72,3,1,M0,maintenance,0,363,14756.908375569274,14325.618369807635,16211.2063387923,0.172465204376232
B2,72,3,1,M0,maintenance,1,363,54514.27526123991,54242.68680920219,27998.07439176682,0.38713836661775886
B2,72,3,1,M0,maintenance,2,363,40327.08647449085,39433.69229575496,15771.948675836407,0.20943880811563714
B2,72,3,1,M0,retrieval,0,280,27425.868824847024,40446.878101278555,7094.295536453261,0.32052838925961713
B2,72,3,1,M0,retrieval,1,280,47635.882426313,53317.132967197635,42367.324784803706,0.3382907986310624
B2,72,3,1,M0,retrieval,2,280,53444.54714519605,72009.79506753993,24710.0664839929,0.2775643675981966
B2,73,3,1,M0,encoding,0,205,8013.446126799135,13156.049564418792,4788.820844963386,0.09365380531225417
B2,73,3,1,M0,encoding,1,205,16940.328716849483,31776.27755428221,12989.640688851347,0.12030337297856351
B2,73,3,1,M0,encoding,2,205,12982.529549304265,22061.522699482783,9612.542699142146,0.0674247944207989
B2,73,3,1,M0,maintenance,0,362,24098.165078125832,23485.73529780167,2398.592695046694,0.2816372413189032
B2,73,3,1,M0,maintenance,1,362,38617.331500948574,38759.16433760911,13706.816759467418,0.27424469221630654
B2,73,3,1,M0,maintenance,2,362,38970.79225442652,38315.357821822974,4796.767642517403,0.20239489124145169
B2,73,3,1,M0,retrieval,0,314,27578.78818262646,36290.716024853275,5723.196007865555,0.32231557039683795
B2,73,3,1,M0,retrieval,1,314,57591.32089359951,62830.9668484445,50713.923115138015,0.4089903019945276
B2,73,3,1,M0,retrieval,2,314,45151.16878925506,57769.94221310797,16827.601159925307,0.23449268972682286
B2,74,3,-1,M0,encoding,0,205,29222.986156429077,12002.647842907318,36154.668321592355,0.34153144762328413
B2,74,3,-1,M0,encoding,1,205,68444.69712905007,44236.54431200178,80599.75702669549,0.48606659674383734
B2,74,3,-1,M0,encoding,2,205,67435.65830586689,48418.593831814374,86030.44436822104,0.3502272327312345
B2,74,3,-1,M0,maintenance,0,363,14628.70463697913,14956.007001880294,60317.0460464274,0.1709668767174148
B2,74,3,-1,M0,maintenance,1,363,27221.283060737416,27019.402390199753,57960.92366725639,0.1933145586339004
B2,74,3,-1,M0,maintenance,2,363,42988.784112937916,43713.630636025446,117114.86139519709,0.22326234037882672
B2,74,3,-1,M0,retrieval,0,317,8569.845034094225,3341.555998954904,30374.82745524065,0.10015648519744104
B2,74,3,-1,M0,retrieval,1,317,20408.945429563704,17655.986449482545,24957.590210541737,0.14493608802702
B2,74,3,-1,M0,retrieval,2,317,36518.97521316051,25695.57632579359,73668.29833326681,0.1896613742995526
B2,75,3,-1,M0,encoding,0,205,5487.953496309358,516.3872113106294,6776.632383801611,0.06413816480118507
B2,75,3,-1,M0,encoding,1,205,35384.95318694761,20043.62963185971,43579.99601548622,0.25128964686761157
B2,75,3,-1,M0,encoding,2,205,3077.595342690036,1343.0770164845571,4114.568337252548,0.015983497861740213
B2,75,3,-1,M0,maintenance,0,363,7930.913510896345,8375.403969849294,39599.21078694575,0.09268923982827076
B2,75,3,-1,M0,maintenance,1,363,30158.551455488643,30053.75279847791,55435.10741854496,0.2141738525200004
B2,75,3,-1,M0,maintenance,2,363,8778.920280723809,9106.862008988955,36900.66510472719,0.04559334087524614
B2,75,3,-1,M0,retrieval,0,359,13230.729955466228,17996.536517456032,1313.302597454222,0.15462863140045702
B2,75,3,-1,M0,retrieval,1,359,10321.936115289343,12462.95034156487,7469.7692129800935,0.07330222164481698
B2,75,3,-1,M0,retrieval,2,359,20326.6294702036,26390.05911337607,3418.37836784258,0.10556639275045408
B2,76,3,1,M0,encoding,0,205,27340.185563821193,6272.307892259886,25702.909689432447,0.3195270019264202
B2,76,3,1,M0,encoding,1,205,30939.70071720947,10870.127151241071,31588.281409552306,0.21972125909961768
B2,76,3,1,M0,encoding,2,205,97700.28343350798,39671.18969975486,74697.50432423808,0.5074066267548824
B2,76,3,1,M0,maintenance,0,362,9340.186204447313,8877.780797867901,13138.004681642862,0.10915952594304339
B2,76,3,1,M0,maintenance,1,362,9960.926294714422,9746.57860029977,5260.076023148413,0.07073847569752899
B2,76,3,1,M0,maintenance,2,362,31710.96779230487,30574.901543957047,21801.604285094847,0.164690977683568
B2,76,3,1,M0,retrieval,0,392,17171.10206193267,24830.248255325787,2138.3362999660026,0.20068008495459097
B2,76,3,1,M0,retrieval,1,392,7628.985333308062,9662.731888628472,5636.302515010684,0.05417797277381516
B2,76,3,1,M0,retrieval,2,392,30796.456646894836,41841.96109937807,9542.55770143441,0.15994146213341046
B2,77,3,1,M0,encoding,0,205,8510.013637486909,912.197549890895,5594.411965728906,0.09945723073428536
B2,77,3,1,M0,encoding,1,205,16346.868094873287,3135.76414155638,15640.250835027566,0.116088855317954
B2,77,3,1,M0,encoding,2,205,13146.429874097055,1834.0496115387846,3600.0881394720295,0.06827601110108356
B2,77,3,1,M0,maintenance,0,363,1946.108700880168,2242.7585628350994,26694.94108623023,0.022744332775781282
B2,77,3,1,M0,maintenance,1,363,9654.130642619524,9631.215142130142,29638.559433062583,0.06855973687970054
B2,77,3,1,M0,maintenance,2,363,1908.9221444492384,2178.5990240744386,22307.229273664434,0.009913991157578224
B2,77,3,1,M0,retrieval,0,256,1492.0394819188932,2308.5145788589743,5766.24442035078,0.017437588391655406
B2,77,3,1,M0,retrieval,1,256,145.99619093980607,245.72083815770605,320.0758270945099,0.00103680598562479
B2,77,3,1,M0,retrieval,2,256,3065.3900256900665,7198.863317257369,1066.3746716669325,0.015920109522323127
B2,64,3,-1,M1,encoding,0,205,49102.00779434879,14072.410916724866,36749.61067004644,0.5738592118356918
B2,64,3,-1,M1,encoding,1,205,135451.59459432436,81542.62207399761,125623.10318020434,0.9619225209493302
B2,64,3,-1,M1,encoding,2,205,83669.31774565371,42453.71697720385,74435.68643686296,0.43453677705139726
B2,64,3,-1,M1,maintenance,0,363,131050.03103507469,85452.47172932781,176444.20409868206,1.5315925131983352
B2,64,3,-1,M1,maintenance,1,363,168157.17638988505,124318.50324297341,184101.37658022254,1.1941843542937303
B2,64,3,-1,M1,maintenance,2,363,196648.7058589034,141695.67876100837,262573.29335090256,1.0212954659797608
B2,64,3,-1,M1,retrieval,0,288,69659.10310674187,39848.11088247499,99730.69798863035,0.8141116789651277
B2,64,3,-1,M1,retrieval,1,288,43579.96516027573,40018.484100594855,49508.19352781502,0.3094873122417484
B2,64,3,-1,M1,retrieval,2,288,107590.8640700522,72070.71592332989,142241.85644175138,0.5587733780177027
B2,65,3,1,M1,encoding,0,205,123985.1814097343,49264.16917255526,87728.1573162195,1.449025033377233
B2,65,3,1,M1,encoding,1,205,220675.5021875051,141379.76779332667,194412.59559182357,1.5671482939105892
B2,65,3,1,M1,encoding,2,205,300595.69231777213,141435.2821402003,194381.33343314653,1.561144357987589
B2,65,3,1,M1,maintenance,0,362,361191.5421163286,272697.2603362497,418744.6511112203,4.221275320323045
B2,65,3,1,M1,maintenance,1,362,411725.96043518896,348578.18810359226,437242.26512948686,2.923911490213612
B2,65,3,1,M1,maintenance,2,362,728822.2842417296,554285.3078791993,761582.6895089488,3.785140060546147
B2,65,3,1,M1,retrieval,0,282,10157.810180950453,9396.675383538006,22836.680549935012,0.11871516474093499
B2,65,3,1,M1,retrieval,1,282,27357.129189426407,31742.249082119117,23502.411206332043,0.19427928297665242
B2,65,3,1,M1,retrieval,2,282,2277.3410891519416,10070.410029231456,6238.628372818011,0.011827375718958916
B2,66,3,1,M1,encoding,0,205,36079.0005483155,95562.64492213784,55191.53860345631,0.4216582528598494
B2,66,3,1,M1,encoding,1,205,80665.76953232355,139092.44842986867,91441.64920852214,0.5728557173154286
B2,66,3,1,M1,encoding,2,205,43658.99688907029,134953.7135736086,90747.84349736839,0.2267430918361835
B2,66,3,1,M1,maintenance,0,363,306392.708719283,380424.1519428704,239442.90208366542,3.5808368381646196
B2,66,3,1,M1,maintenance,1,363,508720.45734222385,569655.4650672539,454413.1399569107,3.6127272347787662
B2,66,3,1,M1,maintenance,2,363,771888.9207211008,921927.5849401379,679115.3268057058,4.0088067273531935
B2,66,3,1,M1,retrieval,0,323,279635.66195051384,349794.4376342759,225629.23698489636,3.2681250273953704
B2,66,3,1,M1,retrieval,1,323,364920.1687578818,380973.91688162094,350790.24378390424,2.591515660839219
B2,66,3,1,M1,retrieval,2,323,802323.8405400908,923263.9616350436,721733.0939890002,4.166870547213236
B2,67,3,1,M1,encoding,0,205,7929.951391432057,3215.619697907536,5055.825430216386,0.09267799545879854
B2,67,3,1,M1,encoding,1,205,3940.5549380423045,6981.032430137347,7169.661947342561,0.027984229726445858
B2,67,3,1,M1,encoding,2,205,4570.415045338528,51586.93773832624,29972.818822692658,0.023736460115832417
B2,67,3,1,M1,maintenance,0,362,39813.433710483376,57017.743286914505,14597.618284235183,0.4653028809995031
B2,67,3,1,M1,maintenance,1,362,60649.631121120896,79380.40041625426,41026.57696478829,0.43070918609266845
B2,67,3,1,M1,maintenance,2,362,226944.03174133392,311614.9978567368,177502.82674222393,1.1786343044377448
B2,67,3,1,M1,retrieval,0,296,54457.01533523136,87635.67816277797,31902.925064242383,0.6364436262990598
B2,67,3,1,M1,retrieval,1,296,59279.12386695792,65828.19142042182,53433.85996190131,0.42097639707049295
B2,67,3,1,M1,retrieval,2,296,216484.58615457613,281758.85469670984,175695.05122061723,1.1243131518638638
B2,68,3,1,M1,encoding,0,205,37514.3610497924,103046.6216602248,65193.97995039236,0.43843342933587987
B2,68,3,1,M1,encoding,1,205,260312.31236902712,364303.65710759285,286245.83734920435,1.848632911986819
B2,68,3,1,M1,encoding,2,205,153217.94956421363,311823.4768610868,242379.2659404307,0.7957377421487989
B2,68,3,1,M1,maintenance,0,363,401321.4521002433,490293.8696626927,327534.90948747774,4.6902768856125405
B2,68,3,1,M1,maintenance,1,363,710302.0752252698,790539.5453256492,652978.4490400845,5.044278473668567
B2,68,3,1,M1,maintenance,2,363,733627.9985154099,905368.7529922819,662586.2714325174,3.8100985476974696
B2,68,3,1,M1,retrieval,0,332,514080.2420285492,608550.5332193387,438738.49926261255,6.008098156522999
B2,68,3,1,M1,retrieval,1,332,557231.8409796449,576341.4561958038,538254.872094455,3.9572354894287525
B2,68,3,1,M1,retrieval,2,332,707302.3727553514,820212.2377670072,630290.9380246223,3.6733763551440197
B2,69,3,-1,M1,encoding,0,205,4647.369497797207,5028.2863081403075,791.2926148345271,0.05431419033382339
B2,69,3,-1,M1,encoding,1,205,20095.915261095433,3602.967490348253,17040.603282106003,0.14271307419179705
B2,69,3,-1,M1,encoding,2,205,4191.0095966714125,5258.707358982783,603.683817562316,0.021766017123088982
B2,69,3,-1,M1,maintenance,0,362,7067.536187458666,1376.418400432739,22725.746812208516,0.08259887789399203
B2,69,3,-1,M1,maintenance,1,362,42850.630195034515,25525.098462669877,57760.19315998027,0.3043078698698628
B2,69,3,-1,M1,maintenance,2,362,6975.723606664943,1055.105995250558,25946.8093467034,0.03622843516970105
B2,69,3,-1,M1,retrieval,0,319,84380.59857783392,49846.783806060244,114879.73522628933,0.986163009808179
B2,69,3,-1,M1,retrieval,1,319,134021.8800772034,125329.16524742045,143921.24020765652,0.9517692658572373
B2,69,3,-1,M1,retrieval,2,319,88457.47310729163,54198.96937891764,116927.76280452646,0.4594040719562321
B2,70,3,-1,M1,encoding,0,205,16300.49203753191,1901.8510466314767,6825.502404818413,0.19050519384807346
B2,70,3,-1,M1,encoding,1,205,32305.252919273666,9701.36818683721,25619.87527460067,0.22941885934294876
B2,70,3,-1,M1,encoding,2,205,22196.76300435568,4024.0405763191166,13111.007829339049,0.11527893517916772
B2,70,3,-1,M1,maintenance,0,363,19612.986100158923,4537.555470402702,37961.54018786181,0.22921858495727213
B2,70,3,-1,M1,maintenance,1,363,36113.5218502147,18018.311632806264,45439.547712919964,0.25646364727235793
B2,70,3,-1,M1,maintenance,2,363,29160.875172671527,9959.121704115118,54412.87171867473,0.15144706631946953
B2,70,3,-1,M1,retrieval,0,270,8494.874908223972,551.0944674265099,19373.72442010622,0.09928030315773068
B2,70,3,-1,M1,retrieval,1,270,10469.981711150893,8013.782760612763,13209.019568536865,0.07435358167651758
B2,70,3,-1,M1,retrieval,2,270,8942.55582131361,769.0980511791879,19293.065196386724,0.04644318239821768
B2,71,3,1,M1,encoding,0,205,2860.740692864699,27828.641579095765,12202.7110483934,0.033433712245521816
B2,71,3,1,M1,encoding,1,205,1585.2209167887356,12007.454157481261,4453.285982351503,0.011257598739283666
B2,71,3,1,M1,encoding,2,205,2985.2008278928583,32269.61893498332,16205.439348025147,0.015503646755517
B2,71,3,1,M1,maintenance,0,363,11831.444203327259,36420.34760351427,8660.665759272762,0.1382750634930404
B2,71,3,1,M1,maintenance,1,363,2893.635026729475,7633.313235310044,8963.720510139245,0.020549427328303515
B2,71,3,1,M1,maintenance,2,363,5446.353499829304,33613.81833586137,13462.499334821845,0.02828564831486703
B2,71,3,1,M1,retrieval,0,352,6246.363075297448,17469.438566399036,281.213691986953,0.07300176005516232
B2,71,3,1,M1,retrieval,1,352,2734.830083220053,1597.531029327264,4256.881187903425,0.019421658754907926
B2,71,3,1,M1,retrieval,2,352,1251.3059579112166,4948.3745129017825,1875.1825229911135,0.0064986601146774185
B2,72,3,1,M1,encoding,0,205,66601.20729204723,24090.494245471436,55664.499892578846,0.7783737985622354
B2,72,3,1,M1,encoding,1,205,92067.04607428345,54341.427073566454,92935.25454255611,0.6538229787650186
B2,72,3,1,M1,encoding,2,205,142828.565532064,63164.593814651314,104439.23059779378,0.7417804544055981
B2,72,3,1,M1,maintenance,0,363,25578.5585717726,14325.618369807635,16211.2063387923,0.2989387220858179
B2,72,3,1,M1,maintenance,1,363,46068.30034356856,54242.68680920219,27998.07439176682,0.32715846376749247
B2,72,3,1,M1,maintenance,2,363,41519.5314421606,39433.69229575496,15771.948675836407,0.2156317735541451
B2,72,3,1,M1,retrieval,0,280,18885.232763847096,40446.878101278555,7094.295536453261,0.22071327173798733
B2,72,3,1,M1,retrieval,1,280,47119.893901752235,53317.132967197635,42367.324784803706,0.3346264565181995
B2,72,3,1,M1,retrieval,2,280,41094.225135568806,72009.79506753993,24710.0664839929,0.21342294435957893
B2,73,3,1,M1,encoding,0,205,1698.7792391100384,13156.049564418792,4788.820844963386,0.019853772972410314
B2,73,3,1,M1,encoding,1,205,8416.403549273527,31776.27755428221,12989.640688851347,0.059769898934680474
B2,73,3,1,M1,encoding,2,205,2680.7009440816455,22061.522699482783,9612.542699142146,0.013922225970826513
B2,73,3,1,M1,maintenance,0,362,15080.819699651958,23485.73529780167,2398.592695046694,0.17625078271594583
B2,73,3,1,M1,maintenance,1,362,25032.132876611715,38759.16433760911,13706.816759467418,0.1777680981425514
B2,73,3,1,M1,maintenance,2,362,21774.410990281027,38315.357821822974,4796.767642517403,0.11308544910898044
B2,73,3,1,M1,retrieval,0,314,18305.552979796204,36290.716024853275,5723.196007865555,0.2139385063274614
B2,73,3,1,M1,retrieval,1,314,56950.54929189431,62830.9668484445,50713.923115138015,0.4044398008630272
B2,73,3,1,M1,retrieval,2,314,32603.741789798176,57769.94221310797,16827.601159925307,0.16932760131046723
B2,74,3,-1,M1,encoding,0,205,44214.307934560966,12002.647842907318,36154.668321592355,0.5167362607544514
B2,74,3,-1,M1,encoding,1,205,83057.70082564332,44236.54431200178,80599.75702669549,0.5898422473485282
B2,74,3,-1,M1,encoding,2,205,87694.11577316065,48418.593831814374,86030.44436822104,0.4554395740417136
B2,74,3,-1,M1,maintenance,0,363,40560.81979023774,14956.007001880294,60317.0460464274,0.4740376437094339
B2,74,3,-1,M1,maintenance,1,363,49761.960205647796,27019.402390199753,57960.92366725639,0.353389344376184
B2,74,3,-1,M1,maintenance,2,363,79198.52098331857,43713.630636025446,117114.86139519709,0.4113176846971052
B2,74,3,-1,M1,retrieval,0,317,15405.225574937243,3341.555998954904,30374.82745524065,0.18004214091632284
B2,74,3,-1,M1,retrieval,1,317,20791.573812916355,17655.986449482545,24957.590210541737,0.14765336027622222
B2,74,3,-1,M1,retrieval,2,317,48706.57692317786,25695.57632579359,73668.29833326681,0.25295770932114586
B2,75,3,-1,M1,encoding,0,205,12508.614562411709,516.3872113106294,6776.632383801611,0.14618920928867152
B2,75,3,-1,M1,encoding,1,205,50785.55433598553,20043.62963185971,43579.99601548622,0.3606584964982563
B2,75,3,-1,M1,encoding,2,205,6765.42889213454,1343.0770164845571,4114.568337252548,0.035136269129088966
B2,75,3,-1,M1,maintenance,0,363,22367.318636500946,8375.403969849294,39599.21078694575,0.26140869630788266
B2,75,3,-1,M1,maintenance,1,363,52171.91337198587,30053.75279847791,55435.10741854496,0.37050385847309586
B2,75,3,-1,M1,maintenance,2,363,18717.0771557876,9106.862008988955,36900.66510472719,0.0972071794325198
B2,75,3,-1,M1,retrieval,0,359,6262.622039267809,17996.536517456032,1313.302597454222,0.07319177990706684
B2,75,3,-1,M1,retrieval,1,359,9938.934833989431,12462.95034156487,7469.7692129800935,0.0705823012249929
B2,75,3,-1,M1,retrieval,2,359,12041.629063875056,26390.05911337607,3418.37836784258,0.06253822577794964
B2,76,3,1,M1,encoding,0,205,38076.22631096071,6272.307892259886,25702.909689432447,0.44499999494929265
B2,76,3,1,M1,encoding,1,205,35463.528270630835,10870.127151241071,31588.281409552306,0.251847655378377
B2,76,3,1,M1,encoding,2,205,124805.65644086516,39671.18969975486,74697.50432423808,0.6481784382712343
B2,76,3,1,M1,maintenance,0,362,19002.488569600715,8877.780797867901,13138.004681642862,0.22208365000346986
B2,76,3,1,M1,maintenance,1,362,10928.530058487431,9746.57860029977,5260.076023148413,0.07761000684868453
B2,76,3,1,M1,maintenance,2,362,45767.208840370775,30574.901543957047,21801.604285094847,0.23769209502328
B2,76,3,1,M1,retrieval,0,392,10490.59073757728,24830.248255325787,2138.3362999660026,0.12260439853235022
B2,76,3,1,M1,retrieval,1,392,7386.607929742261,9662.731888628472,5636.302515010684,0.05245670634090646
B2,76,3,1,M1,retrieval,2,392,21614.099805608963,41841.96109937807,9542.55770143441,0.11225287263543429
B2,77,3,1,M1,encoding,0,205,14861.97026854504,912.197549890895,5594.411965728906,0.17369307137811812
B2,77,3,1,M1,encoding,1,205,22989.629806321842,3135.76414155638,15640.250835027566,0.16326306622835124
B2,77,3,1,M1,encoding,2,205,23699.751068057358,1834.0496115387846,3600.0881394720295,0.12308470683769873
B2,77,3,1,M1,maintenance,0,363,15870.28310295087,2242.7585628350994,26694.94108623023,0.18547730657394532
B2,77,3,1,M1,maintenance,1,363,22664.8849008379,9631.215142130142,29638.559433062583,0.1609568590619894
B2,77,3,1,M1,maintenance,2,363,19866.66743755656,2178.5990240744386,22307.229273664434,0.10317757896999473
B2,77,3,1,M1,retrieval,0,256,1227.7718115962352,2308.5145788589743,5766.24442035078,0.014349070348968186
B2,77,3,1,M1,retrieval,1,256,163.1681287505127,245.72083815770605,320.0758270945099,0.001158754152849631
B2,77,3,1,M1,retrieval,2,256,754.6118104590314,7198.863317257369,1066.3746716669325,0.003919078019000827
B2,64,3,-1,M2,encoding,0,205,41569.59552533478,14072.410916724866,36749.61067004644,0.48582728886378895
B2,64,3,-1,M2,encoding,1,205,123913.64944188637,81542.62207399761,125623.10318020434,0.8799846942234913
B2,64,3,-1,M2,encoding,2,205,78939.41676956488,42453.71697720385,74435.68643686296,0.40997202641999064
B2,64,3,-1,M2,maintenance,0,363,145054.15504534388,85452.47172932781,176444.20409868206,1.6952598646565635
B2,64,3,-1,M2,maintenance,1,363,167385.2892790807,124318.50324297341,184101.37658022254,1.1887027237692835
B2,64,3,-1,M2,maintenance,2,363,212364.833922664,141695.67876100837,262573.29335090256,1.1029172100139806
B2,64,3,-1,M2,retrieval,0,288,78000.3492657991,39848.11088247499,99730.69798863035,0.9115965102700296
B2,64,3,-1,M2,retrieval,1,288,54778.90312699442,40018.484100594855,49508.19352781502,0.3890176468469979
B2,64,3,-1,M2,retrieval,2,288,118336.34813394521,72070.71592332989,142241.85644175138,0.6145800720220144
B2,65,3,1,M2,encoding,0,205,103545.88814256166,49264.16917255526,87728.1573162195,1.2101493284589455
B2,65,3,1,M2,encoding,1,205,194655.13058652295,141379.76779332667,194412.59559182357,1.3823621234604122
B2,65,3,1,M2,encoding,2,205,252363.10772428138,141435.2821402003,194381.33343314653,1.310648328823982
B2,65,3,1,M2,maintenance,0,362,368882.2673707469,272697.2603362497,418744.6511112203,4.311157460202737
B2,65,3,1,M2,maintenance,1,362,388952.44771429815,348578.18810359226,437242.26512948686,2.762183200244342
B2,65,3,1,M2,maintenance,2,362,724928.4251708908,554285.3078791993,761582.6895089488,3.764917295301684
B2,65,3,1,M2,retrieval,0,282,12093.018379691366,9396.675383538006,22836.680549935012,0.14133210244984973
B2,65,3,1,M2,retrieval,1,282,24541.109995558094,31742.249082119117,23502.411206332043,0.17428105194718166
B2,65,3,1,M2,retrieval,2,282,3019.3202812182985,10070.410029231456,6238.628372818011,0.015680846207864182
B2,66,3,1,M2,encoding,0,205,45751.76713071961,95562.64492213784,55191.53860345631,0.5347046730896937
B2,66,3,1,M2,encoding,1,205,95962.85947555318,139092.44842986867,91441.64920852214,0.6814894721667477
B2,66,3,1,M2,encoding,2,205,61106.868951071534,134953.7135736086,90747.84349736839,0.3173586519543485
B2,66,3,1,M2,maintenance,0,363,287397.99645379564,380424.1519428704,239442.90208366542,3.3588440704682063
B2,66,3,1,M2,maintenance,1,363,526917.5480876464,569655.4650672539,454413.1399569107,3.74195562412483
B2,66,3,1,M2,maintenance,2,363,740821.176163741,921927.5849401379,679115.3268057058,3.847456330888267
B2,66,3,1,M2,retrieval,0,323,266397.392676735,349794.4376342759,225629.23698489636,3.113408283360441
B2,66,3,1,M2,retrieval,1,323,356277.2559037944,380973.91688162094,350790.24378390424,2.5301371843004317
B2,66,3,1,M2,retrieval,2,323,763720.7296099537,923263.9616350436,721733.0939890002,3.9663852097000025
B2,67,3,1,M2,encoding,0,205,4126.4955602192285,3215.619697907536,5055.825430216386,0.04822669369751163
B2,67,3,1,M2,encoding,1,205,3691.934123742226,6981.032430137347,7169.661947342561,0.02621862511198361
B2,67,3,1,M2,encoding,2,205,11635.05704758716,51586.93773832624,29972.818822692658,0.06042669315933678
B2,67,3,1,M2,maintenance,0,362,30173.974725251213,57017.743286914505,14597.618284235183,0.3526457294028539
B2,67,3,1,M2,maintenance,1,362,65543.88468064535,79380.40041625426,41026.57696478829,0.4654661982654899
B2,67,3,1,M2,maintenance,2,362,210827.9521194309,311614.9978567368,177502.82674222393,1.0949354111481646
B2,67,3,1,M2,retrieval,0,296,49113.9446450476,87635.67816277797,31902.925064242383,0.5739987187935848
B2,67,3,1,M2,retrieval,1,296,55790.88946767365,65828.19142042182,53433.85996190131,0.39620436513486984
B2,67,3,1,M2,retrieval,2,296,198459.59524841793,281758.85469670984,175695.05122061723,1.030700323819146
B2,68,3,1,M2,encoding,0,205,49891.917619340704,103046.6216602248,65193.97995039236,0.583090953060809
B2,68,3,1,M2,encoding,1,205,289253.6431322512,364303.65710759285,286245.83734920435,2.0541625547405076
B2,68,3,1,M2,encoding,2,205,188393.56311872514,311823.4768610868,242379.2659404307,0.9784223648589784
B2,68,3,1,M2,maintenance,0,363,381663.9502017074,490293.8696626927,327534.90948747774,4.460538040850866
B2,68,3,1,M2,maintenance,1,363,735482.0474685144,790539.5453256492,652978.4490400845,5.223096467286125
B2,68,3,1,M2,maintenance,2,363,714059.9444995513,905368.7529922819,662586.2714325174,3.708471818158845
B2,68,3,1,M2,retrieval,0,332,493853.8612971956,608550.5332193387,438738.49926261255,5.77171077795802
B2,68,3,1,M2,retrieval,1,332,544952.4804264065,576341.4561958038,538254.872094455,3.8700324299565256
B2,68,3,1,M2,retrieval,2,332,669089.4238710974,820212.2377670072,630290.9380246223,3.4749173250337133
B2,69,3,-1,M2,encoding,0,205,2367.288289800648,5028.2863081403075,791.2926148345271,0.027666693343020746
B2,69,3,-1,M2,encoding,1,205,15743.894230363145,3602.967490348253,17040.603282106003,0.11180677845091311
B2,69,3,-1,M2,encoding,2,205,2219.110335848168,5258.707358982783,603.683817562316,0.011524954179646064
B2,69,3,-1,M2,maintenance,0,362,10846.717656717125,1376.418400432739,22725.746812208516,0.12676648318654607
B2,69,3,-1,M2,maintenance,1,362,44684.78821760185,25525.098462669877,57760.19315998027,0.3173333193979508
B2,69,3,-1,M2,maintenance,2,362,10387.959985866006,1055.105995250558,25946.8093467034,0.053949891955842724
B2,69,3,-1,M2,retrieval,0,319,92168.69213979805,49846.783806060244,114879.73522628933,1.0771831011227693
B2,69,3,-1,M2,retrieval,1,319,153459.87225816972,125329.16524742045,143921.24020765652,1.0898100360446117
B2,69,3,-1,M2,retrieval,2,319,95388.23257107293,54198.96937891764,116927.76280452646,0.49539898575563895
B2,70,3,-1,M2,encoding,0,205,10993.083946808047,1901.8510466314767,6825.502404818413,0.12847707808161996
B2,70,3,-1,M2,encoding,1,205,26017.52571920398,9701.36818683721,25619.87527460067,0.18476596014713428
B2,70,3,-1,M2,encoding,2,205,17525.00083013872,4024.0405763191166,13111.007829339049,0.09101612853711984
B2,70,3,-1,M2,maintenance,0,363,23764.80263948496,4537.555470402702,37961.54018786181,0.27774120702443417
B2,70,3,-1,M2,maintenance,1,363,35942.93604864543,18018.311632806264,45439.547712919964,0.25525221580287155
B2,70,3,-1,M2,maintenance,2,363,33182.19974567371,9959.121704115118,54412.87171867473,0.17233182391653654
B2,70,3,-1,M2,retrieval,0,270,10102.791506713866,551.0944674265099,19373.72442010622,0.11807215696076667
B2,70,3,-1,M2,retrieval,1,270,16260.456996983872,8013.782760612763,13209.019568536865,0.11547519859897087
B2,70,3,-1,M2,retrieval,2,270,10664.738379068336,769.0980511791879,19293.065196386724,0.05538734112096218
B2,71,3,1,M2,encoding,0,205,5969.772309504842,27828.641579095765,12202.7110483934,0.06976922098010961
B2,71,3,1,M2,encoding,1,205,3245.9603859756585,12007.454157481261,4453.285982351503,0.023051499738565625
B2,71,3,1,M2,encoding,2,205,5511.638128537286,32269.61893498332,16205.439348025147,0.02862470417087389
B2,71,3,1,M2,maintenance,0,363,11492.550028753643,36420.34760351427,8660.665759272762,0.13431437934482712
B2,71,3,1,M2,maintenance,1,363,4199.798771326696,7633.313235310044,8963.720510139245,0.029825274731492532
B2,71,3,1,M2,maintenance,2,363,8805.742918115528,33613.81833586137,13462.499334821845,0.04573264429875016
B2,71,3,1,M2,retrieval,0,352,3435.417372591038,17469.438566399036,281.213691986953,0.04015000596347574
B2,71,3,1,M2,retrieval,1,352,3726.2197322214433,1597.531029327264,4256.881187903425,0.026462107656721353
B2,71,3,1,M2,retrieval,2,352,561.4821129684465,4948.3745129017825,1875.1825229911135,0.0029160585303564424
B2,72,3,1,M2,encoding,0,205,55713.88027144272,24090.494245471436,55664.499892578846,0.6511327103931155
B2,72,3,1,M2,encoding,1,205,80956.53276611162,54341.427073566454,92935.25454255611,0.5749206003733391
B2,72,3,1,M2,encoding,2,205,120037.70975186392,63164.593814651314,104439.23059779378,0.6234160971500877
B2,72,3,1,M2,maintenance,0,363,18262.146894839465,14325.618369807635,16211.2063387923,0.21343121583525848
B2,72,3,1,M2,maintenance,1,363,47035.32378312961,54242.68680920219,27998.07439176682,0.334025873690466
B2,72,3,1,M2,maintenance,2,363,27500.953321361016,39433.69229575496,15771.948675836407,0.14282625870611804
B2,72,3,1,M2,retrieval,0,280,15810.04676650357,40446.878101278555,7094.295536453261,0.18477331954550658
B2,72,3,1,M2,retrieval,1,280,44374.95820908842,53317.132967197635,42367.324784803706,0.31513303180630153
B2,72,3,1,M2,retrieval,2,280,33385.4746942958,72009.79506753993,24710.0664839929,0.17338753278819305
B2,73,3,1,M2,encoding,0,205,1541.6768553027287,13156.049564418792,4788.820844963386,0.018017704465257595
B2,73,3,1,M2,encoding,1,205,13662.528583360736,31776.27755428221,12989.640688851347,0.09702576021204933
B2,73,3,1,M2,encoding,2,205,2340.3916126815793,22061.522699482783,9612.542699142146,0.01215482874504022
B2,73,3,1,M2,maintenance,0,362,8988.436377208878,23485.73529780167,2398.592695046694,0.10504859672263744
B2,73,3,1,M2,maintenance,1,362,28590.02044425487,38759.16433760911,13706.816759467418,0.2030347787495362
B2,73,3,1,M2,maintenance,2,362,13348.135087751683,38315.357821822974,4796.767642517403,0.06932356755089694
B2,73,3,1,M2,retrieval,0,314,13838.680167080072,36290.716024853275,5723.196007865555,0.16173379562781912
B2,73,3,1,M2,retrieval,1,314,52911.69231877942,62830.9668484445,50713.923115138015,0.3757574697840304
B2,73,3,1,M2,retrieval,2,314,24326.06506143596,57769.94221310797,16827.601159925307,0.1263374698748285
B2,74,3,-1,M2,encoding,0,205,38040.40718523494,12002.647842907318,36154.668321592355,0.44458137387490143
B2,74,3,-1,M2,encoding,1,205,75275.76656594888,44236.54431200178,80599.75702669549,0.534578093069898
B2,74,3,-1,M2,encoding,2,205,85295.6146312182,48418.593831814374,86030.44436822104,0.4429829533346813
B2,74,3,-1,M2,maintenance,0,363,44951.232409349126,14956.007001880294,60317.0460464274,0.5253487578249488
B2,74,3,-1,M2,maintenance,1,363,48821.874071609476,27019.402390199753,57960.92366725639,0.3467132323180574
B2,74,3,-1,M2,maintenance,2,363,86442.88508061088,43713.630636025446,117114.86139519709,0.44894130481784866
B2,74,3,-1,M2,retrieval,0,317,19189.36232984917,3341.555998954904,30374.82745524065,0.22426765904069892
B2,74,3,-1,M2,retrieval,1,317,29143.048149678914,17655.986449482545,24957.590210541737,0.20696215816614302
B2,74,3,-1,M2,retrieval,2,317,56374.548037197404,25695.57632579359,73668.29833326681,0.2927813333709828
B2,75,3,-1,M2,encoding,0,205,8819.58629123997,516.3872113106294,6776.632383801611,0.10307523185213498
B2,75,3,-1,M2,encoding,1,205,43514.381780145995,20043.62963185971,43579.99601548622,0.30902156556275434
B2,75,3,-1,M2,encoding,2,205,5308.132864378517,1343.0770164845571,4114.568337252548,0.027567799154995017
B2,75,3,-1,M2,maintenance,0,363,26876.57933172965,8375.403969849294,39599.21078694575,0.3141087976838477
B2,75,3,-1,M2,maintenance,1,363,49725.5352739498,30053.75279847791,55435.10741854496,0.35313066922193953
B2,75,3,-1,M2,maintenance,2,363,22087.298936218107,9106.862008988955,36900.66510472719,0.11471043331189985
B2,75,3,-1,M2,retrieval,0,359,3044.828262412332,17996.536517456032,1313.302597454222,0.035585158842406414
B2,75,3,-1,M2,retrieval,1,359,5473.141195383546,12462.95034156487,7469.7692129800935,0.038868038371514084
B2,75,3,-1,M2,retrieval,2,359,7395.609399707984,26390.05911337607,3418.37836784258,0.03840911291579239
B2,76,3,1,M2,encoding,0,205,28519.78073163402,6272.307892259886,25702.909689432447,0.33331302786901257
B2,76,3,1,M2,encoding,1,205,27078.8855145685,10870.127151241071,31588.281409552306,0.19230330877007973
B2,76,3,1,M2,encoding,2,205,98822.44919019843,39671.18969975486,74697.50432423808,0.5132345969638906
B2,76,3,1,M2,maintenance,0,362,13017.585904409152,8877.780797867901,13138.004681642862,0.15213759930948095
B2,76,3,1,M2,maintenance,1,362,9274.005432615071,9746.57860029977,5260.076023148413,0.06586024115667863
B2,76,3,1,M2,maintenance,2,362,31392.173426008892,30574.901543957047,21801.604285094847,0.16303531847413705
B2,76,3,1,M2,retrieval,0,392,7344.19571413085,24830.248255325787,2138.3362999660026,0.08583222058311128
B2,76,3,1,M2,retrieval,1,392,6370.330282621896,9662.731888628472,5636.302515010684,0.04523951292778854
B2,76,3,1,M2,retrieval,2,392,15257.117384420513,41841.96109937807,9542.55770143441,0.07923787110915365
B2,77,3,1,M2,encoding,0,205,8510.031097561288,912.197549890895,5594.411965728906,0.09945743479161359
B2,77,3,1,M2,encoding,1,205,15280.380200184465,3135.76414155638,15640.250835027566,0.10851508900465585
B2,77,3,1,M2,encoding,2,205,11880.035124739008,1834.0496115387846,3600.0881394720295,0.0616989873164066
B2,77,3,1,M2,maintenance,0,363,15978.18147428392,2242.7585628350994,26694.94108623023,0.18673832373216143
B2,77,3,1,M2,maintenance,1,363,17388.50598862095,9631.215142130142,29638.559433062583,0.1234861469605589
B2,77,3,1,M2,maintenance,2,363,16977.849676687532,2178.5990240744386,22307.229273664434,0.08817449787504855
B2,77,3,1,M2,retrieval,0,256,1125.98138706957,2308.5145788589743,5766.24442035078,0.013159437268464799
B2,77,3,1,M2,retrieval,1,256,151.75760581984224,245.72083815770605,320.0758270945099,0.001077721227281691
B2,77,3,1,M2,retrieval,2,256,81.83268385911492,7198.863317257369,1066.3746716669325,0.0004249982151127658
B2,64,3,-1,M3,encoding,0,205,32448.764167165733,14072.410916724866,36749.61067004644,0.3792313810873347
B2,64,3,-1,M3,encoding,1,205,116746.87854428186,81542.62207399761,125623.10318020434,0.8290891817008288
B2,64,3,-1,M3,encoding,2,205,66214.45803167264,42453.71697720385,74435.68643686296,0.3438849265480314
B2,64,3,-1,M3,maintenance,0,363,133010.56519919584,85452.47172932781,176444.20409868206,1.5545054375518887
B2,64,3,-1,M3,maintenance,1,363,165581.61963946474,124318.50324297341,184101.37658022254,1.1758937904237925
B2,64,3,-1,M3,maintenance,2,363,193778.60472307078,141695.67876100837,262573.29335090256,1.006389589716164
B2,64,3,-1,M3,retrieval,0,288,85635.65304312525,39848.11088247499,99730.69798863035,1.0008309347793822
B2,64,3,-1,M3,retrieval,1,288,60183.03562027886,40018.484100594855,49508.19352781502,0.42739561328625136
B2,64,3,-1,M3,retrieval,2,288,116347.12264129556,72070.71592332989,142241.85644175138,0.6042490252572718
B2,65,3,1,M3,encoding,0,205,86463.0823285364,49264.16917255526,87728.1573162195,1.0105011690305867
B2,65,3,1,M3,encoding,1,205,175340.07286048474,141379.76779332667,194412.59559182357,1.2451943841232853
B2,65,3,1,M3,encoding,2,205,219639.56423219238,141435.2821402003,194381.33343314653,1.1406985371216083
B2,65,3,1,M3,maintenance,0,362,351716.64957242506,272697.2603362497,418744.6511112203,4.110541470288952
B2,65,3,1,M3,maintenance,1,362,370408.57246888854,348578.18810359226,437242.26512948686,2.6304920874327267
B2,65,3,1,M3,maintenance,2,362,697611.3191353545,554285.3078791993,761582.6895089488,3.6230458478597716
B2,65,3,1,M3,retrieval,0,282,14413.988654954976,9396.675383538006,22836.680549935012,0.16845747333967576
B2,65,3,1,M3,retrieval,1,282,37387.08400450454,31742.249082119117,23502.411206332043,0.26550797134775334
B2,65,3,1,M3,retrieval,2,282,5955.7989931882385,10070.410029231456,6238.628372818011,0.030931454552232326
B2,66,3,1,M3,encoding,0,205,56725.619892779294,95562.64492213784,55191.53860345631,0.6629569947302208
B2,66,3,1,M3,encoding,1,205,108601.65767369128,139092.44842986867,91441.64920852214,0.7712451126295603
B2,66,3,1,M3,encoding,2,205,77048.54338894409,134953.7135736086,90747.84349736839,0.40015177155517884
B2,66,3,1,M3,maintenance,0,363,295551.27063521807,380424.1519428704,239442.90208366542,3.4541320577787755
B2,66,3,1,M3,maintenance,1,363,536058.5076255248,569655.4650672539,454413.1399569107,3.8068710270693757
B2,66,3,1,M3,maintenance,2,363,743448.7768428581,921927.5849401379,679115.3268057058,3.8611027805217213
B2,66,3,1,M3,retrieval,0,323,280714.0544219027,349794.4376342759,225629.23698489636,3.280728289084232
B2,66,3,1,M3,retrieval,1,323,395516.6899126322,380973.91688162094,350790.24378390424,2.8087997972837107
B2,66,3,1,M3,retrieval,2,323,774137.8869595862,923263.9616350436,721733.0939890002,4.020486738225753
B2,67,3,1,M3,encoding,0,205,3642.7209118029205,3215.619697907536,5055.825430216386,0.04257277951117111
B2,67,3,1,M3,encoding,1,205,6033.007795327695,6981.032430137347,7169.661947342561,0.04284398485502763
B2,67,3,1,M3,encoding,2,205,21882.88272443351,51586.93773832624,29972.818822692658,0.1136487972876172
B2,67,3,1,M3,maintenance,0,362,28514.02611664941,57017.743286914505,14597.618284235183,0.33324577320942067
B2,67,3,1,M3,maintenance,1,362,67248.36795453796,79380.40041625426,41026.57696478829,0.4775707500992963
B2,67,3,1,M3,maintenance,2,362,211507.1059872188,311614.9978567368,177502.82674222393,1.0984625981837715
B2,67,3,1,M3,retrieval,0,296,54689.05473869808,87635.67816277797,31902.925064242383,0.6391554899309084
B2,67,3,1,M3,retrieval,1,296,72182.90742718083,65828.19142042182,53433.85996190131,0.5126138565571031
B2,67,3,1,M3,retrieval,2,296,201734.73368886198,281758.85469670984,175695.05122061723,1.0477097621730473
B2,68,3,1,M3,encoding,0,205,65189.25648454065,103046.6216602248,65193.97995039236,0.7618722131089465
B2,68,3,1,M3,encoding,1,205,312636.11503823433,364303.65710759285,286245.83734920435,2.220215426906345
B2,68,3,1,M3,encoding,2,205,217737.74575630753,311823.4768610868,242379.2659404307,1.1308214388816054
B2,68,3,1,M3,maintenance,0,363,393008.7098446375,490293.8696626927,327534.90948747774,4.593125181776426
B2,68,3,1,M3,maintenance,1,363,751047.9693607381,790539.5453256492,652978.4490400845,5.333639358067979
B2,68,3,1,M3,maintenance,2,363,727467.9883565609,905368.7529922819,662586.2714325174,3.7781065220284296
B2,68,3,1,M3,retrieval,0,332,517036.41758278693,608550.5332193387,438738.49926261255,6.042647223858654
B2,68,3,1,M3,retrieval,1,332,598379.6397867271,576341.4561958038,538254.872094455,4.2494505384916215
B2,68,3,1,M3,retrieval,2,332,680548.2258442998,820212.2377670072,630290.9380246223,3.534428637094868
B2,69,3,-1,M3,encoding,0,205,598.9627438571043,5028.2863081403075,791.2926148345271,0.007000126950986725
B2,69,3,-1,M3,encoding,1,205,13474.38150162719,3602.967490348253,17040.603282106003,0.09568961562318398
B2,69,3,-1,M3,encoding,2,205,871.871512175133,5258.707358982783,603.683817562316,0.004528066525595525
B2,69,3,-1,M3,maintenance,0,362,9432.190595096952,1376.418400432739,22725.746812208516,0.11023478883910977
B2,69,3,-1,M3,maintenance,1,362,47429.1916011641,25525.098462669877,57760.19315998027,0.3368229638655893
B2,69,3,-1,M3,maintenance,2,362,8086.167270573763,1055.105995250558,25946.8093467034,0.04199552666528275
B2,69,3,-1,M3,retrieval,0,319,100713.78160149466,49846.783806060244,114879.73522628933,1.1770502659053685
B2,69,3,-1,M3,retrieval,1,319,164881.19325329518,125329.16524742045,143921.24020765652,1.1709196451053745
B2,69,3,-1,M3,retrieval,2,319,94241.90439048795,54198.96937891764,116927.76280452646,0.4894455279474993
B2,70,3,-1,M3,encoding,0,205,5194.117613379433,1901.8510466314767,6825.502404818413,0.0607040806208918
B2,70,3,-1,M3,encoding,1,205,21610.11602978609,9701.36818683721,25619.87527460067,0.15346631652168366
B2,70,3,-1,M3,encoding,2,205,10198.374108987344,4024.0405763191166,13111.007829339049,0.05296527730697287
B2,70,3,-1,M3,maintenance,0,363,19443.376439309533,4537.555470402702,37961.54018786181,0.22723634287254107
B2,70,3,-1,M3,maintenance,1,363,36283.8489934743,18018.311632806264,45439.547712919964,0.2576732418549915
B2,70,3,-1,M3,maintenance,2,363,26101.114899690896,9959.121704115118,54412.87171867473,0.13555619492964072
B2,70,3,-1,M3,retrieval,0,270,13437.313826781387,551.0944674265099,19373.72442010622,0.15704299413013195
B2,70,3,-1,M3,retrieval,1,270,20356.620904454423,8013.782760612763,13209.019568536865,0.14456450038162283
B2,70,3,-1,M3,retrieval,2,270,10586.414011715673,769.0980511791879,19293.065196386724,0.05498056335497777
B2,71,3,1,M3,encoding,0,205,11845.1420503618,27828.641579095765,12202.7110483934,0.13843515136024148
B2,71,3,1,M3,encoding,1,205,6486.37746051539,12007.454157481261,4453.285982351503,0.046063633118050555
B2,71,3,1,M3,encoding,2,205,12011.374598018785,32269.61893498332,16205.439348025147,0.06238109914612313
B2,71,3,1,M3,maintenance,0,363,16745.509786544626,36420.34760351427,8660.665759272762,0.19570615295693342
B2,71,3,1,M3,maintenance,1,363,6955.993607543628,7633.313235310044,8963.720510139245,0.04939865733375544
B2,71,3,1,M3,maintenance,2,363,15785.045631712632,33613.81833586137,13462.499334821845,0.08197966756780382
B2,71,3,1,M3,retrieval,0,352,5259.333235204143,17469.438566399036,281.213691986953,0.061466260967904196
B2,71,3,1,M3,retrieval,1,352,754.8555324475725,1597.531029327264,4256.881187903425,0.005360679133377606
B2,71,3,1,M3,retrieval,2,352,388.04974333625904,4948.3745129017825,1875.1825229911135,0.0020153371552228193
B2,72,3,1,M3,encoding,0,205,51097.941181848924,24090.494245471436,55664.499892578846,0.5971858498303033
B2,72,3,1,M3,encoding,1,205,77433.31205309079,54341.427073566454,92935.25454255611,0.5499001097672294
B2,72,3,1,M3,encoding,2,205,116022.09661723132,63164.593814651314,104439.23059779378,0.602561001920162
B2,72,3,1,M3,maintenance,0,363,10987.314150720998,14325.618369807635,16211.2063387923,0.12840964599923274
B2,72,3,1,M3,maintenance,1,363,45223.03731037954,54242.68680920219,27998.07439176682,0.321155747076075
B2,72,3,1,M3,maintenance,2,363,18042.80658001783,39433.69229575496,15771.948675836407,0.09370535378424259
B2,72,3,1,M3,retrieval,0,280,19167.923929975455,40446.878101278555,7094.295536453261,0.2240171066945286
B2,72,3,1,M3,retrieval,1,280,57950.21615670748,53317.132967197635,42367.324784803706,0.4115390312086763
B2,72,3,1,M3,retrieval,2,280,34600.84360330003,72009.79506753993,24710.0664839929,0.17969955376406152
B2,73,3,1,M3,encoding,0,205,4184.462132747999,13156.049564418792,4788.820844963386,0.04890415380797184
B2,73,3,1,M3,encoding,1,205,19160.16958753674,31776.27755428221,12989.640688851347,0.13606778633104624
B2,73,3,1,M3,encoding,2,205,6497.991376430615,22061.522699482783,9612.542699142146,0.03374733183083241
B2,73,3,1,M3,maintenance,0,362,7242.918427210114,23485.73529780167,2398.592695046694,0.08464858458409862
B2,73,3,1,M3,maintenance,1,362,30369.767877318583,38759.16433760911,13706.816759467418,0.21567382624538226
B2,73,3,1,M3,maintenance,2,362,10249.67423928951,38315.357821822974,4796.767642517403,0.0532317046412029
B2,73,3,1,M3,retrieval,0,314,17166.373454094937,36290.716024853275,5723.196007865555,0.20062482132508302
B2,73,3,1,M3,retrieval,1,314,70786.08137362808,62830.9668484445,50713.923115138015,0.5026941620508455
B2,73,3,1,M3,retrieval,2,314,25963.540350102172,57769.94221310797,16827.601159925307,0.13484170121804734
B2,74,3,-1,M3,encoding,0,205,31155.480107085157,12002.647842907318,36154.668321592355,0.36411666369113654
B2,74,3,-1,M3,encoding,1,205,72052.1719143111,44236.54431200178,80599.75702669549,0.511685425743912
B2,74,3,-1,M3,encoding,2,205,75253.79286692622,48418.593831814374,86030.44436822104,0.39083073095795867
B2,74,3,-1,M3,maintenance,0,363,36638.66398240136,14956.007001880294,60317.0460464274,0.4281990855386862
B2,74,3,-1,M3,maintenance,1,363,47753.97957700144,27019.402390199753,57960.92366725639,0.3391294769002063
B2,74,3,-1,M3,maintenance,2,363,73431.41379873984,43713.630636025446,117114.86139519709,0.38136620144831324
B2,74,3,-1,M3,retrieval,0,317,22992.109333620694,3341.555998954904,30374.82745524065,0.26871067667726134
B2,74,3,-1,M3,retrieval,1,317,33865.5480701679,17655.986449482545,24957.590210541737,0.24049944535943915
B2,74,3,-1,M3,retrieval,2,317,55227.71776717027,25695.57632579359,73668.29833326681,0.2868252679602731
B2,75,3,-1,M3,encoding,0,205,5114.224063671018,516.3872113106294,6776.632383801611,0.059770358121020745
B2,75,3,-1,M3,encoding,1,205,38800.130609013184,20043.62963185971,43579.99601548622,0.27554285765602277
B2,75,3,-1,M3,encoding,2,205,2799.7293693704128,1343.0770164845571,4114.568337252548,0.014540400347002434
B2,75,3,-1,M3,maintenance,0,363,22050.11756660567,8375.403969849294,39599.21078694575,0.25770154126188294
B2,75,3,-1,M3,maintenance,1,363,46591.850282486506,30053.75279847791,55435.10741854496,0.33087650399134616
B2,75,3,-1,M3,maintenance,2,363,17469.971297837335,9106.862008988955,36900.66510472719,0.09073033254579142
B2,75,3,-1,M3,retrieval,0,359,2053.811417718253,17996.536517456032,1313.302597454222,0.024003063303789943
B2,75,3,-1,M3,retrieval,1,359,3590.5192564342783,12462.95034156487,7469.7692129800935,0.02549841768205432
B2,75,3,-1,M3,retrieval,2,359,8097.108562572302,26390.05911337607,3418.37836784258,0.04205235028820599
B2,76,3,1,M3,encoding,0,205,23341.08330909479,6272.307892259886,25702.909689432447,0.2727891642893255
B2,76,3,1,M3,encoding,1,205,23390.981169746785,10870.127151241071,31588.281409552306,0.16611330152051182
B2,76,3,1,M3,encoding,2,205,88190.85306065959,39671.18969975486,74697.50432423808,0.4580193801853134
B2,76,3,1,M3,maintenance,0,362,6994.370353845599,8877.780797867901,13138.004681642862,0.08174378276659218
B2,76,3,1,M3,maintenance,1,362,6940.1289171455555,9746.57860029977,5260.076023148413,0.04928599270970653
B2,76,3,1,M3,maintenance,2,362,19809.935818865164,30574.901543957047,21801.604285094847,0.10288294318943286
B2,76,3,1,M3,retrieval,0,392,9544.579534706256,24830.248255325787,2138.3362999660026,0.11154828763886082
B2,76,3,1,M3,retrieval,1,392,12534.913808463276,9662.731888628472,5636.302515010684,0.0890178954823821
B2,76,3,1,M3,retrieval,2,392,15811.922342993863,41841.96109937807,9542.55770143441,0.08211925182416636
B2,77,3,1,M3,encoding,0,205,5099.594255643828,912.197549890895,5594.411965728906,0.059599378348891
B2,77,3,1,M3,encoding,1,205,10978.621566716163,3135.76414155638,15640.250835027566,0.07796573651002849
B2,77,3,1,M3,encoding,2,205,7029.629137871514,1834.0496115387846,3600.0881394720295,0.03650839365898804
B2,77,3,1,M3,maintenance,0,363,12114.42382905408,2242.7585628350994,26694.94108623023,0.14158226970068233
B2,77,3,1,M3,maintenance,1,363,13613.867778616499,9631.215142130142,29638.559433062583,0.09668019082904437
B2,77,3,1,M3,maintenance,2,363,12599.844347573602,2178.5990240744386,22307.229273664434,0.06543731802364679
B2,77,3,1,M3,retrieval,0,256,989.1239200977559,2308.5145788589743,5766.24442035078,0.011559972772853817
B2,77,3,1,M3,retrieval,1,256,1058.8353973741864,245.72083815770605,320.0758270945099,0.007519421367928587
B2,77,3,1,M3,retrieval,2,256,552.0030915892391,7198.863317257369,1066.3746716669325,0.0028668292129590744
B2,84,4,-1,M0,encoding,0,205,4856.761602542574,3288.75865297267,5832.047763170811,0.060235491975617284
B2,84,4,-1,M0,encoding,1,205,6546.285107904835,9602.377679466934,3875.348277612032,0.04822886172902414
B2,84,4,-1,M0,encoding,2,205,6656.6154808883575,8346.392920691465,5928.226155248909,0.03372769157184622
B2,84,4,-1,M0,maintenance,0,363,3400.0339556321105,3052.7518363213417,8660.04206114866,0.04216857544419879
B2,84,4,-1,M0,maintenance,1,363,17291.670784236303,17017.16617249756,2518.367983864699,0.12739402356761248
B2,84,4,-1,M0,maintenance,2,363,9462.402684602173,8749.83930649066,5085.336175343036,0.04794403405021081
B2,84,4,-1,M0,retrieval,0,329,1918.3323077996215,4636.8635740248665,15951.628352376252,0.023791921405518193
B2,84,4,-1,M0,retrieval,1,329,15054.939926466075,17437.44849347532,19178.256938741986,0.1109152143672341
B2,84,4,-1,M0,retrieval,2,329,7654.499281771323,11621.578489764635,30621.974975178855,0.03878376205651699
B2,85,4,-1,M0,encoding,0,205,178810.3912507919,223769.43111318018,156928.44567552826,2.217677697358144
B2,85,4,-1,M0,encoding,1,205,318177.16886530974,350117.03711581114,272162.1284888832,2.3441268489830134
B2,85,4,-1,M0,encoding,2,205,298784.756338677,333380.65510400507,257155.35903101505,1.5138804602868927
B2,85,4,-1,M0,maintenance,0,362,179204.24247324528,177050.63997024306,81219.97556757422,2.2225623971007167
B2,85,4,-1,M0,maintenance,1,362,180330.05797649088,179765.60237490304,121593.05142181137,1.3285570806002722
B2,85,4,-1,M0,maintenance,2,362,234832.34636503994,231738.59145686252,109270.1239573276,1.1898468481517306
B2,85,4,-1,M0,retrieval,0,374,390985.0094523095,433085.9941914429,259222.74092344104,4.849151827242645
B2,85,4,-1,M0,retrieval,1,374,866195.9842952675,892119.0287685879,810163.7381051067,6.381580647376185
B2,85,4,-1,M0,retrieval,2,374,881160.0176147465,947292.2944835032,671110.878284523,4.464655256846312
B2,86,4,1,M0,encoding,0,205,13273.133336789213,1329.6982412450081,11936.138777707642,0.16461868669463
B2,86,4,1,M0,encoding,1,205,16881.89703689901,2872.0603277673754,15190.36140547676,0.1243750714329659
B2,86,4,1,M0,encoding,2,205,25190.868565388704,2515.566645924061,13490.729402294692,0.12763691215749173
B2,86,4,1,M0,maintenance,0,363,12523.202864749255,13424.2046201029,60210.70079891553,0.15531775026258737
B2,86,4,1,M0,maintenance,1,363,20599.916623968584,20939.438263854383,50729.846038114796,0.15176707309724613
B2,86,4,1,M0,maintenance,2,363,22224.993734054955,23559.144008061478,91501.58173912638,0.11260943883578246
B2,86,4,1,M0,retrieval,0,304,34989.879852247745,20548.258633173416,85385.6324306072,0.4339584273530145
B2,86,4,1,M0,retrieval,1,304,35027.506382397354,28702.586434401615,45673.323262384765,0.2580603707573365
B2,86,4,1,M0,retrieval,2,304,55697.88567678586,34922.94968444403,116465.83302207707,0.28220964763611095
B2,87,4,-1,M0,encoding,0,205,15281.138764547144,27856.042214896657,8759.006272532732,0.18952276985312563
B2,87,4,-1,M0,encoding,1,205,9319.195232375427,14687.554319279623,2761.4720396772673,0.06865789846905475
B2,87,4,-1,M0,encoding,2,205,7033.271977052228,11886.38061547281,2285.6063223547403,0.03563613200491926
B2,87,4,-1,M0,maintenance,0,362,40391.68059425354,39124.78681248931,4745.692379802841,0.5009537118402402
B2,87,4,-1,M0,maintenance,1,362,44290.08832728127,43742.390130801105,17884.038871469984,0.32630117856054847
B2,87,4,-1,M0,maintenance,2,362,5875.978596331542,5342.134639409488,11548.879320081474,0.029772366204543273
B2,87,4,-1,M0,retrieval,0,275,92680.02886380773,78707.3775401624,151166.75872599275,1.1494546349574366
B2,87,4,-1,M0,retrieval,1,275,182335.23641226228,173393.4767247783,200542.38922747754,1.3433299589468115
B2,87,4,-1,M0,retrieval,2,275,300217.5108626874,265173.8566965864,415872.2463777967,1.5211399306322555
B2,88,4,1,M0,encoding,0,205,73480.65647002448,107882.29041702441,67051.61816216448,0.9113363708949828
B2,88,4,1,M0,encoding,1,205,145788.570314178,195925.02433970917,141873.46927774072,1.0740773864041149
B2,88,4,1,M0,encoding,2,205,169235.65050374132,244523.5274686289,182305.7217335995,0.8574819800751352
B2,88,4,1,M0,maintenance,0,363,588414.9103166595,584348.4406591511,393159.3616907937,7.297756099487697
B2,88,4,1,M0,maintenance,1,363,557410.5057253123,556972.3670065724,439467.6096303493,4.10664579434054
B2,88,4,1,M0,maintenance,2,363,861460.4945627888,856949.223905544,586696.3547371518,4.364841854747828
B2,88,4,1,M0,retrieval,0,277,679638.5642578637,754872.2012415635,517394.5585881786,8.429148192541067
B2,88,4,1,M0,retrieval,1,277,460164.59182684275,487390.69364163216,427193.29430782766,3.3901998012599024
B2,88,4,1,M0,retrieval,2,277,744466.8510329259,832788.5278087078,574401.5704915236,3.7720593008853163
B2,89,4,-1,M0,encoding,0,205,255499.59943309717,200943.27093955936,282302.32525793975,3.1688078046426713
B2,89,4,-1,M0,encoding,1,205,281290.9332578083,251469.1317704343,329413.92544035084,2.0723725444431427
B2,89,4,-1,M0,encoding,2,205,480084.6953650201,432978.64579808945,537303.7327846868,2.432489690913351
B2,89,4,-1,M0,maintenance,0,362,124452.12162591841,125823.1070039259,227443.29647654077,1.5435047850860293
B2,89,4,-1,M0,maintenance,1,362,98031.13575492763,97327.04910942048,87142.99594081327,0.7222310078970564
B2,89,4,-1,M0,maintenance,2,362,156089.728713931,156999.93340184347,257707.48756535002,0.7908743178438833
B2,89,4,-1,M0,retrieval,0,302,9430.425544886977,15032.135476967776,2454.9691500819868,0.11695989400392158
B2,89,4,-1,M0,retrieval,1,302,209473.1157345794,224623.6315603437,184396.80708652642,1.543264579556984
B2,89,4,-1,M0,retrieval,2,302,54434.489386760535,74309.22836961642,14080.318388058986,0.2758082803759275
B2,90,4,1,M0,encoding,0,205,7195.028130273224,3417.3153806588616,4203.988957006524,0.0892356048479969
B2,90,4,1,M0,encoding,1,205,12801.786156287379,1349.7284160307972,10682.646403068411,0.09431541160200486
B2,90,4,1,M0,encoding,2,205,13504.757749143644,4523.669232116179,4436.924616316776,0.0684258096961356
B2,90,4,1,M0,maintenance,0,363,15848.650982155157,16885.69590609734,61744.71606994738,0.19656128243152687
B2,90,4,1,M0,maintenance,1,363,42030.73724736187,42558.77337419694,81006.37917802627,0.30965571796196023
B2,90,4,1,M0,maintenance,2,363,16930.784758200887,18199.206424559783,73983.56827427367,0.08578477877134447
B2,90,4,1,M0,retrieval,0,300,62967.63255847616,42551.63363425075,126294.97122225711,0.7809496607192095
B2,90,4,1,M0,retrieval,1,300,90406.83069307257,79401.90917305322,106475.77782819174,0.6660599813458167
B2,90,4,1,M0,retrieval,2,300,56819.89615232691,35189.213505443025,117037.25180663941,0.28789464226560074
B2,91,4,-1,M0,encoding,0,205,229236.32308169376,178675.7883103247,254761.47225138944,2.8430801899518046
B2,91,4,-1,M0,encoding,1,205,468715.8357982683,430985.34123185364,530846.792259946,3.4531999236668893
B2,91,4,-1,M0,encoding,2,205,391190.08821116324,350098.86989020504,443787.0569712449,1.9820791330113956
B2,91,4,-1,M0,maintenance,0,362,114478.57985183774,115396.410427915,207163.31956081578,1.4198089472696096
B2,91,4,-1,M0,maintenance,1,362,170627.69318044308,170164.32360964737,193273.44729606158,1.2570762326872935
B2,91,4,-1,M0,maintenance,2,362,162058.3909863481,163203.7397156657,276758.4640296274,0.8211162930336136
B2,91,4,-1,M0,retrieval,0,269,19131.788865171253,32171.059953061413,1484.1530322019546,0.23728006622024134
B2,91,4,-1,M0,retrieval,1,269,116771.39147126215,129778.55975192098,99938.0045767138,0.8602972831679363
B2,91,4,-1,M0,retrieval,2,269,22151.696971295645,37109.63747794727,1676.1178875226208,0.11223805932397826
B2,92,4,-1,M0,encoding,0,205,6916.557296557239,1718.1775332120628,11752.881038791114,0.08578189864570743
B2,92,4,-1,M0,encoding,1,205,12838.188466045702,9715.572475813131,22817.431038952676,0.09458360064892425
B2,92,4,-1,M0,encoding,2,205,5640.600994548412,3639.1383961768297,12514.172681882164,0.02857975666015019
B2,92,4,-1,M0,maintenance,0,363,32686.381584141505,33884.99181322195,101122.32628265664,0.40538952428564484
B2,92,4,-1,M0,maintenance,1,363,47939.31962163486,48170.65561671575,80937.24625933668,0.35318639187032064
B2,92,4,-1,M0,maintenance,2,363,48446.858566455536,49904.354509140954,139045.4892323515,0.2454701954838171
B2,92,4,-1,M0,retrieval,0,346,4635.261438827102,3575.5398492712807,13783.201620587079,0.05748835871564908
B2,92,4,-1,M0,retrieval,1,346,29013.59200037989,34159.801008810355,19765.058457177034,0.21375367766352785
B2,92,4,-1,M0,retrieval,2,346,9104.960212286493,13554.566954479431,3105.74797087737,0.04613294709535298
B2,93,4,1,M0,encoding,0,205,3520.5641103320704,7684.410437327035,2021.4850958299817,0.04366343843324244
B2,93,4,1,M0,encoding,1,205,3120.039164061573,2414.741271146045,1887.4826772739107,0.022986462543612942
B2,93,4,1,M0,encoding,2,205,6358.278252171386,6874.747619755,2384.8396603557294,0.03221607864130294
B2,93,4,1,M0,maintenance,0,362,3261.5372877246828,2979.3858826782775,7190.977587817053,0.04045088460180284
B2,93,4,1,M0,maintenance,1,362,5033.214869374907,5157.496443957218,23200.02191516652,0.03708152333518554
B2,93,4,1,M0,maintenance,2,362,1196.2115744374594,1042.923953835636,16791.699326131602,0.006060956225146853
B2,93,4,1,M0,retrieval,0,271,2600.6217263860513,535.8189362912121,17604.00855096387,0.03225394654934986
B2,93,4,1,M0,retrieval,1,271,24484.018069793703,18571.991814111865,32572.729256369235,0.1803826601797581
B2,93,4,1,M0,retrieval,2,271,5821.764179055081,167.04232806607737,26109.688105244397,0.029497672983957276
B2,94,4,-1,M0,encoding,0,205,32078.25285202194,48870.72947829302,23968.297245770416,0.3978472695156035
B2,94,4,-1,M0,encoding,1,205,38753.367732656436,49218.712337688805,25448.679749266877,0.2855101455412326
B2,94,4,-1,M0,encoding,2,205,65459.9282898385,80722.61378514799,48076.892822618756,0.3316718951265306
B2,94,4,-1,M0,maintenance,0,363,43620.68092387341,42815.03013951017,6851.765202148261,0.5410010601272675
B2,94,4,-1,M0,maintenance,1,363,38907.87749707009,38723.627334171266,14322.212685783423,0.28664847513440783
B2,94,4,-1,M0,maintenance,2,363,45510.07473223101,44446.15857318508,7541.693182230837,0.23059012021759642
B2,94,4,-1,M0,retrieval,0,378,21296.348955220685,30713.752246159882,968.5753559372689,0.26412580266047686
B2,94,4,-1,M0,retrieval,1,378,22365.873158135022,26585.99095999761,14189.89773528995,0.16477751674610802
B2,94,4,-1,M0,retrieval,2,378,7232.965376534249,12061.567790076157,2347.348272193727,0.03664793708904953
B2,95,4,1,M0,encoding,0,205,8181.707739108969,14073.95038650905,5811.273883699951,0.10147279837823256
B2,95,4,1,M0,encoding,1,205,5836.558185322732,10915.936518244795,4183.070068840679,0.04300004553016272
B2,95,4,1,M0,encoding,2,205,13010.923144333417,19943.606223204224,9607.857742401124,0.06592365206267094
B2,95,4,1,M0,maintenance,0,362,85222.89704107425,86525.32219524954,151539.22984635213,1.0569683157124832
B2,95,4,1,M0,maintenance,1,362,196178.9214756496,196707.81486798968,248814.86091268327,1.4453214184901853
B2,95,4,1,M0,maintenance,2,362,161850.18045953967,163721.87896981282,266372.5263502295,0.8200613334298373
B2,95,4,1,M0,retrieval,0,265,436936.50783518795,371850.6215948117,574869.3054478362,5.419060613924788
B2,95,4,1,M0,retrieval,1,265,499796.4221168502,470021.89304830297,531030.253494793,3.6821818997506717
B2,95,4,1,M0,retrieval,2,265,628779.2836967851,541636.040547029,787805.7158211964,3.185894364512902
B2,96,4,1,M0,encoding,0,205,114798.16877656526,70067.34793188806,117606.27460936595,1.4237726164150843
B2,96,4,1,M0,encoding,1,205,218907.0562205162,157850.73924271791,216712.806033432,1.6127678480147962
B2,96,4,1,M0,encoding,2,205,188129.00547180977,111130.17393142021,163245.50399792366,0.9532106955086697
B2,96,4,1,M0,maintenance,0,363,137618.37560600793,139339.08508638025,257411.24496518474,1.7067979114259009
B2,96,4,1,M0,maintenance,1,363,116026.56507584317,115820.48292143122,167456.62473530092,0.8548098763952904
B2,96,4,1,M0,maintenance,2,363,167499.3016146681,169137.2374485775,317932.3726455116,0.848684259978501
B2,96,4,1,M0,retrieval,0,410,26332.184029177613,17186.831416720346,78046.21365948599,0.3265822351584328
B2,96,4,1,M0,retrieval,1,410,8947.27548377074,8758.390470563774,14072.746449446782,0.0659178305016378
B2,96,4,1,M0,retrieval,2,410,21182.519708586213,13619.298727387075,70547.43282456414,0.10732743892101823
B2,97,4,-1,M0,encoding,0,205,8714.502163475952,12360.44956391532,7017.831660804484,0.10808072705581265
B2,97,4,-1,M0,encoding,1,205,14937.570428985617,19578.201237757108,9898.261184997138,0.1100505106197064
B2,97,4,-1,M0,encoding,2,205,14639.279886825194,19036.464221263715,10608.889150749408,0.07417419832561498
B2,97,4,-1,M0,maintenance,0,363,23170.224595295836,22242.626671905095,1239.5247220712529,0.28736635476457034
B2,97,4,-1,M0,maintenance,1,363,44744.955870096834,44343.72381045602,17727.213682129423,0.3296523530764555
B2,97,4,-1,M0,maintenance,2,363,35897.59793123133,34495.85058646574,2440.5689752214084,0.18188569171087762
B2,97,4,-1,M0,retrieval,0,410,70712.48644474742,53816.02165932671,136527.6797049194,0.8770044236037201
B2,97,4,-1,M0,retrieval,1,410,73207.07989897141,64677.580938485225,85594.51337407989,0.5393431657551389
B2,97,4,-1,M0,retrieval,2,410,74023.04978024977,53768.527323905226,136444.0805764141,0.3750594576723991
B2,98,4,-1,M0,encoding,0,205,6153.996462901839,2994.2156580920746,6564.477398185711,0.07632431543789191
B2,98,4,-1,M0,encoding,1,205,3210.1727045535213,3146.447389936235,4557.448998776237,0.023650509096715917
B2,98,4,-1,M0,encoding,2,205,6081.139734790237,5857.680941217055,6259.789944984506,0.030811875189301435
B2,98,4,-1,M0,maintenance,0,363,1603.3185116048878,1395.5546607995805,11397.381479152336,0.019884994826506578
B2,98,4,-1,M0,maintenance,1,363,5044.667152114444,4901.508118064833,801.5441573656542,0.037165896464620415
B2,98,4,-1,M0,maintenance,2,363,3376.688246405291,2977.2513580893906,11859.185481517432,0.01710897978650211
B2,98,4,-1,M0,retrieval,0,327,9180.87349409617,13954.27225498191,1625.0099752151878,0.11386485006661176
B2,98,4,-1,M0,retrieval,1,327,20917.557399002224,24821.72525361188,12897.310069818779,0.1541072481379114
B2,98,4,-1,M0,retrieval,2,327,14122.090677074933,20537.291901972883,795.5540541195163,0.07155370774735859
B2,99,4,1,M0,encoding,0,205,22632.45421390575,41734.61118209139,17552.03503814774,0.28069671228593013
B2,99,4,1,M0,encoding,1,205,14929.273568514947,29903.05358378617,11738.852154749919,0.10998938463300878
B2,99,4,1,M0,encoding,2,205,34363.109115768195,63886.21762889385,35119.25685622172,0.1741107547873044
B2,99,4,1,M0,maintenance,0,363,48224.096188328454,47254.794473276765,6994.190613624219,0.5980944499031526
B2,99,4,1,M0,maintenance,1,363,22927.522391095685,22965.19869733825,5878.177065017756,0.16891539078461623
B2,99,4,1,M0,maintenance,2,363,70887.76775299669,69824.5943173434,11902.338410042064,0.3591736331855336
B2,99,4,1,M0,retrieval,0,299,121799.3451987649,101873.30845407379,197679.56159185187,1.5106039951631187
B2,99,4,1,M0,retrieval,1,299,318023.5203393616,299685.213537347,345447.55159521237,2.3429948644466436
B2,99,4,1,M0,retrieval,2,299,130293.66276516825,108733.42877456994,206604.34043395406,0.6601709959252854
B2,84,4,-1,M1,encoding,0,205,3014.5071236198164,3288.75865297267,5832.047763170811,0.03738711810770846
B2,84,4,-1,M1,encoding,1,205,3517.0074621167887,9602.377679466934,3875.348277612032,0.0259110722790784
B2,84,4,-1,M1,encoding,2,205,1375.9681613239115,8346.392920691465,5928.226155248909,0.0069717456102211025
B2,84,4,-1,M1,maintenance,0,363,4696.127427377261,3052.7518363213417,8660.04206114866,0.058243242950234884
B2,84,4,-1,M1,maintenance,1,363,12963.005927976772,17017.16617249756,2518.367983864699,0.09550317625762665
B2,84,4,-1,M1,maintenance,2,363,5599.712916652174,8749.83930649066,5085.336175343036,0.02837258524034843
B2,84,4,-1,M1,retrieval,0,329,6610.689458494083,4636.8635740248665,15951.628352376252,0.08198840388252875
B2,84,4,-1,M1,retrieval,1,329,16792.960756082353,17437.44849347532,19178.256938741986,0.12371984552705163
B2,84,4,-1,M1,retrieval,2,329,16969.15089029128,11621.578489764635,30621.974975178855,0.08597917201422658
B2,85,4,-1,M1,encoding,0,205,150138.8014518163,223769.43111318018,156928.44567552826,1.8620812199934205
B2,85,4,-1,M1,encoding,1,205,307436.23021606077,350117.03711581114,272162.1284888832,2.264994450009276
B2,85,4,-1,M1,encoding,2,205,268866.748832873,333380.65510400507,257155.35903101505,1.362292114453032
B2,85,4,-1,M1,maintenance,0,362,137992.26282048164,177050.63997024306,81219.97556757422,1.7114350095892996
B2,85,4,-1,M1,maintenance,1,362,165625.1069989069,179765.60237490304,121593.05142181137,1.2202203620278422
B2,85,4,-1,M1,maintenance,2,362,195231.8748615194,231738.59145686252,109270.1239573276,0.9891994631848315
B2,85,4,-1,M1,retrieval,0,374,341502.09111388214,433085.9941914429,259222.74092344104,4.235444963610699
B2,85,4,-1,M1,retrieval,1,374,853299.6467115325,892119.0287685879,810163.7381051067,6.286568641042131
B2,85,4,-1,M1,retrieval,2,374,804483.3201883665,947292.2944835032,671110.878284523,4.076150316314643
B2,86,4,1,M1,encoding,0,205,21932.201765919006,1329.6982412450081,11936.138777707642,0.27201190249631
B2,86,4,1,M1,encoding,1,205,23737.614723055904,2872.0603277673754,15190.36140547676,0.17488363543358118
B2,86,4,1,M1,encoding,2,205,43385.290278403154,2515.566645924061,13490.729402294692,0.2198242775876423
B2,86,4,1,M1,maintenance,0,363,31808.667758655876,13424.2046201029,60210.70079891553,0.394503767804567
B2,86,4,1,M1,maintenance,1,363,37945.38896213244,20939.438263854383,50729.846038114796,0.2795574722675718
B2,86,4,1,M1,maintenance,2,363,58255.733743398385,23559.144008061478,91501.58173912638,0.2951697338730341
B2,86,4,1,M1,retrieval,0,304,53181.90695753276,20548.258633173416,85385.6324306072,0.6595831938943535
B2,86,4,1,M1,retrieval,1,304,39259.20409676809,28702.586434401615,45673.323262384765,0.28923682588896055
B2,86,4,1,M1,retrieval,2,304,80106.5808919565,34922.94968444403,116465.83302207707,0.40588344947310806
B2,87,4,-1,M1,encoding,0,205,8419.434301555524,27856.042214896657,8759.006272532732,0.10442117789868174
B2,87,4,-1,M1,encoding,1,205,8018.336200590162,14687.554319279623,2761.4720396772673,0.059073997166441995
B2,87,4,-1,M1,encoding,2,205,5394.577493345636,11886.38061547281,2285.6063223547403,0.027333206548938782
B2,87,4,-1,M1,maintenance,0,362,24829.967804936794,39124.78681248931,4745.692379802841,0.30795115117161964
B2,87,4,-1,M1,maintenance,1,362,38273.149984473544,43742.390130801105,17884.038871469984,0.28197220684849694
B2,87,4,-1,M1,maintenance,2,362,4268.721236915446,5342.134639409488,11548.879320081474,0.021628726144424976
B2,87,4,-1,M1,retrieval,0,275,128107.79892805543,78707.3775401624,151166.75872599275,1.588843951143314
B2,87,4,-1,M1,retrieval,1,275,190240.16044184327,173393.4767247783,200542.38922747754,1.4015684074281853
B2,87,4,-1,M1,retrieval,2,275,362543.0513433609,265173.8566965864,415872.2463777967,1.8369305320897151
B2,88,4,1,M1,encoding,0,205,41509.54848957236,107882.29041702441,67051.61816216448,0.5148179547553187
B2,88,4,1,M1,encoding,1,205,114137.72094475136,195925.02433970917,141873.46927774072,0.8408940751546596
B2,88,4,1,M1,encoding,2,205,106534.38213108825,244523.5274686289,182305.7217335995,0.5397876432296229
B2,88,4,1,M1,maintenance,0,363,485942.91291739873,584348.4406591511,393159.3616907937,6.026857570344883
B2,88,4,1,M1,maintenance,1,363,476934.64950006444,556972.3670065724,439467.6096303493,3.5137509114510728
B2,88,4,1,M1,maintenance,2,363,680254.0963908007,856949.223905544,586696.3547371518,3.4467065762512648
B2,88,4,1,M1,retrieval,0,277,615497.9049590918,754872.2012415635,517394.5585881786,7.633650186940101
B2,88,4,1,M1,retrieval,1,277,446570.49022903986,487390.69364163216,427193.29430782766,3.2900471138220984
B2,88,4,1,M1,retrieval,2,277,671528.2905129646,832788.5278087078,574401.5704915236,3.402494725618098
B2,89,4,-1,M1,encoding,0,205,278215.41297919315,200943.27093955936,282302.32525793975,3.450538372570724
B2,89,4,-1,M1,encoding,1,205,286882.95154111326,251469.1317704343,329413.92544035084,2.113570975633685
B2,89,4,-1,M1,encoding,2,205,502207.2231254912,432978.64579808945,537303.7327846868,2.544579955889149
B2,89,4,-1,M1,maintenance,0,362,176057.81337886324,125823.1070039259,227443.29647654077,2.1835391301634886
B2,89,4,-1,M1,maintenance,1,362,103301.48008940266,97327.04910942048,87142.99594081327,0.7610595501896626
B2,89,4,-1,M1,maintenance,2,362,206123.34567795516,156999.93340184347,257707.48756535002,1.0443842893949657
B2,89,4,-1,M1,retrieval,0,302,2628.3168839522646,15032.135476967776,2454.9691500819868,0.032597432925224226
B2,89,4,-1,M1,retrieval,1,302,203726.50794742667,224623.6315603437,184396.80708652642,1.5009272313038726
B2,89,4,-1,M1,retrieval,2,302,37284.36282110746,74309.22836961642,14080.318388058986,0.18891214210788407
B2,90,4,1,M1,encoding,0,205,8695.121142540393,3417.3153806588616,4203.988957006524,0.10784035591417952
B2,90,4,1,M1,encoding,1,205,18388.639226469306,1349.7284160307972,10682.646403068411,0.13547578879010083
B2,90,4,1,M1,encoding,2,205,19181.958635814983,4523.669232116179,4436.924616316776,0.09719101042716974
B2,90,4,1,M1,maintenance,0,363,29814.310725600524,16885.69590609734,61744.71606994738,0.3697689574737013
B2,90,4,1,M1,maintenance,1,363,62305.0750299092,42558.77337419694,81006.37917802627,0.4590241333982621
B2,90,4,1,M1,maintenance,2,363,41330.937017113734,18199.206424559783,73983.56827427367,0.20941529521885174
B2,90,4,1,M1,retrieval,0,300,86738.12735418962,42551.63363425075,126294.97122225711,1.075760805613386
B2,90,4,1,M1,retrieval,1,300,96903.6535754195,79401.90917305322,106475.77782819174,0.7139244368814167
B2,90,4,1,M1,retrieval,2,300,81170.22554856734,35189.213505443025,117037.25180663941,0.41127271658988995
B2,91,4,-1,M1,encoding,0,205,254991.92282555223,178675.7883103247,254761.47225138944,3.1625113971344305
B2,91,4,-1,M1,encoding,1,205,479655.63982514886,430985.34123185364,530846.792259946,3.5337974361580464
B2,91,4,-1,M1,encoding,2,205,417235.592890641,350098.86989020504,443787.0569712449,2.114046309301601
B2,91,4,-1,M1,maintenance,0,362,164975.42199882946,115396.410427915,207163.31956081578,2.0460908978489347
B2,91,4,-1,M1,maintenance,1,362,187789.02114768108,170164.32360964737,193273.44729606158,1.3835099733471559
B2,91,4,-1,M1,maintenance,2,362,214581.01821398785,163203.7397156657,276758.4640296274,1.087237563935155
B2,91,4,-1,M1,retrieval,0,269,9940.044112184656,32171.059953061413,1484.1530322019546,0.12328038647055094
B2,91,4,-1,M1,retrieval,1,269,113508.9094899756,129778.55975192098,99938.0045767138,0.8362613926169884
B2,91,4,-1,M1,retrieval,2,269,13040.998317349637,37109.63747794727,1676.1178875226208,0.06607603673358566
B2,92,4,-1,M1,encoding,0,205,17498.224731600563,1718.1775332120628,11752.881038791114,0.217019953142457
B2,92,4,-1,M1,encoding,1,205,18251.816522760317,9715.572475813131,22817.431038952676,0.134467766201747
B2,92,4,-1,M1,encoding,2,205,16864.087939575886,3639.1383961768297,12514.172681882164,0.08544683980913974
B2,92,4,-1,M1,maintenance,0,363,56312.16145115489,33884.99181322195,101122.32628265664,0.6984058569901717
B2,92,4,-1,M1,maintenance,1,363,59327.4452666959,48170.65561671575,80937.24625933668,0.43708685267139136
B2,92,4,-1,M1,maintenance,2,363,75050.21377208915,49904.354509140954,139045.4892323515,0.3802638848185862
B2,92,4,-1,M1,retrieval,0,346,3072.9984551850985,3575.5398492712807,13783.201620587079,0.03811255090047705
B2,92,4,-1,M1,retrieval,1,346,26652.20659359874,34159.801008810355,19765.058457177034,0.1963564930931428
B2,92,4,-1,M1,retrieval,2,346,2431.110747025568,13554.566954479431,3105.74797087737,0.012317934495104151
B2,93,4,1,M1,encoding,0,205,4737.670449411416,7684.410437327035,2021.4850958299817,0.058758476057223556
B2,93,4,1,M1,encoding,1,205,6220.986453895549,2414.741271146045,1887.4826772739107,0.04583226831058185
B2,93,4,1,M1,encoding,2,205,14460.874987426128,6874.747619755,2384.8396603557294,0.07327025766100642
B2,93,4,1,M1,maintenance,0,362,3842.275374792142,2979.3858826782775,7190.977587817053,0.04765342968146544
B2,93,4,1,M1,maintenance,1,362,15588.027968891854,5157.496443957218,23200.02191516652,0.1148426677341068
B2,93,4,1,M1,maintenance,2,362,11580.429399643983,1042.923953835636,16791.699326131602,0.058675636617755725
B2,93,4,1,M1,retrieval,0,271,7711.112995761549,535.8189362912121,17604.00855096387,0.09563629492048996
B2,93,4,1,M1,retrieval,1,271,27855.274465044884,18571.991814111865,32572.729256369235,0.2052199313739692
B2,93,4,1,M1,retrieval,2,271,13587.415642429856,167.04232806607737,26109.688105244397,0.06884462011694782
B2,94,4,-1,M1,encoding,0,205,16760.1059733691,48870.72947829302,23968.297245770416,0.20786551028999584
B2,94,4,-1,M1,encoding,1,205,32892.50223658875,49218.712337688805,25448.679749266877,0.24233101921797906
B2,94,4,-1,M1,encoding,2,205,48661.8085084047,80722.61378514799,48076.892822618756,0.24655930230788736
B2,94,4,-1,M1,maintenance,0,363,23599.449283116053,42815.03013951017,6851.765202148261,0.29268977031484084
B2,94,4,-1,M1,maintenance,1,363,30311.972524097924,38723.627334171266,14322.212685783423,0.22331931889636084
B2,94,4,-1,M1,maintenance,2,363,24736.550488502948,44446.15857318508,7541.693182230837,0.12533497658426968
B2,94,4,-1,M1,retrieval,0,378,12390.703215773094,30713.752246159882,968.5753559372689,0.1536744368377536
B2,94,4,-1,M1,retrieval,1,378,20470.282892492512,26585.99095999761,14189.89773528995,0.15081201428026492
B2,94,4,-1,M1,retrieval,2,378,3249.047411528131,12061.567790076157,2347.348272193727,0.016462250119891518
B2,95,4,1,M1,encoding,0,205,752.9607553995626,14073.95038650905,5811.273883699951,0.009338519213313084
B2,95,4,1,M1,encoding,1,205,545.1371891656612,10915.936518244795,4183.070068840679,0.004016223810336637
B2,95,4,1,M1,encoding,2,205,2784.1776241604975,19943.606223204224,9607.857742401124,0.014106851215685497
B2,95,4,1,M1,maintenance,0,362,96737.77995908933,86525.32219524954,151539.22984635213,1.1997804803542806
B2,95,4,1,M1,maintenance,1,362,208678.11106429793,196707.81486798968,248814.86091268327,1.5374074911954283
B2,95,4,1,M1,maintenance,2,362,189293.79913060006,163721.87896981282,266372.5263502295,0.9591124636641707
B2,95,4,1,M1,retrieval,0,265,483022.23824755126,371850.6215948117,574869.3054478362,5.99063419970489
B2,95,4,1,M1,retrieval,1,265,511083.05004303454,470021.89304830297,531030.253494793,3.7653345899660087
B2,95,4,1,M1,retrieval,2,265,684517.652618026,541636.040547029,787805.7158211964,3.4683091323616386
B2,96,4,1,M1,encoding,0,205,156848.65422639996,70067.34793188806,117606.27460936595,1.9452994868215514
B2,96,4,1,M1,encoding,1,205,256044.07343808134,157850.73924271791,216712.806033432,1.8863697518260985
B2,96,4,1,M1,encoding,2,205,263025.67269714153,111130.17393142021,163245.50399792366,1.332696591785508
B2,96,4,1,M1,maintenance,0,363,211836.33772132112,139339.08508638025,257411.24496518474,2.6272786406227437
B2,96,4,1,M1,maintenance,1,363,166709.55661318044,115820.48292143122,167456.62473530092,1.2282098964946098
B2,96,4,1,M1,maintenance,2,363,287732.5108671695,169137.2374485775,317932.3726455116,1.4578810222076493
B2,96,4,1,M1,retrieval,0,410,42683.92643037315,17186.831416720346,78046.21365948599,0.5293830577639604
B2,96,4,1,M1,retrieval,1,410,11100.713592869934,8758.390470563774,14072.746449446782,0.08178299174863951
B2,96,4,1,M1,retrieval,2,410,38746.41382262962,13619.298727387075,70547.43282456414,0.19632005163536478
B2,97,4,-1,M1,encoding,0,205,1020.6494339496537,12360.44956391532,7017.831660804484,0.012658500832408064
B2,97,4,-1,M1,encoding,1,205,9928.536518553903,19578.201237757108,9898.261184997138,0.0731471371979639
B2,97,4,-1,M1,encoding,2,205,4931.077979514551,19036.464221263715,10608.889150749408,0.02498475053685901
B2,97,4,-1,M1,maintenance,0,363,12541.392013091969,22242.626671905095,1239.5247220712529,0.1555433393255686
B2,97,4,-1,M1,maintenance,1,363,35886.35739147455,44343.72381045602,17727.213682129423,0.264387838302647
B2,97,4,-1,M1,maintenance,2,363,23025.106328376154,34495.85058646574,2440.5689752214084,0.11666344358962377
B2,97,4,-1,M1,retrieval,0,410,96264.85933931422,53816.02165932671,136527.6797049194,1.193915130450622
B2,97,4,-1,M1,retrieval,1,410,76353.77064783587,64677.580938485225,85594.51337407989,0.5625259802108868
B2,97,4,-1,M1,retrieval,2,410,98835.28515900722,53768.527323905226,136444.0805764141,0.500777913915736
B2,98,4,-1,M1,encoding,0,205,4584.6438608361905,2994.2156580920746,6564.477398185711,0.05686057935104107
B2,98,4,-1,M1,encoding,1,205,1281.1838162008958,3146.447389936235,4557.448998776237,0.009438946838169813
B2,98,4,-1,M1,encoding,2,205,1575.501683598785,5857.680941217055,6259.789944984506,0.007982740629664963
B2,98,4,-1,M1,maintenance,0,363,3432.196069484086,1395.5546607995805,11397.381479152336,0.04256746279123994
B2,98,4,-1,M1,maintenance,1,363,3373.0179083545318,4901.508118064833,801.5441573656542,0.024850248901490072
B2,98,4,-1,M1,maintenance,2,363,2534.4933836747937,2977.2513580893906,11859.185481517432,0.012841752896933184
B2,98,4,-1,M1,retrieval,0,327,4143.919184736612,13954.27225498191,1625.0099752151878,0.05139453636537036
B2,98,4,-1,M1,retrieval,1,327,18891.115744061062,24821.72525361188,12897.310069818779,0.13917771592733336
B2,98,4,-1,M1,retrieval,2,327,6757.4102932274545,20537.291901972883,795.5540541195163,0.0342383980040227
B2,99,4,1,M1,encoding,0,205,9138.989197948513,41734.61118209139,17552.03503814774,0.11334538434212865
B2,99,4,1,M1,encoding,1,205,6459.155762335474,29903.05358378617,11738.852154749919,0.04758694817183262
B2,99,4,1,M1,encoding,2,205,10983.82186253298,63886.21762889385,35119.25685622172,0.05565274982808143
B2,99,4,1,M1,maintenance,0,363,22518.767007422062,47254.794473276765,6994.190613624219,0.2792867182663979
B2,99,4,1,M1,maintenance,1,363,9110.608749086145,22965.19869733825,5878.177065017756,0.06712116603298128
B2,99,4,1,M1,maintenance,2,363,28755.455873832336,69824.5943173434,11902.338410042064,0.1456979375637631
B2,99,4,1,M1,retrieval,0,299,162530.79686371726,101873.30845407379,197679.56159185187,2.015771683162269
B2,99,4,1,M1,retrieval,1,299,331520.2162272217,299685.213537347,345447.55159521237,2.4424299286158275
B2,99,4,1,M1,retrieval,2,299,176286.8425845499,108733.42877456994,206604.34043395406,0.8932089095332294
B2,84,4,-1,M2,encoding,0,205,2308.4924626882184,3288.75865297267,5832.047763170811,0.028630843057899546
B2,84,4,-1,M2,encoding,1,205,4436.107338540287,9602.377679466934,3875.348277612032,0.032682415128424465
B2,84,4,-1,M2,encoding,2,205,2127.5195626292757,8346.392920691465,5928.226155248909,0.01077970085961059
B2,84,4,-1,M2,maintenance,0,363,2348.081806156936,3052.7518363213417,8660.04206114866,0.02912184586511609
B2,84,4,-1,M2,maintenance,1,363,12324.528365193097,17017.16617249756,2518.367983864699,0.09079927998897887
B2,84,4,-1,M2,maintenance,2,363,1676.1155297650428,8749.83930649066,5085.336175343036,0.008492530143734935
B2,84,4,-1,M2,retrieval,0,329,5937.159412945119,4636.8635740248665,15951.628352376252,0.07363501597220538
B2,84,4,-1,M2,retrieval,1,329,17947.486140025238,17437.44849347532,19178.256938741986,0.1322256536589939
B2,84,4,-1,M2,retrieval,2,329,17019.36650401024,11621.578489764635,30621.974975178855,0.08623360412563018
B2,85,4,-1,M2,encoding,0,205,160328.43812484015,223769.43111318018,156928.44567552826,1.9884571528230375
B2,85,4,-1,M2,encoding,1,205,310289.09210696287,350117.03711581114,272162.1284888832,2.286012520472198
B2,85,4,-1,M2,encoding,2,205,270668.33580979734,333380.65510400507,257155.35903101505,1.3714203824252493
B2,85,4,-1,M2,maintenance,0,362,121722.11744321352,177050.63997024306,81219.97556757422,1.5096461857768448
B2,85,4,-1,M2,maintenance,1,362,164432.06141101362,179765.60237490304,121593.05142181137,1.2114307615526894
B2,85,4,-1,M2,maintenance,2,362,173169.0038543548,231738.59145686252,109270.1239573276,0.8774114666187799
B2,85,4,-1,M2,retrieval,0,374,332442.63752254203,433085.9941914429,259222.74092344104,4.1230860115429335
B2,85,4,-1,M2,retrieval,1,374,842317.0661828198,892119.0287685879,810163.7381051067,6.205655978514257
B2,85,4,-1,M2,retrieval,2,374,795321.5568198427,947292.2944835032,671110.878284523,4.029729559394706
B2,86,4,1,M2,encoding,0,205,13720.079841352095,1329.6982412450081,11936.138777707642,0.1701618952752269
B2,86,4,1,M2,encoding,1,205,15520.368928047801,2872.0603277673754,15190.36140547676,0.11434419898858184
B2,86,4,1,M2,encoding,2,205,25260.799906176664,2515.566645924061,13490.729402294692,0.12799123977339105
B2,86,4,1,M2,maintenance,0,363,39217.74071186583,13424.2046201029,60210.70079891553,0.48639404180652823
B2,86,4,1,M2,maintenance,1,363,35284.266011231965,20939.438263854383,50729.846038114796,0.2599520122658475
B2,86,4,1,M2,maintenance,2,363,68409.79230077275,23559.144008061478,91501.58173912638,0.3466182449382824
B2,86,4,1,M2,retrieval,0,304,56865.6094769162,20548.258633173416,85385.6324306072,0.705269939859138
B2,86,4,1,M2,retrieval,1,304,46061.47327442461,28702.586434401615,45673.323262384765,0.33935161530084396
B2,86,4,1,M2,retrieval,2,304,92341.51008269156,34922.94968444403,116465.83302207707,0.4678753009377534
B2,87,4,-1,M2,encoding,0,205,9975.511579820199,27856.042214896657,8759.006272532732,0.12372026813182861
B2,87,4,-1,M2,encoding,1,205,8242.083235703125,14687.554319279623,2761.4720396772673,0.060722422898115636
B2,87,4,-1,M2,encoding,2,205,4345.055331203058,11886.38061547281,2285.6063223547403,0.022015495185830562
B2,87,4,-1,M2,maintenance,0,362,16634.638285216526,39124.78681248931,4745.692379802841,0.20630941004431824
B2,87,4,-1,M2,maintenance,1,362,36726.49984997387,43742.390130801105,17884.038871469984,0.27057747315596525
B2,87,4,-1,M2,maintenance,2,362,2129.588810672497,5342.134639409488,11548.879320081474,0.010790185310753635
B2,87,4,-1,M2,retrieval,0,275,119343.56977005409,78707.3775401624,151166.75872599275,1.480146490093776
B2,87,4,-1,M2,retrieval,1,275,192582.97752606703,173393.4767247783,200542.38922747754,1.4188287924173733
B2,87,4,-1,M2,retrieval,2,275,348206.3644279335,265173.8566965864,415872.2463777967,1.7642895096611333
B2,88,4,1,M2,encoding,0,205,54967.061026779906,107882.29041702441,67051.61816216448,0.6817233857368117
B2,88,4,1,M2,encoding,1,205,137013.28988883106,195925.02433970917,141873.46927774072,1.0094267060119004
B2,88,4,1,M2,encoding,2,205,138410.75968023136,244523.5274686289,182305.7217335995,0.7012986443520344
B2,88,4,1,M2,maintenance,0,363,454226.754152345,584348.4406591511,393159.3616907937,5.633501135927831
B2,88,4,1,M2,maintenance,1,363,488593.4372295137,556972.3670065724,439467.6096303493,3.5996454382037615
B2,88,4,1,M2,maintenance,2,363,646105.0362282677,856949.223905544,586696.3547371518,3.2736803631648774
B2,88,4,1,M2,retrieval,0,277,599070.7972323475,754872.2012415635,517394.5585881786,7.429914653547049
B2,88,4,1,M2,retrieval,1,277,425515.0400179718,487390.69364163216,427193.29430782766,3.1349239592186233
B2,88,4,1,M2,retrieval,2,277,634071.5142075425,832788.5278087078,574401.5704915236,3.21270900010458
B2,89,4,-1,M2,encoding,0,205,267172.7170847075,200943.27093955936,282302.32525793975,3.313582459479736
B2,89,4,-1,M2,encoding,1,205,285611.50065826136,251469.1317704343,329413.92544035084,2.1042037348530678
B2,89,4,-1,M2,encoding,2,205,504399.0126838184,432978.64579808945,537303.7327846868,2.555685299501965
B2,89,4,-1,M2,maintenance,0,362,181195.0825367312,125823.1070039259,227443.29647654077,2.2472535885740768
B2,89,4,-1,M2,maintenance,1,362,96938.30101619352,97327.04910942048,87142.99594081327,0.7141796971706966
B2,89,4,-1,M2,maintenance,2,362,205170.04005390135,156999.93340184347,257707.48756535002,1.0395540872969014
B2,89,4,-1,M2,retrieval,0,302,1882.54661388985,15032.135476967776,2454.9691500819868,0.02334809297522928
B2,89,4,-1,M2,retrieval,1,302,199630.02587227686,224623.6315603437,184396.80708652642,1.4707469589324091
B2,89,4,-1,M2,retrieval,2,302,36586.16305005242,74309.22836961642,14080.318388058986,0.18537450851596524
B2,90,4,1,M2,encoding,0,205,4356.6096244873215,3417.3153806588616,4203.988957006524,0.054032407919573755
B2,90,4,1,M2,encoding,1,205,11298.917023268328,1349.7284160307972,10682.646403068411,0.08324322846019969
B2,90,4,1,M2,encoding,2,205,8658.861572472715,4523.669232116179,4436.924616316776,0.04387265770693074
B2,90,4,1,M2,maintenance,0,363,39881.71542865361,16885.69590609734,61744.71606994738,0.49462892072340686
B2,90,4,1,M2,maintenance,1,363,60924.393170316725,42558.77337419694,81006.37917802627,0.4488521483104679
B2,90,4,1,M2,maintenance,2,363,52596.580449961984,18199.206424559783,73983.56827427367,0.2664959765579506
B2,90,4,1,M2,retrieval,0,300,91177.82486395029,42551.63363425075,126294.97122225711,1.1308237025822954
B2,90,4,1,M2,retrieval,1,300,107259.15140014027,79401.90917305322,106475.77782819174,0.7902171532069837
B2,90,4,1,M2,retrieval,2,300,92963.36487185383,35189.213505443025,117037.25180663941,0.47102611032302716
B2,91,4,-1,M2,encoding,0,205,243181.70177024356,178675.7883103247,254761.47225138944,3.0160363312726663
B2,91,4,-1,M2,encoding,1,205,476574.87972078804,430985.34123185364,530846.792259946,3.511100356723774
B2,91,4,-1,M2,encoding,2,205,417106.3044107469,350098.86989020504,443787.0569712449,2.1133912313590364
B2,91,4,-1,M2,maintenance,0,362,166615.9547905854,115396.410427915,207163.31956081578,2.06643743900134
B2,91,4,-1,M2,maintenance,1,362,179291.98558293004,170164.32360964737,193273.44729606158,1.3209092239749463
B2,91,4,-1,M2,maintenance,2,362,216367.8046684568,163203.7397156657,276758.4640296274,1.096290840726357
B2,91,4,-1,M2,retrieval,0,269,9354.901806988466,32171.059953061413,1484.1530322019546,0.11602321852333534
B2,91,4,-1,M2,retrieval,1,269,111096.16223265913,129778.55975192098,99938.0045767138,0.8184858066255251
B2,91,4,-1,M2,retrieval,2,269,12567.291375946534,37109.63747794727,1676.1178875226208,0.06367586180070005
B2,92,4,-1,M2,encoding,0,205,12364.83296217438,1718.1775332120628,11752.881038791114,0.15335358364779322
B2,92,4,-1,M2,encoding,1,205,16173.274633549292,9715.572475813131,22817.431038952676,0.11915439262874249
B2,92,4,-1,M2,encoding,2,205,13033.27891247382,3639.1383961768297,12514.172681882164,0.06603692410833077
B2,92,4,-1,M2,maintenance,0,363,65292.24782535099,33884.99181322195,101122.32628265664,0.8097804652167854
B2,92,4,-1,M2,maintenance,1,363,56515.970687807254,48170.65561671575,80937.24625933668,0.41637369757887144
B2,92,4,-1,M2,maintenance,2,363,84960.90990217324,49904.354509140954,139045.4892323515,0.4304793288828357
B2,92,4,-1,M2,retrieval,0,346,2748.2775632068247,3575.5398492712807,13783.201620587079,0.03408523305295642
B2,92,4,-1,M2,retrieval,1,346,24898.44017632602,34159.801008810355,19765.058457177034,0.18343585846610572
B2,92,4,-1,M2,retrieval,2,346,1352.309010589003,13554.566954479431,3105.74797087737,0.006851869594980345
B2,93,4,1,M2,encoding,0,205,1483.6202732214074,7684.410437327035,2021.4850958299817,0.01840044959499489
B2,93,4,1,M2,encoding,1,205,2288.9203235124173,2414.741271146045,1887.4826772739107,0.016863307963493966
B2,93,4,1,M2,encoding,2,205,4452.742077474099,6874.747619755,2384.8396603557294,0.022561121619418794
B2,93,4,1,M2,maintenance,0,362,1886.5999825203448,2979.3858826782775,7190.977587817053,0.023398364467552175
B2,93,4,1,M2,maintenance,1,362,13252.20744928258,5157.496443957218,23200.02191516652,0.09763382897943353
B2,93,4,1,M2,maintenance,2,362,8932.783218200757,1042.923953835636,16791.699326131602,0.04526056193671434
B2,93,4,1,M2,retrieval,0,271,6828.363291853659,535.8189362912121,17604.00855096387,0.08468808146929119
B2,93,4,1,M2,retrieval,1,271,33252.572189921404,18571.991814111865,32572.729256369235,0.24498378543665272
B2,93,4,1,M2,retrieval,2,271,15974.572074685211,167.04232806607737,26109.688105244397,0.08093984720525076
B2,94,4,-1,M2,encoding,0,205,21298.668781587086,48870.72947829302,23968.297245770416,0.2641545740711232
B2,94,4,-1,M2,encoding,1,205,34606.72014873244,49218.712337688805,25448.679749266877,0.25496028563327194
B2,94,4,-1,M2,encoding,2,205,50299.25208759442,80722.61378514799,48076.892822618756,0.2548558896898343
B2,94,4,-1,M2,maintenance,0,363,17826.885701066647,42815.03013951017,6851.765202148261,0.221096137400422
B2,94,4,-1,M2,maintenance,1,363,30722.30630023057,38723.627334171266,14322.212685783423,0.22634239696669306
B2,94,4,-1,M2,maintenance,2,363,19721.611308566902,44446.15857318508,7541.693182230837,0.09992531871863654
B2,94,4,-1,M2,retrieval,0,378,9155.670685711795,30713.752246159882,968.5753559372689,0.11355227479806136
B2,94,4,-1,M2,retrieval,1,378,18685.895454382993,26585.99095999761,14189.89773528995,0.13766578346308395
B2,94,4,-1,M2,retrieval,2,378,1294.8699397391883,12061.567790076157,2347.348272193727,0.0065608377227987435
B2,95,4,1,M2,encoding,0,205,1193.110274509276,14073.95038650905,5811.273883699951,0.014797428872894744
B2,95,4,1,M2,encoding,1,205,1812.8174457964042,10915.936518244795,4183.070068840679,0.013355685017095113
B2,95,4,1,M2,encoding,2,205,1725.2180302683269,19943.606223204224,9607.857742401124,0.008741322341081471
B2,95,4,1,M2,maintenance,0,362,117688.43410077826,86525.32219524954,151539.22984635213,1.4596188382376452
B2,95,4,1,M2,maintenance,1,362,218065.8807367121,196707.81486798968,248814.86091268327,1.60657060248859
B2,95,4,1,M2,maintenance,2,362,223591.3673808438,163721.87896981282,266372.5263502295,1.1328911364641487
B2,95,4,1,M2,retrieval,0,265,494626.7814218412,371850.6215948117,574869.3054478362,6.13455836655914
B2,95,4,1,M2,retrieval,1,265,532602.0761033848,470021.89304830297,531030.253494793,3.9238730763442877
B2,95,4,1,M2,retrieval,2,265,720046.1724746136,541636.040547029,787805.7158211964,3.6483247819312434
B2,96,4,1,M2,encoding,0,205,131433.3258029498,70067.34793188806,117606.27460936595,1.6300884600939964
B2,96,4,1,M2,encoding,1,205,224117.31762103052,157850.73924271791,216712.806033432,1.6511537374949292
B2,96,4,1,M2,encoding,2,205,212092.97052268533,111130.17393142021,163245.50399792366,1.074631141739187
B2,96,4,1,M2,maintenance,0,363,218509.9217130056,139339.08508638025,257411.24496518474,2.7100470875585114
B2,96,4,1,M2,maintenance,1,363,147915.87758616995,115820.48292143122,167456.62473530092,1.0897500322765286
B2,96,4,1,M2,maintenance,2,363,286079.22677044966,169137.2374485775,317932.3726455116,1.4495041742051025
B2,96,4,1,M2,retrieval,0,410,50243.54507492232,17186.831416720346,78046.21365948599,0.623140459396374
B2,96,4,1,M2,retrieval,1,410,14066.479055428503,8758.390470563774,14072.746449446782,0.10363286386034039
B2,96,4,1,M2,retrieval,2,410,51859.35344965985,13619.298727387075,70547.43282456414,0.26276060008081786
B2,97,4,-1,M2,encoding,0,205,2449.5808073984776,12360.44956391532,7017.831660804484,0.030380676908339906
B2,97,4,-1,M2,encoding,1,205,11533.154923052296,19578.201237757108,9898.261184997138,0.08496894420495645
B2,97,4,-1,M2,encoding,2,205,6526.758273385847,19036.464221263715,10608.889150749408,0.03306973200431516
B2,97,4,-1,M2,maintenance,0,363,6524.88374468013,22242.626671905095,1239.5247220712529,0.08092420724104718
B2,97,4,-1,M2,maintenance,1,363,35970.99896206867,44343.72381045602,17727.213682129423,0.2650114235173793
B2,97,4,-1,M2,maintenance,2,363,14286.47016134245,34495.85058646574,2440.5689752214084,0.07238658453918043
B2,97,4,-1,M2,retrieval,0,410,96946.86176999637,53816.02165932671,136527.6797049194,1.2023735962561495
B2,97,4,-1,M2,retrieval,1,410,78148.66945420846,64677.580938485225,85594.51337407989,0.5757496520985659
B2,97,4,-1,M2,retrieval,2,410,95561.61239548239,53768.527323905226,136444.0805764141,0.4841908922389808
B2,98,4,-1,M2,encoding,0,205,3742.6120139899595,2994.2156580920746,6564.477398185711,0.04641736498215631
B2,98,4,-1,M2,encoding,1,205,1913.059855568426,3146.447389936235,4557.448998776237,0.014094207284394644
B2,98,4,-1,M2,encoding,2,205,2471.612890793267,5857.680941217055,6259.789944984506,0.012523150466631655
B2,98,4,-1,M2,maintenance,0,363,2573.118760748863,1395.5546607995805,11397.381479152336,0.03191284381433458
B2,98,4,-1,M2,maintenance,1,363,2795.97334253977,4901.508118064833,801.5441573656542,0.020598951850196178
B2,98,4,-1,M2,maintenance,2,363,1107.3752042966478,2977.2513580893906,11859.185481517432,0.005610840742124871
B2,98,4,-1,M2,retrieval,0,327,1987.2225138956208,13954.27225498191,1625.0099752151878,0.024646325182372673
B2,98,4,-1,M2,retrieval,1,327,17298.158297419992,24821.72525361188,12897.310069818779,0.12744181943521432
B2,98,4,-1,M2,retrieval,2,327,4477.129776373287,20537.291901972883,795.5540541195163,0.022684689037272575
B2,99,4,1,M2,encoding,0,205,13455.278083103813,41734.61118209139,17552.03503814774,0.16687771839165422
B2,99,4,1,M2,encoding,1,205,11294.499772951493,29903.05358378617,11738.852154749919,0.08321068497160401
B2,99,4,1,M2,encoding,2,205,18947.90415980169,63886.21762889385,35119.25685622172,0.0960051048869367
B2,99,4,1,M2,maintenance,0,363,15744.599742717923,47254.794473276765,6994.190613624219,0.19527079751357387
B2,99,4,1,M2,maintenance,1,363,10949.75716174156,22965.19869733825,5878.177065017756,0.08067084085328577
B2,99,4,1,M2,maintenance,2,363,20265.75668999105,69824.5943173434,11902.338410042064,0.10268239063417833
B2,99,4,1,M2,retrieval,0,299,162827.0598989884,101873.30845407379,197679.56159185187,2.0194460553353664
B2,99,4,1,M2,retrieval,1,299,348532.4031848975,299685.213537347,345447.55159521237,2.567764893250854
B2,99,4,1,M2,retrieval,2,299,184508.10950080468,108733.42877456994,206604.34043395406,0.9348643657748239
B2,84,4,-1,M3,encoding,0,205,2769.868140000765,3288.75865297267,5832.047763170811,0.03435300798647169
B2,84,4,-1,M3,encoding,1,205,6246.164254437259,9602.377679466934,3875.348277612032,0.04601776231839715
B2,84,4,-1,M3,encoding,2,205,4799.175253307298,8346.392920691465,5928.226155248909,0.024316426749826897
B2,84,4,-1,M3,maintenance,0,363,750.9037404173413,3052.7518363213417,8660.04206114866,0.009313007294138292
B2,84,4,-1,M3,maintenance,1,363,13249.03327358673,17017.16617249756,2518.367983864699,0.09761044367338358
B2,84,4,-1,M3,maintenance,2,363,2625.364749671906,8749.83930649066,5085.336175343036,0.013302179282363207
B2,84,4,-1,M3,retrieval,0,329,4652.441617639918,4636.8635740248665,15951.628352376252,0.057701434136620385
B2,84,4,-1,M3,retrieval,1,329,15079.440278796712,17437.44849347532,19178.256938741986,0.11109571736785044
B2,84,4,-1,M3,retrieval,2,329,11266.896918147097,11621.578489764635,30621.974975178855,0.05708703248942002
B2,85,4,-1,M3,encoding,0,205,174286.99546970174,223769.43111318018,156928.44567552826,2.1615767410888975
B2,85,4,-1,M3,encoding,1,205,319884.11366411846,350117.03711581114,272162.1284888832,2.3567025317288524
B2,85,4,-1,M3,encoding,2,205,290718.9612058571,333380.65510400507,257155.35903101505,1.4730127473624346
B2,85,4,-1,M3,maintenance,0,362,132976.37626133018,177050.63997024306,81219.97556757422,1.6492259865180001
B2,85,4,-1,M3,maintenance,1,362,167588.04778049234,179765.60237490304,121593.05142181137,1.234682060224126
B2,85,4,-1,M3,maintenance,2,362,193000.375695301,231738.59145686252,109270.1239573276,0.977892919215583
B2,85,4,-1,M3,retrieval,0,374,340531.8144578548,433085.9941914429,259222.74092344104,4.223411206034937
B2,85,4,-1,M3,retrieval,1,374,898681.6097770627,892119.0287685879,810163.7381051067,6.620914057656541
B2,85,4,-1,M3,retrieval,2,374,862987.191735905,947292.2944835032,671110.878284523,4.372577313033847
B2,86,4,1,M3,encoding,0,205,11939.832753675732,1329.6982412450081,11936.138777707642,0.14808256177279444
B2,86,4,1,M3,encoding,1,205,13997.882107048445,2872.0603277673754,15190.36140547676,0.10312748520910199
B2,86,4,1,M3,encoding,2,205,23036.522819015503,2515.566645924061,13490.729402294692,0.11672128858250681
B2,86,4,1,M3,maintenance,0,363,42845.22824594509,13424.2046201029,60210.70079891553,0.5313835871316052
B2,86,4,1,M3,maintenance,1,363,41091.68429466826,20939.438263854383,50729.846038114796,0.30273737354750707
B2,86,4,1,M3,maintenance,2,363,80093.38433519057,23559.144008061478,91501.58173912638,0.4058165852539429
B2,86,4,1,M3,retrieval,0,304,67219.24217871476,20548.258633173416,85385.6324306072,0.8336798167617194
B2,86,4,1,M3,retrieval,1,304,50794.59635750696,28702.586434401615,45673.323262384765,0.3742222533738458
B2,86,4,1,M3,retrieval,2,304,118220.52449907069,34922.94968444403,116465.83302207707,0.5989989055570956
B2,87,4,-1,M3,encoding,0,205,12961.976334589986,27856.042214896657,8759.006272532732,0.16075959361101708
B2,87,4,-1,M3,encoding,1,205,9424.791280177888,14687.554319279623,2761.4720396772673,0.06943586293357933
B2,87,4,-1,M3,encoding,2,205,5578.370947310625,11886.38061547281,2285.6063223547403,0.028264449903170837
B2,87,4,-1,M3,maintenance,0,362,20364.970050247717,39124.78681248931,4745.692379802841,0.2525744704873292
B2,87,4,-1,M3,maintenance,1,362,37831.391503565195,43742.390130801105,17884.038871469984,0.2787176115563326
B2,87,4,-1,M3,maintenance,2,362,1951.7025142138752,5342.134639409488,11548.879320081474,0.009888872299803852
B2,87,4,-1,M3,retrieval,0,275,110176.65957469716,78707.3775401624,151166.75872599275,1.3664548184200922
B2,87,4,-1,M3,retrieval,1,275,168090.8083846195,173393.4767247783,200542.38922747754,1.2383860803301199
B2,87,4,-1,M3,retrieval,2,275,302873.49854334147,265173.8566965864,415872.2463777967,1.5345972699616657
B2,88,4,1,M3,encoding,0,205,61859.10605321403,107882.29041702441,67051.61816216448,0.7672012734445453
B2,88,4,1,M3,encoding,1,205,143374.87967340605,195925.02433970917,141873.46927774072,1.0562948501638492
B2,88,4,1,M3,encoding,2,205,147004.80261141303,244523.5274686289,182305.7217335995,0.7448428794322043
B2,88,4,1,M3,maintenance,0,363,444395.5105498815,584348.4406591511,393159.3616907937,5.511570136717058
B2,88,4,1,M3,maintenance,1,363,470711.0488288258,556972.3670065724,439467.6096303493,3.467899383251151
B2,88,4,1,M3,maintenance,2,363,618561.8296628876,856949.223905544,586696.3547371518,3.1341246417019315
B2,88,4,1,M3,retrieval,0,277,566337.2389302038,754872.2012415635,517394.5585881786,7.0239400248129655
B2,88,4,1,M3,retrieval,1,277,410611.7481879131,487390.69364163216,427193.29430782766,3.0251259914962487
B2,88,4,1,M3,retrieval,2,277,571308.5478552488,832788.5278087078,574401.5704915236,2.8947020523783733
B2,89,4,-1,M3,encoding,0,205,254972.2221546474,200943.27093955936,282302.32525793975,3.1622670615665536
B2,89,4,-1,M3,encoding,1,205,278767.7949489902,251469.1317704343,329413.92544035084,2.0537836674520915
B2,89,4,-1,M3,encoding,2,205,485502.51844121196,432978.64579808945,537303.7327846868,2.459940678014718
B2,89,4,-1,M3,maintenance,0,362,163066.12251862904,125823.1070039259,227443.29647654077,2.022411005169324
B2,89,4,-1,M3,maintenance,1,362,93612.87438214148,97327.04910942048,87142.99594081327,0.689680070484709
B2,89,4,-1,M3,maintenance,2,362,178909.71211075608,156999.93340184347,257707.48756535002,0.9064984460352344
B2,89,4,-1,M3,retrieval,0,302,2967.1071699710283,15032.135476967776,2454.9691500819868,0.03679924500185918
B2,89,4,-1,M3,retrieval,1,302,225603.3271652064,224623.6315603437,184396.80708652642,1.6621017099178728
B2,89,4,-1,M3,retrieval,2,302,51709.461777807715,74309.22836961642,14080.318388058986,0.2620011300330237
B2,90,4,1,M3,encoding,0,205,3818.031314624654,3417.3153806588616,4203.988957006524,0.04735274519019649
B2,90,4,1,M3,encoding,1,205,9910.371549715637,1349.7284160307972,10682.646403068411,0.07301330927021982
B2,90,4,1,M3,encoding,2,205,7836.479124138045,4523.669232116179,4436.924616316776,0.03970581621651168
B2,90,4,1,M3,maintenance,0,363,44972.47797788819,16885.69590609734,61744.71606994738,0.5577665856488706
B2,90,4,1,M3,maintenance,1,363,69019.82337076377,42558.77337419694,81006.37917802627,0.5084941249947504
B2,90,4,1,M3,maintenance,2,363,64191.291321839766,18199.206424559783,73983.56827427367,0.32524397443678205
B2,90,4,1,M3,retrieval,0,300,104011.98240051846,42551.63363425075,126294.97122225711,1.2899980365465256
B2,90,4,1,M3,retrieval,1,300,114523.9773384288,79401.90917305322,106475.77782819174,0.843739766397182
B2,90,4,1,M3,retrieval,2,300,118776.49893535094,35189.213505443025,117037.25180663941,0.6018159128429347
B2,91,4,-1,M3,encoding,0,205,229925.15815316292,178675.7883103247,254761.47225138944,2.8516233968900018
B2,91,4,-1,M3,encoding,1,205,466175.71228126227,430985.34123185364,530846.792259946,3.4344859104736054
B2,91,4,-1,M3,encoding,2,205,397572.8220176665,350098.86989020504,443787.0569712449,2.0144191228799717
B2,91,4,-1,M3,maintenance,0,362,148607.13285435943,115396.410427915,207163.31956081578,1.8430848559422965
B2,91,4,-1,M3,maintenance,1,362,172282.36866948765,170164.32360964737,193273.44729606158,1.269266828430087
B2,91,4,-1,M3,maintenance,2,362,188681.58018523653,163203.7397156657,276758.4640296274,0.9560104771031404
B2,91,4,-1,M3,retrieval,0,269,11084.896294836108,32171.059953061413,1484.1530322019546,0.13747929926570798
B2,91,4,-1,M3,retrieval,1,269,128831.3445208995,129778.55975192098,99938.0045767138,0.9491473406436087
B2,91,4,-1,M3,retrieval,2,269,21494.701193105822,37109.63747794727,1676.1178875226208,0.10890919782755994
B2,92,4,-1,M3,encoding,0,205,7485.988501656596,1718.1775332120628,11752.881038791114,0.09284421127136155
B2,92,4,-1,M3,encoding,1,205,13072.53812006709,9715.572475813131,22817.431038952676,0.09631013972776666
B2,92,4,-1,M3,encoding,2,205,7272.288716062954,3639.1383961768297,12514.172681882164,0.036847180303714255
B2,92,4,-1,M3,maintenance,0,363,56937.81194011472,33884.99181322195,101122.32628265664,0.7061654235679404
B2,92,4,-1,M3,maintenance,1,363,52678.85230133348,48170.65561671575,80937.24625933668,0.38810425177125224
B2,92,4,-1,M3,maintenance,2,363,69124.40948114633,49904.354509140954,139045.4892323515,0.35023906214197725
B2,92,4,-1,M3,retrieval,0,346,2803.0204262495768,3575.5398492712807,13783.201620587079,0.034764175845991126
B2,92,4,-1,M3,retrieval,1,346,35263.39782435227,34159.801008810355,19765.058457177034,0.2597982687482698
B2,92,4,-1,M3,retrieval,2,346,5759.175434898268,13554.566954479431,3105.74797087737,0.02918054878400146
B2,93,4,1,M3,encoding,0,205,1186.318564590607,7684.410437327035,2021.4850958299817,0.01471319538115973
B2,93,4,1,M3,encoding,1,205,1614.0829358493772,2414.741271146045,1887.4826772739107,0.01189153564947184
B2,93,4,1,M3,encoding,2,205,3345.7928854968327,6874.747619755,2384.8396603557294,0.016952439393458054
B2,93,4,1,M3,maintenance,0,362,2067.2452397281986,2979.3858826782775,7190.977587817053,0.025638798903387064
B2,93,4,1,M3,maintenance,1,362,16833.57143282016,5157.496443957218,23200.02191516652,0.1240190391430988
B2,93,4,1,M3,maintenance,2,362,11920.16461792296,1042.923953835636,16791.699326131602,0.06039700458487134
B2,93,4,1,M3,retrieval,0,271,10006.564676538257,535.8189362912121,17604.00855096387,0.1241054010066231
B2,93,4,1,M3,retrieval,1,271,37187.99098630692,18571.991814111865,32572.729256369235,0.2739774460927536
B2,93,4,1,M3,retrieval,2,271,26874.59568629756,167.04232806607737,26109.688105244397,0.1361680086566375
B2,94,4,-1,M3,encoding,0,205,28606.232529570116,48870.72947829302,23968.297245770416,0.3547858904759694
B2,94,4,-1,M3,encoding,1,205,38931.14443539393,49218.712337688805,25448.679749266877,0.2868198911257345
B2,94,4,-1,M3,encoding,2,205,61065.647775353944,80722.61378514799,48076.892822618756,0.3094069861351329
B2,94,4,-1,M3,maintenance,0,363,23362.28952601582,42815.03013951017,6851.765202148261,0.2897484205400708
B2,94,4,-1,M3,maintenance,1,363,33157.356890270275,38723.627334171266,14322.212685783423,0.24428229971678747
B2,94,4,-1,M3,maintenance,2,363,29349.606761290408,44446.15857318508,7541.693182230837,0.14870837701859702
B2,94,4,-1,M3,retrieval,0,378,10315.544717571433,30713.752246159882,968.5753559372689,0.12793749455071146
B2,94,4,-1,M3,retrieval,1,378,27445.23345449272,26585.99095999761,14189.89773528995,0.20219901021407807
B2,94,4,-1,M3,retrieval,2,378,4286.414128332309,12061.567790076157,2347.348272193727,0.02171837235974797
B2,95,4,1,M3,encoding,0,205,3480.007439727502,14073.95038650905,5811.273883699951,0.043160438449574255
B2,95,4,1,M3,encoding,1,205,3326.591936249244,10915.936518244795,4183.070068840679,0.02450821189082004
B2,95,4,1,M3,encoding,2,205,4888.375603924973,19943.606223204224,9607.857742401124,0.02476838644651829
B2,95,4,1,M3,maintenance,0,362,129034.40193309914,86525.32219524954,151539.22984635213,1.6003360507031676
B2,95,4,1,M3,maintenance,1,362,233635.12839524954,196707.81486798968,248814.86091268327,1.7212749088503492
B2,95,4,1,M3,maintenance,2,362,250892.9895455063,163721.87896981282,266372.5263502295,1.2712227998183807
B2,95,4,1,M3,retrieval,0,265,525617.7523414785,371850.6215948117,574869.3054478362,6.518920732455199
B2,95,4,1,M3,retrieval,1,265,551075.1783047507,470021.89304830297,531030.253494793,4.059971134569704
B2,95,4,1,M3,retrieval,2,265,790649.4674860459,541636.040547029,787805.7158211964,4.006057050670291
B2,96,4,1,M3,encoding,0,205,122205.97524552573,70067.34793188806,117606.27460936595,1.5156471829749074
B2,96,4,1,M3,encoding,1,205,215589.66067111745,157850.73924271791,216712.806033432,1.5883273892484595
B2,96,4,1,M3,encoding,2,205,200645.00295492288,111130.17393142021,163245.50399792366,1.0166266617810833
B2,96,4,1,M3,maintenance,0,363,219346.79271506876,139339.08508638025,257411.24496518474,2.7204262950746907
B2,96,4,1,M3,maintenance,1,363,151311.34286119856,115820.48292143122,167456.62473530092,1.1147656590871164
B2,96,4,1,M3,maintenance,2,363,295700.03678351874,169137.2374485775,317932.3726455116,1.4982508253709617
B2,96,4,1,M3,retrieval,0,410,61641.94492030903,17186.831416720346,78046.21365948599,0.764507954573043
B2,96,4,1,M3,retrieval,1,410,15353.284078562954,8758.390470563774,14072.746449446782,0.11311322417309615
B2,96,4,1,M3,retrieval,2,410,73631.44441152432,13619.298727387075,70547.43282456414,0.37307527439905663
B2,97,4,-1,M3,encoding,0,205,5761.209611513205,12360.44956391532,7017.831660804484,0.0714528164492321
B2,97,4,-1,M3,encoding,1,205,14578.535895638759,19578.201237757108,9898.261184997138,0.10740537271640598
B2,97,4,-1,M3,encoding,2,205,11943.513584034818,19036.464221263715,10608.889150749408,0.06051530895888893
B2,97,4,-1,M3,maintenance,0,363,8985.888495188492,22242.626671905095,1239.5247220712529,0.11144656844230463
B2,97,4,-1,M3,maintenance,1,363,38504.692229450055,44343.72381045602,17727.213682129423,0.28367806272451357
B2,97,4,-1,M3,maintenance,2,363,20607.66100556585,34495.85058646574,2440.5689752214084,0.10441474896791389
B2,97,4,-1,M3,retrieval,0,410,90577.52640997949,53816.02165932671,136527.6797049194,1.123378562040869
B2,97,4,-1,M3,retrieval,1,410,63560.14943526444,64677.580938485225,85594.51337407989,0.46827072271690057
B2,97,4,-1,M3,retrieval,2,410,72776.80621196449,53768.527323905226,136444.0805764141,0.3687449996996947
B2,98,4,-1,M3,encoding,0,205,3686.4376174100494,2994.2156580920746,6564.477398185711,0.04572066773997483
B2,98,4,-1,M3,encoding,1,205,2679.9923577479694,3146.447389936235,4557.448998776237,0.019744477780320232
B2,98,4,-1,M3,encoding,2,205,4203.10925031921,5857.680941217055,6259.789944984506,0.021296283801362285
B2,98,4,-1,M3,maintenance,0,363,901.2118205603763,1395.5546607995805,11397.381479152336,0.011177187975888537
B2,98,4,-1,M3,maintenance,1,363,3040.547655122626,4901.508118064833,801.5441573656542,0.022400819704956467
B2,98,4,-1,M3,maintenance,2,363,309.68966686664896,2977.2513580893906,11859.185481517432,0.001569133382731037
B2,98,4,-1,M3,retrieval,0,327,2275.617018278628,13954.27225498191,1625.0099752151878,0.028223108701143806
B2,98,4,-1,M3,retrieval,1,327,25738.227835436064,24821.72525361188,12897.310069818779,0.1896228793833664
B2,98,4,-1,M3,retrieval,2,327,10041.913558458462,20537.291901972883,795.5540541195163,0.050880295589137425
B2,99,4,1,M3,encoding,0,205,15561.784671091718,41734.61118209139,17552.03503814774,0.1930034521750262
B2,99,4,1,M3,encoding,1,205,12605.821683592814,29903.05358378617,11738.852154749919,0.09287167010562938
B2,99,4,1,M3,encoding,2,205,21584.02168469598,63886.21762889385,35119.25685622172,0.10936176625366899
B2,99,4,1,M3,maintenance,0,363,14719.788572228952,47254.794473276765,6994.190613624219,0.18256068116687182
B2,99,4,1,M3,maintenance,1,363,9274.097481630382,22965.19869733825,5878.177065017756,0.06832564694790634
B2,99,4,1,M3,maintenance,2,363,16545.222228916,69824.5943173434,11902.338410042064,0.08383121331353525
B2,99,4,1,M3,retrieval,0,299,173988.1675221106,101873.30845407379,197679.56159185187,2.1578705578515325
B2,99,4,1,M3,retrieval,1,299,357017.181282384,299685.213537347,345447.55159521237,2.630275337406577
B2,99,4,1,M3,retrieval,2,299,210208.78290129115,108733.42877456994,206604.34043395406,1.0650843534140497
